id,cep,type,name,neighborhood,id_city,id_federative_unit
01a02d94-c222-783c-8567-cf09d0198b31,69311140,alameda,Alameda 1,Cauamé,52d99a8c-b151-45dd-8e7f-88e56a303202,RR
01a02d94-c222-783c-8568-98e2815990ef,69311142,alameda,Alameda 10,Cauamé,52d99a8c-b151-45dd-8e7f-88e56a303202,RR
01a02d94-c222-783c-8569-d4b91ebed724,69311144,alameda,Alameda 11,Cauamé,52d99a8c-b151-45dd-8e7f-88e56a303202,RR
01a02d94-c222-783c-856a-a5111644d59c,69311146,alameda,Alameda 12,Cauamé,52d99a8c-b151-45dd-8e7f-88e56a303202,RR
01a02d94-c223-710b-917a-718ab2aa7ba0,69311148,alameda,Alameda 13,Cauamé,52d99a8c-b151-45dd-8e7f-88e56a303202,RR
01a02d94-9a95-7cd2-90b7-6cea06360828,69306555,alameda,Alameda 13 de Maio,Canarinho,52d99a8c-b151-45dd-8e7f-88e56a303202,RR
01a02d94-c223-710b-917b-11b59f668811,69311150,alameda,Alameda 14,Cauamé,52d99a8c-b151-45dd-8e7f-88e56a303202,RR
01a02d94-c223-710b-917c-e8fc025b34d9,69311152,alameda,Alameda 15,Cauamé,52d99a8c-b151-45dd-8e7f-88e56a303202,RR
01a02d94-c223-710b-917d-d69484b459e3,69311154,alameda,Alameda 16,Cauamé,52d99a8c-b151-45dd-8e7f-88e56a303202,RR
01a02d94-c223-710b-917e-e38bf4e9dcba,69311156,alameda,Alameda 17,Cauamé,52d99a8c-b151-45dd-8e7f-88e56a303202,RR
01a02d94-c223-710b-917f-6f6d1cc735d5,69311158,alameda,Alameda 18,Cauamé,52d99a8c-b151-45dd-8e7f-88e56a303202,RR
01a02d94-c223-710b-9180-a8b3e5b567d2,69311160,alameda,Alameda 19,Cauamé,52d99a8c-b151-45dd-8e7f-88e56a303202,RR
01a02d94-c223-710b-9181-3d19ca735c14,69311162,alameda,Alameda 2,Cauamé,52d99a8c-b151-45dd-8e7f-88e56a303202,RR
01a02d94-c223-710b-9182-160b2b3bc695,69311164,alameda,Alameda 20,Cauamé,52d99a8c-b151-45dd-8e7f-88e56a303202,RR
01a02d94-c223-710b-9183-2d028b16e3e2,69311166,alameda,Alameda 3,Cauamé,52d99a8c-b151-45dd-8e7f-88e56a303202,RR
01a02d94-c223-79bf-9184-b6d7a6d1bc8b,69311168,alameda,Alameda 4,Cauamé,52d99a8c-b151-45dd-8e7f-88e56a303202,RR
01a02d94-c223-79bf-9185-e0f9245d840b,69311170,alameda,Alameda 5,Cauamé,52d99a8c-b151-45dd-8e7f-88e56a303202,RR
01a02d94-c223-79bf-9186-6b04c83eff1e,69311172,alameda,Alameda 6,Cauamé,52d99a8c-b151-45dd-8e7f-88e56a303202,RR
01a02d94-c223-79bf-9187-6456fcc256d5,69311174,alameda,Alameda 7,Cauamé,52d99a8c-b151-45dd-8e7f-88e56a303202,RR
01a02d94-c223-79bf-9188-bb3f0b2af95c,69311176,alameda,Alameda 8,Cauamé,52d99a8c-b151-45dd-8e7f-88e56a303202,RR
01a02d94-c223-79bf-9189-fdafc7d3d556,69311178,alameda,Alameda 9,Cauamé,52d99a8c-b151-45dd-8e7f-88e56a303202,RR
01a02d94-c420-7424-bb35-18f5d53330a9,69315341,alameda,Alameda Acalifa,Residencial Vila Primavera,52d99a8c-b151-45dd-8e7f-88e56a303202,RR
01a02d94-c420-7424-bb36-a961222e2dbd,69315343,alameda,Alameda Agapato,Residencial Vila Primavera,52d99a8c-b151-45dd-8e7f-88e56a303202,RR
01a02d94-c420-7424-bb37-552322cceae1,69315345,alameda,Alameda Alamanda,Residencial Vila Primavera,52d99a8c-b151-45dd-8e7f-88e56a303202,RR
01a02d94-c420-7424-bb38-0c8e2d0673cf,69315347,alameda,Alameda Allium,Residencial Vila Primavera,52d99a8c-b151-45dd-8e7f-88e56a303202,RR
01a02d94-ba1f-72f2-91df-c9a2f05860e2,69317291,alameda,Alameda Alto Astral,Alvorada,52d99a8c-b151-45dd-8e7f-88e56a303202,RR
01a02d94-c420-7424-bb39-cfb14d2afe92,69315349,alameda,Alameda Amor Perfeito,Residencial Vila Primavera,52d99a8c-b151-45dd-8e7f-88e56a303202,RR
01a02d94-bc36-7a0e-bdfb-a97e1e267a50,69317480,alameda,Alameda Antares,Cidade Satélite,52d99a8c-b151-45dd-8e7f-88e56a303202,RR
01a02d94-c420-7424-bb3a-d14456cdec67,69315351,alameda,Alameda Antúrio,Residencial Vila Primavera,52d99a8c-b151-45dd-8e7f-88e56a303202,RR
01a02d94-947c-76ab-ad8a-0a11a63250f5,69304002,alameda,Alameda Anísio Paulo de Lucena,Mecejana,52d99a8c-b151-45dd-8e7f-88e56a303202,RR
01a02d94-98a3-7fae-93ce-2c33bd54c8f5,69306372,alameda,Alameda Beta,Nossa Senhora Aparecida,52d99a8c-b151-45dd-8e7f-88e56a303202,RR
01a02d94-c420-7424-bb3b-3d9c40525f68,69315353,alameda,Alameda Calendula,Residencial Vila Primavera,52d99a8c-b151-45dd-8e7f-88e56a303202,RR
01a02d94-9a95-7cd2-90ba-0f2046896253,69306580,alameda,Alameda Canarinho,Canarinho,52d99a8c-b151-45dd-8e7f-88e56a303202,RR
01a02d94-c420-7424-bb3d-903faad889b4,69315357,alameda,Alameda Cravina,Residencial Vila Primavera,52d99a8c-b151-45dd-8e7f-88e56a303202,RR
01a02d94-c420-7424-bb3c-83f9d659d9b5,69315355,alameda,Alameda Céu Estrelado,Residencial Vila Primavera,52d99a8c-b151-45dd-8e7f-88e56a303202,RR
01a02d94-98a3-7fae-93cf-37c2321be9e9,69306373,alameda,Alameda Júpiter,Nossa Senhora Aparecida,52d99a8c-b151-45dd-8e7f-88e56a303202,RR
01a02d94-c01a-78fa-a703-25c966b5a258,69313289,alameda,Alameda Laura Pinheiro Maia,Olímpico,52d99a8c-b151-45dd-8e7f-88e56a303202,RR
01a02d94-98a3-7fae-93d0-f4ad2c7efadd,69306374,alameda,Alameda Neturno,Nossa Senhora Aparecida,52d99a8c-b151-45dd-8e7f-88e56a303202,RR
01a02d94-98a3-7fae-93cd-8d9dc76fbde5,69306371,alameda,Alameda Platão,Nossa Senhora Aparecida,52d99a8c-b151-45dd-8e7f-88e56a303202,RR
01a02d94-c221-7f89-86a6-0ff74d7abd60,69307792,alameda,Alameda Ribeiro Campos,Caçari,52d99a8c-b151-45dd-8e7f-88e56a303202,RR
01a02d94-a09a-7762-8319-136d547eb68d,69310013,alameda,Alameda SD-01,Aeroporto,52d99a8c-b151-45dd-8e7f-88e56a303202,RR
01a02d94-a09a-7762-831a-498df00c80cb,69310015,alameda,Alameda SD-02,Aeroporto,52d99a8c-b151-45dd-8e7f-88e56a303202,RR
01a02d94-a09a-7762-831b-c880b85cf89c,69310018,alameda,Alameda SD-03,Aeroporto,52d99a8c-b151-45dd-8e7f-88e56a303202,RR
01a02d94-a09a-7762-831c-c5c324f333d1,69310020,alameda,Alameda SD-04,Aeroporto,52d99a8c-b151-45dd-8e7f-88e56a303202,RR
01a02d94-a09a-7762-831d-f9fc4b90722e,69310023,alameda,Alameda SD-05,Aeroporto,52d99a8c-b151-45dd-8e7f-88e56a303202,RR
01a02d94-c01a-705e-a6e3-816f1fcd5a77,69310025,alameda,Alameda SD-06,Aeroporto,52d99a8c-b151-45dd-8e7f-88e56a303202,RR
01a02d94-a09a-7762-831e-a69233be6918,69310028,alameda,Alameda SD-07,Aeroporto,52d99a8c-b151-45dd-8e7f-88e56a303202,RR
01a02d94-9a96-756b-9009-d9801f505d81,69306675,alameda,Alameda Santos Dumont,São Pedro,52d99a8c-b151-45dd-8e7f-88e56a303202,RR
01a02d94-c221-76b8-8698-b14b9f0d0a03,69307205,alameda,Alameda Sebastião Ferreira da Costa,Paraviana,52d99a8c-b151-45dd-8e7f-88e56a303202,RR
01a02d94-9e87-7995-b618-5b1ed35a0757,69309360,alameda,Alameda das Acácias,Pricumã,52d99a8c-b151-45dd-8e7f-88e56a303202,RR
01a02d94-a099-7664-8f88-2327a76bdb13,69309510,alameda,Alameda das Hortências,Pricumã,52d99a8c-b151-45dd-8e7f-88e56a303202,RR
01a02d94-a099-7664-8f91-46342d979089,69309570,alameda,Alameda das Onze Horas,Pricumã,52d99a8c-b151-45dd-8e7f-88e56a303202,RR
01a02d94-a099-7eb6-8f93-c995296314ec,69309580,alameda,Alameda das Orquídeas,Pricumã,52d99a8c-b151-45dd-8e7f-88e56a303202,RR
01a02d94-b037-7933-9a7d-0b8e708769f7,69314520,alameda,Alameda do Coentro,Doutor Sílvio Botelho,52d99a8c-b151-45dd-8e7f-88e56a303202,RR
01a02d94-a099-7664-8f90-23f113a8d7bc,69309565,alameda,Alameda dos Bambus,Pricumã,52d99a8c-b151-45dd-8e7f-88e56a303202,RR
01a02d94-a098-7e22-95c6-e090d3c3d669,69309395,alameda,Alameda dos Bambus,Pricumã,52d99a8c-b151-45dd-8e7f-88e56a303202,RR
01a02d94-a099-7664-8f86-89e177ec16a9,69309490,alameda,Alameda dos Girassóis,Pricumã,52d99a8c-b151-45dd-8e7f-88e56a303202,RR
01a02d94-ae3d-7b0a-b6d0-ae89bad60f92,69314318,alameda,Alameda dos Tatus,Doutor Sílvio Leite,52d99a8c-b151-45dd-8e7f-88e56a303202,RR
01a02d94-be28-727b-9ac4-431c1ed3a381,69350970,avenida,"Avenida 1 de Julho, s/n",Centro,53d60023-2f9b-405d-84f4-e40ea8dae721,RR
01a02d94-b622-743d-a242-8bcdd0768b38,69316274,avenida,Avenida A,Dr. Airton Rocha,52d99a8c-b151-45dd-8e7f-88e56a303202,RR
01a02d94-c63b-7cfa-a906-43cffe779158,69318320,avenida,Avenida A,Murilo Teixeira Cidade,52d99a8c-b151-45dd-8e7f-88e56a303202,RR
01a02d94-ba1c-7684-87b3-4178745f79d2,69317002,avenida,Avenida Abel Monteiro Reis,Santa Luzia,52d99a8c-b151-45dd-8e7f-88e56a303202,RR
01a02d94-ba1b-752b-b180-002ff1b91c17,69316758,avenida,Avenida Abel Monteiro Reis,Pintolândia,52d99a8c-b151-45dd-8e7f-88e56a303202,RR
01a02d94-b623-7577-af34-eee1e87519a3,69316398,avenida,Avenida Abel Monteiro Reis,Senador Hélio Campos,52d99a8c-b151-45dd-8e7f-88e56a303202,RR
01a02d94-c63b-7cfa-a8fc-8e733ebd29b4,69318300,avenida,Avenida Abelardo Jucene dos Santos,Murilo Teixeira Cidade,52d99a8c-b151-45dd-8e7f-88e56a303202,RR
01a02d94-c63b-7cfa-a901-f4ef2c51b62f,69318310,avenida,Avenida Abelardo Jucene dos Santos,Murilo Teixeira Cidade,52d99a8c-b151-45dd-8e7f-88e56a303202,RR
01a02d94-c421-7ce9-b1ad-f367979c3b6b,69318200,avenida,Avenida Aberlado Jucene dos Santos,Murilo Teixeira Cidade,52d99a8c-b151-45dd-8e7f-88e56a303202,RR
01a02d94-b038-7ab9-9351-25b150e8ad8b,69314570,avenida,Avenida Abrahão Félix Lima,Jardim Tropical,52d99a8c-b151-45dd-8e7f-88e56a303202,RR
01a02d94-a876-7773-ae29-2cbfe316cbe7,69313262,avenida,Avenida Abrahão Félix Lima,Olímpico,52d99a8c-b151-45dd-8e7f-88e56a303202,RR
01a02d94-a876-7773-ae1a-cc72fce125c6,69313132,avenida,Avenida Abrahão Félix Lima,Jóquei Clube,52d99a8c-b151-45dd-8e7f-88e56a303202,RR
01a02d94-98a3-7706-93ab-c747d97caf26,69305670,avenida,Avenida Amazonas,Estados,52d99a8c-b151-45dd-8e7f-88e56a303202,RR
01a02d94-c019-7719-9d20-151b915624dc,69390971,avenida,"Avenida Amazonas, s/n",Centro,bc413a81-774f-4452-bb00-3460cacc8c11,RR
01a02d94-a876-7773-ae2a-999115ee1536,69313265,avenida,Avenida Antonia Corrêa Lira,Olímpico,52d99a8c-b151-45dd-8e7f-88e56a303202,RR
01a02d94-c221-7f89-86a8-69b76ff763ca,69307796,avenida,Avenida Antonino Menezes da Silva,Caçari,52d99a8c-b151-45dd-8e7f-88e56a303202,RR
01a02d94-9a96-7dfc-9019-07e9c2f92c0a,69307057,avenida,Avenida Anália Soares de Freitas,Paraviana,52d99a8c-b151-45dd-8e7f-88e56a303202,RR
01a02d94-9a96-7dfc-9020-1528b33efab4,69307095,avenida,Avenida Baraúna,Paraviana,52d99a8c-b151-45dd-8e7f-88e56a303202,RR
01a02d94-947b-7de2-90a3-ae1f35e72c83,69303467,avenida,Avenida Benjamin Constant,São Vicente,52d99a8c-b151-45dd-8e7f-88e56a303202,RR
01a02d94-9287-713e-92b2-9808b94bfda6,69301072,avenida,Avenida Benjamin Constant,Centro,52d99a8c-b151-45dd-8e7f-88e56a303202,RR
01a02d94-9286-78a3-8142-3a28f63b34c0,69301020,avenida,Avenida Benjamin Constant,Centro,52d99a8c-b151-45dd-8e7f-88e56a303202,RR
01a02d94-9a96-756b-900d-087ba54ff18d,69306695,avenida,Avenida Benjamin Constant,São Pedro,52d99a8c-b151-45dd-8e7f-88e56a303202,RR
01a02d94-c01b-7930-822a-1c25b3962eae,69303970,avenida,Avenida Benjamin Constant 3574,São Vicente,52d99a8c-b151-45dd-8e7f-88e56a303202,RR
01a02d94-947b-7de2-90a7-f18ce6b872b3,69303480,avenida,Avenida Bento Brasil,São Vicente,52d99a8c-b151-45dd-8e7f-88e56a303202,RR
01a02d94-9479-79a5-97da-ca5a0cca0e1a,69303130,avenida,Avenida Bento Brasil,Calungá,52d99a8c-b151-45dd-8e7f-88e56a303202,RR
01a02d94-9286-78a3-8146-b37b02ef7ca5,69301050,avenida,Avenida Bento Brasil,Centro,52d99a8c-b151-45dd-8e7f-88e56a303202,RR
01a02d94-9479-79a5-97db-32026cabdaf5,69303150,avenida,Avenida Bento Coelho,Calungá,52d99a8c-b151-45dd-8e7f-88e56a303202,RR
01a02d94-c223-79bf-918e-569658d3fdb8,69311250,avenida,Avenida Berto Sabino de Oliveira,Residencial Monte Cristo,52d99a8c-b151-45dd-8e7f-88e56a303202,RR
01a02d94-be28-727b-9ab4-9c62ef522c32,69318714,avenida,Avenida Boa Vista,Dr. Airton Rocha,52d99a8c-b151-45dd-8e7f-88e56a303202,RR
01a02d94-be28-727b-9aca-30443cbd145c,69370970,avenida,Avenida Boa Vista 21,Centro,74d22705-c5aa-433a-9069-11022c47df91,RR
01a02d94-c01a-78fa-a716-f7f30fcc99df,69318753,avenida,Avenida Brasil,Dr. Airton Rocha,52d99a8c-b151-45dd-8e7f-88e56a303202,RR
01a02d94-b622-743d-a23d-72ef30a5dd29,69316264,avenida,Avenida Brasil,Nova Cidade,52d99a8c-b151-45dd-8e7f-88e56a303202,RR
01a02d94-b42d-74d5-8be5-1ca4930b6f91,69316163,avenida,Avenida Brasil,Bela Vista,52d99a8c-b151-45dd-8e7f-88e56a303202,RR
01a02d94-b42c-7b11-9968-e48733e29973,69316072,avenida,Avenida Brasil,Raiar do Sol,52d99a8c-b151-45dd-8e7f-88e56a303202,RR
01a02d94-b23e-717a-a088-952a56b022d4,69315292,avenida,Avenida Brasil,Distrito Industrial Governador Aquilino Mota Duarte,52d99a8c-b151-45dd-8e7f-88e56a303202,RR
01a02d94-b23c-77f4-8433-6484bcf8efc9,69315105,avenida,Avenida Brasil,Professora Araceli Souto Maior,52d99a8c-b151-45dd-8e7f-88e56a303202,RR
01a02d94-a872-7a62-b9e5-24a5797ea6ba,69312600,avenida,Avenida Brasil,Centenário,52d99a8c-b151-45dd-8e7f-88e56a303202,RR
01a02d94-a67b-7c62-9f08-ea644c63dd54,69312450,avenida,Avenida Brasil,Cinturão Verde,52d99a8c-b151-45dd-8e7f-88e56a303202,RR
01a02d94-a099-7eb6-8f92-d59c9a7f6c21,69309575,avenida,Avenida Brasil,Pricumã,52d99a8c-b151-45dd-8e7f-88e56a303202,RR
01a02d94-9e84-7c8e-a98b-fd4d4e83463c,69308505,avenida,Avenida Brasil,Marechal Rondon,52d99a8c-b151-45dd-8e7f-88e56a303202,RR
01a02d94-9c86-7fdf-85b2-241bdeed249a,69308050,avenida,Avenida Brasil,Treze de Setembro,52d99a8c-b151-45dd-8e7f-88e56a303202,RR
01a02d94-be28-727b-9ac3-0d15a324915b,69345970,avenida,"Avenida Brasil, s/n",Centro,0ec14971-0516-477e-92b6-a90764bac67b,RR
01a02d94-a09a-7762-831f-43b195101913,69310030,avenida,Avenida Brasília,Aeroporto,52d99a8c-b151-45dd-8e7f-88e56a303202,RR
01a02d94-b42a-7fce-a2ee-31e8bf21c2c0,69315626,avenida,Avenida Brigadeiro,São Bento,52d99a8c-b151-45dd-8e7f-88e56a303202,RR
01a02d94-98a3-7706-93ac-480111a20e83,69306005,avenida,Avenida Brigadeiro Eduardo Gomes,Nossa Senhora Aparecida,52d99a8c-b151-45dd-8e7f-88e56a303202,RR
01a02d94-98a2-7e4a-ad90-047c1484e3f2,69305455,avenida,Avenida Brigadeiro Eduardo Gomes,Estados,52d99a8c-b151-45dd-8e7f-88e56a303202,RR
01a02d94-98a2-757a-ad7c-19b213eb399d,69305284,avenida,Avenida Brigadeiro Eduardo Gomes,Trinta e Um de Março,52d99a8c-b151-45dd-8e7f-88e56a303202,RR
01a02d94-96a3-7ae7-8c5c-ea737c628e3e,69305005,avenida,Avenida Brigadeiro Eduardo Gomes,São Francisco,52d99a8c-b151-45dd-8e7f-88e56a303202,RR
01a02d94-947c-76ab-ad8c-3ea43c6b6e5d,69304015,avenida,Avenida Brigadeiro Eduardo Gomes,Mecejana,52d99a8c-b151-45dd-8e7f-88e56a303202,RR
01a02d94-a099-7eb6-8fa8-773a70e31746,69310005,avenida,Avenida Brigadeiro Eduardo Gomes,Aeroporto,52d99a8c-b151-45dd-8e7f-88e56a303202,RR
01a02d94-b42d-74d5-8bdf-0a4474dfc62e,69316138,avenida,Avenida Brilho do Sol,Bela Vista,52d99a8c-b151-45dd-8e7f-88e56a303202,RR
01a02d94-b42c-7b11-9965-6b753d76040e,69316064,avenida,Avenida Brilho do Sol,Raiar do Sol,52d99a8c-b151-45dd-8e7f-88e56a303202,RR
01a02d94-ac5e-7994-ad49-1b66411832ed,69313745,avenida,Avenida Cabo-Polícia Militar José Tabira de Alencar Macêdo,União,52d99a8c-b151-45dd-8e7f-88e56a303202,RR
01a02d94-ac5c-7fc7-a1cf-962e3df49608,69313595,avenida,Avenida Cabo-Polícia Militar José Tabira de Alencar Macêdo,Caranã,52d99a8c-b151-45dd-8e7f-88e56a303202,RR
01a02d94-a28f-762f-93b3-77c3893fdecf,69310711,avenida,Avenida Caicó,Said Salomão,52d99a8c-b151-45dd-8e7f-88e56a303202,RR
01a02d94-c420-7cd4-bb5a-eb8f5307325c,69318027,avenida,Avenida Cajueiros,Laura Moreira,52d99a8c-b151-45dd-8e7f-88e56a303202,RR
01a02d94-98a2-7e4a-ad9c-f211033e4eca,69305555,avenida,Avenida Capitão Ene Garcez,Estados,52d99a8c-b151-45dd-8e7f-88e56a303202,RR
01a02d94-96a4-7c9c-bccc-123fdf4459ec,69305135,avenida,Avenida Capitão Ene Garcez,São Francisco,52d99a8c-b151-45dd-8e7f-88e56a303202,RR
01a02d94-947b-7de2-90b0-51551dec5b62,69304000,avenida,Avenida Capitão Ene Garcez,Mecejana,52d99a8c-b151-45dd-8e7f-88e56a303202,RR
01a02d94-9287-79b2-92c3-c674644fadda,69301161,avenida,Avenida Capitão Ene Garcez,Centro,52d99a8c-b151-45dd-8e7f-88e56a303202,RR
01a02d94-9287-79b2-92c2-ef1745d0d0d9,69301160,avenida,Avenida Capitão Ene Garcez,Centro,52d99a8c-b151-45dd-8e7f-88e56a303202,RR
01a02d94-a099-7eb6-8fa6-f27fcb6d1a65,69310000,avenida,Avenida Capitão Ene Garcez,Aeroporto,52d99a8c-b151-45dd-8e7f-88e56a303202,RR
01a02d94-a28f-7ea8-93cd-655b6b3f6d5d,69310970,avenida,Avenida Capitão Ene Garcez 2413,Aeroporto,52d99a8c-b151-45dd-8e7f-88e56a303202,RR
01a02d94-98a3-7706-93ae-7a87ebce64a9,69306025,avenida,Avenida Capitão Júlio Bezerra,Nossa Senhora Aparecida,52d99a8c-b151-45dd-8e7f-88e56a303202,RR
01a02d94-98a2-757a-ad7f-7d93e46ad074,69305294,avenida,Avenida Capitão Júlio Bezerra,Trinta e Um de Março,52d99a8c-b151-45dd-8e7f-88e56a303202,RR
01a02d94-96a3-7ae7-8c5f-94d1959bf078,69305025,avenida,Avenida Capitão Júlio Bezerra,São Francisco,52d99a8c-b151-45dd-8e7f-88e56a303202,RR
01a02d94-9288-722e-96aa-e26fcf42252f,69301410,avenida,Avenida Capitão Júlio Bezerra,Centro,52d99a8c-b151-45dd-8e7f-88e56a303202,RR
01a02d94-9c86-7fdf-85b6-7736ab6ab196,69308090,avenida,Avenida Caracaraí,Treze de Setembro,52d99a8c-b151-45dd-8e7f-88e56a303202,RR
01a02d94-a876-7773-ae1b-b260ff1695a7,69313135,avenida,Avenida Carlo Casadio,Jóquei Clube,52d99a8c-b151-45dd-8e7f-88e56a303202,RR
01a02d94-ae3c-7990-a516-3a993ce67fd6,69314142,avenida,Avenida Carlos Pereira de Melo,Santa Tereza,52d99a8c-b151-45dd-8e7f-88e56a303202,RR
01a02d94-ae3b-780f-87e2-c1abbd0543e0,69314008,avenida,Avenida Carlos Pereira de Melo,Piscicultura,52d99a8c-b151-45dd-8e7f-88e56a303202,RR
01a02d94-ac5e-7994-ad48-2669f82d2f80,69313742,avenida,Avenida Carlos Pereira de Melo,União,52d99a8c-b151-45dd-8e7f-88e56a303202,RR
01a02d94-ac5e-70fb-ad24-3d2fea601512,69313630,avenida,Avenida Carlos Pereira de Melo,Caranã,52d99a8c-b151-45dd-8e7f-88e56a303202,RR
01a02d94-aa76-727e-8525-52dcd012bfd8,69313518,avenida,Avenida Carlos Pereira de Melo,Tancredo Neves,52d99a8c-b151-45dd-8e7f-88e56a303202,RR
01a02d94-a47d-7f13-a46b-347a91be4ff5,69312212,avenida,Avenida Carlos Pereira de Melo,Caimbé,52d99a8c-b151-45dd-8e7f-88e56a303202,RR
01a02d94-a291-7930-8b26-056bdaf8b34d,69312005,avenida,Avenida Carlos Pereira de Melo,Jardim Floresta,52d99a8c-b151-45dd-8e7f-88e56a303202,RR
01a02d94-a291-7930-8b25-f5c7a3305f86,69312004,avenida,Avenida Carlos Pereira de Melo,Jardim Floresta,52d99a8c-b151-45dd-8e7f-88e56a303202,RR
01a02d94-9c86-776f-85a9-2859552a682d,69307770,avenida,Avenida Caçari,Caçari,52d99a8c-b151-45dd-8e7f-88e56a303202,RR
01a02d94-c01a-705e-a6e9-97fbd596c8f4,69312603,avenida,Avenida Centenário,Centenário,52d99a8c-b151-45dd-8e7f-88e56a303202,RR
01a02d94-a67a-7aa0-92ca-2050e6160305,69312377,avenida,Avenida Centenário,Cinturão Verde,52d99a8c-b151-45dd-8e7f-88e56a303202,RR
01a02d94-ac5e-70fb-ad25-19602a99b9a7,69313632,avenida,Avenida Chile,Caranã,52d99a8c-b151-45dd-8e7f-88e56a303202,RR
01a02d94-a28f-7ea8-93ce-e45aa43b3085,69311001,avenida,Avenida Chile,Cauamé,52d99a8c-b151-45dd-8e7f-88e56a303202,RR
01a02d94-c225-7cc7-bced-9b7f9598940e,69313010,avenida,Avenida Cidade Jardim,Jóquei Clube,52d99a8c-b151-45dd-8e7f-88e56a303202,RR
01a02d94-bc36-7a0e-bdf6-c40feaa3e1f7,69317474,avenida,Avenida Consolação de Matos,Cidade Satélite,52d99a8c-b151-45dd-8e7f-88e56a303202,RR
01a02d94-b239-7479-874a-94783780f533,69314621,avenida,Avenida Céu Azul,Jardim Tropical,52d99a8c-b151-45dd-8e7f-88e56a303202,RR
01a02d94-9288-722e-96a0-ed28fd1c0e09,69301330,avenida,Avenida Doutor Sylvio Lofêgo Botelho,Centro,52d99a8c-b151-45dd-8e7f-88e56a303202,RR
01a02d94-9287-713e-92b7-516ee4495f5a,69301085,avenida,Avenida Doutor Sylvio Lofêgo Botelho,Centro,52d99a8c-b151-45dd-8e7f-88e56a303202,RR
01a02d94-be28-727b-9ac8-86f12b3820f6,69360970,avenida,Avenida Doutor Zanny 1825,Centro,c8996024-eb57-4096-ac6e-697f73ff0ea5,RR
01a02d94-9c86-776f-85ac-e0a0f2ed6695,69308000,avenida,Avenida Eldorado,Treze de Setembro,52d99a8c-b151-45dd-8e7f-88e56a303202,RR
01a02d94-ac5d-7865-9404-c3f9b1b58568,69313621,avenida,Avenida Emília da Silva Lavôr,Caranã,52d99a8c-b151-45dd-8e7f-88e56a303202,RR
01a02d94-ac5c-7fc7-a1cc-756acb47023c,69313588,avenida,Avenida Emília da Silva Lavôr,Caranã,52d99a8c-b151-45dd-8e7f-88e56a303202,RR
01a02d94-a28f-7ea8-93c8-77119940d8cf,69310753,avenida,Avenida Equador,Said Salomão,52d99a8c-b151-45dd-8e7f-88e56a303202,RR
01a02d94-bc35-7861-acb2-f1491055b5bf,69317366,avenida,Avenida Equinócios,Equatorial,52d99a8c-b151-45dd-8e7f-88e56a303202,RR
01a02d94-9a96-7dfc-901a-8bfb7e6fbcd4,69307058,avenida,Avenida Ester de Oliveira Seabra,Paraviana,52d99a8c-b151-45dd-8e7f-88e56a303202,RR
01a02d94-ba1c-7684-87b4-b30c30ff9806,69317004,avenida,Avenida Felinto Barbosa Monteiro,Santa Luzia,52d99a8c-b151-45dd-8e7f-88e56a303202,RR
01a02d94-b623-7577-af35-e5a20b7a462b,69316400,avenida,Avenida Felinto Barbosa Monteiro,Senador Hélio Campos,52d99a8c-b151-45dd-8e7f-88e56a303202,RR
01a02d94-c421-7ce9-b1b6-3f3d3f21c498,69318222,avenida,Avenida Figos de Cássia,Murilo Teixeira Cidade,52d99a8c-b151-45dd-8e7f-88e56a303202,RR
01a02d94-96a5-7546-addd-ba1311b50d98,69305200,avenida,Avenida Forte São Joaquim,São Francisco,52d99a8c-b151-45dd-8e7f-88e56a303202,RR
01a02d94-96a2-7872-9da2-11489e061049,69304515,avenida,Avenida Forte São Joaquim,Mecejana,52d99a8c-b151-45dd-8e7f-88e56a303202,RR
01a02d94-a290-7754-9f39-c98570af40f8,69311057,avenida,Avenida Francisco Viana,Cauamé,52d99a8c-b151-45dd-8e7f-88e56a303202,RR
01a02d94-a09b-703f-b0b6-093f1129fb89,69310085,avenida,Avenida Galeão,Aeroporto,52d99a8c-b151-45dd-8e7f-88e56a303202,RR
01a02d94-96a0-7e34-956d-887f45b71095,69304360,avenida,Avenida General Ataíde Teive,Mecejana,52d99a8c-b151-45dd-8e7f-88e56a303202,RR
01a02d94-bc35-7861-aca2-029525179257,69317334,avenida,Avenida General Ataíde Teive,Equatorial,52d99a8c-b151-45dd-8e7f-88e56a303202,RR
01a02d94-ba1e-7185-a0ca-af9804c76ea3,69317182,avenida,Avenida General Ataíde Teive,Alvorada,52d99a8c-b151-45dd-8e7f-88e56a303202,RR
01a02d94-b035-76a5-9d38-bcc0d2f2fee7,69314382,avenida,Avenida General Ataíde Teive,Nova Canaã,52d99a8c-b151-45dd-8e7f-88e56a303202,RR
01a02d94-ae3d-7b0a-b6c5-d42e3ac75663,69314292,avenida,Avenida General Ataíde Teive,Doutor Sílvio Leite,52d99a8c-b151-45dd-8e7f-88e56a303202,RR
01a02d94-ae3d-7238-b6af-cae2b26f3e1e,69314212,avenida,Avenida General Ataíde Teive,Jardim Primavera,52d99a8c-b151-45dd-8e7f-88e56a303202,RR
01a02d94-ae3c-7990-a517-2c3195511489,69314144,avenida,Avenida General Ataíde Teive,Santa Tereza,52d99a8c-b151-45dd-8e7f-88e56a303202,RR
01a02d94-aa76-7ae5-8526-c17e16b05109,69313520,avenida,Avenida General Ataíde Teive,Tancredo Neves,52d99a8c-b151-45dd-8e7f-88e56a303202,RR
01a02d94-aa74-7943-9a7b-3d444d0001dc,69313432,avenida,Avenida General Ataíde Teive,Cambará,52d99a8c-b151-45dd-8e7f-88e56a303202,RR
01a02d94-c420-7cd4-bb57-7d402391f800,69318002,avenida,Avenida General Ataíde Teive,Laura Moreira,52d99a8c-b151-45dd-8e7f-88e56a303202,RR
01a02d94-a47e-77ed-965d-6b0928cb07fc,69312244,avenida,Avenida General Ataíde Teive,Asa Branca,52d99a8c-b151-45dd-8e7f-88e56a303202,RR
01a02d94-a47e-77ed-965c-a819f8e67a4d,69312242,avenida,Avenida General Ataíde Teive,Asa Branca,52d99a8c-b151-45dd-8e7f-88e56a303202,RR
01a02d94-a47e-77ed-9657-0bdf55aae73a,69312218,avenida,Avenida General Ataíde Teive,Caimbé,52d99a8c-b151-45dd-8e7f-88e56a303202,RR
01a02d94-9e87-70b1-b608-8837bf0f34ef,69309187,avenida,Avenida General Ataíde Teive,Buritis,52d99a8c-b151-45dd-8e7f-88e56a303202,RR
01a02d94-9e86-7813-b17f-ff33003eae44,69309167,avenida,Avenida General Ataíde Teive,Buritis,52d99a8c-b151-45dd-8e7f-88e56a303202,RR
01a02d94-9e84-7c8e-a98f-535c1a5152b3,69309000,avenida,Avenida General Ataíde Teive,Liberdade,52d99a8c-b151-45dd-8e7f-88e56a303202,RR
01a02d94-b623-7577-af31-36eb59c317e2,69316390,avenida,Avenida General Bento Gonçalves,Senador Hélio Campos,52d99a8c-b151-45dd-8e7f-88e56a303202,RR
01a02d94-b622-7cd2-a25a-11fb8bd442b4,69316308,avenida,Avenida General Bento Gonçalves,Operário,52d99a8c-b151-45dd-8e7f-88e56a303202,RR
01a02d94-9e84-7c8e-a98c-dc14aca781ec,69308510,avenida,Avenida General Sampaio,Marechal Rondon,52d99a8c-b151-45dd-8e7f-88e56a303202,RR
01a02d94-9e82-7a3e-809a-67ef654e5326,69308150,avenida,Avenida General Sampaio,Treze de Setembro,52d99a8c-b151-45dd-8e7f-88e56a303202,RR
01a02d94-b623-7577-af36-d6561ec7192d,69316402,avenida,Avenida Getúlio Corrêia de Pinho,Senador Hélio Campos,52d99a8c-b151-45dd-8e7f-88e56a303202,RR
01a02d94-947b-7de2-90a5-3f1b09f175be,69303472,avenida,Avenida Getúlio Vargas,São Vicente,52d99a8c-b151-45dd-8e7f-88e56a303202,RR
01a02d94-9287-713e-92b4-c8c3fb83f479,69301077,avenida,Avenida Getúlio Vargas,Centro,52d99a8c-b151-45dd-8e7f-88e56a303202,RR
01a02d94-9286-78a3-8143-7d7b2ff85978,69301030,avenida,Avenida Getúlio Vargas,Centro,52d99a8c-b151-45dd-8e7f-88e56a303202,RR
01a02d94-9c85-761f-9189-3c981fd01d5f,69307700,avenida,Avenida Getúlio Vargas,Caçari,52d99a8c-b151-45dd-8e7f-88e56a303202,RR
01a02d94-9a96-756b-900e-d4ac9e3183aa,69306700,avenida,Avenida Getúlio Vargas,São Pedro,52d99a8c-b151-45dd-8e7f-88e56a303202,RR
01a02d94-9a95-7cd2-90b6-43a7534dc945,69306545,avenida,Avenida Getúlio Vargas,Canarinho,52d99a8c-b151-45dd-8e7f-88e56a303202,RR
01a02d94-96a3-7158-8c53-07a7740fb4f5,69304560,avenida,Avenida Glaycon de Paiva,Mecejana,52d99a8c-b151-45dd-8e7f-88e56a303202,RR
01a02d94-9287-79b2-92cf-7a44074d5057,69301250,avenida,Avenida Glaycon de Paiva,Centro,52d99a8c-b151-45dd-8e7f-88e56a303202,RR
01a02d94-c019-7719-9d22-61f1437fa8e7,69303340,avenida,Avenida Glaycon de Paiva,São Vicente,52d99a8c-b151-45dd-8e7f-88e56a303202,RR
01a02d94-a099-7eb6-8fa1-4b305b683a0c,69309695,avenida,Avenida Glaycon de Paiva,Pricumã,52d99a8c-b151-45dd-8e7f-88e56a303202,RR
01a02d94-9c86-776f-85ab-4337930a3559,69307775,avenida,Avenida Governador Anchieta,Caçari,52d99a8c-b151-45dd-8e7f-88e56a303202,RR
01a02d94-bc36-714c-bdf2-8ccc43687404,69317470,avenida,Avenida Gêmeos,Cidade Satélite,52d99a8c-b151-45dd-8e7f-88e56a303202,RR
01a02d94-a876-7773-ae2b-447f0fe093e9,69313268,avenida,Avenida Izídia Tavares Lira,Olímpico,52d99a8c-b151-45dd-8e7f-88e56a303202,RR
01a02d94-ac5e-7994-ad46-5d28ffd8b72e,69313728,avenida,Avenida Jael Barradas,Jardim Caranã,52d99a8c-b151-45dd-8e7f-88e56a303202,RR
01a02d94-ac5e-70fb-ad28-2dc477ec4b78,69313635,avenida,Avenida Jael Barradas,Caranã,52d99a8c-b151-45dd-8e7f-88e56a303202,RR
01a02d94-a290-7fbc-9f44-40d5bb0cf015,69311091,avenida,Avenida Jael Barradas,Cauamé,52d99a8c-b151-45dd-8e7f-88e56a303202,RR
01a02d94-9288-722e-96a2-3ab0a9d809d7,69301350,avenida,Avenida Jaime Brasil,Centro,52d99a8c-b151-45dd-8e7f-88e56a303202,RR
01a02d94-9478-7848-b68b-ef20b930aee2,69301971,avenida,Avenida Jaime Brasil 80,Centro,52d99a8c-b151-45dd-8e7f-88e56a303202,RR
01a02d94-c01a-78fa-a70a-b9a416de9347,69317529,avenida,Avenida Jardim,Cidade Satélite,52d99a8c-b151-45dd-8e7f-88e56a303202,RR
01a02d94-a28f-7ea8-93b9-881f07b62b3b,69310721,avenida,Avenida Jardim do Seridó,Said Salomão,52d99a8c-b151-45dd-8e7f-88e56a303202,RR
01a02d94-bc35-7861-acb1-d85b3359341e,69317364,avenida,Avenida Jesualdo Costa Lima,Equatorial,52d99a8c-b151-45dd-8e7f-88e56a303202,RR
01a02d94-c421-7ce9-b1ae-d6463ef420e4,69318203,avenida,Avenida José Alves Cavalcante,Murilo Teixeira Cidade,52d99a8c-b151-45dd-8e7f-88e56a303202,RR
01a02d94-b622-7cd2-a252-4c3b9c59729c,69316297,avenida,Avenida José Félix Corrêa,Operário,52d99a8c-b151-45dd-8e7f-88e56a303202,RR
01a02d94-c223-79bf-918a-6a5ec1235eb7,69311180,avenida,Avenida João Alencar,Cauamé,52d99a8c-b151-45dd-8e7f-88e56a303202,RR
01a02d94-ac5e-70fb-ad29-296894eccf25,69313638,avenida,Avenida João Alencar,Caranã,52d99a8c-b151-45dd-8e7f-88e56a303202,RR
01a02d94-a47b-7a60-87c5-598cdb74849f,69312042,avenida,Avenida João Alencar,Jardim Floresta,52d99a8c-b151-45dd-8e7f-88e56a303202,RR
01a02d94-a291-7930-8b23-64618cdc06e7,69311137,avenida,Avenida João Alencar,Cauamé,52d99a8c-b151-45dd-8e7f-88e56a303202,RR
01a02d94-a09b-703f-b0b0-98c7593fe125,69310070,avenida,Avenida João Alencar,Aeroporto,52d99a8c-b151-45dd-8e7f-88e56a303202,RR
01a02d94-ac5d-7865-93fe-4aecceb9a183,69313615,avenida,Avenida João Liberato,Caranã,52d99a8c-b151-45dd-8e7f-88e56a303202,RR
01a02d94-a290-7fbc-9f48-f9773f576915,69311107,avenida,Avenida João Liberato,Cauamé,52d99a8c-b151-45dd-8e7f-88e56a303202,RR
01a02d94-9288-722e-96a6-b2b9e817d748,69301370,avenida,Avenida João Pereira de Melo,Centro,52d99a8c-b151-45dd-8e7f-88e56a303202,RR
01a02d94-a28f-7ea8-93c6-754337bb21ba,69310749,avenida,Avenida Junco do Seridó,Said Salomão,52d99a8c-b151-45dd-8e7f-88e56a303202,RR
01a02d94-9c85-7ec7-919c-b31326cd7c87,69307757,avenida,Avenida Levina Alves da Silva,Caçari,52d99a8c-b151-45dd-8e7f-88e56a303202,RR
01a02d94-9c84-7d7a-9436-40afdfc14b05,69307655,avenida,Avenida Luis Canuto Chaves,Caçari,52d99a8c-b151-45dd-8e7f-88e56a303202,RR
01a02d94-9a96-7dfc-9018-1413da1c05ec,69307053,avenida,Avenida Luis Canuto Chaves,Paraviana,52d99a8c-b151-45dd-8e7f-88e56a303202,RR
01a02d94-9c85-7ec7-9195-60e0682e7c64,69307740,avenida,Avenida Lídia Bento,Caçari,52d99a8c-b151-45dd-8e7f-88e56a303202,RR
01a02d94-96a4-73a9-bcbe-f4497c3b6059,69305085,avenida,Avenida Major Williams,São Francisco,52d99a8c-b151-45dd-8e7f-88e56a303202,RR
01a02d94-9287-713e-92bc-3ac3ec17ba55,69301110,avenida,Avenida Major Williams,Centro,52d99a8c-b151-45dd-8e7f-88e56a303202,RR
01a02d94-9286-78a3-8141-4c1d3d05ade2,69301015,avenida,Avenida Major Williams,Centro,52d99a8c-b151-45dd-8e7f-88e56a303202,RR
01a02d94-9a96-756b-900f-b9e459939cf9,69306705,avenida,Avenida Major Williams,São Pedro,52d99a8c-b151-45dd-8e7f-88e56a303202,RR
01a02d94-bc35-7861-aca8-ed6aa072524f,69317346,avenida,Avenida Manoel Aniceto Pontes,Equatorial,52d99a8c-b151-45dd-8e7f-88e56a303202,RR
01a02d94-c421-7ce9-b1b7-aa28a821d817,69318224,avenida,Avenida Margherita,Murilo Teixeira Cidade,52d99a8c-b151-45dd-8e7f-88e56a303202,RR
01a02d94-c420-7cd4-bb59-c54acd1079a8,69318022,avenida,Avenida Marguerita,Laura Moreira,52d99a8c-b151-45dd-8e7f-88e56a303202,RR
01a02d94-be28-727b-9ac5-94a65f57b519,69355970,avenida,Avenida Maurício Hambert 100,Centro,16c72f48-cb62-48f4-a3c5-a88e131e3980,RR
01a02d94-98a3-7706-93ad-a953b9856a72,69306010,avenida,Avenida Minas Gerais,Nossa Senhora Aparecida,52d99a8c-b151-45dd-8e7f-88e56a303202,RR
01a02d94-98a3-7706-93aa-3f76d145bce4,69305660,avenida,Avenida Minas Gerais,Estados,52d99a8c-b151-45dd-8e7f-88e56a303202,RR
01a02d94-9c82-7a7b-bd21-448cc108545b,69307345,avenida,Avenida Minas Gerais,Paraviana,52d99a8c-b151-45dd-8e7f-88e56a303202,RR
01a02d94-9e83-7b7e-8260-6536cbf41a25,69308260,avenida,Avenida Monte Castelo,Treze de Setembro,52d99a8c-b151-45dd-8e7f-88e56a303202,RR
01a02d94-96a0-7e34-956c-a740a497f586,69304350,avenida,Avenida Mário Homem de Melo,Mecejana,52d99a8c-b151-45dd-8e7f-88e56a303202,RR
01a02d94-9287-79b2-92c8-be0d51761ce2,69301200,avenida,Avenida Mário Homem de Melo,Centro,52d99a8c-b151-45dd-8e7f-88e56a303202,RR
01a02d94-ba1e-7185-a0cb-37281640eec8,69317184,avenida,Avenida Mário Homem de Melo,Alvorada,52d99a8c-b151-45dd-8e7f-88e56a303202,RR
01a02d94-ae3d-7b0a-b6ca-d77dd4fc8871,69314304,avenida,Avenida Mário Homem de Melo,Doutor Sílvio Leite,52d99a8c-b151-45dd-8e7f-88e56a303202,RR
01a02d94-aa76-7ae5-8527-7fbb5e12f5d2,69313522,avenida,Avenida Mário Homem de Melo,Tancredo Neves,52d99a8c-b151-45dd-8e7f-88e56a303202,RR
01a02d94-a47c-7b8d-83a2-adf92f227e4e,69312155,avenida,Avenida Mário Homem de Melo,Caimbé,52d99a8c-b151-45dd-8e7f-88e56a303202,RR
01a02d94-9e87-7995-b60d-c3f7949b5dae,69309198,avenida,Avenida Mário Homem de Melo,Buritis,52d99a8c-b151-45dd-8e7f-88e56a303202,RR
01a02d94-9e85-7573-8670-99ae2e2dc568,69309010,avenida,Avenida Mário Homem de Melo,Liberdade,52d99a8c-b151-45dd-8e7f-88e56a303202,RR
01a02d94-ba1e-7185-a0cc-47a78b22cbaa,69317185,avenida,Avenida Nazaré Filgueiras,Alvorada,52d99a8c-b151-45dd-8e7f-88e56a303202,RR
01a02d94-b81d-7a77-8011-886d363014c7,69316716,avenida,Avenida Nazaré Filgueiras,Pintolândia,52d99a8c-b151-45dd-8e7f-88e56a303202,RR
01a02d94-b81d-7a77-8010-6ccaef643c4b,69316715,avenida,Avenida Nazaré Filgueiras,Pintolândia,52d99a8c-b151-45dd-8e7f-88e56a303202,RR
01a02d94-b623-7577-af33-2978ce7f21a8,69316396,avenida,Avenida Nazaré Filgueiras,Senador Hélio Campos,52d99a8c-b151-45dd-8e7f-88e56a303202,RR
01a02d94-b038-71f1-934a-61ff525058f9,69314551,avenida,Avenida Nazaré Filgueiras,Doutor Sílvio Botelho,52d99a8c-b151-45dd-8e7f-88e56a303202,RR
01a02d94-b038-71f1-9349-e0d93d08ec56,69314550,avenida,Avenida Nazaré Filgueiras,Doutor Sílvio Botelho,52d99a8c-b151-45dd-8e7f-88e56a303202,RR
01a02d94-b035-7f2a-9d3f-48a47f572321,69314398,avenida,Avenida Nazaré Filgueiras,Nova Canaã,52d99a8c-b151-45dd-8e7f-88e56a303202,RR
01a02d94-be28-727b-9ab3-1feca7f89cfa,69318712,avenida,Avenida Normandia,Dr. Airton Rocha,52d99a8c-b151-45dd-8e7f-88e56a303202,RR
01a02d94-947b-7536-90a2-a6561cede7ea,69303465,avenida,Avenida Nossa Senhora da Consolata,São Vicente,52d99a8c-b151-45dd-8e7f-88e56a303202,RR
01a02d94-9287-713e-92ae-c20fd9a02a3b,69301067,avenida,Avenida Nossa Senhora da Consolata,Centro,52d99a8c-b151-45dd-8e7f-88e56a303202,RR
01a02d94-9286-78a3-8140-f5922e4a317a,69301011,avenida,Avenida Nossa Senhora da Consolata,Centro,52d99a8c-b151-45dd-8e7f-88e56a303202,RR
01a02d94-9a96-756b-900c-59423fb11e46,69306690,avenida,Avenida Nossa Senhora da Consolata,São Pedro,52d99a8c-b151-45dd-8e7f-88e56a303202,RR
01a02d94-be28-727b-9ac1-c6929525f281,69340970,avenida,Avenida Nossa Senhora de Fátima 3086,Centro,3669fe49-061c-4f1c-bcce-a8b6cc74fd40,RR
01a02d94-aa76-7ae5-8528-5062c9ff136e,69313525,avenida,Avenida Nossa Senhora de Nazaré,Tancredo Neves,52d99a8c-b151-45dd-8e7f-88e56a303202,RR
01a02d94-aa76-727e-851b-69b683a9c77d,69313497,avenida,Avenida Nossa Senhora de Nazaré,Tancredo Neves,52d99a8c-b151-45dd-8e7f-88e56a303202,RR
01a02d94-a678-7680-a1f4-d8c336cc850a,69312306,avenida,Avenida Nossa Senhora de Nazaré,Asa Branca,52d99a8c-b151-45dd-8e7f-88e56a303202,RR
01a02d94-a678-7680-a1f3-ea76a3ce9561,69312305,avenida,Avenida Nossa Senhora de Nazaré,Asa Branca,52d99a8c-b151-45dd-8e7f-88e56a303202,RR
01a02d94-a47d-7512-a453-13a5b587c997,69312165,avenida,Avenida Nossa Senhora de Nazaré,Caimbé,52d99a8c-b151-45dd-8e7f-88e56a303202,RR
01a02d94-a47d-7512-a452-b0f569f7350f,69312164,avenida,Avenida Nossa Senhora de Nazaré,Caimbé,52d99a8c-b151-45dd-8e7f-88e56a303202,RR
01a02d94-a099-7eb6-8faa-d3d8d69332ca,69310010,avenida,Avenida Nova Iorque,Aeroporto,52d99a8c-b151-45dd-8e7f-88e56a303202,RR
01a02d94-c221-76b8-869b-13f60e299c42,69307455,avenida,Avenida Olavo Brasil,Caçari,52d99a8c-b151-45dd-8e7f-88e56a303202,RR
01a02d94-c01b-7930-8231-1d3ac7e67dcc,69307056,avenida,Avenida Olavo Brasil,Paraviana,52d99a8c-b151-45dd-8e7f-88e56a303202,RR
01a02d94-b038-7ab9-9355-f452e9781e35,69314575,avenida,Avenida Olímpica,Jardim Tropical,52d99a8c-b151-45dd-8e7f-88e56a303202,RR
01a02d94-c01a-705e-a6ee-7efbd6ee9a46,69313435,avenida,Avenida Padre Anchieta,Cambará,52d99a8c-b151-45dd-8e7f-88e56a303202,RR
01a02d94-ae3d-7b0a-b6cf-778814d7e1f1,69314316,avenida,Avenida Padre Anchieta,Doutor Sílvio Leite,52d99a8c-b151-45dd-8e7f-88e56a303202,RR
01a02d94-ae3d-7238-b6b0-e2a2d02b71f2,69314214,avenida,Avenida Padre Anchieta,Jardim Primavera,52d99a8c-b151-45dd-8e7f-88e56a303202,RR
01a02d94-ae3c-7990-a518-5db91faaeec6,69314146,avenida,Avenida Padre Anchieta,Santa Tereza,52d99a8c-b151-45dd-8e7f-88e56a303202,RR
01a02d94-a28f-7ea8-93ca-c93ce6282541,69310757,avenida,Avenida Parelhas,Said Salomão,52d99a8c-b151-45dd-8e7f-88e56a303202,RR
01a02d94-ac5e-7994-ad47-6f8b9d842180,69313740,avenida,Avenida Parimé Brasil,União,52d99a8c-b151-45dd-8e7f-88e56a303202,RR
01a02d94-ac5e-7994-ad42-eba9d2073b5a,69313718,avenida,Avenida Parimé Brasil,Jardim Caranã,52d99a8c-b151-45dd-8e7f-88e56a303202,RR
01a02d94-ac5e-70fb-ad20-a2fc72094f3d,69313625,avenida,Avenida Parimé Brasil,Caranã,52d99a8c-b151-45dd-8e7f-88e56a303202,RR
01a02d94-ac5d-7865-93f4-3d77bb19eaab,69313596,avenida,Avenida Parimé Brasil,Caranã,52d99a8c-b151-45dd-8e7f-88e56a303202,RR
01a02d94-c225-7401-bce1-b5131495c728,69312497,avenida,Avenida Parma,Centenário,52d99a8c-b151-45dd-8e7f-88e56a303202,RR
01a02d94-ae3d-7238-b6b1-5e54c0effd2e,69314216,avenida,Avenida Parque Caranã,Jardim Primavera,52d99a8c-b151-45dd-8e7f-88e56a303202,RR
01a02d94-b038-7ab9-9354-c4eb39b447e5,69314573,avenida,Avenida Parque Céu Azul,Jardim Tropical,52d99a8c-b151-45dd-8e7f-88e56a303202,RR
01a02d94-b622-743d-a22c-44e3d00ac453,69316222,avenida,Avenida Parque Igarapé,Nova Cidade,52d99a8c-b151-45dd-8e7f-88e56a303202,RR
01a02d94-a872-7a62-b9e7-823c1232cfbf,69312605,avenida,Avenida Parque Igarapé Grande,Centenário,52d99a8c-b151-45dd-8e7f-88e56a303202,RR
01a02d94-c225-7cc7-bcee-b7ab233e7756,69313011,avenida,Avenida Parque Jardim,Jóquei Clube,52d99a8c-b151-45dd-8e7f-88e56a303202,RR
01a02d94-c225-7401-bce6-2f1b838fbda9,69312557,avenida,Avenida Parque Veneza,Centenário,52d99a8c-b151-45dd-8e7f-88e56a303202,RR
01a02d94-b623-7577-af37-7d1aa76a046a,69316404,avenida,Avenida Parteira Patrocínia Leite,Senador Hélio Campos,52d99a8c-b151-45dd-8e7f-88e56a303202,RR
01a02d94-c224-7b45-87cb-85373bb4c417,69311290,avenida,Avenida Portugal,Residencial Village,52d99a8c-b151-45dd-8e7f-88e56a303202,RR
01a02d94-947b-7536-909f-03cd6f38efb7,69303460,avenida,Avenida Presidente Castelo Branco,São Vicente,52d99a8c-b151-45dd-8e7f-88e56a303202,RR
01a02d94-9479-70f9-97ce-05556cd8018a,69303035,avenida,Avenida Presidente Castelo Branco,Calungá,52d99a8c-b151-45dd-8e7f-88e56a303202,RR
01a02d94-98a3-7fae-93c7-8f43be50ecb5,69306350,avenida,Avenida Presidente Dutra,Nossa Senhora Aparecida,52d99a8c-b151-45dd-8e7f-88e56a303202,RR
01a02d94-9a95-7cd2-90aa-97f8c76e28ad,69306447,avenida,Avenida Presidente Dutra,Nossa Senhora Aparecida,52d99a8c-b151-45dd-8e7f-88e56a303202,RR
01a02d94-98a3-7706-93c1-8aacb4251512,69306295,avenida,Avenida Presidente Juscelino Kubitschek,Nossa Senhora Aparecida,52d99a8c-b151-45dd-8e7f-88e56a303202,RR
01a02d94-9a96-756b-900b-252779abb16f,69306685,avenida,Avenida Presidente Juscelino Kubitschek,São Pedro,52d99a8c-b151-45dd-8e7f-88e56a303202,RR
01a02d94-9a95-7cd2-90b4-e55bfde8091e,69306535,avenida,Avenida Presidente Juscelino Kubitschek,Canarinho,52d99a8c-b151-45dd-8e7f-88e56a303202,RR
01a02d94-ae3c-7990-a519-011757a75a49,69314148,avenida,Avenida Princesa Isabel,Santa Tereza,52d99a8c-b151-45dd-8e7f-88e56a303202,RR
01a02d94-aa76-7ae5-852b-beea346d91b4,69313528,avenida,Avenida Princesa Isabel,Tancredo Neves,52d99a8c-b151-45dd-8e7f-88e56a303202,RR
01a02d94-a47d-7512-a458-25fb28e5ca6a,69312176,avenida,Avenida Princesa Isabel,Caimbé,52d99a8c-b151-45dd-8e7f-88e56a303202,RR
01a02d94-a47d-7512-a457-5bf118224d94,69312175,avenida,Avenida Princesa Isabel,Caimbé,52d99a8c-b151-45dd-8e7f-88e56a303202,RR
01a02d94-a291-7930-8b24-4d211f5839b9,69312001,avenida,Avenida Princesa Isabel,Jardim Floresta,52d99a8c-b151-45dd-8e7f-88e56a303202,RR
01a02d94-9e86-7813-b184-20c0454ebd13,69309173,avenida,Avenida Princesa Isabel,Buritis,52d99a8c-b151-45dd-8e7f-88e56a303202,RR
01a02d94-9e85-7573-8674-cee90eb4eb6a,69309020,avenida,Avenida Princesa Isabel,Liberdade,52d99a8c-b151-45dd-8e7f-88e56a303202,RR
01a02d94-c223-79bf-918b-fc9b488d4b85,69311182,avenida,Avenida Pátio Cauamé,Cauamé,52d99a8c-b151-45dd-8e7f-88e56a303202,RR
01a02d94-be28-727b-9abf-747905a6c08e,69318734,avenida,Avenida Pérola,Dr. Airton Rocha,52d99a8c-b151-45dd-8e7f-88e56a303202,RR
01a02d94-c420-7cd4-bb3f-d699acf71641,69315361,avenida,Avenida Quaresmeiras,Residencial Vila Primavera,52d99a8c-b151-45dd-8e7f-88e56a303202,RR
01a02d94-ba1b-752b-b182-3e592e7f907b,69316762,avenida,Avenida Raimundo Rodrigues Coelho,Pintolândia,52d99a8c-b151-45dd-8e7f-88e56a303202,RR
01a02d94-b623-7577-af32-eaa46acdc9f1,69316392,avenida,Avenida Raimundo Rodrigues Coelho,Senador Hélio Campos,52d99a8c-b151-45dd-8e7f-88e56a303202,RR
01a02d94-b038-7ab9-9350-e990dd1e669d,69314568,avenida,Avenida Raimundo Rodrigues Coelho,Doutor Sílvio Botelho,52d99a8c-b151-45dd-8e7f-88e56a303202,RR
01a02d94-b23a-7e2d-8a83-76d4887a17a7,69315012,avenida,Avenida Rio Branco,Professora Araceli Souto Maior,52d99a8c-b151-45dd-8e7f-88e56a303202,RR
01a02d94-98a2-7e4a-ad99-37946f7e867b,69305530,avenida,Avenida Rio Grande do Sul,Estados,52d99a8c-b151-45dd-8e7f-88e56a303202,RR
01a02d94-b23a-7e2d-8a8b-cb4f13076427,69315032,avenida,Avenida Rio Mucajaí,Professora Araceli Souto Maior,52d99a8c-b151-45dd-8e7f-88e56a303202,RR
01a02d94-b42d-74d5-8bdb-6fa9f9545800,69316128,avenida,Avenida Rio São Francisco,Bela Vista,52d99a8c-b151-45dd-8e7f-88e56a303202,RR
01a02d94-98a2-7e4a-ad95-3d6edbbcdd13,69305490,avenida,Avenida Rio de Janeiro,Estados,52d99a8c-b151-45dd-8e7f-88e56a303202,RR
01a02d94-9c82-7a7b-bd20-a10d94410498,69307343,avenida,Avenida Rio de Janeiro,Paraviana,52d99a8c-b151-45dd-8e7f-88e56a303202,RR
01a02d94-a874-74e6-93d6-a03c20438d15,69312660,avenida,Avenida Roma,Centenário,52d99a8c-b151-45dd-8e7f-88e56a303202,RR
01a02d94-c421-7ce9-b1b8-873d2235aa87,69318226,avenida,Avenida Rosas de Santa Rita,Murilo Teixeira Cidade,52d99a8c-b151-45dd-8e7f-88e56a303202,RR
01a02d94-ac5e-7994-ad4b-9d75a77ffbf1,69313748,avenida,Avenida Rui Baraúna,União,52d99a8c-b151-45dd-8e7f-88e56a303202,RR
01a02d94-ac5e-7994-ad36-039aef904fa5,69313688,avenida,Avenida Rui Baraúna,Jardim Caranã,52d99a8c-b151-45dd-8e7f-88e56a303202,RR
01a02d94-ac5e-70fb-ad22-8f351d6b31c8,69313627,avenida,Avenida Rui Baraúna,Caranã,52d99a8c-b151-45dd-8e7f-88e56a303202,RR
01a02d94-ac5d-7865-93f6-0c14e879b21f,69313600,avenida,Avenida Rui Baraúna,Caranã,52d99a8c-b151-45dd-8e7f-88e56a303202,RR
01a02d94-ac5e-7994-ad45-0fea3d4eb27b,69313725,avenida,Avenida Sabá Cunha,Jardim Caranã,52d99a8c-b151-45dd-8e7f-88e56a303202,RR
01a02d94-ac5d-7865-9401-41405d2a5c0b,69313618,avenida,Avenida Sabá Cunha,Caranã,52d99a8c-b151-45dd-8e7f-88e56a303202,RR
01a02d94-a290-7754-9f26-da986c0b4623,69311003,avenida,Avenida Sabá Cunha,Cauamé,52d99a8c-b151-45dd-8e7f-88e56a303202,RR
01a02d94-c421-7ce9-b1b9-d23ef6865241,69318228,avenida,Avenida Santa Rosas de Santa Rita,Murilo Teixeira Cidade,52d99a8c-b151-45dd-8e7f-88e56a303202,RR
01a02d94-bc34-7fb0-8d02-6e22e45bfc18,69317320,avenida,Avenida Santo Antônio,Equatorial,52d99a8c-b151-45dd-8e7f-88e56a303202,RR
01a02d94-b623-7577-af38-dcd2c3b8f0ae,69316408,avenida,Avenida Santo Antônio,Senador Hélio Campos,52d99a8c-b151-45dd-8e7f-88e56a303202,RR
01a02d94-98a3-7706-93b0-36a9986b5b81,69306165,avenida,Avenida Santos Dumont,Nossa Senhora Aparecida,52d99a8c-b151-45dd-8e7f-88e56a303202,RR
01a02d94-98a2-757a-ad85-67c28696c586,69305340,avenida,Avenida Santos Dumont,Trinta e Um de Março,52d99a8c-b151-45dd-8e7f-88e56a303202,RR
01a02d94-96a4-7c9c-bcc5-1adad90cf32c,69305105,avenida,Avenida Santos Dumont,São Francisco,52d99a8c-b151-45dd-8e7f-88e56a303202,RR
01a02d94-96a3-7ae7-8c5d-e3a63a763f4e,69305010,avenida,Avenida Santos Dumont,São Francisco,52d99a8c-b151-45dd-8e7f-88e56a303202,RR
01a02d94-9a96-756b-900a-7ca9d64dca1c,69306680,avenida,Avenida Santos Dumont,São Pedro,52d99a8c-b151-45dd-8e7f-88e56a303202,RR
01a02d94-bc36-714c-bdf4-7cdabe7de552,69317472,avenida,Avenida Sebastião Correia Lira,Cidade Satélite,52d99a8c-b151-45dd-8e7f-88e56a303202,RR
01a02d94-947b-7de2-90a6-774dfd6d3b2e,69303475,avenida,Avenida Sebastião Diniz,São Vicente,52d99a8c-b151-45dd-8e7f-88e56a303202,RR
01a02d94-9287-713e-92b8-c13bca179c5a,69301088,avenida,Avenida Sebastião Diniz,Centro,52d99a8c-b151-45dd-8e7f-88e56a303202,RR
01a02d94-9286-78a3-8144-db4421777e00,69301040,avenida,Avenida Sebastião Diniz,Centro,52d99a8c-b151-45dd-8e7f-88e56a303202,RR
01a02d94-b42d-74d5-8bdc-189007cab670,69316132,avenida,Avenida Sol Nascente,Bela Vista,52d99a8c-b151-45dd-8e7f-88e56a303202,RR
01a02d94-b42c-7b11-9963-1d0fdbf745b5,69316058,avenida,Avenida Sol Nascente,Raiar do Sol,52d99a8c-b151-45dd-8e7f-88e56a303202,RR
01a02d94-ac5c-7fc7-a1c5-05955b2fa57b,69313570,avenida,Avenida Soldado-Polícia Militar Harison Rodrigues de Lira,Caranã,52d99a8c-b151-45dd-8e7f-88e56a303202,RR
01a02d94-ac5c-7fc7-a1c3-4135275dd12d,69313565,avenida,Avenida Soldado-Polícia Militar João Alves Brasil,Caranã,52d99a8c-b151-45dd-8e7f-88e56a303202,RR
01a02d94-96a3-7158-8c52-e1b3cdee476c,69304555,avenida,Avenida Surumu,Mecejana,52d99a8c-b151-45dd-8e7f-88e56a303202,RR
01a02d94-947b-7536-909d-279fae358eba,69303455,avenida,Avenida Surumu,São Vicente,52d99a8c-b151-45dd-8e7f-88e56a303202,RR
01a02d94-9479-70f9-97cc-84fd27115a52,69303025,avenida,Avenida Surumu,Calungá,52d99a8c-b151-45dd-8e7f-88e56a303202,RR
01a02d94-a28f-762f-93b5-5e7df5ec0157,69310715,avenida,Avenida São Fernando,Said Salomão,52d99a8c-b151-45dd-8e7f-88e56a303202,RR
01a02d94-ba1e-7185-a0cd-09bf35a461c0,69317186,avenida,Avenida São Francisco,Alvorada,52d99a8c-b151-45dd-8e7f-88e56a303202,RR
01a02d94-b036-77da-97e4-e388d0028584,69314424,avenida,Avenida São Francisco,Nova Canaã,52d99a8c-b151-45dd-8e7f-88e56a303202,RR
01a02d94-b034-7e20-9523-3f6ae3320c18,69314342,avenida,Avenida São Joaquim,Doutor Sílvio Leite,52d99a8c-b151-45dd-8e7f-88e56a303202,RR
01a02d94-ba1f-72f2-91e5-08a785bedefb,69317300,avenida,Avenida São José,Equatorial,52d99a8c-b151-45dd-8e7f-88e56a303202,RR
01a02d94-ba1e-7185-a0cf-90bc21936b87,69317190,avenida,Avenida São José,Alvorada,52d99a8c-b151-45dd-8e7f-88e56a303202,RR
01a02d94-ba1c-7684-87b5-5a7648b30411,69317023,avenida,Avenida São José,Santa Luzia,52d99a8c-b151-45dd-8e7f-88e56a303202,RR
01a02d94-98a2-7e4a-ad93-0ccf58c2cb61,69305480,avenida,Avenida São Paulo,Estados,52d99a8c-b151-45dd-8e7f-88e56a303202,RR
01a02d94-be28-7b21-9acc-4fbc8355da8c,69375970,avenida,"Avenida São Paulo, s/n",Centro,5923db20-2123-472c-a2a3-ff887075d3a7,RR
01a02d94-ae3c-7990-a51a-5a585ee0c657,69314152,avenida,Avenida São Sebastião,Santa Tereza,52d99a8c-b151-45dd-8e7f-88e56a303202,RR
01a02d94-aa77-734d-9d53-9568dabc465c,69313537,avenida,Avenida São Sebastião,Tancredo Neves,52d99a8c-b151-45dd-8e7f-88e56a303202,RR
01a02d94-aa75-7a16-8edf-8a01ba6e912e,69313495,avenida,Avenida São Sebastião,Tancredo Neves,52d99a8c-b151-45dd-8e7f-88e56a303202,RR
01a02d94-aa74-7943-9a7c-f3fe3a9109e2,69313438,avenida,Avenida São Sebastião,Cambará,52d99a8c-b151-45dd-8e7f-88e56a303202,RR
01a02d94-a679-7041-a927-bbc343d5e45d,69312318,avenida,Avenida São Sebastião,Asa Branca,52d99a8c-b151-45dd-8e7f-88e56a303202,RR
01a02d94-be28-727b-9ac2-ef3b214d0b26,69343970,avenida,"Avenida Tepequem, s/n",Centro,6c04f6dd-992c-450c-9269-5d726198036e,RR
01a02d94-bc36-714c-bdee-94dc7098e989,69317464,avenida,Avenida Teresa Maciel,Cidade Satélite,52d99a8c-b151-45dd-8e7f-88e56a303202,RR
01a02d94-96a3-7158-8c4c-52a664b19133,69304540,avenida,Avenida Terêncio Lima,Mecejana,52d99a8c-b151-45dd-8e7f-88e56a303202,RR
01a02d94-947b-7de2-90ac-b30f5b5f8b54,69303490,avenida,Avenida Terêncio Lima,São Vicente,52d99a8c-b151-45dd-8e7f-88e56a303202,RR
01a02d94-9287-79b2-92c7-53b0fa8d6345,69301195,avenida,Avenida Terêncio Lima,Centro,52d99a8c-b151-45dd-8e7f-88e56a303202,RR
01a02d94-9287-713e-92ba-7cc460e9aa13,69301100,avenida,Avenida Terêncio Lima,Centro,52d99a8c-b151-45dd-8e7f-88e56a303202,RR
01a02d94-be27-79fb-be50-1dcbf621f78d,69318704,avenida,Avenida Uiramutã,Dr. Airton Rocha,52d99a8c-b151-45dd-8e7f-88e56a303202,RR
01a02d94-be27-714d-be2b-c0c57a6197cd,69317835,avenida,Avenida Unicamp,Cidade Satélite,52d99a8c-b151-45dd-8e7f-88e56a303202,RR
01a02d94-bc36-714c-bdef-6cac246aa23f,69317466,avenida,Avenida Universo,Cidade Satélite,52d99a8c-b151-45dd-8e7f-88e56a303202,RR
01a02d94-a28f-762f-93a6-75075a46c26f,69310095,avenida,Avenida Val de Cans,Aeroporto,52d99a8c-b151-45dd-8e7f-88e56a303202,RR
01a02d94-96a3-7ae7-8c57-5cce16fe9733,69304600,avenida,Avenida Venezuela,Mecejana,52d99a8c-b151-45dd-8e7f-88e56a303202,RR
01a02d94-947b-7de2-90af-5bfdfb2b23ac,69303495,avenida,Avenida Venezuela,São Vicente,52d99a8c-b151-45dd-8e7f-88e56a303202,RR
01a02d94-a47c-72e6-838d-54e49b7e4d99,69312102,avenida,Avenida Venezuela,Jardim Floresta,52d99a8c-b151-45dd-8e7f-88e56a303202,RR
01a02d94-a09a-7762-8325-b3805f19ce96,69310041,avenida,Avenida Venezuela,Aeroporto,52d99a8c-b151-45dd-8e7f-88e56a303202,RR
01a02d94-a09a-7762-8323-68d1daec08de,69310040,avenida,Avenida Venezuela,Aeroporto,52d99a8c-b151-45dd-8e7f-88e56a303202,RR
01a02d94-a099-7eb6-8fa0-5cb0fac6d5c9,69309690,avenida,Avenida Venezuela,Pricumã,52d99a8c-b151-45dd-8e7f-88e56a303202,RR
01a02d94-9e84-7c8e-a992-52476a604c63,69309005,avenida,Avenida Venezuela,Liberdade,52d99a8c-b151-45dd-8e7f-88e56a303202,RR
01a02d94-96a3-7ae7-8c5b-8745211cf0d8,69304972,avenida,Avenida Venezuela 1378,Mecejana,52d99a8c-b151-45dd-8e7f-88e56a303202,RR
01a02d94-96a3-7ae7-8c5a-3593638ea3a4,69304640,avenida,Avenida Vereador Estácio Pereira de Melo,Mecejana,52d99a8c-b151-45dd-8e7f-88e56a303202,RR
01a02d94-96a4-7c9c-bcc3-cf65c36ff9b1,69305098,avenida,Avenida Ville Roy,São Francisco,52d99a8c-b151-45dd-8e7f-88e56a303202,RR
01a02d94-947b-7536-9099-75cd595ccca9,69303445,avenida,Avenida Ville Roy,São Vicente,52d99a8c-b151-45dd-8e7f-88e56a303202,RR
01a02d94-9287-713e-92af-488b8ad1aa64,69301068,avenida,Avenida Ville Roy,Centro,52d99a8c-b151-45dd-8e7f-88e56a303202,RR
01a02d94-9286-78a3-813f-364dd68c0260,69301000,avenida,Avenida Ville Roy,Centro,52d99a8c-b151-45dd-8e7f-88e56a303202,RR
01a02d94-9c86-7fdf-85b3-253c787968c6,69308055,avenida,Avenida Ville Roy,Treze de Setembro,52d99a8c-b151-45dd-8e7f-88e56a303202,RR
01a02d94-9c85-761f-918f-61ae85651802,69307725,avenida,Avenida Ville Roy,Caçari,52d99a8c-b151-45dd-8e7f-88e56a303202,RR
01a02d94-9a96-756b-9007-ca0c4e214300,69306665,avenida,Avenida Ville Roy,São Pedro,52d99a8c-b151-45dd-8e7f-88e56a303202,RR
01a02d94-9a95-7cd2-90bc-4acf6e1a7bb6,69306595,avenida,Avenida Ville Roy,Canarinho,52d99a8c-b151-45dd-8e7f-88e56a303202,RR
01a02d94-9a95-741e-90a4-eca71888ec6c,69306405,avenida,Avenida Ville Roy,Nossa Senhora Aparecida,52d99a8c-b151-45dd-8e7f-88e56a303202,RR
01a02d94-c222-783c-8564-2bd1146757c8,69307970,avenida,Avenida Ville Roy 1544,Caçari,52d99a8c-b151-45dd-8e7f-88e56a303202,RR
01a02d94-bc36-714c-bded-b87cb308d403,69317462,avenida,Avenida da Terra,Cidade Satélite,52d99a8c-b151-45dd-8e7f-88e56a303202,RR
01a02d94-c221-7f89-86a5-d7e964c7742c,69307789,avenida,Avenida das Américas,Caçari,52d99a8c-b151-45dd-8e7f-88e56a303202,RR
01a02d94-bc36-714c-bdf0-f804293d46bb,69317468,avenida,Avenida das Galáxias,Cidade Satélite,52d99a8c-b151-45dd-8e7f-88e56a303202,RR
01a02d94-947b-7de2-90aa-a5f227a8f77b,69303485,avenida,Avenida das Guianas,São Vicente,52d99a8c-b151-45dd-8e7f-88e56a303202,RR
01a02d94-9479-70f9-97d0-69e1bbed6e33,69303045,avenida,Avenida das Guianas,Calungá,52d99a8c-b151-45dd-8e7f-88e56a303202,RR
01a02d94-9e83-72cd-8257-d89bbb781cd1,69308160,avenida,Avenida das Guianas,Treze de Setembro,52d99a8c-b151-45dd-8e7f-88e56a303202,RR
01a02d94-9e84-7c8e-a98e-567c4b4af589,69308970,avenida,Avenida das Guianas 1627,Treze de Setembro,52d99a8c-b151-45dd-8e7f-88e56a303202,RR
01a02d94-b23d-790e-a243-83c245aa9fa7,69315262,avenida,Avenida das Indústrias,Distrito Industrial Governador Aquilino Mota Duarte,52d99a8c-b151-45dd-8e7f-88e56a303202,RR
01a02d94-c420-7cd4-bb3e-b251e83b9bc5,69315359,avenida,Avenida das Palmáceas,Residencial Vila Primavera,52d99a8c-b151-45dd-8e7f-88e56a303202,RR
01a02d94-a099-7eb6-8fa3-782787e29114,69309710,avenida,Avenida das Vitórias Régias,Pricumã,52d99a8c-b151-45dd-8e7f-88e56a303202,RR
01a02d94-9c84-7d7a-9433-48220545f957,69307640,avenida,Avenida do Taperebazeiro,Caçari,52d99a8c-b151-45dd-8e7f-88e56a303202,RR
01a02d94-a099-7664-8f8b-331eaae12520,69309515,avenida,Avenida dos Bandeirantes,Pricumã,52d99a8c-b151-45dd-8e7f-88e56a303202,RR
01a02d94-9e87-70b1-b607-23e011e831e4,69309186,avenida,Avenida dos Bandeirantes,Buritis,52d99a8c-b151-45dd-8e7f-88e56a303202,RR
01a02d94-9e87-70b1-b606-db6a91e0fe4b,69309185,avenida,Avenida dos Bandeirantes,Buritis,52d99a8c-b151-45dd-8e7f-88e56a303202,RR
01a02d94-9e85-7573-8673-388564ec96ff,69309015,avenida,Avenida dos Bandeirantes,Liberdade,52d99a8c-b151-45dd-8e7f-88e56a303202,RR
01a02d94-ba1e-7185-a0c8-593a82079ab5,69317180,avenida,Avenida dos Corretores de Imóveis,Alvorada,52d99a8c-b151-45dd-8e7f-88e56a303202,RR
01a02d94-ba1e-7185-a0c9-79885b2b2f57,69317181,avenida,Avenida dos Garimpeiros,Alvorada,52d99a8c-b151-45dd-8e7f-88e56a303202,RR
01a02d94-ba1c-7684-87b2-5515b4e17738,69317000,avenida,Avenida dos Garimpeiros,Santa Luzia,52d99a8c-b151-45dd-8e7f-88e56a303202,RR
01a02d94-a47e-77ed-966f-0bbab173c06f,69312296,avenida,Avenida dos Imigrantes,Asa Branca,52d99a8c-b151-45dd-8e7f-88e56a303202,RR
01a02d94-a47e-77ed-9656-94e9f3838efc,69312215,avenida,Avenida dos Imigrantes,Caimbé,52d99a8c-b151-45dd-8e7f-88e56a303202,RR
01a02d94-9e87-7995-b616-f02e94269ccf,69309230,avenida,Avenida dos Imigrantes,Buritis,52d99a8c-b151-45dd-8e7f-88e56a303202,RR
01a02d94-9e87-70b1-b609-98330d8ae679,69309188,avenida,Avenida dos Imigrantes,Buritis,52d99a8c-b151-45dd-8e7f-88e56a303202,RR
01a02d94-a099-7eb6-8fa5-02ddc663aa10,69309971,avenida,Avenida dos Imigrantes 1612,Buritis,52d99a8c-b151-45dd-8e7f-88e56a303202,RR
01a02d94-c01a-78fa-a6f8-654ef4ae484e,69315667,avenida,Avenida dos Passarinhos,São Bento,52d99a8c-b151-45dd-8e7f-88e56a303202,RR
01a02d94-ac5e-70fb-ad26-c10d5fb72783,69313633,condomínio,Condomínio Residencial Jardim Floresta,Caranã,52d99a8c-b151-45dd-8e7f-88e56a303202,RR
01a02d94-c224-7b45-87d1-f9d2ba6ec8b4,69311302,estrada,Estrada Para Monte Cristo,Residencial Village,52d99a8c-b151-45dd-8e7f-88e56a303202,RR
01a02d94-c224-7b45-87d0-674bd5101ddb,69311300,estrada,Estrada Para o Campus Cauamé da UFRR,Residencial Village,52d99a8c-b151-45dd-8e7f-88e56a303202,RR
01a02d94-9288-722e-96a7-453c8e47ca9c,69301380,praça,Praça Centro Cívico,Centro,52d99a8c-b151-45dd-8e7f-88e56a303202,RR
01a02d94-9287-713e-92b0-f30623b7af43,69301069,praça,Praça Centro Cívico,Centro,52d99a8c-b151-45dd-8e7f-88e56a303202,RR
01a02d94-9478-7848-b68a-fd027783d8c6,69301970,praça,Praça Centro Cívico 176,Centro,52d99a8c-b151-45dd-8e7f-88e56a303202,RR
01a02d94-9478-7848-b689-c13e6d306b34,69301900,praça,Praça Centro Cívico 176,Centro,52d99a8c-b151-45dd-8e7f-88e56a303202,RR
01a02d94-a099-7eb6-8fa9-73bbc17fc589,69310006,praça,Praça Santos Dumont,Aeroporto,52d99a8c-b151-45dd-8e7f-88e56a303202,RR
01a02d94-be28-727b-9ac9-66f116b981ee,69360971,rodovia,Rodovia 174 Km 501,Centro,c8996024-eb57-4096-ac6e-697f73ff0ea5,RR
01a02d94-c222-783c-8566-bccc7068a6b2,69310600,rodovia,Rodovia BR-174,Said Salomão,52d99a8c-b151-45dd-8e7f-88e56a303202,RR
01a02d94-c019-7719-9d1c-8df05a591bb9,69378970,rodovia,Rodovia BR-210 Km 01,Centro,df9bf4c1-9b72-41a1-8401-2a5486c8d187,RR
01a02d94-bc36-7a0e-be08-25ea037b3eb6,69317508,rodovia,Rodovia Pedro Costa,Cidade Satélite,52d99a8c-b151-45dd-8e7f-88e56a303202,RR
01a02d94-c421-7ce9-b1b5-8913e7ab90a9,69318220,rodovia,Rodovia Pedro Costa,Murilo Teixeira Cidade,52d99a8c-b151-45dd-8e7f-88e56a303202,RR
01a02d94-bc36-7a0e-bdf9-29cb2bffc008,69317477,rua,Rua 01,Cidade Satélite,52d99a8c-b151-45dd-8e7f-88e56a303202,RR
01a02d94-b038-7ab9-9359-6d3c17ea48a1,69314580,rua,Rua 01,Jardim Tropical,52d99a8c-b151-45dd-8e7f-88e56a303202,RR
01a02d94-a876-7773-ae1d-2ea10c174f61,69313142,rua,Rua 01,Jóquei Clube,52d99a8c-b151-45dd-8e7f-88e56a303202,RR
01a02d94-a67a-7aa0-92cc-7a5bd2bf54ee,69312381,rua,Rua 01 de Maio,Cinturão Verde,52d99a8c-b151-45dd-8e7f-88e56a303202,RR
01a02d94-bc36-7a0e-bdf8-bdee12bcd501,69317476,rua,Rua 02,Cidade Satélite,52d99a8c-b151-45dd-8e7f-88e56a303202,RR
01a02d94-b622-743d-a244-676de9dc9946,69316276,rua,Rua 02,Dr. Airton Rocha,52d99a8c-b151-45dd-8e7f-88e56a303202,RR
01a02d94-b038-7ab9-935a-17d1c83faf66,69314585,rua,Rua 02,Jardim Tropical,52d99a8c-b151-45dd-8e7f-88e56a303202,RR
01a02d94-bc36-7a0e-bdf7-c3351291b84f,69317475,rua,Rua 03,Cidade Satélite,52d99a8c-b151-45dd-8e7f-88e56a303202,RR
01a02d94-b622-743d-a243-6b66ccb3eb52,69316275,rua,Rua 03,Dr. Airton Rocha,52d99a8c-b151-45dd-8e7f-88e56a303202,RR
01a02d94-b039-736f-b89d-cb7d04f99856,69314590,rua,Rua 03,Jardim Tropical,52d99a8c-b151-45dd-8e7f-88e56a303202,RR
01a02d94-bc36-714c-bdf5-eec6a6f90270,69317473,rua,Rua 04,Cidade Satélite,52d99a8c-b151-45dd-8e7f-88e56a303202,RR
01a02d94-b039-736f-b89e-1121f19ce403,69314595,rua,Rua 04,Jardim Tropical,52d99a8c-b151-45dd-8e7f-88e56a303202,RR
01a02d94-c01a-78fa-a6f5-f45b25184f11,69314600,rua,Rua 05,Jardim Tropical,52d99a8c-b151-45dd-8e7f-88e56a303202,RR
01a02d94-bc36-714c-bdf3-4a18de6e2718,69317471,rua,Rua 05,Cidade Satélite,52d99a8c-b151-45dd-8e7f-88e56a303202,RR
01a02d94-bc36-714c-bdf1-56e2e3ba9d65,69317469,rua,Rua 06,Cidade Satélite,52d99a8c-b151-45dd-8e7f-88e56a303202,RR
01a02d94-b039-736f-b89f-b894b7c675e8,69314605,rua,Rua 06,Jardim Tropical,52d99a8c-b151-45dd-8e7f-88e56a303202,RR
01a02d94-b039-736f-b8a4-38aa22c58196,69314610,rua,Rua 07,Jardim Tropical,52d99a8c-b151-45dd-8e7f-88e56a303202,RR
01a02d94-ba1e-7185-a0ce-1f66e61db04c,69317188,rua,Rua 07 de Setembro,Alvorada,52d99a8c-b151-45dd-8e7f-88e56a303202,RR
01a02d94-9a95-7cd2-90b3-a5d6dc005ba5,69306530,rua,Rua 07 de Setembro,Canarinho,52d99a8c-b151-45dd-8e7f-88e56a303202,RR
01a02d94-b039-7c0d-b8a9-be0a83e81abf,69314620,rua,Rua 09,Jardim Tropical,52d99a8c-b151-45dd-8e7f-88e56a303202,RR
01a02d94-ac5f-722b-89a0-7d8af4cf1912,69313765,rua,Rua 09,União,52d99a8c-b151-45dd-8e7f-88e56a303202,RR
01a02d94-96a4-73a9-bcb8-25f9caf97559,69305030,rua,Rua 09 de Julho,São Francisco,52d99a8c-b151-45dd-8e7f-88e56a303202,RR
01a02d94-c01b-7930-822b-daa7299d88d7,69304004,rua,Rua 1,Mecejana,52d99a8c-b151-45dd-8e7f-88e56a303202,RR
01a02d94-b239-7d0b-874b-dc1b55afdc49,69314622,rua,Rua 10,Jardim Tropical,52d99a8c-b151-45dd-8e7f-88e56a303202,RR
01a02d94-b239-7d0b-874c-7814ee3b7d3b,69314623,rua,Rua 11,Jardim Tropical,52d99a8c-b151-45dd-8e7f-88e56a303202,RR
01a02d94-a47c-72e6-838e-a9d170cab271,69314624,rua,Rua 12,Jardim Tropical,52d99a8c-b151-45dd-8e7f-88e56a303202,RR
01a02d94-b038-7ab9-9352-28457489418e,69314571,rua,Rua 13,Jardim Tropical,52d99a8c-b151-45dd-8e7f-88e56a303202,RR
01a02d94-c01a-705e-a6dc-2c85568d37a9,69306550,rua,Rua 13 de Maio,Canarinho,52d99a8c-b151-45dd-8e7f-88e56a303202,RR
01a02d94-a67b-73a0-9ef9-2e9ceb668b07,69312388,rua,Rua 13 de Setembro,Cinturão Verde,52d99a8c-b151-45dd-8e7f-88e56a303202,RR
01a02d94-9c86-776f-85ad-b6759a0d4f06,69308005,rua,Rua 13 de Setembro,Treze de Setembro,52d99a8c-b151-45dd-8e7f-88e56a303202,RR
01a02d94-b038-7ab9-9353-45d9300e71ac,69314572,rua,Rua 14,Jardim Tropical,52d99a8c-b151-45dd-8e7f-88e56a303202,RR
01a02d94-a47c-72e6-8388-a0525bf8f437,69312085,rua,Rua 17,Jardim Floresta,52d99a8c-b151-45dd-8e7f-88e56a303202,RR
01a02d94-c01b-7930-822c-b8cf2d7c7990,69304006,rua,Rua 2,Mecejana,52d99a8c-b151-45dd-8e7f-88e56a303202,RR
01a02d94-a09b-703f-b0b7-6a64e4edced8,69310088,rua,Rua 2 de Julho,Aeroporto,52d99a8c-b151-45dd-8e7f-88e56a303202,RR
01a02d94-9a95-7cd2-90b5-23ec189751b1,69306540,rua,Rua 25 de Agosto,Canarinho,52d99a8c-b151-45dd-8e7f-88e56a303202,RR
01a02d94-a67a-7aa0-92cb-cf3ebdbb5416,69312379,rua,Rua 7 de Setembro,Cinturão Verde,52d99a8c-b151-45dd-8e7f-88e56a303202,RR
01a02d94-c01b-7930-822e-92eb7ccadd32,69304415,rua,Rua 9 de Julho,Mecejana,52d99a8c-b151-45dd-8e7f-88e56a303202,RR
01a02d94-c63b-7cfa-a903-bfc817be8ae5,69318314,rua,Rua A,Murilo Teixeira Cidade,52d99a8c-b151-45dd-8e7f-88e56a303202,RR
01a02d94-a47c-72e6-8385-34ec0617c077,69312075,rua,Rua A,Jardim Floresta,52d99a8c-b151-45dd-8e7f-88e56a303202,RR
01a02d94-a876-7773-ae24-b866742d40b2,69313172,rua,Rua Abdala Habib Fraxe,Jóquei Clube,52d99a8c-b151-45dd-8e7f-88e56a303202,RR
01a02d94-c224-7b45-87d3-fe129c10ebfb,69312493,rua,Rua Abdala Habib Fraxe,Centenário,52d99a8c-b151-45dd-8e7f-88e56a303202,RR
01a02d94-c224-7278-87c7-77f5494c5b8e,69311268,rua,Rua Abel Camurça Neto,Residencial Monte Cristo,52d99a8c-b151-45dd-8e7f-88e56a303202,RR
01a02d94-a872-71af-b9dd-9edab073e06a,69312580,rua,Rua Abel Camuça Neto,Centenário,52d99a8c-b151-45dd-8e7f-88e56a303202,RR
01a02d94-a47c-7b8d-8396-361284a66765,69312123,rua,Rua Abel Francisco de Oliveira,Jardim Floresta,52d99a8c-b151-45dd-8e7f-88e56a303202,RR
01a02d94-98a3-7706-93b7-946f90ae19f0,69306210,rua,Rua Abraim Xaud,Nossa Senhora Aparecida,52d99a8c-b151-45dd-8e7f-88e56a303202,RR
01a02d94-a291-7930-8b2a-56e4389cbd4b,69312015,rua,Rua Abrilina Pena,Jardim Floresta,52d99a8c-b151-45dd-8e7f-88e56a303202,RR
01a02d94-9c86-776f-85ae-8972497bdf54,69308010,rua,Rua Acaraí,Treze de Setembro,52d99a8c-b151-45dd-8e7f-88e56a303202,RR
01a02d94-ae3c-70d0-a508-85df494b860a,69314102,rua,Rua Acari,Santa Tereza,52d99a8c-b151-45dd-8e7f-88e56a303202,RR
01a02d94-ae3b-780f-87e6-32f71cf32b79,69314022,rua,Rua Acari,Piscicultura,52d99a8c-b151-45dd-8e7f-88e56a303202,RR
01a02d94-ae3c-70d0-a510-1c3a85c39dc3,69314124,rua,Rua Acará-açu,Santa Tereza,52d99a8c-b151-45dd-8e7f-88e56a303202,RR
01a02d94-a28f-7ea8-93c0-de831dc5af75,69310737,rua,Rua Acarí,Said Salomão,52d99a8c-b151-45dd-8e7f-88e56a303202,RR
01a02d94-98a2-7e4a-ad97-17587b2c60ff,69305510,rua,Rua Acre,Estados,52d99a8c-b151-45dd-8e7f-88e56a303202,RR
01a02d94-9c82-7a7b-bd22-7e6cfeef6e63,69307347,rua,Rua Acre,Paraviana,52d99a8c-b151-45dd-8e7f-88e56a303202,RR
01a02d94-9a96-756b-9010-080b8724cb74,69306710,rua,Rua Acácio do Vale,São Pedro,52d99a8c-b151-45dd-8e7f-88e56a303202,RR
01a02d94-bc35-7861-ac9d-89b4cde9a228,69317324,rua,Rua Adail Oliveira Rosa,Equatorial,52d99a8c-b151-45dd-8e7f-88e56a303202,RR
01a02d94-ba1e-7a43-a0e6-a5ff40b0efe3,69317288,rua,Rua Adail Oliveira Rosa,Alvorada,52d99a8c-b151-45dd-8e7f-88e56a303202,RR
01a02d94-ae3d-7b0a-b6c7-3bcc54e6ac87,69314296,rua,Rua Adail Oliveira Rosa,Doutor Sílvio Leite,52d99a8c-b151-45dd-8e7f-88e56a303202,RR
01a02d94-c226-759e-a053-23830ec41fba,69313347,rua,Rua Adair Araújo Lima,Cambará,52d99a8c-b151-45dd-8e7f-88e56a303202,RR
01a02d94-9c84-74c6-942c-c7449878f195,69307605,rua,Rua Adalberto Bezerra de Menezes,Caçari,52d99a8c-b151-45dd-8e7f-88e56a303202,RR
01a02d94-b23d-790e-a24b-4c23b7ac6f07,69315282,rua,Rua Adalberto Penteado Duarte,Distrito Industrial Governador Aquilino Mota Duarte,52d99a8c-b151-45dd-8e7f-88e56a303202,RR
01a02d94-a47d-7512-a45f-200cd9d5005b,69312186,rua,Rua Ademário Santos,Caimbé,52d99a8c-b151-45dd-8e7f-88e56a303202,RR
01a02d94-a47d-7512-a454-93f8080565a4,69312168,rua,Rua Ademário Santos,Caimbé,52d99a8c-b151-45dd-8e7f-88e56a303202,RR
01a02d94-b42a-76e2-a2e1-a3412472e0f3,69315335,rua,Rua Aderson Passidônio Filho,Distrito Industrial Governador Aquilino Mota Duarte,52d99a8c-b151-45dd-8e7f-88e56a303202,RR
01a02d94-96a3-7ae7-8c5e-1f8c7827c444,69305020,rua,Rua Adolfo Brasil,São Francisco,52d99a8c-b151-45dd-8e7f-88e56a303202,RR
01a02d94-947c-76ab-ad8e-6da599e6504b,69304030,rua,Rua Adolfo Ducke,Mecejana,52d99a8c-b151-45dd-8e7f-88e56a303202,RR
01a02d94-b621-7ba5-bd78-84f667d6266a,69316218,rua,Rua Adolfo Moratelli,Nova Cidade,52d99a8c-b151-45dd-8e7f-88e56a303202,RR
01a02d94-aa74-7090-9a6d-e589fdd9e5fc,69313385,rua,Rua Adonias Rabelo de Araújo,Cambará,52d99a8c-b151-45dd-8e7f-88e56a303202,RR
01a02d94-b622-7cd2-a253-350465c56285,69316299,rua,Rua Advogado Alceu da Silva,Operário,52d99a8c-b151-45dd-8e7f-88e56a303202,RR
01a02d94-ac5e-70fb-ad2b-3c310a978599,69313642,rua,Rua Advogado Illo Augusto,Caranã,52d99a8c-b151-45dd-8e7f-88e56a303202,RR
01a02d94-a09b-703f-b0b2-dfd6ac377e4b,69310075,rua,Rua Afonso Pena,Aeroporto,52d99a8c-b151-45dd-8e7f-88e56a303202,RR
01a02d94-bc35-7861-ac9e-999c19fd2694,69317326,rua,Rua Afonso dos Santos Pereira,Equatorial,52d99a8c-b151-45dd-8e7f-88e56a303202,RR
01a02d94-ba1e-7a43-a0e7-6a51927da6bf,69317290,rua,Rua Afonso dos Santos Pereira,Alvorada,52d99a8c-b151-45dd-8e7f-88e56a303202,RR
01a02d94-9287-713e-92b1-4534cb7ded5b,69301070,rua,Rua Ajuricaba,Centro,52d99a8c-b151-45dd-8e7f-88e56a303202,RR
01a02d94-a873-7302-aaae-76f6090ab5b5,69312616,rua,Rua Ajurí,Centenário,52d99a8c-b151-45dd-8e7f-88e56a303202,RR
01a02d94-98a2-7e4a-ad9d-9a236b1d9a69,69305560,rua,Rua Alagoas,Estados,52d99a8c-b151-45dd-8e7f-88e56a303202,RR
01a02d94-c420-7cd4-bb5b-25d5e155d59f,69318032,rua,Rua Alagoinhas,Laura Moreira,52d99a8c-b151-45dd-8e7f-88e56a303202,RR
01a02d94-b81c-7954-adca-6f090c4ba25e,69316620,rua,Rua Albertina Roselina da Silva,Senador Hélio Campos,52d99a8c-b151-45dd-8e7f-88e56a303202,RR
01a02d94-98a2-757a-ad80-f459114990d1,69305295,rua,Rua Alcemir de Souza Mota,Trinta e Um de Março,52d99a8c-b151-45dd-8e7f-88e56a303202,RR
01a02d94-aa76-727e-851f-8299b888731e,69313505,rua,Rua Alcides Lima,Tancredo Neves,52d99a8c-b151-45dd-8e7f-88e56a303202,RR
01a02d94-a47d-7512-a456-3ae616625767,69312172,rua,Rua Alcides Lima,Caimbé,52d99a8c-b151-45dd-8e7f-88e56a303202,RR
01a02d94-be27-714d-be37-7d1ae0d5dc40,69318055,rua,Rua Aldair Veras de Castro,Laura Moreira,52d99a8c-b151-45dd-8e7f-88e56a303202,RR
01a02d94-ae3c-7990-a527-d3e425102b67,69314192,rua,Rua Aldebarã,Jardim Primavera,52d99a8c-b151-45dd-8e7f-88e56a303202,RR
01a02d94-c224-7278-87c0-7254c35742f4,69311254,rua,Rua Aldrin Diogo Rodrigues de Melo,Residencial Monte Cristo,52d99a8c-b151-45dd-8e7f-88e56a303202,RR
01a02d94-a290-7754-9f27-c4007fbe122f,69311006,rua,Rua Alemanha,Cauamé,52d99a8c-b151-45dd-8e7f-88e56a303202,RR
01a02d94-b23d-7064-a23f-f969fb21045f,69315248,rua,Rua Alexandre Barbosa Monteiro,Distrito Industrial Governador Aquilino Mota Duarte,52d99a8c-b151-45dd-8e7f-88e56a303202,RR
01a02d94-c63b-7cfa-a8fe-b44441abb7c8,69318304,rua,Rua Alexandrino Batista Barbosa,Murilo Teixeira Cidade,52d99a8c-b151-45dd-8e7f-88e56a303202,RR
01a02d94-96a1-76e6-b818-2f5c219ad10b,69304440,rua,Rua Alferes José Agostinho,Mecejana,52d99a8c-b151-45dd-8e7f-88e56a303202,RR
01a02d94-98a2-757a-ad78-7b450e0a74fc,69305260,rua,Rua Alferes Paulo Saldanha,São Francisco,52d99a8c-b151-45dd-8e7f-88e56a303202,RR
01a02d94-9288-722e-96ab-cc517cecc00f,69301420,rua,Rua Alferes Paulo Saldanha,Centro,52d99a8c-b151-45dd-8e7f-88e56a303202,RR
01a02d94-9287-713e-92c0-06f14831ba9b,69301140,rua,Rua Alfredo Cruz,Centro,52d99a8c-b151-45dd-8e7f-88e56a303202,RR
01a02d94-b81d-71e6-8008-f6e066dd8f48,69316692,rua,Rua Alice Cabral,Pintolândia,52d99a8c-b151-45dd-8e7f-88e56a303202,RR
01a02d94-b819-741b-90b0-d1b17c094701,69316476,rua,Rua Alice Maria de Jesus Lira,Senador Hélio Campos,52d99a8c-b151-45dd-8e7f-88e56a303202,RR
01a02d94-9e87-7995-b60b-26f1437ab9dd,69309190,rua,Rua Almerindo dos Santos,Buritis,52d99a8c-b151-45dd-8e7f-88e56a303202,RR
01a02d94-9e86-7813-b17e-208a1de86e4c,69309166,rua,Rua Almerindo dos Santos,Buritis,52d99a8c-b151-45dd-8e7f-88e56a303202,RR
01a02d94-ba1d-77e1-9347-77d4aca3a66d,69317164,rua,Rua Almir Fofocas,Santa Luzia,52d99a8c-b151-45dd-8e7f-88e56a303202,RR
01a02d94-b81b-77fd-8860-c0a8d2309c99,69316576,rua,Rua Almir Fofocas,Senador Hélio Campos,52d99a8c-b151-45dd-8e7f-88e56a303202,RR
01a02d94-c01a-78fa-a71b-08e532ffee41,69318762,rua,Rua Almir Queirós,Dr. Airton Rocha,52d99a8c-b151-45dd-8e7f-88e56a303202,RR
01a02d94-a47b-7a60-87c9-df8caa819ac9,69312055,rua,Rua Almério Mota Pereira,Jardim Floresta,52d99a8c-b151-45dd-8e7f-88e56a303202,RR
01a02d94-a09a-7762-8327-5b09e97fac32,69310045,rua,Rua Almério Mota Pereira,Aeroporto,52d99a8c-b151-45dd-8e7f-88e56a303202,RR
01a02d94-9c84-7d7a-943a-af111a04be27,69307675,rua,Rua Alquelino de Souza Cunha,Caçari,52d99a8c-b151-45dd-8e7f-88e56a303202,RR
01a02d94-ac5f-722b-89a6-1b9d6fe19eb7,69313780,rua,Rua Altair Pereira de Melo,União,52d99a8c-b151-45dd-8e7f-88e56a303202,RR
01a02d94-ac5e-70fb-ad34-940c8ce719a7,69313682,rua,Rua Altair Pereira de Melo,Jardim Caranã,52d99a8c-b151-45dd-8e7f-88e56a303202,RR
01a02d94-be28-727b-9ab8-2288699c1a7e,69318720,rua,Rua Alto Alegre,Dr. Airton Rocha,52d99a8c-b151-45dd-8e7f-88e56a303202,RR
01a02d94-a47b-7a60-87c8-06fc087fdd6a,69312052,rua,Rua Alzimiro Gomes da Silva,Jardim Floresta,52d99a8c-b151-45dd-8e7f-88e56a303202,RR
01a02d94-aa74-7090-9a72-415781439f5a,69313402,rua,Rua Alípio Freire de Lima,Cambará,52d99a8c-b151-45dd-8e7f-88e56a303202,RR
01a02d94-947b-7536-90a1-8f2deba7352f,69303463,rua,Rua Amajari,São Vicente,52d99a8c-b151-45dd-8e7f-88e56a303202,RR
01a02d94-9479-70f9-97cf-f2ce8abe725c,69303037,rua,Rua Amajari,Calungá,52d99a8c-b151-45dd-8e7f-88e56a303202,RR
01a02d94-be28-727b-9abe-467cc53d0107,69318732,rua,Rua Amajarí,Dr. Airton Rocha,52d99a8c-b151-45dd-8e7f-88e56a303202,RR
01a02d94-c224-7278-87c4-eb5bbf90d9d0,69311262,rua,Rua Amanda Bonates,Residencial Monte Cristo,52d99a8c-b151-45dd-8e7f-88e56a303202,RR
01a02d94-98a2-7e4a-ad98-ba317304e83f,69305520,rua,Rua Amapá,Estados,52d99a8c-b151-45dd-8e7f-88e56a303202,RR
01a02d94-c01a-78fa-a6f6-db9213d6b1ed,69315315,rua,Rua Amazonas Brasil,Distrito Industrial Governador Aquilino Mota Duarte,52d99a8c-b151-45dd-8e7f-88e56a303202,RR
01a02d94-a875-7653-bae3-ddc7f2ce73c3,69313075,rua,Rua Ametista,Jóquei Clube,52d99a8c-b151-45dd-8e7f-88e56a303202,RR
01a02d94-a09a-7762-8322-bb9430083912,69310038,rua,Rua Amsterdã,Aeroporto,52d99a8c-b151-45dd-8e7f-88e56a303202,RR
01a02d94-a47e-77ed-965e-3e8b39255dab,69312245,rua,Rua Amâncio Ferreira de Lucena,Asa Branca,52d99a8c-b151-45dd-8e7f-88e56a303202,RR
01a02d94-947c-76ab-ad98-0d3a5f9604fb,69304110,rua,Rua Amélio Lago,Mecejana,52d99a8c-b151-45dd-8e7f-88e56a303202,RR
01a02d94-aa76-7ae5-852d-f9d7fb2819e9,69313530,rua,Rua América Sarmento Ribeiro,Tancredo Neves,52d99a8c-b151-45dd-8e7f-88e56a303202,RR
01a02d94-a47d-7512-a459-9f19a5e35354,69312178,rua,Rua América Sarmento Ribeiro,Caimbé,52d99a8c-b151-45dd-8e7f-88e56a303202,RR
01a02d94-a47b-7a60-87ca-f4990bf21485,69312058,rua,Rua Ana Cecília Mota da Silva,Jardim Floresta,52d99a8c-b151-45dd-8e7f-88e56a303202,RR
01a02d94-a09a-7762-8328-051b3aab2e43,69310048,rua,Rua Ana Cecília Mota da Silva,Aeroporto,52d99a8c-b151-45dd-8e7f-88e56a303202,RR
01a02d94-b23d-790e-a245-f28bee0bd8e2,69315268,rua,Rua Ana Maria Rodrigues de Souza,Distrito Industrial Governador Aquilino Mota Duarte,52d99a8c-b151-45dd-8e7f-88e56a303202,RR
01a02d94-9a95-7cd2-90af-e61c6fa1c5f8,69306495,rua,Rua Ana Nery,Canarinho,52d99a8c-b151-45dd-8e7f-88e56a303202,RR
01a02d94-9a95-741e-909f-07cfb25dc503,69306395,rua,Rua Ana Nery,Nossa Senhora Aparecida,52d99a8c-b151-45dd-8e7f-88e56a303202,RR
01a02d94-c225-7cc7-bcf6-55006bed0b6f,69313297,rua,Rua Anderson Correa Fernandes,Olímpico,52d99a8c-b151-45dd-8e7f-88e56a303202,RR
01a02d94-b42b-78b9-a448-0c0fb59d9c38,69315691,rua,Rua Andorinha,São Bento,52d99a8c-b151-45dd-8e7f-88e56a303202,RR
01a02d94-96a1-7fc7-b822-a3a6fd412deb,69304465,rua,Rua Andorinhas,Mecejana,52d99a8c-b151-45dd-8e7f-88e56a303202,RR
01a02d94-b23d-7064-a23c-b7cf0f470178,69315238,rua,Rua Andréa Madruga Saraiva,Distrito Industrial Governador Aquilino Mota Duarte,52d99a8c-b151-45dd-8e7f-88e56a303202,RR
01a02d94-bc36-714c-bde7-f30a57cee8a0,69317450,rua,Rua Andrômeda,Cidade Satélite,52d99a8c-b151-45dd-8e7f-88e56a303202,RR
01a02d94-98a3-7706-93c0-76187eae1df6,69306290,rua,Rua Angaricó,Nossa Senhora Aparecida,52d99a8c-b151-45dd-8e7f-88e56a303202,RR
01a02d94-b81c-7954-adc2-0eec6c24e357,69316596,rua,Rua Angela Evelim Coelho,Senador Hélio Campos,52d99a8c-b151-45dd-8e7f-88e56a303202,RR
01a02d94-9a96-7dfc-9029-837b2f93767e,69307170,rua,Rua Angelin,Paraviana,52d99a8c-b151-45dd-8e7f-88e56a303202,RR
01a02d94-b81a-7f6d-8eb8-440fdd13ae4a,69316530,rua,Rua Angelita Neiva de Góes,Senador Hélio Campos,52d99a8c-b151-45dd-8e7f-88e56a303202,RR
01a02d94-b239-7d0b-8754-b2afeeda8204,69314660,rua,Rua Angelita Neiva de Góes,Jardim Tropical,52d99a8c-b151-45dd-8e7f-88e56a303202,RR
01a02d94-9a96-7dfc-9021-1e96bc6f7292,69307100,rua,Rua Angico,Paraviana,52d99a8c-b151-45dd-8e7f-88e56a303202,RR
01a02d94-ae3c-7990-a529-bb522f34013e,69314196,rua,Rua Antares,Jardim Primavera,52d99a8c-b151-45dd-8e7f-88e56a303202,RR
01a02d94-a876-7773-ae26-3a6167da9c88,69313182,rua,Rua Antonieta Pereira de Melo,Jóquei Clube,52d99a8c-b151-45dd-8e7f-88e56a303202,RR
01a02d94-c01a-78fa-a6f7-fb9a7f386985,69315659,rua,Rua Antonio Ferreira de Souza,São Bento,52d99a8c-b151-45dd-8e7f-88e56a303202,RR
01a02d94-c225-7401-bce3-32b2498d726f,69312517,rua,Rua Antonio Mutran Paracat,Centenário,52d99a8c-b151-45dd-8e7f-88e56a303202,RR
01a02d94-c225-7cc7-bcf1-54117de449a3,69313080,rua,Rua Antonio Mutran Paracat,Jóquei Clube,52d99a8c-b151-45dd-8e7f-88e56a303202,RR
01a02d94-aa73-7826-ba03-57d68f683467,69313362,rua,Rua Antonio Raimundo Diniz,Cambará,52d99a8c-b151-45dd-8e7f-88e56a303202,RR
01a02d94-c63b-7cfa-a8ff-a1ecf32099b9,69318306,rua,Rua Antonio Reszka,Murilo Teixeira Cidade,52d99a8c-b151-45dd-8e7f-88e56a303202,RR
01a02d94-ba1e-7185-a0d7-20a78cc5ef24,69317225,rua,Rua Antonio Ribeiro de Lima,Alvorada,52d99a8c-b151-45dd-8e7f-88e56a303202,RR
01a02d94-c01b-7930-8225-785c7edfbbd7,69348970,rua,"Rua Antonio Rosa, s/n",Centro,ef423944-9d68-43c0-bd2f-9df6d7901954,RR
01a02d94-ba1e-7a43-a0dc-33b7c0386d6a,69317235,rua,Rua Antonio Vieira da Silva,Alvorada,52d99a8c-b151-45dd-8e7f-88e56a303202,RR
01a02d94-ba1c-7684-87b9-89f0d34075e4,69317028,rua,Rua Antonio Vieira da Silva,Santa Luzia,52d99a8c-b151-45dd-8e7f-88e56a303202,RR
01a02d94-b81e-7309-9e4d-33d221c6be4a,69316748,rua,Rua Antônia Ferreira da Silva,Pintolândia,52d99a8c-b151-45dd-8e7f-88e56a303202,RR
01a02d94-b81b-77fd-8858-a193717beb92,69316558,rua,Rua Antônia Ferreira da Silva,Senador Hélio Campos,52d99a8c-b151-45dd-8e7f-88e56a303202,RR
01a02d94-98a2-757a-ad7a-dc5eb98c2f0c,69305270,rua,Rua Antônio Augusto Martins,São Francisco,52d99a8c-b151-45dd-8e7f-88e56a303202,RR
01a02d94-ba1f-72f2-91e6-5d55aad02682,69317302,rua,Rua Antônio Batista de Miranda,Equatorial,52d99a8c-b151-45dd-8e7f-88e56a303202,RR
01a02d94-ba1c-7f2f-87bd-da97e8a9a3e2,69317044,rua,Rua Antônio Batista de Miranda,Santa Luzia,52d99a8c-b151-45dd-8e7f-88e56a303202,RR
01a02d94-9287-79b2-92d3-394139fa5803,69301290,rua,Rua Antônio Bitencourt,Centro,52d99a8c-b151-45dd-8e7f-88e56a303202,RR
01a02d94-9c86-776f-85af-826d0606cd99,69308020,rua,Rua Antônio Cabral,Treze de Setembro,52d99a8c-b151-45dd-8e7f-88e56a303202,RR
01a02d94-ba1d-77e1-934e-fbf8cf05f2e7,69317176,rua,Rua Antônio Coutrim da Silva,Santa Luzia,52d99a8c-b151-45dd-8e7f-88e56a303202,RR
01a02d94-b81c-70bb-adbf-40546d2ece14,69316592,rua,Rua Antônio Coutrim da Silva,Senador Hélio Campos,52d99a8c-b151-45dd-8e7f-88e56a303202,RR
01a02d94-b23d-7064-a23a-8a48d49ea450,69315232,rua,Rua Antônio Eudes de Souza,Distrito Industrial Governador Aquilino Mota Duarte,52d99a8c-b151-45dd-8e7f-88e56a303202,RR
01a02d94-c225-7401-bcea-571f9a642808,69313004,rua,Rua Antônio Ferreira da Silva,Jóquei Clube,52d99a8c-b151-45dd-8e7f-88e56a303202,RR
01a02d94-b23d-7064-a239-81ae10caccb5,69315228,rua,Rua Antônio Firmino da Silva,Distrito Industrial Governador Aquilino Mota Duarte,52d99a8c-b151-45dd-8e7f-88e56a303202,RR
01a02d94-96a3-7158-8c54-dd711735227f,69304570,rua,Rua Antônio Luitgard Moura,Mecejana,52d99a8c-b151-45dd-8e7f-88e56a303202,RR
01a02d94-a47d-7512-a450-7b6327fbcfec,69312162,rua,Rua Antônio Maciel,Caimbé,52d99a8c-b151-45dd-8e7f-88e56a303202,RR
01a02d94-a47b-7a60-87cb-4997f925d51b,69312062,rua,Rua Antônio Maciel,Jardim Floresta,52d99a8c-b151-45dd-8e7f-88e56a303202,RR
01a02d94-9e86-7813-b183-ceb06cdc3b17,69309172,rua,Rua Antônio Marques,Buritis,52d99a8c-b151-45dd-8e7f-88e56a303202,RR
01a02d94-b42a-76e2-a2e2-32bb7b73190b,69315338,rua,Rua Antônio Moreira da Silva,Distrito Industrial Governador Aquilino Mota Duarte,52d99a8c-b151-45dd-8e7f-88e56a303202,RR
01a02d94-ba1e-7185-a0d1-79949b7e4525,69317192,rua,Rua Antônio Moreira de Moraes,Alvorada,52d99a8c-b151-45dd-8e7f-88e56a303202,RR
01a02d94-ac5d-7865-9402-1551486e503c,69313619,rua,Rua Antônio Pinheiro Filho,Caranã,52d99a8c-b151-45dd-8e7f-88e56a303202,RR
01a02d94-ac5c-7fc7-a1cb-ac9e7e83b2e5,69313585,rua,Rua Antônio Pinheiro Filho,Caranã,52d99a8c-b151-45dd-8e7f-88e56a303202,RR
01a02d94-9e87-7995-b610-fe2633650e4a,69309209,rua,Rua Antônio Pinheiro Galvão,Buritis,52d99a8c-b151-45dd-8e7f-88e56a303202,RR
01a02d94-9e87-70b1-b602-b02336db27c4,69309181,rua,Rua Antônio Pinheiro Galvão,Buritis,52d99a8c-b151-45dd-8e7f-88e56a303202,RR
01a02d94-98a2-7e4a-ad8d-c2afb0c84cde,69305430,rua,Rua Antônio Rangel,Trinta e Um de Março,52d99a8c-b151-45dd-8e7f-88e56a303202,RR
01a02d94-9479-79a5-97dd-b77507519117,69303190,rua,Rua Antônio Raposo Tavares,Calungá,52d99a8c-b151-45dd-8e7f-88e56a303202,RR
01a02d94-9c85-7ec7-9199-e9422a125f63,69307750,rua,Rua Antônio Seabra,Caçari,52d99a8c-b151-45dd-8e7f-88e56a303202,RR
01a02d94-b623-7577-af2f-4033df7ea455,69316368,rua,Rua Antônio Silvino de Alexandre,Operário,52d99a8c-b151-45dd-8e7f-88e56a303202,RR
01a02d94-b42c-7161-995f-5ed18068aafe,69316054,rua,Rua Antônio Silvino de Alexandre,Raiar do Sol,52d99a8c-b151-45dd-8e7f-88e56a303202,RR
01a02d94-b23b-7f5d-b40f-052fc5ec3a1b,69315088,rua,Rua Antônio Silvino de Alexandre,Professora Araceli Souto Maior,52d99a8c-b151-45dd-8e7f-88e56a303202,RR
01a02d94-c420-7cd4-bb4d-33432dcfc7c0,69315670,rua,Rua Antônio Silvino de Alexandre,São Bento,52d99a8c-b151-45dd-8e7f-88e56a303202,RR
01a02d94-a291-7930-8b2d-ad0484da8d55,69312025,rua,Rua Antônio da Costa Uchôa,Jardim Floresta,52d99a8c-b151-45dd-8e7f-88e56a303202,RR
01a02d94-b622-7cd2-a250-9ff10db25221,69316295,rua,Rua Anísio Carlos Amorim,Operário,52d99a8c-b151-45dd-8e7f-88e56a303202,RR
01a02d94-b23e-717a-a08b-3c129d9a74f4,69315302,rua,Rua Anísio Justiniano Ferreira,Distrito Industrial Governador Aquilino Mota Duarte,52d99a8c-b151-45dd-8e7f-88e56a303202,RR
01a02d94-9a97-76a7-b990-75df9c9657bf,69307250,rua,Rua Anísio de Carvalho,Paraviana,52d99a8c-b151-45dd-8e7f-88e56a303202,RR
01a02d94-9c86-776f-85b0-66922ad14283,69308030,rua,Rua Apiaú,Treze de Setembro,52d99a8c-b151-45dd-8e7f-88e56a303202,RR
01a02d94-a67b-73a0-9efc-8aac1c26e178,69312398,rua,Rua Apocalipse,Cinturão Verde,52d99a8c-b151-45dd-8e7f-88e56a303202,RR
01a02d94-bc36-7a0e-bdfc-cf13e95f43ab,69317482,rua,Rua Aquário,Cidade Satélite,52d99a8c-b151-45dd-8e7f-88e56a303202,RR
01a02d94-b622-743d-a233-35f628cda2cf,69316238,rua,Rua Aracaju,Nova Cidade,52d99a8c-b151-45dd-8e7f-88e56a303202,RR
01a02d94-9c84-74c6-942a-0937b1b8f822,69307595,rua,Rua Arapari,Caçari,52d99a8c-b151-45dd-8e7f-88e56a303202,RR
01a02d94-9a97-76a7-b98b-52e6bc806efd,69307235,rua,Rua Arapari,Paraviana,52d99a8c-b151-45dd-8e7f-88e56a303202,RR
01a02d94-947b-7536-909b-6c454a236bb9,69303452,rua,Rua Araraquara,São Vicente,52d99a8c-b151-45dd-8e7f-88e56a303202,RR
01a02d94-96a0-7e34-9574-5c7359ed034c,69304404,rua,Rua Arariboia,Mecejana,52d99a8c-b151-45dd-8e7f-88e56a303202,RR
01a02d94-c420-7cd4-bb5c-40207390c8f2,69318037,rua,Rua Araruna,Laura Moreira,52d99a8c-b151-45dd-8e7f-88e56a303202,RR
01a02d94-c01a-705e-a6dd-6f72105b60cc,69307070,rua,Rua Araucária,Paraviana,52d99a8c-b151-45dd-8e7f-88e56a303202,RR
01a02d94-b42c-7161-9960-545d19ae3fb9,69316055,rua,Rua Arco-Íris,Raiar do Sol,52d99a8c-b151-45dd-8e7f-88e56a303202,RR
01a02d94-b42b-78b9-a44b-1ed4cee99c86,69316004,rua,Rua Arco-Íris,Raiar do Sol,52d99a8c-b151-45dd-8e7f-88e56a303202,RR
01a02d94-a290-7754-9f28-a43165af9873,69311009,rua,Rua Argentina,Cauamé,52d99a8c-b151-45dd-8e7f-88e56a303202,RR
01a02d94-c224-7278-87bf-968ea61f2819,69311252,rua,Rua Ariadna Falcão de Souza,Residencial Monte Cristo,52d99a8c-b151-45dd-8e7f-88e56a303202,RR
01a02d94-9c82-7a7b-bd1e-7d0ecbab7b14,69307337,rua,Rua Arieira,Paraviana,52d99a8c-b151-45dd-8e7f-88e56a303202,RR
01a02d94-a47c-72e6-8391-4d7b9fbd40f3,69312108,rua,Rua Ariosvaldo Oliveira Veloso,Jardim Floresta,52d99a8c-b151-45dd-8e7f-88e56a303202,RR
01a02d94-c01b-7930-821a-550814e38779,69318766,rua,Rua Aristoteles de Lima Carneiro,Dr. Airton Rocha,52d99a8c-b151-45dd-8e7f-88e56a303202,RR
01a02d94-aa74-7943-9a7d-e9470ce822c2,69313440,rua,Rua Aristóteles Carneiro,Cambará,52d99a8c-b151-45dd-8e7f-88e56a303202,RR
01a02d94-aa74-7090-9a71-8b4fe8d50e27,69313398,rua,Rua Armando Gomes,Cambará,52d99a8c-b151-45dd-8e7f-88e56a303202,RR
01a02d94-aa73-7826-ba00-2202aff18fbf,69313354,rua,Rua Armando Nogueira,Cambará,52d99a8c-b151-45dd-8e7f-88e56a303202,RR
01a02d94-a678-7680-a1f8-d33830d00fae,69312311,rua,Rua Armando Nogueira,Asa Branca,52d99a8c-b151-45dd-8e7f-88e56a303202,RR
01a02d94-a47e-77ed-9661-4b873751b184,69312252,rua,Rua Armando Nogueira,Asa Branca,52d99a8c-b151-45dd-8e7f-88e56a303202,RR
01a02d94-9e85-7f58-867f-6ff8eb1c6b62,69309160,rua,Rua Armando Nogueira,Buritis,52d99a8c-b151-45dd-8e7f-88e56a303202,RR
01a02d94-b23d-790e-a24a-83ec2f0f706d,69315280,rua,Rua Armando de Souza Cruz,Distrito Industrial Governador Aquilino Mota Duarte,52d99a8c-b151-45dd-8e7f-88e56a303202,RR
01a02d94-c01b-7930-8219-938389159453,69318764,rua,Rua Armênio Santos,Dr. Airton Rocha,52d99a8c-b151-45dd-8e7f-88e56a303202,RR
01a02d94-9a96-7dfc-901f-07412766b1a7,69307090,rua,Rua Aroeira,Paraviana,52d99a8c-b151-45dd-8e7f-88e56a303202,RR
01a02d94-c420-7cd4-bb5d-336b95b804f4,69318042,rua,Rua Aroeiras,Laura Moreira,52d99a8c-b151-45dd-8e7f-88e56a303202,RR
01a02d94-98a3-7fae-93d7-9bb78a84b1ce,69306390,rua,Rua Artur Vigílio,Nossa Senhora Aparecida,52d99a8c-b151-45dd-8e7f-88e56a303202,RR
01a02d94-ae3c-70d0-a50a-ed6f6ff2bd55,69314106,rua,Rua Aruanã,Santa Tereza,52d99a8c-b151-45dd-8e7f-88e56a303202,RR
01a02d94-ae3b-780f-87e8-042926e7aea0,69314028,rua,Rua Aruanã,Piscicultura,52d99a8c-b151-45dd-8e7f-88e56a303202,RR
01a02d94-98a3-7706-93c2-99b24ab092fe,69306300,rua,Rua Aruaque,Nossa Senhora Aparecida,52d99a8c-b151-45dd-8e7f-88e56a303202,RR
01a02d94-96a4-7c9c-bcca-6a04c6cf9e1b,69305125,rua,Rua Aruaque,São Francisco,52d99a8c-b151-45dd-8e7f-88e56a303202,RR
01a02d94-a47b-7a60-87c7-7cdb9110b613,69312048,rua,Rua Atlas Catanhede,Jardim Floresta,52d99a8c-b151-45dd-8e7f-88e56a303202,RR
01a02d94-9a97-76a7-b997-b2616ce414ec,69307275,rua,Rua Augusto Cesar Luitgards Moura,Paraviana,52d99a8c-b151-45dd-8e7f-88e56a303202,RR
01a02d94-9a96-756b-9012-f51bdd2db7d1,69306720,rua,Rua Aurélio Brito,São Pedro,52d99a8c-b151-45dd-8e7f-88e56a303202,RR
01a02d94-bc35-7861-acae-24bb262b9b42,69317358,rua,Rua Austral,Equatorial,52d99a8c-b151-45dd-8e7f-88e56a303202,RR
01a02d94-a290-7754-9f29-104cbb63e2b0,69311011,rua,Rua Austrália,Cauamé,52d99a8c-b151-45dd-8e7f-88e56a303202,RR
01a02d94-a099-7664-8f84-e978319fee6f,69309460,rua,Rua Azaléias,Pricumã,52d99a8c-b151-45dd-8e7f-88e56a303202,RR
01a02d94-c63b-7cfa-a904-3320033ccfea,69318316,rua,Rua B,Murilo Teixeira Cidade,52d99a8c-b151-45dd-8e7f-88e56a303202,RR
01a02d94-a67b-73a0-9ef8-1ccdd4338601,69312387,rua,Rua B,Cinturão Verde,52d99a8c-b151-45dd-8e7f-88e56a303202,RR
01a02d94-98a3-7706-93a6-c5905979b190,69305620,rua,Rua Bahia,Estados,52d99a8c-b151-45dd-8e7f-88e56a303202,RR
01a02d94-ba1e-7a43-a0d9-41460baea64a,69317231,rua,Rua Barnabé Antônio de Lima,Alvorada,52d99a8c-b151-45dd-8e7f-88e56a303202,RR
01a02d94-ba1c-7684-87b6-9c0a3a8f62f9,69317024,rua,Rua Barnabé Antônio de Lima,Santa Luzia,52d99a8c-b151-45dd-8e7f-88e56a303202,RR
01a02d94-c420-7cd4-bb5f-a39f20f493b2,69318052,rua,Rua Barra de Santana,Laura Moreira,52d99a8c-b151-45dd-8e7f-88e56a303202,RR
01a02d94-9287-79b2-92d5-31c17e6ba957,69301310,rua,Rua Barreto Leite,Centro,52d99a8c-b151-45dd-8e7f-88e56a303202,RR
01a02d94-9479-79a5-97df-449ea8a558a0,69303210,rua,Rua Bartolomeu Bueno Silva,Calungá,52d99a8c-b151-45dd-8e7f-88e56a303202,RR
01a02d94-9287-713e-92be-c782c54e996d,69301130,rua,Rua Barão do Rio Branco,Centro,52d99a8c-b151-45dd-8e7f-88e56a303202,RR
01a02d94-b42b-78b9-a449-4aa58a7149db,69315695,rua,Rua Beija Flor,São Bento,52d99a8c-b151-45dd-8e7f-88e56a303202,RR
01a02d94-96a1-7fc7-b827-bdff0cb74f14,69304472,rua,Rua Beija-Flor,Mecejana,52d99a8c-b151-45dd-8e7f-88e56a303202,RR
01a02d94-a872-7a62-b9e4-aaae5a954ca8,69312595,rua,Rua Beira Rio,Centenário,52d99a8c-b151-45dd-8e7f-88e56a303202,RR
01a02d94-9e83-72cd-8258-cbef4aa6a684,69308161,rua,Rua Beira Rio,Treze de Setembro,52d99a8c-b151-45dd-8e7f-88e56a303202,RR
01a02d94-a872-71af-b9de-1f4a0a8f3e15,69312583,rua,Rua Bela Vista,Centenário,52d99a8c-b151-45dd-8e7f-88e56a303202,RR
01a02d94-aa76-7ae5-852e-c572dce4bdb2,69313531,rua,Rua Belarmino Fernandes Magalhães,Tancredo Neves,52d99a8c-b151-45dd-8e7f-88e56a303202,RR
01a02d94-aa75-7a16-8edb-b6a97402a7cb,69313485,rua,Rua Belarmino Fernandes Magalhães,Tancredo Neves,52d99a8c-b151-45dd-8e7f-88e56a303202,RR
01a02d94-a47e-77ed-9660-a31516f0a2dd,69312248,rua,Rua Belarmino Fernandes Magalhães,Asa Branca,52d99a8c-b151-45dd-8e7f-88e56a303202,RR
01a02d94-b621-7ba5-bd76-6e07694c01d9,69316214,rua,Rua Belo Horizonte,Nova Cidade,52d99a8c-b151-45dd-8e7f-88e56a303202,RR
01a02d94-b622-743d-a239-31254465bcee,69316254,rua,Rua Belém,Nova Cidade,52d99a8c-b151-45dd-8e7f-88e56a303202,RR
01a02d94-9c86-7fdf-85b1-2caf61196c54,69308040,rua,Rua Bem Querer,Treze de Setembro,52d99a8c-b151-45dd-8e7f-88e56a303202,RR
01a02d94-b42a-7fce-a2e5-b159b9b3bbd5,69315606,rua,Rua Bem Te Vi,São Bento,52d99a8c-b151-45dd-8e7f-88e56a303202,RR
01a02d94-96a1-7fc7-b828-071d3f435fe0,69304475,rua,Rua Bem-te-vi,Mecejana,52d99a8c-b151-45dd-8e7f-88e56a303202,RR
01a02d94-b81e-7309-9e48-20b31d9035fd,69316735,rua,Rua Benjamin Pereira de Melo,Pintolândia,52d99a8c-b151-45dd-8e7f-88e56a303202,RR
01a02d94-b81a-76ad-8eb0-0ba141f04241,69316510,rua,Rua Benjamin Pereira de Melo,Senador Hélio Campos,52d99a8c-b151-45dd-8e7f-88e56a303202,RR
01a02d94-b037-7065-9a6d-7a8314e50311,69314464,rua,Rua Benjamin Pereira de Melo,Doutor Sílvio Botelho,52d99a8c-b151-45dd-8e7f-88e56a303202,RR
01a02d94-c01a-705e-a6eb-6fe108d5e9ae,69313032,rua,Rua Bering,Jóquei Clube,52d99a8c-b151-45dd-8e7f-88e56a303202,RR
01a02d94-ba1b-752b-b186-e1036ec7c223,69316772,rua,Rua Betel,Pintolândia,52d99a8c-b151-45dd-8e7f-88e56a303202,RR
01a02d94-b035-76a5-9d39-366d23419c0a,69314384,rua,Rua Betel,Nova Canaã,52d99a8c-b151-45dd-8e7f-88e56a303202,RR
01a02d94-aa74-7943-9a7e-19a0128c5045,69313442,rua,Rua Betel,Cambará,52d99a8c-b151-45dd-8e7f-88e56a303202,RR
01a02d94-a47c-7b8d-8394-2ac1269373b7,69312115,rua,Rua Blandina Castelo Branco Pinto,Jardim Floresta,52d99a8c-b151-45dd-8e7f-88e56a303202,RR
01a02d94-a67c-752a-bed5-17dd5276d141,69312505,rua,Rua Boa Esperança,Centenário,52d99a8c-b151-45dd-8e7f-88e56a303202,RR
01a02d94-c420-7cd4-bb5e-740fd5e6fd16,69318047,rua,Rua Boa Ventura,Laura Moreira,52d99a8c-b151-45dd-8e7f-88e56a303202,RR
01a02d94-b621-7ba5-bd74-aa17ec73f44e,69316208,rua,Rua Boa Vista,Nova Cidade,52d99a8c-b151-45dd-8e7f-88e56a303202,RR
01a02d94-a290-7754-9f2c-648a2eeb909c,69311021,rua,Rua Bolívia,Cauamé,52d99a8c-b151-45dd-8e7f-88e56a303202,RR
01a02d94-a873-7c32-aabd-ce755d6cad05,69312653,rua,Rua Bolônia,Centenário,52d99a8c-b151-45dd-8e7f-88e56a303202,RR
01a02d94-be28-727b-9ab9-1c5f8e018e32,69318722,rua,Rua Bonfim,Dr. Airton Rocha,52d99a8c-b151-45dd-8e7f-88e56a303202,RR
01a02d94-bc36-714c-bdde-8a5b7caef208,69317386,rua,Rua Boreal,Equatorial,52d99a8c-b151-45dd-8e7f-88e56a303202,RR
01a02d94-a098-7582-95bc-3fe93a308f18,69309365,rua,Rua Botão-de-ouro,Pricumã,52d99a8c-b151-45dd-8e7f-88e56a303202,RR
01a02d94-98a3-7706-93a8-415b26a8d286,69305640,rua,Rua Brasília,Estados,52d99a8c-b151-45dd-8e7f-88e56a303202,RR
01a02d94-b622-743d-a246-e57c04964d8a,69316282,rua,Rua Braz Cândido de Souza,Operário,52d99a8c-b151-45dd-8e7f-88e56a303202,RR
01a02d94-c01a-705e-a6df-42a4fb8ff4ef,69308060,rua,Rua Brigadeiro Oliveira,Treze de Setembro,52d99a8c-b151-45dd-8e7f-88e56a303202,RR
01a02d94-b037-7065-9a75-4a92547754e0,69314490,rua,Rua Brigadeiro-do-Ar Nero Moura,Doutor Sílvio Botelho,52d99a8c-b151-45dd-8e7f-88e56a303202,RR
01a02d94-a874-74e6-93db-7b7242dad5cf,69313002,rua,Rua Brucutu,Jóquei Clube,52d99a8c-b151-45dd-8e7f-88e56a303202,RR
01a02d94-96a1-76e6-b81f-3c1b0ba75522,69304460,rua,Rua Brás de Águiar,Mecejana,52d99a8c-b151-45dd-8e7f-88e56a303202,RR
01a02d94-c01a-705e-a6ea-dbfd8a0d88a4,69312673,rua,Rua Bréscia,Centenário,52d99a8c-b151-45dd-8e7f-88e56a303202,RR
01a02d94-a290-7754-9f2b-f33c63886e67,69311017,rua,Rua Bélgica,Cauamé,52d99a8c-b151-45dd-8e7f-88e56a303202,RR
01a02d94-a874-74e6-93d7-f7d7626906ef,69312663,rua,Rua Bérgamo,Centenário,52d99a8c-b151-45dd-8e7f-88e56a303202,RR
01a02d94-be26-788d-9bf4-dfeeee66c6a6,69317584,rua,Rua C,Cidade Satélite,52d99a8c-b151-45dd-8e7f-88e56a303202,RR
01a02d94-b622-743d-a240-714fac0efa64,69316270,rua,Rua C,Dr. Airton Rocha,52d99a8c-b151-45dd-8e7f-88e56a303202,RR
01a02d94-c63b-7cfa-a905-c56fac853282,69318318,rua,Rua C,Murilo Teixeira Cidade,52d99a8c-b151-45dd-8e7f-88e56a303202,RR
01a02d94-aa74-7943-9a7a-5294fc548234,69313430,rua,Rua C-23,Cambará,52d99a8c-b151-45dd-8e7f-88e56a303202,RR
01a02d94-b034-7e20-9520-b2b3147898e7,69314334,rua,Rua C-29,Doutor Sílvio Leite,52d99a8c-b151-45dd-8e7f-88e56a303202,RR
01a02d94-b034-7e20-9527-ccc951974641,69314352,rua,Rua C-35,Doutor Sílvio Leite,52d99a8c-b151-45dd-8e7f-88e56a303202,RR
01a02d94-ba1e-7185-a0d5-68cbd4b241fc,69317198,rua,Rua C-43,Alvorada,52d99a8c-b151-45dd-8e7f-88e56a303202,RR
01a02d94-ba1e-7185-a0d6-ca4872d6a1e0,69317201,rua,Rua C-44,Alvorada,52d99a8c-b151-45dd-8e7f-88e56a303202,RR
01a02d94-ba1e-7a43-a0dd-f1727b4b954a,69317236,rua,Rua C-51,Alvorada,52d99a8c-b151-45dd-8e7f-88e56a303202,RR
01a02d94-ba1c-7f2f-87ba-2be79c151a4e,69317029,rua,Rua C-51,Santa Luzia,52d99a8c-b151-45dd-8e7f-88e56a303202,RR
01a02d94-be27-714d-be2d-bfab9671fc2f,69318005,rua,Rua CC-02,Laura Moreira,52d99a8c-b151-45dd-8e7f-88e56a303202,RR
01a02d94-be27-714d-be2e-7cb94d858929,69318010,rua,Rua CC-03,Laura Moreira,52d99a8c-b151-45dd-8e7f-88e56a303202,RR
01a02d94-be27-714d-be2f-26ef3ef5906f,69318015,rua,Rua CC-04,Laura Moreira,52d99a8c-b151-45dd-8e7f-88e56a303202,RR
01a02d94-be27-714d-be31-b381e1a2584d,69318025,rua,Rua CC-06,Laura Moreira,52d99a8c-b151-45dd-8e7f-88e56a303202,RR
01a02d94-be27-714d-be32-42f60b7e73b1,69318030,rua,Rua CC-07,Laura Moreira,52d99a8c-b151-45dd-8e7f-88e56a303202,RR
01a02d94-be27-79fb-be3a-cd3dbf98a180,69318070,rua,Rua CC-15,Laura Moreira,52d99a8c-b151-45dd-8e7f-88e56a303202,RR
01a02d94-be27-79fb-be3b-e69d3861ff19,69318075,rua,Rua CC-16,Laura Moreira,52d99a8c-b151-45dd-8e7f-88e56a303202,RR
01a02d94-be27-79fb-be3c-359dfad12647,69318080,rua,Rua CC-17,Laura Moreira,52d99a8c-b151-45dd-8e7f-88e56a303202,RR
01a02d94-be27-79fb-be3d-66e714392ba2,69318085,rua,Rua CC-18,Laura Moreira,52d99a8c-b151-45dd-8e7f-88e56a303202,RR
01a02d94-be27-79fb-be3e-f4cd9d78ec16,69318090,rua,Rua CC-19,Laura Moreira,52d99a8c-b151-45dd-8e7f-88e56a303202,RR
01a02d94-be27-79fb-be3f-3bea6ac45ad0,69318095,rua,Rua CC-20,Laura Moreira,52d99a8c-b151-45dd-8e7f-88e56a303202,RR
01a02d94-be27-79fb-be40-080567aec69d,69318100,rua,Rua CC-21,Laura Moreira,52d99a8c-b151-45dd-8e7f-88e56a303202,RR
01a02d94-be27-79fb-be41-947f88acb40f,69318105,rua,Rua CC-22,Laura Moreira,52d99a8c-b151-45dd-8e7f-88e56a303202,RR
01a02d94-be27-79fb-be42-0335afb0ec94,69318110,rua,Rua CC-23,Laura Moreira,52d99a8c-b151-45dd-8e7f-88e56a303202,RR
01a02d94-be27-79fb-be43-b7f3f0651d6e,69318115,rua,Rua CC-24,Laura Moreira,52d99a8c-b151-45dd-8e7f-88e56a303202,RR
01a02d94-be27-79fb-be44-ca2e921a67ec,69318120,rua,Rua CC-25,Laura Moreira,52d99a8c-b151-45dd-8e7f-88e56a303202,RR
01a02d94-be27-79fb-be45-1b7ac34e0266,69318125,rua,Rua CC-26,Laura Moreira,52d99a8c-b151-45dd-8e7f-88e56a303202,RR
01a02d94-be27-79fb-be46-d81da5e3eea5,69318130,rua,Rua CC-27,Laura Moreira,52d99a8c-b151-45dd-8e7f-88e56a303202,RR
01a02d94-be27-79fb-be47-a0b50a0a19c7,69318135,rua,Rua CC-28,Laura Moreira,52d99a8c-b151-45dd-8e7f-88e56a303202,RR
01a02d94-be27-79fb-be48-def94357638f,69318140,rua,Rua CC-29,Laura Moreira,52d99a8c-b151-45dd-8e7f-88e56a303202,RR
01a02d94-be27-79fb-be49-846948457814,69318145,rua,Rua CC-30,Laura Moreira,52d99a8c-b151-45dd-8e7f-88e56a303202,RR
01a02d94-be27-79fb-be4a-96275e887ddd,69318150,rua,Rua CC-31,Laura Moreira,52d99a8c-b151-45dd-8e7f-88e56a303202,RR
01a02d94-be27-79fb-be4b-370a895e9b8f,69318155,rua,Rua CC-32,Laura Moreira,52d99a8c-b151-45dd-8e7f-88e56a303202,RR
01a02d94-be27-79fb-be4c-d1f884b40185,69318160,rua,Rua CC-33,Laura Moreira,52d99a8c-b151-45dd-8e7f-88e56a303202,RR
01a02d94-be27-79fb-be4d-120cbba92ead,69318165,rua,Rua CC-34,Laura Moreira,52d99a8c-b151-45dd-8e7f-88e56a303202,RR
01a02d94-c225-7401-bceb-3e1cadd8ba48,69313006,rua,Rua CJ-13,Jóquei Clube,52d99a8c-b151-45dd-8e7f-88e56a303202,RR
01a02d94-b621-7ba5-bd72-41b48d913dff,69316204,rua,Rua Cabo Mozart Paulo Clemente,Nova Cidade,52d99a8c-b151-45dd-8e7f-88e56a303202,RR
01a02d94-ac5e-7994-ad4c-2c9bbeff8494,69313750,rua,Rua Cabo-Polícia Militar Laurindo de Araújo Braga,União,52d99a8c-b151-45dd-8e7f-88e56a303202,RR
01a02d94-ac5c-7fc7-a1c4-d1f9225cada2,69313568,rua,Rua Cabo-Polícia Militar Laurindo de Araújo Braga,Caranã,52d99a8c-b151-45dd-8e7f-88e56a303202,RR
01a02d94-ac5e-70fb-ad2a-cef2d2a7ed22,69313640,rua,Rua Cabo-Polícia Militar Lawrence Melo,Caranã,52d99a8c-b151-45dd-8e7f-88e56a303202,RR
01a02d94-9a96-7dfc-9024-5d056c3ad029,69307130,rua,Rua Caimbé,Paraviana,52d99a8c-b151-45dd-8e7f-88e56a303202,RR
01a02d94-947b-7de2-90a4-46ee6a7a7b9b,69303470,rua,Rua Caio Vasconcelos,São Vicente,52d99a8c-b151-45dd-8e7f-88e56a303202,RR
01a02d94-c420-7cd4-bb67-86685da3c4ea,69318167,rua,Rua Cajazeira,Laura Moreira,52d99a8c-b151-45dd-8e7f-88e56a303202,RR
01a02d94-ba1b-752b-b187-62869ee5f39b,69316775,rua,Rua Calebe,Pintolândia,52d99a8c-b151-45dd-8e7f-88e56a303202,RR
01a02d94-b035-7f2a-9d40-44df0667366e,69314402,rua,Rua Calebe,Nova Canaã,52d99a8c-b151-45dd-8e7f-88e56a303202,RR
01a02d94-aa74-7090-9a6e-c33480b1d2b5,69313388,rua,Rua Calebe,Cambará,52d99a8c-b151-45dd-8e7f-88e56a303202,RR
01a02d94-c01a-78fa-a700-ab71e7121147,69313284,rua,Rua Cambará,Olímpico,52d99a8c-b151-45dd-8e7f-88e56a303202,RR
01a02d94-a874-74e6-93dc-2ef3286094dd,69313005,rua,Rua Campelo,Jóquei Clube,52d99a8c-b151-45dd-8e7f-88e56a303202,RR
01a02d94-b42d-74d5-8be9-f4da96dd7777,69316182,rua,Rua Campinas,Nova Cidade,52d99a8c-b151-45dd-8e7f-88e56a303202,RR
01a02d94-b42d-74d5-8be7-b45b383491da,69316168,rua,Rua Campinas,Bela Vista,52d99a8c-b151-45dd-8e7f-88e56a303202,RR
01a02d94-b621-7ba5-bd75-b616418a5d47,69316212,rua,Rua Campo Grande,Nova Cidade,52d99a8c-b151-45dd-8e7f-88e56a303202,RR
01a02d94-c01b-7930-821c-155ee2b6015c,69318770,rua,Rua Campos Sales,Dr. Airton Rocha,52d99a8c-b151-45dd-8e7f-88e56a303202,RR
01a02d94-a09b-703f-b0b5-fa4776ab842f,69310083,rua,Rua Campos dos Palmares,Aeroporto,52d99a8c-b151-45dd-8e7f-88e56a303202,RR
01a02d94-a290-7754-9f2f-79ee4e60d103,69311027,rua,Rua Canadá,Cauamé,52d99a8c-b151-45dd-8e7f-88e56a303202,RR
01a02d94-c01b-7930-821d-c8133bee33e3,69318772,rua,Rua Canoa Quebrada,Dr. Airton Rocha,52d99a8c-b151-45dd-8e7f-88e56a303202,RR
01a02d94-bc36-7a0e-be00-04b287758afd,69317490,rua,Rua Canopus,Cidade Satélite,52d99a8c-b151-45dd-8e7f-88e56a303202,RR
01a02d94-be28-727b-9ab6-bad685190ff0,69318718,rua,Rua Cantá,Dr. Airton Rocha,52d99a8c-b151-45dd-8e7f-88e56a303202,RR
01a02d94-b42b-78b9-a446-acaf838dc0db,69315685,rua,Rua Canário,São Bento,52d99a8c-b151-45dd-8e7f-88e56a303202,RR
01a02d94-bc36-7a0e-be01-42657ffede8e,69317492,rua,Rua Capela,Cidade Satélite,52d99a8c-b151-45dd-8e7f-88e56a303202,RR
01a02d94-9287-713e-92bf-45af333d2bd7,69301135,rua,Rua Capitão Bessa,Centro,52d99a8c-b151-45dd-8e7f-88e56a303202,RR
01a02d94-9a96-756b-9001-cb779f1f1c7c,69306620,rua,Rua Capitão Bessa,São Pedro,52d99a8c-b151-45dd-8e7f-88e56a303202,RR
01a02d94-9c84-74c6-9427-1e056f25ad38,69307586,rua,Rua Capitão Castro Mendes,Caçari,52d99a8c-b151-45dd-8e7f-88e56a303202,RR
01a02d94-9a96-7dfc-9017-c7260c1e60c1,69307052,rua,Rua Capitão Castro Mendes,Paraviana,52d99a8c-b151-45dd-8e7f-88e56a303202,RR
01a02d94-b42b-78b9-a442-b0e44bdec1b0,69315666,rua,Rua Capitão Clovis da Costa,São Bento,52d99a8c-b151-45dd-8e7f-88e56a303202,RR
01a02d94-96a1-76e6-b81a-00ee3340518a,69304450,rua,Rua Capitão Felipe Sturm,Mecejana,52d99a8c-b151-45dd-8e7f-88e56a303202,RR
01a02d94-96a0-7e34-9571-b7faf66908ea,69304400,rua,Rua Capitão Francisco Ferreira,Mecejana,52d99a8c-b151-45dd-8e7f-88e56a303202,RR
01a02d94-96a4-7c9c-bcc9-bc82332a48ee,69305120,rua,Rua Capitão Franco de Carvalho,São Francisco,52d99a8c-b151-45dd-8e7f-88e56a303202,RR
01a02d94-bc36-7a0e-be02-60806ea2ca0b,69317494,rua,Rua Capricórnio,Cidade Satélite,52d99a8c-b151-45dd-8e7f-88e56a303202,RR
01a02d94-ae3d-7238-b6b2-53da32e6bc57,69314218,rua,Rua Capricórnio,Jardim Primavera,52d99a8c-b151-45dd-8e7f-88e56a303202,RR
01a02d94-9c86-7fdf-85b7-d844c7dcb0f9,69308100,rua,Rua Caracaranã,Treze de Setembro,52d99a8c-b151-45dd-8e7f-88e56a303202,RR
01a02d94-be28-727b-9ab7-7a66aec5615b,69318719,rua,Rua Caracaraí,Dr. Airton Rocha,52d99a8c-b151-45dd-8e7f-88e56a303202,RR
01a02d94-ac5e-70fb-ad27-ffbb26f1a58d,69313634,rua,Rua Caranã,Caranã,52d99a8c-b151-45dd-8e7f-88e56a303202,RR
01a02d94-bc36-714c-bde0-52eeaa23b6ef,69317392,rua,Rua Cardeais,Equatorial,52d99a8c-b151-45dd-8e7f-88e56a303202,RR
01a02d94-947a-7c89-9170-dd637d6d615a,69303420,rua,Rua Caribe,São Vicente,52d99a8c-b151-45dd-8e7f-88e56a303202,RR
01a02d94-be26-788d-9bef-55666b3a4fc9,69317576,rua,Rua Carina,Cidade Satélite,52d99a8c-b151-45dd-8e7f-88e56a303202,RR
01a02d94-947c-76ab-ad95-49a374b4b327,69304080,rua,Rua Carlos Gomes,Mecejana,52d99a8c-b151-45dd-8e7f-88e56a303202,RR
01a02d94-a47c-7b8d-8395-b3fe8e8b3028,69312118,rua,Rua Carlos Gomes da Silva,Jardim Floresta,52d99a8c-b151-45dd-8e7f-88e56a303202,RR
01a02d94-c225-7cc7-bcec-8e619b0beaa7,69313007,rua,Rua Carlos Mesquita Ferreira,Jóquei Clube,52d99a8c-b151-45dd-8e7f-88e56a303202,RR
01a02d94-a099-7eb6-8f9b-b7424471192f,69309655,rua,Rua Carlos Natrodt,Pricumã,52d99a8c-b151-45dd-8e7f-88e56a303202,RR
01a02d94-9e85-7573-866f-19a988713d4e,69309007,rua,Rua Carlos Natrodt,Liberdade,52d99a8c-b151-45dd-8e7f-88e56a303202,RR
01a02d94-b81c-7954-adc4-4221070eb54d,69316600,rua,Rua Carmelita Ireng,Senador Hélio Campos,52d99a8c-b151-45dd-8e7f-88e56a303202,RR
01a02d94-ba1b-7dd9-b188-9a8a5e3868cb,69316778,rua,Rua Carmelo,Pintolândia,52d99a8c-b151-45dd-8e7f-88e56a303202,RR
01a02d94-b239-7d0b-874d-3b29261ba766,69314625,rua,Rua Carmelo,Jardim Tropical,52d99a8c-b151-45dd-8e7f-88e56a303202,RR
01a02d94-b037-7933-9a82-0de7188d0c49,69314537,rua,Rua Carmelo,Doutor Sílvio Botelho,52d99a8c-b151-45dd-8e7f-88e56a303202,RR
01a02d94-b035-7f2a-9d48-ba7c1b447fbd,69314422,rua,Rua Carmelo,Nova Canaã,52d99a8c-b151-45dd-8e7f-88e56a303202,RR
01a02d94-b23d-7064-a237-88ac206eecd8,69315222,rua,Rua Carminha Carneiro,Distrito Industrial Governador Aquilino Mota Duarte,52d99a8c-b151-45dd-8e7f-88e56a303202,RR
01a02d94-9a96-7dfc-901b-12f4e0e04e4d,69307060,rua,Rua Carnaúba,Paraviana,52d99a8c-b151-45dd-8e7f-88e56a303202,RR
01a02d94-a28f-7ea8-93b8-dee0ec71c44f,69310719,rua,Rua Carnaúba dos Dantas,Said Salomão,52d99a8c-b151-45dd-8e7f-88e56a303202,RR
01a02d94-be28-727b-9abd-4e9454099a82,69318730,rua,Rua Caroebe,Dr. Airton Rocha,52d99a8c-b151-45dd-8e7f-88e56a303202,RR
01a02d94-a67c-752a-bed8-3e056cf64c9f,69312520,rua,Rua Caruaru,Centenário,52d99a8c-b151-45dd-8e7f-88e56a303202,RR
01a02d94-9c82-7a7b-bd26-c8ed99551c13,69307383,rua,Rua Carvalho,Paraviana,52d99a8c-b151-45dd-8e7f-88e56a303202,RR
01a02d94-9a95-7cd2-90b1-a3fab9997b11,69306505,rua,Rua Casemiro de Abreu,Canarinho,52d99a8c-b151-45dd-8e7f-88e56a303202,RR
01a02d94-9a95-741e-90a1-14906c492a6f,69306397,rua,Rua Casemiro de Abreu,Nossa Senhora Aparecida,52d99a8c-b151-45dd-8e7f-88e56a303202,RR
01a02d94-b034-7e20-9524-2d6c4682ea08,69314344,rua,Rua Casimiro José da Silva,Doutor Sílvio Leite,52d99a8c-b151-45dd-8e7f-88e56a303202,RR
01a02d94-bc36-7a0e-be13-2f6034ce800e,69317530,rua,Rua Cassiopéia,Cidade Satélite,52d99a8c-b151-45dd-8e7f-88e56a303202,RR
01a02d94-a875-7ebd-baea-2d2bc91f0a67,69313098,rua,Rua Cassiterita,Jóquei Clube,52d99a8c-b151-45dd-8e7f-88e56a303202,RR
01a02d94-9479-70f9-97d3-f5c258468600,69303057,rua,Rua Castelo Branco,Calungá,52d99a8c-b151-45dd-8e7f-88e56a303202,RR
01a02d94-9287-79b2-92d1-26b0745852d5,69301270,rua,Rua Castelo Branco,Centro,52d99a8c-b151-45dd-8e7f-88e56a303202,RR
01a02d94-c420-7cd4-bb60-2db936e475c9,69318057,rua,Rua Caturité,Laura Moreira,52d99a8c-b151-45dd-8e7f-88e56a303202,RR
01a02d94-c221-7f89-86a0-e13f6d74d6b8,69307749,rua,Rua Cauamé,Caçari,52d99a8c-b151-45dd-8e7f-88e56a303202,RR
01a02d94-b81a-76ad-8eb3-673b679b1da0,69316518,rua,Rua Caubi Brasil de Magalhães,Senador Hélio Campos,52d99a8c-b151-45dd-8e7f-88e56a303202,RR
01a02d94-b037-7065-9a74-0b2dc13f9515,69314487,rua,Rua Caubi Brasil de Magalhães,Doutor Sílvio Botelho,52d99a8c-b151-45dd-8e7f-88e56a303202,RR
01a02d94-c221-76b8-869f-bdc6090ffb48,69307748,rua,Rua Caçari,Caçari,52d99a8c-b151-45dd-8e7f-88e56a303202,RR
01a02d94-9287-713e-92b5-15b87339580e,69301080,rua,Rua Cecília Brasil,Centro,52d99a8c-b151-45dd-8e7f-88e56a303202,RR
01a02d94-ae3d-7238-b6b3-3ae0c27a53a6,69314222,rua,Rua Centauro,Jardim Primavera,52d99a8c-b151-45dd-8e7f-88e56a303202,RR
01a02d94-bc36-714c-bde3-e93976e6959e,69317442,rua,Rua Centaurus,Cidade Satélite,52d99a8c-b151-45dd-8e7f-88e56a303202,RR
01a02d94-9e83-72cd-8256-43055eaab7a8,69308155,rua,Rua Central,Treze de Setembro,52d99a8c-b151-45dd-8e7f-88e56a303202,RR
01a02d94-9a97-76a7-b987-4fbdfd48824f,69307200,rua,Rua Cerejeira,Paraviana,52d99a8c-b151-45dd-8e7f-88e56a303202,RR
01a02d94-9286-78a3-8147-54027935246b,69301060,rua,Rua Cerejo Cruz,Centro,52d99a8c-b151-45dd-8e7f-88e56a303202,RR
01a02d94-a28f-7ea8-93be-caf34dea7369,69310731,rua,Rua Cerro Corá,Said Salomão,52d99a8c-b151-45dd-8e7f-88e56a303202,RR
01a02d94-ba1c-7f2f-87c2-221c3720fb82,69317101,rua,Rua Cezar Nogueira Júnior,Santa Luzia,52d99a8c-b151-45dd-8e7f-88e56a303202,RR
01a02d94-b81d-71e6-800b-bf34ae0f28d8,69316700,rua,Rua Cezar Nogueira Júnior,Pintolândia,52d99a8c-b151-45dd-8e7f-88e56a303202,RR
01a02d94-c420-7cd4-bb50-60306ab7f029,69316648,rua,Rua Cezar Nogueira Júnior,Senador Hélio Campos,52d99a8c-b151-45dd-8e7f-88e56a303202,RR
01a02d94-c420-7cd4-bb51-77730cfb7b36,69316652,rua,Rua Cezar Nogueira Júnior,Senador Hélio Campos,52d99a8c-b151-45dd-8e7f-88e56a303202,RR
01a02d94-c420-7cd4-bb68-ff1776b29c1c,69318169,rua,Rua Cezar Nogueira Júnior,Laura Moreira,52d99a8c-b151-45dd-8e7f-88e56a303202,RR
01a02d94-9c86-7fdf-85b5-51d45d7556e2,69308080,rua,Rua Chagas Peixoto,Treze de Setembro,52d99a8c-b151-45dd-8e7f-88e56a303202,RR
01a02d94-ae3d-7b0a-b6cd-e165c228476c,69314312,rua,Rua Chico Baré,Doutor Sílvio Leite,52d99a8c-b151-45dd-8e7f-88e56a303202,RR
01a02d94-96a4-73a9-bcc0-e068ade34799,69305093,rua,Rua Chico Lira,São Francisco,52d99a8c-b151-45dd-8e7f-88e56a303202,RR
01a02d94-c221-7f89-86a3-2e2e5787c6bc,69307783,rua,Rua Chico Ribeiro,Caçari,52d99a8c-b151-45dd-8e7f-88e56a303202,RR
01a02d94-be28-727b-9ac7-d1a644ca4c04,69358970,rua,"Rua Cici Mota, s/n",Centro,8dff6034-c914-4711-a499-d7e0a56c36d6,RR
01a02d94-bc35-7861-ac9f-c9b78be40a66,69317328,rua,Rua Cidade Cascavel,Equatorial,52d99a8c-b151-45dd-8e7f-88e56a303202,RR
01a02d94-b623-7577-af3f-62deb7d58b39,69316426,rua,Rua Cidade Cascavel,Senador Hélio Campos,52d99a8c-b151-45dd-8e7f-88e56a303202,RR
01a02d94-bc36-7a0e-be03-856e07c9c230,69317496,rua,Rua Cisne,Cidade Satélite,52d99a8c-b151-45dd-8e7f-88e56a303202,RR
01a02d94-ae3d-7238-b6aa-5b4dc7cd9ece,69314198,rua,Rua Cisne,Jardim Primavera,52d99a8c-b151-45dd-8e7f-88e56a303202,RR
01a02d94-c01a-78fa-a6f0-4acc17140f40,69313690,rua,Rua Clarice de Melo Cabral,Jardim Caranã,52d99a8c-b151-45dd-8e7f-88e56a303202,RR
01a02d94-ac5f-722b-89a8-85f0dfb47c40,69313785,rua,Rua Clarice de Melo Cabral,União,52d99a8c-b151-45dd-8e7f-88e56a303202,RR
01a02d94-9a97-76a7-b98a-17514cabd05e,69307230,rua,Rua Claudionor Freire,Paraviana,52d99a8c-b151-45dd-8e7f-88e56a303202,RR
01a02d94-b81c-7954-adc9-e4a165b38f6c,69316618,rua,Rua Cleilde Melo Cabral,Senador Hélio Campos,52d99a8c-b151-45dd-8e7f-88e56a303202,RR
01a02d94-bc36-714c-bddf-5e34fc03cb68,69317390,rua,Rua Colaterais,Equatorial,52d99a8c-b151-45dd-8e7f-88e56a303202,RR
01a02d94-b42a-7fce-a2e6-22ccd20ba091,69315609,rua,Rua Colibri,São Bento,52d99a8c-b151-45dd-8e7f-88e56a303202,RR
01a02d94-a874-74e6-93dd-eafb15e87fe0,69313008,rua,Rua Collin,Jóquei Clube,52d99a8c-b151-45dd-8e7f-88e56a303202,RR
01a02d94-a290-7754-9f30-2571dd9afd14,69311031,rua,Rua Colômbia,Cauamé,52d99a8c-b151-45dd-8e7f-88e56a303202,RR
01a02d94-9c86-7fdf-85ba-20407feea289,69308130,rua,Rua Comandante Essen Pinheiro,Treze de Setembro,52d99a8c-b151-45dd-8e7f-88e56a303202,RR
01a02d94-b42c-7161-995d-80368f69d03f,69316051,rua,Rua Cometa,Raiar do Sol,52d99a8c-b151-45dd-8e7f-88e56a303202,RR
01a02d94-b42b-78b9-a44f-07961edc63a2,69316014,rua,Rua Cometa,Raiar do Sol,52d99a8c-b151-45dd-8e7f-88e56a303202,RR
01a02d94-b42d-74d5-8be2-34468a5abeab,69316154,rua,Rua Constelação,Bela Vista,52d99a8c-b151-45dd-8e7f-88e56a303202,RR
01a02d94-b42c-7b11-9966-b519a89592a6,69316066,rua,Rua Constelação,Raiar do Sol,52d99a8c-b151-45dd-8e7f-88e56a303202,RR
01a02d94-a873-7302-aab3-cfd8624c5bb4,69312625,rua,Rua Constância Monteiro Guedes,Centenário,52d99a8c-b151-45dd-8e7f-88e56a303202,RR
01a02d94-a875-7653-bae1-d7ba4eae1091,69313068,rua,Rua Corcel Negro,Jóquei Clube,52d99a8c-b151-45dd-8e7f-88e56a303202,RR
01a02d94-b819-741b-90b1-8aeae4327556,69316478,rua,Rua Coronel Menna Barreto,Senador Hélio Campos,52d99a8c-b151-45dd-8e7f-88e56a303202,RR
01a02d94-9c86-7fdf-85b8-9aa8cfb7ac74,69308110,rua,Rua Coronel Monteiro Baena,Treze de Setembro,52d99a8c-b151-45dd-8e7f-88e56a303202,RR
01a02d94-9287-713e-92bd-0fe3c1c8db2f,69301120,rua,Rua Coronel Mota,Centro,52d99a8c-b151-45dd-8e7f-88e56a303202,RR
01a02d94-9287-79b2-92c1-ec5a08085bbb,69301150,rua,Rua Coronel Pinto,Centro,52d99a8c-b151-45dd-8e7f-88e56a303202,RR
01a02d94-b23e-717a-a090-5442228e7d62,69315322,rua,Rua Coronel-Polícia Militar Márcio Santiago,Distrito Industrial Governador Aquilino Mota Duarte,52d99a8c-b151-45dd-8e7f-88e56a303202,RR
01a02d94-a290-7754-9f31-1ce30a5ff1db,69311034,rua,Rua Costa Rica,Cauamé,52d99a8c-b151-45dd-8e7f-88e56a303202,RR
01a02d94-9e82-7a3e-8099-6d85f38f1a83,69308140,rua,Rua Cotingo,Treze de Setembro,52d99a8c-b151-45dd-8e7f-88e56a303202,RR
01a02d94-96a1-76e6-b817-f253b0b83df8,69304430,rua,Rua Cristóvão Coelho,Mecejana,52d99a8c-b151-45dd-8e7f-88e56a303202,RR
01a02d94-bc36-7a0e-be04-cbe64d96f487,69317498,rua,Rua Cruzeiro do Sul,Cidade Satélite,52d99a8c-b151-45dd-8e7f-88e56a303202,RR
01a02d94-b23b-76c4-b402-23f5fa9964be,69315058,rua,Rua Cruzeiro do Sul,Professora Araceli Souto Maior,52d99a8c-b151-45dd-8e7f-88e56a303202,RR
01a02d94-ae3d-7b0a-b6ce-35848e7c36d2,69314314,rua,Rua Cruzeiro do Sul,Doutor Sílvio Leite,52d99a8c-b151-45dd-8e7f-88e56a303202,RR
01a02d94-a67b-7c62-9f07-a5e1e664e360,69312448,rua,Rua Cruzeiro do Sul,Cinturão Verde,52d99a8c-b151-45dd-8e7f-88e56a303202,RR
01a02d94-ae3d-7238-b6b4-67527dd1f4c5,69314224,rua,Rua Cruzeiro do sul,Jardim Primavera,52d99a8c-b151-45dd-8e7f-88e56a303202,RR
01a02d94-a28f-7ea8-93c1-61d2c93c20ab,69310739,rua,Rua Cruzeta,Said Salomão,52d99a8c-b151-45dd-8e7f-88e56a303202,RR
01a02d94-a290-7754-9f32-748d96191c54,69311037,rua,Rua Cuba,Cauamé,52d99a8c-b151-45dd-8e7f-88e56a303202,RR
01a02d94-b623-7577-af2c-d335f54cd217,69316325,rua,Rua Cuiabá,Operário,52d99a8c-b151-45dd-8e7f-88e56a303202,RR
01a02d94-b622-743d-a230-ef2ffdbba899,69316232,rua,Rua Cuiabá,Nova Cidade,52d99a8c-b151-45dd-8e7f-88e56a303202,RR
01a02d94-c420-7cd4-bb61-a33253aad0cf,69318062,rua,Rua Cuitegi,Laura Moreira,52d99a8c-b151-45dd-8e7f-88e56a303202,RR
01a02d94-c01b-7930-8222-6ee3a62f4e7e,69318782,rua,Rua Cumbuco,Dr. Airton Rocha,52d99a8c-b151-45dd-8e7f-88e56a303202,RR
01a02d94-c01a-78fa-a6f2-7efec7cb21c0,69314226,rua,Rua Curimatã,Jardim Primavera,52d99a8c-b151-45dd-8e7f-88e56a303202,RR
01a02d94-ae3c-7990-a511-259be6c3db32,69314126,rua,Rua Curimatã,Santa Tereza,52d99a8c-b151-45dd-8e7f-88e56a303202,RR
01a02d94-bc35-7861-aca1-ec6ff3d09cac,69317332,rua,Rua Curitiba,Equatorial,52d99a8c-b151-45dd-8e7f-88e56a303202,RR
01a02d94-b623-7577-af40-2ae8e4704afd,69316430,rua,Rua Curitiba,Senador Hélio Campos,52d99a8c-b151-45dd-8e7f-88e56a303202,RR
01a02d94-b621-7ba5-bd6d-a1ee078f6878,69316192,rua,Rua Curitiba,Nova Cidade,52d99a8c-b151-45dd-8e7f-88e56a303202,RR
01a02d94-98a3-7fae-93d5-7aba2a783d7b,69306388,rua,Rua Curitiba,Nossa Senhora Aparecida,52d99a8c-b151-45dd-8e7f-88e56a303202,RR
01a02d94-b42a-7fce-a2e8-83a520360ff4,69315613,rua,Rua Curió,São Bento,52d99a8c-b151-45dd-8e7f-88e56a303202,RR
01a02d94-a28f-7ea8-93c2-ed986dc6cf1f,69310741,rua,Rua Currais Novos,Said Salomão,52d99a8c-b151-45dd-8e7f-88e56a303202,RR
01a02d94-9a96-7dfc-901c-135a89b0f6a3,69307061,rua,Rua Curupira,Paraviana,52d99a8c-b151-45dd-8e7f-88e56a303202,RR
01a02d94-c421-7ce9-b1ba-be24be8cbc15,69318230,rua,Rua Cássia 01,Murilo Teixeira Cidade,52d99a8c-b151-45dd-8e7f-88e56a303202,RR
01a02d94-c421-7ce9-b1bb-63a384bca70f,69318232,rua,Rua Cássia 11,Murilo Teixeira Cidade,52d99a8c-b151-45dd-8e7f-88e56a303202,RR
01a02d94-c421-7ce9-b1bc-d2f7438c118c,69318234,rua,Rua Cássia 12,Murilo Teixeira Cidade,52d99a8c-b151-45dd-8e7f-88e56a303202,RR
01a02d94-c421-7ce9-b1bd-ded703fb58b9,69318236,rua,Rua Cássia 13,Murilo Teixeira Cidade,52d99a8c-b151-45dd-8e7f-88e56a303202,RR
01a02d94-c421-7ce9-b1be-f285965de4a6,69318238,rua,Rua Cássia 14,Murilo Teixeira Cidade,52d99a8c-b151-45dd-8e7f-88e56a303202,RR
01a02d94-c421-7ce9-b1bf-fb6ceda03eb4,69318240,rua,Rua Cássia 15,Murilo Teixeira Cidade,52d99a8c-b151-45dd-8e7f-88e56a303202,RR
01a02d94-bc36-7a0e-bdfe-cdb12b7b44bf,69317486,rua,Rua Câncer,Cidade Satélite,52d99a8c-b151-45dd-8e7f-88e56a303202,RR
01a02d94-b037-7933-9a81-ad9b71874311,69314533,rua,Rua Cândido Pereira,Doutor Sílvio Botelho,52d99a8c-b151-45dd-8e7f-88e56a303202,RR
01a02d94-ac5d-7865-9407-acfea604d484,69313624,rua,Rua Cícero Corrêa de Melo Filho,Caranã,52d99a8c-b151-45dd-8e7f-88e56a303202,RR
01a02d94-ac5c-7fc7-a1ce-484a33079d11,69313592,rua,Rua Cícero Corrêa de Melo Filho,Caranã,52d99a8c-b151-45dd-8e7f-88e56a303202,RR
01a02d94-c420-7cd4-bb54-8570b53e6f4a,69317398,rua,Rua Cícero Pereira da Silva,Equatorial,52d99a8c-b151-45dd-8e7f-88e56a303202,RR
01a02d94-9c86-7fdf-85b9-b52391d271d5,69308120,rua,Rua Cícero Vieira,Treze de Setembro,52d99a8c-b151-45dd-8e7f-88e56a303202,RR
01a02d94-b622-743d-a23f-45d5c56fc999,69316268,rua,Rua D,Dr. Airton Rocha,52d99a8c-b151-45dd-8e7f-88e56a303202,RR
01a02d94-b23e-717a-a089-fefbce3422b1,69315295,rua,Rua DI-01,Distrito Industrial Governador Aquilino Mota Duarte,52d99a8c-b151-45dd-8e7f-88e56a303202,RR
01a02d94-b23c-77f4-8438-f48d00382c96,69315215,rua,Rua DI-A,Distrito Industrial Governador Aquilino Mota Duarte,52d99a8c-b151-45dd-8e7f-88e56a303202,RR
01a02d94-c420-7424-bb32-e659b3eda7c0,69315231,rua,Rua DI-ADM-01,Distrito Industrial Governador Aquilino Mota Duarte,52d99a8c-b151-45dd-8e7f-88e56a303202,RR
01a02d94-c420-7424-bb31-98bbccebf6d6,69315220,rua,Rua DI-ADM-02,Distrito Industrial Governador Aquilino Mota Duarte,52d99a8c-b151-45dd-8e7f-88e56a303202,RR
01a02d94-c420-7424-bb33-5f649ed6296f,69315249,rua,Rua DI-ADM-03,Distrito Industrial Governador Aquilino Mota Duarte,52d99a8c-b151-45dd-8e7f-88e56a303202,RR
01a02d94-b23c-77f4-8437-c60fb98492b8,69315212,rua,Rua DI-B,Distrito Industrial Governador Aquilino Mota Duarte,52d99a8c-b151-45dd-8e7f-88e56a303202,RR
01a02d94-b23c-77f4-8436-ad735a3fb292,69315208,rua,Rua DI-C,Distrito Industrial Governador Aquilino Mota Duarte,52d99a8c-b151-45dd-8e7f-88e56a303202,RR
01a02d94-b23c-77f4-8435-3e915cae49f3,69315205,rua,Rua DI-D,Distrito Industrial Governador Aquilino Mota Duarte,52d99a8c-b151-45dd-8e7f-88e56a303202,RR
01a02d94-b23c-77f4-8434-df45a722cf29,69315202,rua,Rua DI-N,Distrito Industrial Governador Aquilino Mota Duarte,52d99a8c-b151-45dd-8e7f-88e56a303202,RR
01a02d94-b23e-717a-a086-f0f7de9ec631,69315285,rua,Rua DI-T,Distrito Industrial Governador Aquilino Mota Duarte,52d99a8c-b151-45dd-8e7f-88e56a303202,RR
01a02d94-b23d-790e-a241-17248753bb33,69315255,rua,Rua DI-V,Distrito Industrial Governador Aquilino Mota Duarte,52d99a8c-b151-45dd-8e7f-88e56a303202,RR
01a02d94-b23d-790e-a242-610a97663d7c,69315258,rua,Rua DI-X,Distrito Industrial Governador Aquilino Mota Duarte,52d99a8c-b151-45dd-8e7f-88e56a303202,RR
01a02d94-c01b-7930-8226-3d689d7e7a9b,69315259,rua,Rua DI-X1,Distrito Industrial Governador Aquilino Mota Duarte,52d99a8c-b151-45dd-8e7f-88e56a303202,RR
01a02d94-c01b-7930-8227-73bf5bdb699d,69315260,rua,Rua DI-X2,Distrito Industrial Governador Aquilino Mota Duarte,52d99a8c-b151-45dd-8e7f-88e56a303202,RR
01a02d94-c01b-7930-8228-15b361ab2bfe,69315261,rua,Rua DI-X3,Distrito Industrial Governador Aquilino Mota Duarte,52d99a8c-b151-45dd-8e7f-88e56a303202,RR
01a02d94-c420-7424-bb34-e8c9811f938a,69315283,rua,Rua DI-XIV,Distrito Industrial Governador Aquilino Mota Duarte,52d99a8c-b151-45dd-8e7f-88e56a303202,RR
01a02d94-aa74-7090-9a74-1452bfb79183,69313412,rua,Rua Dahas Abrahim,Cambará,52d99a8c-b151-45dd-8e7f-88e56a303202,RR
01a02d94-a47c-7b8d-8399-bd077299a151,69312132,rua,Rua Dahas Abrahim,Jardim Floresta,52d99a8c-b151-45dd-8e7f-88e56a303202,RR
01a02d94-947c-7f67-ad9f-ef225f6763bd,69304180,rua,Rua Dalicio Farias,Mecejana,52d99a8c-b151-45dd-8e7f-88e56a303202,RR
01a02d94-aa76-727e-8524-6e6274e6d1f0,69313515,rua,Rua Dalício Andrade de Faria,Tancredo Neves,52d99a8c-b151-45dd-8e7f-88e56a303202,RR
01a02d94-a67a-71e9-92bf-bad79fb6770f,69312361,rua,Rua Dandãe Pinho,Cinturão Verde,52d99a8c-b151-45dd-8e7f-88e56a303202,RR
01a02d94-ba1d-77e1-9348-d91cb57af515,69317165,rua,Rua Danilo Rodrigues da Silva,Santa Luzia,52d99a8c-b151-45dd-8e7f-88e56a303202,RR
01a02d94-b81c-70bb-adb8-9da4d24bd95d,69316578,rua,Rua Danilo Rodrigues da Silva,Senador Hélio Campos,52d99a8c-b151-45dd-8e7f-88e56a303202,RR
01a02d94-9a97-76a7-b989-3c4f48db8920,69307220,rua,Rua Darôra,Paraviana,52d99a8c-b151-45dd-8e7f-88e56a303202,RR
01a02d94-947b-7de2-90a8-1b1833fd3c6d,69303482,rua,Rua David Cruz,São Vicente,52d99a8c-b151-45dd-8e7f-88e56a303202,RR
01a02d94-9478-7848-b68d-626110e95a5b,69303015,rua,Rua David Cruz,Calungá,52d99a8c-b151-45dd-8e7f-88e56a303202,RR
01a02d94-9e85-7573-8671-37491685adca,69309012,rua,Rua David Ramalho,Liberdade,52d99a8c-b151-45dd-8e7f-88e56a303202,RR
01a02d94-ac5d-7865-93fa-6f9954f5451a,69313610,rua,Rua Deco Fonteles,Caranã,52d99a8c-b151-45dd-8e7f-88e56a303202,RR
01a02d94-a47c-72e6-8384-aced9e25494f,69312072,rua,Rua Deco Fonteles,Jardim Floresta,52d99a8c-b151-45dd-8e7f-88e56a303202,RR
01a02d94-a09b-703f-b0b1-c7f6d46db441,69310073,rua,Rua Deco Fonteles,Aeroporto,52d99a8c-b151-45dd-8e7f-88e56a303202,RR
01a02d94-b81d-71e6-800c-928930c92559,69316702,rua,Rua Delman Veras,Pintolândia,52d99a8c-b151-45dd-8e7f-88e56a303202,RR
01a02d94-b036-77da-97e9-89af0059f0b1,69314452,rua,Rua Delman Veras,Doutor Sílvio Botelho,52d99a8c-b151-45dd-8e7f-88e56a303202,RR
01a02d94-9c85-761f-918b-c17abbae89fd,69307710,rua,Rua Delzuita Mutran Paracat,Caçari,52d99a8c-b151-45dd-8e7f-88e56a303202,RR
01a02d94-aa74-7943-9a78-d5ab0776aeb2,69313425,rua,Rua Dermario Bonates,Cambará,52d99a8c-b151-45dd-8e7f-88e56a303202,RR
01a02d94-9c83-7343-870f-221f47cbf840,69307460,rua,Rua Desembargador Francisco Murilo Pinto,Caçari,52d99a8c-b151-45dd-8e7f-88e56a303202,RR
01a02d94-a291-7930-8b30-c60074cf609e,69312035,rua,Rua Detson Mendes,Jardim Floresta,52d99a8c-b151-45dd-8e7f-88e56a303202,RR
01a02d94-a09a-7762-832d-fe801343140a,69310060,rua,Rua Detson Mendes,Aeroporto,52d99a8c-b151-45dd-8e7f-88e56a303202,RR
01a02d94-9a97-76a7-b995-53e3dd519ac9,69307273,rua,Rua Deusdete Coelho,Paraviana,52d99a8c-b151-45dd-8e7f-88e56a303202,RR
01a02d94-be26-788d-9bf1-30f3d6512b81,69317579,rua,Rua Deuza Leão,Cidade Satélite,52d99a8c-b151-45dd-8e7f-88e56a303202,RR
01a02d94-c01b-7930-8223-dd481d04187b,69318784,rua,Rua Diamante,Dr. Airton Rocha,52d99a8c-b151-45dd-8e7f-88e56a303202,RR
01a02d94-a875-7653-bae8-7faeb1522b9f,69313092,rua,Rua Diamante,Jóquei Clube,52d99a8c-b151-45dd-8e7f-88e56a303202,RR
01a02d94-b23d-7064-a238-e49b056341df,69315225,rua,Rua Dico Aragão,Distrito Industrial Governador Aquilino Mota Duarte,52d99a8c-b151-45dd-8e7f-88e56a303202,RR
01a02d94-c01a-705e-a6e6-546908f49eca,69312150,rua,Rua Dico Vieira,Caimbé,52d99a8c-b151-45dd-8e7f-88e56a303202,RR
01a02d94-a47e-77ed-9655-632c4494db8e,69312214,rua,Rua Dico Vieira,Caimbé,52d99a8c-b151-45dd-8e7f-88e56a303202,RR
01a02d94-9c85-761f-9187-4f54eaeb5a61,69307690,rua,Rua Dilmar Mesquita,Caçari,52d99a8c-b151-45dd-8e7f-88e56a303202,RR
01a02d94-a47c-7b8d-839d-9c53ee7fc445,69312142,rua,Rua Dino Mesquita,Jardim Floresta,52d99a8c-b151-45dd-8e7f-88e56a303202,RR
01a02d94-9a97-76a7-b985-8c261515146b,69307180,rua,Rua Dionísio Brito de Araújo,Paraviana,52d99a8c-b151-45dd-8e7f-88e56a303202,RR
01a02d94-bc36-7a0e-bdff-a7e72f23105f,69317488,rua,Rua Dom Aparecido José Dias,Cidade Satélite,52d99a8c-b151-45dd-8e7f-88e56a303202,RR
01a02d94-9a95-7cd2-90ab-c6ec09c2460e,69306460,rua,Rua Dom Aquino,Nossa Senhora Aparecida,52d99a8c-b151-45dd-8e7f-88e56a303202,RR
01a02d94-96a4-73a9-bcbc-08facfe6e2e4,69305070,rua,Rua Dom José Nepote,São Francisco,52d99a8c-b151-45dd-8e7f-88e56a303202,RR
01a02d94-947c-76ab-ad8b-5eda8e8e3f6d,69304010,rua,Rua Dom Pedro I,Mecejana,52d99a8c-b151-45dd-8e7f-88e56a303202,RR
01a02d94-c019-7719-9d21-c77bdc7e6cfe,69301190,rua,Rua Dom Pedro I,Centro,52d99a8c-b151-45dd-8e7f-88e56a303202,RR
01a02d94-a291-7930-8b29-34b77542204d,69312012,rua,Rua Domingo Maciel Costa,Jardim Floresta,52d99a8c-b151-45dd-8e7f-88e56a303202,RR
01a02d94-98a3-7706-93b2-4e1f2470b8a9,69306170,rua,Rua Domingos Abdala,Nossa Senhora Aparecida,52d99a8c-b151-45dd-8e7f-88e56a303202,RR
01a02d94-98a2-757a-ad7d-8242ac76c636,69305285,rua,Rua Domingos Abdala,Trinta e Um de Março,52d99a8c-b151-45dd-8e7f-88e56a303202,RR
01a02d94-b42a-76e2-a2e0-b4977ebb6f3d,69315332,rua,Rua Domingos Ayres Leitão,Distrito Industrial Governador Aquilino Mota Duarte,52d99a8c-b151-45dd-8e7f-88e56a303202,RR
01a02d94-98a2-757a-ad74-3a259aafe9a1,69305220,rua,Rua Domingos Braga,São Francisco,52d99a8c-b151-45dd-8e7f-88e56a303202,RR
01a02d94-a28f-762f-93ab-bc5a67a7fefe,69310110,rua,Rua Domingos Ferreira dos Reis,Aeroporto,52d99a8c-b151-45dd-8e7f-88e56a303202,RR
01a02d94-98a3-7706-93b8-23deec5a89a2,69306220,rua,Rua Dona Clô,Nossa Senhora Aparecida,52d99a8c-b151-45dd-8e7f-88e56a303202,RR
01a02d94-a47d-7f13-a46c-2d99cf7df101,69312213,rua,Rua Dona Cota Vieira,Caimbé,52d99a8c-b151-45dd-8e7f-88e56a303202,RR
01a02d94-a47c-7b8d-83a3-9f101dd11058,69312160,rua,Rua Dona Cota Vieira,Caimbé,52d99a8c-b151-45dd-8e7f-88e56a303202,RR
01a02d94-c420-7cd4-bb42-311867b7c26b,69315631,rua,Rua Dona Luiza,São Bento,52d99a8c-b151-45dd-8e7f-88e56a303202,RR
01a02d94-a67a-71e9-92c1-6e5e478756e3,69312363,rua,Rua Dona Marina Carneiro,Cinturão Verde,52d99a8c-b151-45dd-8e7f-88e56a303202,RR
01a02d94-ba1f-72f2-91e8-caf7f8bff5bf,69317308,rua,Rua Dona Sinhá Francisca Alves de Lima,Equatorial,52d99a8c-b151-45dd-8e7f-88e56a303202,RR
01a02d94-b623-7577-af3a-e3c3f3b0c22a,69316414,rua,Rua Dona Sinhá Francisca Alves de Lima,Senador Hélio Campos,52d99a8c-b151-45dd-8e7f-88e56a303202,RR
01a02d94-b039-736f-b8a5-8e75e3958039,69314615,rua,Rua Dorvalina Pessoa da Silva,Jardim Tropical,52d99a8c-b151-45dd-8e7f-88e56a303202,RR
01a02d94-ae3c-7990-a514-a0121aaf0ae9,69314134,rua,Rua Dourado,Santa Tereza,52d99a8c-b151-45dd-8e7f-88e56a303202,RR
01a02d94-b034-75a1-951c-dc3cd6252791,69314324,rua,Rua Doutor Airton Rocha,Doutor Sílvio Leite,52d99a8c-b151-45dd-8e7f-88e56a303202,RR
01a02d94-c224-7278-87c3-62124f610c6d,69311260,rua,Rua Doutor Airton Rocha de Souza,Residencial Monte Cristo,52d99a8c-b151-45dd-8e7f-88e56a303202,RR
01a02d94-9287-713e-92b9-7f101a05472a,69301090,rua,Rua Doutor Araújo Filho,Centro,52d99a8c-b151-45dd-8e7f-88e56a303202,RR
01a02d94-96a4-73a9-bcbd-825fb7c2fca1,69305080,rua,Rua Doutor Arnaldo Brandão,São Francisco,52d99a8c-b151-45dd-8e7f-88e56a303202,RR
01a02d94-9c84-74c6-9429-c619d2b6df03,69307590,rua,Rua Doutor Hugo Mallet,Caçari,52d99a8c-b151-45dd-8e7f-88e56a303202,RR
01a02d94-9a96-7dfc-9016-299dd4480755,69307051,rua,Rua Doutor Hugo Mallet,Paraviana,52d99a8c-b151-45dd-8e7f-88e56a303202,RR
01a02d94-bc34-7fb0-8cfe-99b5518b6514,69317312,rua,Rua Doutor Luiz Brito Júnior,Equatorial,52d99a8c-b151-45dd-8e7f-88e56a303202,RR
01a02d94-b623-7577-af3c-8a2e82cf0ed3,69316420,rua,Rua Doutor Luiz Brito Júnior,Senador Hélio Campos,52d99a8c-b151-45dd-8e7f-88e56a303202,RR
01a02d94-947a-7c89-916b-8d9b0a657e2d,69303380,rua,Rua Doutor Paulo Coelho Pereira,São Vicente,52d99a8c-b151-45dd-8e7f-88e56a303202,RR
01a02d94-aa72-7f78-8f78-99604ebf54e9,69313335,rua,Rua Doutor Rubem Lima Filho,Cambará,52d99a8c-b151-45dd-8e7f-88e56a303202,RR
01a02d94-be27-79fb-be39-9dc009898d6d,69318065,rua,Rua Doutor Wilson Franco Rodrigues,Laura Moreira,52d99a8c-b151-45dd-8e7f-88e56a303202,RR
01a02d94-ac5d-7865-9406-2fd95b1b588f,69313623,rua,Rua Doutor Zamenhof,Caranã,52d99a8c-b151-45dd-8e7f-88e56a303202,RR
01a02d94-ac5c-7fc7-a1cd-1113f90b0448,69313590,rua,Rua Doutor Zamenhof,Caranã,52d99a8c-b151-45dd-8e7f-88e56a303202,RR
01a02d94-b034-75a1-951d-f4c13ae8f0b5,69314326,rua,Rua Dácio Pinto de Oliveira,Doutor Sílvio Leite,52d99a8c-b151-45dd-8e7f-88e56a303202,RR
01a02d94-c63b-7cfa-a907-46fe17305b85,69318322,rua,Rua E,Murilo Teixeira Cidade,52d99a8c-b151-45dd-8e7f-88e56a303202,RR
01a02d94-c224-7b45-87cf-7579eaa7fb7f,69311298,rua,Rua Eber Cruz Pinheiro,Residencial Village,52d99a8c-b151-45dd-8e7f-88e56a303202,RR
01a02d94-b42b-78b9-a441-daa3fa1dc25a,69315662,rua,Rua Ecildon de Souza Pinto,São Bento,52d99a8c-b151-45dd-8e7f-88e56a303202,RR
01a02d94-c01a-78fa-a709-34a38e73411e,69317519,rua,Rua Eclipse,Cidade Satélite,52d99a8c-b151-45dd-8e7f-88e56a303202,RR
01a02d94-b42c-7161-9958-fd8d61dc3d35,69316044,rua,Rua Eclipse,Raiar do Sol,52d99a8c-b151-45dd-8e7f-88e56a303202,RR
01a02d94-b23b-7f5d-b40d-5c707e65083d,69315084,rua,Rua Eclipse,Professora Araceli Souto Maior,52d99a8c-b151-45dd-8e7f-88e56a303202,RR
01a02d94-bc34-7fb0-8cff-8db914805043,69317314,rua,Rua Edmilson José da Costa,Equatorial,52d99a8c-b151-45dd-8e7f-88e56a303202,RR
01a02d94-b623-7577-af3d-f066fdb01890,69316422,rua,Rua Edmilson José da Costa,Senador Hélio Campos,52d99a8c-b151-45dd-8e7f-88e56a303202,RR
01a02d94-947c-7f67-ada5-c1399b21034c,69304270,rua,Rua Edmundo Amorim,Mecejana,52d99a8c-b151-45dd-8e7f-88e56a303202,RR
01a02d94-9e87-7995-b615-84707792561a,69309225,rua,Rua Edmundo Sales,Buritis,52d99a8c-b151-45dd-8e7f-88e56a303202,RR
01a02d94-9e87-70b1-b605-242a99277985,69309184,rua,Rua Edmundo Sales,Buritis,52d99a8c-b151-45dd-8e7f-88e56a303202,RR
01a02d94-98a2-7e4a-ad8e-3bd780dcae1a,69305440,rua,Rua Edmur Oliva,Trinta e Um de Março,52d99a8c-b151-45dd-8e7f-88e56a303202,RR
01a02d94-a099-7eb6-8f9c-96c0d9c61b85,69309657,rua,Rua Edson Castro,Pricumã,52d99a8c-b151-45dd-8e7f-88e56a303202,RR
01a02d94-9e85-7573-8672-e302caf18042,69309014,rua,Rua Edson Castro,Liberdade,52d99a8c-b151-45dd-8e7f-88e56a303202,RR
01a02d94-96a4-7c9c-bccd-3a4e1871431a,69305140,rua,Rua Eduardo Ribeiro,São Francisco,52d99a8c-b151-45dd-8e7f-88e56a303202,RR
01a02d94-b035-76a5-9d35-ee14324aad75,69314356,rua,Rua Efigênia Lima,Doutor Sílvio Leite,52d99a8c-b151-45dd-8e7f-88e56a303202,RR
01a02d94-a290-7754-9f35-ed35ccac053c,69311044,rua,Rua Egito,Cauamé,52d99a8c-b151-45dd-8e7f-88e56a303202,RR
01a02d94-9a96-756b-9006-2a1752a37225,69306660,rua,Rua Elias Madeira,São Pedro,52d99a8c-b151-45dd-8e7f-88e56a303202,RR
01a02d94-96a1-7fc7-b823-2d64c14e9fba,69304467,rua,Rua Elias Pessoa,Mecejana,52d99a8c-b151-45dd-8e7f-88e56a303202,RR
01a02d94-b622-7cd2-a251-936502809414,69316296,rua,Rua Elifas Levi Veloso Filho,Operário,52d99a8c-b151-45dd-8e7f-88e56a303202,RR
01a02d94-c224-7278-87c1-6eb564569f19,69311256,rua,Rua Elizio Roriz,Residencial Monte Cristo,52d99a8c-b151-45dd-8e7f-88e56a303202,RR
01a02d94-9c83-7bf9-8713-3b2f121508b6,69307500,rua,Rua Emanoela Jeiza,Caçari,52d99a8c-b151-45dd-8e7f-88e56a303202,RR
01a02d94-9a97-76a7-b98f-07d7142bbfe3,69307243,rua,Rua Embauba,Paraviana,52d99a8c-b151-45dd-8e7f-88e56a303202,RR
01a02d94-b42c-7b11-9961-275ca05f021c,69316056,rua,Rua Encontro dos Astros,Raiar do Sol,52d99a8c-b151-45dd-8e7f-88e56a303202,RR
01a02d94-b23c-77f4-842f-6859cbb47aca,69315092,rua,Rua Encontro dos Astros,Professora Araceli Souto Maior,52d99a8c-b151-45dd-8e7f-88e56a303202,RR
01a02d94-c421-7ce9-b1b0-9ccf51d28261,69318209,rua,Rua Eneida Jucene dos Santos Cavalcanti,Murilo Teixeira Cidade,52d99a8c-b151-45dd-8e7f-88e56a303202,RR
01a02d94-a67c-752a-bed9-68437efa4e63,69312521,rua,Rua Engenheiro Carlos Geraldo,Centenário,52d99a8c-b151-45dd-8e7f-88e56a303202,RR
01a02d94-c224-7b45-87ca-906211ffad01,69311274,rua,Rua Enide Freire Rocha,Residencial Monte Cristo,52d99a8c-b151-45dd-8e7f-88e56a303202,RR
01a02d94-947c-7f67-ada6-8c8b792e088e,69304280,rua,Rua Epitácio Pessoa,Mecejana,52d99a8c-b151-45dd-8e7f-88e56a303202,RR
01a02d94-a290-7754-9f36-19d0d30d0830,69311047,rua,Rua Equador,Cauamé,52d99a8c-b151-45dd-8e7f-88e56a303202,RR
01a02d94-bc36-714c-bddc-413d36809de6,69317380,rua,Rua Equatorial,Equatorial,52d99a8c-b151-45dd-8e7f-88e56a303202,RR
01a02d94-bc36-7a0e-be05-3c557c8cba79,69317500,rua,Rua Escorpião,Cidade Satélite,52d99a8c-b151-45dd-8e7f-88e56a303202,RR
01a02d94-c221-76b8-869a-8c23c17519ba,69307425,rua,Rua Escritor Dorval de Magalhães,Caçari,52d99a8c-b151-45dd-8e7f-88e56a303202,RR
01a02d94-c221-76b8-8699-a72ff416fb1d,69307395,rua,Rua Escritor Dorval de Magalhães,Paraviana,52d99a8c-b151-45dd-8e7f-88e56a303202,RR
01a02d94-c01b-7930-822f-187c1ebf6deb,69306015,rua,Rua Escritor Dorval de Magalhães,Nossa Senhora Aparecida,52d99a8c-b151-45dd-8e7f-88e56a303202,RR
01a02d94-a875-7ebd-baee-133b1f258078,69313112,rua,Rua Esmeralda,Jóquei Clube,52d99a8c-b151-45dd-8e7f-88e56a303202,RR
01a02d94-b034-75a1-951b-f8076fa1c835,69314322,rua,Rua Esmeraldino Figueiredo,Doutor Sílvio Leite,52d99a8c-b151-45dd-8e7f-88e56a303202,RR
01a02d94-a290-7754-9f37-53c7144df7b5,69311051,rua,Rua Espanha,Cauamé,52d99a8c-b151-45dd-8e7f-88e56a303202,RR
01a02d94-ba1e-7a43-a0df-a7adbc72ad5a,69317263,rua,Rua Espedito de Paula Rodrigues,Alvorada,52d99a8c-b151-45dd-8e7f-88e56a303202,RR
01a02d94-ba1c-7f2f-87bc-62cef43fbd42,69317042,rua,Rua Espedito de Paula Rodrigues,Santa Luzia,52d99a8c-b151-45dd-8e7f-88e56a303202,RR
01a02d94-98a2-7e4a-ada1-b528c11d1599,69305600,rua,Rua Espírito Santo,Estados,52d99a8c-b151-45dd-8e7f-88e56a303202,RR
01a02d94-c224-7278-87c5-8e4166a4ea52,69311264,rua,Rua Estrada de Acesso,Residencial Monte Cristo,52d99a8c-b151-45dd-8e7f-88e56a303202,RR
01a02d94-b623-7577-af2a-82532594193f,69316323,rua,Rua Estrela Bonita,Operário,52d99a8c-b151-45dd-8e7f-88e56a303202,RR
01a02d94-b42c-7161-994d-034db20e9042,69316020,rua,Rua Estrela Bonita,Raiar do Sol,52d99a8c-b151-45dd-8e7f-88e56a303202,RR
01a02d94-b42b-78b9-a452-e8355a795014,69316019,rua,Rua Estrela Bonita,Raiar do Sol,52d99a8c-b151-45dd-8e7f-88e56a303202,RR
01a02d94-b42b-78b9-a450-6a78aff57e68,69316016,rua,Rua Estrela Bonita,Raiar do Sol,52d99a8c-b151-45dd-8e7f-88e56a303202,RR
01a02d94-b42c-7b11-9969-60f39c92e155,69316074,rua,Rua Estrela Cadente,Raiar do Sol,52d99a8c-b151-45dd-8e7f-88e56a303202,RR
01a02d94-b23b-7f5d-b40b-54b94d06bcea,69315078,rua,Rua Estrela Cadente,Professora Araceli Souto Maior,52d99a8c-b151-45dd-8e7f-88e56a303202,RR
01a02d94-b42c-7b11-996a-ce5babf3b31f,69316076,rua,Rua Estrela Celeste,Raiar do Sol,52d99a8c-b151-45dd-8e7f-88e56a303202,RR
01a02d94-b23b-7f5d-b40c-a9e12b7c3642,69315082,rua,Rua Estrela Celeste,Professora Araceli Souto Maior,52d99a8c-b151-45dd-8e7f-88e56a303202,RR
01a02d94-b42c-7b11-9962-7fcc42b781bf,69316057,rua,Rua Estrela D'alva,Raiar do Sol,52d99a8c-b151-45dd-8e7f-88e56a303202,RR
01a02d94-b42b-78b9-a44a-e4cb300f27a5,69316002,rua,Rua Estrela D'alva,Raiar do Sol,52d99a8c-b151-45dd-8e7f-88e56a303202,RR
01a02d94-b23b-7f5d-b40a-25a5cae96634,69315076,rua,Rua Estrela D'alva,Professora Araceli Souto Maior,52d99a8c-b151-45dd-8e7f-88e56a303202,RR
01a02d94-b239-7d0b-874f-92726c692f31,69314635,rua,Rua Estrela D'alva,Jardim Tropical,52d99a8c-b151-45dd-8e7f-88e56a303202,RR
01a02d94-ae3d-7238-b6b8-a92481ed54e3,69314236,rua,Rua Estrela D'alva,Jardim Primavera,52d99a8c-b151-45dd-8e7f-88e56a303202,RR
01a02d94-ba1c-7684-87b1-4a42010a27e0,69316972,rua,Rua Estrela D'alva 1471,Raiar do Sol,52d99a8c-b151-45dd-8e7f-88e56a303202,RR
01a02d94-b42b-78b9-a451-ae55defb785c,69316018,rua,Rua Estrela do Mar,Raiar do Sol,52d99a8c-b151-45dd-8e7f-88e56a303202,RR
01a02d94-b623-7577-af2b-35ad15faca89,69316324,rua,Rua Estrela do Norte,Operário,52d99a8c-b151-45dd-8e7f-88e56a303202,RR
01a02d94-b42d-74d5-8be6-18f757a86d82,69316166,rua,Rua Estrela do Norte,Bela Vista,52d99a8c-b151-45dd-8e7f-88e56a303202,RR
01a02d94-b42c-7161-9951-eca1bfcba59d,69316027,rua,Rua Estrela do Norte,Raiar do Sol,52d99a8c-b151-45dd-8e7f-88e56a303202,RR
01a02d94-b42c-7161-994e-ef1bfd07b962,69316022,rua,Rua Estrela do Norte,Raiar do Sol,52d99a8c-b151-45dd-8e7f-88e56a303202,RR
01a02d94-b42c-7161-995c-312c37cf9a1d,69316050,rua,Rua Estrela do Sul,Raiar do Sol,52d99a8c-b151-45dd-8e7f-88e56a303202,RR
01a02d94-b42b-78b9-a44e-9f45c2f0e5df,69316012,rua,Rua Estrela do Sul,Raiar do Sol,52d99a8c-b151-45dd-8e7f-88e56a303202,RR
01a02d94-b23b-76c4-b3fd-6d1800fcc291,69315046,rua,Rua Estrelinha,Professora Araceli Souto Maior,52d99a8c-b151-45dd-8e7f-88e56a303202,RR
01a02d94-a47c-72e6-8383-ee871a4cd356,69312065,rua,Rua Estácio Melo,Jardim Floresta,52d99a8c-b151-45dd-8e7f-88e56a303202,RR
01a02d94-a09a-7762-8330-9e67b3e319ed,69310068,rua,Rua Estácio Melo,Aeroporto,52d99a8c-b151-45dd-8e7f-88e56a303202,RR
01a02d94-ba1e-7a43-a0db-018fdc2408e5,69317234,rua,Rua Euclides Gomes da Silva,Alvorada,52d99a8c-b151-45dd-8e7f-88e56a303202,RR
01a02d94-ba1c-7684-87b8-d23e02c462ab,69317027,rua,Rua Euclides Gomes da Silva,Santa Luzia,52d99a8c-b151-45dd-8e7f-88e56a303202,RR
01a02d94-ba1b-7dd9-b189-5b1ceb2f9bbd,69316780,rua,Rua Eufrate,Pintolândia,52d99a8c-b151-45dd-8e7f-88e56a303202,RR
01a02d94-b035-7f2a-9d41-7ab9815d0bc8,69314404,rua,Rua Eufrate,Nova Canaã,52d99a8c-b151-45dd-8e7f-88e56a303202,RR
01a02d94-b622-7cd2-a24e-0441cb679b96,69316293,rua,Rua Eugênio Bríglia Monteiro,Operário,52d99a8c-b151-45dd-8e7f-88e56a303202,RR
01a02d94-98a2-7e4a-ad89-466bc153ca31,69305380,rua,Rua Eurico Lima,Trinta e Um de Março,52d99a8c-b151-45dd-8e7f-88e56a303202,RR
01a02d94-b23e-7a20-a091-ee27ca71e336,69315325,rua,Rua Eurides Macellaro,Distrito Industrial Governador Aquilino Mota Duarte,52d99a8c-b151-45dd-8e7f-88e56a303202,RR
01a02d94-a291-7930-8b2c-7189c379f321,69312022,rua,Rua Eurides Vasconcelos Rodrigues,Jardim Floresta,52d99a8c-b151-45dd-8e7f-88e56a303202,RR
01a02d94-bc36-714c-bdda-87aa1db8be53,69317376,rua,Rua Euzébio Pereira Maia,Equatorial,52d99a8c-b151-45dd-8e7f-88e56a303202,RR
01a02d94-9287-713e-92bb-24c26d61b772,69301105,rua,Rua Ex-Combatente Emmanuel Boechat,Centro,52d99a8c-b151-45dd-8e7f-88e56a303202,RR
01a02d94-bc35-7861-aca7-13aa791c2666,69317344,rua,Rua Expedito Francisco da Silva,Equatorial,52d99a8c-b151-45dd-8e7f-88e56a303202,RR
01a02d94-ba1e-7a43-a0e4-7b513eba8feb,69317285,rua,Rua Expedito Francisco da Silva,Alvorada,52d99a8c-b151-45dd-8e7f-88e56a303202,RR
01a02d94-ae3d-7b0a-b6c9-806f79b8a690,69314302,rua,Rua Expedito Francisco da Silva,Doutor Sílvio Leite,52d99a8c-b151-45dd-8e7f-88e56a303202,RR
01a02d94-c63b-7cfa-a908-fba21b40a32f,69318324,rua,Rua F,Murilo Teixeira Cidade,52d99a8c-b151-45dd-8e7f-88e56a303202,RR
01a02d94-be27-714d-be25-90d9a2339d06,69317820,rua,Rua Faceten,Cidade Satélite,52d99a8c-b151-45dd-8e7f-88e56a303202,RR
01a02d94-be27-714d-be22-1ff18b79d2da,69317809,rua,Rua Faculdade Atual da Amazonia,Cidade Satélite,52d99a8c-b151-45dd-8e7f-88e56a303202,RR
01a02d94-be27-714d-be21-7139bdd45278,69317807,rua,Rua Faculdade Cathedral,Cidade Satélite,52d99a8c-b151-45dd-8e7f-88e56a303202,RR
01a02d94-be27-714d-be24-101ebe8b43c6,69317811,rua,Rua Faculdade Roraimense de Ensino Superior,Cidade Satélite,52d99a8c-b151-45dd-8e7f-88e56a303202,RR
01a02d94-aa75-71aa-8ecc-e6968a8f0cb8,69313445,rua,Rua Felipe Xaud,Cambará,52d99a8c-b151-45dd-8e7f-88e56a303202,RR
01a02d94-a679-7041-a928-4552b494a913,69312319,rua,Rua Felipe Xaud,Asa Branca,52d99a8c-b151-45dd-8e7f-88e56a303202,RR
01a02d94-a47e-77ed-9662-26e0bcb61edd,69312255,rua,Rua Felipe Xaud,Asa Branca,52d99a8c-b151-45dd-8e7f-88e56a303202,RR
01a02d94-9e86-7813-b185-1a241acb5675,69309175,rua,Rua Felipe Xaud,Buritis,52d99a8c-b151-45dd-8e7f-88e56a303202,RR
01a02d94-9479-79a5-97e0-c988ac5e85ed,69303220,rua,Rua Fernão Dias Paes Leme,Calungá,52d99a8c-b151-45dd-8e7f-88e56a303202,RR
01a02d94-a47c-72e6-8387-304be91a6f62,69312082,rua,Rua Firmo Cardoso da Silva,Jardim Floresta,52d99a8c-b151-45dd-8e7f-88e56a303202,RR
01a02d94-ae3c-7990-a524-9132fd64acda,69314184,rua,Rua Flamboian,Jardim Primavera,52d99a8c-b151-45dd-8e7f-88e56a303202,RR
01a02d94-ae3b-780f-87ec-0e365e2f1700,69314042,rua,Rua Flamboian,Piscicultura,52d99a8c-b151-45dd-8e7f-88e56a303202,RR
01a02d94-b239-7d0b-8750-1b9abc2376f4,69314640,rua,Rua Flora,Jardim Tropical,52d99a8c-b151-45dd-8e7f-88e56a303202,RR
01a02d94-9c84-7d7a-943b-c3875fa3d74a,69307680,rua,Rua Flores Cordovil,Caçari,52d99a8c-b151-45dd-8e7f-88e56a303202,RR
01a02d94-9287-79b2-92d6-707a3e3fad1d,69301320,rua,Rua Floriano Peixoto,Centro,52d99a8c-b151-45dd-8e7f-88e56a303202,RR
01a02d94-a67c-752a-bed2-1eec84523032,69312495,rua,Rua Floriano Peixoto,Centenário,52d99a8c-b151-45dd-8e7f-88e56a303202,RR
01a02d94-b621-7ba5-bd6e-6f6d85289a75,69316194,rua,Rua Florianópolis,Nova Cidade,52d99a8c-b151-45dd-8e7f-88e56a303202,RR
01a02d94-a28f-762f-93b7-62e93a73db53,69310718,rua,Rua Florânia,Said Salomão,52d99a8c-b151-45dd-8e7f-88e56a303202,RR
01a02d94-b036-77da-97ec-b263d3116954,69314458,rua,Rua Flávia de Sousa e Souza,Doutor Sílvio Botelho,52d99a8c-b151-45dd-8e7f-88e56a303202,RR
01a02d94-b622-743d-a235-aba827ec9614,69316244,rua,Rua Fortaleza,Nova Cidade,52d99a8c-b151-45dd-8e7f-88e56a303202,RR
01a02d94-c019-7719-9d1d-8c68a7d81ea6,69378971,rua,"Rua Fortaleza, s/n",Centro,df9bf4c1-9b72-41a1-8401-2a5486c8d187,RR
01a02d94-bc35-7861-aca0-4230d92f1ab6,69317330,rua,Rua Foz do Iguaçu,Equatorial,52d99a8c-b151-45dd-8e7f-88e56a303202,RR
01a02d94-b623-7e11-af42-8ad0247a03ed,69316438,rua,Rua Foz do Iguaçu,Senador Hélio Campos,52d99a8c-b151-45dd-8e7f-88e56a303202,RR
01a02d94-9479-70f9-97d1-e423723c3690,69303047,rua,Rua Francisca Sampaio Tomaz,Calungá,52d99a8c-b151-45dd-8e7f-88e56a303202,RR
01a02d94-9c85-7ec7-9198-a080271472c0,69307747,rua,Rua Francisco Alves de Souza,Caçari,52d99a8c-b151-45dd-8e7f-88e56a303202,RR
01a02d94-bc34-7fb0-8d03-16ff4b5444f3,69317322,rua,Rua Francisco Anacleto da Silva,Equatorial,52d99a8c-b151-45dd-8e7f-88e56a303202,RR
01a02d94-ba1e-7a43-a0e5-ddfec8ab6277,69317286,rua,Rua Francisco Anacleto da Silva,Alvorada,52d99a8c-b151-45dd-8e7f-88e56a303202,RR
01a02d94-ae3d-7b0a-b6c8-85e5407097e5,69314298,rua,Rua Francisco Anacleto da Silva,Doutor Sílvio Leite,52d99a8c-b151-45dd-8e7f-88e56a303202,RR
01a02d94-b81c-7954-adcc-d7834ce9e234,69316627,rua,Rua Francisco Cezário Filho,Senador Hélio Campos,52d99a8c-b151-45dd-8e7f-88e56a303202,RR
01a02d94-b81c-7954-adc3-9dfb2ba8499e,69316598,rua,Rua Francisco Chagas dos Reis,Senador Hélio Campos,52d99a8c-b151-45dd-8e7f-88e56a303202,RR
01a02d94-aa76-7ae5-8529-e59a0a771c7e,69313526,rua,Rua Francisco Custódio de Andrade,Tancredo Neves,52d99a8c-b151-45dd-8e7f-88e56a303202,RR
01a02d94-aa76-727e-851c-8880e0d7af08,69313498,rua,Rua Francisco Custódio de Andrade,Tancredo Neves,52d99a8c-b151-45dd-8e7f-88e56a303202,RR
01a02d94-a47e-77ed-9663-1683a21c9a17,69312258,rua,Rua Francisco Custódio de Andrade,Asa Branca,52d99a8c-b151-45dd-8e7f-88e56a303202,RR
01a02d94-a09a-7762-832b-a882f240215b,69310055,rua,Rua Francisco Cândido,Aeroporto,52d99a8c-b151-45dd-8e7f-88e56a303202,RR
01a02d94-aa77-734d-9d50-8f97c258b412,69313534,rua,Rua Francisco Inácio de Souza,Tancredo Neves,52d99a8c-b151-45dd-8e7f-88e56a303202,RR
01a02d94-aa75-7a16-8edd-0422ba53fcc7,69313490,rua,Rua Francisco Inácio de Souza,Tancredo Neves,52d99a8c-b151-45dd-8e7f-88e56a303202,RR
01a02d94-a47e-77ed-9664-39db10c0c43b,69312262,rua,Rua Francisco Inácio de Souza,Asa Branca,52d99a8c-b151-45dd-8e7f-88e56a303202,RR
01a02d94-b036-77da-97e5-f0867e39d8e7,69314426,rua,Rua Francisco Monteiro Gondim,Nova Canaã,52d99a8c-b151-45dd-8e7f-88e56a303202,RR
01a02d94-9c84-7d7a-9439-e9e49159d855,69307670,rua,Rua Francisco Paulino da Silva,Caçari,52d99a8c-b151-45dd-8e7f-88e56a303202,RR
01a02d94-bc34-7fb0-8d00-32baee108d2c,69317316,rua,Rua Francisco Régis Maciel de Melo,Equatorial,52d99a8c-b151-45dd-8e7f-88e56a303202,RR
01a02d94-b623-7577-af3e-9f723c7b705d,69316424,rua,Rua Francisco Régis Maciel de Melo,Senador Hélio Campos,52d99a8c-b151-45dd-8e7f-88e56a303202,RR
01a02d94-c221-76b8-869c-370ffd5c6470,69307465,rua,Rua Francisco Sabino de Oliveira,Caçari,52d99a8c-b151-45dd-8e7f-88e56a303202,RR
01a02d94-c01b-7930-8232-b2ab99b10402,69307153,rua,Rua Francisco Sabino de Oliveira,Paraviana,52d99a8c-b151-45dd-8e7f-88e56a303202,RR
01a02d94-bc35-7861-aca3-cb128d7f5bd1,69317336,rua,Rua Francisco Sales Vieira,Equatorial,52d99a8c-b151-45dd-8e7f-88e56a303202,RR
01a02d94-ba1e-7a43-a0e0-e28cdc3673c7,69317265,rua,Rua Francisco Sales Vieira,Alvorada,52d99a8c-b151-45dd-8e7f-88e56a303202,RR
01a02d94-ba1c-7f2f-87c0-c547df751986,69317048,rua,Rua Francisco Sales Vieira,Santa Luzia,52d99a8c-b151-45dd-8e7f-88e56a303202,RR
01a02d94-b623-7e11-af43-7b1811beeb7a,69316440,rua,Rua Francisco Sales Vieira,Senador Hélio Campos,52d99a8c-b151-45dd-8e7f-88e56a303202,RR
01a02d94-a290-7754-9f38-4127101dd994,69311054,rua,Rua França,Cauamé,52d99a8c-b151-45dd-8e7f-88e56a303202,RR
01a02d94-c01a-705e-a6e7-f7ec43e3b01f,69312359,rua,Rua Frederico Francisco Fontelles,Cinturão Verde,52d99a8c-b151-45dd-8e7f-88e56a303202,RR
01a02d94-9287-79b2-92cb-3d7efca397bb,69301220,rua,Rua Frei José dos Inocentes,Centro,52d99a8c-b151-45dd-8e7f-88e56a303202,RR
01a02d94-98a2-7e4a-ad88-27b616ff546a,69305370,rua,Rua Fábio Magalhães,Trinta e Um de Março,52d99a8c-b151-45dd-8e7f-88e56a303202,RR
01a02d94-bc35-7861-acab-fef9f44416c0,69317352,rua,Rua Félix Paulo Pereira,Equatorial,52d99a8c-b151-45dd-8e7f-88e56a303202,RR
01a02d94-ac5f-722b-899e-baa4be549667,69313760,rua,Rua Félix Valois de Araújo,União,52d99a8c-b151-45dd-8e7f-88e56a303202,RR
01a02d94-ac5d-7865-93f8-21fc703fb293,69313605,rua,Rua Félix Valois de Araújo,Caranã,52d99a8c-b151-45dd-8e7f-88e56a303202,RR
01a02d94-ae3d-7238-b6b9-fa6b55bf2cce,69314238,rua,Rua Fênix,Jardim Primavera,52d99a8c-b151-45dd-8e7f-88e56a303202,RR
01a02d94-b42a-7fce-a2eb-c35841e505ae,69315618,rua,Rua Gaivota,São Bento,52d99a8c-b151-45dd-8e7f-88e56a303202,RR
01a02d94-a874-74e6-93de-00afeda13393,69313012,rua,Rua Galiléia,Jóquei Clube,52d99a8c-b151-45dd-8e7f-88e56a303202,RR
01a02d94-a874-7dad-93e3-4bb94b358d45,69313028,rua,Rua Gavião,Jóquei Clube,52d99a8c-b151-45dd-8e7f-88e56a303202,RR
01a02d94-96a5-7546-add9-02860a420011,69305160,rua,Rua Gaúcho Dias,São Francisco,52d99a8c-b151-45dd-8e7f-88e56a303202,RR
01a02d94-96a4-7c9c-bccb-956214c10eff,69305130,rua,Rua General Penha Brasil,São Francisco,52d99a8c-b151-45dd-8e7f-88e56a303202,RR
01a02d94-9288-722e-96ad-a8cd3f6444a1,69301440,rua,Rua General Penha Brasil,Centro,52d99a8c-b151-45dd-8e7f-88e56a303202,RR
01a02d94-b81d-7a77-8012-37ef9e79d426,69316718,rua,Rua Genésio Alcimiro Lopes,Pintolândia,52d99a8c-b151-45dd-8e7f-88e56a303202,RR
01a02d94-b81a-7f6d-8ec0-831526ad56ca,69316550,rua,Rua Genésio Alcimiro Lopes,Senador Hélio Campos,52d99a8c-b151-45dd-8e7f-88e56a303202,RR
01a02d94-b038-71f1-934c-0d2a70d3b4da,69314557,rua,Rua Genésio Alcimiro Lopes,Doutor Sílvio Botelho,52d99a8c-b151-45dd-8e7f-88e56a303202,RR
01a02d94-b42a-7fce-a2f2-c23b5feefc92,69315636,rua,Rua Geraldo Guttemberg Soares,São Bento,52d99a8c-b151-45dd-8e7f-88e56a303202,RR
01a02d94-a679-7041-a92c-01c26251de9b,69312328,rua,Rua Gervásio Barbosa do Monte,Asa Branca,52d99a8c-b151-45dd-8e7f-88e56a303202,RR
01a02d94-b035-7f2a-9d42-4c8e640d0d45,69314406,rua,Rua Gideão,Nova Canaã,52d99a8c-b151-45dd-8e7f-88e56a303202,RR
01a02d94-aa75-71aa-8ecd-5af9ce7e24d5,69313448,rua,Rua Gideão,Cambará,52d99a8c-b151-45dd-8e7f-88e56a303202,RR
01a02d94-9c84-7d7a-9434-dd64e2c5f1a9,69307645,rua,Rua Gilberto Araújo Sobrinho,Caçari,52d99a8c-b151-45dd-8e7f-88e56a303202,RR
01a02d94-98a2-7e4a-ad9b-9a7bf1e79b18,69305550,rua,Rua Goiás,Estados,52d99a8c-b151-45dd-8e7f-88e56a303202,RR
01a02d94-b42d-74d5-8beb-15f876f312f2,69316186,rua,Rua Goiânia,Nova Cidade,52d99a8c-b151-45dd-8e7f-88e56a303202,RR
01a02d94-9a95-7cd2-90b0-0ac1a9b167b4,69306502,rua,Rua Gonçalves Dias,Canarinho,52d99a8c-b151-45dd-8e7f-88e56a303202,RR
01a02d94-9a95-7cd2-90b9-1ed7d7e371b0,69306570,rua,Rua Gonçalves Ledo,Canarinho,52d99a8c-b151-45dd-8e7f-88e56a303202,RR
01a02d94-c01a-78fa-a718-13a85e18677f,69318756,rua,Rua Governador Adeumar Soares da Rocha,Dr. Airton Rocha,52d99a8c-b151-45dd-8e7f-88e56a303202,RR
01a02d94-96a4-73a9-bcc1-7bef69b25f7b,69305095,rua,Rua Governador Aquilino Mota Duarte,São Francisco,52d99a8c-b151-45dd-8e7f-88e56a303202,RR
01a02d94-c01a-78fa-a719-6e655dd80370,69318758,rua,Rua Governador Auriz Coelho e Silva,Dr. Airton Rocha,52d99a8c-b151-45dd-8e7f-88e56a303202,RR
01a02d94-c01a-78fa-a712-a6b805c7b670,69318746,rua,Rua Governador Belarmino Neves Galvão,Dr. Airton Rocha,52d99a8c-b151-45dd-8e7f-88e56a303202,RR
01a02d94-c01a-78fa-a715-ae239a1d8cc7,69318752,rua,Rua Governador Cloves Nova da Costa,Dr. Airton Rocha,52d99a8c-b151-45dd-8e7f-88e56a303202,RR
01a02d94-c01a-78fa-a70e-96be07488e67,69318738,rua,Rua Governador Fernando Ramos Pereira,Dr. Airton Rocha,52d99a8c-b151-45dd-8e7f-88e56a303202,RR
01a02d94-b42a-7fce-a2e3-80f54a911024,69315601,rua,Rua Governador Félix Valois de Araujo,São Bento,52d99a8c-b151-45dd-8e7f-88e56a303202,RR
01a02d94-c01a-78fa-a710-e81c280b0940,69318742,rua,Rua Governador Hélio da Costa Campos,Dr. Airton Rocha,52d99a8c-b151-45dd-8e7f-88e56a303202,RR
01a02d94-c01a-78fa-a713-3703fbae573a,69318748,rua,Rua Governador Jerocílio Gueiros,Dr. Airton Rocha,52d99a8c-b151-45dd-8e7f-88e56a303202,RR
01a02d94-c01a-78fa-a717-3cfa463ae210,69318754,rua,Rua Governador José Maria Barbosa,Dr. Airton Rocha,52d99a8c-b151-45dd-8e7f-88e56a303202,RR
01a02d94-c01a-78fa-a714-2825c445bb8b,69318750,rua,Rua Governador Miguel Ximenes de Melo,Dr. Airton Rocha,52d99a8c-b151-45dd-8e7f-88e56a303202,RR
01a02d94-c01a-78fa-a711-6ffe2761b9a1,69318744,rua,Rua Governador Ottomar de Sousa Pinto,Dr. Airton Rocha,52d99a8c-b151-45dd-8e7f-88e56a303202,RR
01a02d94-c01a-78fa-a70f-b239f44a57a8,69318740,rua,Rua Governador Walmor Leal Dalcin,Dr. Airton Rocha,52d99a8c-b151-45dd-8e7f-88e56a303202,RR
01a02d94-ac5e-7994-ad43-c870403f8088,69313720,rua,Rua Granjeiro,Jardim Caranã,52d99a8c-b151-45dd-8e7f-88e56a303202,RR
01a02d94-a875-7653-bae2-cfdef81dec5a,69313072,rua,Rua Grilo,Jóquei Clube,52d99a8c-b151-45dd-8e7f-88e56a303202,RR
01a02d94-ba1d-77e1-934c-0ac863087e4d,69317173,rua,Rua Grão-Mestre Ademir Viana,Santa Luzia,52d99a8c-b151-45dd-8e7f-88e56a303202,RR
01a02d94-b81c-70bb-adbd-2a58653ecb06,69316588,rua,Rua Grão-Mestre Ademir Viana,Senador Hélio Campos,52d99a8c-b151-45dd-8e7f-88e56a303202,RR
01a02d94-bc35-7861-acb4-d589f3748ecf,69317372,rua,Rua Grão-Mestre Cláudio Barbosa de Araújo,Equatorial,52d99a8c-b151-45dd-8e7f-88e56a303202,RR
01a02d94-be27-79fb-be38-7f42cfc07029,69318060,rua,Rua Grão-Mestre Lindeberg Melo da Silva,Laura Moreira,52d99a8c-b151-45dd-8e7f-88e56a303202,RR
01a02d94-a874-74e6-93df-3b90a5cfbc20,69313015,rua,Rua Guanabara,Jóquei Clube,52d99a8c-b151-45dd-8e7f-88e56a303202,RR
01a02d94-9a97-76a7-b993-70223d5e7c17,69307271,rua,Rua Guanabara,Paraviana,52d99a8c-b151-45dd-8e7f-88e56a303202,RR
01a02d94-a28f-762f-93a5-c89b8e0c789f,69310093,rua,Rua Guararapes,Aeroporto,52d99a8c-b151-45dd-8e7f-88e56a303202,RR
01a02d94-aa74-7090-9a6f-2d9bc120ebd8,69313392,rua,Rua Guarda Territorial Lino Santos,Cambará,52d99a8c-b151-45dd-8e7f-88e56a303202,RR
01a02d94-9e85-7f58-867c-0f5911304e0f,69309099,rua,Rua Guarda Territorial Nelson Albuquerque,Liberdade,52d99a8c-b151-45dd-8e7f-88e56a303202,RR
01a02d94-9a96-7dfc-9023-d3564df28b69,69307120,rua,Rua Guariguara,Paraviana,52d99a8c-b151-45dd-8e7f-88e56a303202,RR
01a02d94-b23b-7f5d-b407-1e737f467c89,69315068,rua,Rua Guará,Professora Araceli Souto Maior,52d99a8c-b151-45dd-8e7f-88e56a303202,RR
01a02d94-a290-7fbc-9f3e-925bae3e4784,69311071,rua,Rua Guatemala,Cauamé,52d99a8c-b151-45dd-8e7f-88e56a303202,RR
01a02d94-c01a-705e-a6e0-4003774a4410,69309075,rua,Rua Guilherme Brito,Liberdade,52d99a8c-b151-45dd-8e7f-88e56a303202,RR
01a02d94-c420-7cd4-bb69-68fbb7b791a2,69318171,rua,Rua Gurabira,Laura Moreira,52d99a8c-b151-45dd-8e7f-88e56a303202,RR
01a02d94-98a2-7e4a-ad8c-b19125a88865,69305420,rua,Rua Gustavo Mesquita,Trinta e Um de Março,52d99a8c-b151-45dd-8e7f-88e56a303202,RR
01a02d94-947b-7de2-90a9-b46f66e9ca14,69303483,rua,Rua Gustavo Mesquita,São Vicente,52d99a8c-b151-45dd-8e7f-88e56a303202,RR
01a02d94-9e83-72cd-8259-c1357fd0d575,69308170,rua,Rua Gustavo Mesquita,Treze de Setembro,52d99a8c-b151-45dd-8e7f-88e56a303202,RR
01a02d94-a874-7dad-93e2-e1c28d0d1f34,69313025,rua,Rua Gávea,Jóquei Clube,52d99a8c-b151-45dd-8e7f-88e56a303202,RR
01a02d94-a67b-7c62-9f02-79dcd9c1f650,69312408,rua,Rua Gêneses,Cinturão Verde,52d99a8c-b151-45dd-8e7f-88e56a303202,RR
01a02d94-96a2-7872-9da3-deea902f02c0,69304517,rua,Rua H-1,Mecejana,52d99a8c-b151-45dd-8e7f-88e56a303202,RR
01a02d94-96a2-7872-9da5-7f8e22f4556b,69304521,rua,Rua H-2,Mecejana,52d99a8c-b151-45dd-8e7f-88e56a303202,RR
01a02d94-b623-7e11-af45-b49db63ab85e,69316446,rua,Rua HC-02,Senador Hélio Campos,52d99a8c-b151-45dd-8e7f-88e56a303202,RR
01a02d94-b623-7e11-af46-f12809b69187,69316448,rua,Rua HC-03,Senador Hélio Campos,52d99a8c-b151-45dd-8e7f-88e56a303202,RR
01a02d94-b623-7e11-af47-cefa99d8cb56,69316462,rua,Rua HC-04,Senador Hélio Campos,52d99a8c-b151-45dd-8e7f-88e56a303202,RR
01a02d94-b623-7e11-af48-f207db06ab84,69316464,rua,Rua HC-05,Senador Hélio Campos,52d99a8c-b151-45dd-8e7f-88e56a303202,RR
01a02d94-b819-741b-90ae-f1a0c11b30cf,69316470,rua,Rua HC-08,Senador Hélio Campos,52d99a8c-b151-45dd-8e7f-88e56a303202,RR
01a02d94-b819-741b-90af-41f680adb774,69316472,rua,Rua HC-09,Senador Hélio Campos,52d99a8c-b151-45dd-8e7f-88e56a303202,RR
01a02d94-b819-7e0f-90b2-6a5ef75c34b5,69316480,rua,Rua HC-12,Senador Hélio Campos,52d99a8c-b151-45dd-8e7f-88e56a303202,RR
01a02d94-b819-7e0f-90b3-24770571d42e,69316482,rua,Rua HC-13,Senador Hélio Campos,52d99a8c-b151-45dd-8e7f-88e56a303202,RR
01a02d94-b819-7e0f-90b4-f8b2aff48d9f,69316484,rua,Rua HC-14,Senador Hélio Campos,52d99a8c-b151-45dd-8e7f-88e56a303202,RR
01a02d94-b819-7e0f-90b5-8e9a7d3ea03d,69316488,rua,Rua HC-15,Senador Hélio Campos,52d99a8c-b151-45dd-8e7f-88e56a303202,RR
01a02d94-b819-7e0f-90b6-a176a8d3ec31,69316490,rua,Rua HC-16,Senador Hélio Campos,52d99a8c-b151-45dd-8e7f-88e56a303202,RR
01a02d94-b819-7e0f-90b7-addefd227286,69316492,rua,Rua HC-17,Senador Hélio Campos,52d99a8c-b151-45dd-8e7f-88e56a303202,RR
01a02d94-98a2-757a-ad82-b60cba04b7b1,69305310,rua,Rua Habib Fraxe,Trinta e Um de Março,52d99a8c-b151-45dd-8e7f-88e56a303202,RR
01a02d94-bc36-7a0e-be06-77e878c2aeda,69317504,rua,Rua Halley,Cidade Satélite,52d99a8c-b151-45dd-8e7f-88e56a303202,RR
01a02d94-96a0-755e-9568-9f704504a991,69304320,rua,Rua Hamilton Rice,Mecejana,52d99a8c-b151-45dd-8e7f-88e56a303202,RR
01a02d94-aa75-71aa-8ece-86a215f47702,69313450,rua,Rua Hebron,Cambará,52d99a8c-b151-45dd-8e7f-88e56a303202,RR
01a02d94-9e85-7573-8678-99c27cbbd992,69309079,rua,Rua Helena Bezerra de Menezes,Liberdade,52d99a8c-b151-45dd-8e7f-88e56a303202,RR
01a02d94-ae3c-7990-a51d-0d9df72077a6,69314162,rua,Rua Henrique de Oliveira Gomes,Santa Tereza,52d99a8c-b151-45dd-8e7f-88e56a303202,RR
01a02d94-aa74-7943-9a77-2c487960a662,69313422,rua,Rua Henrique de Oliveira Gomes,Cambará,52d99a8c-b151-45dd-8e7f-88e56a303202,RR
01a02d94-a47d-7f13-a462-4dca9d49c353,69312190,rua,Rua Hercílio Cidade,Caimbé,52d99a8c-b151-45dd-8e7f-88e56a303202,RR
01a02d94-aa73-7826-b9ff-cff5be71b595,69313348,rua,Rua Heráclito Cavalcante,Cambará,52d99a8c-b151-45dd-8e7f-88e56a303202,RR
01a02d94-ac5f-722b-89a2-389567dd3389,69313770,rua,Rua Hilda Sobral Guedes,União,52d99a8c-b151-45dd-8e7f-88e56a303202,RR
01a02d94-b23e-717a-a08c-ff2e69d61a2f,69315305,rua,Rua Hildegardo Bantim,Distrito Industrial Governador Aquilino Mota Duarte,52d99a8c-b151-45dd-8e7f-88e56a303202,RR
01a02d94-a290-7fbc-9f3d-e09809344f59,69311067,rua,Rua Holanda,Cauamé,52d99a8c-b151-45dd-8e7f-88e56a303202,RR
01a02d94-96a5-7546-addc-15c2714b5fc6,69305190,rua,Rua Homero Cruz,São Francisco,52d99a8c-b151-45dd-8e7f-88e56a303202,RR
01a02d94-aa77-734d-9d52-cb1779566d46,69313536,rua,Rua Horácio Mardel de Magalhães,Tancredo Neves,52d99a8c-b151-45dd-8e7f-88e56a303202,RR
01a02d94-aa75-7a16-8ede-31efac597ba8,69313492,rua,Rua Horácio Mardel de Magalhães,Tancredo Neves,52d99a8c-b151-45dd-8e7f-88e56a303202,RR
01a02d94-a47e-77ed-9665-ba4ae2750c21,69312265,rua,Rua Horácio Mardel de Magalhães,Asa Branca,52d99a8c-b151-45dd-8e7f-88e56a303202,RR
01a02d94-a290-7fbc-9f3f-f10cfb1b28c5,69311074,rua,Rua Hungria,Cauamé,52d99a8c-b151-45dd-8e7f-88e56a303202,RR
01a02d94-a47b-7a60-87c4-f8746eacd562,69312038,rua,Rua Hélio Magalhães,Jardim Floresta,52d99a8c-b151-45dd-8e7f-88e56a303202,RR
01a02d94-a09a-7762-832e-4d3e32056bb8,69310063,rua,Rua Hélio Magalhães,Aeroporto,52d99a8c-b151-45dd-8e7f-88e56a303202,RR
01a02d94-a876-7773-ae22-2242104d92bc,69313162,rua,Rua Hélio Pinto Pinheiro,Jóquei Clube,52d99a8c-b151-45dd-8e7f-88e56a303202,RR
01a02d94-bc36-714c-bde4-e049ef10efec,69317444,rua,Rua Hércules,Cidade Satélite,52d99a8c-b151-45dd-8e7f-88e56a303202,RR
01a02d94-ae3d-7238-b6ba-113f47b51511,69314242,rua,Rua Hércules,Jardim Primavera,52d99a8c-b151-45dd-8e7f-88e56a303202,RR
01a02d94-c225-7401-bce4-282d9484b9f8,69312537,rua,Rua I,Centenário,52d99a8c-b151-45dd-8e7f-88e56a303202,RR
01a02d94-aa72-7f78-8f75-fd32f8a43fbd,69313325,rua,Rua II,Cambará,52d99a8c-b151-45dd-8e7f-88e56a303202,RR
01a02d94-a873-7302-aaab-b874c8f99859,69312610,rua,Rua II,Centenário,52d99a8c-b151-45dd-8e7f-88e56a303202,RR
01a02d94-a873-7302-aaac-5eec7650cfc9,69312613,rua,Rua III,Centenário,52d99a8c-b151-45dd-8e7f-88e56a303202,RR
01a02d94-aa72-7f78-8f77-9ded26349993,69313332,rua,Rua IV,Cambará,52d99a8c-b151-45dd-8e7f-88e56a303202,RR
01a02d94-a873-7302-aab5-26cb70cda977,69312627,rua,Rua IX,Centenário,52d99a8c-b151-45dd-8e7f-88e56a303202,RR
01a02d94-c63b-7cfa-a90a-3fd89a933697,69318788,rua,Rua Icaraí,Dr. Airton Rocha,52d99a8c-b151-45dd-8e7f-88e56a303202,RR
01a02d94-c222-783c-855f-fd07f905febf,69307801,rua,Rua Ida Ribeiro Campos Pinheiro,Caçari,52d99a8c-b151-45dd-8e7f-88e56a303202,RR
01a02d94-a291-7930-8b2b-5a52578422ef,69312018,rua,Rua Idelson Cortes,Jardim Floresta,52d99a8c-b151-45dd-8e7f-88e56a303202,RR
01a02d94-a67c-7de1-bedf-0c1e3a715b36,69312531,rua,Rua Idália Soares Maduro,Centenário,52d99a8c-b151-45dd-8e7f-88e56a303202,RR
01a02d94-c420-7cd4-bb62-eb4593af7f13,69318067,rua,Rua Igaracy,Laura Moreira,52d99a8c-b151-45dd-8e7f-88e56a303202,RR
01a02d94-98a3-7706-93b4-2b3adf242900,69306185,rua,Rua Igarapé,Nossa Senhora Aparecida,52d99a8c-b151-45dd-8e7f-88e56a303202,RR
01a02d94-b81c-7954-adcb-3e70a59704f0,69316625,rua,Rua Igraça Correa da Costa,Senador Hélio Campos,52d99a8c-b151-45dd-8e7f-88e56a303202,RR
01a02d94-b42d-74d5-8bec-6738263ecd56,69316188,rua,Rua Imperatriz,Nova Cidade,52d99a8c-b151-45dd-8e7f-88e56a303202,RR
01a02d94-a872-71af-b9da-2c0c68ecdc7a,69312570,rua,Rua Imperatriz,Centenário,52d99a8c-b151-45dd-8e7f-88e56a303202,RR
01a02d94-bc36-7a0e-bdfa-07e791475dc4,69317478,rua,Rua Indus,Cidade Satélite,52d99a8c-b151-45dd-8e7f-88e56a303202,RR
01a02d94-a098-7e22-95cc-aeb5fad3f6de,69309408,rua,Rua Industrial 1,Pricumã,52d99a8c-b151-45dd-8e7f-88e56a303202,RR
01a02d94-a098-7e22-95cd-7b8a9adf7368,69309409,rua,Rua Industrial 2,Pricumã,52d99a8c-b151-45dd-8e7f-88e56a303202,RR
01a02d94-a098-7e22-95c3-2669ead5b575,69309388,rua,Rua Industrial 3,Pricumã,52d99a8c-b151-45dd-8e7f-88e56a303202,RR
01a02d94-a290-7fbc-9f40-d203a9b2eeb9,69311077,rua,Rua Inglaterra,Cauamé,52d99a8c-b151-45dd-8e7f-88e56a303202,RR
01a02d94-947c-76ab-ad8d-e93b12e42084,69304020,rua,Rua Inocêncio Garcia,Mecejana,52d99a8c-b151-45dd-8e7f-88e56a303202,RR
01a02d94-9288-722e-96a1-d3534e853c33,69301340,rua,Rua Inácio Magalhães,Centro,52d99a8c-b151-45dd-8e7f-88e56a303202,RR
01a02d94-a28f-7ea8-93c9-d3d6309db26a,69310755,rua,Rua Ipueira,Said Salomão,52d99a8c-b151-45dd-8e7f-88e56a303202,RR
01a02d94-be28-727b-9abc-a6bdd4321f3a,69318728,rua,Rua Iracema,Dr. Airton Rocha,52d99a8c-b151-45dd-8e7f-88e56a303202,RR
01a02d94-947c-7f67-ada2-2acba271fcfd,69304210,rua,Rua Irineu Lucena,Mecejana,52d99a8c-b151-45dd-8e7f-88e56a303202,RR
01a02d94-c225-7401-bce9-f2a2ce4b0e01,69313003,rua,Rua Iris Galvão Ramalho,Jóquei Clube,52d99a8c-b151-45dd-8e7f-88e56a303202,RR
01a02d94-b42a-76e2-a2df-7bed835b63a5,69315328,rua,Rua Iris da Rocha Freitas,Distrito Industrial Governador Aquilino Mota Duarte,52d99a8c-b151-45dd-8e7f-88e56a303202,RR
01a02d94-a290-7fbc-9f41-ea214fc794b5,69311081,rua,Rua Irlanda,Cauamé,52d99a8c-b151-45dd-8e7f-88e56a303202,RR
01a02d94-b23e-717a-a08d-39729732e921,69315308,rua,Rua Irmã Noêmia Amazonas,Distrito Industrial Governador Aquilino Mota Duarte,52d99a8c-b151-45dd-8e7f-88e56a303202,RR
01a02d94-a47c-7b8d-839f-e159c697f67a,69312145,rua,Rua Isaac Cabral,Jardim Floresta,52d99a8c-b151-45dd-8e7f-88e56a303202,RR
01a02d94-98a2-757a-ad76-e0238f6b1c17,69305240,rua,Rua Ismael Filgueiras,São Francisco,52d99a8c-b151-45dd-8e7f-88e56a303202,RR
01a02d94-a874-7dad-93e1-23fa9d4cb560,69313022,rua,Rua Itajara,Jóquei Clube,52d99a8c-b151-45dd-8e7f-88e56a303202,RR
01a02d94-c420-7cd4-bb6a-dd89bc042ce5,69318173,rua,Rua Itaporanga,Laura Moreira,52d99a8c-b151-45dd-8e7f-88e56a303202,RR
01a02d94-9c84-74c6-942d-ae806e0efc00,69307610,rua,Rua Itaúba,Caçari,52d99a8c-b151-45dd-8e7f-88e56a303202,RR
01a02d94-a290-7fbc-9f42-e7f395dbd7af,69311084,rua,Rua Itália,Cauamé,52d99a8c-b151-45dd-8e7f-88e56a303202,RR
01a02d94-a290-7fbc-9f43-d2cf4ff1734e,69311087,rua,Rua Iuguslávia,Cauamé,52d99a8c-b151-45dd-8e7f-88e56a303202,RR
01a02d94-b81a-76ad-8eb7-e2e178bf17b3,69316528,rua,Rua Ivan Edson Gadelha,Senador Hélio Campos,52d99a8c-b151-45dd-8e7f-88e56a303202,RR
01a02d94-c420-7424-bb2c-36829364bd84,69314677,rua,Rua Ivan Edson Gadelha,Jardim Tropical,52d99a8c-b151-45dd-8e7f-88e56a303202,RR
01a02d94-aa76-727e-8522-9248385eaa36,69313511,rua,Rua Ivone Pinheiro,Tancredo Neves,52d99a8c-b151-45dd-8e7f-88e56a303202,RR
01a02d94-aa76-727e-8521-2a5bc3c00415,69313510,rua,Rua Ivone Pinheiro,Tancredo Neves,52d99a8c-b151-45dd-8e7f-88e56a303202,RR
01a02d94-a47d-7f13-a467-b13c24b4f487,69312201,rua,Rua Ivone Pinheiro,Caimbé,52d99a8c-b151-45dd-8e7f-88e56a303202,RR
01a02d94-a47d-7f13-a466-e142584c118e,69312200,rua,Rua Ivone Pinheiro,Caimbé,52d99a8c-b151-45dd-8e7f-88e56a303202,RR
01a02d94-a873-7302-aaad-057670318e10,69312615,rua,Rua Izaira Padilha Corrêa,Centenário,52d99a8c-b151-45dd-8e7f-88e56a303202,RR
01a02d94-bc37-72af-af62-b633c47f91ec,69317534,rua,Rua Izidio Lira,Cidade Satélite,52d99a8c-b151-45dd-8e7f-88e56a303202,RR
01a02d94-ac5f-722b-89aa-d9235f097664,69313790,rua,Rua Izídio Galdino Filho,União,52d99a8c-b151-45dd-8e7f-88e56a303202,RR
01a02d94-ac5e-7994-ad38-0c32ade81224,69313695,rua,Rua Izídio Galdino Filho,Jardim Caranã,52d99a8c-b151-45dd-8e7f-88e56a303202,RR
01a02d94-a290-7754-9f3b-10de1c5936c1,69311062,rua,Rua Izídio Galdino Filho,Cauamé,52d99a8c-b151-45dd-8e7f-88e56a303202,RR
01a02d94-b81a-76ad-8eb2-42bbaf5126d3,69316516,rua,Rua Izídio Galdino da Silva,Senador Hélio Campos,52d99a8c-b151-45dd-8e7f-88e56a303202,RR
01a02d94-b037-7065-9a73-70dd94f59997,69314480,rua,Rua Izídio Galdino da Silva,Doutor Sílvio Botelho,52d99a8c-b151-45dd-8e7f-88e56a303202,RR
01a02d94-ba1c-7684-87af-11c2ea5470a6,69316970,rua,Rua Izídio Galdino da Silva 2469,Senador Hélio Campos,52d99a8c-b151-45dd-8e7f-88e56a303202,RR
01a02d94-bc36-7a0e-be09-3254e9616367,69317510,rua,Rua J,Cidade Satélite,52d99a8c-b151-45dd-8e7f-88e56a303202,RR
01a02d94-bc36-714c-bdeb-389893afd811,69317458,rua,Rua J-5,Cidade Satélite,52d99a8c-b151-45dd-8e7f-88e56a303202,RR
01a02d94-bc36-7a0e-be0a-e7e388b465f4,69317512,rua,Rua J-7,Cidade Satélite,52d99a8c-b151-45dd-8e7f-88e56a303202,RR
01a02d94-bc36-7a0e-be0b-73ec8ae0bb7c,69317514,rua,Rua J-8,Cidade Satélite,52d99a8c-b151-45dd-8e7f-88e56a303202,RR
01a02d94-c01a-705e-a6ed-1652fe845efc,69313275,rua,Rua JC-01,Olímpico,52d99a8c-b151-45dd-8e7f-88e56a303202,RR
01a02d94-aa72-76dc-8f69-0b70d9ab4e90,69313278,rua,Rua JC-02,Olímpico,52d99a8c-b151-45dd-8e7f-88e56a303202,RR
01a02d94-aa72-76dc-8f6c-357486d0baea,69313282,rua,Rua JC-03,Olímpico,52d99a8c-b151-45dd-8e7f-88e56a303202,RR
01a02d94-aa72-76dc-8f6e-6b1cc1d27b22,69313285,rua,Rua JC-04,Olímpico,52d99a8c-b151-45dd-8e7f-88e56a303202,RR
01a02d94-b038-7ab9-9357-9937597baf30,69314577,rua,Rua JT-01,Jardim Tropical,52d99a8c-b151-45dd-8e7f-88e56a303202,RR
01a02d94-aa72-7f78-8f70-d1fd5a8ace82,69313292,rua,Rua JT-01,Olímpico,52d99a8c-b151-45dd-8e7f-88e56a303202,RR
01a02d94-b038-7ab9-9358-47790c9fe6d5,69314578,rua,Rua JT-01A,Jardim Tropical,52d99a8c-b151-45dd-8e7f-88e56a303202,RR
01a02d94-c225-7cc7-bcf5-675c618bdb9b,69313294,rua,Rua JT-01A,Olímpico,52d99a8c-b151-45dd-8e7f-88e56a303202,RR
01a02d94-c226-759e-a057-51531deb5f32,69314574,rua,Rua JT-02,Jardim Tropical,52d99a8c-b151-45dd-8e7f-88e56a303202,RR
01a02d94-c226-759e-a058-32e6bb609736,69314614,rua,Rua JT-03,Jardim Tropical,52d99a8c-b151-45dd-8e7f-88e56a303202,RR
01a02d94-aa72-7f78-8f71-56c469e7d90b,69313302,rua,Rua JT-04,Olímpico,52d99a8c-b151-45dd-8e7f-88e56a303202,RR
01a02d94-aa72-7f78-8f72-1d12935d3057,69313305,rua,Rua JT-05,Olímpico,52d99a8c-b151-45dd-8e7f-88e56a303202,RR
01a02d94-aa72-7f78-8f73-890b322de683,69313308,rua,Rua JT-06,Olímpico,52d99a8c-b151-45dd-8e7f-88e56a303202,RR
01a02d94-b039-736f-b8a6-0f7bb45617c8,69314617,rua,Rua JT-10,Jardim Tropical,52d99a8c-b151-45dd-8e7f-88e56a303202,RR
01a02d94-aa72-76dc-8f66-66b831bc71ed,69313270,rua,Rua JT-10,Olímpico,52d99a8c-b151-45dd-8e7f-88e56a303202,RR
01a02d94-b039-7c0d-b8a7-50c8d3b13b95,69314618,rua,Rua JT-11,Jardim Tropical,52d99a8c-b151-45dd-8e7f-88e56a303202,RR
01a02d94-aa72-76dc-8f68-463121833c0b,69313277,rua,Rua JT-11,Olímpico,52d99a8c-b151-45dd-8e7f-88e56a303202,RR
01a02d94-b039-7c0d-b8a8-cdf5006acf87,69314619,rua,Rua JT-12,Jardim Tropical,52d99a8c-b151-45dd-8e7f-88e56a303202,RR
01a02d94-aa72-76dc-8f6a-0227ba1400e4,69313279,rua,Rua JT-12,Olímpico,52d99a8c-b151-45dd-8e7f-88e56a303202,RR
01a02d94-b039-736f-b8a0-9c68efcd790d,69314606,rua,Rua JT-13,Jardim Tropical,52d99a8c-b151-45dd-8e7f-88e56a303202,RR
01a02d94-aa72-76dc-8f6b-c1dbd6eea684,69313281,rua,Rua JT-13,Olímpico,52d99a8c-b151-45dd-8e7f-88e56a303202,RR
01a02d94-b039-736f-b8a1-54bb9153d9ba,69314607,rua,Rua JT-14,Jardim Tropical,52d99a8c-b151-45dd-8e7f-88e56a303202,RR
01a02d94-aa72-76dc-8f6d-d331f3ef7939,69313283,rua,Rua JT-14,Olímpico,52d99a8c-b151-45dd-8e7f-88e56a303202,RR
01a02d94-b039-736f-b8a2-634f4270bad6,69314608,rua,Rua JT-15,Jardim Tropical,52d99a8c-b151-45dd-8e7f-88e56a303202,RR
01a02d94-96a2-7872-9da4-949a3797c93b,69304520,rua,Rua Jacamin,Mecejana,52d99a8c-b151-45dd-8e7f-88e56a303202,RR
01a02d94-a098-7e22-95c2-e38f1e2f466a,69309385,rua,Rua Jackson de Barros Villa,Pricumã,52d99a8c-b151-45dd-8e7f-88e56a303202,RR
01a02d94-ba1d-77e1-934d-dc9d5e50f15a,69317174,rua,Rua Jacy de Souza Cruz,Santa Luzia,52d99a8c-b151-45dd-8e7f-88e56a303202,RR
01a02d94-b81c-70bb-adbe-d9295abdff56,69316590,rua,Rua Jacy de Souza Cruz,Senador Hélio Campos,52d99a8c-b151-45dd-8e7f-88e56a303202,RR
01a02d94-ba1b-7dd9-b18a-49d033991a75,69316782,rua,Rua Jafet,Pintolândia,52d99a8c-b151-45dd-8e7f-88e56a303202,RR
01a02d94-a47c-7b8d-83a1-2a6bd377470b,69312148,rua,Rua Jair Alves dos Reis,Jardim Floresta,52d99a8c-b151-45dd-8e7f-88e56a303202,RR
01a02d94-b81c-7954-adcd-444d65d504fd,69316630,rua,Rua Jair Corrêa da Costa,Senador Hélio Campos,52d99a8c-b151-45dd-8e7f-88e56a303202,RR
01a02d94-a47e-77ed-9666-c79df39ce3c5,69312268,rua,Rua Jair da Silva Mota,Asa Branca,52d99a8c-b151-45dd-8e7f-88e56a303202,RR
01a02d94-aa72-7f78-8f76-e2d271424e12,69313328,rua,Rua Jairo de Andrade Lima,Cambará,52d99a8c-b151-45dd-8e7f-88e56a303202,RR
01a02d94-bc37-72af-af69-5d40d0c80337,69317550,rua,Rua James Meirelles Sobreiro Júnior,Cidade Satélite,52d99a8c-b151-45dd-8e7f-88e56a303202,RR
01a02d94-c01a-705e-a6e1-6a3f2d88fdfa,69309211,rua,Rua Jandyra Lago,Buritis,52d99a8c-b151-45dd-8e7f-88e56a303202,RR
01a02d94-a47e-77ed-9659-872c8b424bec,69312222,rua,Rua Jandyra Lago,Caimbé,52d99a8c-b151-45dd-8e7f-88e56a303202,RR
01a02d94-9e84-7c8e-a991-14bce84a052c,69309004,rua,Rua Jandyra Lago,Liberdade,52d99a8c-b151-45dd-8e7f-88e56a303202,RR
01a02d94-9e87-7995-b613-c37b15ceea13,69309220,rua,Rua Jango Menezes,Buritis,52d99a8c-b151-45dd-8e7f-88e56a303202,RR
01a02d94-9e87-70b1-b604-0f0df3445c74,69309183,rua,Rua Jango Menezes,Buritis,52d99a8c-b151-45dd-8e7f-88e56a303202,RR
01a02d94-96a1-76e6-b81e-4927c5ccba9a,69304457,rua,Rua Japim,Mecejana,52d99a8c-b151-45dd-8e7f-88e56a303202,RR
01a02d94-a09a-7762-8324-e1f31ff11779,69311094,rua,Rua Japão,Cauamé,52d99a8c-b151-45dd-8e7f-88e56a303202,RR
01a02d94-96a0-7e34-9573-7d01232cc7d2,69304403,rua,Rua Jaranã,Mecejana,52d99a8c-b151-45dd-8e7f-88e56a303202,RR
01a02d94-ae3b-780f-87ed-e9d5a8a69f20,69314062,rua,Rua Jaraqui,Santa Tereza,52d99a8c-b151-45dd-8e7f-88e56a303202,RR
01a02d94-b239-7d0b-8751-6f4fb68d70a1,69314645,rua,Rua Jardim Babilônia,Jardim Tropical,52d99a8c-b151-45dd-8e7f-88e56a303202,RR
01a02d94-a28f-7ea8-93cb-91f7250f3800,69310759,rua,Rua Jardim de Piranhas,Said Salomão,52d99a8c-b151-45dd-8e7f-88e56a303202,RR
01a02d94-9a95-741e-90a3-dd0c8b9cb34a,69306400,rua,Rua Jaricuna,Nossa Senhora Aparecida,52d99a8c-b151-45dd-8e7f-88e56a303202,RR
01a02d94-b23b-76c4-b3fa-fed82e2002f0,69315038,rua,Rua Jauaperi,Professora Araceli Souto Maior,52d99a8c-b151-45dd-8e7f-88e56a303202,RR
01a02d94-ae3c-7990-a523-089e2cf1beb0,69314182,rua,Rua Jaçanã,Jardim Primavera,52d99a8c-b151-45dd-8e7f-88e56a303202,RR
01a02d94-c01b-7930-821e-3b2abbdbfa48,69318774,rua,Rua Jericoacoara,Dr. Airton Rocha,52d99a8c-b151-45dd-8e7f-88e56a303202,RR
01a02d94-ba1b-7dd9-b18b-b661eac0a57c,69316785,rua,Rua Jericó,Pintolândia,52d99a8c-b151-45dd-8e7f-88e56a303202,RR
01a02d94-b035-7f2a-9d43-073bb576a696,69314408,rua,Rua Jericó,Nova Canaã,52d99a8c-b151-45dd-8e7f-88e56a303202,RR
01a02d94-c01a-78fa-a6f4-13b335d9c2f6,69314497,rua,Rua Jerusalém,Doutor Sílvio Botelho,52d99a8c-b151-45dd-8e7f-88e56a303202,RR
01a02d94-ba1b-7dd9-b18c-661ae878232d,69316788,rua,Rua Jerusalém,Pintolândia,52d99a8c-b151-45dd-8e7f-88e56a303202,RR
01a02d94-b239-7d0b-8752-5f191ee9be12,69314650,rua,Rua Jerusalém,Jardim Tropical,52d99a8c-b151-45dd-8e7f-88e56a303202,RR
01a02d94-aa74-7943-9a76-f8413cc8b850,69313418,rua,Rua Jerusalém,Cambará,52d99a8c-b151-45dd-8e7f-88e56a303202,RR
01a02d94-aa72-76dc-8f6f-6dc859b3fe22,69313288,rua,Rua Jerusalém,Olímpico,52d99a8c-b151-45dd-8e7f-88e56a303202,RR
01a02d94-9e85-7573-8679-5092ffb2616a,69309085,rua,Rua Jesus Cruz,Liberdade,52d99a8c-b151-45dd-8e7f-88e56a303202,RR
01a02d94-9e83-72cd-825a-2e7a847d5d6f,69308180,rua,Rua Joaquim Ferreira Lima,Treze de Setembro,52d99a8c-b151-45dd-8e7f-88e56a303202,RR
01a02d94-b035-76a5-9d3b-6eddb70fb16d,69314388,rua,Rua Joaquim Honorato de Souza,Nova Canaã,52d99a8c-b151-45dd-8e7f-88e56a303202,RR
01a02d94-b034-7e20-9525-2dc6ecef3962,69314346,rua,Rua Joaquim Honorato de Souza,Doutor Sílvio Leite,52d99a8c-b151-45dd-8e7f-88e56a303202,RR
01a02d94-96a0-7e34-9570-e7c1214f45f3,69304390,rua,Rua Joaquim Nabuco,Mecejana,52d99a8c-b151-45dd-8e7f-88e56a303202,RR
01a02d94-9c82-7a7b-bd23-3e6774d56d45,69307350,rua,Rua Joaquim Olímpio dos Santos,Paraviana,52d99a8c-b151-45dd-8e7f-88e56a303202,RR
01a02d94-98a3-7706-93bc-feb6babe1752,69306260,rua,Rua Joaquim Pinto S. Maior,Nossa Senhora Aparecida,52d99a8c-b151-45dd-8e7f-88e56a303202,RR
01a02d94-a873-7302-aab2-c34aabf2739f,69312624,rua,Rua Joaquim Ribeiro Peres,Centenário,52d99a8c-b151-45dd-8e7f-88e56a303202,RR
01a02d94-98a2-7e4a-ad8a-093db2f83090,69305390,rua,Rua Joaquim Thomé,Trinta e Um de Março,52d99a8c-b151-45dd-8e7f-88e56a303202,RR
01a02d94-c420-7cd4-bb6b-03e98b724069,69318175,rua,Rua Joazeirinho,Laura Moreira,52d99a8c-b151-45dd-8e7f-88e56a303202,RR
01a02d94-ac5e-7994-ad3b-cc219eeb9bf9,69313702,rua,Rua Joca Farias,Jardim Caranã,52d99a8c-b151-45dd-8e7f-88e56a303202,RR
01a02d94-ac5d-7865-93fb-2bad55d0a7c0,69313612,rua,Rua Joca Farias,Caranã,52d99a8c-b151-45dd-8e7f-88e56a303202,RR
01a02d94-bc36-7a0e-be07-02787895cd2e,69317506,rua,Rua Jonas Dias Carneiro,Cidade Satélite,52d99a8c-b151-45dd-8e7f-88e56a303202,RR
01a02d94-b23e-717a-a08a-745ec3b16c51,69315298,rua,Rua Jorge Caçapava,Distrito Industrial Governador Aquilino Mota Duarte,52d99a8c-b151-45dd-8e7f-88e56a303202,RR
01a02d94-ba1e-7a43-a0da-1a7d85c5a025,69317232,rua,Rua Jorge Dias Carneiro,Alvorada,52d99a8c-b151-45dd-8e7f-88e56a303202,RR
01a02d94-ba1c-7684-87b7-bf2b1eff5d86,69317025,rua,Rua Jorge Dias Carneiro,Santa Luzia,52d99a8c-b151-45dd-8e7f-88e56a303202,RR
01a02d94-a47e-77ed-965b-70d7fa3e2bc3,69312230,rua,Rua Jorge Fraxe,Caimbé,52d99a8c-b151-45dd-8e7f-88e56a303202,RR
01a02d94-a47d-7512-a45a-d308c79f71b8,69312179,rua,Rua Jorge Fraxe,Caimbé,52d99a8c-b151-45dd-8e7f-88e56a303202,RR
01a02d94-c225-7401-bce5-c63b1d2decc4,69312547,rua,Rua Jornalista Feutman Gondim,Centenário,52d99a8c-b151-45dd-8e7f-88e56a303202,RR
01a02d94-c225-7cc7-bcf0-a49f317c6245,69313016,rua,Rua Jornalista Feutmann Gondim,Jóquei Clube,52d99a8c-b151-45dd-8e7f-88e56a303202,RR
01a02d94-ac5f-722b-89ab-5e8e0a1a5c07,69313792,rua,Rua Jornalista Humberto Silva,União,52d99a8c-b151-45dd-8e7f-88e56a303202,RR
01a02d94-ac5e-7994-ad39-624974e3e291,69313698,rua,Rua Jornalista Humberto Silva,Jardim Caranã,52d99a8c-b151-45dd-8e7f-88e56a303202,RR
01a02d94-c225-7cc7-bcf4-50c97acd5574,69313263,rua,Rua Josefa Leite de Souza,Olímpico,52d99a8c-b151-45dd-8e7f-88e56a303202,RR
01a02d94-bc37-72af-af66-eb5bb0ca6ab4,69317544,rua,Rua Josemar Batista de Souza,Cidade Satélite,52d99a8c-b151-45dd-8e7f-88e56a303202,RR
01a02d94-c225-7cc7-bcf3-43e19ef8d825,69313189,rua,Rua José Airton de Almeida,Jóquei Clube,52d99a8c-b151-45dd-8e7f-88e56a303202,RR
01a02d94-b81d-7a77-8017-d601a692fb57,69316732,rua,Rua José Alber Sampaio,Pintolândia,52d99a8c-b151-45dd-8e7f-88e56a303202,RR
01a02d94-b81a-76ad-8eaf-07245cf53804,69316508,rua,Rua José Alber Sampaio,Senador Hélio Campos,52d99a8c-b151-45dd-8e7f-88e56a303202,RR
01a02d94-aa75-71aa-8ecf-8bca6bf9fe0f,69313455,rua,Rua José Aleixo,Cambará,52d99a8c-b151-45dd-8e7f-88e56a303202,RR
01a02d94-a47e-77ed-9667-8fd5fc193ca4,69312272,rua,Rua José Aleixo,Asa Branca,52d99a8c-b151-45dd-8e7f-88e56a303202,RR
01a02d94-a47e-77ed-965f-af806e8ba2e5,69312246,rua,Rua José Aleixo,Asa Branca,52d99a8c-b151-45dd-8e7f-88e56a303202,RR
01a02d94-9e86-7813-b180-dab039840068,69309168,rua,Rua José Aleixo,Buritis,52d99a8c-b151-45dd-8e7f-88e56a303202,RR
01a02d94-9e85-7573-8675-aecec9a72dd5,69309030,rua,Rua José Aleixo,Liberdade,52d99a8c-b151-45dd-8e7f-88e56a303202,RR
01a02d94-a874-74e6-93da-12afbf9a965a,69312971,rua,Rua José Aleixo 2620,Asa Branca,52d99a8c-b151-45dd-8e7f-88e56a303202,RR
01a02d94-9288-722e-96a8-a8ec74551140,69301390,rua,Rua José Amadeu Ribeiro Campos,Centro,52d99a8c-b151-45dd-8e7f-88e56a303202,RR
01a02d94-b037-7065-9a6e-0dcf28a553b8,69314466,rua,Rua José Arruda de Lima,Doutor Sílvio Botelho,52d99a8c-b151-45dd-8e7f-88e56a303202,RR
01a02d94-98a3-7706-93be-b3de6aaba116,69306275,rua,Rua José Bonifácio,Nossa Senhora Aparecida,52d99a8c-b151-45dd-8e7f-88e56a303202,RR
01a02d94-be25-7fc3-9e94-f1056bb5cf90,69317554,rua,Rua José Brock,Cidade Satélite,52d99a8c-b151-45dd-8e7f-88e56a303202,RR
01a02d94-c224-7278-87c9-2f7660d61448,69311272,rua,Rua José Brock,Residencial Monte Cristo,52d99a8c-b151-45dd-8e7f-88e56a303202,RR
01a02d94-ac5f-722b-89a7-4c337ee2715b,69313782,rua,Rua José Carlos dos Prazeres,União,52d99a8c-b151-45dd-8e7f-88e56a303202,RR
01a02d94-ac5e-70fb-ad33-a422bce34683,69313680,rua,Rua José Carlos dos Prazeres,Jardim Caranã,52d99a8c-b151-45dd-8e7f-88e56a303202,RR
01a02d94-a28f-762f-93ac-8962cc4580eb,69310113,rua,Rua José Carneiro Machado,Aeroporto,52d99a8c-b151-45dd-8e7f-88e56a303202,RR
01a02d94-ba1c-7f2f-87c3-4c371e79240d,69317102,rua,Rua José Cassimiro da Silva,Santa Luzia,52d99a8c-b151-45dd-8e7f-88e56a303202,RR
01a02d94-b81d-7a77-8015-3d903c2f6bc9,69316728,rua,Rua José Cassimiro da Silva,Pintolândia,52d99a8c-b151-45dd-8e7f-88e56a303202,RR
01a02d94-b81a-76ad-8ead-4b0553e7ae41,69316502,rua,Rua José Cassimiro da Silva,Senador Hélio Campos,52d99a8c-b151-45dd-8e7f-88e56a303202,RR
01a02d94-9c84-74c6-942b-a11cd22ce950,69307600,rua,Rua José Celestino da Luz,Caçari,52d99a8c-b151-45dd-8e7f-88e56a303202,RR
01a02d94-96a0-7e34-956e-693a3b4b2629,69304370,rua,Rua José Coelho,Mecejana,52d99a8c-b151-45dd-8e7f-88e56a303202,RR
01a02d94-9287-79b2-92d4-610660a294ad,69301300,rua,Rua José Coelho,Centro,52d99a8c-b151-45dd-8e7f-88e56a303202,RR
01a02d94-947b-7de2-90ad-a6276353c3bd,69303492,rua,Rua José Danilo Rufino do Vale,São Vicente,52d99a8c-b151-45dd-8e7f-88e56a303202,RR
01a02d94-b23e-717a-a08e-f3a88237a8a4,69315312,rua,Rua José Delmiro,Distrito Industrial Governador Aquilino Mota Duarte,52d99a8c-b151-45dd-8e7f-88e56a303202,RR
01a02d94-a872-7a62-b9e9-41c8c456f585,69312607,rua,Rua José Duarte Maduro,Centenário,52d99a8c-b151-45dd-8e7f-88e56a303202,RR
01a02d94-9a95-7cd2-90bb-26985868d156,69306590,rua,Rua José Faustino da Silva,Canarinho,52d99a8c-b151-45dd-8e7f-88e56a303202,RR
01a02d94-aa75-71aa-8ed0-caffba557ec9,69313458,rua,Rua José Francisco,Cambará,52d99a8c-b151-45dd-8e7f-88e56a303202,RR
01a02d94-a876-7773-ae1e-71e677886463,69313145,rua,Rua José Francisco,Jóquei Clube,52d99a8c-b151-45dd-8e7f-88e56a303202,RR
01a02d94-a47e-77ed-9668-3a0697ff5b89,69312275,rua,Rua José Francisco,Asa Branca,52d99a8c-b151-45dd-8e7f-88e56a303202,RR
01a02d94-9e87-7995-b617-c3e2cb8fb054,69309240,rua,Rua José Francisco,Buritis,52d99a8c-b151-45dd-8e7f-88e56a303202,RR
01a02d94-b037-7065-9a70-2972844a9a79,69314470,rua,Rua José Gomes da Silva,Doutor Sílvio Botelho,52d99a8c-b151-45dd-8e7f-88e56a303202,RR
01a02d94-9c84-7d7a-9437-e5dbaf56c849,69307660,rua,Rua José Gonçalves Tajujá,Caçari,52d99a8c-b151-45dd-8e7f-88e56a303202,RR
01a02d94-c01b-7930-821b-e013396c0d84,69318768,rua,Rua José Hamilton Gondim,Dr. Airton Rocha,52d99a8c-b151-45dd-8e7f-88e56a303202,RR
01a02d94-aa73-7826-ba05-8035e76646cd,69313368,rua,Rua José Macêdo Malaquias,Cambará,52d99a8c-b151-45dd-8e7f-88e56a303202,RR
01a02d94-9288-722e-96a4-67f001379566,69301360,rua,Rua José Magalhães,Centro,52d99a8c-b151-45dd-8e7f-88e56a303202,RR
01a02d94-c01a-78fa-a71a-311b7413c453,69318760,rua,Rua José Maria Carneiro,Dr. Airton Rocha,52d99a8c-b151-45dd-8e7f-88e56a303202,RR
01a02d94-b81c-7954-adc5-eb5940d255b6,69316603,rua,Rua José Martins dos Santos Neto,Senador Hélio Campos,52d99a8c-b151-45dd-8e7f-88e56a303202,RR
01a02d94-a67a-71e9-92c4-a1887787ad6f,69312366,rua,Rua José Moreno,Cinturão Verde,52d99a8c-b151-45dd-8e7f-88e56a303202,RR
01a02d94-b037-7933-9a79-0f233138245c,69314507,rua,Rua José Ozimar Barbosa,Doutor Sílvio Botelho,52d99a8c-b151-45dd-8e7f-88e56a303202,RR
01a02d94-9e87-7995-b61a-538c42549090,69309363,rua,Rua José Pinheiro,Pricumã,52d99a8c-b151-45dd-8e7f-88e56a303202,RR
01a02d94-9e85-7f58-867a-1bf8000f34eb,69309089,rua,Rua José Pinheiro,Liberdade,52d99a8c-b151-45dd-8e7f-88e56a303202,RR
01a02d94-9e87-7995-b60f-4778a1b3ff3f,69309207,rua,Rua José Queiroz,Buritis,52d99a8c-b151-45dd-8e7f-88e56a303202,RR
01a02d94-9e87-70b1-b600-545c9e9bee84,69309177,rua,Rua José Queiroz,Buritis,52d99a8c-b151-45dd-8e7f-88e56a303202,RR
01a02d94-9a96-756b-9004-9c78ea491fdd,69306640,rua,Rua José Raimundo Silva,São Pedro,52d99a8c-b151-45dd-8e7f-88e56a303202,RR
01a02d94-ba1d-77e1-9342-d2c1706c1e80,69317107,rua,Rua José Renato Hadad,Santa Luzia,52d99a8c-b151-45dd-8e7f-88e56a303202,RR
01a02d94-b81e-7309-9e4f-322b1a3272ce,69316752,rua,Rua José Renato Hadad,Pintolândia,52d99a8c-b151-45dd-8e7f-88e56a303202,RR
01a02d94-b81b-77fd-885a-2a81ccdcdaa0,69316562,rua,Rua José Renato Hadad,Senador Hélio Campos,52d99a8c-b151-45dd-8e7f-88e56a303202,RR
01a02d94-b42b-78b9-a43e-a3476ad40f8d,69315650,rua,Rua José Renato Hadad,São Bento,52d99a8c-b151-45dd-8e7f-88e56a303202,RR
01a02d94-c420-7424-bb30-40acc368aff2,69315077,rua,Rua José Renato Hadad,Professora Araceli Souto Maior,52d99a8c-b151-45dd-8e7f-88e56a303202,RR
01a02d94-9287-79b2-92c4-d1128d8d8489,69301165,rua,Rua José Ribeiro da Silva,Centro,52d99a8c-b151-45dd-8e7f-88e56a303202,RR
01a02d94-ac5f-722b-89a4-99369e1b4fd0,69313775,rua,Rua José Ricardo Neto,União,52d99a8c-b151-45dd-8e7f-88e56a303202,RR
01a02d94-ac5d-7865-9405-1aefe807145b,69313622,rua,Rua José Ricardo Neto,Caranã,52d99a8c-b151-45dd-8e7f-88e56a303202,RR
01a02d94-aa72-7f78-8f79-2722b4af97b0,69313338,rua,Rua José da Silva Pereira Campos,Cambará,52d99a8c-b151-45dd-8e7f-88e56a303202,RR
01a02d94-9287-79b2-92ca-1bb61573ba49,69301210,rua,Rua José de Anchieta,Centro,52d99a8c-b151-45dd-8e7f-88e56a303202,RR
01a02d94-9479-79a5-97dc-860b675f68ec,69303160,rua,Rua José de Souza,Calungá,52d99a8c-b151-45dd-8e7f-88e56a303202,RR
01a02d94-9c82-7a7b-bd25-44f1a920f600,69307370,rua,Rua João Aires Leitão,Paraviana,52d99a8c-b151-45dd-8e7f-88e56a303202,RR
01a02d94-a09a-7762-832f-707da4b200d9,69310065,rua,Rua João Alencar,Aeroporto,52d99a8c-b151-45dd-8e7f-88e56a303202,RR
01a02d94-947c-7f67-ada1-4f69b4544911,69304200,rua,Rua João Antony,Mecejana,52d99a8c-b151-45dd-8e7f-88e56a303202,RR
01a02d94-ac5e-7994-ad4d-99cc5f6e2c9f,69313752,rua,Rua João Aprígio da Silva,União,52d99a8c-b151-45dd-8e7f-88e56a303202,RR
01a02d94-ba1e-7185-a0d4-565b270a6775,69317196,rua,Rua João Arthur de Lima,Alvorada,52d99a8c-b151-45dd-8e7f-88e56a303202,RR
01a02d94-96a0-755e-956a-bdbe9e305752,69304335,rua,Rua João Barbosa,Mecejana,52d99a8c-b151-45dd-8e7f-88e56a303202,RR
01a02d94-a67a-71e9-92c3-d84fe945da4a,69312365,rua,Rua João Batista,Cinturão Verde,52d99a8c-b151-45dd-8e7f-88e56a303202,RR
01a02d94-bc37-72af-af6a-88e24f7f897a,69317552,rua,Rua João Batista Sobreiro,Cidade Satélite,52d99a8c-b151-45dd-8e7f-88e56a303202,RR
01a02d94-b23d-7064-a23e-fa6e70647cb2,69315245,rua,Rua João Brito de Oliveira,Distrito Industrial Governador Aquilino Mota Duarte,52d99a8c-b151-45dd-8e7f-88e56a303202,RR
01a02d94-b81d-71e6-800a-0e2c4b0cb7f3,69316698,rua,Rua João Coimbra Kremer,Pintolândia,52d99a8c-b151-45dd-8e7f-88e56a303202,RR
01a02d94-a67c-7de1-bee1-c732fc7250aa,69312533,rua,Rua João Dantas,Centenário,52d99a8c-b151-45dd-8e7f-88e56a303202,RR
01a02d94-98a3-7fae-93c9-294c96e4d7cd,69306353,rua,Rua João Evangelista Pereira de Melo,Nossa Senhora Aparecida,52d99a8c-b151-45dd-8e7f-88e56a303202,RR
01a02d94-aa76-727e-851d-60e4904d9f25,69313500,rua,Rua João Evangelista Pereira de Melo,Tancredo Neves,52d99a8c-b151-45dd-8e7f-88e56a303202,RR
01a02d94-b622-743d-a22e-f5e42ffe8437,69316226,rua,Rua João Ferreira Mota,Nova Cidade,52d99a8c-b151-45dd-8e7f-88e56a303202,RR
01a02d94-9c82-7a7b-bd24-b24a59e4ba47,69307360,rua,Rua João Galdino de Páscoa,Paraviana,52d99a8c-b151-45dd-8e7f-88e56a303202,RR
01a02d94-a291-7930-8b2e-64bbd4d952b7,69312028,rua,Rua João Magalhães,Jardim Floresta,52d99a8c-b151-45dd-8e7f-88e56a303202,RR
01a02d94-a09a-7762-832c-8e7d091cbbdc,69310058,rua,Rua João Magalhães,Aeroporto,52d99a8c-b151-45dd-8e7f-88e56a303202,RR
01a02d94-9e87-7995-b60c-391d31cbb290,69309195,rua,Rua João Padeiro,Buritis,52d99a8c-b151-45dd-8e7f-88e56a303202,RR
01a02d94-9e86-7813-b182-f8a07d720f48,69309171,rua,Rua João Padeiro,Buritis,52d99a8c-b151-45dd-8e7f-88e56a303202,RR
01a02d94-a47e-77ed-9658-d59f3e5d347a,69312220,rua,Rua João Padilha,Caimbé,52d99a8c-b151-45dd-8e7f-88e56a303202,RR
01a02d94-a47d-7512-a451-5dfec3b4bf2a,69312163,rua,Rua João Padilha,Caimbé,52d99a8c-b151-45dd-8e7f-88e56a303202,RR
01a02d94-96a5-7546-addb-1c43f11ffabb,69305180,rua,Rua João Paulo I,São Francisco,52d99a8c-b151-45dd-8e7f-88e56a303202,RR
01a02d94-c01a-705e-a6db-f52a48b23d8b,69306450,rua,Rua João Pereira Caldas,Nossa Senhora Aparecida,52d99a8c-b151-45dd-8e7f-88e56a303202,RR
01a02d94-b622-743d-a234-03a2a6d8e3a5,69316242,rua,Rua João Pessoa,Nova Cidade,52d99a8c-b151-45dd-8e7f-88e56a303202,RR
01a02d94-98a3-7706-93af-b7e803d242a7,69306160,rua,Rua João XXIII,Nossa Senhora Aparecida,52d99a8c-b151-45dd-8e7f-88e56a303202,RR
01a02d94-b42b-78b9-a443-ba66ceaeb05a,69315675,rua,Rua João de Barro,São Bento,52d99a8c-b151-45dd-8e7f-88e56a303202,RR
01a02d94-947c-76ab-ad94-026ce172f3d9,69304070,rua,Rua Juaperi,Mecejana,52d99a8c-b151-45dd-8e7f-88e56a303202,RR
01a02d94-a67c-752a-bed7-c1b2550fd415,69312513,rua,Rua Juazeiro,Centenário,52d99a8c-b151-45dd-8e7f-88e56a303202,RR
01a02d94-a28f-7ea8-93c5-8302fc05a7ac,69310747,rua,Rua Jucurutú,Said Salomão,52d99a8c-b151-45dd-8e7f-88e56a303202,RR
01a02d94-b81a-76ad-8eb5-4b05e109dc47,69316524,rua,Rua Juiz Maximiliano Trindade,Senador Hélio Campos,52d99a8c-b151-45dd-8e7f-88e56a303202,RR
01a02d94-c01a-78fa-a6fc-2298dda943b3,69317306,rua,Rua Julieta Pereira de Melo,Equatorial,52d99a8c-b151-45dd-8e7f-88e56a303202,RR
01a02d94-ba1c-7f2f-87bf-8c79ee79910e,69317047,rua,Rua Julieta Pereira de Melo,Santa Luzia,52d99a8c-b151-45dd-8e7f-88e56a303202,RR
01a02d94-b623-7577-af39-8a98d71dd921,69316410,rua,Rua Julieta Pereira de Melo,Senador Hélio Campos,52d99a8c-b151-45dd-8e7f-88e56a303202,RR
01a02d94-ae3c-7990-a512-93f960d524a9,69314128,rua,Rua Jundiá,Santa Tereza,52d99a8c-b151-45dd-8e7f-88e56a303202,RR
01a02d94-a876-7773-ae1f-8af46998d5c3,69313148,rua,Rua Juraci Peixoto,Jóquei Clube,52d99a8c-b151-45dd-8e7f-88e56a303202,RR
01a02d94-9e83-72cd-825b-cc69c51de545,69308200,rua,Rua Jurinéia,Treze de Setembro,52d99a8c-b151-45dd-8e7f-88e56a303202,RR
01a02d94-ac5e-7994-ad3f-11f588e4d265,69313710,rua,Rua Jurupaí,Jardim Caranã,52d99a8c-b151-45dd-8e7f-88e56a303202,RR
01a02d94-a47e-77ed-9669-19db0163a9cb,69312278,rua,Rua Juvêncio Jaricuna de Albuquerque,Asa Branca,52d99a8c-b151-45dd-8e7f-88e56a303202,RR
01a02d94-c01a-78fa-a6fe-aa5ccaebf16c,69307155,rua,Rua Jí-Paraná,Paraviana,52d99a8c-b151-45dd-8e7f-88e56a303202,RR
01a02d94-9478-7848-b68c-a52ddb8cf062,69303005,rua,Rua Jósimo de alencar Macêdo,Calungá,52d99a8c-b151-45dd-8e7f-88e56a303202,RR
01a02d94-947b-7de2-90ae-ce227eb483ec,69303493,rua,Rua Jósimo dos Santos,São Vicente,52d99a8c-b151-45dd-8e7f-88e56a303202,RR
01a02d94-aa76-7ae5-852f-71ee20f6b68d,69313532,rua,Rua Júlio Pinto,Tancredo Neves,52d99a8c-b151-45dd-8e7f-88e56a303202,RR
01a02d94-a47d-7512-a45e-596eb4eb2500,69312185,rua,Rua Júlio Pinto,Caimbé,52d99a8c-b151-45dd-8e7f-88e56a303202,RR
01a02d94-9c82-7a7b-bd1f-e4b13c5ed093,69307340,rua,Rua Júlio Teixeira Ramalho,Paraviana,52d99a8c-b151-45dd-8e7f-88e56a303202,RR
01a02d94-bc36-7a0e-be0c-4333b0e99305,69317516,rua,Rua Júpiter,Cidade Satélite,52d99a8c-b151-45dd-8e7f-88e56a303202,RR
01a02d94-b42c-7161-9957-53876c39039b,69316042,rua,Rua Júpiter,Raiar do Sol,52d99a8c-b151-45dd-8e7f-88e56a303202,RR
01a02d94-a874-7dad-93e4-b7ca1a7bf4e0,69313035,rua,Rua Korak,Jóquei Clube,52d99a8c-b151-45dd-8e7f-88e56a303202,RR
01a02d94-be26-788d-9bf0-12861d28823b,69317578,rua,Rua L,Cidade Satélite,52d99a8c-b151-45dd-8e7f-88e56a303202,RR
01a02d94-a09a-7762-8321-3f4ebc063434,69310035,rua,Rua La Paz,Aeroporto,52d99a8c-b151-45dd-8e7f-88e56a303202,RR
01a02d94-a099-7664-8f8c-11001e053eed,69309520,rua,Rua Lady Laura,Pricumã,52d99a8c-b151-45dd-8e7f-88e56a303202,RR
01a02d94-96a0-755e-9565-fbe10f5ec6a8,69304290,rua,Rua Lafaiete Pinheiro,Mecejana,52d99a8c-b151-45dd-8e7f-88e56a303202,RR
01a02d94-c420-7cd4-bb63-0ac7728d76b4,69318072,rua,Rua Lagoa Seca,Laura Moreira,52d99a8c-b151-45dd-8e7f-88e56a303202,RR
01a02d94-c01b-7930-8221-7724e09bd423,69318780,rua,Rua Lagoinha,Dr. Airton Rocha,52d99a8c-b151-45dd-8e7f-88e56a303202,RR
01a02d94-c421-7ce9-b1c0-4e402c1b186c,69318242,rua,Rua Lagoinha,Murilo Teixeira Cidade,52d99a8c-b151-45dd-8e7f-88e56a303202,RR
01a02d94-ae3c-7990-a515-993f58b03e91,69314137,rua,Rua Lambari,Santa Tereza,52d99a8c-b151-45dd-8e7f-88e56a303202,RR
01a02d94-aa77-734d-9d51-a7a18c46ea36,69313535,rua,Rua Latino,Tancredo Neves,52d99a8c-b151-45dd-8e7f-88e56a303202,RR
01a02d94-bc36-714c-bdd9-40445992cfb6,69317374,rua,Rua Latitudinal,Equatorial,52d99a8c-b151-45dd-8e7f-88e56a303202,RR
01a02d94-b42b-78b9-a440-af45453f70fe,69315656,rua,Rua Laura Correa Moreira,São Bento,52d99a8c-b151-45dd-8e7f-88e56a303202,RR
01a02d94-ba1c-7f2f-87c1-03fd65df69b4,69317050,rua,Rua Laura Pinheiro Maia,Santa Luzia,52d99a8c-b151-45dd-8e7f-88e56a303202,RR
01a02d94-b81e-7309-9e49-b50ae02ceeb2,69316738,rua,Rua Laura Pinheiro Maia,Pintolândia,52d99a8c-b151-45dd-8e7f-88e56a303202,RR
01a02d94-b819-7e0f-90b8-4303cbbaeabb,69316494,rua,Rua Laura Pinheiro Maia,Senador Hélio Campos,52d99a8c-b151-45dd-8e7f-88e56a303202,RR
01a02d94-b036-77da-97ea-928174a72f1a,69314454,rua,Rua Laura Pinheiro Maia,Doutor Sílvio Botelho,52d99a8c-b151-45dd-8e7f-88e56a303202,RR
01a02d94-b81e-7309-9e4c-bd3285bb38a1,69316745,rua,Rua Lauro Alexandre da Silva,Pintolândia,52d99a8c-b151-45dd-8e7f-88e56a303202,RR
01a02d94-b81b-77fd-8857-87bb9e2d0123,69316556,rua,Rua Lauro Alexandre da Silva,Senador Hélio Campos,52d99a8c-b151-45dd-8e7f-88e56a303202,RR
01a02d94-b81b-77fd-8856-a1b2c5bfe4e7,69316555,rua,Rua Lauro Alexandre da Silva,Senador Hélio Campos,52d99a8c-b151-45dd-8e7f-88e56a303202,RR
01a02d94-b038-71f1-934f-a3bfee1b1d4b,69314567,rua,Rua Lauro Alexandre da Silva,Doutor Sílvio Botelho,52d99a8c-b151-45dd-8e7f-88e56a303202,RR
01a02d94-c224-7b45-87cc-7be274a8018f,69311292,rua,Rua Leonardo Fernandes de Magalhães,Residencial Village,52d99a8c-b151-45dd-8e7f-88e56a303202,RR
01a02d94-9c85-7ec7-9197-151df15bf5d2,69307745,rua,Rua Leonel Luis de Oliveira,Caçari,52d99a8c-b151-45dd-8e7f-88e56a303202,RR
01a02d94-ba1e-7185-a0d3-411363e65b4e,69317195,rua,Rua Leopoldo Lima Campelo,Alvorada,52d99a8c-b151-45dd-8e7f-88e56a303202,RR
01a02d94-98a3-7706-93b3-61059f8abf82,69306180,rua,Rua Leopoldo Peres,Nossa Senhora Aparecida,52d99a8c-b151-45dd-8e7f-88e56a303202,RR
01a02d94-bc35-7861-aca9-3d8c80d61cb7,69317348,rua,Rua Leste,Equatorial,52d99a8c-b151-45dd-8e7f-88e56a303202,RR
01a02d94-9a97-76a7-b994-ee33804679bc,69307272,rua,Rua Levindo Inácio de Oliveira,Paraviana,52d99a8c-b151-45dd-8e7f-88e56a303202,RR
01a02d94-bc36-7a0e-be0d-e30af94bf6d5,69317518,rua,Rua Leão,Cidade Satélite,52d99a8c-b151-45dd-8e7f-88e56a303202,RR
01a02d94-b23d-7064-a23d-6bafa34b6d5a,69315242,rua,Rua Leão Altino Pereira,Distrito Industrial Governador Aquilino Mota Duarte,52d99a8c-b151-45dd-8e7f-88e56a303202,RR
01a02d94-aa76-727e-8520-c9079fa03d6c,69313508,rua,Rua Leôncio Barbosa,Tancredo Neves,52d99a8c-b151-45dd-8e7f-88e56a303202,RR
01a02d94-a47d-7f13-a463-c13636533c09,69312192,rua,Rua Leôncio Barbosa,Caimbé,52d99a8c-b151-45dd-8e7f-88e56a303202,RR
01a02d94-bc36-7a0e-be0e-6c05f1538754,69317520,rua,Rua Libra,Cidade Satélite,52d99a8c-b151-45dd-8e7f-88e56a303202,RR
01a02d94-aa76-7ae5-852a-e5beb6b4f304,69313527,rua,Rua Lindolfo Bernardo Coutinho,Tancredo Neves,52d99a8c-b151-45dd-8e7f-88e56a303202,RR
01a02d94-aa75-7a16-8ed9-5c4cf21c5cd3,69313480,rua,Rua Lindolfo Bernardo Coutinho,Tancredo Neves,52d99a8c-b151-45dd-8e7f-88e56a303202,RR
01a02d94-a47e-77ed-966a-1270c00eaead,69312282,rua,Rua Lindolfo Bernardo Coutinho,Asa Branca,52d99a8c-b151-45dd-8e7f-88e56a303202,RR
01a02d94-a874-7dad-93e5-2db8022b8368,69313038,rua,Rua Linha Fina,Jóquei Clube,52d99a8c-b151-45dd-8e7f-88e56a303202,RR
01a02d94-a09a-7762-8320-b95b74064c4a,69310033,rua,Rua Lisboa,Aeroporto,52d99a8c-b151-45dd-8e7f-88e56a303202,RR
01a02d94-96a4-73a9-bcba-3ad850060d27,69305050,rua,Rua Lobo D'Almada,São Francisco,52d99a8c-b151-45dd-8e7f-88e56a303202,RR
01a02d94-a28f-7ea8-93c3-db1c8f57628a,69310743,rua,Rua Logoa Nova,Said Salomão,52d99a8c-b151-45dd-8e7f-88e56a303202,RR
01a02d94-96a2-7872-9d9f-5af793de25ce,69304490,rua,Rua Lourenço Belforte,Mecejana,52d99a8c-b151-45dd-8e7f-88e56a303202,RR
01a02d94-b81d-71e6-8007-d61ad60a732d,69316690,rua,Rua Lourival Coimbra,Pintolândia,52d99a8c-b151-45dd-8e7f-88e56a303202,RR
01a02d94-b81a-7f6d-8ebd-9c53d3e0222d,69316542,rua,Rua Lourival Coimbra,Senador Hélio Campos,52d99a8c-b151-45dd-8e7f-88e56a303202,RR
01a02d94-b23a-759d-8a79-b3d1ce1c86b7,69314675,rua,Rua Lourival Coimbra,Jardim Tropical,52d99a8c-b151-45dd-8e7f-88e56a303202,RR
01a02d94-b038-71f1-9346-5f73ead33716,69314540,rua,Rua Lourival Coimbra,Doutor Sílvio Botelho,52d99a8c-b151-45dd-8e7f-88e56a303202,RR
01a02d94-b035-7f2a-9d45-960e831a7c96,69314414,rua,Rua Lourival Coimbra,Nova Canaã,52d99a8c-b151-45dd-8e7f-88e56a303202,RR
01a02d94-ac5e-7994-ad44-ddf8fa53895b,69313722,rua,Rua Lourival Honorato da Silva,Jardim Caranã,52d99a8c-b151-45dd-8e7f-88e56a303202,RR
01a02d94-aa76-727e-851e-ccf3e39946c8,69313502,rua,Rua Lourival Silva,Tancredo Neves,52d99a8c-b151-45dd-8e7f-88e56a303202,RR
01a02d94-a47d-7512-a45d-4272e87fddc4,69312182,rua,Rua Lourival Silva,Caimbé,52d99a8c-b151-45dd-8e7f-88e56a303202,RR
01a02d94-98a3-7706-93bd-61e268993eb3,69306270,rua,Rua Lourival Soares da Silva,Nossa Senhora Aparecida,52d99a8c-b151-45dd-8e7f-88e56a303202,RR
01a02d94-b42c-7161-9959-b515b16a59a1,69316046,rua,Rua Lua Nova,Raiar do Sol,52d99a8c-b151-45dd-8e7f-88e56a303202,RR
01a02d94-ac5e-7994-ad3a-9228b68df348,69313700,rua,Rua Lucas de Matos,Jardim Caranã,52d99a8c-b151-45dd-8e7f-88e56a303202,RR
01a02d94-c224-7278-87c8-eb9f77f5cb6b,69311270,rua,Rua Luciane Gomes Costa,Residencial Monte Cristo,52d99a8c-b151-45dd-8e7f-88e56a303202,RR
01a02d94-98a3-7fae-93d6-5e92986b71bf,69306389,rua,Rua Luciano Ribeiro Campos,Nossa Senhora Aparecida,52d99a8c-b151-45dd-8e7f-88e56a303202,RR
01a02d94-b23d-790e-a247-5bf8aabcf03d,69315275,rua,Rua Luiz Carlos Rodrigues de Oliveira,Distrito Industrial Governador Aquilino Mota Duarte,52d99a8c-b151-45dd-8e7f-88e56a303202,RR
01a02d94-947c-76ab-ad9c-bee0baae94ba,69304150,rua,Rua Luiz Laranjeira,Mecejana,52d99a8c-b151-45dd-8e7f-88e56a303202,RR
01a02d94-bc35-7861-aca4-a7cafab0e692,69317338,rua,Rua Luiz Reis Cristo,Equatorial,52d99a8c-b151-45dd-8e7f-88e56a303202,RR
01a02d94-b819-7e0f-90b9-37ea0e105955,69316496,rua,Rua Luiz Reis Cristo,Senador Hélio Campos,52d99a8c-b151-45dd-8e7f-88e56a303202,RR
01a02d94-ba1d-77e1-9344-ca101615c733,69317110,rua,Rua Luiz Tavares da Silva,Santa Luzia,52d99a8c-b151-45dd-8e7f-88e56a303202,RR
01a02d94-ba1b-752b-b183-e900c5cb9f58,69316765,rua,Rua Luiz Tavares da Silva,Pintolândia,52d99a8c-b151-45dd-8e7f-88e56a303202,RR
01a02d94-b81b-77fd-885d-04cd4c5cf42d,69316568,rua,Rua Luiz Tavares da Silva,Senador Hélio Campos,52d99a8c-b151-45dd-8e7f-88e56a303202,RR
01a02d94-9a97-76a7-b98c-b1453a7a3de4,69307240,rua,Rua Luiza Malaquias,Paraviana,52d99a8c-b151-45dd-8e7f-88e56a303202,RR
01a02d94-ae3d-7238-b6ac-b681953fd163,69314204,rua,Rua Lírio do Campo,Jardim Primavera,52d99a8c-b151-45dd-8e7f-88e56a303202,RR
01a02d94-ae3c-7990-a51e-b19e85c44c0e,69314164,rua,Rua Lírio do Campo,Santa Tereza,52d99a8c-b151-45dd-8e7f-88e56a303202,RR
01a02d94-98a3-7706-93bb-d5aaa066dcf7,69306250,rua,Rua Lírio do Vale,Nossa Senhora Aparecida,52d99a8c-b151-45dd-8e7f-88e56a303202,RR
01a02d94-b622-743d-a23c-3605eba79e2b,69316262,rua,Rua Macapá,Nova Cidade,52d99a8c-b151-45dd-8e7f-88e56a303202,RR
01a02d94-a28f-7ea8-93cc-82e694f1fb31,69310761,rua,Rua Macau,Said Salomão,52d99a8c-b151-45dd-8e7f-88e56a303202,RR
01a02d94-b621-7ba5-bd73-5f8cea4e51fd,69316206,rua,Rua Maceió,Nova Cidade,52d99a8c-b151-45dd-8e7f-88e56a303202,RR
01a02d94-9e83-72cd-825e-c7d55f9b70d5,69308240,rua,Rua Macunaíma,Treze de Setembro,52d99a8c-b151-45dd-8e7f-88e56a303202,RR
01a02d94-98a3-7fae-93c3-1fc748feea8e,69306310,rua,Rua Macuxi,Nossa Senhora Aparecida,52d99a8c-b151-45dd-8e7f-88e56a303202,RR
01a02d94-98a3-7706-93b9-4ef6848d8ab1,69306230,rua,Rua Madre Radgund,Nossa Senhora Aparecida,52d99a8c-b151-45dd-8e7f-88e56a303202,RR
01a02d94-9e83-72cd-825c-4e9624991a44,69308220,rua,Rua Madre Rosa,Treze de Setembro,52d99a8c-b151-45dd-8e7f-88e56a303202,RR
01a02d94-9e83-72cd-825d-3ba6457346a1,69308230,rua,Rua Madre Silvestre,Treze de Setembro,52d99a8c-b151-45dd-8e7f-88e56a303202,RR
01a02d94-a09a-7762-8326-fc5bc9112793,69310043,rua,Rua Madri,Aeroporto,52d99a8c-b151-45dd-8e7f-88e56a303202,RR
01a02d94-ac5e-7994-ad3e-b04054ea5baa,69313709,rua,Rua Maestro Dirson Costa,Jardim Caranã,52d99a8c-b151-45dd-8e7f-88e56a303202,RR
01a02d94-ac5e-7994-ad3d-02418db21d57,69313708,rua,Rua Maestro Dirson Costa,Jardim Caranã,52d99a8c-b151-45dd-8e7f-88e56a303202,RR
01a02d94-ac5e-70fb-ad23-e52b40ee2557,69313628,rua,Rua Maestro Dirson Costa,Caranã,52d99a8c-b151-45dd-8e7f-88e56a303202,RR
01a02d94-9a95-741e-90a6-b7ed94c8dced,69306420,rua,Rua Maiogong,Nossa Senhora Aparecida,52d99a8c-b151-45dd-8e7f-88e56a303202,RR
01a02d94-b819-741b-90ac-eb363c174cff,69316466,rua,Rua Maisa Campos de Melo,Senador Hélio Campos,52d99a8c-b151-45dd-8e7f-88e56a303202,RR
01a02d94-98a2-757a-ad7e-b6ba15ffe17b,69305290,rua,Rua Major Carlos Mardel,Trinta e Um de Março,52d99a8c-b151-45dd-8e7f-88e56a303202,RR
01a02d94-be27-714d-be30-993085d49145,69318020,rua,Rua Major Ecildon Pinto,Laura Moreira,52d99a8c-b151-45dd-8e7f-88e56a303202,RR
01a02d94-96a4-7c9c-bcc4-b1722d02d548,69305100,rua,Rua Major Manoel Correia,São Francisco,52d99a8c-b151-45dd-8e7f-88e56a303202,RR
01a02d94-9288-722e-96ae-25f30d771193,69301450,rua,Rua Major Manoel Correia,Centro,52d99a8c-b151-45dd-8e7f-88e56a303202,RR
01a02d94-96a0-755e-9567-79316753822e,69304310,rua,Rua Major Quadros,Mecejana,52d99a8c-b151-45dd-8e7f-88e56a303202,RR
01a02d94-b42d-74d5-8bea-42bf0c4911e0,69316184,rua,Rua Manaus,Nova Cidade,52d99a8c-b151-45dd-8e7f-88e56a303202,RR
01a02d94-c420-7cd4-bb6c-85a805a3fd19,69318177,rua,Rua Manaíra,Laura Moreira,52d99a8c-b151-45dd-8e7f-88e56a303202,RR
01a02d94-ae3c-70d0-a501-4e65d47c0fde,69314085,rua,Rua Mandi,Santa Tereza,52d99a8c-b151-45dd-8e7f-88e56a303202,RR
01a02d94-b23a-759d-8a7e-3f7ca996c5cb,69314710,rua,Rua Manganês,Jardim Tropical,52d99a8c-b151-45dd-8e7f-88e56a303202,RR
01a02d94-a875-7ebd-baef-6e40718e05b2,69313115,rua,Rua Manganês,Jóquei Clube,52d99a8c-b151-45dd-8e7f-88e56a303202,RR
01a02d94-be25-7fc3-9e9a-814a86db00df,69317563,rua,Rua Manoel Adriano Girão,Cidade Satélite,52d99a8c-b151-45dd-8e7f-88e56a303202,RR
01a02d94-96a1-76e6-b816-5f972cb15db5,69304410,rua,Rua Manoel Aires,Mecejana,52d99a8c-b151-45dd-8e7f-88e56a303202,RR
01a02d94-98a2-757a-ad84-b4c7e44cc2a5,69305330,rua,Rua Manoel Barbosa de Araújo,Trinta e Um de Março,52d99a8c-b151-45dd-8e7f-88e56a303202,RR
01a02d94-b036-77da-97eb-7392d043d6c2,69314456,rua,Rua Manoel Bonfim da Silva,Doutor Sílvio Botelho,52d99a8c-b151-45dd-8e7f-88e56a303202,RR
01a02d94-96a0-755e-9566-44abd1c138ce,69304300,rua,Rua Manoel Costa Gomes,Mecejana,52d99a8c-b151-45dd-8e7f-88e56a303202,RR
01a02d94-98a2-757a-ad7b-b5964a2b5ca4,69305280,rua,Rua Manoel Dias de Almeida,Trinta e Um de Março,52d99a8c-b151-45dd-8e7f-88e56a303202,RR
01a02d94-aa75-71aa-8ed1-a4190336c0f1,69313460,rua,Rua Manoel Felipe,Cambará,52d99a8c-b151-45dd-8e7f-88e56a303202,RR
01a02d94-a678-7680-a1f7-2e8e8b78d307,69312310,rua,Rua Manoel Felipe,Asa Branca,52d99a8c-b151-45dd-8e7f-88e56a303202,RR
01a02d94-a47e-77ed-966c-aaadae2b9fae,69312288,rua,Rua Manoel Felipe,Asa Branca,52d99a8c-b151-45dd-8e7f-88e56a303202,RR
01a02d94-9e86-7813-b181-3f8fd7cd4224,69309170,rua,Rua Manoel Felipe,Buritis,52d99a8c-b151-45dd-8e7f-88e56a303202,RR
01a02d94-b23d-790e-a244-7734a78c65d3,69315265,rua,Rua Manoel Mendes Silva,Distrito Industrial Governador Aquilino Mota Duarte,52d99a8c-b151-45dd-8e7f-88e56a303202,RR
01a02d94-a876-7773-ae20-4e4098408e2f,69313152,rua,Rua Manoel Pereira de Castro,Jóquei Clube,52d99a8c-b151-45dd-8e7f-88e56a303202,RR
01a02d94-a679-7041-a92f-07ed567b54dc,69312333,rua,Rua Manoel Pereira de Castro,Cinturão Verde,52d99a8c-b151-45dd-8e7f-88e56a303202,RR
01a02d94-ac5e-70fb-ad21-0d912d9c41d8,69313626,rua,Rua Manoel Sabino dos Santos,Caranã,52d99a8c-b151-45dd-8e7f-88e56a303202,RR
01a02d94-ac5d-7865-93f5-237de8c034e5,69313598,rua,Rua Manoel Sabino dos Santos,Caranã,52d99a8c-b151-45dd-8e7f-88e56a303202,RR
01a02d94-a47e-77ed-965a-7a2a993d2469,69312225,rua,Rua Manoel Teixeira de Souza,Caimbé,52d99a8c-b151-45dd-8e7f-88e56a303202,RR
01a02d94-a47e-77ed-966e-aafb756041ad,69312295,rua,Rua Manoel Vicente de Souza,Asa Branca,52d99a8c-b151-45dd-8e7f-88e56a303202,RR
01a02d94-a47e-77ed-966d-183ce0131570,69312292,rua,Rua Manoel da Silva Mota,Asa Branca,52d99a8c-b151-45dd-8e7f-88e56a303202,RR
01a02d94-9e83-7b7e-825f-58eb287a518b,69308250,rua,Rua Maracá,Treze de Setembro,52d99a8c-b151-45dd-8e7f-88e56a303202,RR
01a02d94-98a3-7706-93a7-d2a69319d10a,69305630,rua,Rua Maranhão,Estados,52d99a8c-b151-45dd-8e7f-88e56a303202,RR
01a02d94-9479-70f9-97d2-223c680806b9,69303055,rua,Rua Marechal Rondon,Calungá,52d99a8c-b151-45dd-8e7f-88e56a303202,RR
01a02d94-b81d-7a77-800f-4ff828036c32,69316710,rua,Rua Margarida Caland de Paiva,Pintolândia,52d99a8c-b151-45dd-8e7f-88e56a303202,RR
01a02d94-b81a-7f6d-8ebf-2bd02bfda095,69316548,rua,Rua Margarida Caland de Paiva,Senador Hélio Campos,52d99a8c-b151-45dd-8e7f-88e56a303202,RR
01a02d94-b038-71f1-934b-fbfd6d648fb9,69314553,rua,Rua Margarida Caland de Paiva,Doutor Sílvio Botelho,52d99a8c-b151-45dd-8e7f-88e56a303202,RR
01a02d94-9c85-7ec7-919a-d9681ded1647,69307752,rua,Rua Maria Alves da Cunha,Caçari,52d99a8c-b151-45dd-8e7f-88e56a303202,RR
01a02d94-9c85-7ec7-919d-eecbb032cf00,69307760,rua,Rua Maria Coêlho,Caçari,52d99a8c-b151-45dd-8e7f-88e56a303202,RR
01a02d94-9c86-776f-85a7-a7e78139927e,69307765,rua,Rua Maria Evangelina da Silva,Caçari,52d99a8c-b151-45dd-8e7f-88e56a303202,RR
01a02d94-c221-7f89-86a9-4833cda0c440,69307799,rua,Rua Maria Luiza Vieira Campos,Caçari,52d99a8c-b151-45dd-8e7f-88e56a303202,RR
01a02d94-c421-7ce9-b1b1-61d78473579f,69318212,rua,Rua Maria Margarida Guimarães Jucene dos Santos,Murilo Teixeira Cidade,52d99a8c-b151-45dd-8e7f-88e56a303202,RR
01a02d94-c63b-7cfa-a8fd-bb6a350212bc,69318302,rua,Rua Maria Margarida Guimarães Jucene dos Santos,Murilo Teixeira Cidade,52d99a8c-b151-45dd-8e7f-88e56a303202,RR
01a02d94-bc35-7861-aca5-509bf918b1e1,69317340,rua,Rua Maria Martins Vieira,Equatorial,52d99a8c-b151-45dd-8e7f-88e56a303202,RR
01a02d94-ba1e-7a43-a0e1-ae0fe0dacd5b,69317267,rua,Rua Maria Martins Vieira,Alvorada,52d99a8c-b151-45dd-8e7f-88e56a303202,RR
01a02d94-b819-7e0f-90ba-0040b3f1c90d,69316498,rua,Rua Maria Martins Vieira,Senador Hélio Campos,52d99a8c-b151-45dd-8e7f-88e56a303202,RR
01a02d94-be25-7fc3-9e95-6b8fc62555e2,69317556,rua,Rua Maria Martins de Almeida,Cidade Satélite,52d99a8c-b151-45dd-8e7f-88e56a303202,RR
01a02d94-aa76-7ae5-852c-d1eb14f64375,69313529,rua,Rua Maria Rodrigues dos Santos,Tancredo Neves,52d99a8c-b151-45dd-8e7f-88e56a303202,RR
01a02d94-aa75-7a16-8eda-046bfc1c3f91,69313482,rua,Rua Maria Rodrigues dos Santos,Tancredo Neves,52d99a8c-b151-45dd-8e7f-88e56a303202,RR
01a02d94-a47e-77ed-966b-bdc8d60581a9,69312285,rua,Rua Maria Rodrigues dos Santos,Asa Branca,52d99a8c-b151-45dd-8e7f-88e56a303202,RR
01a02d94-b034-7e20-9521-14918ec87ff0,69314336,rua,Rua Maria Santa da Silva,Doutor Sílvio Leite,52d99a8c-b151-45dd-8e7f-88e56a303202,RR
01a02d94-9a96-7dfc-9026-3ba53f24adce,69307150,rua,Rua Maria Socorro de Alencar Meira,Paraviana,52d99a8c-b151-45dd-8e7f-88e56a303202,RR
01a02d94-bc37-72af-af67-f72e872eeefb,69317546,rua,Rua Maria das Graças Paulino Cavalcante,Cidade Satélite,52d99a8c-b151-45dd-8e7f-88e56a303202,RR
01a02d94-9c85-761f-9191-b31ee4a36cc7,69307730,rua,Rua Maria de Lourdes Paracat Lucena,Caçari,52d99a8c-b151-45dd-8e7f-88e56a303202,RR
01a02d94-947a-73c3-9160-fc37c8fbd3ef,69303250,rua,Rua Maria de Lurdes Coimbra,Calungá,52d99a8c-b151-45dd-8e7f-88e56a303202,RR
01a02d94-be26-788d-9bf5-e563c34da2de,69317586,rua,Rua Maria de Matos Carneiro,Cidade Satélite,52d99a8c-b151-45dd-8e7f-88e56a303202,RR
01a02d94-a67c-7de1-bee0-b5111079ac8e,69312532,rua,Rua Maria do Carmo Batalha,Centenário,52d99a8c-b151-45dd-8e7f-88e56a303202,RR
01a02d94-9c85-7ec7-9196-f67a4719fead,69307742,rua,Rua Maria do Carmo Noronha de Souza,Caçari,52d99a8c-b151-45dd-8e7f-88e56a303202,RR
01a02d94-aa74-7943-9a79-2c4f0d0e09b3,69313428,rua,Rua Mariano Vieira,Cambará,52d99a8c-b151-45dd-8e7f-88e56a303202,RR
01a02d94-a874-7dad-93e6-d2cc68c8b906,69313042,rua,Rua Mariate,Jóquei Clube,52d99a8c-b151-45dd-8e7f-88e56a303202,RR
01a02d94-b034-7e20-9528-1975dbdb476c,69314354,rua,Rua Marieta de Mello Marques,Doutor Sílvio Leite,52d99a8c-b151-45dd-8e7f-88e56a303202,RR
01a02d94-9a95-7cd2-90bd-ad61ef09bb7f,69306598,rua,Rua Marina do Rio Branco,Canarinho,52d99a8c-b151-45dd-8e7f-88e56a303202,RR
01a02d94-c224-7278-87c2-6ecd2bec701b,69311258,rua,Rua Mariz Mota,Residencial Monte Cristo,52d99a8c-b151-45dd-8e7f-88e56a303202,RR
01a02d94-9e84-7c8e-a98d-90f589c8fbac,69308515,rua,Rua Marquês de Pombal,Marechal Rondon,52d99a8c-b151-45dd-8e7f-88e56a303202,RR
01a02d94-a290-7fbc-9f45-18a7c5b4396f,69311097,rua,Rua Marrocos,Cauamé,52d99a8c-b151-45dd-8e7f-88e56a303202,RR
01a02d94-c421-7ce9-b1b2-10a5c3dc2c83,69318215,rua,Rua Marta Jucene dos Santos,Murilo Teixeira Cidade,52d99a8c-b151-45dd-8e7f-88e56a303202,RR
01a02d94-bc36-7a0e-be0f-6b0fe0191d0e,69317522,rua,Rua Marte,Cidade Satélite,52d99a8c-b151-45dd-8e7f-88e56a303202,RR
01a02d94-b23b-76c4-b403-599534fe7cbf,69315062,rua,Rua Marte,Professora Araceli Souto Maior,52d99a8c-b151-45dd-8e7f-88e56a303202,RR
01a02d94-c221-76b8-869d-aa7e6bca635c,69307535,rua,Rua Marupá,Caçari,52d99a8c-b151-45dd-8e7f-88e56a303202,RR
01a02d94-a28f-762f-93a9-7e4568f327e2,69310105,rua,Rua Marú,Aeroporto,52d99a8c-b151-45dd-8e7f-88e56a303202,RR
01a02d94-9c84-74c6-942e-081bbf207338,69307615,rua,Rua Massaranduba,Caçari,52d99a8c-b151-45dd-8e7f-88e56a303202,RR
01a02d94-9a97-7f41-b99a-be7b39accd33,69307300,rua,Rua Massaranduba,Paraviana,52d99a8c-b151-45dd-8e7f-88e56a303202,RR
01a02d94-98a2-7e4a-ada0-6d8bb5e804ec,69305590,rua,Rua Mato Grosso,Estados,52d99a8c-b151-45dd-8e7f-88e56a303202,RR
01a02d94-ae3d-7238-b6bb-3eb83b8976a3,69314244,rua,Rua Matrinxã,Jardim Primavera,52d99a8c-b151-45dd-8e7f-88e56a303202,RR
01a02d94-ae3c-70d0-a500-9323eb57bc86,69314082,rua,Rua Matrinxã,Santa Tereza,52d99a8c-b151-45dd-8e7f-88e56a303202,RR
01a02d94-b23a-759d-8a7f-b2a392d5a3f1,69314715,rua,Rua Mauro Campello,Jardim Tropical,52d99a8c-b151-45dd-8e7f-88e56a303202,RR
01a02d94-a876-7773-ae27-434e16c0ed1f,69313185,rua,Rua Mauro Campello,Jóquei Clube,52d99a8c-b151-45dd-8e7f-88e56a303202,RR
01a02d94-a28f-762f-93a8-971e67ad16f8,69310103,rua,Rua Mauro Pereira de Melo,Aeroporto,52d99a8c-b151-45dd-8e7f-88e56a303202,RR
01a02d94-947a-7c89-916f-e148b1488ff9,69303410,rua,Rua Maú,São Vicente,52d99a8c-b151-45dd-8e7f-88e56a303202,RR
01a02d94-947c-76ab-ad8f-e67814f030ed,69304031,rua,Rua Mecejana,Mecejana,52d99a8c-b151-45dd-8e7f-88e56a303202,RR
01a02d94-aa74-7090-9a6c-47640108fd0f,69313382,rua,Rua Melo Júnior,Cambará,52d99a8c-b151-45dd-8e7f-88e56a303202,RR
01a02d94-9a96-756b-9000-08f8b59c1574,69306610,rua,Rua Melvim Jones,São Pedro,52d99a8c-b151-45dd-8e7f-88e56a303202,RR
01a02d94-bc36-714c-bde9-d480b912080b,69317454,rua,Rua Mercúrio,Cidade Satélite,52d99a8c-b151-45dd-8e7f-88e56a303202,RR
01a02d94-b23b-76c4-b3ff-d13e3d05c9d2,69315052,rua,Rua Mercúrio,Professora Araceli Souto Maior,52d99a8c-b151-45dd-8e7f-88e56a303202,RR
01a02d94-bc35-7861-acad-ce991645d6cc,69317356,rua,Rua Meridional,Equatorial,52d99a8c-b151-45dd-8e7f-88e56a303202,RR
01a02d94-aa73-7826-ba02-47991b67c18a,69313360,rua,Rua Mestre Albano,Cambará,52d99a8c-b151-45dd-8e7f-88e56a303202,RR
01a02d94-aa73-7826-ba01-e6de14727131,69313358,rua,Rua Mestre Albano,Cambará,52d99a8c-b151-45dd-8e7f-88e56a303202,RR
01a02d94-a677-7dc5-a182-2181bc6264ce,69312301,rua,Rua Mestre Albano,Asa Branca,52d99a8c-b151-45dd-8e7f-88e56a303202,RR
01a02d94-a47f-7816-b388-fccf0af33f74,69312300,rua,Rua Mestre Albano,Asa Branca,52d99a8c-b151-45dd-8e7f-88e56a303202,RR
01a02d94-a47e-77ed-9671-0b7dd0fd8784,69312299,rua,Rua Mestre Albano,Asa Branca,52d99a8c-b151-45dd-8e7f-88e56a303202,RR
01a02d94-a47e-77ed-9670-4ded2cd8aedd,69312298,rua,Rua Mestre Albano,Asa Branca,52d99a8c-b151-45dd-8e7f-88e56a303202,RR
01a02d94-a099-7664-8f89-fd63ab0a0538,69309513,rua,Rua Mestre Albano,Pricumã,52d99a8c-b151-45dd-8e7f-88e56a303202,RR
01a02d94-9e85-7f58-8682-6607d3c618e8,69309164,rua,Rua Mestre Albano,Buritis,52d99a8c-b151-45dd-8e7f-88e56a303202,RR
01a02d94-9e85-7573-8677-1a6a42d18da7,69309040,rua,Rua Mestre Albano,Liberdade,52d99a8c-b151-45dd-8e7f-88e56a303202,RR
01a02d94-98a2-7e4a-ad8b-5653b737838b,69305410,rua,Rua Mestre Diogo,Trinta e Um de Março,52d99a8c-b151-45dd-8e7f-88e56a303202,RR
01a02d94-ba1b-7dd9-b18d-3336fcb04ca0,69316790,rua,Rua Midiã,Pintolândia,52d99a8c-b151-45dd-8e7f-88e56a303202,RR
01a02d94-b035-7f2a-9d44-1aca973ceb3f,69314412,rua,Rua Midiã,Nova Canaã,52d99a8c-b151-45dd-8e7f-88e56a303202,RR
01a02d94-9a96-756b-9011-1238f101362b,69306715,rua,Rua Miguel Lupe Martins,São Pedro,52d99a8c-b151-45dd-8e7f-88e56a303202,RR
01a02d94-ba1e-7185-a0d8-a21b95c0b447,69317230,rua,Rua Milton Maduro,Alvorada,52d99a8c-b151-45dd-8e7f-88e56a303202,RR
01a02d94-a874-74e6-93d8-5e47f0112228,69312665,rua,Rua Milão,Centenário,52d99a8c-b151-45dd-8e7f-88e56a303202,RR
01a02d94-bc36-7a0e-be10-c92d9cfc57d4,69317524,rua,Rua Mimosa,Cidade Satélite,52d99a8c-b151-45dd-8e7f-88e56a303202,RR
01a02d94-9a95-741e-90a0-353def515e1f,69306396,rua,Rua Minervina Franco de Campos,Nossa Senhora Aparecida,52d99a8c-b151-45dd-8e7f-88e56a303202,RR
01a02d94-9a97-76a7-b988-4135e41f6d0e,69307210,rua,Rua Ministro Sérgio Mota,Paraviana,52d99a8c-b151-45dd-8e7f-88e56a303202,RR
01a02d94-98a3-7fae-93d4-d1e88256fd90,69306387,rua,Rua Mirandinha,Nossa Senhora Aparecida,52d99a8c-b151-45dd-8e7f-88e56a303202,RR
01a02d94-9a96-7dfc-9025-4f5ca5ec2ad4,69307140,rua,Rua Mirixi,Paraviana,52d99a8c-b151-45dd-8e7f-88e56a303202,RR
01a02d94-98a3-7706-93b5-4e341d6aa9bd,69306190,rua,Rua Miss Loyd,Nossa Senhora Aparecida,52d99a8c-b151-45dd-8e7f-88e56a303202,RR
01a02d94-aa77-734d-9d4f-c0ae06c6b626,69313533,rua,Rua Moacir da Silva Mota,Tancredo Neves,52d99a8c-b151-45dd-8e7f-88e56a303202,RR
01a02d94-aa75-7a16-8edc-3eccfd74b891,69313488,rua,Rua Moacir da Silva Mota,Tancredo Neves,52d99a8c-b151-45dd-8e7f-88e56a303202,RR
01a02d94-a677-7dc5-a183-a5c52eed9048,69312302,rua,Rua Moacir da Silva Mota,Asa Branca,52d99a8c-b151-45dd-8e7f-88e56a303202,RR
01a02d94-9a97-76a7-b991-5f6fdbb59610,69307260,rua,Rua Moisés de Souza Cruz,Paraviana,52d99a8c-b151-45dd-8e7f-88e56a303202,RR
01a02d94-947a-7c89-916a-9ee626f1fb9d,69303370,rua,Rua Monte Roraima,São Vicente,52d99a8c-b151-45dd-8e7f-88e56a303202,RR
01a02d94-b623-7577-af30-68c81dde75b4,69316379,rua,Rua Monte Sinai,Operário,52d99a8c-b151-45dd-8e7f-88e56a303202,RR
01a02d94-b42c-7161-9950-e12ca8835e29,69316026,rua,Rua Monte Sinai,Raiar do Sol,52d99a8c-b151-45dd-8e7f-88e56a303202,RR
01a02d94-b23c-77f4-8431-ca25e3d082b5,69315096,rua,Rua Monte Sinai,Professora Araceli Souto Maior,52d99a8c-b151-45dd-8e7f-88e56a303202,RR
01a02d94-a67c-752a-bed4-977c8f2085b4,69312503,rua,Rua Monte Sinai,Centenário,52d99a8c-b151-45dd-8e7f-88e56a303202,RR
01a02d94-c420-7cd4-bb64-a59b5e06a47f,69318077,rua,Rua Monteiro,Laura Moreira,52d99a8c-b151-45dd-8e7f-88e56a303202,RR
01a02d94-c01a-78fa-a708-dc49929ed19e,69317517,rua,Rua Morada do Sol,Cidade Satélite,52d99a8c-b151-45dd-8e7f-88e56a303202,RR
01a02d94-c01b-7930-821f-d22665fb94a5,69318776,rua,Rua Morro Branco,Dr. Airton Rocha,52d99a8c-b151-45dd-8e7f-88e56a303202,RR
01a02d94-a28f-7ea8-93bf-78873b7f4e8d,69310735,rua,Rua Mossoró,Said Salomão,52d99a8c-b151-45dd-8e7f-88e56a303202,RR
01a02d94-ac5d-7865-9400-bc3a7866ed5c,69313617,rua,Rua Moysés Teixeira Hausen,Caranã,52d99a8c-b151-45dd-8e7f-88e56a303202,RR
01a02d94-ac5c-7fc7-a1ca-32524d8c18fb,69313582,rua,Rua Moysés Teixeira Hausen,Caranã,52d99a8c-b151-45dd-8e7f-88e56a303202,RR
01a02d94-be28-727b-9abb-b2289f4cf565,69318726,rua,Rua Mucajaí,Dr. Airton Rocha,52d99a8c-b151-45dd-8e7f-88e56a303202,RR
01a02d94-c01b-7930-8220-80647ddf15f6,69318778,rua,Rua Mucuripe,Dr. Airton Rocha,52d99a8c-b151-45dd-8e7f-88e56a303202,RR
01a02d94-9e83-7b7e-8261-5facbfe90b26,69308270,rua,Rua Mundico Thomas,Treze de Setembro,52d99a8c-b151-45dd-8e7f-88e56a303202,RR
01a02d94-c01a-78fa-a701-050cc6c4a288,69313286,rua,Rua Muriciseiro,Olímpico,52d99a8c-b151-45dd-8e7f-88e56a303202,RR
01a02d94-b035-76a5-9d3c-15609c88a1ed,69314392,rua,Rua Murilo Teixeira Cidade,Nova Canaã,52d99a8c-b151-45dd-8e7f-88e56a303202,RR
01a02d94-b034-7e20-9526-02599de382e2,69314348,rua,Rua Murilo Teixeira Cidade,Doutor Sílvio Leite,52d99a8c-b151-45dd-8e7f-88e56a303202,RR
01a02d94-a47c-7b8d-839e-32571b9d2b63,69312143,rua,Rua Myro Bessa Lima,Jardim Floresta,52d99a8c-b151-45dd-8e7f-88e56a303202,RR
01a02d94-9e85-7f58-867b-299169e002d8,69309095,rua,Rua Mário do Violão,Liberdade,52d99a8c-b151-45dd-8e7f-88e56a303202,RR
01a02d94-b23e-717a-a08f-cf9e72f6621a,69315318,rua,Rua Médico Nazih Siagha,Distrito Industrial Governador Aquilino Mota Duarte,52d99a8c-b151-45dd-8e7f-88e56a303202,RR
01a02d94-a290-7fbc-9f46-619a81163059,69311101,rua,Rua México,Cauamé,52d99a8c-b151-45dd-8e7f-88e56a303202,RR
01a02d94-be26-788d-9bf3-62140da04d9a,69317582,rua,Rua N,Cidade Satélite,52d99a8c-b151-45dd-8e7f-88e56a303202,RR
01a02d94-b036-77da-97ed-c0f4692d58c4,69314462,rua,Rua N-14,Doutor Sílvio Botelho,52d99a8c-b151-45dd-8e7f-88e56a303202,RR
01a02d94-b037-7065-9a6f-9dfb86901dea,69314468,rua,Rua N-17,Doutor Sílvio Botelho,52d99a8c-b151-45dd-8e7f-88e56a303202,RR
01a02d94-b037-7065-9a72-8468a6faa3e9,69314477,rua,Rua N-20,Doutor Sílvio Botelho,52d99a8c-b151-45dd-8e7f-88e56a303202,RR
01a02d94-c01a-78fa-a6f3-d49341e2e99c,69314483,rua,Rua N-22,Doutor Sílvio Botelho,52d99a8c-b151-45dd-8e7f-88e56a303202,RR
01a02d94-b037-7065-9a76-5d498ebe58ae,69314493,rua,Rua N-25,Doutor Sílvio Botelho,52d99a8c-b151-45dd-8e7f-88e56a303202,RR
01a02d94-c01a-78fa-a6fa-aefbd2341a4c,69316522,rua,Rua N-26,Senador Hélio Campos,52d99a8c-b151-45dd-8e7f-88e56a303202,RR
01a02d94-b239-7d0b-8753-a192106c4299,69314655,rua,Rua N-29,Jardim Tropical,52d99a8c-b151-45dd-8e7f-88e56a303202,RR
01a02d94-b239-7d0b-8755-66097f50d18d,69314665,rua,Rua N-31,Jardim Tropical,52d99a8c-b151-45dd-8e7f-88e56a303202,RR
01a02d94-b621-7ba5-bd71-f5bbaebe4908,69316202,rua,Rua NC-O,Nova Cidade,52d99a8c-b151-45dd-8e7f-88e56a303202,RR
01a02d94-b621-7ba5-bd70-e3afa0405f11,69316198,rua,Rua NC-P,Nova Cidade,52d99a8c-b151-45dd-8e7f-88e56a303202,RR
01a02d94-b622-743d-a23e-17379801ee2d,69316266,rua,Rua NC-R,Nova Cidade,52d99a8c-b151-45dd-8e7f-88e56a303202,RR
01a02d94-c225-7cc7-bcf2-509593578a79,69313117,rua,Rua Nagib Eluan,Jóquei Clube,52d99a8c-b151-45dd-8e7f-88e56a303202,RR
01a02d94-c226-759e-a055-6d24fc202f51,69313409,rua,Rua Nagib Eluan,Cambará,52d99a8c-b151-45dd-8e7f-88e56a303202,RR
01a02d94-bc36-714c-bde1-6f136e373d98,69317394,rua,Rua Nascente,Equatorial,52d99a8c-b151-45dd-8e7f-88e56a303202,RR
01a02d94-c420-7cd4-bb4f-bcc759937929,69316406,rua,Rua Nascente,Senador Hélio Campos,52d99a8c-b151-45dd-8e7f-88e56a303202,RR
01a02d94-c01a-78fa-a706-2320f0ce0fc9,69317513,rua,Rua Nascer do Sol,Cidade Satélite,52d99a8c-b151-45dd-8e7f-88e56a303202,RR
01a02d94-b622-743d-a236-08a0951bec7e,69316246,rua,Rua Natal,Nova Cidade,52d99a8c-b151-45dd-8e7f-88e56a303202,RR
01a02d94-a28f-7ea8-93c7-6266083067f0,69310751,rua,Rua Natal,Said Salomão,52d99a8c-b151-45dd-8e7f-88e56a303202,RR
01a02d94-ba1e-7185-a0d2-38c1b7784314,69317194,rua,Rua Natan Alves de Brito,Alvorada,52d99a8c-b151-45dd-8e7f-88e56a303202,RR
01a02d94-ac5f-722b-899d-dad997931884,69313758,rua,Rua Nena Brasil,União,52d99a8c-b151-45dd-8e7f-88e56a303202,RR
01a02d94-bc36-7a0e-be11-2fd3893a0e27,69317526,rua,Rua Netuno,Cidade Satélite,52d99a8c-b151-45dd-8e7f-88e56a303202,RR
01a02d94-a290-7fbc-9f47-bd55f457dac8,69311104,rua,Rua Nicarágua,Cauamé,52d99a8c-b151-45dd-8e7f-88e56a303202,RR
01a02d94-96a0-7e34-956b-eb9ec3a38c39,69304340,rua,Rua Nicolau Hostman,Mecejana,52d99a8c-b151-45dd-8e7f-88e56a303202,RR
01a02d94-947a-73c3-915f-c745821d204b,69303240,rua,Rua Nilo Brandão,Calungá,52d99a8c-b151-45dd-8e7f-88e56a303202,RR
01a02d94-96a4-7c9c-bcc6-35bb0ea80a6f,69305110,rua,Rua Nilo Colares,São Francisco,52d99a8c-b151-45dd-8e7f-88e56a303202,RR
01a02d94-98a2-757a-ad83-2167fb7fa67c,69305320,rua,Rua Nilo Melo,Trinta e Um de Março,52d99a8c-b151-45dd-8e7f-88e56a303202,RR
01a02d94-ba1d-77e1-9341-08c8440f6fa4,69317105,rua,Rua Nivaldo da Conceição Gutierrez,Santa Luzia,52d99a8c-b151-45dd-8e7f-88e56a303202,RR
01a02d94-b81e-7309-9e4a-9bf138004207,69316740,rua,Rua Nivaldo da Conceição Gutierrez,Pintolândia,52d99a8c-b151-45dd-8e7f-88e56a303202,RR
01a02d94-b81a-7f6d-8eba-e2984fcf3502,69316536,rua,Rua Nivaldo da Conceição Gutierrez,Senador Hélio Campos,52d99a8c-b151-45dd-8e7f-88e56a303202,RR
01a02d94-b035-76a5-9d3a-293cfe148895,69314386,rua,Rua Nivaldo da Conceição Gutierrez,Nova Canaã,52d99a8c-b151-45dd-8e7f-88e56a303202,RR
01a02d94-aa75-71aa-8ed2-53014f74f753,69313462,rua,Rua Nivaldo da Conceição Gutierrez,Cambará,52d99a8c-b151-45dd-8e7f-88e56a303202,RR
01a02d94-ba1b-7dd9-b18e-a551d85db632,69316792,rua,Rua Noemi,Pintolândia,52d99a8c-b151-45dd-8e7f-88e56a303202,RR
01a02d94-b035-7f2a-9d47-8a442706fda3,69314418,rua,Rua Noemi,Nova Canaã,52d99a8c-b151-45dd-8e7f-88e56a303202,RR
01a02d94-aa75-71aa-8ed3-5b7d1d00160b,69313465,rua,Rua Noemi,Cambará,52d99a8c-b151-45dd-8e7f-88e56a303202,RR
01a02d94-be27-714d-be2c-8caaf576d339,69318000,rua,Rua Nonato Chacon,Laura Moreira,52d99a8c-b151-45dd-8e7f-88e56a303202,RR
01a02d94-bc36-714c-bddd-a317b05a5b02,69317382,rua,Rua Nordeste,Equatorial,52d99a8c-b151-45dd-8e7f-88e56a303202,RR
01a02d94-bc35-7861-acb3-ed0dac86a532,69317370,rua,Rua Noroeste,Equatorial,52d99a8c-b151-45dd-8e7f-88e56a303202,RR
01a02d94-ba1e-7a43-a0e8-b1baab305769,69317384,rua,Rua Norte,Equatorial,52d99a8c-b151-45dd-8e7f-88e56a303202,RR
01a02d94-bc35-7861-aca6-61b9c892e2ab,69317342,rua,Rua Nossa Senhora Aparecida,Equatorial,52d99a8c-b151-45dd-8e7f-88e56a303202,RR
01a02d94-a67a-7aa0-92cd-b8cdd5fb4012,69312383,rua,Rua Nossa Senhora Aparecida,Cinturão Verde,52d99a8c-b151-45dd-8e7f-88e56a303202,RR
01a02d94-9478-7848-b688-38d017a562f0,69301455,rua,Rua Nossa Senhora do Carmo,Centro,52d99a8c-b151-45dd-8e7f-88e56a303202,RR
01a02d94-947c-76ab-ad92-60073e1a1a1f,69304050,rua,Rua Nova Esperança,Mecejana,52d99a8c-b151-45dd-8e7f-88e56a303202,RR
01a02d94-c420-7cd4-bb65-4a90c422ec93,69318082,rua,Rua Nova Olinda,Laura Moreira,52d99a8c-b151-45dd-8e7f-88e56a303202,RR
01a02d94-b81a-7f6d-8ebc-3728cb360780,69316540,rua,Rua Nozes,Senador Hélio Campos,52d99a8c-b151-45dd-8e7f-88e56a303202,RR
01a02d94-a874-74e6-93d9-7476e548b3e1,69312675,rua,Rua Nápolis,Centenário,52d99a8c-b151-45dd-8e7f-88e56a303202,RR
01a02d94-b81a-7f6d-8ebb-cd0f64829d33,69316538,rua,Rua Nívea,Senador Hélio Campos,52d99a8c-b151-45dd-8e7f-88e56a303202,RR
01a02d94-b622-7cd2-a24b-07764fdec60c,69316287,rua,Rua OP-IX,Operário,52d99a8c-b151-45dd-8e7f-88e56a303202,RR
01a02d94-b622-743d-a247-f10354386aa8,69316283,rua,Rua OP-V,Operário,52d99a8c-b151-45dd-8e7f-88e56a303202,RR
01a02d94-b622-743d-a248-4b203e4ae4a5,69316284,rua,Rua OP-VI,Operário,52d99a8c-b151-45dd-8e7f-88e56a303202,RR
01a02d94-b622-7cd2-a24a-705c9d000ef4,69316286,rua,Rua OP-VIII,Operário,52d99a8c-b151-45dd-8e7f-88e56a303202,RR
01a02d94-b622-7cd2-a24c-9be8f6584269,69316289,rua,Rua OP-X,Operário,52d99a8c-b151-45dd-8e7f-88e56a303202,RR
01a02d94-b622-7cd2-a24d-d35b03f0c6c7,69316292,rua,Rua OP-XI,Operário,52d99a8c-b151-45dd-8e7f-88e56a303202,RR
01a02d94-b622-7cd2-a24f-45c7dfccf8d8,69316294,rua,Rua OP-XII,Operário,52d99a8c-b151-45dd-8e7f-88e56a303202,RR
01a02d94-b623-7577-af2d-4dfbb6dc1c86,69316326,rua,Rua OP-XIX,Operário,52d99a8c-b151-45dd-8e7f-88e56a303202,RR
01a02d94-b622-7cd2-a255-42165018c5b3,69316302,rua,Rua OP-XX,Operário,52d99a8c-b151-45dd-8e7f-88e56a303202,RR
01a02d94-b622-7cd2-a256-1bfc012baf57,69316303,rua,Rua OP-XXI,Operário,52d99a8c-b151-45dd-8e7f-88e56a303202,RR
01a02d94-b622-7cd2-a257-ba6fee8838b9,69316304,rua,Rua OP-XXII,Operário,52d99a8c-b151-45dd-8e7f-88e56a303202,RR
01a02d94-b622-7cd2-a258-5054a2518530,69316305,rua,Rua OP-XXIII,Operário,52d99a8c-b151-45dd-8e7f-88e56a303202,RR
01a02d94-b622-7cd2-a259-5835781ec497,69316306,rua,Rua OP-XXIV,Operário,52d99a8c-b151-45dd-8e7f-88e56a303202,RR
01a02d94-b622-7cd2-a25f-abb43163f27d,69316315,rua,Rua OP-XXIX,Operário,52d99a8c-b151-45dd-8e7f-88e56a303202,RR
01a02d94-b623-7577-af2e-2c1397d9980d,69316328,rua,Rua OP-XXV,Operário,52d99a8c-b151-45dd-8e7f-88e56a303202,RR
01a02d94-b622-7cd2-a25b-ee31185c052e,69316310,rua,Rua OP-XXVI,Operário,52d99a8c-b151-45dd-8e7f-88e56a303202,RR
01a02d94-b622-7cd2-a25c-b06f3a086ae9,69316312,rua,Rua OP-XXVII,Operário,52d99a8c-b151-45dd-8e7f-88e56a303202,RR
01a02d94-b622-7cd2-a25d-574229ecbd59,69316313,rua,Rua OP-XXVIII,Operário,52d99a8c-b151-45dd-8e7f-88e56a303202,RR
01a02d94-b622-7cd2-a260-0a321d5c50ad,69316316,rua,Rua OP-XXX,Operário,52d99a8c-b151-45dd-8e7f-88e56a303202,RR
01a02d94-b622-7cd2-a261-29536877711a,69316318,rua,Rua OP-XXXI,Operário,52d99a8c-b151-45dd-8e7f-88e56a303202,RR
01a02d94-b622-7cd2-a262-88d5e53849dd,69316320,rua,Rua OP-XXXII,Operário,52d99a8c-b151-45dd-8e7f-88e56a303202,RR
01a02d94-b622-7cd2-a263-3c267a4f793f,69316322,rua,Rua OP-XXXIII,Operário,52d99a8c-b151-45dd-8e7f-88e56a303202,RR
01a02d94-bc35-7861-acb0-b3d333b77f66,69317362,rua,Rua Ocidente,Equatorial,52d99a8c-b151-45dd-8e7f-88e56a303202,RR
01a02d94-a873-7c32-aab9-50896a919bfe,69312633,rua,Rua Odeir Viana,Centenário,52d99a8c-b151-45dd-8e7f-88e56a303202,RR
01a02d94-a47c-72e6-8386-e0c40484dc83,69312078,rua,Rua Oder Brasil,Jardim Floresta,52d99a8c-b151-45dd-8e7f-88e56a303202,RR
01a02d94-a28f-762f-93ad-0f704bd4bf79,69310115,rua,Rua Oder Brasil,Aeroporto,52d99a8c-b151-45dd-8e7f-88e56a303202,RR
01a02d94-ba1e-7a43-a0de-9f6bc2840959,69317238,rua,Rua Odílio D'oliveira Cruz,Alvorada,52d99a8c-b151-45dd-8e7f-88e56a303202,RR
01a02d94-ba1c-7f2f-87bb-9ca050c449f8,69317041,rua,Rua Odílio D'oliveira Cruz,Santa Luzia,52d99a8c-b151-45dd-8e7f-88e56a303202,RR
01a02d94-bc35-7861-acaf-341526cf70d2,69317360,rua,Rua Oeste,Equatorial,52d99a8c-b151-45dd-8e7f-88e56a303202,RR
01a02d94-9e83-7b7e-8262-0d87465036f9,69308280,rua,Rua Olavo Bilac,Treze de Setembro,52d99a8c-b151-45dd-8e7f-88e56a303202,RR
01a02d94-a47c-7b8d-839a-2dd317c5dd6f,69312133,rua,Rua Olavo Brasil Filho,Jardim Floresta,52d99a8c-b151-45dd-8e7f-88e56a303202,RR
01a02d94-aa73-7826-ba07-d8d6c87955d9,69313375,rua,Rua Olimpio Alves da Silva,Cambará,52d99a8c-b151-45dd-8e7f-88e56a303202,RR
01a02d94-c420-7cd4-bb55-8e8746074700,69317402,rua,Rua Olindina Soares da Silva,Equatorial,52d99a8c-b151-45dd-8e7f-88e56a303202,RR
01a02d94-a47c-72e6-8389-cceae3d9a0a5,69312088,rua,Rua Olívia Paixão da Silva,Jardim Floresta,52d99a8c-b151-45dd-8e7f-88e56a303202,RR
01a02d94-bc37-72af-af64-e3c9f314b075,69317538,rua,Rua Ondite de Lima Pereira,Cidade Satélite,52d99a8c-b151-45dd-8e7f-88e56a303202,RR
01a02d94-a875-7653-bae7-5f8d5a6a657f,69313088,rua,Rua Opala,Jóquei Clube,52d99a8c-b151-45dd-8e7f-88e56a303202,RR
01a02d94-bc35-7861-acaa-42b7ad93ba03,69317350,rua,Rua Oriente,Equatorial,52d99a8c-b151-45dd-8e7f-88e56a303202,RR
01a02d94-9a96-756b-9005-e0b806c3e71f,69306650,rua,Rua Oscar Ferreira,São Pedro,52d99a8c-b151-45dd-8e7f-88e56a303202,RR
01a02d94-aa73-7826-b9fd-181584102c60,69313342,rua,Rua Oscar Martins dos Santos,Cambará,52d99a8c-b151-45dd-8e7f-88e56a303202,RR
01a02d94-9e87-7995-b619-bf024e63a015,69309361,rua,Rua Osman da Rocha Bríglia,Pricumã,52d99a8c-b151-45dd-8e7f-88e56a303202,RR
01a02d94-b622-7cd2-a249-f1c06c09c822,69316285,rua,Rua Osmarino Mendonça Corrêa,Operário,52d99a8c-b151-45dd-8e7f-88e56a303202,RR
01a02d94-ba1d-77e1-9345-8e9b4724db54,69317133,rua,Rua Osvaldo Paes Carolino,Santa Luzia,52d99a8c-b151-45dd-8e7f-88e56a303202,RR
01a02d94-ba1b-752b-b184-a239f816c93b,69316768,rua,Rua Osvaldo Paes Carolino,Pintolândia,52d99a8c-b151-45dd-8e7f-88e56a303202,RR
01a02d94-b81b-77fd-885e-643bfd2f671e,69316570,rua,Rua Osvaldo Paes Carolino,Senador Hélio Campos,52d99a8c-b151-45dd-8e7f-88e56a303202,RR
01a02d94-c01a-705e-a6ec-23e273321044,69313168,rua,Rua Oswaldo Cavalcante,Jóquei Clube,52d99a8c-b151-45dd-8e7f-88e56a303202,RR
01a02d94-947c-76ab-ad90-7b7852b491af,69304032,rua,Rua Oswaldo Cruz,Mecejana,52d99a8c-b151-45dd-8e7f-88e56a303202,RR
01a02d94-a28f-7ea8-93bc-19d514dbb936,69310727,rua,Rua Ouro Branco,Said Salomão,52d99a8c-b151-45dd-8e7f-88e56a303202,RR
01a02d94-ae3d-7238-b6bc-09b8eccaabf0,69314246,rua,Rua Ouro Verde,Jardim Primavera,52d99a8c-b151-45dd-8e7f-88e56a303202,RR
01a02d94-be26-788d-9bf2-b4e433eaf3c1,69317580,rua,Rua P,Cidade Satélite,52d99a8c-b151-45dd-8e7f-88e56a303202,RR
01a02d94-c221-76b8-869e-41b01858b5b4,69307565,rua,Rua P-7,Caçari,52d99a8c-b151-45dd-8e7f-88e56a303202,RR
01a02d94-a872-7a62-b9ea-f758595ec3b5,69312608,rua,Rua PS-4,Centenário,52d99a8c-b151-45dd-8e7f-88e56a303202,RR
01a02d94-c224-7b45-87ce-209c0a2ba58b,69311296,rua,Rua Pablo Oscar Amézaga Acosta,Residencial Village,52d99a8c-b151-45dd-8e7f-88e56a303202,RR
01a02d94-947a-7c89-9168-9cf88c33e7c2,69303360,rua,Rua Pacaraima,São Vicente,52d99a8c-b151-45dd-8e7f-88e56a303202,RR
01a02d94-be28-727b-9ab5-3ff3150646cc,69318716,rua,Rua Pacaraima,Dr. Airton Rocha,52d99a8c-b151-45dd-8e7f-88e56a303202,RR
01a02d94-ae3c-70d0-a50d-33d0ccc09231,69314115,rua,Rua Pacu,Santa Tereza,52d99a8c-b151-45dd-8e7f-88e56a303202,RR
01a02d94-ae3b-780f-87eb-62a24ce750cc,69314038,rua,Rua Pacu,Piscicultura,52d99a8c-b151-45dd-8e7f-88e56a303202,RR
01a02d94-9e83-7b7e-8263-3d7fe778d807,69308290,rua,Rua Padre Agostinho,Treze de Setembro,52d99a8c-b151-45dd-8e7f-88e56a303202,RR
01a02d94-98a2-757a-ad77-183359c5a158,69305250,rua,Rua Padre Caleri,São Francisco,52d99a8c-b151-45dd-8e7f-88e56a303202,RR
01a02d94-b622-743d-a23a-9dd75d9671dd,69316256,rua,Rua Palmas,Nova Cidade,52d99a8c-b151-45dd-8e7f-88e56a303202,RR
01a02d94-c63b-7cfa-a900-fac3654c33c7,69318308,rua,Rua Palmira Lando,Murilo Teixeira Cidade,52d99a8c-b151-45dd-8e7f-88e56a303202,RR
01a02d94-a09b-703f-b0b4-f630cd8cfc06,69310080,rua,Rua Pampulha,Aeroporto,52d99a8c-b151-45dd-8e7f-88e56a303202,RR
01a02d94-a290-7fbc-9f49-3a0f633e6cd5,69311111,rua,Rua Panamá,Cauamé,52d99a8c-b151-45dd-8e7f-88e56a303202,RR
01a02d94-a874-7dad-93e7-3898fdd8c186,69313045,rua,Rua Pantera,Jóquei Clube,52d99a8c-b151-45dd-8e7f-88e56a303202,RR
01a02d94-c01a-78fa-a6fb-1790f4e25552,69316546,rua,Rua Papa João Paulo II,Senador Hélio Campos,52d99a8c-b151-45dd-8e7f-88e56a303202,RR
01a02d94-b81d-7a77-800e-c7ee6db3173a,69316708,rua,Rua Papa João Paulo II,Pintolândia,52d99a8c-b151-45dd-8e7f-88e56a303202,RR
01a02d94-b038-71f1-9348-85aa56daf707,69314547,rua,Rua Papa João Paulo II,Doutor Sílvio Botelho,52d99a8c-b151-45dd-8e7f-88e56a303202,RR
01a02d94-b035-76a5-9d3e-e1c50e149d0a,69314396,rua,Rua Papa João Paulo II,Nova Canaã,52d99a8c-b151-45dd-8e7f-88e56a303202,RR
01a02d94-a290-7fbc-9f4a-fd15133330f5,69311114,rua,Rua Paraguai,Cauamé,52d99a8c-b151-45dd-8e7f-88e56a303202,RR
01a02d94-98a2-7e4a-ad9e-b902560a934f,69305570,rua,Rua Paraná,Estados,52d99a8c-b151-45dd-8e7f-88e56a303202,RR
01a02d94-98a3-7706-93ba-80d44300a887,69306240,rua,Rua Paraviana,Nossa Senhora Aparecida,52d99a8c-b151-45dd-8e7f-88e56a303202,RR
01a02d94-98a2-7e4a-ad92-d06b9998186a,69305470,rua,Rua Paraíba,Estados,52d99a8c-b151-45dd-8e7f-88e56a303202,RR
01a02d94-a874-74e6-93e0-7dd35fe7782b,69313018,rua,Rua Paricá,Jóquei Clube,52d99a8c-b151-45dd-8e7f-88e56a303202,RR
01a02d94-947a-73c3-9166-48d2d07e26ff,69303320,rua,Rua Parima,São Vicente,52d99a8c-b151-45dd-8e7f-88e56a303202,RR
01a02d94-947b-7536-909e-a04c35b97219,69303457,rua,Rua Parimé,São Vicente,52d99a8c-b151-45dd-8e7f-88e56a303202,RR
01a02d94-947a-7c89-9169-a5f6cb144859,69303365,rua,Rua Parimé,São Vicente,52d99a8c-b151-45dd-8e7f-88e56a303202,RR
01a02d94-c421-7ce9-b1af-8b766e59a25a,69318206,rua,Rua Parque Igarapé,Murilo Teixeira Cidade,52d99a8c-b151-45dd-8e7f-88e56a303202,RR
01a02d94-c63b-7cfa-a902-71677b3448e7,69318312,rua,Rua Parque Igarapé,Murilo Teixeira Cidade,52d99a8c-b151-45dd-8e7f-88e56a303202,RR
01a02d94-b23c-77f4-8439-dc2f6a62ea9f,69315218,rua,Rua Parque Industrial,Distrito Industrial Governador Aquilino Mota Duarte,52d99a8c-b151-45dd-8e7f-88e56a303202,RR
01a02d94-c01a-78fa-a702-3cca8eb14c01,69313287,rua,Rua Parque dos Cajueiros,Olímpico,52d99a8c-b151-45dd-8e7f-88e56a303202,RR
01a02d94-98a2-7e4a-ad8f-dda8e4524d35,69305450,rua,Rua Pará,Estados,52d99a8c-b151-45dd-8e7f-88e56a303202,RR
01a02d94-9479-79a5-97de-ea48e222773b,69303200,rua,Rua Pascoal Moreira Cabral,Calungá,52d99a8c-b151-45dd-8e7f-88e56a303202,RR
01a02d94-be27-79fb-be4e-2fd8dedb919e,69318700,rua,Rua Passarão,Dr. Airton Rocha,52d99a8c-b151-45dd-8e7f-88e56a303202,RR
01a02d94-a098-7e22-95d1-3106b57324e0,69309413,rua,Rua Pastor Almir Nogueira Guerra,Pricumã,52d99a8c-b151-45dd-8e7f-88e56a303202,RR
01a02d94-b622-743d-a241-95fd34c46f2e,69316272,rua,Rua Pastor Cordolino Bastos,Dr. Airton Rocha,52d99a8c-b151-45dd-8e7f-88e56a303202,RR
01a02d94-a47d-7f13-a461-db6c1e1d95eb,69312188,rua,Rua Pastor Fernando Granjeiro,Caimbé,52d99a8c-b151-45dd-8e7f-88e56a303202,RR
01a02d94-a47d-7512-a45b-b411ca35f73d,69312180,rua,Rua Pastor Fernando Granjeiro,Caimbé,52d99a8c-b151-45dd-8e7f-88e56a303202,RR
01a02d94-b81a-76ad-8eb1-d38c1768cc0c,69316514,rua,Rua Pastor Nicanor Fabrício dos Santos,Senador Hélio Campos,52d99a8c-b151-45dd-8e7f-88e56a303202,RR
01a02d94-b037-7065-9a71-fb732ef2dd73,69314473,rua,Rua Pastor Nicanor Fabrício dos Santos,Doutor Sílvio Botelho,52d99a8c-b151-45dd-8e7f-88e56a303202,RR
01a02d94-c420-7cd4-bb44-1ac2e78bebb7,69315634,rua,Rua Patativa,São Bento,52d99a8c-b151-45dd-8e7f-88e56a303202,RR
01a02d94-9a96-7dfc-9015-dba7d4fe2247,69307050,rua,Rua Pau-Brasil,Paraviana,52d99a8c-b151-45dd-8e7f-88e56a303202,RR
01a02d94-9a96-7dfc-9027-018dcd8262de,69307160,rua,Rua Pau-rainha,Paraviana,52d99a8c-b151-45dd-8e7f-88e56a303202,RR
01a02d94-96a5-7546-adde-1afa90cea1cd,69305210,rua,Rua Paulo Pereira,São Francisco,52d99a8c-b151-45dd-8e7f-88e56a303202,RR
01a02d94-947c-76ab-ad9d-766ae7d390bb,69304160,rua,Rua Paulo VI,Mecejana,52d99a8c-b151-45dd-8e7f-88e56a303202,RR
01a02d94-9e83-7b7e-8264-0b75b39ce40a,69308300,rua,Rua Pedra Pintada,Treze de Setembro,52d99a8c-b151-45dd-8e7f-88e56a303202,RR
01a02d94-9287-79b2-92ce-0cde4b7a9714,69301240,rua,Rua Pedrinho Filho,Centro,52d99a8c-b151-45dd-8e7f-88e56a303202,RR
01a02d94-b81d-71e6-800d-c2c882396777,69316705,rua,Rua Pedro Aldemar Bantim,Pintolândia,52d99a8c-b151-45dd-8e7f-88e56a303202,RR
01a02d94-b81a-7f6d-8ebe-393eb22a6bae,69316544,rua,Rua Pedro Aldemar Bantim,Senador Hélio Campos,52d99a8c-b151-45dd-8e7f-88e56a303202,RR
01a02d94-b23a-759d-8a7a-610628e4a610,69314680,rua,Rua Pedro Aldemar Bantim,Jardim Tropical,52d99a8c-b151-45dd-8e7f-88e56a303202,RR
01a02d94-b038-71f1-9347-186f9671ce69,69314543,rua,Rua Pedro Aldemar Bantim,Doutor Sílvio Botelho,52d99a8c-b151-45dd-8e7f-88e56a303202,RR
01a02d94-b42b-78b9-a43d-81a396ce7dbb,69315642,rua,Rua Pedro Barbosa da Silva,São Bento,52d99a8c-b151-45dd-8e7f-88e56a303202,RR
01a02d94-c420-7cd4-bb40-93d243a0df88,69315621,rua,Rua Pedro Barros,São Bento,52d99a8c-b151-45dd-8e7f-88e56a303202,RR
01a02d94-be27-714d-be1f-4aa4f96fa61b,69317803,rua,Rua Pedro Camargo,Cidade Satélite,52d99a8c-b151-45dd-8e7f-88e56a303202,RR
01a02d94-b81d-71e6-8003-5ed2206145dc,69316635,rua,Rua Pedro Cordeiro da Costa,Senador Hélio Campos,52d99a8c-b151-45dd-8e7f-88e56a303202,RR
01a02d94-be28-7b21-9acb-de7c7d6e88ac,69373970,rua,Rua Pedro Daniel Silva 2635,Centro,a063b9e6-4c89-49e2-9701-6555a4808de8,RR
01a02d94-a873-7302-aab0-e58759ce9821,69312620,rua,Rua Pedro Felix Corrêa,Centenário,52d99a8c-b151-45dd-8e7f-88e56a303202,RR
01a02d94-aa75-71aa-8ed4-b148344169b8,69313468,rua,Rua Pedro Praça,Cambará,52d99a8c-b151-45dd-8e7f-88e56a303202,RR
01a02d94-a679-7041-a929-f990aeb8ad93,69312320,rua,Rua Pedro Praça,Asa Branca,52d99a8c-b151-45dd-8e7f-88e56a303202,RR
01a02d94-a678-7680-a1f6-b0c33a38114c,69312308,rua,Rua Pedro Praça,Asa Branca,52d99a8c-b151-45dd-8e7f-88e56a303202,RR
01a02d94-9e87-70b1-b601-ec2a6421043a,69309180,rua,Rua Pedro Praça,Buritis,52d99a8c-b151-45dd-8e7f-88e56a303202,RR
01a02d94-947c-76ab-ad91-9744afffcc4e,69304040,rua,Rua Pedro Rodrigues,Mecejana,52d99a8c-b151-45dd-8e7f-88e56a303202,RR
01a02d94-9287-79b2-92c6-b3ffd6db587a,69301180,rua,Rua Pedro Rodrigues,Centro,52d99a8c-b151-45dd-8e7f-88e56a303202,RR
01a02d94-ae3d-7b0a-b6cc-c5c4dde8f052,69314308,rua,Rua Pedro Saraiva Coelho,Doutor Sílvio Leite,52d99a8c-b151-45dd-8e7f-88e56a303202,RR
01a02d94-98a3-7fae-93ca-61b836d8a07f,69306355,rua,Rua Pedro Teixeira,Nossa Senhora Aparecida,52d99a8c-b151-45dd-8e7f-88e56a303202,RR
01a02d94-9a95-7cd2-90ac-6f4d6f0e45fc,69306482,rua,Rua Pedro Teixeira,Canarinho,52d99a8c-b151-45dd-8e7f-88e56a303202,RR
01a02d94-9e85-7f58-867d-c9be8e262797,69309105,rua,Rua Pedro Vasconcelos,Liberdade,52d99a8c-b151-45dd-8e7f-88e56a303202,RR
01a02d94-a099-7eb6-8fa4-1347545b064b,69309970,rua,Rua Pedro Vasconcelos 595,Liberdade,52d99a8c-b151-45dd-8e7f-88e56a303202,RR
01a02d94-9e83-7b7e-8265-bd0c0bacb276,69308310,rua,Rua Pedro Álvares Cabral,Treze de Setembro,52d99a8c-b151-45dd-8e7f-88e56a303202,RR
01a02d94-ae3c-70d0-a4fc-a6784af8950b,69314068,rua,Rua Peixe Agulha,Santa Tereza,52d99a8c-b151-45dd-8e7f-88e56a303202,RR
01a02d94-ae3c-70d0-a4fd-de9b6b9518b5,69314074,rua,Rua Peixe Boi,Santa Tereza,52d99a8c-b151-45dd-8e7f-88e56a303202,RR
01a02d94-ae3c-7990-a51f-8acb07f68f4c,69314166,rua,Rua Peixe Boto,Santa Tereza,52d99a8c-b151-45dd-8e7f-88e56a303202,RR
01a02d94-ae3c-7990-a520-d5367ce62dcb,69314168,rua,Rua Peixe Boto I,Santa Tereza,52d99a8c-b151-45dd-8e7f-88e56a303202,RR
01a02d94-ae3c-70d0-a4fe-a19310b95c5b,69314076,rua,Rua Peixe Espada,Santa Tereza,52d99a8c-b151-45dd-8e7f-88e56a303202,RR
01a02d94-bc37-72af-af61-c5cbca83ef88,69317532,rua,Rua Peixes,Cidade Satélite,52d99a8c-b151-45dd-8e7f-88e56a303202,RR
01a02d94-9a95-7cd2-90ae-f9375db3a5d8,69306492,rua,Rua Perimetral Norte,Canarinho,52d99a8c-b151-45dd-8e7f-88e56a303202,RR
01a02d94-98a3-7fae-93da-c5129e49f7fd,69306394,rua,Rua Perimetral Norte,Nossa Senhora Aparecida,52d99a8c-b151-45dd-8e7f-88e56a303202,RR
01a02d94-98a2-7e4a-ad9a-a1add05d5b4a,69305540,rua,Rua Pernambuco,Estados,52d99a8c-b151-45dd-8e7f-88e56a303202,RR
01a02d94-9a96-7dfc-9022-820464b6a033,69307110,rua,Rua Peroba,Paraviana,52d99a8c-b151-45dd-8e7f-88e56a303202,RR
01a02d94-a098-7e22-95ca-62be0a42b7f8,69309403,rua,Rua Perpétua,Pricumã,52d99a8c-b151-45dd-8e7f-88e56a303202,RR
01a02d94-a290-7fbc-9f4b-5d56b93dcc56,69311117,rua,Rua Peru,Cauamé,52d99a8c-b151-45dd-8e7f-88e56a303202,RR
01a02d94-ae3c-70d0-a50f-7791426d2039,69314122,rua,Rua Pescada,Santa Tereza,52d99a8c-b151-45dd-8e7f-88e56a303202,RR
01a02d94-ae3c-70d0-a50b-fa0663c702ed,69314108,rua,Rua Piaba,Santa Tereza,52d99a8c-b151-45dd-8e7f-88e56a303202,RR
01a02d94-ae3b-780f-87e9-fd6c13c9f982,69314032,rua,Rua Piaba,Piscicultura,52d99a8c-b151-45dd-8e7f-88e56a303202,RR
01a02d94-98a3-7706-93a9-ef0489081c96,69305650,rua,Rua Piauí,Estados,52d99a8c-b151-45dd-8e7f-88e56a303202,RR
01a02d94-c420-7cd4-bb6d-03403987bd13,69318179,rua,Rua Picuí,Laura Moreira,52d99a8c-b151-45dd-8e7f-88e56a303202,RR
01a02d94-9a96-7dfc-901e-630d7b89ef54,69307080,rua,Rua Pinheiro,Paraviana,52d99a8c-b151-45dd-8e7f-88e56a303202,RR
01a02d94-a28f-762f-93a4-ccd115d84575,69310090,rua,Rua Pinto Martins,Aeroporto,52d99a8c-b151-45dd-8e7f-88e56a303202,RR
01a02d94-c01a-78fa-a6f1-dd39ece87867,69314072,rua,Rua Pirandirá,Santa Tereza,52d99a8c-b151-45dd-8e7f-88e56a303202,RR
01a02d94-ae3c-70d0-a509-796f256a07e8,69314104,rua,Rua Pirapitinga,Santa Tereza,52d99a8c-b151-45dd-8e7f-88e56a303202,RR
01a02d94-ae3b-780f-87e7-f4d2fca2d6a9,69314025,rua,Rua Pirapitinga,Piscicultura,52d99a8c-b151-45dd-8e7f-88e56a303202,RR
01a02d94-ae3c-70d0-a50c-31331e3842af,69314112,rua,Rua Pirarara,Santa Tereza,52d99a8c-b151-45dd-8e7f-88e56a303202,RR
01a02d94-ae3b-780f-87ea-be9c569e30a0,69314035,rua,Rua Pirarara,Piscicultura,52d99a8c-b151-45dd-8e7f-88e56a303202,RR
01a02d94-ae3c-70d0-a504-74f7a5bc74b6,69314092,rua,Rua Piraíba,Santa Tereza,52d99a8c-b151-45dd-8e7f-88e56a303202,RR
01a02d94-ae3b-780f-87e4-d45486c9ea70,69314015,rua,Rua Piraíba,Piscicultura,52d99a8c-b151-45dd-8e7f-88e56a303202,RR
01a02d94-ae3d-7238-b6b5-3c5e35e06947,69314228,rua,Rua Piscicultura,Jardim Primavera,52d99a8c-b151-45dd-8e7f-88e56a303202,RR
01a02d94-bc36-714c-bde8-6802f72267b7,69317452,rua,Rua Plutão,Cidade Satélite,52d99a8c-b151-45dd-8e7f-88e56a303202,RR
01a02d94-b42c-7161-9953-023992164fec,69316032,rua,Rua Plutão,Raiar do Sol,52d99a8c-b151-45dd-8e7f-88e56a303202,RR
01a02d94-a290-7fbc-9f4c-878f63bf524a,69311121,rua,Rua Polônia,Cauamé,52d99a8c-b151-45dd-8e7f-88e56a303202,RR
01a02d94-be27-714d-be28-8370fde779e1,69317829,rua,Rua Pontifícia Universidade Católica,Cidade Satélite,52d99a8c-b151-45dd-8e7f-88e56a303202,RR
01a02d94-c01a-78fa-a707-15e2074d2976,69317515,rua,Rua Por do Sol,Cidade Satélite,52d99a8c-b151-45dd-8e7f-88e56a303202,RR
01a02d94-ae3d-7238-b6bd-7dee49d19eb7,69314248,rua,Rua Poraquê,Jardim Primavera,52d99a8c-b151-45dd-8e7f-88e56a303202,RR
01a02d94-ae3c-70d0-a503-4e7d97b0b055,69314088,rua,Rua Poraquê,Santa Tereza,52d99a8c-b151-45dd-8e7f-88e56a303202,RR
01a02d94-ae3c-70d0-a502-7f048879775b,69314087,rua,Rua Poraquê,Santa Tereza,52d99a8c-b151-45dd-8e7f-88e56a303202,RR
01a02d94-ae3b-780f-87e5-3ae928e7a434,69314018,rua,Rua Poraquê,Piscicultura,52d99a8c-b151-45dd-8e7f-88e56a303202,RR
01a02d94-b621-7ba5-bd6f-e32216db6a9d,69316196,rua,Rua Porto Alegre,Nova Cidade,52d99a8c-b151-45dd-8e7f-88e56a303202,RR
01a02d94-a873-7302-aaaf-bc3a029227af,69312617,rua,Rua Porto Seguro,Centenário,52d99a8c-b151-45dd-8e7f-88e56a303202,RR
01a02d94-b622-743d-a23b-8f763fe09618,69316258,rua,Rua Porto Velho,Nova Cidade,52d99a8c-b151-45dd-8e7f-88e56a303202,RR
01a02d94-a874-7dad-93e8-d743869b3c71,69313048,rua,Rua Postal,Jóquei Clube,52d99a8c-b151-45dd-8e7f-88e56a303202,RR
01a02d94-9a96-7dfc-901d-b1a7b6f24bb2,69307062,rua,Rua Potiguar,Paraviana,52d99a8c-b151-45dd-8e7f-88e56a303202,RR
01a02d94-c01b-7930-8224-6e2dc874204a,69318786,rua,Rua Prainha,Dr. Airton Rocha,52d99a8c-b151-45dd-8e7f-88e56a303202,RR
01a02d94-a875-7ebd-baf0-dad18c881a53,69313118,rua,Rua Prata,Jóquei Clube,52d99a8c-b151-45dd-8e7f-88e56a303202,RR
01a02d94-96a4-7c9c-bcc8-60a78b208a92,69305115,rua,Rua Presidente Costa e Silva,São Francisco,52d99a8c-b151-45dd-8e7f-88e56a303202,RR
01a02d94-9a96-756b-9008-639fbbbe2d21,69306670,rua,Rua Presidente Costa e Silva,São Pedro,52d99a8c-b151-45dd-8e7f-88e56a303202,RR
01a02d94-96a5-7546-adda-26ea2aea581f,69305170,rua,Rua Professor Agnelo Bitencourt,São Francisco,52d99a8c-b151-45dd-8e7f-88e56a303202,RR
01a02d94-9288-722e-96ac-c7c0491cddaf,69301430,rua,Rua Professor Agnelo Bitencourt,Centro,52d99a8c-b151-45dd-8e7f-88e56a303202,RR
01a02d94-a09a-7762-8318-60ce967f9b72,69310012,rua,Rua Professor Alexandre Borges,Aeroporto,52d99a8c-b151-45dd-8e7f-88e56a303202,RR
01a02d94-a67b-7c62-9f09-5daa214b6943,69312452,rua,Rua Professor Clóvis Souza,Cinturão Verde,52d99a8c-b151-45dd-8e7f-88e56a303202,RR
01a02d94-9c84-7d7a-943c-f84e40bd9bc7,69307685,rua,Rua Professor Dimar Mesquita,Caçari,52d99a8c-b151-45dd-8e7f-88e56a303202,RR
01a02d94-947b-7536-909a-6c61c9933c6c,69303450,rua,Rua Professor Diomedes Souto Maior,São Vicente,52d99a8c-b151-45dd-8e7f-88e56a303202,RR
01a02d94-9287-79b2-92d0-78c075e4c1fe,69301260,rua,Rua Professor Diomedes Souto Maior,Centro,52d99a8c-b151-45dd-8e7f-88e56a303202,RR
01a02d94-947a-7c89-916d-8059142f8fec,69303390,rua,Rua Professor Eloi Gomes,São Vicente,52d99a8c-b151-45dd-8e7f-88e56a303202,RR
01a02d94-ba1d-77e1-9349-a4295a076ccf,69317168,rua,Rua Professor Hélcio Carlos,Santa Luzia,52d99a8c-b151-45dd-8e7f-88e56a303202,RR
01a02d94-b81c-70bb-adba-85f4c26604ff,69316582,rua,Rua Professor Hélcio Carlos,Senador Hélio Campos,52d99a8c-b151-45dd-8e7f-88e56a303202,RR
01a02d94-9e87-7995-b60a-a72915a9e2f9,69309189,rua,Rua Professor Macedo,Buritis,52d99a8c-b151-45dd-8e7f-88e56a303202,RR
01a02d94-9e84-7c8e-a990-f008ad07d6e7,69309002,rua,Rua Professor Macêdo,Liberdade,52d99a8c-b151-45dd-8e7f-88e56a303202,RR
01a02d94-a876-7773-ae25-5f55af0024f0,69313175,rua,Rua Professor Valdecir Botosi,Jóquei Clube,52d99a8c-b151-45dd-8e7f-88e56a303202,RR
01a02d94-c225-7401-bce7-1a046cfcca5a,69312641,rua,Rua Professor Valdecir Botosi,Centenário,52d99a8c-b151-45dd-8e7f-88e56a303202,RR
01a02d94-c225-7401-bce8-9240192bdd03,69312669,rua,Rua Professor Valdecir Botosi,Centenário,52d99a8c-b151-45dd-8e7f-88e56a303202,RR
01a02d94-ba1d-77e1-9343-ed997afe2e8b,69317109,rua,Rua Professora Antonia Cutrim,Santa Luzia,52d99a8c-b151-45dd-8e7f-88e56a303202,RR
01a02d94-b81e-7309-9e50-4071eab4a9b7,69316755,rua,Rua Professora Antonia Cutrim,Pintolândia,52d99a8c-b151-45dd-8e7f-88e56a303202,RR
01a02d94-b81b-77fd-885c-30670ffd9da2,69316565,rua,Rua Professora Antonia Cutrim,Senador Hélio Campos,52d99a8c-b151-45dd-8e7f-88e56a303202,RR
01a02d94-bc37-72af-af63-297d6f871b5c,69317536,rua,Rua Professora Maria Eugênia,Cidade Satélite,52d99a8c-b151-45dd-8e7f-88e56a303202,RR
01a02d94-b81b-77fd-885b-e947920c0a80,69316563,rua,Rua Professora Maria do Carmo Lima Carvalho,Senador Hélio Campos,52d99a8c-b151-45dd-8e7f-88e56a303202,RR
01a02d94-b81a-76ad-8eb4-8be19ac5d9f4,69316520,rua,Rua Professora Maria do Carmo Lima Carvalho,Senador Hélio Campos,52d99a8c-b151-45dd-8e7f-88e56a303202,RR
01a02d94-c420-7cd4-bb4c-9be9f911fb8b,69315649,rua,Rua Projetada,São Bento,52d99a8c-b151-45dd-8e7f-88e56a303202,RR
01a02d94-a67a-71e9-92bd-734f8db3026e,69312358,rua,Rua Projetada B,Cinturão Verde,52d99a8c-b151-45dd-8e7f-88e56a303202,RR
01a02d94-9c83-7343-8708-b004e282b5e0,69307390,rua,Rua Projetada I,Paraviana,52d99a8c-b151-45dd-8e7f-88e56a303202,RR
01a02d94-98a3-7fae-93d8-df4765ac868d,69306391,rua,Rua Projetada-01,Nossa Senhora Aparecida,52d99a8c-b151-45dd-8e7f-88e56a303202,RR
01a02d94-a67b-73a0-9f01-a434e0249d2c,69312405,rua,Rua Provérbio,Cinturão Verde,52d99a8c-b151-45dd-8e7f-88e56a303202,RR
01a02d94-a874-7dad-93e9-dd0d00cf05d7,69313052,rua,Rua Prêmio,Jóquei Clube,52d99a8c-b151-45dd-8e7f-88e56a303202,RR
01a02d94-bc36-714c-bde5-c93622c0a153,69317446,rua,Rua Pégasus,Cidade Satélite,52d99a8c-b151-45dd-8e7f-88e56a303202,RR
01a02d94-b42c-7161-994f-82d648de4b87,69316024,rua,Rua Quarta Nascente,Raiar do Sol,52d99a8c-b151-45dd-8e7f-88e56a303202,RR
01a02d94-b23c-77f4-8430-c318f496054b,69315094,rua,Rua Quarta Nascente,Professora Araceli Souto Maior,52d99a8c-b151-45dd-8e7f-88e56a303202,RR
01a02d94-aa75-71aa-8ed5-2f0898ebb938,69313470,rua,Rua Queila,Cambará,52d99a8c-b151-45dd-8e7f-88e56a303202,RR
01a02d94-9e83-7b7e-8266-9b7338e15a43,69308320,rua,Rua Quelçoene,Treze de Setembro,52d99a8c-b151-45dd-8e7f-88e56a303202,RR
01a02d94-947c-76ab-ad9e-2192645465b6,69304170,rua,Rua Quintino Level Lima,Mecejana,52d99a8c-b151-45dd-8e7f-88e56a303202,RR
01a02d94-947a-73c3-9165-e6f7791048a8,69303290,rua,Rua Quitauaú,São Vicente,52d99a8c-b151-45dd-8e7f-88e56a303202,RR
01a02d94-bc37-72af-af65-640839d5f2f3,69317540,rua,Rua R-11,Cidade Satélite,52d99a8c-b151-45dd-8e7f-88e56a303202,RR
01a02d94-be25-7fc3-9e98-66ca56d47618,69317561,rua,Rua R-24,Cidade Satélite,52d99a8c-b151-45dd-8e7f-88e56a303202,RR
01a02d94-b23d-790e-a246-8ccf996cc157,69315272,rua,Rua Raimunda Feitosa de Oliveira,Distrito Industrial Governador Aquilino Mota Duarte,52d99a8c-b151-45dd-8e7f-88e56a303202,RR
01a02d94-aa74-7090-9a73-664ac611f175,69313405,rua,Rua Raimunda Mendes de Almeida,Cambará,52d99a8c-b151-45dd-8e7f-88e56a303202,RR
01a02d94-aa72-76dc-8f67-9c3baea79fb0,69313272,rua,Rua Raimunda Mendes de Almeida,Olímpico,52d99a8c-b151-45dd-8e7f-88e56a303202,RR
01a02d94-aa73-7826-ba04-1e4622b709d6,69313365,rua,Rua Raimunda de Oliveira Matos,Cambará,52d99a8c-b151-45dd-8e7f-88e56a303202,RR
01a02d94-9c86-776f-85a8-c0dbaf909b7e,69307767,rua,Rua Raimunda de Oliveira Paula,Caçari,52d99a8c-b151-45dd-8e7f-88e56a303202,RR
01a02d94-9a95-741e-90a7-c88a9950257a,69306430,rua,Rua Raimundo Aciole Cavalcante,Nossa Senhora Aparecida,52d99a8c-b151-45dd-8e7f-88e56a303202,RR
01a02d94-ac5f-722b-89a1-5ed0c058c873,69313768,rua,Rua Raimundo Alves Soares,União,52d99a8c-b151-45dd-8e7f-88e56a303202,RR
01a02d94-aa77-734d-9d56-d3010f3c4aaf,69313562,rua,Rua Raimundo Alves Soares,Caranã,52d99a8c-b151-45dd-8e7f-88e56a303202,RR
01a02d94-b81a-7f6d-8eb9-560ee2ad746d,69316534,rua,Rua Raimundo Alves de Souza,Senador Hélio Campos,52d99a8c-b151-45dd-8e7f-88e56a303202,RR
01a02d94-b23a-759d-8a78-2bd7e88fd67e,69314670,rua,Rua Raimundo Alves de Souza,Jardim Tropical,52d99a8c-b151-45dd-8e7f-88e56a303202,RR
01a02d94-9479-70f9-97cd-b977b2beab5f,69303027,rua,Rua Raimundo Corrêa Soares,Calungá,52d99a8c-b151-45dd-8e7f-88e56a303202,RR
01a02d94-9e87-7995-b614-e3658bc157a1,69309221,rua,Rua Raimundo Filgueiras,Buritis,52d99a8c-b151-45dd-8e7f-88e56a303202,RR
01a02d94-9e87-70b1-b603-0e8c5f8fb8c2,69309182,rua,Rua Raimundo Filgueiras,Buritis,52d99a8c-b151-45dd-8e7f-88e56a303202,RR
01a02d94-a291-7930-8b2f-9497bae790a1,69312032,rua,Rua Raimundo Mendes de Souza Júnior,Jardim Floresta,52d99a8c-b151-45dd-8e7f-88e56a303202,RR
01a02d94-be25-7fc3-9e96-6ae7a5fb43e4,69317558,rua,Rua Raimundo Nonato Dias,Cidade Satélite,52d99a8c-b151-45dd-8e7f-88e56a303202,RR
01a02d94-aa73-7826-ba06-a1f9b7c989d3,69313372,rua,Rua Raimundo Penafort,Cambará,52d99a8c-b151-45dd-8e7f-88e56a303202,RR
01a02d94-a678-7680-a1f9-6a4048996c13,69312312,rua,Rua Raimundo Penafort,Asa Branca,52d99a8c-b151-45dd-8e7f-88e56a303202,RR
01a02d94-a678-7680-a1f5-83dc94eb450b,69312307,rua,Rua Raimundo Penafort,Asa Branca,52d99a8c-b151-45dd-8e7f-88e56a303202,RR
01a02d94-9e86-7813-b17d-d11ea6e1bf51,69309165,rua,Rua Raimundo Penafort,Buritis,52d99a8c-b151-45dd-8e7f-88e56a303202,RR
01a02d94-ba1e-7a43-a0e2-97a41e1614fe,69317269,rua,Rua Raimundo Pessoa de Almeida,Alvorada,52d99a8c-b151-45dd-8e7f-88e56a303202,RR
01a02d94-b81d-7a77-8013-4994fcc50ba3,69316720,rua,Rua Raimundo Pessoa de Almeida,Pintolândia,52d99a8c-b151-45dd-8e7f-88e56a303202,RR
01a02d94-b036-77da-97e6-576afc9f00c1,69314428,rua,Rua Raimundo Pessoa de Almeida,Nova Canaã,52d99a8c-b151-45dd-8e7f-88e56a303202,RR
01a02d94-a67c-7de1-bedb-a6f3e7146f93,69312525,rua,Rua Raimundo da Silva Bríglia,Centenário,52d99a8c-b151-45dd-8e7f-88e56a303202,RR
01a02d94-b034-7e20-9522-9f5659e1a7da,69314338,rua,Rua Raimundo de Castro Barros,Doutor Sílvio Leite,52d99a8c-b151-45dd-8e7f-88e56a303202,RR
01a02d94-a874-7dad-93ea-2dc32f759fc8,69313055,rua,Rua Raio Solar,Jóquei Clube,52d99a8c-b151-45dd-8e7f-88e56a303202,RR
01a02d94-b42c-7161-995a-7987d2d380bb,69316048,rua,Rua Raio de Lua,Raiar do Sol,52d99a8c-b151-45dd-8e7f-88e56a303202,RR
01a02d94-b23b-7f5d-b40e-499d0bd1aeed,69315086,rua,Rua Raio de Lua,Professora Araceli Souto Maior,52d99a8c-b151-45dd-8e7f-88e56a303202,RR
01a02d94-a873-7c32-aaba-b90f8cd0b2a4,69312634,rua,Rua Ramiro Damasceno da Silva,Centenário,52d99a8c-b151-45dd-8e7f-88e56a303202,RR
01a02d94-a876-7773-ae23-6e984d0fc181,69313165,rua,Rua Raquel da Silva Marques,Jóquei Clube,52d99a8c-b151-45dd-8e7f-88e56a303202,RR
01a02d94-947c-7f67-ada4-c42499508cd4,69304260,rua,Rua Raul Cunha,Mecejana,52d99a8c-b151-45dd-8e7f-88e56a303202,RR
01a02d94-be28-727b-9ac6-84e014577902,69355971,rua,"Rua Raul Lima, s/n",Centro,16c72f48-cb62-48f4-a3c5-a88e131e3980,RR
01a02d94-9e83-7b7e-8267-cb79e57c6c5d,69308330,rua,Rua Raul Pereira,Treze de Setembro,52d99a8c-b151-45dd-8e7f-88e56a303202,RR
01a02d94-9c84-7d7a-9435-e12a90a71add,69307650,rua,Rua Raul Prudente de Moraes,Caçari,52d99a8c-b151-45dd-8e7f-88e56a303202,RR
01a02d94-a873-7c32-aabe-aba893a43baa,69312655,rua,Rua Ravena,Centenário,52d99a8c-b151-45dd-8e7f-88e56a303202,RR
01a02d94-b622-743d-a237-21d85fad19ad,69316248,rua,Rua Recife,Nova Cidade,52d99a8c-b151-45dd-8e7f-88e56a303202,RR
01a02d94-a47b-7a60-87c6-f21cdbe36f38,69312045,rua,Rua Reinaldo Neves,Jardim Floresta,52d99a8c-b151-45dd-8e7f-88e56a303202,RR
01a02d94-ba1d-77e1-934b-b23c8d724ba8,69317172,rua,Rua Renato Marques Jr,Santa Luzia,52d99a8c-b151-45dd-8e7f-88e56a303202,RR
01a02d94-b81c-70bb-adbc-39c600f7a2b0,69316586,rua,Rua Renato Marques Jr,Senador Hélio Campos,52d99a8c-b151-45dd-8e7f-88e56a303202,RR
01a02d94-9c85-761f-9188-be15b943410c,69307695,rua,Rua Renato Torres da Silva,Caçari,52d99a8c-b151-45dd-8e7f-88e56a303202,RR
01a02d94-9e83-7b7e-8269-a600e8f409b8,69308350,rua,Rua Ribeiro Campos,Treze de Setembro,52d99a8c-b151-45dd-8e7f-88e56a303202,RR
01a02d94-98a3-7fae-93cc-2d38575528e8,69306370,rua,Rua Ricardo Franco,Nossa Senhora Aparecida,52d99a8c-b151-45dd-8e7f-88e56a303202,RR
01a02d94-9a95-7cd2-90a9-bd615a520468,69306445,rua,Rua Ricardo Franco,Nossa Senhora Aparecida,52d99a8c-b151-45dd-8e7f-88e56a303202,RR
01a02d94-947a-73c3-9167-b04cba8dda9a,69303350,rua,Rua Ricardo Frois,São Vicente,52d99a8c-b151-45dd-8e7f-88e56a303202,RR
01a02d94-b23d-7064-a23b-bd061fc34379,69315235,rua,Rua Ricardo Madruga Saraiva,Distrito Industrial Governador Aquilino Mota Duarte,52d99a8c-b151-45dd-8e7f-88e56a303202,RR
01a02d94-b23a-7e2d-8a8d-0aafb36c83a9,69315036,rua,Rua Rio Ajarani,Professora Araceli Souto Maior,52d99a8c-b151-45dd-8e7f-88e56a303202,RR
01a02d94-947a-73c3-9162-5ff576df489c,69303270,rua,Rua Rio Alalaú,São Vicente,52d99a8c-b151-45dd-8e7f-88e56a303202,RR
01a02d94-c420-7424-bb2d-cde0a78ed89f,69315020,rua,Rua Rio Alalaú,Professora Araceli Souto Maior,52d99a8c-b151-45dd-8e7f-88e56a303202,RR
01a02d94-b23a-7e2d-8a86-8db56a107651,69315018,rua,Rua Rio Amajari,Professora Araceli Souto Maior,52d99a8c-b151-45dd-8e7f-88e56a303202,RR
01a02d94-c01a-78fa-a6f9-7a236f3d187c,69316124,rua,Rua Rio Amazonas,Bela Vista,52d99a8c-b151-45dd-8e7f-88e56a303202,RR
01a02d94-947a-73c3-9161-4b6cdda9bdaf,69303260,rua,Rua Rio Anauá,São Vicente,52d99a8c-b151-45dd-8e7f-88e56a303202,RR
01a02d94-b23a-759d-8a80-4445ffc68cd7,69315004,rua,Rua Rio Anauá,Professora Araceli Souto Maior,52d99a8c-b151-45dd-8e7f-88e56a303202,RR
01a02d94-b23a-7e2d-8a85-b90f1fe5df2e,69315016,rua,Rua Rio Apiau,Professora Araceli Souto Maior,52d99a8c-b151-45dd-8e7f-88e56a303202,RR
01a02d94-b42d-74d5-8bd9-74c1fc549af4,69316122,rua,Rua Rio Araguaia,Bela Vista,52d99a8c-b151-45dd-8e7f-88e56a303202,RR
01a02d94-9c85-7ec7-9193-7d4207959417,69307735,rua,Rua Rio Araguaia,Caçari,52d99a8c-b151-45dd-8e7f-88e56a303202,RR
01a02d94-9e84-740c-a97e-f0a8cf754368,69308360,rua,Rua Rio Branco,Treze de Setembro,52d99a8c-b151-45dd-8e7f-88e56a303202,RR
01a02d94-947a-73c3-9164-410efa99d425,69303280,rua,Rua Rio Caroebe,São Vicente,52d99a8c-b151-45dd-8e7f-88e56a303202,RR
01a02d94-b23b-7f5d-b406-3ce7c36c6603,69316104,rua,Rua Rio Claro,Bela Vista,52d99a8c-b151-45dd-8e7f-88e56a303202,RR
01a02d94-b23a-759d-8a81-1c7feb65913f,69315006,rua,Rua Rio Cotingo,Professora Araceli Souto Maior,52d99a8c-b151-45dd-8e7f-88e56a303202,RR
01a02d94-9c85-761f-9190-e290e9256899,69307727,rua,Rua Rio Cuiaba,Caçari,52d99a8c-b151-45dd-8e7f-88e56a303202,RR
01a02d94-b23a-7e2d-8a84-627e7ac3e2fb,69315014,rua,Rua Rio Ereu,Professora Araceli Souto Maior,52d99a8c-b151-45dd-8e7f-88e56a303202,RR
01a02d94-98a2-7e4a-ad91-0c93d9d616c1,69305460,rua,Rua Rio Grande do Norte,Estados,52d99a8c-b151-45dd-8e7f-88e56a303202,RR
01a02d94-b42c-7b11-9971-7ca303f46536,69316118,rua,Rua Rio Guaíba,Bela Vista,52d99a8c-b151-45dd-8e7f-88e56a303202,RR
01a02d94-b23a-7e2d-8a8c-0b8b83fcdaf2,69315034,rua,Rua Rio Jatapu,Professora Araceli Souto Maior,52d99a8c-b151-45dd-8e7f-88e56a303202,RR
01a02d94-9c85-761f-918c-8b9b4165dd43,69307715,rua,Rua Rio Juruá,Caçari,52d99a8c-b151-45dd-8e7f-88e56a303202,RR
01a02d94-b42c-7b11-996d-8ededa02877e,69316108,rua,Rua Rio Madeira,Bela Vista,52d99a8c-b151-45dd-8e7f-88e56a303202,RR
01a02d94-b23a-7e2d-8a87-341f7566c1e3,69315022,rua,Rua Rio Maú,Professora Araceli Souto Maior,52d99a8c-b151-45dd-8e7f-88e56a303202,RR
01a02d94-b42d-74d5-8be1-7ad3f4bc3ad4,69316152,rua,Rua Rio Najá,Bela Vista,52d99a8c-b151-45dd-8e7f-88e56a303202,RR
01a02d94-b42c-7b11-996e-1edda11da373,69316112,rua,Rua Rio Negro,Bela Vista,52d99a8c-b151-45dd-8e7f-88e56a303202,RR
01a02d94-b42d-74d5-8bde-a20dc319f22d,69316136,rua,Rua Rio Nilo,Bela Vista,52d99a8c-b151-45dd-8e7f-88e56a303202,RR
01a02d94-b23b-76c4-b3fb-6854148aef5d,69315042,rua,Rua Rio Quinô,Professora Araceli Souto Maior,52d99a8c-b151-45dd-8e7f-88e56a303202,RR
01a02d94-b42d-74d5-8bda-52131503abb0,69316126,rua,Rua Rio Solimões,Bela Vista,52d99a8c-b151-45dd-8e7f-88e56a303202,RR
01a02d94-9c85-7ec7-9192-e1fb187f900d,69307732,rua,Rua Rio Solimões,Caçari,52d99a8c-b151-45dd-8e7f-88e56a303202,RR
01a02d94-b23a-7e2d-8a8a-5275bcdf0eba,69315028,rua,Rua Rio Surumu,Professora Araceli Souto Maior,52d99a8c-b151-45dd-8e7f-88e56a303202,RR
01a02d94-b23b-76c4-b3fc-15c8b5eb0a73,69315044,rua,Rua Rio Tacutu,Professora Araceli Souto Maior,52d99a8c-b151-45dd-8e7f-88e56a303202,RR
01a02d94-b42c-7b11-996c-469a4dfabf85,69316106,rua,Rua Rio Tapajós,Bela Vista,52d99a8c-b151-45dd-8e7f-88e56a303202,RR
01a02d94-c01a-705e-a6de-52200a128b23,69307737,rua,Rua Rio Tocantins,Caçari,52d99a8c-b151-45dd-8e7f-88e56a303202,RR
01a02d94-b42c-7b11-9970-a7037e3aabc2,69316116,rua,Rua Rio Tocantins,Bela Vista,52d99a8c-b151-45dd-8e7f-88e56a303202,RR
01a02d94-c420-7424-bb2f-24386f618684,69315040,rua,Rua Rio Uailan,Professora Araceli Souto Maior,52d99a8c-b151-45dd-8e7f-88e56a303202,RR
01a02d94-b23a-759d-8a82-300f61220e2c,69315008,rua,Rua Rio Uraricuera,Professora Araceli Souto Maior,52d99a8c-b151-45dd-8e7f-88e56a303202,RR
01a02d94-ac5e-7994-ad4a-e03d2310446f,69316102,rua,Rua Rio Verde,Bela Vista,52d99a8c-b151-45dd-8e7f-88e56a303202,RR
01a02d94-a098-7582-95bf-29fbb3cc13ba,69309373,rua,Rua Risos-do-Prado,Pricumã,52d99a8c-b151-45dd-8e7f-88e56a303202,RR
01a02d94-ac5d-7865-93fd-07e0bd9c7cb1,69313614,rua,Rua Ritler Lucena,Caranã,52d99a8c-b151-45dd-8e7f-88e56a303202,RR
01a02d94-aa77-734d-9d55-e49740d2570e,69313560,rua,Rua Ritler Lucena,Caranã,52d99a8c-b151-45dd-8e7f-88e56a303202,RR
01a02d94-9a95-741e-90a8-2fe5922b2b98,69306440,rua,Rua Roberto Costa,Nossa Senhora Aparecida,52d99a8c-b151-45dd-8e7f-88e56a303202,RR
01a02d94-96a4-73a9-bcc2-9c1e42339533,69305097,rua,Rua Rocha Leal,São Francisco,52d99a8c-b151-45dd-8e7f-88e56a303202,RR
01a02d94-9288-722e-96a9-76a157f57866,69301400,rua,Rua Rocha Leal,Centro,52d99a8c-b151-45dd-8e7f-88e56a303202,RR
01a02d94-c221-7f89-86a2-a022b08bd6f3,69307780,rua,Rua Rocilda Moura,Caçari,52d99a8c-b151-45dd-8e7f-88e56a303202,RR
01a02d94-c221-7f89-86a1-62ec2d97a0c8,69307777,rua,Rua Rocilda Moura,Caçari,52d99a8c-b151-45dd-8e7f-88e56a303202,RR
01a02d94-9a97-7f41-b999-33ea868beb43,69307290,rua,Rua Rocilda Moura,Paraviana,52d99a8c-b151-45dd-8e7f-88e56a303202,RR
01a02d94-947c-76ab-ad9a-95aa8c75b1dc,69304130,rua,Rua Rodrigo Farias,Mecejana,52d99a8c-b151-45dd-8e7f-88e56a303202,RR
01a02d94-947a-73c3-915e-e6d1121aac8a,69303230,rua,Rua Rodrigo Pires de Figueiredo,Calungá,52d99a8c-b151-45dd-8e7f-88e56a303202,RR
01a02d94-9a96-756b-9002-47fbfbd1dc07,69306630,rua,Rua Rodrigues Coelho,São Pedro,52d99a8c-b151-45dd-8e7f-88e56a303202,RR
01a02d94-9e83-7b7e-8268-1a901811f413,69308340,rua,Rua Rogério Mota,Treze de Setembro,52d99a8c-b151-45dd-8e7f-88e56a303202,RR
01a02d94-947c-76ab-ad9b-2b541aa787ea,69304140,rua,Rua Romeu Magalhães,Mecejana,52d99a8c-b151-45dd-8e7f-88e56a303202,RR
01a02d94-a290-7fbc-9f4d-648835895ebe,69311124,rua,Rua Romênia,Cauamé,52d99a8c-b151-45dd-8e7f-88e56a303202,RR
01a02d94-98a2-7e4a-ad96-32149b171657,69305500,rua,Rua Rondônia,Estados,52d99a8c-b151-45dd-8e7f-88e56a303202,RR
01a02d94-be28-727b-9ab2-3ec9f56281ee,69318710,rua,Rua Rorainópolis,Dr. Airton Rocha,52d99a8c-b151-45dd-8e7f-88e56a303202,RR
01a02d94-ba1c-7f2f-87c4-68d25e4ee57a,69317103,rua,Rua Rosa Oliveira de Araujo,Santa Luzia,52d99a8c-b151-45dd-8e7f-88e56a303202,RR
01a02d94-b81d-7a77-8016-13414eaa643a,69316730,rua,Rua Rosa Oliveira de Araujo,Pintolândia,52d99a8c-b151-45dd-8e7f-88e56a303202,RR
01a02d94-b81a-76ad-8eae-6aeb103b3df3,69316506,rua,Rua Rosa Oliveira de Araujo,Senador Hélio Campos,52d99a8c-b151-45dd-8e7f-88e56a303202,RR
01a02d94-b037-7065-9a77-dd9460f07c4d,69314500,rua,Rua Rosa Oliveira de Araujo,Doutor Sílvio Botelho,52d99a8c-b151-45dd-8e7f-88e56a303202,RR
01a02d94-a099-7664-8f8a-0ef22c4875c0,69309514,rua,Rua Rosa Pardana,Pricumã,52d99a8c-b151-45dd-8e7f-88e56a303202,RR
01a02d94-96a1-7fc7-b825-3b3f3ae95212,69304470,rua,Rua Rotary,Mecejana,52d99a8c-b151-45dd-8e7f-88e56a303202,RR
01a02d94-96a3-7ae7-8c55-2c6c598df9f5,69304580,rua,Rua Rouxinol,Mecejana,52d99a8c-b151-45dd-8e7f-88e56a303202,RR
01a02d94-b42a-7fce-a2e4-87e287dc64e9,69315603,rua,Rua Rouxinol,São Bento,52d99a8c-b151-45dd-8e7f-88e56a303202,RR
01a02d94-c222-783c-8561-d7c31de4f552,69307803,rua,Rua Rouxinóis,Caçari,52d99a8c-b151-45dd-8e7f-88e56a303202,RR
01a02d94-9c83-7343-8709-e290f2ceb184,69307400,rua,Rua Rubelmar Carneiro de Souza,Paraviana,52d99a8c-b151-45dd-8e7f-88e56a303202,RR
01a02d94-a875-7ebd-baf1-af9a260d4b7a,69313122,rua,Rua Rubi,Jóquei Clube,52d99a8c-b151-45dd-8e7f-88e56a303202,RR
01a02d94-947c-7f67-ada3-08d6a8cbeb51,69304220,rua,Rua Rui Barbosa,Mecejana,52d99a8c-b151-45dd-8e7f-88e56a303202,RR
01a02d94-aa76-727e-8523-c9e5d1e3b299,69313512,rua,Rua Ruth Pinheiro,Tancredo Neves,52d99a8c-b151-45dd-8e7f-88e56a303202,RR
01a02d94-a47d-7512-a455-dad57606fd8b,69312170,rua,Rua Ruth Pinheiro,Caimbé,52d99a8c-b151-45dd-8e7f-88e56a303202,RR
01a02d94-ba1d-77e1-934a-099462ddf79d,69317170,rua,Rua S-22,Santa Luzia,52d99a8c-b151-45dd-8e7f-88e56a303202,RR
01a02d94-b81c-70bb-adbb-fc0d1ebe4609,69316584,rua,Rua S-22,Senador Hélio Campos,52d99a8c-b151-45dd-8e7f-88e56a303202,RR
01a02d94-ba1d-77e1-934f-57493079616b,69317177,rua,Rua S-28,Santa Luzia,52d99a8c-b151-45dd-8e7f-88e56a303202,RR
01a02d94-b81c-70bb-adc1-97f66c687111,69316595,rua,Rua S-28,Senador Hélio Campos,52d99a8c-b151-45dd-8e7f-88e56a303202,RR
01a02d94-b81c-70bb-adc0-044ab72f13eb,69316594,rua,Rua S-28,Senador Hélio Campos,52d99a8c-b151-45dd-8e7f-88e56a303202,RR
01a02d94-b81c-7954-adc6-b7ef19b510d2,69316606,rua,Rua S-33,Senador Hélio Campos,52d99a8c-b151-45dd-8e7f-88e56a303202,RR
01a02d94-b81c-7954-adc7-73e47cda3c68,69316610,rua,Rua S-34,Senador Hélio Campos,52d99a8c-b151-45dd-8e7f-88e56a303202,RR
01a02d94-b81d-71e6-8004-f3591f49bdd1,69316640,rua,Rua S-44,Senador Hélio Campos,52d99a8c-b151-45dd-8e7f-88e56a303202,RR
01a02d94-b037-7933-9a7a-081124a3cdde,69314510,rua,Rua SB-03,Doutor Sílvio Botelho,52d99a8c-b151-45dd-8e7f-88e56a303202,RR
01a02d94-c421-7ce9-b1c1-ab1b2f6f63ba,69318244,rua,Rua SR-02,Murilo Teixeira Cidade,52d99a8c-b151-45dd-8e7f-88e56a303202,RR
01a02d94-c421-7ce9-b1c2-979f7be38665,69318246,rua,Rua SR-03,Murilo Teixeira Cidade,52d99a8c-b151-45dd-8e7f-88e56a303202,RR
01a02d94-c421-7ce9-b1c3-577bc404d3e3,69318248,rua,Rua SR-04,Murilo Teixeira Cidade,52d99a8c-b151-45dd-8e7f-88e56a303202,RR
01a02d94-c421-7ce9-b1c4-956fb320bb41,69318250,rua,Rua SR-05,Murilo Teixeira Cidade,52d99a8c-b151-45dd-8e7f-88e56a303202,RR
01a02d94-c421-7ce9-b1c5-f47e33fcd3d7,69318252,rua,Rua SR-06,Murilo Teixeira Cidade,52d99a8c-b151-45dd-8e7f-88e56a303202,RR
01a02d94-c421-7ce9-b1c6-f08da75a84ea,69318254,rua,Rua SR-07,Murilo Teixeira Cidade,52d99a8c-b151-45dd-8e7f-88e56a303202,RR
01a02d94-c421-7ce9-b1c7-59182efcd511,69318256,rua,Rua SR-08,Murilo Teixeira Cidade,52d99a8c-b151-45dd-8e7f-88e56a303202,RR
01a02d94-c421-7ce9-b1c8-84fc0458873a,69318258,rua,Rua SR-09,Murilo Teixeira Cidade,52d99a8c-b151-45dd-8e7f-88e56a303202,RR
01a02d94-c421-7ce9-b1c9-c980b5916de9,69318260,rua,Rua SR-10,Murilo Teixeira Cidade,52d99a8c-b151-45dd-8e7f-88e56a303202,RR
01a02d94-c421-7ce9-b1ca-ffcbf0a76f8b,69318262,rua,Rua SR-16,Murilo Teixeira Cidade,52d99a8c-b151-45dd-8e7f-88e56a303202,RR
01a02d94-c63b-7481-a8ea-c78e02843678,69318264,rua,Rua SR-17,Murilo Teixeira Cidade,52d99a8c-b151-45dd-8e7f-88e56a303202,RR
01a02d94-c63b-7481-a8eb-a2ba52b15006,69318266,rua,Rua SR-18,Murilo Teixeira Cidade,52d99a8c-b151-45dd-8e7f-88e56a303202,RR
01a02d94-c63b-7481-a8ec-b6d94418c754,69318268,rua,Rua SR-19,Murilo Teixeira Cidade,52d99a8c-b151-45dd-8e7f-88e56a303202,RR
01a02d94-c63b-7481-a8ed-f69fd3b33468,69318270,rua,Rua SR-20,Murilo Teixeira Cidade,52d99a8c-b151-45dd-8e7f-88e56a303202,RR
01a02d94-c63b-7481-a8ee-5519cf4f72e5,69318272,rua,Rua SR-21,Murilo Teixeira Cidade,52d99a8c-b151-45dd-8e7f-88e56a303202,RR
01a02d94-c63b-7481-a8ef-898bd3323ff8,69318274,rua,Rua SR-22,Murilo Teixeira Cidade,52d99a8c-b151-45dd-8e7f-88e56a303202,RR
01a02d94-c63b-7481-a8f0-2bef41e76b45,69318276,rua,Rua SR-23,Murilo Teixeira Cidade,52d99a8c-b151-45dd-8e7f-88e56a303202,RR
01a02d94-c63b-7481-a8f1-375f77c3439a,69318278,rua,Rua SR-24,Murilo Teixeira Cidade,52d99a8c-b151-45dd-8e7f-88e56a303202,RR
01a02d94-c63b-7481-a8f2-32896f6581d0,69318280,rua,Rua SR-25,Murilo Teixeira Cidade,52d99a8c-b151-45dd-8e7f-88e56a303202,RR
01a02d94-c63b-7481-a8f3-8ef45f1ef0ac,69318282,rua,Rua SR-26,Murilo Teixeira Cidade,52d99a8c-b151-45dd-8e7f-88e56a303202,RR
01a02d94-c63b-7481-a8f4-b11585f173b1,69318284,rua,Rua SR-27,Murilo Teixeira Cidade,52d99a8c-b151-45dd-8e7f-88e56a303202,RR
01a02d94-c63b-7481-a8f5-5a0caf2d54d1,69318286,rua,Rua SR-28,Murilo Teixeira Cidade,52d99a8c-b151-45dd-8e7f-88e56a303202,RR
01a02d94-c63b-7481-a8f6-54f0e6972786,69318288,rua,Rua SR-29,Murilo Teixeira Cidade,52d99a8c-b151-45dd-8e7f-88e56a303202,RR
01a02d94-c63b-7481-a8f7-c478480e5dc8,69318290,rua,Rua SR-30,Murilo Teixeira Cidade,52d99a8c-b151-45dd-8e7f-88e56a303202,RR
01a02d94-c63b-7481-a8f8-11d572ea648d,69318292,rua,Rua SR-31,Murilo Teixeira Cidade,52d99a8c-b151-45dd-8e7f-88e56a303202,RR
01a02d94-c63b-7481-a8f9-f22b0946a584,69318294,rua,Rua SR-32,Murilo Teixeira Cidade,52d99a8c-b151-45dd-8e7f-88e56a303202,RR
01a02d94-c63b-7481-a8fa-7898b252dfcc,69318296,rua,Rua SR-33,Murilo Teixeira Cidade,52d99a8c-b151-45dd-8e7f-88e56a303202,RR
01a02d94-a875-7ebd-baec-36feca6ae9fa,69313105,rua,Rua Safira,Jóquei Clube,52d99a8c-b151-45dd-8e7f-88e56a303202,RR
01a02d94-bc36-714c-bde6-6e1d39db37ea,69317448,rua,Rua Sagitárius,Cidade Satélite,52d99a8c-b151-45dd-8e7f-88e56a303202,RR
01a02d94-a28f-762f-93a7-18146fa2f349,69310100,rua,Rua Salgado Filho,Aeroporto,52d99a8c-b151-45dd-8e7f-88e56a303202,RR
01a02d94-a873-7c32-aab8-0ce28ca220cb,69312630,rua,Rua Salomão Lima da Silva,Centenário,52d99a8c-b151-45dd-8e7f-88e56a303202,RR
01a02d94-a678-7680-a1fa-9de3d1fae474,69312315,rua,Rua Salomão Matroniano de Souza Cruz,Asa Branca,52d99a8c-b151-45dd-8e7f-88e56a303202,RR
01a02d94-9e84-740c-a983-e83802946c07,69308400,rua,Rua Salustino Liberato,Treze de Setembro,52d99a8c-b151-45dd-8e7f-88e56a303202,RR
01a02d94-c01a-78fa-a70b-145c2f2640d9,69317531,rua,Rua Salva do Campo,Cidade Satélite,52d99a8c-b151-45dd-8e7f-88e56a303202,RR
01a02d94-b622-743d-a231-6124e9e0ec0c,69316234,rua,Rua Salvador,Nova Cidade,52d99a8c-b151-45dd-8e7f-88e56a303202,RR
01a02d94-98a2-7e4a-ad9f-add695683755,69305580,rua,Rua Santa Catarina,Estados,52d99a8c-b151-45dd-8e7f-88e56a303202,RR
01a02d94-a872-71af-b9d9-0f97c76e2121,69312565,rua,Rua Santa Cecília,Centenário,52d99a8c-b151-45dd-8e7f-88e56a303202,RR
01a02d94-a873-7c32-aabb-8958afc2538f,69312635,rua,Rua Santa Clara,Centenário,52d99a8c-b151-45dd-8e7f-88e56a303202,RR
01a02d94-a679-7922-a937-bd4e286c760a,69312349,rua,Rua Santa Clara,Cinturão Verde,52d99a8c-b151-45dd-8e7f-88e56a303202,RR
01a02d94-b23b-7f5d-b408-9bd239646fc3,69315072,rua,Rua Santa Fé,Professora Araceli Souto Maior,52d99a8c-b151-45dd-8e7f-88e56a303202,RR
01a02d94-c01a-705e-a6e8-174efda75a0b,69312515,rua,Rua Santa Inês,Centenário,52d99a8c-b151-45dd-8e7f-88e56a303202,RR
01a02d94-a679-7922-a933-82445ee66dc6,69312341,rua,Rua Santa Luzia,Cinturão Verde,52d99a8c-b151-45dd-8e7f-88e56a303202,RR
01a02d94-a872-7a62-b9e1-903b0aa17a06,69312590,rua,Rua Santa Lúcia,Centenário,52d99a8c-b151-45dd-8e7f-88e56a303202,RR
01a02d94-a67c-752a-bed3-c92b827ab338,69312500,rua,Rua Santa Maria,Centenário,52d99a8c-b151-45dd-8e7f-88e56a303202,RR
01a02d94-9e84-740c-a97f-533a0ca2c446,69308370,rua,Rua Santa Maria,Treze de Setembro,52d99a8c-b151-45dd-8e7f-88e56a303202,RR
01a02d94-a872-71af-b9dc-070d04dc8c71,69312575,rua,Rua Santa Marta,Centenário,52d99a8c-b151-45dd-8e7f-88e56a303202,RR
01a02d94-a679-7922-a935-fc3be6501ef6,69312345,rua,Rua Santa Rita,Cinturão Verde,52d99a8c-b151-45dd-8e7f-88e56a303202,RR
01a02d94-9e84-740c-a981-e63abb32b0a2,69308380,rua,Rua Santa Rosa,Treze de Setembro,52d99a8c-b151-45dd-8e7f-88e56a303202,RR
01a02d94-a28f-762f-93b4-f625343e7f82,69310713,rua,Rua Santana do Seridó,Said Salomão,52d99a8c-b151-45dd-8e7f-88e56a303202,RR
01a02d94-a67c-752a-becf-dddab0407769,69312490,rua,Rua Santo Agostinho,Centenário,52d99a8c-b151-45dd-8e7f-88e56a303202,RR
01a02d94-c420-7424-bb2e-0298dc9b87e8,69315030,rua,Rua Santo Antônio do Abonari,Professora Araceli Souto Maior,52d99a8c-b151-45dd-8e7f-88e56a303202,RR
01a02d94-b23d-7064-a240-21b29e983fce,69315252,rua,Rua Santília de Oliveira Cruz,Distrito Industrial Governador Aquilino Mota Duarte,52d99a8c-b151-45dd-8e7f-88e56a303202,RR
01a02d94-ae3c-70d0-a50e-5953057f5c09,69314117,rua,Rua Sardinha,Santa Tereza,52d99a8c-b151-45dd-8e7f-88e56a303202,RR
01a02d94-a47c-72e6-838a-082f97c4b5db,69312092,rua,Rua Sargento Azevedo,Jardim Floresta,52d99a8c-b151-45dd-8e7f-88e56a303202,RR
01a02d94-a28f-762f-93b2-c3b2f29f19b2,69310128,rua,Rua Sargento Azevedo,Aeroporto,52d99a8c-b151-45dd-8e7f-88e56a303202,RR
01a02d94-ae3d-7238-b6be-621715501bd7,69314252,rua,Rua Sargitário,Jardim Primavera,52d99a8c-b151-45dd-8e7f-88e56a303202,RR
01a02d94-be26-788d-9be9-4f3c297ca3bd,69317564,rua,Rua Saturno,Cidade Satélite,52d99a8c-b151-45dd-8e7f-88e56a303202,RR
01a02d94-b42c-7161-9952-e18a6e9759e8,69316028,rua,Rua Saturno,Raiar do Sol,52d99a8c-b151-45dd-8e7f-88e56a303202,RR
01a02d94-b23c-77f4-8432-ef4f3b20f8d4,69315098,rua,Rua Saturno,Professora Araceli Souto Maior,52d99a8c-b151-45dd-8e7f-88e56a303202,RR
01a02d94-ba1e-7185-a0d0-9a015c02911e,69317191,rua,Rua Sebastião Ari Paiva,Alvorada,52d99a8c-b151-45dd-8e7f-88e56a303202,RR
01a02d94-b035-76a5-9d36-bf3f53d9a6be,69314358,rua,Rua Sebastião Ari Paiva,Doutor Sílvio Leite,52d99a8c-b151-45dd-8e7f-88e56a303202,RR
01a02d94-96a3-7158-8c4f-8e2539df4de6,69304547,rua,Rua Sebastião Barros,Mecejana,52d99a8c-b151-45dd-8e7f-88e56a303202,RR
01a02d94-bc34-7fb0-8cfd-bb33ed843bbd,69317310,rua,Rua Sebastião França de Souza,Equatorial,52d99a8c-b151-45dd-8e7f-88e56a303202,RR
01a02d94-b623-7577-af3b-bdbda18df45d,69316416,rua,Rua Sebastião França de Souza,Senador Hélio Campos,52d99a8c-b151-45dd-8e7f-88e56a303202,RR
01a02d94-b037-7933-9a78-5adbdb72c7ab,69314503,rua,Rua Sebastião Peixoto,Doutor Sílvio Botelho,52d99a8c-b151-45dd-8e7f-88e56a303202,RR
01a02d94-c421-7ce9-b1b4-481287098abe,69318218,rua,Rua Sebastião de Brito Pinheiro,Murilo Teixeira Cidade,52d99a8c-b151-45dd-8e7f-88e56a303202,RR
01a02d94-b81c-7954-adc8-9254ae60d9a4,69316615,rua,Rua Secundina Mingues Pereira de Moraes,Senador Hélio Campos,52d99a8c-b151-45dd-8e7f-88e56a303202,RR
01a02d94-a09a-7762-832a-e1844adfd0c4,69310053,rua,Rua Senhora Cecília,Aeroporto,52d99a8c-b151-45dd-8e7f-88e56a303202,RR
01a02d94-98a2-7e4a-ada2-339e1414b044,69305610,rua,Rua Sergipe,Estados,52d99a8c-b151-45dd-8e7f-88e56a303202,RR
01a02d94-a28f-7ea8-93bd-301b924200c9,69310729,rua,Rua Serra Negra,Said Salomão,52d99a8c-b151-45dd-8e7f-88e56a303202,RR
01a02d94-bc36-714c-bddb-288bda7c94b1,69317378,rua,Rua Setentrional,Equatorial,52d99a8c-b151-45dd-8e7f-88e56a303202,RR
01a02d94-a47c-7b8d-8398-bc75ef29558a,69312128,rua,Rua Severino Caetano da Silva,Jardim Floresta,52d99a8c-b151-45dd-8e7f-88e56a303202,RR
01a02d94-96a1-7fc7-b82a-6d82311e1951,69304480,rua,Rua Severino Mineiro,Mecejana,52d99a8c-b151-45dd-8e7f-88e56a303202,RR
01a02d94-c420-7cd4-bb43-eb2283993f38,69315632,rua,Rua Severino Pereira da Silva,São Bento,52d99a8c-b151-45dd-8e7f-88e56a303202,RR
01a02d94-9a97-76a7-b996-4fa634b88f66,69307274,rua,Rua Severino Soares de Freitas,Paraviana,52d99a8c-b151-45dd-8e7f-88e56a303202,RR
01a02d94-9a97-76a7-b98d-3a11b8343bc4,69307241,rua,Rua Sibipiruna,Paraviana,52d99a8c-b151-45dd-8e7f-88e56a303202,RR
01a02d94-c01a-78fa-a70c-bfe1683964ae,69317533,rua,Rua Sidreira,Cidade Satélite,52d99a8c-b151-45dd-8e7f-88e56a303202,RR
01a02d94-ba1b-7dd9-b190-1f2bd6a3753d,69316798,rua,Rua Silo,Pintolândia,52d99a8c-b151-45dd-8e7f-88e56a303202,RR
01a02d94-b037-7933-9a7c-01cc16da504b,69314517,rua,Rua Silo,Doutor Sílvio Botelho,52d99a8c-b151-45dd-8e7f-88e56a303202,RR
01a02d94-a874-7dad-93eb-78b3771d9f3a,69313058,rua,Rua Silver,Jóquei Clube,52d99a8c-b151-45dd-8e7f-88e56a303202,RR
01a02d94-96a3-7158-8c4a-bd78a1f33899,69304535,rua,Rua Sindeaux Barbosa,Mecejana,52d99a8c-b151-45dd-8e7f-88e56a303202,RR
01a02d94-be26-788d-9bea-126eb7c878e7,69317566,rua,Rua Sirius,Cidade Satélite,52d99a8c-b151-45dd-8e7f-88e56a303202,RR
01a02d94-a47c-72e6-838c-b81c73ece0db,69312098,rua,Rua Sizenando C. Cavalcante,Jardim Floresta,52d99a8c-b151-45dd-8e7f-88e56a303202,RR
01a02d94-947a-7c89-9171-ba444e437f86,69303440,rua,Rua Sizenando Diniz,São Vicente,52d99a8c-b151-45dd-8e7f-88e56a303202,RR
01a02d94-ba1b-7dd9-b18f-eb1dabf85d5f,69316795,rua,Rua Sião,Pintolândia,52d99a8c-b151-45dd-8e7f-88e56a303202,RR
01a02d94-b037-7933-9a7b-294f8ba71f81,69314513,rua,Rua Sião,Doutor Sílvio Botelho,52d99a8c-b151-45dd-8e7f-88e56a303202,RR
01a02d94-b035-7f2a-9d46-b6ff6f73cfac,69314416,rua,Rua Sião,Nova Canaã,52d99a8c-b151-45dd-8e7f-88e56a303202,RR
01a02d94-a872-7a62-b9e2-3ef8f46e378f,69312593,rua,Rua Sobral,Centenário,52d99a8c-b151-45dd-8e7f-88e56a303202,RR
01a02d94-a873-7c32-aab7-a69bad1abbac,69312629,rua,Rua Solange Brito,Centenário,52d99a8c-b151-45dd-8e7f-88e56a303202,RR
01a02d94-ac5d-7865-93f9-685db6f24543,69313608,rua,Rua Soldado-Polícia Militar Alfredo Jorge Filho,Caranã,52d99a8c-b151-45dd-8e7f-88e56a303202,RR
01a02d94-ac5d-7865-93ff-dc5fef9f0b38,69313616,rua,Rua Soldado-Polícia Militar Arineu Ferreira Lima,Caranã,52d99a8c-b151-45dd-8e7f-88e56a303202,RR
01a02d94-ac5c-7fc7-a1c9-2c7ad2263721,69313580,rua,Rua Soldado-Polícia Militar Arineu Ferreira Lima,Caranã,52d99a8c-b151-45dd-8e7f-88e56a303202,RR
01a02d94-ac5e-70fb-ad2c-88274efa62d1,69313645,rua,Rua Soldado-Polícia Militar Damião Gentil de Goes,Caranã,52d99a8c-b151-45dd-8e7f-88e56a303202,RR
01a02d94-ac5d-7865-93fc-a365d86f0005,69313613,rua,Rua Soldado-Polícia Militar Django da Silva,Caranã,52d99a8c-b151-45dd-8e7f-88e56a303202,RR
01a02d94-ac5c-7fc7-a1c8-67cb38756d8e,69313578,rua,Rua Soldado-Polícia Militar Django da Silva,Caranã,52d99a8c-b151-45dd-8e7f-88e56a303202,RR
01a02d94-ac5c-7fc7-a1c7-09ba434bf855,69313575,rua,Rua Soldado-Polícia Militar Gudivaldo Rodrigues de Peixoto,Caranã,52d99a8c-b151-45dd-8e7f-88e56a303202,RR
01a02d94-ac5c-7fc7-a1c6-fcae54c9c19b,69313572,rua,Rua Soldado-Polícia Militar Jacinto José de Santana da Silva,Caranã,52d99a8c-b151-45dd-8e7f-88e56a303202,RR
01a02d94-ac5f-722b-899c-ad41675b3c40,69313755,rua,Rua Soldado-Polícia Militar Wilson Paulino da Silva,União,52d99a8c-b151-45dd-8e7f-88e56a303202,RR
01a02d94-ac5d-7865-93f7-73d153a1d235,69313602,rua,Rua Soldado-Polícia Militar Wilson Paulino da Silva,Caranã,52d99a8c-b151-45dd-8e7f-88e56a303202,RR
01a02d94-a67b-7c62-9f0b-4e074024017c,69312454,rua,Rua Soledade Benedetti,Cinturão Verde,52d99a8c-b151-45dd-8e7f-88e56a303202,RR
01a02d94-ba1d-77e1-9350-e92672538d0b,69317178,rua,Rua Solon Rodrigues Pessoa,Santa Luzia,52d99a8c-b151-45dd-8e7f-88e56a303202,RR
01a02d94-b81d-71e6-8009-df22a411504c,69316695,rua,Rua Solon Rodrigues Pessoa,Pintolândia,52d99a8c-b151-45dd-8e7f-88e56a303202,RR
01a02d94-b81d-71e6-8005-840da4fc48af,69316645,rua,Rua Solon Rodrigues Pessoa,Senador Hélio Campos,52d99a8c-b151-45dd-8e7f-88e56a303202,RR
01a02d94-ba1c-7684-87b0-da2910ca0460,69316971,rua,Rua Solon Rodrigues Pessoa 817,Pintolândia,52d99a8c-b151-45dd-8e7f-88e56a303202,RR
01a02d94-b42b-78b9-a444-a46c2dff4757,69315679,rua,Rua Solteirões,São Bento,52d99a8c-b151-45dd-8e7f-88e56a303202,RR
01a02d94-c420-7cd4-bb6e-daf732c17303,69318181,rua,Rua Solânea,Laura Moreira,52d99a8c-b151-45dd-8e7f-88e56a303202,RR
01a02d94-947a-7c89-916e-55498fb6bf47,69303400,rua,Rua Sorocaima,São Vicente,52d99a8c-b151-45dd-8e7f-88e56a303202,RR
01a02d94-96a4-73a9-bcb9-e47b55f60fc3,69305040,rua,Rua Souza Júnior,São Francisco,52d99a8c-b151-45dd-8e7f-88e56a303202,RR
01a02d94-96a3-7158-8c51-53c559439a13,69304552,rua,Rua Souza Júnior,Mecejana,52d99a8c-b151-45dd-8e7f-88e56a303202,RR
01a02d94-c01a-78fa-a705-b726ba88fac2,69317166,rua,Rua Stevam Pereira da Costa,Santa Luzia,52d99a8c-b151-45dd-8e7f-88e56a303202,RR
01a02d94-b81c-70bb-adb9-2cd0a81df9e0,69316580,rua,Rua Stevam Pereira da Costa,Senador Hélio Campos,52d99a8c-b151-45dd-8e7f-88e56a303202,RR
01a02d94-9e84-740c-a984-ddbddc1f3613,69308410,rua,Rua Suapi,Treze de Setembro,52d99a8c-b151-45dd-8e7f-88e56a303202,RR
01a02d94-9a97-76a7-b98e-39b6af1ce577,69307242,rua,Rua Sucuba,Paraviana,52d99a8c-b151-45dd-8e7f-88e56a303202,RR
01a02d94-9a97-76a7-b992-66a8432295f1,69307270,rua,Rua Sucupira,Paraviana,52d99a8c-b151-45dd-8e7f-88e56a303202,RR
01a02d94-bc35-7861-acac-5c6401bf3dff,69317354,rua,Rua Sudeste,Equatorial,52d99a8c-b151-45dd-8e7f-88e56a303202,RR
01a02d94-c421-7ce9-b1ab-da6733ac9450,69318185,rua,Rua Sudoeste,Laura Moreira,52d99a8c-b151-45dd-8e7f-88e56a303202,RR
01a02d94-c420-7cd4-bb53-b1a38c4f7e32,69317396,rua,Rua Sul,Equatorial,52d99a8c-b151-45dd-8e7f-88e56a303202,RR
01a02d94-ae3c-7990-a513-54a6549ceb51,69314132,rua,Rua Surubim,Santa Tereza,52d99a8c-b151-45dd-8e7f-88e56a303202,RR
01a02d94-a290-7fbc-9f4e-8cda515f0d2f,69311127,rua,Rua Suécia,Cauamé,52d99a8c-b151-45dd-8e7f-88e56a303202,RR
01a02d94-a290-7fbc-9f4f-a6eab56c6912,69311131,rua,Rua Suíça,Cauamé,52d99a8c-b151-45dd-8e7f-88e56a303202,RR
01a02d94-b23d-790e-a249-3998d06b10c5,69315669,rua,Rua São Bento,São Bento,52d99a8c-b151-45dd-8e7f-88e56a303202,RR
01a02d94-a67a-7aa0-92c6-a56658f4dbbc,69312369,rua,Rua São Camilo,Cinturão Verde,52d99a8c-b151-45dd-8e7f-88e56a303202,RR
01a02d94-a679-7922-a931-7e95efc2f25d,69312337,rua,Rua São Cristóvão,Cinturão Verde,52d99a8c-b151-45dd-8e7f-88e56a303202,RR
01a02d94-a679-7922-a936-15870f94a7c1,69312347,rua,Rua São Francisco,Cinturão Verde,52d99a8c-b151-45dd-8e7f-88e56a303202,RR
01a02d94-a679-7922-a934-4f42aea33723,69312343,rua,Rua São Jorge,Cinturão Verde,52d99a8c-b151-45dd-8e7f-88e56a303202,RR
01a02d94-b42b-78b9-a43f-e196ceeaae22,69315653,rua,Rua São José,São Bento,52d99a8c-b151-45dd-8e7f-88e56a303202,RR
01a02d94-a679-7922-a932-a75bcc68d746,69312339,rua,Rua São José,Cinturão Verde,52d99a8c-b151-45dd-8e7f-88e56a303202,RR
01a02d94-a28f-7ea8-93c4-788c6c5ad4bc,69310745,rua,Rua São José do Seridó,Said Salomão,52d99a8c-b151-45dd-8e7f-88e56a303202,RR
01a02d94-a679-7922-a938-cd847bb6b9fd,69312351,rua,Rua São João,Cinturão Verde,52d99a8c-b151-45dd-8e7f-88e56a303202,RR
01a02d94-a67b-73a0-9efa-38ece3401b6f,69312389,rua,Rua São João Batista,Cinturão Verde,52d99a8c-b151-45dd-8e7f-88e56a303202,RR
01a02d94-be28-727b-9ab1-e38e5153b664,69318708,rua,Rua São João Da Baliza,Dr. Airton Rocha,52d99a8c-b151-45dd-8e7f-88e56a303202,RR
01a02d94-c01a-705e-a6e4-c8e1ae910e79,69310733,rua,Rua São João do Sabugi,Said Salomão,52d99a8c-b151-45dd-8e7f-88e56a303202,RR
01a02d94-a679-7922-a930-2b2b02adadeb,69312335,rua,Rua São Leopoldo,Cinturão Verde,52d99a8c-b151-45dd-8e7f-88e56a303202,RR
01a02d94-c01a-78fa-a704-95dd3a7fbf46,69316273,rua,Rua São Luiz,Dr. Airton Rocha,52d99a8c-b151-45dd-8e7f-88e56a303202,RR
01a02d94-b622-743d-a238-e85641db74bc,69316252,rua,Rua São Luiz,Nova Cidade,52d99a8c-b151-45dd-8e7f-88e56a303202,RR
01a02d94-be28-727b-9ab0-5abb72d5a965,69318706,rua,Rua São Luiz do Anauá,Dr. Airton Rocha,52d99a8c-b151-45dd-8e7f-88e56a303202,RR
01a02d94-a67a-7aa0-92c9-ca7ee6a9bebd,69312375,rua,Rua São Marcos,Cinturão Verde,52d99a8c-b151-45dd-8e7f-88e56a303202,RR
01a02d94-9e84-740c-a982-61fe3247eda8,69308390,rua,Rua São Martinho,Treze de Setembro,52d99a8c-b151-45dd-8e7f-88e56a303202,RR
01a02d94-a67a-7aa0-92c7-da14cf554de8,69312371,rua,Rua São Mateus,Cinturão Verde,52d99a8c-b151-45dd-8e7f-88e56a303202,RR
01a02d94-a872-71af-b9d8-a69173d2d677,69312563,rua,Rua São Paulo,Centenário,52d99a8c-b151-45dd-8e7f-88e56a303202,RR
01a02d94-a679-7922-a93a-1fd059ea4456,69312355,rua,Rua São Pedro,Cinturão Verde,52d99a8c-b151-45dd-8e7f-88e56a303202,RR
01a02d94-a872-71af-b9df-6684e7c6065f,69312585,rua,Rua São Rafael,Centenário,52d99a8c-b151-45dd-8e7f-88e56a303202,RR
01a02d94-a28f-7ea8-93bb-c6e1b399f3b1,69310725,rua,Rua São Rafael,Said Salomão,52d99a8c-b151-45dd-8e7f-88e56a303202,RR
01a02d94-a67a-7aa0-92ce-74e4106fec1d,69312385,rua,Rua São Raimundo,Cinturão Verde,52d99a8c-b151-45dd-8e7f-88e56a303202,RR
01a02d94-b622-743d-a245-deb4759dd25d,69316277,rua,Rua São Silvestre,Dr. Airton Rocha,52d99a8c-b151-45dd-8e7f-88e56a303202,RR
01a02d94-a679-7922-a939-1fdf4c8c2a41,69312353,rua,Rua São Silvestre,Cinturão Verde,52d99a8c-b151-45dd-8e7f-88e56a303202,RR
01a02d94-a67a-71e9-92bc-1f4a10289149,69312357,rua,Rua São Vicente,Cinturão Verde,52d99a8c-b151-45dd-8e7f-88e56a303202,RR
01a02d94-a28f-7ea8-93ba-b422aa6ab924,69310723,rua,Rua São Vicente do Seridó,Said Salomão,52d99a8c-b151-45dd-8e7f-88e56a303202,RR
01a02d94-b623-7e11-af44-2b7e7801095c,69316444,rua,Rua Sérgio Augusto de Oliveira,Senador Hélio Campos,52d99a8c-b151-45dd-8e7f-88e56a303202,RR
01a02d94-a47d-7f13-a464-389419ca5813,69312195,rua,Rua Sílvio Leite,Caimbé,52d99a8c-b151-45dd-8e7f-88e56a303202,RR
01a02d94-a47d-7512-a45c-dde7fdd2fc39,69312181,rua,Rua Sílvio Leite,Caimbé,52d99a8c-b151-45dd-8e7f-88e56a303202,RR
01a02d94-a47c-72e6-838b-519c72f4df3c,69312095,rua,Rua Sócrates Peixoto,Jardim Floresta,52d99a8c-b151-45dd-8e7f-88e56a303202,RR
01a02d94-a290-7754-9f2d-7bf9f03a07af,69311024,rua,Rua T,Cauamé,52d99a8c-b151-45dd-8e7f-88e56a303202,RR
01a02d94-9c84-74c6-942f-7d4ccfa452f7,69307620,rua,Rua TP-1,Caçari,52d99a8c-b151-45dd-8e7f-88e56a303202,RR
01a02d94-9c84-74c6-9430-ba4055ff7441,69307625,rua,Rua TP-2,Caçari,52d99a8c-b151-45dd-8e7f-88e56a303202,RR
01a02d94-9c84-74c6-9431-b7c247a356af,69307630,rua,Rua TP-3,Caçari,52d99a8c-b151-45dd-8e7f-88e56a303202,RR
01a02d94-9c84-7d7a-9432-1a39fa84f527,69307635,rua,Rua TP-4,Caçari,52d99a8c-b151-45dd-8e7f-88e56a303202,RR
01a02d94-947b-7536-90a0-ed004eeeff26,69303462,rua,Rua Tacutu,São Vicente,52d99a8c-b151-45dd-8e7f-88e56a303202,RR
01a02d94-be27-79fb-be4f-0e7a76c0f630,69318702,rua,Rua Taiano,Dr. Airton Rocha,52d99a8c-b151-45dd-8e7f-88e56a303202,RR
01a02d94-ae3c-70d0-a4fb-37737508f7e7,69314065,rua,Rua Tambaqui,Santa Tereza,52d99a8c-b151-45dd-8e7f-88e56a303202,RR
01a02d94-b42a-7fce-a2ed-da2a224f9a38,69315623,rua,Rua Tangará,São Bento,52d99a8c-b151-45dd-8e7f-88e56a303202,RR
01a02d94-a875-7ebd-baf2-0ab9a8e8062b,69313125,rua,Rua Tantalita,Jóquei Clube,52d99a8c-b151-45dd-8e7f-88e56a303202,RR
01a02d94-c420-7cd4-bb6f-b6c55af24ff0,69318183,rua,Rua Taperoá,Laura Moreira,52d99a8c-b151-45dd-8e7f-88e56a303202,RR
01a02d94-b81e-7309-9e4e-4c566df7ba08,69316750,rua,Rua Tarcilo Ayres,Pintolândia,52d99a8c-b151-45dd-8e7f-88e56a303202,RR
01a02d94-b81b-77fd-8859-473e6ebf93ee,69316560,rua,Rua Tarcilo Ayres,Senador Hélio Campos,52d99a8c-b151-45dd-8e7f-88e56a303202,RR
01a02d94-bc36-714c-bde2-1bc6c5cdff59,69317440,rua,Rua Taurus,Cidade Satélite,52d99a8c-b151-45dd-8e7f-88e56a303202,RR
01a02d94-c420-7cd4-bb66-89ddf5bb9d1a,69318087,rua,Rua Teixeira,Laura Moreira,52d99a8c-b151-45dd-8e7f-88e56a303202,RR
01a02d94-947a-73c3-9163-a4c47ccaa5ff,69303272,rua,Rua Teixeira Guerra,São Vicente,52d99a8c-b151-45dd-8e7f-88e56a303202,RR
01a02d94-be25-7fc3-9e97-852f1f780024,69317560,rua,Rua Telegrafista Rocha,Cidade Satélite,52d99a8c-b151-45dd-8e7f-88e56a303202,RR
01a02d94-ba1f-72f2-91e7-a262dfba82fe,69317304,rua,Rua Telma Cavalcante,Equatorial,52d99a8c-b151-45dd-8e7f-88e56a303202,RR
01a02d94-ba1c-7f2f-87be-c916a7b4bf28,69317046,rua,Rua Telma Cavalcante,Santa Luzia,52d99a8c-b151-45dd-8e7f-88e56a303202,RR
01a02d94-a679-7041-a92a-88cbde6cef8a,69312322,rua,Rua Temístocles Henrique Tribueiro,Asa Branca,52d99a8c-b151-45dd-8e7f-88e56a303202,RR
01a02d94-aa74-7943-9a75-119de45bac87,69313415,rua,Rua Tenente Alencar,Cambará,52d99a8c-b151-45dd-8e7f-88e56a303202,RR
01a02d94-c01a-78fa-a6fd-c2678874a35f,69317542,rua,Rua Tenente Azevedo Cruz,Cidade Satélite,52d99a8c-b151-45dd-8e7f-88e56a303202,RR
01a02d94-9e84-740c-a986-5bf0775019d1,69308430,rua,Rua Tenente Batista,Treze de Setembro,52d99a8c-b151-45dd-8e7f-88e56a303202,RR
01a02d94-ac5e-7994-ad41-6af6602c0e6d,69313715,rua,Rua Tenente Braz Barros da Silva,Jardim Caranã,52d99a8c-b151-45dd-8e7f-88e56a303202,RR
01a02d94-98a3-7fae-93c6-7eb2ff831e05,69306340,rua,Rua Tenente Cícero,Nossa Senhora Aparecida,52d99a8c-b151-45dd-8e7f-88e56a303202,RR
01a02d94-9a95-7cd2-90b2-6b3e0cd01b55,69306520,rua,Rua Tenente Francisco,Canarinho,52d99a8c-b151-45dd-8e7f-88e56a303202,RR
01a02d94-9e85-7f58-867e-00824ebe4efb,69309109,rua,Rua Tenente Guimarães,Liberdade,52d99a8c-b151-45dd-8e7f-88e56a303202,RR
01a02d94-be25-7fc3-9e99-316118e8ac4b,69317562,rua,Rua Tenente Matos,Cidade Satélite,52d99a8c-b151-45dd-8e7f-88e56a303202,RR
01a02d94-9c86-776f-85a6-3666e3bcf267,69307762,rua,Rua Tenente Raimundo Alexandre Silva,Caçari,52d99a8c-b151-45dd-8e7f-88e56a303202,RR
01a02d94-be28-727b-9ac0-d392af9f6f5e,69318736,rua,Rua Tepequem,Dr. Airton Rocha,52d99a8c-b151-45dd-8e7f-88e56a303202,RR
01a02d94-9e84-740c-a987-98110127ba3d,69308440,rua,Rua Tepequem,Treze de Setembro,52d99a8c-b151-45dd-8e7f-88e56a303202,RR
01a02d94-b622-743d-a232-b7c1d64e3335,69316236,rua,Rua Teresina,Nova Cidade,52d99a8c-b151-45dd-8e7f-88e56a303202,RR
01a02d94-ba1d-77e1-9346-293b40f14156,69317143,rua,Rua Tertuliano Cardoso Ramos,Santa Luzia,52d99a8c-b151-45dd-8e7f-88e56a303202,RR
01a02d94-ba1b-752b-b185-4dc35835c106,69316770,rua,Rua Tertuliano Cardoso Ramos,Pintolândia,52d99a8c-b151-45dd-8e7f-88e56a303202,RR
01a02d94-b81b-77fd-885f-41465aee6ace,69316574,rua,Rua Tertuliano Cardoso Ramos,Senador Hélio Campos,52d99a8c-b151-45dd-8e7f-88e56a303202,RR
01a02d94-a47d-7f13-a465-b9c1c23e7f96,69312198,rua,Rua Tete Magalhães,Caimbé,52d99a8c-b151-45dd-8e7f-88e56a303202,RR
01a02d94-b81a-76ad-8eb6-1c7f7540222f,69316526,rua,Rua Thereza Magalhães Brasil,Senador Hélio Campos,52d99a8c-b151-45dd-8e7f-88e56a303202,RR
01a02d94-c01a-705e-a6ef-858ff80f966b,69313452,rua,Rua Thomas Brendan Vieira Basílio,Cambará,52d99a8c-b151-45dd-8e7f-88e56a303202,RR
01a02d94-a47d-7f13-a468-59087b4970e5,69312202,rua,Rua Tia Joaca,Caimbé,52d99a8c-b151-45dd-8e7f-88e56a303202,RR
01a02d94-a47d-7f13-a460-46b6a35ac500,69312187,rua,Rua Tia Joaca,Caimbé,52d99a8c-b151-45dd-8e7f-88e56a303202,RR
01a02d94-a67c-7de1-beda-a3a1e1c98122,69312523,rua,Rua Tia Sabá,Centenário,52d99a8c-b151-45dd-8e7f-88e56a303202,RR
01a02d94-bc37-72af-af68-1697c683c726,69317548,rua,Rua Tiam Fook,Cidade Satélite,52d99a8c-b151-45dd-8e7f-88e56a303202,RR
01a02d94-c221-7f89-86a7-ce380e1d5810,69307795,rua,Rua Tide Silva,Caçari,52d99a8c-b151-45dd-8e7f-88e56a303202,RR
01a02d94-ae3c-70d0-a4ff-9543da75a333,69314078,rua,Rua Tilápia,Santa Tereza,52d99a8c-b151-45dd-8e7f-88e56a303202,RR
01a02d94-a28f-762f-93b6-5b6b943ec7db,69310717,rua,Rua Timbaúba dos Batistas,Said Salomão,52d99a8c-b151-45dd-8e7f-88e56a303202,RR
01a02d94-96a0-7e34-956f-13f1bdea2438,69304380,rua,Rua Tinoco Valente,Mecejana,52d99a8c-b151-45dd-8e7f-88e56a303202,RR
01a02d94-c01a-705e-a6da-3dc3ebc72960,69305060,rua,Rua Tiradentes,São Francisco,52d99a8c-b151-45dd-8e7f-88e56a303202,RR
01a02d94-a875-7653-bae9-b5e9fc85ac77,69313095,rua,Rua Topázio,Jóquei Clube,52d99a8c-b151-45dd-8e7f-88e56a303202,RR
01a02d94-a09a-7762-8329-3a5496b3945f,69310050,rua,Rua Tota Teréncio,Aeroporto,52d99a8c-b151-45dd-8e7f-88e56a303202,RR
01a02d94-a291-7930-8b27-379f0db752ac,69312008,rua,Rua Tota Terêncio,Jardim Floresta,52d99a8c-b151-45dd-8e7f-88e56a303202,RR
01a02d94-9a97-76a7-b986-aa2551be80da,69307190,rua,Rua Totinho Mota,Paraviana,52d99a8c-b151-45dd-8e7f-88e56a303202,RR
01a02d94-ae3c-70d0-a506-a1375db352db,69314096,rua,Rua Traíra,Santa Tereza,52d99a8c-b151-45dd-8e7f-88e56a303202,RR
01a02d94-b23a-759d-8a7b-e30595c3ff84,69314685,rua,Rua Tropical,Jardim Tropical,52d99a8c-b151-45dd-8e7f-88e56a303202,RR
01a02d94-b42c-7b11-9967-4183e71b72ff,69316068,rua,Rua Três Maria,Raiar do Sol,52d99a8c-b151-45dd-8e7f-88e56a303202,RR
01a02d94-b42d-74d5-8be4-3be7c5c43583,69316158,rua,Rua Três Marias,Bela Vista,52d99a8c-b151-45dd-8e7f-88e56a303202,RR
01a02d94-9c83-7bf9-8715-ebc626a67394,69307520,rua,Rua Tucumãnzeiro,Caçari,52d99a8c-b151-45dd-8e7f-88e56a303202,RR
01a02d94-ae3c-70d0-a505-8bc4d776b3b2,69314094,rua,Rua Tucunaré,Santa Tereza,52d99a8c-b151-45dd-8e7f-88e56a303202,RR
01a02d94-c225-7401-bce2-9cea893d7d1c,69312507,rua,Rua Turin,Centenário,52d99a8c-b151-45dd-8e7f-88e56a303202,RR
01a02d94-a875-7653-bae4-ff399562f2a3,69313078,rua,Rua Turmalina,Jóquei Clube,52d99a8c-b151-45dd-8e7f-88e56a303202,RR
01a02d94-a875-7ebd-baeb-93f19ee48306,69313102,rua,Rua Turquesas,Jóquei Clube,52d99a8c-b151-45dd-8e7f-88e56a303202,RR
01a02d94-a290-7754-9f33-117e1b4f11c6,69311041,rua,Rua U,Cauamé,52d99a8c-b151-45dd-8e7f-88e56a303202,RR
01a02d94-9e84-740c-a980-966b4b8551b0,69308375,rua,Rua Uaicá,Treze de Setembro,52d99a8c-b151-45dd-8e7f-88e56a303202,RR
01a02d94-9a95-741e-90a5-634f5784f7f7,69306410,rua,Rua Uaicá,Nossa Senhora Aparecida,52d99a8c-b151-45dd-8e7f-88e56a303202,RR
01a02d94-9e84-7c8e-a988-e3d5c029debd,69308450,rua,Rua Uailã,Treze de Setembro,52d99a8c-b151-45dd-8e7f-88e56a303202,RR
01a02d94-98a3-7706-93bf-9014182ec6ae,69306280,rua,Rua Uapixana,Nossa Senhora Aparecida,52d99a8c-b151-45dd-8e7f-88e56a303202,RR
01a02d94-9e84-7c8e-a989-5cd79150fb41,69308460,rua,Rua Uassari,Treze de Setembro,52d99a8c-b151-45dd-8e7f-88e56a303202,RR
01a02d94-a67b-7c62-9f0a-526659dc3f15,69312453,rua,Rua Udine Benedetti,Cinturão Verde,52d99a8c-b151-45dd-8e7f-88e56a303202,RR
01a02d94-9e84-7c8e-a98a-e52c9721adcc,69308470,rua,Rua Uiramutã,Treze de Setembro,52d99a8c-b151-45dd-8e7f-88e56a303202,RR
01a02d94-96a1-76e6-b81c-2944cf7e1c65,69304452,rua,Rua Uirapuru,Mecejana,52d99a8c-b151-45dd-8e7f-88e56a303202,RR
01a02d94-b42b-78b9-a447-1fbddcfe3fa9,69315688,rua,Rua Uirapurú,São Bento,52d99a8c-b151-45dd-8e7f-88e56a303202,RR
01a02d94-9c83-7343-8711-979b60a9f85b,69307480,rua,Rua Uitizeiro,Caçari,52d99a8c-b151-45dd-8e7f-88e56a303202,RR
01a02d94-be26-788d-9bf6-28f93a6625c7,69317801,rua,Rua Ulbra,Cidade Satélite,52d99a8c-b151-45dd-8e7f-88e56a303202,RR
01a02d94-be27-714d-be27-f4fef82a636e,69317827,rua,Rua Unfes,Cidade Satélite,52d99a8c-b151-45dd-8e7f-88e56a303202,RR
01a02d94-be26-788d-9beb-3a54331d1e4e,69317568,rua,Rua Unicórnio,Cidade Satélite,52d99a8c-b151-45dd-8e7f-88e56a303202,RR
01a02d94-a67d-7695-8e1a-3f04a4d02dce,69312560,rua,Rua Universal,Centenário,52d99a8c-b151-45dd-8e7f-88e56a303202,RR
01a02d94-be27-714d-be29-e8cc685fa44f,69317831,rua,Rua Universidade Estacio de Sá,Cidade Satélite,52d99a8c-b151-45dd-8e7f-88e56a303202,RR
01a02d94-be27-714d-be20-a6347aa5ab7c,69317805,rua,Rua Universidade Estadual de Roraima,Cidade Satélite,52d99a8c-b151-45dd-8e7f-88e56a303202,RR
01a02d94-be27-714d-be23-e77828be8136,69317810,rua,Rua Universidade Federal de Roraima,Cidade Satélite,52d99a8c-b151-45dd-8e7f-88e56a303202,RR
01a02d94-be27-714d-be2a-d792482cfc57,69317833,rua,Rua Universidade Paulista,Cidade Satélite,52d99a8c-b151-45dd-8e7f-88e56a303202,RR
01a02d94-be27-714d-be26-e14fdb30a852,69317825,rua,Rua Universidade São Paulo,Cidade Satélite,52d99a8c-b151-45dd-8e7f-88e56a303202,RR
01a02d94-b42c-7161-995b-1a594ee0d3fe,69316049,rua,Rua Universo,Raiar do Sol,52d99a8c-b151-45dd-8e7f-88e56a303202,RR
01a02d94-b42b-78b9-a44c-f5e9f5ac4b95,69316006,rua,Rua Universo,Raiar do Sol,52d99a8c-b151-45dd-8e7f-88e56a303202,RR
01a02d94-be26-788d-9bec-50f9af30b006,69317570,rua,Rua Urano,Cidade Satélite,52d99a8c-b151-45dd-8e7f-88e56a303202,RR
01a02d94-947b-7536-909c-325511906d32,69303453,rua,Rua Uraricuera,São Vicente,52d99a8c-b151-45dd-8e7f-88e56a303202,RR
01a02d94-be26-788d-9bed-830920e8e74a,69317572,rua,Rua Ursa Maior,Cidade Satélite,52d99a8c-b151-45dd-8e7f-88e56a303202,RR
01a02d94-ae3d-7238-b6bf-0caefa57e3e9,69314254,rua,Rua Ursa Maior,Jardim Primavera,52d99a8c-b151-45dd-8e7f-88e56a303202,RR
01a02d94-c420-7cd4-bb56-d3fca94a9d44,69317571,rua,Rua Ursa Menor,Cidade Satélite,52d99a8c-b151-45dd-8e7f-88e56a303202,RR
01a02d94-a874-7dad-93ec-fe7113df2f90,69313062,rua,Rua Uruguai,Jóquei Clube,52d99a8c-b151-45dd-8e7f-88e56a303202,RR
01a02d94-a290-7fbc-9f50-207b4d3de135,69311134,rua,Rua Uruguai,Cauamé,52d99a8c-b151-45dd-8e7f-88e56a303202,RR
01a02d94-a873-7302-aab1-48ddd056b788,69312623,rua,Rua VI,Centenário,52d99a8c-b151-45dd-8e7f-88e56a303202,RR
01a02d94-aa73-7826-b9fe-86c60d0dd07e,69313345,rua,Rua VIII,Cambará,52d99a8c-b151-45dd-8e7f-88e56a303202,RR
01a02d94-a873-7302-aab4-680b3d5ba6fa,69312626,rua,Rua VIII,Centenário,52d99a8c-b151-45dd-8e7f-88e56a303202,RR
01a02d94-a875-7653-bae0-09c660883478,69313065,rua,Rua Vai e Volta,Jóquei Clube,52d99a8c-b151-45dd-8e7f-88e56a303202,RR
01a02d94-a28f-762f-93aa-f8a7736568ee,69310108,rua,Rua Valdemar Bastos de Oliveira,Aeroporto,52d99a8c-b151-45dd-8e7f-88e56a303202,RR
01a02d94-c63b-7cfa-a8fb-9d597e677d96,69318298,rua,Rua Vale do Caranã,Murilo Teixeira Cidade,52d99a8c-b151-45dd-8e7f-88e56a303202,RR
01a02d94-c224-7278-87c6-64359d76a612,69311266,rua,Rua Valmir Sabino de Oliveira,Residencial Monte Cristo,52d99a8c-b151-45dd-8e7f-88e56a303202,RR
01a02d94-a67c-7de1-bedd-9942ec760a83,69312528,rua,Rua Valmir Sabino de Oliveira,Centenário,52d99a8c-b151-45dd-8e7f-88e56a303202,RR
01a02d94-96a5-7546-add8-952a1b5a9142,69305150,rua,Rua Valério Magalhães,São Francisco,52d99a8c-b151-45dd-8e7f-88e56a303202,RR
01a02d94-9288-722e-96a5-88d8b54f3e4d,69301365,rua,Rua Valério Magalhães,Centro,52d99a8c-b151-45dd-8e7f-88e56a303202,RR
01a02d94-947c-76ab-ad93-75381d77f130,69304060,rua,Rua Vasco da Gama,Mecejana,52d99a8c-b151-45dd-8e7f-88e56a303202,RR
01a02d94-be26-788d-9bee-ef9e50a31185,69317574,rua,Rua Vega,Cidade Satélite,52d99a8c-b151-45dd-8e7f-88e56a303202,RR
01a02d94-a47d-7f13-a469-1b969ad09cee,69312205,rua,Rua Velho Dandãe,Caimbé,52d99a8c-b151-45dd-8e7f-88e56a303202,RR
01a02d94-b81e-7309-9e4b-557f42a6305b,69316742,rua,Rua Vereador Manoel Joaquim Martins,Pintolândia,52d99a8c-b151-45dd-8e7f-88e56a303202,RR
01a02d94-b81a-7f6d-8ec2-9e815533aafd,69316554,rua,Rua Vereador Manoel Joaquim Martins,Senador Hélio Campos,52d99a8c-b151-45dd-8e7f-88e56a303202,RR
01a02d94-b038-71f1-934e-e6f473f22b09,69314563,rua,Rua Vereador Manoel Joaquim Martins,Doutor Sílvio Botelho,52d99a8c-b151-45dd-8e7f-88e56a303202,RR
01a02d94-ba1b-752b-b181-94c0096c1054,69316760,rua,Rua Vereador Waldemar Gomes,Pintolândia,52d99a8c-b151-45dd-8e7f-88e56a303202,RR
01a02d94-b81a-7f6d-8ec1-92613057fa75,69316552,rua,Rua Vereador Waldemar Gomes,Senador Hélio Campos,52d99a8c-b151-45dd-8e7f-88e56a303202,RR
01a02d94-b038-71f1-934d-25106cd044c1,69314560,rua,Rua Vereador Waldemar Gomes,Doutor Sílvio Botelho,52d99a8c-b151-45dd-8e7f-88e56a303202,RR
01a02d94-a67b-73a0-9eff-b9abad9215dc,69312401,rua,Rua Veríssimo Gonçalves Oliveira,Cinturão Verde,52d99a8c-b151-45dd-8e7f-88e56a303202,RR
01a02d94-a679-7041-a92b-57795e5203a1,69312325,rua,Rua Vicente Correia Lira,Asa Branca,52d99a8c-b151-45dd-8e7f-88e56a303202,RR
01a02d94-ac5f-722b-899f-db4592d2ac04,69313762,rua,Rua Vicente Eluan,União,52d99a8c-b151-45dd-8e7f-88e56a303202,RR
01a02d94-aa75-7a16-8ed6-1692004ebb7e,69313472,rua,Rua Vicente Figueira de Melo,Cambará,52d99a8c-b151-45dd-8e7f-88e56a303202,RR
01a02d94-b622-743d-a22d-fa633be9e2fd,69316224,rua,Rua Vicente Mouta Rodrigues,Nova Cidade,52d99a8c-b151-45dd-8e7f-88e56a303202,RR
01a02d94-b034-7e20-951f-6346565a80c8,69314332,rua,Rua Vicente Tavares de Melo,Doutor Sílvio Leite,52d99a8c-b151-45dd-8e7f-88e56a303202,RR
01a02d94-98a3-7fae-93c8-016a24a065d2,69306351,rua,Rua Victor Hugo,Nossa Senhora Aparecida,52d99a8c-b151-45dd-8e7f-88e56a303202,RR
01a02d94-9a95-7cd2-90ad-ca86687425cf,69306485,rua,Rua Victor Hugo,Canarinho,52d99a8c-b151-45dd-8e7f-88e56a303202,RR
01a02d94-98a3-7fae-93d9-c15acb900049,69306393,rua,Rua Victor Hugo,Nossa Senhora Aparecida,52d99a8c-b151-45dd-8e7f-88e56a303202,RR
01a02d94-9287-79b2-92c5-8e937160f2a9,69301170,rua,Rua Victor Maia,Centro,52d99a8c-b151-45dd-8e7f-88e56a303202,RR
01a02d94-98a2-757a-ad75-cecfcee8f0a9,69305230,rua,Rua Victor Mota,São Francisco,52d99a8c-b151-45dd-8e7f-88e56a303202,RR
01a02d94-9287-79b2-92cd-638c22ed8811,69301230,rua,Rua Vidal de Negreiros,Centro,52d99a8c-b151-45dd-8e7f-88e56a303202,RR
01a02d94-be27-714d-be34-3fbfcf29dfcc,69318040,rua,Rua Vigilante Alan dos Santos Oliveira,Laura Moreira,52d99a8c-b151-45dd-8e7f-88e56a303202,RR
01a02d94-947c-76ab-ad97-87d96dcd29c6,69304100,rua,Rua Vila Gran Caprita,Mecejana,52d99a8c-b151-45dd-8e7f-88e56a303202,RR
01a02d94-c224-7b45-87cd-f552273051c4,69311294,rua,Rua Village,Residencial Village,52d99a8c-b151-45dd-8e7f-88e56a303202,RR
01a02d94-ac5f-722b-89a3-384077e04b5b,69313772,rua,Rua Vitor Ribeiro dos Santos,União,52d99a8c-b151-45dd-8e7f-88e56a303202,RR
01a02d94-98a2-757a-ad81-6e3c154f3a00,69305300,rua,Rua Vitorino Pinto,Trinta e Um de Março,52d99a8c-b151-45dd-8e7f-88e56a303202,RR
01a02d94-b621-7ba5-bd77-a1752eb79ef7,69316216,rua,Rua Vitória,Nova Cidade,52d99a8c-b151-45dd-8e7f-88e56a303202,RR
01a02d94-a47d-7f13-a46a-8bc015ff99df,69312208,rua,Rua Vovó Júlia,Caimbé,52d99a8c-b151-45dd-8e7f-88e56a303202,RR
01a02d94-bc36-714c-bdec-307b99b1b4f9,69317460,rua,Rua Vênus,Cidade Satélite,52d99a8c-b151-45dd-8e7f-88e56a303202,RR
01a02d94-b42c-7161-9955-c5843355488d,69316036,rua,Rua Vênus,Raiar do Sol,52d99a8c-b151-45dd-8e7f-88e56a303202,RR
01a02d94-ae3d-7238-b6c0-74b7a16a79bb,69314256,rua,Rua W-500,Jardim Primavera,52d99a8c-b151-45dd-8e7f-88e56a303202,RR
01a02d94-ae3c-7990-a521-31ce282dd84c,69314172,rua,Rua W-500,Santa Tereza,52d99a8c-b151-45dd-8e7f-88e56a303202,RR
01a02d94-98a3-7fae-93d1-284a6dcac4fb,69306375,rua,Rua Wai-Wai,Nossa Senhora Aparecida,52d99a8c-b151-45dd-8e7f-88e56a303202,RR
01a02d94-ac5f-722b-89a5-16291208ae3f,69313778,rua,Rua Waldemar Coêlho de Aguiar,União,52d99a8c-b151-45dd-8e7f-88e56a303202,RR
01a02d94-ac5e-70fb-ad35-c0099f3115f6,69313685,rua,Rua Waldemar Coêlho de Aguiar,Jardim Caranã,52d99a8c-b151-45dd-8e7f-88e56a303202,RR
01a02d94-9c84-7d7a-9438-1b45d3da53df,69307665,rua,Rua Waldner Jorge Ferreira da Silva,Caçari,52d99a8c-b151-45dd-8e7f-88e56a303202,RR
01a02d94-ac5e-7994-ad40-2c60a6278051,69313712,rua,Rua Walmir Pereira da Rocha,Jardim Caranã,52d99a8c-b151-45dd-8e7f-88e56a303202,RR
01a02d94-ac5d-7865-9403-747b19253fe0,69313620,rua,Rua Walmir Pereira da Rocha,Caranã,52d99a8c-b151-45dd-8e7f-88e56a303202,RR
01a02d94-b034-7e20-951e-b9c72c4a67d6,69314328,rua,Rua Wolter Forte Castelo Branco,Doutor Sílvio Leite,52d99a8c-b151-45dd-8e7f-88e56a303202,RR
01a02d94-c226-759e-a054-801a563b8c83,69313350,rua,Rua X,Cambará,52d99a8c-b151-45dd-8e7f-88e56a303202,RR
01a02d94-a873-7c32-aab6-af0cd7469d17,69312628,rua,Rua X,Centenário,52d99a8c-b151-45dd-8e7f-88e56a303202,RR
01a02d94-a290-7fbc-9f3c-06ca8a2a42ac,69311064,rua,Rua X,Cauamé,52d99a8c-b151-45dd-8e7f-88e56a303202,RR
01a02d94-a67c-7de1-bee2-ea6fafd572ca,69312534,rua,Rua XIV,Centenário,52d99a8c-b151-45dd-8e7f-88e56a303202,RR
01a02d94-aa74-7090-9a70-ead0858fc823,69313395,rua,Rua XIV-A,Cambará,52d99a8c-b151-45dd-8e7f-88e56a303202,RR
01a02d94-aa74-7090-9a6b-b631877a5601,69313378,rua,Rua XVIII,Cambará,52d99a8c-b151-45dd-8e7f-88e56a303202,RR
01a02d94-a876-7773-ae1c-0350068414d5,69313138,rua,Rua XXVI,Jóquei Clube,52d99a8c-b151-45dd-8e7f-88e56a303202,RR
01a02d94-947c-7f67-ada0-cf4bdd258eb0,69304190,rua,Rua Xandico Lima,Mecejana,52d99a8c-b151-45dd-8e7f-88e56a303202,RR
01a02d94-96a0-755e-9569-52ee0bd56c9e,69304330,rua,Rua Xavier de Andrade,Mecejana,52d99a8c-b151-45dd-8e7f-88e56a303202,RR
01a02d94-96a3-7158-8c50-709afa44c6f7,69304550,rua,Rua Xavier de Sampaio,Mecejana,52d99a8c-b151-45dd-8e7f-88e56a303202,RR
01a02d94-98a3-7fae-93c4-16f588735111,69306320,rua,Rua Xiriana,Nossa Senhora Aparecida,52d99a8c-b151-45dd-8e7f-88e56a303202,RR
01a02d94-a47c-72e6-8390-3ba94ad8efda,69312105,rua,Rua Yeyê Coelho,Jardim Floresta,52d99a8c-b151-45dd-8e7f-88e56a303202,RR
01a02d94-a28f-762f-93ae-82cff016a62a,69310118,rua,Rua Yeyê Coelho,Aeroporto,52d99a8c-b151-45dd-8e7f-88e56a303202,RR
01a02d94-ba1e-7a43-a0e3-08cace724630,69317284,rua,Rua Z-3,Alvorada,52d99a8c-b151-45dd-8e7f-88e56a303202,RR
01a02d94-ae3d-7b0a-b6cb-8a83a13099e8,69314306,rua,Rua Z-3,Doutor Sílvio Leite,52d99a8c-b151-45dd-8e7f-88e56a303202,RR
01a02d94-b42c-7161-9956-b69a1629ebae,69316038,rua,Rua Z-Y,Raiar do Sol,52d99a8c-b151-45dd-8e7f-88e56a303202,RR
01a02d94-9a97-76a7-b998-6e4d0e47f064,69307280,rua,Rua Zacaria Mendes Ribeiro,Paraviana,52d99a8c-b151-45dd-8e7f-88e56a303202,RR
01a02d94-a875-7ebd-baf3-6883dd6e58c7,69313128,rua,Rua Zircône,Jóquei Clube,52d99a8c-b151-45dd-8e7f-88e56a303202,RR
01a02d94-ac5f-722b-89a9-bf90c3dc52e2,69313788,rua,Rua Zuldimar Saraiva de Pinho,União,52d99a8c-b151-45dd-8e7f-88e56a303202,RR
01a02d94-ac5e-7994-ad37-079942a082fd,69313692,rua,Rua Zuldimar Saraiva de Pinho,Jardim Caranã,52d99a8c-b151-45dd-8e7f-88e56a303202,RR
01a02d94-a290-7754-9f3a-432305496ac1,69311061,rua,Rua Zuldimar Saraiva de Pinho,Cauamé,52d99a8c-b151-45dd-8e7f-88e56a303202,RR
01a02d94-9c85-761f-918d-89a2064953e5,69307717,rua,Rua da Bacabeira,Caçari,52d99a8c-b151-45dd-8e7f-88e56a303202,RR
01a02d94-be27-714d-be33-3e68302a9592,69318035,rua,Rua da Ciência,Laura Moreira,52d99a8c-b151-45dd-8e7f-88e56a303202,RR
01a02d94-c019-7719-9d1e-ee7f5eb8bd9b,69380970,rua,Rua da Damásio Vicente Silva 21,Centro,7e918025-ad55-43cc-b099-f2598e9042a2,RR
01a02d94-c01b-7930-8230-b1c160f59ef3,69306345,rua,Rua da Gravioleira,Nossa Senhora Aparecida,52d99a8c-b151-45dd-8e7f-88e56a303202,RR
01a02d94-9c86-776f-85aa-c3833af8ce91,69307772,rua,Rua da Gravioleira,Caçari,52d99a8c-b151-45dd-8e7f-88e56a303202,RR
01a02d94-9c82-7a7b-bd1d-2199948945ec,69307330,rua,Rua da Gravioleira,Paraviana,52d99a8c-b151-45dd-8e7f-88e56a303202,RR
01a02d94-9c83-7343-870c-958b2a975e56,69307430,rua,Rua da Ingazeira,Caçari,52d99a8c-b151-45dd-8e7f-88e56a303202,RR
01a02d94-9c83-7343-870a-20fca6f55758,69307410,rua,Rua da Jaqueira,Caçari,52d99a8c-b151-45dd-8e7f-88e56a303202,RR
01a02d94-a67b-73a0-9efe-11adab8e2c26,69315672,rua,Rua da Lagoa,São Bento,52d99a8c-b151-45dd-8e7f-88e56a303202,RR
01a02d94-9c83-7bf9-8719-fa39735f8261,69307560,rua,Rua da Laranjeira,Caçari,52d99a8c-b151-45dd-8e7f-88e56a303202,RR
01a02d94-9c83-7bf9-871b-61ec62a45eb3,69307580,rua,Rua da Limeira,Caçari,52d99a8c-b151-45dd-8e7f-88e56a303202,RR
01a02d94-bc36-714c-bdea-29aade4184c3,69317456,rua,Rua da Lua,Cidade Satélite,52d99a8c-b151-45dd-8e7f-88e56a303202,RR
01a02d94-9c83-7bf9-871a-b00ae5cbd7a5,69307570,rua,Rua da Mangueira,Caçari,52d99a8c-b151-45dd-8e7f-88e56a303202,RR
01a02d94-96a1-7fc7-b824-a1fe50342e39,69304468,rua,Rua da Patativa,Mecejana,52d99a8c-b151-45dd-8e7f-88e56a303202,RR
01a02d94-96a1-76e6-b820-201ec15958c1,69304462,rua,Rua da Perdiz,Mecejana,52d99a8c-b151-45dd-8e7f-88e56a303202,RR
01a02d94-ae3c-70d0-a507-6c39899d1785,69314098,rua,Rua da Piscicultura,Santa Tereza,52d99a8c-b151-45dd-8e7f-88e56a303202,RR
01a02d94-ae3b-780f-87e0-8e6a41c078ec,69314002,rua,Rua da Piscicultura,Piscicultura,52d99a8c-b151-45dd-8e7f-88e56a303202,RR
01a02d94-9c85-7ec7-919b-bd950206024c,69307755,rua,Rua da Sirigueleira,Caçari,52d99a8c-b151-45dd-8e7f-88e56a303202,RR
01a02d94-9c83-7bf9-8717-4231ccd3919e,69307540,rua,Rua da Tamarineira,Caçari,52d99a8c-b151-45dd-8e7f-88e56a303202,RR
01a02d94-9c83-7bf9-8718-d62353269388,69307550,rua,Rua da Tangerineira,Caçari,52d99a8c-b151-45dd-8e7f-88e56a303202,RR
01a02d94-be27-714d-be35-d7a54f614cca,69318045,rua,Rua da Tecnológia,Laura Moreira,52d99a8c-b151-45dd-8e7f-88e56a303202,RR
01a02d94-ae3c-7990-a525-4475f31fb9c5,69314186,rua,Rua das Acácias,Jardim Primavera,52d99a8c-b151-45dd-8e7f-88e56a303202,RR
01a02d94-a098-7582-95be-3d02601d8507,69309370,rua,Rua das Acácias,Pricumã,52d99a8c-b151-45dd-8e7f-88e56a303202,RR
01a02d94-c222-783c-8562-c52393c819eb,69307804,rua,Rua das Andorinhas,Caçari,52d99a8c-b151-45dd-8e7f-88e56a303202,RR
01a02d94-96a1-7fc7-b821-3ed8a82ea9af,69304464,rua,Rua das Araras,Mecejana,52d99a8c-b151-45dd-8e7f-88e56a303202,RR
01a02d94-a098-7e22-95c4-5aaf95ca689e,69309390,rua,Rua das Bacabas,Pricumã,52d99a8c-b151-45dd-8e7f-88e56a303202,RR
01a02d94-a098-7e22-95c9-90bec518e33a,69309400,rua,Rua das Bromélias,Pricumã,52d99a8c-b151-45dd-8e7f-88e56a303202,RR
01a02d94-a099-7664-8f85-0f681f97d71b,69309470,rua,Rua das Campainhas,Pricumã,52d99a8c-b151-45dd-8e7f-88e56a303202,RR
01a02d94-a098-7e22-95ce-e188c0461a82,69309410,rua,Rua das Camélias,Pricumã,52d99a8c-b151-45dd-8e7f-88e56a303202,RR
01a02d94-ae3d-7238-b6b6-ddb51bf18133,69314232,rua,Rua das Cutias,Jardim Primavera,52d99a8c-b151-45dd-8e7f-88e56a303202,RR
01a02d94-a099-7664-8f82-6b2da851050c,69309440,rua,Rua das Damas da Noite,Pricumã,52d99a8c-b151-45dd-8e7f-88e56a303202,RR
01a02d94-a099-7664-8f81-5cf75fb9c306,69309430,rua,Rua das Dálias,Pricumã,52d99a8c-b151-45dd-8e7f-88e56a303202,RR
01a02d94-b42b-78b9-a44d-8089569d0333,69316008,rua,Rua das Estrelas,Raiar do Sol,52d99a8c-b151-45dd-8e7f-88e56a303202,RR
01a02d94-a099-7eb6-8fa2-b3fcd2c2c077,69309700,rua,Rua das Extremosas,Pricumã,52d99a8c-b151-45dd-8e7f-88e56a303202,RR
01a02d94-a098-7e22-95d0-93fd4904495c,69309412,rua,Rua das Flores de Cera,Pricumã,52d99a8c-b151-45dd-8e7f-88e56a303202,RR
01a02d94-c222-783c-8560-8fc39d67dd6c,69307802,rua,Rua das Gaivotas,Caçari,52d99a8c-b151-45dd-8e7f-88e56a303202,RR
01a02d94-b037-7933-9a7e-fbfd40cb9d92,69314523,rua,Rua das Hortas,Doutor Sílvio Botelho,52d99a8c-b151-45dd-8e7f-88e56a303202,RR
01a02d94-ae3d-7238-b6ae-f1d289558e7b,69314208,rua,Rua das Hortências,Jardim Primavera,52d99a8c-b151-45dd-8e7f-88e56a303202,RR
01a02d94-ae3c-7990-a51b-959eb3f6c42f,69314155,rua,Rua das Hortências,Santa Tereza,52d99a8c-b151-45dd-8e7f-88e56a303202,RR
01a02d94-a099-7664-8f87-24f6f156dba3,69309500,rua,Rua das Hortências,Pricumã,52d99a8c-b151-45dd-8e7f-88e56a303202,RR
01a02d94-a098-7e22-95c8-ce6ca0e9c340,69309399,rua,Rua das Iris,Pricumã,52d99a8c-b151-45dd-8e7f-88e56a303202,RR
01a02d94-ae3c-7990-a528-74bdf8daa41b,69314194,rua,Rua das Margaridas,Jardim Primavera,52d99a8c-b151-45dd-8e7f-88e56a303202,RR
01a02d94-a099-7664-8f8e-1bb6acc40731,69309550,rua,Rua das Margaridas,Pricumã,52d99a8c-b151-45dd-8e7f-88e56a303202,RR
01a02d94-a099-7664-8f8f-855ce0887414,69309560,rua,Rua das Mil Flores,Pricumã,52d99a8c-b151-45dd-8e7f-88e56a303202,RR
01a02d94-a098-7e22-95d2-87e716c47641,69309414,rua,Rua das Mozendras,Pricumã,52d99a8c-b151-45dd-8e7f-88e56a303202,RR
01a02d94-ae3c-7990-a526-3fea83bf29fd,69314188,rua,Rua das Muzendras,Jardim Primavera,52d99a8c-b151-45dd-8e7f-88e56a303202,RR
01a02d94-ae3d-7238-b6ad-dd09d64ba0e6,69314206,rua,Rua das Orquídeas,Jardim Primavera,52d99a8c-b151-45dd-8e7f-88e56a303202,RR
01a02d94-ae3c-7990-a51c-2eb367532d57,69314158,rua,Rua das Orquídeas,Santa Tereza,52d99a8c-b151-45dd-8e7f-88e56a303202,RR
01a02d94-a099-7eb6-8f94-3fe7053a23b5,69309590,rua,Rua das Orquídeas,Pricumã,52d99a8c-b151-45dd-8e7f-88e56a303202,RR
01a02d94-a098-7e22-95d3-b11abc54f677,69309415,rua,Rua das Palmas de Santa Rita,Pricumã,52d99a8c-b151-45dd-8e7f-88e56a303202,RR
01a02d94-a099-7eb6-8f96-763da940c587,69309600,rua,Rua das Palmeiras,Pricumã,52d99a8c-b151-45dd-8e7f-88e56a303202,RR
01a02d94-c01a-705e-a6e2-ad702da6d739,69309610,rua,Rua das Papoulas,Pricumã,52d99a8c-b151-45dd-8e7f-88e56a303202,RR
01a02d94-c222-783c-8563-678a6447e71b,69307805,rua,Rua das Perdizes,Caçari,52d99a8c-b151-45dd-8e7f-88e56a303202,RR
01a02d94-a099-7eb6-8f97-cf601d62e4f5,69309620,rua,Rua das Petúnias,Pricumã,52d99a8c-b151-45dd-8e7f-88e56a303202,RR
01a02d94-a099-7664-8f83-8cb6d7f0f1cb,69309450,rua,Rua das Quaresmeiras,Pricumã,52d99a8c-b151-45dd-8e7f-88e56a303202,RR
01a02d94-b239-7d0b-874e-f5e6b11d8e07,69314630,rua,Rua das Raízes,Jardim Tropical,52d99a8c-b151-45dd-8e7f-88e56a303202,RR
01a02d94-a099-7eb6-8f98-a54554696640,69309630,rua,Rua das Rosas,Pricumã,52d99a8c-b151-45dd-8e7f-88e56a303202,RR
01a02d94-a099-7eb6-8f9e-55a8bbe9ee99,69309670,rua,Rua das Três Marias,Pricumã,52d99a8c-b151-45dd-8e7f-88e56a303202,RR
01a02d94-a099-7664-8f8d-187feb224b1c,69309530,rua,Rua das Tulipas,Pricumã,52d99a8c-b151-45dd-8e7f-88e56a303202,RR
01a02d94-9c83-7bf9-871c-80a6c6032126,69307582,rua,Rua de Acesso,Caçari,52d99a8c-b151-45dd-8e7f-88e56a303202,RR
01a02d94-9c85-761f-918e-e314febd05d6,69307722,rua,Rua do Araçazeiro,Caçari,52d99a8c-b151-45dd-8e7f-88e56a303202,RR
01a02d94-9c83-7bf9-8716-debee8f8f3ea,69307530,rua,Rua do Açaizeiro,Caçari,52d99a8c-b151-45dd-8e7f-88e56a303202,RR
01a02d94-9c83-7bf9-8712-ccab8f1163cc,69307490,rua,Rua do Buritizeiro,Caçari,52d99a8c-b151-45dd-8e7f-88e56a303202,RR
01a02d94-9c83-7bf9-8714-93e1a4638bb7,69307510,rua,Rua do Cajueiro,Caçari,52d99a8c-b151-45dd-8e7f-88e56a303202,RR
01a02d94-96a1-76e6-b81d-757f8d061e5f,69304455,rua,Rua do Canário,Mecejana,52d99a8c-b151-45dd-8e7f-88e56a303202,RR
01a02d94-b037-7933-9a80-6ed62a33a87f,69314530,rua,Rua do Coentro,Doutor Sílvio Botelho,52d99a8c-b151-45dd-8e7f-88e56a303202,RR
01a02d94-be28-727b-9aba-bc572b31bce9,69318724,rua,Rua do Contorno,Dr. Airton Rocha,52d99a8c-b151-45dd-8e7f-88e56a303202,RR
01a02d94-9c83-7343-870e-c0a3390a9c9c,69307450,rua,Rua do Cupuaçuzeiro,Caçari,52d99a8c-b151-45dd-8e7f-88e56a303202,RR
01a02d94-9c83-7343-870d-93bd8f24afce,69307440,rua,Rua do Genipapeiro,Caçari,52d99a8c-b151-45dd-8e7f-88e56a303202,RR
01a02d94-9c85-761f-918a-3ae537634c64,69307705,rua,Rua do Iate,Caçari,52d99a8c-b151-45dd-8e7f-88e56a303202,RR
01a02d94-9c83-7343-870b-e5585e8532f6,69307420,rua,Rua do Jambeiro,Caçari,52d99a8c-b151-45dd-8e7f-88e56a303202,RR
01a02d94-9c83-7343-8710-67209f174375,69307470,rua,Rua do Muricizeiro,Caçari,52d99a8c-b151-45dd-8e7f-88e56a303202,RR
01a02d94-96a1-76e6-b81b-bd4328f76362,69304451,rua,Rua do Pavão,Mecejana,52d99a8c-b151-45dd-8e7f-88e56a303202,RR
01a02d94-b623-7577-af41-9633b05a368c,69316432,rua,Rua do Rosário,Senador Hélio Campos,52d99a8c-b151-45dd-8e7f-88e56a303202,RR
01a02d94-96a1-7fc7-b826-c1c568d73fa8,69304471,rua,Rua do Sabiá,Mecejana,52d99a8c-b151-45dd-8e7f-88e56a303202,RR
01a02d94-96a1-7fc7-b829-bbe5d0404338,69304477,rua,Rua do Sanhaçu,Mecejana,52d99a8c-b151-45dd-8e7f-88e56a303202,RR
01a02d94-9c85-7ec7-9194-dc3019dfc8c7,69307738,rua,Rua do Taperebazeiro,Caçari,52d99a8c-b151-45dd-8e7f-88e56a303202,RR
01a02d94-b42d-74d5-8bdd-ad613dd1840c,69316134,rua,Rua dos Astros,Bela Vista,52d99a8c-b151-45dd-8e7f-88e56a303202,RR
01a02d94-b42c-7b11-9964-85c521074432,69316062,rua,Rua dos Astros,Raiar do Sol,52d99a8c-b151-45dd-8e7f-88e56a303202,RR
01a02d94-98a3-7fae-93d3-9deac06a6be9,69306380,rua,Rua dos Beneditinos,Nossa Senhora Aparecida,52d99a8c-b151-45dd-8e7f-88e56a303202,RR
01a02d94-9c86-7fdf-85b4-272935d9f08a,69308070,rua,Rua dos Buritis,Treze de Setembro,52d99a8c-b151-45dd-8e7f-88e56a303202,RR
01a02d94-a099-7eb6-8f9d-105f4712bfe4,69309660,rua,Rua dos Crisântemos,Pricumã,52d99a8c-b151-45dd-8e7f-88e56a303202,RR
01a02d94-be27-714d-be36-8a389bc6a772,69318050,rua,Rua dos Estudantes,Laura Moreira,52d99a8c-b151-45dd-8e7f-88e56a303202,RR
01a02d94-a099-7664-8f80-98914fff4106,69309416,rua,Rua dos Gerânios,Pricumã,52d99a8c-b151-45dd-8e7f-88e56a303202,RR
01a02d94-a09b-703f-b0b3-14bad1564872,69310078,rua,Rua dos Guarulhos,Aeroporto,52d99a8c-b151-45dd-8e7f-88e56a303202,RR
01a02d94-a098-7e22-95cf-980eb1471fc0,69309411,rua,Rua dos Hibiscos,Pricumã,52d99a8c-b151-45dd-8e7f-88e56a303202,RR
01a02d94-a098-7e22-95cb-0e364e1760ea,69309405,rua,Rua dos Ipês,Pricumã,52d99a8c-b151-45dd-8e7f-88e56a303202,RR
01a02d94-a098-7e22-95c7-e68ad5e06d4b,69309397,rua,Rua dos Narcisos,Pricumã,52d99a8c-b151-45dd-8e7f-88e56a303202,RR
01a02d94-a099-7eb6-8f99-f99122280cf6,69309640,rua,Rua dos Tajás,Pricumã,52d99a8c-b151-45dd-8e7f-88e56a303202,RR
01a02d94-ae3d-7238-b6b7-ae90eba38035,69314234,rua,Rua dos Tamanduás,Jardim Primavera,52d99a8c-b151-45dd-8e7f-88e56a303202,RR
01a02d94-9e84-740c-a985-f20ceac789f9,69308420,rua,Rua dos Tangarás,Treze de Setembro,52d99a8c-b151-45dd-8e7f-88e56a303202,RR
01a02d94-a099-7eb6-8f9a-aa420545feed,69309650,rua,Rua dos Taxis,Pricumã,52d99a8c-b151-45dd-8e7f-88e56a303202,RR
01a02d94-c01a-78fa-a70d-4eb1e453e65c,69318705,rua,Rua dos Trabalhadores,Dr. Airton Rocha,52d99a8c-b151-45dd-8e7f-88e56a303202,RR
01a02d94-b819-741b-90ad-dcdb6ff25357,69316468,rua,Rua dos Trabalhadores,Senador Hélio Campos,52d99a8c-b151-45dd-8e7f-88e56a303202,RR
01a02d94-b622-7cd2-a254-1fb0c840155e,69316300,rua,Rua dos Trabalhadores,Operário,52d99a8c-b151-45dd-8e7f-88e56a303202,RR
01a02d94-b622-743d-a22f-c2e9b6efd645,69316228,rua,Rua dos Trabalhadores,Nova Cidade,52d99a8c-b151-45dd-8e7f-88e56a303202,RR
01a02d94-c421-7ce9-b1ac-cc94804adc88,69318187,rua,Rua dos Trabalhadores,Laura Moreira,52d99a8c-b151-45dd-8e7f-88e56a303202,RR
01a02d94-a099-7eb6-8f9f-af2de81a09f8,69309680,rua,Rua dos Trevos-de-quatro-folhas,Pricumã,52d99a8c-b151-45dd-8e7f-88e56a303202,RR
01a02d94-a875-7ebd-baed-0c496951aa26,69313108,rua,Rua Ágata,Jóquei Clube,52d99a8c-b151-45dd-8e7f-88e56a303202,RR
01a02d94-c420-7cd4-bb58-4785ee26b2d0,69318018,rua,Rua Água Branca,Laura Moreira,52d99a8c-b151-45dd-8e7f-88e56a303202,RR
01a02d94-a875-7653-bae6-cfeaf22fdc69,69313085,rua,Rua Águas Marinhas,Jóquei Clube,52d99a8c-b151-45dd-8e7f-88e56a303202,RR
01a02d94-b42b-78b9-a445-778f3cc6d84f,69315682,rua,Rua Águia,São Bento,52d99a8c-b151-45dd-8e7f-88e56a303202,RR
01a02d94-ae3d-7238-b6ab-a5ae31d540a0,69314202,rua,Rua Águia,Jardim Primavera,52d99a8c-b151-45dd-8e7f-88e56a303202,RR
01a02d94-98a3-7fae-93c5-da02c9f0c3ab,69306330,rua,Rua Álvaro Maia,Nossa Senhora Aparecida,52d99a8c-b151-45dd-8e7f-88e56a303202,RR
01a02d94-bc36-7a0e-bdfd-9350b73e669d,69317484,rua,Rua Áries,Cidade Satélite,52d99a8c-b151-45dd-8e7f-88e56a303202,RR
01a02d94-9e87-7995-b60e-8188b8dc6cdd,69309201,rua,Rua Áureo Cruz,Buritis,52d99a8c-b151-45dd-8e7f-88e56a303202,RR
01a02d94-9e86-7813-b186-b3206d800dc9,69309176,rua,Rua Áureo Cruz,Buritis,52d99a8c-b151-45dd-8e7f-88e56a303202,RR
01a02d94-a290-7754-9f2a-74ece2ba6fc1,69311014,rua,Rua Áustria,Cauamé,52d99a8c-b151-45dd-8e7f-88e56a303202,RR
01a02d94-c019-7719-9d1f-80711ad67d95,69390970,rua,"Rua Ângelo Conceição, s/n",Bairro Novo,bc413a81-774f-4452-bb00-3460cacc8c11,RR
01a02d94-bc36-7a0e-be12-8d3d004a4af5,69317528,rua,Rua Órion,Cidade Satélite,52d99a8c-b151-45dd-8e7f-88e56a303202,RR
01a02d94-b038-7ab9-9356-44bb25814bbd,69314576,rua,Rua Ônix,Jardim Tropical,52d99a8c-b151-45dd-8e7f-88e56a303202,RR
01a02d94-a875-7653-bae5-435030ceb037,69313082,rua,Rua Ônix,Jóquei Clube,52d99a8c-b151-45dd-8e7f-88e56a303202,RR
01a02d94-c420-7cd4-bb45-eaf2d0789512,69315641,travessa,Travessa 03,São Bento,52d99a8c-b151-45dd-8e7f-88e56a303202,RR
01a02d94-a67d-7695-8e16-454e5dd7a36c,69312545,travessa,Travessa 03,Centenário,52d99a8c-b151-45dd-8e7f-88e56a303202,RR
01a02d94-a67d-7695-8e15-94f609b59df9,69312543,travessa,Travessa 04,Centenário,52d99a8c-b151-45dd-8e7f-88e56a303202,RR
01a02d94-c225-7cc7-bcef-4bfcd59b4b7d,69313013,travessa,Travessa 09,Jóquei Clube,52d99a8c-b151-45dd-8e7f-88e56a303202,RR
01a02d94-9a95-7cd2-90b8-a1d700537fcf,69306560,travessa,Travessa 13 de Maio,Canarinho,52d99a8c-b151-45dd-8e7f-88e56a303202,RR
01a02d94-ac5e-7994-ad3c-535d5af09baf,69313705,travessa,Travessa 19,Jardim Caranã,52d99a8c-b151-45dd-8e7f-88e56a303202,RR
01a02d94-96a0-7e34-9572-bd767af76c7c,69304401,travessa,Travessa A,Mecejana,52d99a8c-b151-45dd-8e7f-88e56a303202,RR
01a02d94-9287-79b2-92c9-14c9d1836601,69301205,travessa,Travessa A,Centro,52d99a8c-b151-45dd-8e7f-88e56a303202,RR
01a02d94-ac5f-722b-89ac-d7117e9e6c34,69313795,travessa,Travessa A,União,52d99a8c-b151-45dd-8e7f-88e56a303202,RR
01a02d94-a291-7930-8b28-b6b739aa2ee0,69312010,travessa,Travessa A,Jardim Floresta,52d99a8c-b151-45dd-8e7f-88e56a303202,RR
01a02d94-9e85-7f58-8681-1ba1176762ef,69309163,travessa,Travessa A,Buritis,52d99a8c-b151-45dd-8e7f-88e56a303202,RR
01a02d94-9a96-756b-9003-18601775fa66,69306635,travessa,Travessa Acácio do Vale,São Pedro,52d99a8c-b151-45dd-8e7f-88e56a303202,RR
01a02d94-a67d-7695-8e19-a0520ece62eb,69312555,travessa,Travessa Adriana Matos da Silva,Centenário,52d99a8c-b151-45dd-8e7f-88e56a303202,RR
01a02d94-98a2-7e4a-ad87-e68f894d8656,69305360,travessa,Travessa Advogado Hesmone Saraiva Granjeiro,Trinta e Um de Março,52d99a8c-b151-45dd-8e7f-88e56a303202,RR
01a02d94-ac5e-70fb-ad2e-5cbb3ada2beb,69313650,travessa,Travessa Advogado Illo Augusto,Caranã,52d99a8c-b151-45dd-8e7f-88e56a303202,RR
01a02d94-9287-713e-92ad-3f3ef123766e,69301065,travessa,Travessa Ajuricaba,Centro,52d99a8c-b151-45dd-8e7f-88e56a303202,RR
01a02d94-96a2-7872-9da0-c1eb6929a4db,69304500,travessa,Travessa Alalau,Mecejana,52d99a8c-b151-45dd-8e7f-88e56a303202,RR
01a02d94-96a3-7ae7-8c56-fe812bbbfe52,69304590,travessa,Travessa Amajari,Mecejana,52d99a8c-b151-45dd-8e7f-88e56a303202,RR
01a02d94-b42a-7fce-a2ea-0de9dc972750,69315616,travessa,Travessa Américo dos Santos,São Bento,52d99a8c-b151-45dd-8e7f-88e56a303202,RR
01a02d94-947c-76ab-ad96-0955cc9ebf04,69304090,travessa,Travessa Anauá,Mecejana,52d99a8c-b151-45dd-8e7f-88e56a303202,RR
01a02d94-98a2-757a-ad79-c487d9ca715c,69305268,travessa,Travessa Antonio Augusto Martins,São Francisco,52d99a8c-b151-45dd-8e7f-88e56a303202,RR
01a02d94-c01a-78fa-a6ff-a29ca008deb6,69307252,travessa,Travessa Anísio de Carvalho,Paraviana,52d99a8c-b151-45dd-8e7f-88e56a303202,RR
01a02d94-b42a-7fce-a2f1-b3006a17f805,69315633,travessa,Travessa Araguaina,São Bento,52d99a8c-b151-45dd-8e7f-88e56a303202,RR
01a02d94-947a-7c89-916c-5fae17ee2310,69303385,travessa,Travessa Araraquara,São Vicente,52d99a8c-b151-45dd-8e7f-88e56a303202,RR
01a02d94-96a1-76e6-b819-607349ce1170,69304445,travessa,Travessa Araribóia,Mecejana,52d99a8c-b151-45dd-8e7f-88e56a303202,RR
01a02d94-9c83-7bf9-871d-a3db86ecaf2e,69307584,travessa,Travessa Araçazeiro,Caçari,52d99a8c-b151-45dd-8e7f-88e56a303202,RR
01a02d94-a47c-7b8d-8397-8da6e7fe54b5,69312125,travessa,Travessa Asterio Bentes Pimentel,Jardim Floresta,52d99a8c-b151-45dd-8e7f-88e56a303202,RR
01a02d94-9287-79b2-92cc-eda3c1892013,69301225,travessa,Travessa B,Centro,52d99a8c-b151-45dd-8e7f-88e56a303202,RR
01a02d94-ac5f-722b-89ad-3fdabcdb6a12,69313798,travessa,Travessa B,União,52d99a8c-b151-45dd-8e7f-88e56a303202,RR
01a02d94-ac5e-70fb-ad2d-dbfacfbc8484,69313648,travessa,Travessa B,Caranã,52d99a8c-b151-45dd-8e7f-88e56a303202,RR
01a02d94-a679-7041-a92e-df0bb6ab7a20,69312332,travessa,Travessa B,Cinturão Verde,52d99a8c-b151-45dd-8e7f-88e56a303202,RR
01a02d94-a47c-72e6-8392-293690aa6442,69312112,travessa,Travessa B,Jardim Floresta,52d99a8c-b151-45dd-8e7f-88e56a303202,RR
01a02d94-a098-7e22-95c1-520018655f86,69309383,travessa,Travessa Bambus,Pricumã,52d99a8c-b151-45dd-8e7f-88e56a303202,RR
01a02d94-c420-7cd4-bb47-9518049cd866,69315644,travessa,Travessa Bem-te-vi,São Bento,52d99a8c-b151-45dd-8e7f-88e56a303202,RR
01a02d94-9e85-7f58-8680-8ee7343831d0,69309162,travessa,Travessa Buritis,Buritis,52d99a8c-b151-45dd-8e7f-88e56a303202,RR
01a02d94-ac5f-722b-89ae-b6fa03c09219,69313800,travessa,Travessa C,União,52d99a8c-b151-45dd-8e7f-88e56a303202,RR
01a02d94-ac5e-70fb-ad2f-6ce44d3e36fe,69313652,travessa,Travessa C-01,Caranã,52d99a8c-b151-45dd-8e7f-88e56a303202,RR
01a02d94-ba1f-72f2-91e0-d800eed5ac59,69317292,travessa,Travessa C-45,Alvorada,52d99a8c-b151-45dd-8e7f-88e56a303202,RR
01a02d94-ba1f-72f2-91e1-6bcdbce5bb5e,69317294,travessa,Travessa C-46,Alvorada,52d99a8c-b151-45dd-8e7f-88e56a303202,RR
01a02d94-aa75-7a16-8ed7-99d851fcb973,69313475,travessa,Travessa Cambará,Cambará,52d99a8c-b151-45dd-8e7f-88e56a303202,RR
01a02d94-ba1f-72f2-91e2-ed1fe93464c6,69317295,travessa,Travessa Canaã,Alvorada,52d99a8c-b151-45dd-8e7f-88e56a303202,RR
01a02d94-ba1b-7dd9-b191-ed207aee95e8,69316800,travessa,Travessa Canaã,Pintolândia,52d99a8c-b151-45dd-8e7f-88e56a303202,RR
01a02d94-b036-77da-97e7-412c266c08cf,69314432,travessa,Travessa Canaã,Nova Canaã,52d99a8c-b151-45dd-8e7f-88e56a303202,RR
01a02d94-a099-7eb6-8fa7-5b878c28c58b,69310003,travessa,Travessa Capitão Ene Garcez,Aeroporto,52d99a8c-b151-45dd-8e7f-88e56a303202,RR
01a02d94-96a3-7ae7-8c58-53f2d7714925,69304610,travessa,Travessa Capitão Francisco Ferreira,Mecejana,52d99a8c-b151-45dd-8e7f-88e56a303202,RR
01a02d94-9287-79b2-92d2-25b859285cb2,69301280,travessa,Travessa Castelo Branco,Centro,52d99a8c-b151-45dd-8e7f-88e56a303202,RR
01a02d94-9286-78a3-8145-b7db87ecd67c,69301045,travessa,Travessa Caxangá,Centro,52d99a8c-b151-45dd-8e7f-88e56a303202,RR
01a02d94-9287-713e-92b6-e3651a6c0cb5,69301081,travessa,Travessa Cecília Brasil,Centro,52d99a8c-b151-45dd-8e7f-88e56a303202,RR
01a02d94-a872-7a62-b9e6-41c9bfc045d3,69312604,travessa,Travessa Centenário,Centenário,52d99a8c-b151-45dd-8e7f-88e56a303202,RR
01a02d94-9286-78a3-8148-9246b439b60d,69301061,travessa,Travessa Cerejo Cruz,Centro,52d99a8c-b151-45dd-8e7f-88e56a303202,RR
01a02d94-96a3-7ae7-8c59-3f6a665f2c63,69304630,travessa,Travessa Clementino Gomes,Mecejana,52d99a8c-b151-45dd-8e7f-88e56a303202,RR
01a02d94-c019-7719-9d23-d977723c78db,69304530,travessa,Travessa Cotingo,Mecejana,52d99a8c-b151-45dd-8e7f-88e56a303202,RR
01a02d94-b42a-7fce-a2e9-a79187712da0,69315614,travessa,Travessa Curió,São Bento,52d99a8c-b151-45dd-8e7f-88e56a303202,RR
01a02d94-ac5f-722b-89af-71e455d8ac6e,69313802,travessa,Travessa D,União,52d99a8c-b151-45dd-8e7f-88e56a303202,RR
01a02d94-c63b-7cfa-a909-63dac1285457,69318326,travessa,Travessa D,Murilo Teixeira Cidade,52d99a8c-b151-45dd-8e7f-88e56a303202,RR
01a02d94-a47c-7b8d-83a0-9816ae838d05,69312146,travessa,Travessa D,Jardim Floresta,52d99a8c-b151-45dd-8e7f-88e56a303202,RR
01a02d94-b23d-790e-a248-12f0bb6d757d,69315278,travessa,Travessa DI-Q,Distrito Industrial Governador Aquilino Mota Duarte,52d99a8c-b151-45dd-8e7f-88e56a303202,RR
01a02d94-b23e-717a-a087-1c3a1772ca6d,69315288,travessa,Travessa DI-T,Distrito Industrial Governador Aquilino Mota Duarte,52d99a8c-b151-45dd-8e7f-88e56a303202,RR
01a02d94-c420-7cd4-bb46-08d426c1c236,69315643,travessa,Travessa Da Fé,São Bento,52d99a8c-b151-45dd-8e7f-88e56a303202,RR
01a02d94-c420-7cd4-bb4a-7ccba2c2c5d4,69315647,travessa,Travessa Da Lagoa,São Bento,52d99a8c-b151-45dd-8e7f-88e56a303202,RR
01a02d94-c420-7cd4-bb48-3a117e8a35ae,69315645,travessa,Travessa Da Paz,São Bento,52d99a8c-b151-45dd-8e7f-88e56a303202,RR
01a02d94-a47c-7b8d-839c-295c84f63720,69312138,travessa,Travessa Dalício Amorim,Jardim Floresta,52d99a8c-b151-45dd-8e7f-88e56a303202,RR
01a02d94-c420-7cd4-bb4b-5f07346b020e,69315648,travessa,Travessa Das Águias,São Bento,52d99a8c-b151-45dd-8e7f-88e56a303202,RR
01a02d94-96a4-73a9-bcbf-9af32573aded,69305090,travessa,Travessa Doutor Arnaldo Brandão,São Francisco,52d99a8c-b151-45dd-8e7f-88e56a303202,RR
01a02d94-a47c-7b8d-839b-b70806ff020e,69312135,travessa,Travessa Dálcio Amorim,Jardim Floresta,52d99a8c-b151-45dd-8e7f-88e56a303202,RR
01a02d94-b23b-7f5d-b409-b5e139ecc61e,69315074,travessa,Travessa Eclipse,Professora Araceli Souto Maior,52d99a8c-b151-45dd-8e7f-88e56a303202,RR
01a02d94-a47c-7b8d-8393-8b7c9f5a2d0c,69312113,travessa,Travessa Elza Mesquita da Silva,Jardim Floresta,52d99a8c-b151-45dd-8e7f-88e56a303202,RR
01a02d94-b42c-7161-9954-39946caf9360,69316034,travessa,Travessa Estrela Bonita,Raiar do Sol,52d99a8c-b151-45dd-8e7f-88e56a303202,RR
01a02d94-b23b-76c4-b404-a6dab5a03192,69315064,travessa,Travessa Estrela Cadente,Professora Araceli Souto Maior,52d99a8c-b151-45dd-8e7f-88e56a303202,RR
01a02d94-b23b-76c4-b400-7133d558b2cf,69315054,travessa,Travessa Estrela Celeste,Professora Araceli Souto Maior,52d99a8c-b151-45dd-8e7f-88e56a303202,RR
01a02d94-b42c-7b11-996b-3228a7922c04,69316078,travessa,Travessa Estrela D'alva,Raiar do Sol,52d99a8c-b151-45dd-8e7f-88e56a303202,RR
01a02d94-b42a-7fce-a2f3-40119c5c6501,69315639,travessa,Travessa Estrela D'alva,São Bento,52d99a8c-b151-45dd-8e7f-88e56a303202,RR
01a02d94-b23b-7f5d-b405-6482f1bf5e51,69315066,travessa,Travessa Estrela D'alva,Professora Araceli Souto Maior,52d99a8c-b151-45dd-8e7f-88e56a303202,RR
01a02d94-b23b-76c4-b3fe-512dd737b613,69315048,travessa,Travessa Estrelinha,Professora Araceli Souto Maior,52d99a8c-b151-45dd-8e7f-88e56a303202,RR
01a02d94-98a2-7e4a-ad86-4dec915d9a8f,69305350,travessa,Travessa Eustáquio Júlio de Macedo,Trinta e Um de Março,52d99a8c-b151-45dd-8e7f-88e56a303202,RR
01a02d94-b036-77da-97e8-2664ca48f28b,69314434,travessa,Travessa Francisco Monteiro Gondim,Nova Canaã,52d99a8c-b151-45dd-8e7f-88e56a303202,RR
01a02d94-9a95-741e-90a2-f746b1878283,69306398,travessa,Travessa Francisco Saldanha,Nossa Senhora Aparecida,52d99a8c-b151-45dd-8e7f-88e56a303202,RR
01a02d94-ba1e-7185-a0c7-4f7ec5313db7,69317179,travessa,Travessa Francisco Sales Vieira,Santa Luzia,52d99a8c-b151-45dd-8e7f-88e56a303202,RR
01a02d94-b81d-7a77-8014-1e5d02ca5203,69316725,travessa,Travessa Francisco Sales Vieira,Pintolândia,52d99a8c-b151-45dd-8e7f-88e56a303202,RR
01a02d94-a67b-7c62-9f06-55bb56bb52c3,69312439,travessa,Travessa Frederico Francisco Fontelles,Cinturão Verde,52d99a8c-b151-45dd-8e7f-88e56a303202,RR
01a02d94-ae3d-7b0a-b6c3-86e93b8c4783,69314264,travessa,Travessa Fênix,Jardim Primavera,52d99a8c-b151-45dd-8e7f-88e56a303202,RR
01a02d94-a67b-73a0-9f00-4959686bca52,69312403,travessa,Travessa Geneses,Cinturão Verde,52d99a8c-b151-45dd-8e7f-88e56a303202,RR
01a02d94-aa75-7a16-8ed8-c6aa465f82cd,69313478,travessa,Travessa Gideão,Cambará,52d99a8c-b151-45dd-8e7f-88e56a303202,RR
01a02d94-a876-7773-ae21-9dad8a45fd5c,69313155,travessa,Travessa Guanabara,Jóquei Clube,52d99a8c-b151-45dd-8e7f-88e56a303202,RR
01a02d94-a67a-7aa0-92c8-9c51b3ba2eb5,69312373,travessa,Travessa Guanabara,Cinturão Verde,52d99a8c-b151-45dd-8e7f-88e56a303202,RR
01a02d94-9a96-756b-9013-000a40c04e95,69306725,travessa,Travessa Guanabara,São Pedro,52d99a8c-b151-45dd-8e7f-88e56a303202,RR
01a02d94-b81d-71e6-8006-ba04e7f1b2cf,69316650,travessa,Travessa HC-09,Senador Hélio Campos,52d99a8c-b151-45dd-8e7f-88e56a303202,RR
01a02d94-96a2-7872-9da6-05918c420065,69304522,travessa,Travessa Hamilton Rice,Mecejana,52d99a8c-b151-45dd-8e7f-88e56a303202,RR
01a02d94-b42a-7fce-a2ec-3a471dfe257b,69315620,travessa,Travessa Homero Carneiro,São Bento,52d99a8c-b151-45dd-8e7f-88e56a303202,RR
01a02d94-a67b-73a0-9efb-13602c94a61b,69312397,travessa,Travessa I,Cinturão Verde,52d99a8c-b151-45dd-8e7f-88e56a303202,RR
01a02d94-a67b-73a0-9efd-54279359b435,69312399,travessa,Travessa II,Cinturão Verde,52d99a8c-b151-45dd-8e7f-88e56a303202,RR
01a02d94-b42a-7fce-a2ef-98ba3c62ba27,69315628,travessa,Travessa Iteraima,São Bento,52d99a8c-b151-45dd-8e7f-88e56a303202,RR
01a02d94-a28f-762f-93af-dc6941b01303,69310120,travessa,Travessa Jaraguá,Aeroporto,52d99a8c-b151-45dd-8e7f-88e56a303202,RR
01a02d94-a28f-762f-93b1-68c691a73a22,69310125,travessa,Travessa Jardim Floresta,Aeroporto,52d99a8c-b151-45dd-8e7f-88e56a303202,RR
01a02d94-a28f-762f-93b0-1d5c473e1f85,69310123,travessa,Travessa Jasmim,Aeroporto,52d99a8c-b151-45dd-8e7f-88e56a303202,RR
01a02d94-a873-7c32-aabc-ca70b105c158,69312640,travessa,Travessa Jeronymo Honorio de Moraes,Centenário,52d99a8c-b151-45dd-8e7f-88e56a303202,RR
01a02d94-96a2-7872-9da8-f8d06f8dc395,69304527,travessa,Travessa Joaquim Nabuco,Mecejana,52d99a8c-b151-45dd-8e7f-88e56a303202,RR
01a02d94-9e85-7573-8676-292434d1d06c,69309037,travessa,Travessa José Aleixo,Liberdade,52d99a8c-b151-45dd-8e7f-88e56a303202,RR
01a02d94-9287-713e-92b3-fc6baa0913e5,69301076,travessa,Travessa José Coelho,Centro,52d99a8c-b151-45dd-8e7f-88e56a303202,RR
01a02d94-a876-7773-ae28-a40d8005d700,69313194,travessa,Travessa José Francisco,Jóquei Clube,52d99a8c-b151-45dd-8e7f-88e56a303202,RR
01a02d94-a67a-7aa0-92c5-387923083497,69312367,travessa,Travessa José Francisco,Cinturão Verde,52d99a8c-b151-45dd-8e7f-88e56a303202,RR
01a02d94-a679-7041-a92d-c2c0a1a32e50,69312329,travessa,Travessa José Francisco,Asa Branca,52d99a8c-b151-45dd-8e7f-88e56a303202,RR
01a02d94-9e87-7995-b612-2dd7510619e6,69309217,travessa,Travessa José Francisco,Buritis,52d99a8c-b151-45dd-8e7f-88e56a303202,RR
01a02d94-96a2-7872-9da7-55cb30bdbf47,69304525,travessa,Travessa João Antony,Mecejana,52d99a8c-b151-45dd-8e7f-88e56a303202,RR
01a02d94-c224-7b45-87d2-be6528eb84e5,69312221,travessa,Travessa João Padilha,Caimbé,52d99a8c-b151-45dd-8e7f-88e56a303202,RR
01a02d94-98a3-7706-93b1-004976fbeb81,69306168,travessa,Travessa João XXIII,Nossa Senhora Aparecida,52d99a8c-b151-45dd-8e7f-88e56a303202,RR
01a02d94-aa77-734d-9d54-ced08e8e5dc9,69313538,travessa,Travessa Júlio Pinto,Tancredo Neves,52d99a8c-b151-45dd-8e7f-88e56a303202,RR
01a02d94-a67d-7695-8e18-69ea5541871c,69312553,travessa,Travessa Levina Alves da Silva,Centenário,52d99a8c-b151-45dd-8e7f-88e56a303202,RR
01a02d94-c221-7f89-86a4-570c1a59bffd,69307786,travessa,Travessa Luiz Canuto Chaves,Caçari,52d99a8c-b151-45dd-8e7f-88e56a303202,RR
01a02d94-96a2-7872-9da9-02d3dec71a82,69304533,travessa,Travessa Major Quadros,Mecejana,52d99a8c-b151-45dd-8e7f-88e56a303202,RR
01a02d94-96a3-7158-8c4b-44fdb48d3224,69304537,travessa,Travessa Manoel Aires,Mecejana,52d99a8c-b151-45dd-8e7f-88e56a303202,RR
01a02d94-ac5e-70fb-ad31-92e489e3f27e,69313658,travessa,Travessa Manoel Bonfim da Silva,Caranã,52d99a8c-b151-45dd-8e7f-88e56a303202,RR
01a02d94-9479-79a5-97d9-f4e74770e581,69303072,travessa,Travessa Manoel Pontes,Calungá,52d99a8c-b151-45dd-8e7f-88e56a303202,RR
01a02d94-a67c-7de1-bee4-f1c4ac80a2cc,69312540,travessa,Travessa Maranata,Centenário,52d99a8c-b151-45dd-8e7f-88e56a303202,RR
01a02d94-c222-783c-8565-8e66fad240c5,69308500,travessa,Travessa Marechal Rondon,Marechal Rondon,52d99a8c-b151-45dd-8e7f-88e56a303202,RR
01a02d94-c421-7ce9-b1b3-7bf288d6cfb5,69318216,travessa,Travessa Marta Jucene dos Santos,Murilo Teixeira Cidade,52d99a8c-b151-45dd-8e7f-88e56a303202,RR
01a02d94-96a3-7158-8c4e-b1b9759be3cb,69304545,travessa,Travessa Martiniano Rodrigues,Mecejana,52d99a8c-b151-45dd-8e7f-88e56a303202,RR
01a02d94-9c83-7343-8707-2e0c277e89d9,69307385,travessa,Travessa Marupá,Paraviana,52d99a8c-b151-45dd-8e7f-88e56a303202,RR
01a02d94-ae3d-7b0a-b6c4-be6864d660bd,69314266,travessa,Travessa Matrinxã,Jardim Primavera,52d99a8c-b151-45dd-8e7f-88e56a303202,RR
01a02d94-b42a-7fce-a2f0-9e6f748cd259,69315630,travessa,Travessa Mendes Júnior,São Bento,52d99a8c-b151-45dd-8e7f-88e56a303202,RR
01a02d94-98a3-7fae-93d2-9da9eb1710ce,69306376,travessa,Travessa Mirandinha,Nossa Senhora Aparecida,52d99a8c-b151-45dd-8e7f-88e56a303202,RR
01a02d94-ac5e-70fb-ad32-027758eabae1,69313660,travessa,Travessa Monte Sinai,Caranã,52d99a8c-b151-45dd-8e7f-88e56a303202,RR
01a02d94-aa72-7f78-8f74-a6c7797243bd,69313322,travessa,Travessa Nagib Eluan,Cambará,52d99a8c-b151-45dd-8e7f-88e56a303202,RR
01a02d94-c223-79bf-918c-6489534b372f,69311184,travessa,Travessa Nicarágua I,Cauamé,52d99a8c-b151-45dd-8e7f-88e56a303202,RR
01a02d94-c223-79bf-918d-8d496d6a0b2a,69311186,travessa,Travessa Nicarágua II,Cauamé,52d99a8c-b151-45dd-8e7f-88e56a303202,RR
01a02d94-96a3-7158-8c4d-067fa7e84bbd,69304542,travessa,Travessa Nicolau Hostman,Mecejana,52d99a8c-b151-45dd-8e7f-88e56a303202,RR
01a02d94-96a4-7c9c-bcc7-090df316783c,69305112,travessa,Travessa Nilo Colares,São Francisco,52d99a8c-b151-45dd-8e7f-88e56a303202,RR
01a02d94-c420-7cd4-bb41-3cb7c782d877,69315629,travessa,Travessa Nilson Rodrigues,São Bento,52d99a8c-b151-45dd-8e7f-88e56a303202,RR
01a02d94-9286-78a3-8149-3b1441bb983e,69301063,travessa,Travessa Nossa Senhora de Nazaré,Centro,52d99a8c-b151-45dd-8e7f-88e56a303202,RR
01a02d94-b622-7cd2-a25e-53226947a391,69316314,travessa,Travessa OP-XXVIII,Operário,52d99a8c-b151-45dd-8e7f-88e56a303202,RR
01a02d94-b039-736f-b8a3-a7ed2d9c8bc0,69314609,travessa,Travessa Olímpica,Jardim Tropical,52d99a8c-b151-45dd-8e7f-88e56a303202,RR
01a02d94-ac5e-70fb-ad30-e836bb0cac48,69313655,travessa,Travessa P-02,Caranã,52d99a8c-b151-45dd-8e7f-88e56a303202,RR
01a02d94-9a97-7f41-b99b-7a762c407ca5,69307312,travessa,Travessa P-3,Paraviana,52d99a8c-b151-45dd-8e7f-88e56a303202,RR
01a02d94-9a97-7f41-b99c-c35becdf6050,69307315,travessa,Travessa P-4,Paraviana,52d99a8c-b151-45dd-8e7f-88e56a303202,RR
01a02d94-9a97-7f41-b99d-21f26523980c,69307317,travessa,Travessa P-5,Paraviana,52d99a8c-b151-45dd-8e7f-88e56a303202,RR
01a02d94-9a97-7f41-b99e-ba10124a8ecd,69307322,travessa,Travessa P-6,Paraviana,52d99a8c-b151-45dd-8e7f-88e56a303202,RR
01a02d94-9a97-7f41-b99f-b9a57ac5ab9b,69307325,travessa,Travessa P-7,Paraviana,52d99a8c-b151-45dd-8e7f-88e56a303202,RR
01a02d94-9c82-7a7b-bd1c-648298e61d32,69307327,travessa,Travessa P-8,Paraviana,52d99a8c-b151-45dd-8e7f-88e56a303202,RR
01a02d94-a872-7a62-b9e8-4239c7960c44,69312606,travessa,Travessa PS-2,Centenário,52d99a8c-b151-45dd-8e7f-88e56a303202,RR
01a02d94-9479-70f9-97d6-baf4d8072040,69303065,travessa,Travessa Parimé I,Calungá,52d99a8c-b151-45dd-8e7f-88e56a303202,RR
01a02d94-9479-79a5-97d7-bdc2b89f0959,69303067,travessa,Travessa Parimé II,Calungá,52d99a8c-b151-45dd-8e7f-88e56a303202,RR
01a02d94-9479-79a5-97d8-a79277ab084b,69303069,travessa,Travessa Parimé III,Calungá,52d99a8c-b151-45dd-8e7f-88e56a303202,RR
01a02d94-b622-743d-a22b-f15c6a3bc336,69316221,travessa,Travessa Parque Igarapé,Nova Cidade,52d99a8c-b151-45dd-8e7f-88e56a303202,RR
01a02d94-9a96-7dfc-9028-0e956ce7b13c,69307161,travessa,Travessa Pau-rainha,Paraviana,52d99a8c-b151-45dd-8e7f-88e56a303202,RR
01a02d94-ae3b-780f-87e1-ff5fc1bbdef8,69314005,travessa,Travessa Poraquê,Piscicultura,52d99a8c-b151-45dd-8e7f-88e56a303202,RR
01a02d94-a67a-71e9-92be-ce9cb7c1892d,69312360,travessa,Travessa Projetada A,Cinturão Verde,52d99a8c-b151-45dd-8e7f-88e56a303202,RR
01a02d94-a67a-71e9-92c0-1d48387b17c3,69312362,travessa,Travessa Projetada C,Cinturão Verde,52d99a8c-b151-45dd-8e7f-88e56a303202,RR
01a02d94-a67a-71e9-92bb-4c50c4731967,69312356,travessa,Travessa Projetada D,Cinturão Verde,52d99a8c-b151-45dd-8e7f-88e56a303202,RR
01a02d94-a67a-71e9-92c2-6ce443447705,69312364,travessa,Travessa Projetada E,Cinturão Verde,52d99a8c-b151-45dd-8e7f-88e56a303202,RR
01a02d94-9479-70f9-97d4-8fa132aef41c,69303060,travessa,Travessa Quitauaú I,Calungá,52d99a8c-b151-45dd-8e7f-88e56a303202,RR
01a02d94-9479-70f9-97d5-6a6498665b77,69303062,travessa,Travessa Quitauaú II,Calungá,52d99a8c-b151-45dd-8e7f-88e56a303202,RR
01a02d94-c226-759e-a056-05ed3d5199b0,69314430,travessa,Travessa Raimundo Pessoa de Almeida,Nova Canaã,52d99a8c-b151-45dd-8e7f-88e56a303202,RR
01a02d94-c420-7cd4-bb52-72e0295e0c8e,69316722,travessa,Travessa Raimundo Pessoa de Almeida,Pintolândia,52d99a8c-b151-45dd-8e7f-88e56a303202,RR
01a02d94-c420-7cd4-bb4e-d157c24d1b98,69316125,travessa,Travessa Rio Amazonas,Bela Vista,52d99a8c-b151-45dd-8e7f-88e56a303202,RR
01a02d94-b42d-74d5-8be3-38755ad95535,69316156,travessa,Travessa Rio Madeira,Bela Vista,52d99a8c-b151-45dd-8e7f-88e56a303202,RR
01a02d94-b42d-74d5-8be8-7f52da2f8f8a,69316172,travessa,Travessa Rio Mucajaí,Bela Vista,52d99a8c-b151-45dd-8e7f-88e56a303202,RR
01a02d94-b42c-7b11-996f-dd22b8f84faf,69316114,travessa,Travessa Rio Negro,Bela Vista,52d99a8c-b151-45dd-8e7f-88e56a303202,RR
01a02d94-b23a-7e2d-8a88-86302dd42343,69315024,travessa,Travessa Rio Quinô,Professora Araceli Souto Maior,52d99a8c-b151-45dd-8e7f-88e56a303202,RR
01a02d94-b23a-7e2d-8a89-49b469ff844e,69315026,travessa,Travessa Rio Quitauau,Professora Araceli Souto Maior,52d99a8c-b151-45dd-8e7f-88e56a303202,RR
01a02d94-b42d-74d5-8be0-c62dc9a4f7ee,69316149,travessa,Travessa Rio Tocantins,Bela Vista,52d99a8c-b151-45dd-8e7f-88e56a303202,RR
01a02d94-9a96-756b-9014-d40186095c5e,69306730,travessa,Travessa Rio de Janeiro,São Pedro,52d99a8c-b151-45dd-8e7f-88e56a303202,RR
01a02d94-b23a-759d-8a7c-09fc68f78bc5,69314690,travessa,Travessa S-02,Jardim Tropical,52d99a8c-b151-45dd-8e7f-88e56a303202,RR
01a02d94-b035-76a5-9d3d-23a76852f4a3,69314394,travessa,Travessa S-3,Nova Canaã,52d99a8c-b151-45dd-8e7f-88e56a303202,RR
01a02d94-98a2-7e4a-ad94-f7e341e4a334,69305485,travessa,Travessa SP-JR,Estados,52d99a8c-b151-45dd-8e7f-88e56a303202,RR
01a02d94-c420-7cd4-bb49-b3dc29fe771b,69315646,travessa,Travessa Sabiá,São Bento,52d99a8c-b151-45dd-8e7f-88e56a303202,RR
01a02d94-a67c-7de1-bee3-49b3440ab2f6,69312535,travessa,Travessa Salomão Lima da Silva,Centenário,52d99a8c-b151-45dd-8e7f-88e56a303202,RR
01a02d94-b23b-76c4-b401-c8ff12d43c79,69315056,travessa,Travessa Santa Fé,Professora Araceli Souto Maior,52d99a8c-b151-45dd-8e7f-88e56a303202,RR
01a02d94-a872-71af-b9db-e02ed0a0cf13,69312573,travessa,Travessa Santa Maria,Centenário,52d99a8c-b151-45dd-8e7f-88e56a303202,RR
01a02d94-a67c-752a-bed0-c51a55ff40b2,69312491,travessa,Travessa Santo Agostinho,Centenário,52d99a8c-b151-45dd-8e7f-88e56a303202,RR
01a02d94-a872-7a62-b9e3-4a7dac1c7428,69312594,travessa,Travessa Sobral,Centenário,52d99a8c-b151-45dd-8e7f-88e56a303202,RR
01a02d94-b42a-7fce-a2e7-25faedcf03ef,69315611,travessa,Travessa São Jorge,São Bento,52d99a8c-b151-45dd-8e7f-88e56a303202,RR
01a02d94-a67c-752a-bed1-e4a61ef31b94,69312492,travessa,Travessa São Judas Tadeu,Centenário,52d99a8c-b151-45dd-8e7f-88e56a303202,RR
01a02d94-a67b-7c62-9f04-75419f3ebead,69312428,travessa,Travessa São Lucas,Cinturão Verde,52d99a8c-b151-45dd-8e7f-88e56a303202,RR
01a02d94-a67b-7c62-9f05-cd6d971595ed,69312437,travessa,Travessa São Marcos,Cinturão Verde,52d99a8c-b151-45dd-8e7f-88e56a303202,RR
01a02d94-a67b-7c62-9f0c-895ca70112b7,69312456,travessa,Travessa São Mateus,Cinturão Verde,52d99a8c-b151-45dd-8e7f-88e56a303202,RR
01a02d94-a67b-7c62-9f03-aa2077b407e5,69312418,travessa,Travessa São Pedro,Cinturão Verde,52d99a8c-b151-45dd-8e7f-88e56a303202,RR
01a02d94-a872-7a62-b9e0-95a0177714e9,69312587,travessa,Travessa São Rafael,Centenário,52d99a8c-b151-45dd-8e7f-88e56a303202,RR
01a02d94-a67b-7c62-9f0d-f979c0e19200,69312458,travessa,Travessa São Raimundo,Cinturão Verde,52d99a8c-b151-45dd-8e7f-88e56a303202,RR
01a02d94-9288-722e-96a3-ee324bbb7ea9,69301355,travessa,Travessa Sílvio Leite,Centro,52d99a8c-b151-45dd-8e7f-88e56a303202,RR
01a02d94-b035-76a5-9d37-67243315266d,69314362,travessa,Travessa Sílvio Leite,Doutor Sílvio Leite,52d99a8c-b151-45dd-8e7f-88e56a303202,RR
01a02d94-a290-7754-9f2e-7dc60d5584da,69311025,travessa,Travessa T,Cauamé,52d99a8c-b151-45dd-8e7f-88e56a303202,RR
01a02d94-947b-7de2-90ab-7f2aeb5afe72,69303487,travessa,Travessa Tacutú,São Vicente,52d99a8c-b151-45dd-8e7f-88e56a303202,RR
01a02d94-a67d-7695-8e17-4c7dcc04047a,69312550,travessa,Travessa Thomas Wilson,Centenário,52d99a8c-b151-45dd-8e7f-88e56a303202,RR
01a02d94-ae3c-7990-a522-e297c7ac0608,69314174,travessa,Travessa Tilápia,Santa Tereza,52d99a8c-b151-45dd-8e7f-88e56a303202,RR
01a02d94-96a4-73a9-bcbb-8274ac361e41,69305055,travessa,Travessa Tiradentes,São Francisco,52d99a8c-b151-45dd-8e7f-88e56a303202,RR
01a02d94-b23a-759d-8a7d-4e87faa38243,69314695,travessa,Travessa Tropical,Jardim Tropical,52d99a8c-b151-45dd-8e7f-88e56a303202,RR
01a02d94-a290-7754-9f34-82115ef7ce8b,69311042,travessa,Travessa U,Cauamé,52d99a8c-b151-45dd-8e7f-88e56a303202,RR
01a02d94-a67c-752a-bed6-ec4b9d45e2a6,69312510,travessa,Travessa Universal,Centenário,52d99a8c-b151-45dd-8e7f-88e56a303202,RR
01a02d94-b42c-7161-995e-5a5b9e790aa9,69316052,travessa,Travessa Universo,Raiar do Sol,52d99a8c-b151-45dd-8e7f-88e56a303202,RR
01a02d94-96a0-7e34-9575-d17a21034d4b,69304405,travessa,Travessa Venezuela,Mecejana,52d99a8c-b151-45dd-8e7f-88e56a303202,RR
01a02d94-9c84-74c6-9428-075254ee540a,69307588,travessa,Travessa Ville Roy,Caçari,52d99a8c-b151-45dd-8e7f-88e56a303202,RR
01a02d94-96a2-7872-9da1-564d79337836,69304512,travessa,Travessa Xavier de Andrade,Mecejana,52d99a8c-b151-45dd-8e7f-88e56a303202,RR
01a02d94-ac5f-722b-89b0-14b2422b6cec,69313805,travessa,Travessa Y,União,52d99a8c-b151-45dd-8e7f-88e56a303202,RR
01a02d94-a47c-72e6-838f-78181617d95b,69312103,travessa,Travessa Y-9A,Jardim Floresta,52d99a8c-b151-45dd-8e7f-88e56a303202,RR
01a02d94-ba1f-72f2-91e4-7e125ae32ed4,69317298,travessa,Travessa Z-4,Alvorada,52d99a8c-b151-45dd-8e7f-88e56a303202,RR
01a02d94-ae3d-7238-b6c1-30a80bdf7083,69314258,travessa,Travessa das Cutias,Jardim Primavera,52d99a8c-b151-45dd-8e7f-88e56a303202,RR
01a02d94-ae3b-780f-87e3-791f8339b75f,69314012,travessa,Travessa das Cutias,Piscicultura,52d99a8c-b151-45dd-8e7f-88e56a303202,RR
01a02d94-ae3d-7238-b6c2-2b6413843fbf,69314262,travessa,Travessa das Muzendras,Jardim Primavera,52d99a8c-b151-45dd-8e7f-88e56a303202,RR
01a02d94-a099-7eb6-8f95-2f8332c7899a,69309593,travessa,Travessa das Orquídeas,Pricumã,52d99a8c-b151-45dd-8e7f-88e56a303202,RR
01a02d94-a67c-7de1-bede-ce4691a07b52,69312530,travessa,Travessa de Acesso I,Centenário,52d99a8c-b151-45dd-8e7f-88e56a303202,RR
01a02d94-b037-7933-9a7f-96b7d76f454a,69314527,travessa,Travessa do Coentro,Doutor Sílvio Botelho,52d99a8c-b151-45dd-8e7f-88e56a303202,RR
01a02d94-98a3-7fae-93cb-6b54b04282cc,69306357,travessa,Travessa dos Beneditinos,Nossa Senhora Aparecida,52d99a8c-b151-45dd-8e7f-88e56a303202,RR
01a02d94-9e87-7995-b611-4f4fa690c116,69309215,travessa,Travessa dos Imigrantes,Buritis,52d99a8c-b151-45dd-8e7f-88e56a303202,RR
01a02d94-bc34-7fb0-8d01-cc25e6436bbf,69317318,travessa,Travessa dos Macuxis,Equatorial,52d99a8c-b151-45dd-8e7f-88e56a303202,RR
01a02d94-ba1f-72f2-91e3-8e666d9befeb,69317296,travessa,Travessa dos Macuxis,Alvorada,52d99a8c-b151-45dd-8e7f-88e56a303202,RR
01a02d94-ae3d-7b0a-b6c6-83a8fba6ad64,69314294,travessa,Travessa dos Macuxis,Doutor Sílvio Leite,52d99a8c-b151-45dd-8e7f-88e56a303202,RR
01a02d94-a098-7e22-95c0-fb6bae269dba,69309380,via,Via das Acácias,Pricumã,52d99a8c-b151-45dd-8e7f-88e56a303202,RR
01a02d94-a098-7e22-95c5-10fee42a042f,69309393,via,Via das Flores,Pricumã,52d99a8c-b151-45dd-8e7f-88e56a303202,RR
01a02d94-a098-7582-95bd-9240265413e3,69309366,via,Via das Flores,Pricumã,52d99a8c-b151-45dd-8e7f-88e56a303202,RR
01a02d94-c01a-705e-a6e5-0a32dfdb0c8e,69312034,via,Via de Acesso,Jardim Floresta,52d99a8c-b151-45dd-8e7f-88e56a303202,RR
01a02d94-a67c-7de1-bedc-bba96e601b3f,69312526,via,Via de Acesso,Centenário,52d99a8c-b151-45dd-8e7f-88e56a303202,RR
01a02d94-c01b-7930-8229-a1c3ab768384,69303491,via,Via de Acesso Caxangá,São Vicente,52d99a8c-b151-45dd-8e7f-88e56a303202,RR
01a02d94-c01b-7930-822d-6cdc99067984,69304407,via,Via de Acesso JC,Mecejana,52d99a8c-b151-45dd-8e7f-88e56a303202,RR
01a02d94-947c-76ab-ad99-f3c544a96897,69304121,via,Via de Acesso Tiririca,Mecejana,52d99a8c-b151-45dd-8e7f-88e56a303202,RR
01a02d94-98a3-7706-93b6-3f00e7c89efe,69306200,vila,Vila Jec,Nossa Senhora Aparecida,52d99a8c-b151-45dd-8e7f-88e56a303202,RR
01a02d94-c63b-7cfa-a90b-3dafc9235d62,69339899,área,Área Rural,Área Rural de Boa Vista,52d99a8c-b151-45dd-8e7f-88e56a303202,RR
