id,cep,type,name,neighborhood,id_city,id_federative_unit
01a02d5f-aaab-7afa-bdd2-66559b4259e4,68903778,travessa,10ª Travessa Setentrional,Araxá,572484b1-1e48-4d7a-8864-2304f1a0f611,AP
01a03136-7721-7ec0-9e48-69230a69cfb8,68903778,travessa,10ª Travessa Setentrional,Araxá,572484b1-1e48-4d7a-8864-2304f1a0f611,AP
01a02d5f-a879-70e4-874f-85b29895335c,68903410,avenida,1ª Avenida da Universidade,Universidade,572484b1-1e48-4d7a-8864-2304f1a0f611,AP
01a03136-7608-745c-94c7-d8e5da9f7aa9,68903410,avenida,1ª Avenida da Universidade,Universidade,572484b1-1e48-4d7a-8864-2304f1a0f611,AP
01a02d5f-c5ec-7c2f-8685-57c1992c0947,68925031,travessa,1ª Travessa Beira-mar,Comercial,324f5453-20fa-4565-9dd4-6c6514f449bf,AP
01a03136-a51a-7bd3-9d8b-74185be13372,68925031,travessa,1ª Travessa Beira-mar,Comercial,324f5453-20fa-4565-9dd4-6c6514f449bf,AP
01a02d5f-c5ec-7383-8681-62436072c042,68925019,travessa,1ª Travessa Jesus de Nazaré,Comercial,324f5453-20fa-4565-9dd4-6c6514f449bf,AP
01a03136-a508-7abd-afaa-4f145e276baf,68925019,travessa,1ª Travessa Jesus de Nazaré,Comercial,324f5453-20fa-4565-9dd4-6c6514f449bf,AP
01a02d5f-aaab-7afa-bdcb-ace06292f236,68903771,travessa,1ª Travessa Setentrional,Araxá,572484b1-1e48-4d7a-8864-2304f1a0f611,AP
01a03136-770a-7805-99be-75bb80f6808c,68903771,travessa,1ª Travessa Setentrional,Araxá,572484b1-1e48-4d7a-8864-2304f1a0f611,AP
01a02d5f-c5ec-7383-867d-eeeb25a9c6de,68925007,travessa,1ª Travessa Shallon,Comercial,324f5453-20fa-4565-9dd4-6c6514f449bf,AP
01a03136-a4f8-7a01-8f0b-5e59aceb5f1d,68925007,travessa,1ª Travessa Shallon,Comercial,324f5453-20fa-4565-9dd4-6c6514f449bf,AP
01a02d5f-a646-7328-8945-71bc3dabef45,68903095,travessa,1ª Travessa Vila dos Oliveiras,Pedrinhas,572484b1-1e48-4d7a-8864-2304f1a0f611,AP
01a03136-702d-7191-8dc0-c72445a33a1c,68903095,travessa,1ª Travessa Vila dos Oliveiras,Pedrinhas,572484b1-1e48-4d7a-8864-2304f1a0f611,AP
01a02d5f-c7eb-7488-aa32-3cad2b009267,68925254,travessa,1ª Travessa da Piçarreira,Elesbão,324f5453-20fa-4565-9dd4-6c6514f449bf,AP
01a03136-a87f-7081-ad82-b9ddd594ebf3,68925254,travessa,1ª Travessa da Piçarreira,Elesbão,324f5453-20fa-4565-9dd4-6c6514f449bf,AP
01a02d5f-b9ad-7efd-947b-6efc5e4b756c,68908235,travessa,1ª Travessa da Rodovia do Pacoval,Pacoval,572484b1-1e48-4d7a-8864-2304f1a0f611,AP
01a03136-8ec9-7334-8368-63fa94b748ca,68908235,travessa,1ª Travessa da Rodovia do Pacoval,Pacoval,572484b1-1e48-4d7a-8864-2304f1a0f611,AP
01a02d5f-ce18-7a25-a7cc-87c07487e9ee,68928283,travessa,1ª Travessa da São João,Fonte Nova,324f5453-20fa-4565-9dd4-6c6514f449bf,AP
01a03136-b3a7-754d-a95b-90247db5cdf2,68928283,travessa,1ª Travessa da São João,Fonte Nova,324f5453-20fa-4565-9dd4-6c6514f449bf,AP
01a02d5f-c7eb-7d57-aa43-aa106eeef664,68925322,travessa,1ª Travessa do Elesbão,Elesbão,324f5453-20fa-4565-9dd4-6c6514f449bf,AP
01a03136-a8b9-78fc-adba-47694d2b1718,68925322,travessa,1ª Travessa do Elesbão,Elesbão,324f5453-20fa-4565-9dd4-6c6514f449bf,AP
01a02d5f-ca06-77e5-9e90-0e6bc46a4ffb,68927203,travessa,21ª Travessa de Abril,Provedor I,324f5453-20fa-4565-9dd4-6c6514f449bf,AP
01a03136-af67-7003-8aaf-76873c915ac3,68927203,travessa,21ª Travessa de Abril,Provedor I,324f5453-20fa-4565-9dd4-6c6514f449bf,AP
01a02d5f-a879-70e4-8751-326a79d3ff3f,68903415,avenida,2ª Avenida da Universidade,Universidade,572484b1-1e48-4d7a-8864-2304f1a0f611,AP
01a03136-760f-760a-b6fd-c513c47443dc,68903415,avenida,2ª Avenida da Universidade,Universidade,572484b1-1e48-4d7a-8864-2304f1a0f611,AP
01a02d5f-c5ec-7c2f-8684-6a52a8a5eb98,68925028,travessa,2ª Travessa Beira-mar,Comercial,324f5453-20fa-4565-9dd4-6c6514f449bf,AP
01a03136-a515-7042-93e3-c8a955ac50cc,68925028,travessa,2ª Travessa Beira-mar,Comercial,324f5453-20fa-4565-9dd4-6c6514f449bf,AP
01a02d5f-c5ec-7383-8680-38e41a51c462,68925016,travessa,2ª Travessa Jesus de Nazaré,Comercial,324f5453-20fa-4565-9dd4-6c6514f449bf,AP
01a03136-a504-7d22-963f-cce68b2cad2a,68925016,travessa,2ª Travessa Jesus de Nazaré,Comercial,324f5453-20fa-4565-9dd4-6c6514f449bf,AP
01a02d5f-aaab-7afa-bdcc-5aba7f30c95d,68903772,travessa,2ª Travessa Setentrional,Araxá,572484b1-1e48-4d7a-8864-2304f1a0f611,AP
01a03136-770d-7ca0-800b-c4d0871c8cea,68903772,travessa,2ª Travessa Setentrional,Araxá,572484b1-1e48-4d7a-8864-2304f1a0f611,AP
01a02d5f-c5ec-7383-867e-fa5cc1876d25,68925010,travessa,2ª Travessa Shallon,Comercial,324f5453-20fa-4565-9dd4-6c6514f449bf,AP
01a03136-a4fd-719d-85ab-50cc75cbe5d9,68925010,travessa,2ª Travessa Shallon,Comercial,324f5453-20fa-4565-9dd4-6c6514f449bf,AP
01a02d5f-a646-7328-8946-fcbc17232fc1,68903105,travessa,2ª Travessa Vila dos Oliveiras,Pedrinhas,572484b1-1e48-4d7a-8864-2304f1a0f611,AP
01a03136-7030-7744-b2ad-9cdc70b3ffc1,68903105,travessa,2ª Travessa Vila dos Oliveiras,Pedrinhas,572484b1-1e48-4d7a-8864-2304f1a0f611,AP
01a02d5f-c7eb-7488-aa33-04de25cfd6a1,68925258,travessa,2ª Travessa da Piçarreira,Elesbão,324f5453-20fa-4565-9dd4-6c6514f449bf,AP
01a03136-a882-756b-b222-e2f9d49d49f5,68925258,travessa,2ª Travessa da Piçarreira,Elesbão,324f5453-20fa-4565-9dd4-6c6514f449bf,AP
01a02d5f-b9ad-7efd-947d-e38abd667fd8,68908245,travessa,2ª Travessa da Rodovia do Pacoval,Pacoval,572484b1-1e48-4d7a-8864-2304f1a0f611,AP
01a03136-8ed0-76d9-8f71-04d601e10d7b,68908245,travessa,2ª Travessa da Rodovia do Pacoval,Pacoval,572484b1-1e48-4d7a-8864-2304f1a0f611,AP
01a02d5f-ce18-7a25-a7cd-9f8a0620645e,68928286,travessa,2ª Travessa da São João,Fonte Nova,324f5453-20fa-4565-9dd4-6c6514f449bf,AP
01a03136-b3aa-7926-aa6e-25d76c0a5067,68928286,travessa,2ª Travessa da São João,Fonte Nova,324f5453-20fa-4565-9dd4-6c6514f449bf,AP
01a02d5f-c7eb-7d57-aa44-150c7f0491c3,68925326,travessa,2ª Travessa do Elesbão,Elesbão,324f5453-20fa-4565-9dd4-6c6514f449bf,AP
01a03136-a8bd-7586-abb8-f1edfbb97fd7,68925326,travessa,2ª Travessa do Elesbão,Elesbão,324f5453-20fa-4565-9dd4-6c6514f449bf,AP
01a02d5f-b13b-7848-9159-24e3eee0e839,68906030,travessa,2ª Travessa do Goiabal,Goiabal,572484b1-1e48-4d7a-8864-2304f1a0f611,AP
01a03136-8203-7cb8-8331-a17a1b4a45b7,68906030,travessa,2ª Travessa do Goiabal,Goiabal,572484b1-1e48-4d7a-8864-2304f1a0f611,AP
01a02d5f-a879-79a6-8754-03ca46348a34,68903425,avenida,3ª Avenida da Universidade,Jardim Marco Zero,572484b1-1e48-4d7a-8864-2304f1a0f611,AP
01a03136-761a-7803-ac8e-0bff5612d53c,68903425,avenida,3ª Avenida da Universidade,Jardim Marco Zero,572484b1-1e48-4d7a-8864-2304f1a0f611,AP
01a02d5f-aaab-7afa-bdcd-0f62de30fe6c,68903773,travessa,3ª Travessa Setentrional,Araxá,572484b1-1e48-4d7a-8864-2304f1a0f611,AP
01a03136-7710-7eea-a025-c275ecde681a,68903773,travessa,3ª Travessa Setentrional,Araxá,572484b1-1e48-4d7a-8864-2304f1a0f611,AP
01a02d5f-ce18-7a25-a7cf-36ea6f136a67,68928292,travessa,3ª Travessa São João Apóstolo,Fonte Nova,324f5453-20fa-4565-9dd4-6c6514f449bf,AP
01a03136-b3b1-7431-b480-afd26ee42222,68928292,travessa,3ª Travessa São João Apóstolo,Fonte Nova,324f5453-20fa-4565-9dd4-6c6514f449bf,AP
01a02d5f-a646-7328-8947-d08d1ce416b6,68903115,travessa,3ª Travessa Vila dos Oliveiras,Pedrinhas,572484b1-1e48-4d7a-8864-2304f1a0f611,AP
01a03136-7033-7c7d-8982-08543cc00f0d,68903115,travessa,3ª Travessa Vila dos Oliveiras,Pedrinhas,572484b1-1e48-4d7a-8864-2304f1a0f611,AP
01a02d5f-ce18-7a25-a7ce-81ac39a0eaa6,68928289,travessa,3ª Travessa da São João,Fonte Nova,324f5453-20fa-4565-9dd4-6c6514f449bf,AP
01a03136-b3ad-7d8c-a457-7cf112277db0,68928289,travessa,3ª Travessa da São João,Fonte Nova,324f5453-20fa-4565-9dd4-6c6514f449bf,AP
01a02d5f-c7eb-7d57-aa45-fc8d80180bf3,68925330,travessa,3ª Travessa do Elesbão,Elesbão,324f5453-20fa-4565-9dd4-6c6514f449bf,AP
01a03136-a8c1-7394-93b2-0f3980495f56,68925330,travessa,3ª Travessa do Elesbão,Elesbão,324f5453-20fa-4565-9dd4-6c6514f449bf,AP
01a02d5f-a646-7bae-8950-a7948bad6910,68903125,travessa,4ª Travessa Vila dos Oliveiras,Pedrinhas,572484b1-1e48-4d7a-8864-2304f1a0f611,AP
01a03136-726b-7a8b-9625-aab6734a6d38,68903125,travessa,4ª Travessa Vila dos Oliveiras,Pedrinhas,572484b1-1e48-4d7a-8864-2304f1a0f611,AP
01a02d5f-c7eb-7d57-aa46-bc5be5bbb905,68925334,travessa,4ª Travessa do Elesbão,Elesbão,324f5453-20fa-4565-9dd4-6c6514f449bf,AP
01a03136-a8c4-7d19-9470-3eee74c3e777,68925334,travessa,4ª Travessa do Elesbão,Elesbão,324f5453-20fa-4565-9dd4-6c6514f449bf,AP
01a02d5f-aaab-7afa-bdce-5893c6fd8bf4,68903774,travessa,5ª Travessa Setentrional,Araxá,572484b1-1e48-4d7a-8864-2304f1a0f611,AP
01a03136-7714-7225-af04-9016523729e6,68903774,travessa,5ª Travessa Setentrional,Araxá,572484b1-1e48-4d7a-8864-2304f1a0f611,AP
01a02d5f-a646-7bae-8958-85e77080f52c,68903135,travessa,5ª Travessa Vila dos Oliveiras,Pedrinhas,572484b1-1e48-4d7a-8864-2304f1a0f611,AP
01a03136-7285-78b5-945c-dca7d881eef4,68903135,travessa,5ª Travessa Vila dos Oliveiras,Pedrinhas,572484b1-1e48-4d7a-8864-2304f1a0f611,AP
01a02d5f-c7eb-7d57-aa47-386435bb4e5c,68925338,travessa,5ª Travessa do Elesbão,Elesbão,324f5453-20fa-4565-9dd4-6c6514f449bf,AP
01a03136-a8c8-7a21-8d7f-aa6eb6b8ade1,68925338,travessa,5ª Travessa do Elesbão,Elesbão,324f5453-20fa-4565-9dd4-6c6514f449bf,AP
01a02d5f-c7eb-7d57-aa48-c492ba2eb1f1,68925342,travessa,6ª Travessa do Elesbão,Elesbão,324f5453-20fa-4565-9dd4-6c6514f449bf,AP
01a03136-a8cc-77ac-9bb3-bf1f3543a941,68925342,travessa,6ª Travessa do Elesbão,Elesbão,324f5453-20fa-4565-9dd4-6c6514f449bf,AP
01a02d5f-aaab-7afa-bdd0-9ba0681dfa58,68903776,travessa,7ª Travessa Setentrional,Araxá,572484b1-1e48-4d7a-8864-2304f1a0f611,AP
01a03136-771a-7b45-aff6-78391c00a9f2,68903776,travessa,7ª Travessa Setentrional,Araxá,572484b1-1e48-4d7a-8864-2304f1a0f611,AP
01a02d5f-aaab-7afa-bdd4-b44c437ebe4c,68903780,travessa,9ª Travessa Setentrional,Araxá,572484b1-1e48-4d7a-8864-2304f1a0f611,AP
01a03136-7729-71e3-9c09-e9f6e6fc0386,68903780,travessa,9ª Travessa Setentrional,Araxá,572484b1-1e48-4d7a-8864-2304f1a0f611,AP
01a02d5f-ce18-7a25-a7d0-b4df5ce0126d,68928295,alameda,Alameda A,Fonte Nova,324f5453-20fa-4565-9dd4-6c6514f449bf,AP
01a03136-b3b4-797f-b2a6-153aec8dc3fb,68928295,alameda,Alameda A,Fonte Nova,324f5453-20fa-4565-9dd4-6c6514f449bf,AP
01a02d5f-b36e-79f4-a0f6-0990de66e4cb,68906816,alameda,Alameda A.,Cabralzinho,572484b1-1e48-4d7a-8864-2304f1a0f611,AP
01a03136-8516-737a-b0cd-e38c16c884e7,68906816,alameda,Alameda A.,Cabralzinho,572484b1-1e48-4d7a-8864-2304f1a0f611,AP
01a02d5f-bdb6-77fa-891c-7670f90e16fe,68909303,alameda,Alameda Abil,Brasil Novo,572484b1-1e48-4d7a-8864-2304f1a0f611,AP
01a03136-994a-7984-8557-70cf6e4ced19,68909303,alameda,Alameda Abil,Brasil Novo,572484b1-1e48-4d7a-8864-2304f1a0f611,AP
01a02d5f-a877-7f38-b93a-917d7557dae8,68903254,alameda,Alameda Alexandrina,Jardim Marco Zero,572484b1-1e48-4d7a-8864-2304f1a0f611,AP
01a03136-7303-77fd-8752-814f084c0ef6,68903254,alameda,Alameda Alexandrina,Jardim Marco Zero,572484b1-1e48-4d7a-8864-2304f1a0f611,AP
01a02d5f-d415-71e7-bddf-9045f24330ed,68909606,alameda,Alameda Andorinha,Boné Azul,572484b1-1e48-4d7a-8864-2304f1a0f611,AP
01a03136-bd25-7acf-b76d-e3982677e085,68909606,alameda,Alameda Andorinha,Boné Azul,572484b1-1e48-4d7a-8864-2304f1a0f611,AP
01a02d5f-d00a-7a39-bea0-1043e6290907,68904061,alameda,Alameda Antônio Ferreira de Jusus,Novo Buritizal,572484b1-1e48-4d7a-8864-2304f1a0f611,AP
01a03136-b6d2-7de7-9e03-7b12c852cd27,68904061,alameda,Alameda Antônio Ferreira de Jusus,Novo Buritizal,572484b1-1e48-4d7a-8864-2304f1a0f611,AP
01a02d5f-b36f-72ee-a05c-546cab961ef9,68906842,alameda,Alameda Araguary,Cabralzinho,572484b1-1e48-4d7a-8864-2304f1a0f611,AP
01a03136-8772-73f6-bfa1-a5c0bfb57aac,68906842,alameda,Alameda Araguary,Cabralzinho,572484b1-1e48-4d7a-8864-2304f1a0f611,AP
01a02d5f-b7a7-7c48-ae08-de04c8e04046,68907611,alameda,Alameda Atenas,Renascer,572484b1-1e48-4d7a-8864-2304f1a0f611,AP
01a03136-8b6b-7c68-88d0-5c86b2ecefbc,68907611,alameda,Alameda Atenas,Renascer,572484b1-1e48-4d7a-8864-2304f1a0f611,AP
01a02d5f-b36e-79f4-a0f8-c9eda4b28bbc,68906819,alameda,Alameda B,Cabralzinho,572484b1-1e48-4d7a-8864-2304f1a0f611,AP
01a02d5f-ce18-7a25-a7d1-14158cfb141a,68928298,alameda,Alameda B,Fonte Nova,324f5453-20fa-4565-9dd4-6c6514f449bf,AP
01a03136-851d-7775-9fa3-238ef8a36c41,68906819,alameda,Alameda B,Cabralzinho,572484b1-1e48-4d7a-8864-2304f1a0f611,AP
01a03136-b3b7-7df2-9d33-122abca20e22,68928298,alameda,Alameda B,Fonte Nova,324f5453-20fa-4565-9dd4-6c6514f449bf,AP
01a02d5f-d208-7631-9f10-8a7c33c1496c,68909602,alameda,Alameda Bacabeira,Boné Azul,572484b1-1e48-4d7a-8864-2304f1a0f611,AP
01a03136-ba20-72c1-97f6-6dac0dccfb48,68909602,alameda,Alameda Bacabeira,Boné Azul,572484b1-1e48-4d7a-8864-2304f1a0f611,AP
01a02d5f-bdb6-77fa-8920-af1d6dc89e98,68909307,alameda,Alameda Bacuri,Brasil Novo,572484b1-1e48-4d7a-8864-2304f1a0f611,AP
01a03136-9959-7c5e-a520-9b7c1bfd12c0,68909307,alameda,Alameda Bacuri,Brasil Novo,572484b1-1e48-4d7a-8864-2304f1a0f611,AP
01a02d5f-d823-77f0-b4e6-80c235a9b025,68929577,alameda,Alameda Baia do Guajará,Distrito Industrial,324f5453-20fa-4565-9dd4-6c6514f449bf,AP
01a03136-c6b9-74ec-8a01-4cce7c37ca75,68929577,alameda,Alameda Baia do Guajará,Distrito Industrial,324f5453-20fa-4565-9dd4-6c6514f449bf,AP
01a02d5f-d00d-7527-83e9-150db2982a28,68906473,alameda,Alameda Beira Rio,Marabaixo,572484b1-1e48-4d7a-8864-2304f1a0f611,AP
01a03136-b974-7263-b8de-ae8feab3fbf6,68906473,alameda,Alameda Beira Rio,Marabaixo,572484b1-1e48-4d7a-8864-2304f1a0f611,AP
01a02d5f-b36f-72ee-a05e-74ee7d290e47,68906844,alameda,Alameda Bela Vista,Cabralzinho,572484b1-1e48-4d7a-8864-2304f1a0f611,AP
01a03136-8779-7128-afbe-1540bcf23b1c,68906844,alameda,Alameda Bela Vista,Cabralzinho,572484b1-1e48-4d7a-8864-2304f1a0f611,AP
01a02d5f-bfda-7e3e-870c-3179d19afe26,68909311,alameda,Alameda Bom Jesus,Brasil Novo,572484b1-1e48-4d7a-8864-2304f1a0f611,AP
01a03136-9960-7ffa-b3bf-b4263b162249,68909311,alameda,Alameda Bom Jesus,Brasil Novo,572484b1-1e48-4d7a-8864-2304f1a0f611,AP
01a02d5f-d822-76b7-bf5a-61be6a9c79da,68911510,alameda,Alameda Bosque,Muruci (Fazendinha),572484b1-1e48-4d7a-8864-2304f1a0f611,AP
01a03136-c3d5-7e43-939d-fad09c974869,68911510,alameda,Alameda Bosque,Muruci (Fazendinha),572484b1-1e48-4d7a-8864-2304f1a0f611,AP
01a02d5f-b36e-79f4-a0fb-d72df2451e5c,68906822,alameda,Alameda C,Cabralzinho,572484b1-1e48-4d7a-8864-2304f1a0f611,AP
01a02d5f-ce18-7a25-a7d2-59168f9ef9fa,68928301,alameda,Alameda C,Fonte Nova,324f5453-20fa-4565-9dd4-6c6514f449bf,AP
01a03136-8527-753f-8b0a-af17c736ff5b,68906822,alameda,Alameda C,Cabralzinho,572484b1-1e48-4d7a-8864-2304f1a0f611,AP
01a03136-b3bb-72a0-b922-2f5b0556b678,68928301,alameda,Alameda C,Fonte Nova,324f5453-20fa-4565-9dd4-6c6514f449bf,AP
01a02d5f-ce17-788c-9d08-74a0121ff0e9,68928142,alameda,Alameda Cabedelo,Fonte Nova,324f5453-20fa-4565-9dd4-6c6514f449bf,AP
01a03136-b308-7e1f-a5cd-a296bc4e22e8,68928142,alameda,Alameda Cabedelo,Fonte Nova,324f5453-20fa-4565-9dd4-6c6514f449bf,AP
01a02d5f-b36f-72ee-a05d-032a07ef24e3,68906843,alameda,Alameda Cajari,Cabralzinho,572484b1-1e48-4d7a-8864-2304f1a0f611,AP
01a03136-8775-7c0c-bb10-a180891259f5,68906843,alameda,Alameda Cajari,Cabralzinho,572484b1-1e48-4d7a-8864-2304f1a0f611,AP
01a02d5f-b36f-72ee-a060-c29510286bdc,68906846,alameda,Alameda Calçoene,Cabralzinho,572484b1-1e48-4d7a-8864-2304f1a0f611,AP
01a03136-8780-79b0-80e3-1528d4f25ac6,68906846,alameda,Alameda Calçoene,Cabralzinho,572484b1-1e48-4d7a-8864-2304f1a0f611,AP
01a02d5f-d821-7dff-998a-9255a4a5df14,68911506,alameda,Alameda Caminho da Mata,Muruci (Fazendinha),572484b1-1e48-4d7a-8864-2304f1a0f611,AP
01a03136-c3c9-796a-8b3a-f08a93e79e97,68911506,alameda,Alameda Caminho da Mata,Muruci (Fazendinha),572484b1-1e48-4d7a-8864-2304f1a0f611,AP
01a02d5f-d821-7dff-998d-e04419026808,68911509,alameda,Alameda Campina,Muruci (Fazendinha),572484b1-1e48-4d7a-8864-2304f1a0f611,AP
01a03136-c3d2-7998-a32b-01eef368a5d7,68911509,alameda,Alameda Campina,Muruci (Fazendinha),572484b1-1e48-4d7a-8864-2304f1a0f611,AP
01a02d5f-b36f-7ba9-a063-dd125694507d,68906849,alameda,Alameda Campo Belo,Cabralzinho,572484b1-1e48-4d7a-8864-2304f1a0f611,AP
01a03136-878b-7bba-9db5-a5235a0bbb93,68906849,alameda,Alameda Campo Belo,Cabralzinho,572484b1-1e48-4d7a-8864-2304f1a0f611,AP
01a02d5f-bfda-7e3e-870f-e38f262a2cd1,68909314,alameda,Alameda Cereja,Brasil Novo,572484b1-1e48-4d7a-8864-2304f1a0f611,AP
01a03136-996b-7f3f-8516-3a93456d708e,68909314,alameda,Alameda Cereja,Brasil Novo,572484b1-1e48-4d7a-8864-2304f1a0f611,AP
01a02d5f-d208-7ee0-9f14-eeb033b184f9,68909608,alameda,Alameda Colibrir,Boné Azul,572484b1-1e48-4d7a-8864-2304f1a0f611,AP
01a03136-ba2c-7ece-8cdf-4b8b1bb975c5,68909608,alameda,Alameda Colibrir,Boné Azul,572484b1-1e48-4d7a-8864-2304f1a0f611,AP
01a02d5f-b599-7ea1-a3f7-1c162cd13569,68907410,alameda,Alameda Corito,Renascer,572484b1-1e48-4d7a-8864-2304f1a0f611,AP
01a03136-8b21-7a01-92f5-21b827380704,68907410,alameda,Alameda Corito,Renascer,572484b1-1e48-4d7a-8864-2304f1a0f611,AP
01a02d5f-bfda-7e3e-8711-0a6bc37e9a37,68909316,alameda,Alameda Cupuaçu,Brasil Novo,572484b1-1e48-4d7a-8864-2304f1a0f611,AP
01a03136-9973-7390-92b9-c26da236b4d0,68909316,alameda,Alameda Cupuaçu,Brasil Novo,572484b1-1e48-4d7a-8864-2304f1a0f611,AP
01a02d5f-bfda-7e3e-8713-650f21990201,68909318,alameda,Alameda Cupuaçus,Brasil Novo,572484b1-1e48-4d7a-8864-2304f1a0f611,AP
01a03136-997a-7662-9d6a-38d0c3709255,68909318,alameda,Alameda Cupuaçus,Brasil Novo,572484b1-1e48-4d7a-8864-2304f1a0f611,AP
01a02d5f-b36f-72ee-a059-a34258116a33,68906839,alameda,Alameda Curiau,Cabralzinho,572484b1-1e48-4d7a-8864-2304f1a0f611,AP
01a03136-8762-7975-b6e2-5e6a1d3c93b0,68906839,alameda,Alameda Curiau,Cabralzinho,572484b1-1e48-4d7a-8864-2304f1a0f611,AP
01a02d5f-d821-7dff-9982-c126b4a0ecf4,68909799,alameda,Alameda Curiaú,Novo Horizonte,572484b1-1e48-4d7a-8864-2304f1a0f611,AP
01a03136-c3b0-791d-83bb-d422c111bb08,68909799,alameda,Alameda Curiaú,Novo Horizonte,572484b1-1e48-4d7a-8864-2304f1a0f611,AP
01a02d5f-b36f-72ee-a04d-7b4df90df628,68906826,alameda,Alameda D,Cabralzinho,572484b1-1e48-4d7a-8864-2304f1a0f611,AP
01a02d5f-ce18-7a25-a7d3-8ae7202c5890,68928304,alameda,Alameda D,Fonte Nova,324f5453-20fa-4565-9dd4-6c6514f449bf,AP
01a03136-8534-7d36-9e4d-8e50e52486e0,68906826,alameda,Alameda D,Cabralzinho,572484b1-1e48-4d7a-8864-2304f1a0f611,AP
01a03136-b3be-76d1-ae33-59a8c4be7b8a,68928304,alameda,Alameda D,Fonte Nova,324f5453-20fa-4565-9dd4-6c6514f449bf,AP
01a02d5f-d208-7ee0-9f1b-732790d04b83,68909616,alameda,Alameda Doce Cartar,Boné Azul,572484b1-1e48-4d7a-8864-2304f1a0f611,AP
01a03136-ba42-7ea7-88f9-44ec671b6ff3,68909616,alameda,Alameda Doce Cartar,Boné Azul,572484b1-1e48-4d7a-8864-2304f1a0f611,AP
01a02d5f-bfdb-7fb3-937b-ff613a23a441,68909522,alameda,Alameda Décima,Boné Azul,572484b1-1e48-4d7a-8864-2304f1a0f611,AP
01a03136-9a4f-7d08-9b1e-4849f6af22cb,68909522,alameda,Alameda Décima,Boné Azul,572484b1-1e48-4d7a-8864-2304f1a0f611,AP
01a02d5f-bfdc-7fcc-b956-3e12ef0ad42f,68909531,alameda,Alameda Décima Nona,Boné Azul,572484b1-1e48-4d7a-8864-2304f1a0f611,AP
01a03136-9a74-7a6e-9b8c-c36e351ff2ac,68909531,alameda,Alameda Décima Nona,Boné Azul,572484b1-1e48-4d7a-8864-2304f1a0f611,AP
01a02d5f-bfdb-7fb3-9383-f047c6c1ed03,68909530,alameda,Alameda Décima Oitava,Boné Azul,572484b1-1e48-4d7a-8864-2304f1a0f611,AP
01a03136-9a70-7993-8235-4a57414c1f6d,68909530,alameda,Alameda Décima Oitava,Boné Azul,572484b1-1e48-4d7a-8864-2304f1a0f611,AP
01a02d5f-bfdb-7fb3-937c-a0befedda74c,68909523,alameda,Alameda Décima Primeira,Boné Azul,572484b1-1e48-4d7a-8864-2304f1a0f611,AP
01a03136-9a54-7663-9c39-e1c042c2c64e,68909523,alameda,Alameda Décima Primeira,Boné Azul,572484b1-1e48-4d7a-8864-2304f1a0f611,AP
01a02d5f-bfdb-7fb3-937f-c6fa29a9c5ef,68909526,alameda,Alameda Décima Quarta,Boné Azul,572484b1-1e48-4d7a-8864-2304f1a0f611,AP
01a03136-9a5f-7fe9-93e1-02f68d2d53f7,68909526,alameda,Alameda Décima Quarta,Boné Azul,572484b1-1e48-4d7a-8864-2304f1a0f611,AP
01a02d5f-bfdb-7fb3-9380-afe726a3787c,68909527,alameda,Alameda Décima Quinta,Boné Azul,572484b1-1e48-4d7a-8864-2304f1a0f611,AP
01a03136-9a63-7e2c-b428-671f2c2a5287,68909527,alameda,Alameda Décima Quinta,Boné Azul,572484b1-1e48-4d7a-8864-2304f1a0f611,AP
01a02d5f-bfdb-7fb3-937d-d107f9a8a69a,68909524,alameda,Alameda Décima Segunda,Boné Azul,572484b1-1e48-4d7a-8864-2304f1a0f611,AP
01a03136-9a58-74c9-b9ca-fa605945b50f,68909524,alameda,Alameda Décima Segunda,Boné Azul,572484b1-1e48-4d7a-8864-2304f1a0f611,AP
01a02d5f-bfdb-7fb3-9382-11ceef2f3e7c,68909529,alameda,Alameda Décima Setima,Boné Azul,572484b1-1e48-4d7a-8864-2304f1a0f611,AP
01a03136-9a6c-7286-989b-3dbecf68a6f0,68909529,alameda,Alameda Décima Setima,Boné Azul,572484b1-1e48-4d7a-8864-2304f1a0f611,AP
01a02d5f-bfdb-7fb3-9381-17f8510fd19c,68909528,alameda,Alameda Décima Sexta,Boné Azul,572484b1-1e48-4d7a-8864-2304f1a0f611,AP
01a03136-9a67-7bd0-9b06-d1509fa964d7,68909528,alameda,Alameda Décima Sexta,Boné Azul,572484b1-1e48-4d7a-8864-2304f1a0f611,AP
01a02d5f-bfdb-7fb3-937e-8be858359de6,68909525,alameda,Alameda Décima Terceira,Boné Azul,572484b1-1e48-4d7a-8864-2304f1a0f611,AP
01a03136-9a5c-7286-9c77-e090f1d9bb2f,68909525,alameda,Alameda Décima Terceira,Boné Azul,572484b1-1e48-4d7a-8864-2304f1a0f611,AP
01a02d5f-d416-7b60-b88d-8bf866de2d02,68903418,alameda,Alameda Esperanca,Universidade,572484b1-1e48-4d7a-8864-2304f1a0f611,AP
01a03136-bd9d-7631-ad58-157c26252f47,68903418,alameda,Alameda Esperanca,Universidade,572484b1-1e48-4d7a-8864-2304f1a0f611,AP
01a02d5f-d821-7dff-9987-21daccd309b4,68911503,alameda,Alameda Flor de Maio,Muruci (Fazendinha),572484b1-1e48-4d7a-8864-2304f1a0f611,AP
01a03136-c3c0-74c9-8e12-3db75955ba0b,68911503,alameda,Alameda Flor de Maio,Muruci (Fazendinha),572484b1-1e48-4d7a-8864-2304f1a0f611,AP
01a02d5f-d208-7ee0-9f12-4c78c5fab4b2,68909605,alameda,Alameda Floração,Boné Azul,572484b1-1e48-4d7a-8864-2304f1a0f611,AP
01a03136-ba26-74a3-bbcd-343dd4f1d39b,68909605,alameda,Alameda Floração,Boné Azul,572484b1-1e48-4d7a-8864-2304f1a0f611,AP
01a02d5f-9fc4-72a2-bc88-a7a99f587022,68900097,alameda,Alameda Francisco Serrano,Central,572484b1-1e48-4d7a-8864-2304f1a0f611,AP
01a03136-683e-7c6b-8d6f-3e36a40e392c,68900097,alameda,Alameda Francisco Serrano,Central,572484b1-1e48-4d7a-8864-2304f1a0f611,AP
01a02d5f-d823-77f0-b4e7-8d3c00887965,68929578,alameda,Alameda Grande Rio,Distrito Industrial,324f5453-20fa-4565-9dd4-6c6514f449bf,AP
01a03136-c6bc-7f0b-85b8-18476c257ead,68929578,alameda,Alameda Grande Rio,Distrito Industrial,324f5453-20fa-4565-9dd4-6c6514f449bf,AP
01a02d5f-bfda-7e3e-8716-1bb4d84a888f,68909321,alameda,Alameda Graviola,Brasil Novo,572484b1-1e48-4d7a-8864-2304f1a0f611,AP
01a03136-9985-73dd-92e1-ae62d4ab2dca,68909321,alameda,Alameda Graviola,Brasil Novo,572484b1-1e48-4d7a-8864-2304f1a0f611,AP
01a02d5f-d822-76b7-bf5c-32b1e902360e,68911512,alameda,Alameda Horizonte,Muruci (Fazendinha),572484b1-1e48-4d7a-8864-2304f1a0f611,AP
01a03136-c3dc-7683-a446-b82d43603838,68911512,alameda,Alameda Horizonte,Muruci (Fazendinha),572484b1-1e48-4d7a-8864-2304f1a0f611,AP
01a02d5f-b599-7ea1-a3fd-3ee90b39a089,68907470,alameda,Alameda Humanismo,Renascer,572484b1-1e48-4d7a-8864-2304f1a0f611,AP
01a03136-8b36-72ab-af08-447056c792c6,68907470,alameda,Alameda Humanismo,Renascer,572484b1-1e48-4d7a-8864-2304f1a0f611,AP
01a02d5f-b36f-72ee-a05f-928ee504cc03,68906845,alameda,Alameda Ipiranga,Cabralzinho,572484b1-1e48-4d7a-8864-2304f1a0f611,AP
01a03136-877c-7ecb-99b8-25b0b89341da,68906845,alameda,Alameda Ipiranga,Cabralzinho,572484b1-1e48-4d7a-8864-2304f1a0f611,AP
01a02d5f-9fc2-78dc-aa79-3c3b5006b7ad,68900014,alameda,Alameda Isac Alcolumbre,Central,572484b1-1e48-4d7a-8864-2304f1a0f611,AP
01a03136-65ca-7a0f-996f-546b57cf7b4f,68900014,alameda,Alameda Isac Alcolumbre,Central,572484b1-1e48-4d7a-8864-2304f1a0f611,AP
01a02d5f-b598-7469-bedf-970233fca40c,68907020,alameda,Alameda Itália,Renascer,572484b1-1e48-4d7a-8864-2304f1a0f611,AP
01a03136-8820-754f-8c17-6b5d946c8e24,68907020,alameda,Alameda Itália,Renascer,572484b1-1e48-4d7a-8864-2304f1a0f611,AP
01a02d5f-acd5-7d26-890f-0a3ed7ec31bf,68903866,alameda,Alameda Jardim,Araxá,572484b1-1e48-4d7a-8864-2304f1a0f611,AP
01a03136-7999-7b27-9e3d-5c93a40060e4,68903866,alameda,Alameda Jardim,Araxá,572484b1-1e48-4d7a-8864-2304f1a0f611,AP
01a02d5f-b9af-7923-a9c2-1917a7ff00ba,68908574,alameda,Alameda José Viana,São Lázaro,572484b1-1e48-4d7a-8864-2304f1a0f611,AP
01a03136-8fb9-7133-a8ca-f99beaca5cd3,68908574,alameda,Alameda José Viana,São Lázaro,572484b1-1e48-4d7a-8864-2304f1a0f611,AP
01a02d5f-b36e-7134-a0e1-4fcec85acf56,68906663,alameda,Alameda Lagoa das Garças,Alvorada,572484b1-1e48-4d7a-8864-2304f1a0f611,AP
01a03136-84d3-7c38-a06e-000c6df7c273,68906663,alameda,Alameda Lagoa das Garças,Alvorada,572484b1-1e48-4d7a-8864-2304f1a0f611,AP
01a02d5f-d208-7ee0-9f13-109b5f26fe68,68909607,alameda,Alameda Lugar Bonito,Boné Azul,572484b1-1e48-4d7a-8864-2304f1a0f611,AP
01a03136-ba29-7884-aa86-0c7c43b33c9b,68909607,alameda,Alameda Lugar Bonito,Boné Azul,572484b1-1e48-4d7a-8864-2304f1a0f611,AP
01a02d5f-d415-71e7-bdde-7fa6ecc4b3e6,68909603,alameda,Alameda Luz do Mundo,Boné Azul,572484b1-1e48-4d7a-8864-2304f1a0f611,AP
01a03136-bd22-754d-8232-4e152f5de566,68909603,alameda,Alameda Luz do Mundo,Boné Azul,572484b1-1e48-4d7a-8864-2304f1a0f611,AP
01a02d5f-c5eb-7289-ac9f-722f514d87f5,68911410,alameda,Alameda Manoel Soares,Muruci (Fazendinha),572484b1-1e48-4d7a-8864-2304f1a0f611,AP
01a03136-a45c-72a9-82a3-a3fb207c50d7,68911410,alameda,Alameda Manoel Soares,Muruci (Fazendinha),572484b1-1e48-4d7a-8864-2304f1a0f611,AP
01a02d5f-d822-7f57-bf73-a7278edfed41,68929537,alameda,Alameda Mar Mediterrâneo,Distrito Industrial,324f5453-20fa-4565-9dd4-6c6514f449bf,AP
01a03136-c42e-745b-9295-0d3430b29a3c,68929537,alameda,Alameda Mar Mediterrâneo,Distrito Industrial,324f5453-20fa-4565-9dd4-6c6514f449bf,AP
01a02d5f-d824-7084-91b7-9b5199bee8de,68929579,alameda,Alameda Mar Vermelho,Distrito Industrial,324f5453-20fa-4565-9dd4-6c6514f449bf,AP
01a03136-c6c0-7391-b8ab-8e7c278956ff,68929579,alameda,Alameda Mar Vermelho,Distrito Industrial,324f5453-20fa-4565-9dd4-6c6514f449bf,AP
01a02d5f-d821-7dff-997f-52fa4c26734b,68909796,alameda,Alameda Marabaixo,Novo Horizonte,572484b1-1e48-4d7a-8864-2304f1a0f611,AP
01a03136-c3a7-7159-ab15-a97e6712bd46,68909796,alameda,Alameda Marabaixo,Novo Horizonte,572484b1-1e48-4d7a-8864-2304f1a0f611,AP
01a02d5f-b36f-72ee-a05a-28a56ba67acb,68906840,alameda,Alameda Maracá,Cabralzinho,572484b1-1e48-4d7a-8864-2304f1a0f611,AP
01a03136-876b-715a-9df1-babe122b6462,68906840,alameda,Alameda Maracá,Cabralzinho,572484b1-1e48-4d7a-8864-2304f1a0f611,AP
01a02d5f-acd6-7612-893c-a63afc84573f,68903879,alameda,Alameda Maridional,Araxá,572484b1-1e48-4d7a-8864-2304f1a0f611,AP
01a03136-79bd-7912-8ce8-5cbd1cdaada2,68903879,alameda,Alameda Maridional,Araxá,572484b1-1e48-4d7a-8864-2304f1a0f611,AP
01a02d5f-b36f-72ee-a05b-90c4a6a8e915,68906841,alameda,Alameda Mazagão,Cabralzinho,572484b1-1e48-4d7a-8864-2304f1a0f611,AP
01a03136-876e-7f46-ad0e-4c80b050125f,68906841,alameda,Alameda Mazagão,Cabralzinho,572484b1-1e48-4d7a-8864-2304f1a0f611,AP
01a02d5f-acd6-7612-893e-aa292af1cba8,68903881,alameda,Alameda Meridional do Norte,Araxá,572484b1-1e48-4d7a-8864-2304f1a0f611,AP
01a03136-79c3-7ec1-b952-dc03bd7fc6d8,68903881,alameda,Alameda Meridional do Norte,Araxá,572484b1-1e48-4d7a-8864-2304f1a0f611,AP
01a02d5f-b599-7ea1-a3f9-f29e50ce91b4,68907430,alameda,Alameda Micenas,Renascer,572484b1-1e48-4d7a-8864-2304f1a0f611,AP
01a03136-8b28-73da-a58e-c27a4d2578c0,68907430,alameda,Alameda Micenas,Renascer,572484b1-1e48-4d7a-8864-2304f1a0f611,AP
01a02d5f-d208-7631-9f0e-a97e1f005df1,68909600,alameda,Alameda Minha Cidade,Boné Azul,572484b1-1e48-4d7a-8864-2304f1a0f611,AP
01a03136-ba19-7a38-9cfa-5b3841aa3cfe,68909600,alameda,Alameda Minha Cidade,Boné Azul,572484b1-1e48-4d7a-8864-2304f1a0f611,AP
01a02d5f-b7a7-7c48-ae00-ec68b3242876,68907540,alameda,Alameda Monalisa,Renascer,572484b1-1e48-4d7a-8864-2304f1a0f611,AP
01a03136-8b4f-7344-84fd-a67d5f6019c1,68907540,alameda,Alameda Monalisa,Renascer,572484b1-1e48-4d7a-8864-2304f1a0f611,AP
01a02d5f-d208-7ee0-9f16-36922876f833,68909611,alameda,Alameda Negro de Nós,Boné Azul,572484b1-1e48-4d7a-8864-2304f1a0f611,AP
01a03136-ba32-7da2-8cc8-8e806f7ce498,68909611,alameda,Alameda Negro de Nós,Boné Azul,572484b1-1e48-4d7a-8864-2304f1a0f611,AP
01a02d5f-bfdb-7fb3-937a-4d442cea0e09,68909521,alameda,Alameda Nona,Boné Azul,572484b1-1e48-4d7a-8864-2304f1a0f611,AP
01a03136-9a4b-7e95-94cd-df1619f7252a,68909521,alameda,Alameda Nona,Boné Azul,572484b1-1e48-4d7a-8864-2304f1a0f611,AP
01a02d5f-b36f-72ee-a062-9325bd78d4a9,68906848,alameda,Alameda Oiapoque,Cabralzinho,572484b1-1e48-4d7a-8864-2304f1a0f611,AP
01a03136-8788-770e-bcab-ec98cd518124,68906848,alameda,Alameda Oiapoque,Cabralzinho,572484b1-1e48-4d7a-8864-2304f1a0f611,AP
01a02d5f-bfdb-7fb3-9379-cc1307fd4ef4,68909520,alameda,Alameda Oitava,Boné Azul,572484b1-1e48-4d7a-8864-2304f1a0f611,AP
01a03136-9a47-7540-bb41-0b52bd3efa16,68909520,alameda,Alameda Oitava,Boné Azul,572484b1-1e48-4d7a-8864-2304f1a0f611,AP
01a02d5f-d00c-7cb1-b84b-7c97f90fcc47,68906460,alameda,Alameda Olavio da Costa Magno,Marabaixo,572484b1-1e48-4d7a-8864-2304f1a0f611,AP
01a03136-b754-7b2a-bfdc-8d60ba30250a,68906460,alameda,Alameda Olavio da Costa Magno,Marabaixo,572484b1-1e48-4d7a-8864-2304f1a0f611,AP
01a02d5f-b36e-7134-a0df-bb041fabc43f,68906661,alameda,Alameda Padre Primeira Luis David,Alvorada,572484b1-1e48-4d7a-8864-2304f1a0f611,AP
01a03136-84cd-78c4-83d8-d12b98c82200,68906661,alameda,Alameda Padre Primeira Luis David,Alvorada,572484b1-1e48-4d7a-8864-2304f1a0f611,AP
01a02d5f-b36e-7134-a0e0-21c855d8a0f8,68906662,alameda,Alameda Padre Segunda Luis David,Alvorada,572484b1-1e48-4d7a-8864-2304f1a0f611,AP
01a03136-84d0-7dc0-927d-e31a4642947c,68906662,alameda,Alameda Padre Segunda Luis David,Alvorada,572484b1-1e48-4d7a-8864-2304f1a0f611,AP
01a02d5f-d208-7ee0-9f15-4dad8e2634da,68909609,alameda,Alameda Padroeiro São José,Boné Azul,572484b1-1e48-4d7a-8864-2304f1a0f611,AP
01a03136-ba2f-7a4b-8a62-2616e8f7aafb,68909609,alameda,Alameda Padroeiro São José,Boné Azul,572484b1-1e48-4d7a-8864-2304f1a0f611,AP
01a02d5f-d822-76b7-bf5e-0102e336fad0,68911514,alameda,Alameda Paisagem,Muruci (Fazendinha),572484b1-1e48-4d7a-8864-2304f1a0f611,AP
01a03136-c3e3-7479-991a-f9a7c4a672f5,68911514,alameda,Alameda Paisagem,Muruci (Fazendinha),572484b1-1e48-4d7a-8864-2304f1a0f611,AP
01a02d5f-d821-7dff-9985-0f00377b8afe,68911501,alameda,Alameda Passaros,Muruci (Fazendinha),572484b1-1e48-4d7a-8864-2304f1a0f611,AP
01a03136-c3ba-727a-9da9-3b5a77c00865,68911501,alameda,Alameda Passaros,Muruci (Fazendinha),572484b1-1e48-4d7a-8864-2304f1a0f611,AP
01a02d5f-d208-7ee0-9f11-dc8cd73ddb73,68909604,alameda,Alameda Pedra Negra,Boné Azul,572484b1-1e48-4d7a-8864-2304f1a0f611,AP
01a03136-ba22-7e99-8198-c96b7f89cd98,68909604,alameda,Alameda Pedra Negra,Boné Azul,572484b1-1e48-4d7a-8864-2304f1a0f611,AP
01a02d5f-b599-7ea1-a3f3-ef4b8d6dd690,68907370,alameda,Alameda Pereânio,Renascer,572484b1-1e48-4d7a-8864-2304f1a0f611,AP
01a03136-8b14-7542-9806-0baeb8129056,68907370,alameda,Alameda Pereânio,Renascer,572484b1-1e48-4d7a-8864-2304f1a0f611,AP
01a02d5f-b7a7-7c48-ae0a-988d554a8dee,68907613,alameda,Alameda Pergamo,Renascer,572484b1-1e48-4d7a-8864-2304f1a0f611,AP
01a03136-8b72-7499-b519-f1fd8a08965e,68907613,alameda,Alameda Pergamo,Renascer,572484b1-1e48-4d7a-8864-2304f1a0f611,AP
01a02d5f-b599-7ea1-a3f4-7684dea567d3,68907380,alameda,Alameda Poloneso,Renascer,572484b1-1e48-4d7a-8864-2304f1a0f611,AP
01a03136-8b17-7a1d-ba13-31c5dd1b9094,68907380,alameda,Alameda Poloneso,Renascer,572484b1-1e48-4d7a-8864-2304f1a0f611,AP
01a02d5f-b7a7-7c48-ae09-002cad65ec72,68907612,alameda,Alameda Pompéia,Renascer,572484b1-1e48-4d7a-8864-2304f1a0f611,AP
01a03136-8b6f-707d-b78a-627bf0560a79,68907612,alameda,Alameda Pompéia,Renascer,572484b1-1e48-4d7a-8864-2304f1a0f611,AP
01a02d5f-d821-7dff-9984-f283c9107496,68911500,alameda,Alameda Primavera,Muruci (Fazendinha),572484b1-1e48-4d7a-8864-2304f1a0f611,AP
01a03136-c3b6-7d88-a27d-5f9e67df04a2,68911500,alameda,Alameda Primavera,Muruci (Fazendinha),572484b1-1e48-4d7a-8864-2304f1a0f611,AP
01a02d5f-d208-7631-9f0f-cfd16b0620fb,68909601,alameda,Alameda Pérola Azulada,Boné Azul,572484b1-1e48-4d7a-8864-2304f1a0f611,AP
01a03136-ba1c-7e7e-92b3-0340574eba9c,68909601,alameda,Alameda Pérola Azulada,Boné Azul,572484b1-1e48-4d7a-8864-2304f1a0f611,AP
01a02d5f-d414-7073-9a48-ee6ae1efaa67,68908521,alameda,Alameda Quilombo dos Palmares,São Lázaro,572484b1-1e48-4d7a-8864-2304f1a0f611,AP
01a03136-bcf3-7ca9-b5af-975fc0a1ec7e,68908521,alameda,Alameda Quilombo dos Palmares,São Lázaro,572484b1-1e48-4d7a-8864-2304f1a0f611,AP
01a02d5f-bfdb-7fb3-9376-8ca3e884e1e0,68909517,alameda,Alameda Quinta,Boné Azul,572484b1-1e48-4d7a-8864-2304f1a0f611,AP
01a03136-9a3d-7596-a44f-4f7aecc35af1,68909517,alameda,Alameda Quinta,Boné Azul,572484b1-1e48-4d7a-8864-2304f1a0f611,AP
01a02d5f-d822-76b7-bf5d-fe0195f6e07c,68911513,alameda,Alameda Recanto,Muruci (Fazendinha),572484b1-1e48-4d7a-8864-2304f1a0f611,AP
01a03136-c3df-7fac-b77b-dcfc80fff97e,68911513,alameda,Alameda Recanto,Muruci (Fazendinha),572484b1-1e48-4d7a-8864-2304f1a0f611,AP
01a02d5f-d822-7f57-bf74-0e2725716ec5,68929538,alameda,Alameda Rio Anajás,Distrito Industrial,324f5453-20fa-4565-9dd4-6c6514f449bf,AP
01a03136-c431-78cb-bfcf-977abc983491,68929538,alameda,Alameda Rio Anajás,Distrito Industrial,324f5453-20fa-4565-9dd4-6c6514f449bf,AP
01a02d5f-d822-7f57-bf75-a9ceb72198f4,68929539,alameda,Alameda Rio Araguari,Distrito Industrial,324f5453-20fa-4565-9dd4-6c6514f449bf,AP
01a03136-c435-75ef-a81f-e4f4e324a402,68929539,alameda,Alameda Rio Araguari,Distrito Industrial,324f5453-20fa-4565-9dd4-6c6514f449bf,AP
01a02d5f-d822-7f57-bf76-b7f531e55fcc,68929541,alameda,Alameda Rio Maracá,Distrito Industrial,324f5453-20fa-4565-9dd4-6c6514f449bf,AP
01a03136-c439-72e1-af9f-deead5c3fb50,68929541,alameda,Alameda Rio Maracá,Distrito Industrial,324f5453-20fa-4565-9dd4-6c6514f449bf,AP
01a02d5f-d822-7f57-bf77-deee9c2206e6,68929542,alameda,Alameda Rio Vila Nova,Distrito Industrial,324f5453-20fa-4565-9dd4-6c6514f449bf,AP
01a03136-c43d-7138-a7a3-5982896cbb33,68929542,alameda,Alameda Rio Vila Nova,Distrito Industrial,324f5453-20fa-4565-9dd4-6c6514f449bf,AP
01a02d5f-d208-7ee0-9f1c-5f0c35b1ca71,68909617,alameda,Alameda Rosario de Ouro,Boné Azul,572484b1-1e48-4d7a-8864-2304f1a0f611,AP
01a03136-ba45-7a9c-8db3-247624d1c3b6,68909617,alameda,Alameda Rosario de Ouro,Boné Azul,572484b1-1e48-4d7a-8864-2304f1a0f611,AP
01a02d5f-d208-7ee0-9f18-f8d515725832,68909613,alameda,Alameda Sentinela Nortente,Boné Azul,572484b1-1e48-4d7a-8864-2304f1a0f611,AP
01a03136-ba39-7029-9e87-b5d2ab6b426f,68909613,alameda,Alameda Sentinela Nortente,Boné Azul,572484b1-1e48-4d7a-8864-2304f1a0f611,AP
01a02d5f-d208-7ee0-9f17-36d7646b1435,68909612,alameda,Alameda Sereia dos Rios,Boné Azul,572484b1-1e48-4d7a-8864-2304f1a0f611,AP
01a03136-ba36-74af-9f85-fcc497f2720e,68909612,alameda,Alameda Sereia dos Rios,Boné Azul,572484b1-1e48-4d7a-8864-2304f1a0f611,AP
01a02d5f-a877-7f38-b939-1160ca9e873a,68903253,alameda,Alameda Sergio Pinheiro,Jardim Marco Zero,572484b1-1e48-4d7a-8864-2304f1a0f611,AP
01a03136-7300-73e3-be04-f607e4012476,68903253,alameda,Alameda Sergio Pinheiro,Jardim Marco Zero,572484b1-1e48-4d7a-8864-2304f1a0f611,AP
01a02d5f-bfdb-7fb3-9378-1d3e0295b82c,68909519,alameda,Alameda Setima,Boné Azul,572484b1-1e48-4d7a-8864-2304f1a0f611,AP
01a03136-9a43-7f39-a4c6-7aee590246bb,68909519,alameda,Alameda Setima,Boné Azul,572484b1-1e48-4d7a-8864-2304f1a0f611,AP
01a02d5f-b597-7be8-ae0b-9f7f017c0615,68906875,alameda,Alameda Sexta,Cabralzinho,572484b1-1e48-4d7a-8864-2304f1a0f611,AP
01a02d5f-bfdb-7fb3-9377-747f9ab984b1,68909518,alameda,Alameda Sexta,Boné Azul,572484b1-1e48-4d7a-8864-2304f1a0f611,AP
01a03136-87c5-79c4-94ab-1368d7d48475,68906875,alameda,Alameda Sexta,Cabralzinho,572484b1-1e48-4d7a-8864-2304f1a0f611,AP
01a03136-9a40-7a20-aeb6-1f9ef3c73a17,68909518,alameda,Alameda Sexta,Boné Azul,572484b1-1e48-4d7a-8864-2304f1a0f611,AP
01a02d5f-bfdb-76eb-934b-a1cc4bec1bd6,68909333,alameda,Alameda Siriguela,Brasil Novo,572484b1-1e48-4d7a-8864-2304f1a0f611,AP
01a03136-99a9-78b8-9228-4867c86f62ed,68909333,alameda,Alameda Siriguela,Brasil Novo,572484b1-1e48-4d7a-8864-2304f1a0f611,AP
01a02d5f-bfda-7e3e-8718-5e6a8ce5018f,68909323,alameda,Alameda São José,Brasil Novo,572484b1-1e48-4d7a-8864-2304f1a0f611,AP
01a03136-998b-7ebd-9b75-63e8ec095ffe,68909323,alameda,Alameda São José,Brasil Novo,572484b1-1e48-4d7a-8864-2304f1a0f611,AP
01a02d5f-ce16-7fd0-a092-328d87175a3d,68928136,alameda,Alameda Tambaú,Fonte Nova,324f5453-20fa-4565-9dd4-6c6514f449bf,AP
01a03136-b302-74c7-9ba0-835f4762b5a9,68928136,alameda,Alameda Tambaú,Fonte Nova,324f5453-20fa-4565-9dd4-6c6514f449bf,AP
01a02d5f-d208-7ee0-9f19-7452724f4264,68909614,alameda,Alameda Tarumã,Boné Azul,572484b1-1e48-4d7a-8864-2304f1a0f611,AP
01a03136-ba3c-759f-86f6-7c60d4152546,68909614,alameda,Alameda Tarumã,Boné Azul,572484b1-1e48-4d7a-8864-2304f1a0f611,AP
01a02d5f-d208-7ee0-9f1a-09745e80c170,68909615,alameda,Alameda Toada Cabocla,Boné Azul,572484b1-1e48-4d7a-8864-2304f1a0f611,AP
01a03136-ba3f-798a-bacd-7bb488ac1af2,68909615,alameda,Alameda Toada Cabocla,Boné Azul,572484b1-1e48-4d7a-8864-2304f1a0f611,AP
01a02d5f-b599-7ea1-a3f6-0c2e24eebc6f,68907400,alameda,Alameda Tróia,Renascer,572484b1-1e48-4d7a-8864-2304f1a0f611,AP
01a03136-8b1e-7573-a69e-a2ecfdc5b2d9,68907400,alameda,Alameda Tróia,Renascer,572484b1-1e48-4d7a-8864-2304f1a0f611,AP
01a02d5f-bfdb-76eb-934d-10724ead5acc,68909335,alameda,Alameda Tucumã,Brasil Novo,572484b1-1e48-4d7a-8864-2304f1a0f611,AP
01a03136-99b1-74e2-a91a-c28731006f9c,68909335,alameda,Alameda Tucumã,Brasil Novo,572484b1-1e48-4d7a-8864-2304f1a0f611,AP
01a02d5f-d822-76b7-bf60-4d2d2419402c,68911516,alameda,Alameda Verão,Muruci (Fazendinha),572484b1-1e48-4d7a-8864-2304f1a0f611,AP
01a03136-c3e9-7489-baea-dc893cb49627,68911516,alameda,Alameda Verão,Muruci (Fazendinha),572484b1-1e48-4d7a-8864-2304f1a0f611,AP
01a02d5f-bfdc-7fcc-b957-2cd92957becd,68909532,alameda,Alameda Vigésima,Boné Azul,572484b1-1e48-4d7a-8864-2304f1a0f611,AP
01a03136-9a77-7e82-acbd-7ded33e2c8aa,68909532,alameda,Alameda Vigésima,Boné Azul,572484b1-1e48-4d7a-8864-2304f1a0f611,AP
01a02d5f-b7a8-7527-8816-cbdb402eb985,68907623,alameda,Alameda Waldemar José Pereira,Renascer,572484b1-1e48-4d7a-8864-2304f1a0f611,AP
01a03136-8b83-7f1a-bba6-eba7779682d1,68907623,alameda,Alameda Waldemar José Pereira,Renascer,572484b1-1e48-4d7a-8864-2304f1a0f611,AP
01a02d5f-b7a8-7527-8815-91afa5a41cc7,68907622,alameda,Alameda Waldemar José Viana,Renascer,572484b1-1e48-4d7a-8864-2304f1a0f611,AP
01a03136-8b80-7a96-bcff-77c278894b74,68907622,alameda,Alameda Waldemar José Viana,Renascer,572484b1-1e48-4d7a-8864-2304f1a0f611,AP
01a02d5f-a646-7bae-8955-bc5105ba4c56,68903132,alameda,Alameda da CPA,Pedrinhas,572484b1-1e48-4d7a-8864-2304f1a0f611,AP
01a03136-727c-7292-a0d3-762f1a7dd550,68903132,alameda,Alameda da CPA,Pedrinhas,572484b1-1e48-4d7a-8864-2304f1a0f611,AP
01a02d5f-ce18-7189-a7c2-805806d7d6c3,68928253,alameda,Alameda das Açucenas,Fonte Nova,324f5453-20fa-4565-9dd4-6c6514f449bf,AP
01a03136-b385-746d-a8f9-d39f621e8e95,68928253,alameda,Alameda das Açucenas,Fonte Nova,324f5453-20fa-4565-9dd4-6c6514f449bf,AP
01a02d5f-d821-7dff-9988-a3a8c62e7d70,68911504,alameda,Alameda das Brisas,Muruci (Fazendinha),572484b1-1e48-4d7a-8864-2304f1a0f611,AP
01a03136-c3c3-78eb-9342-67c534a89773,68911504,alameda,Alameda das Brisas,Muruci (Fazendinha),572484b1-1e48-4d7a-8864-2304f1a0f611,AP
01a02d5f-d821-7dff-9986-5a07bf302ccc,68911502,alameda,Alameda das Cores,Muruci (Fazendinha),572484b1-1e48-4d7a-8864-2304f1a0f611,AP
01a03136-c3bd-77a1-bd5f-83ab89595ce7,68911502,alameda,Alameda das Cores,Muruci (Fazendinha),572484b1-1e48-4d7a-8864-2304f1a0f611,AP
01a02d5f-d822-76b7-bf5f-4de7123c9339,68911515,alameda,Alameda das Estrelas,Muruci (Fazendinha),572484b1-1e48-4d7a-8864-2304f1a0f611,AP
01a03136-c3e6-78b2-acf7-576ebfb5d3c1,68911515,alameda,Alameda das Estrelas,Muruci (Fazendinha),572484b1-1e48-4d7a-8864-2304f1a0f611,AP
01a02d5f-d822-76b7-bf5b-7b7df79390c9,68911511,alameda,Alameda das Flores,Muruci (Fazendinha),572484b1-1e48-4d7a-8864-2304f1a0f611,AP
01a03136-c3d9-7265-98ef-ba858a2fbb77,68911511,alameda,Alameda das Flores,Muruci (Fazendinha),572484b1-1e48-4d7a-8864-2304f1a0f611,AP
01a02d5f-ce18-7189-a7c7-f2b9b83cd4b6,68928268,alameda,Alameda das Magnólias,Fonte Nova,324f5453-20fa-4565-9dd4-6c6514f449bf,AP
01a03136-b396-7b63-a6c0-543b718d50dc,68928268,alameda,Alameda das Magnólias,Fonte Nova,324f5453-20fa-4565-9dd4-6c6514f449bf,AP
01a02d5f-ce18-7189-a7c6-83dcaeeaad4f,68928265,alameda,Alameda das Margaridas,Fonte Nova,324f5453-20fa-4565-9dd4-6c6514f449bf,AP
01a03136-b393-7197-b086-c4d4bafd4512,68928265,alameda,Alameda das Margaridas,Fonte Nova,324f5453-20fa-4565-9dd4-6c6514f449bf,AP
01a02d5f-ce18-7189-a7c9-87152b98440b,68928274,alameda,Alameda das Pampolas,Fonte Nova,324f5453-20fa-4565-9dd4-6c6514f449bf,AP
01a03136-b39d-7724-9680-2ee41ab0fbca,68928274,alameda,Alameda das Pampolas,Fonte Nova,324f5453-20fa-4565-9dd4-6c6514f449bf,AP
01a02d5f-ce18-7a25-a7d4-d89c897fa4a6,68928307,alameda,Alameda das Rosas,Fonte Nova,324f5453-20fa-4565-9dd4-6c6514f449bf,AP
01a03136-b3c1-7af8-8777-ecc8990061d8,68928307,alameda,Alameda das Rosas,Fonte Nova,324f5453-20fa-4565-9dd4-6c6514f449bf,AP
01a02d5f-ce18-7189-a7c3-5dc3021a8248,68928256,alameda,Alameda das Tulipas,Fonte Nova,324f5453-20fa-4565-9dd4-6c6514f449bf,AP
01a03136-b388-78ae-b174-76042b4fd889,68928256,alameda,Alameda das Tulipas,Fonte Nova,324f5453-20fa-4565-9dd4-6c6514f449bf,AP
01a02d5f-ce18-7189-a7ca-9ce2f8c84781,68928277,alameda,Alameda das Violetas,Fonte Nova,324f5453-20fa-4565-9dd4-6c6514f449bf,AP
01a03136-b3a0-7b96-b8e2-d691d68576c3,68928277,alameda,Alameda das Violetas,Fonte Nova,324f5453-20fa-4565-9dd4-6c6514f449bf,AP
01a02d5f-d821-7dff-998c-7f563af6ef19,68911508,alameda,Alameda do Luar,Muruci (Fazendinha),572484b1-1e48-4d7a-8864-2304f1a0f611,AP
01a03136-c3cf-7dbd-a7dc-ef935c4df8b7,68911508,alameda,Alameda do Luar,Muruci (Fazendinha),572484b1-1e48-4d7a-8864-2304f1a0f611,AP
01a02d5f-ce16-7fd0-a093-fd398e0e34a1,68928139,alameda,Alameda do Poço,Fonte Nova,324f5453-20fa-4565-9dd4-6c6514f449bf,AP
01a03136-b305-7990-9a6c-d69abf859bfe,68928139,alameda,Alameda do Poço,Fonte Nova,324f5453-20fa-4565-9dd4-6c6514f449bf,AP
01a02d5f-d821-7dff-998b-b559203b63cd,68911507,alameda,Alameda do Sol,Muruci (Fazendinha),572484b1-1e48-4d7a-8864-2304f1a0f611,AP
01a03136-c3cc-785c-8100-80ed4cd14462,68911507,alameda,Alameda do Sol,Muruci (Fazendinha),572484b1-1e48-4d7a-8864-2304f1a0f611,AP
01a02d5f-d821-7dff-9981-050d0e57bb8a,68909798,alameda,Alameda dos Anjos,Novo Horizonte,572484b1-1e48-4d7a-8864-2304f1a0f611,AP
01a03136-c3ad-731f-bc58-1245ff22bb37,68909798,alameda,Alameda dos Anjos,Novo Horizonte,572484b1-1e48-4d7a-8864-2304f1a0f611,AP
01a02d5f-d821-7dff-9989-71ee3cde3f6a,68911505,alameda,Alameda dos Aromas,Muruci (Fazendinha),572484b1-1e48-4d7a-8864-2304f1a0f611,AP
01a03136-c3c6-7d63-948b-2b58eb0f9285,68911505,alameda,Alameda dos Aromas,Muruci (Fazendinha),572484b1-1e48-4d7a-8864-2304f1a0f611,AP
01a02d5f-ce18-7189-a7c4-8c2ff3906fcc,68928259,alameda,Alameda dos Crisatemos,Fonte Nova,324f5453-20fa-4565-9dd4-6c6514f449bf,AP
01a03136-b38b-7cd6-8070-3ccd0ad130da,68928259,alameda,Alameda dos Crisatemos,Fonte Nova,324f5453-20fa-4565-9dd4-6c6514f449bf,AP
01a02d5f-ce18-7189-a7c8-c2f86099a203,68928271,alameda,Alameda dos Girassóis,Fonte Nova,324f5453-20fa-4565-9dd4-6c6514f449bf,AP
01a03136-b39a-702a-993d-c9eafe34bfe4,68928271,alameda,Alameda dos Girassóis,Fonte Nova,324f5453-20fa-4565-9dd4-6c6514f449bf,AP
01a02d5f-ce18-7189-a7bd-dab1bfdfedd7,68928238,alameda,Alameda dos Jasmins,Fonte Nova,324f5453-20fa-4565-9dd4-6c6514f449bf,AP
01a03136-b374-724f-a295-be64ce067784,68928238,alameda,Alameda dos Jasmins,Fonte Nova,324f5453-20fa-4565-9dd4-6c6514f449bf,AP
01a02d5f-ca06-77e5-9e84-1b9fac735a57,68927167,avenida,Avenida 10,Provedor I,324f5453-20fa-4565-9dd4-6c6514f449bf,AP
01a03136-ad12-715f-b6c0-9833928df1d7,68927167,avenida,Avenida 10,Provedor I,324f5453-20fa-4565-9dd4-6c6514f449bf,AP
01a02d5f-d209-778e-a2de-b16e73c06b53,68927164,avenida,Avenida 11,Provedor I,324f5453-20fa-4565-9dd4-6c6514f449bf,AP
01a03136-ba90-7d96-a358-2a39910482ee,68927164,avenida,Avenida 11,Provedor I,324f5453-20fa-4565-9dd4-6c6514f449bf,AP
01a02d5f-ca06-77e5-9e83-2c1c82930f0b,68927161,avenida,Avenida 12,Provedor I,324f5453-20fa-4565-9dd4-6c6514f449bf,AP
01a03136-ad0e-72bb-a931-852ce7def84d,68927161,avenida,Avenida 12,Provedor I,324f5453-20fa-4565-9dd4-6c6514f449bf,AP
01a02d5f-cc1c-706d-8223-9b29ae4aa73a,68927423,avenida,Avenida 12 de Abril,Provedor,324f5453-20fa-4565-9dd4-6c6514f449bf,AP
01a03136-b045-75c0-a1b9-c11be7453a13,68927423,avenida,Avenida 12 de Abril,Provedor,324f5453-20fa-4565-9dd4-6c6514f449bf,AP
01a02d5f-ca06-77e5-9e82-89b9dfd6fa18,68927158,avenida,Avenida 13,Provedor I,324f5453-20fa-4565-9dd4-6c6514f449bf,AP
01a03136-ad0a-74cc-92b4-ce8348a3399b,68927158,avenida,Avenida 13,Provedor I,324f5453-20fa-4565-9dd4-6c6514f449bf,AP
01a02d5f-c5ec-7c2f-8682-1be76c145086,68925022,avenida,Avenida 14 de Janeiro,Comercial,324f5453-20fa-4565-9dd4-6c6514f449bf,AP
01a03136-a50d-74e7-93cd-160cd02dd9cc,68925022,avenida,Avenida 14 de Janeiro,Comercial,324f5453-20fa-4565-9dd4-6c6514f449bf,AP
01a02d5f-c7ea-7bcf-a828-e11e41645524,68925213,avenida,Avenida 15 de Novembro,Central,324f5453-20fa-4565-9dd4-6c6514f449bf,AP
01a02d5f-c5ed-7d62-8a61-ab4fd2a2f66c,68925141,avenida,Avenida 15 de Novembro,Hospitalidade,324f5453-20fa-4565-9dd4-6c6514f449bf,AP
01a03136-a7fd-7908-83cc-612211684714,68925141,avenida,Avenida 15 de Novembro,Hospitalidade,324f5453-20fa-4565-9dd4-6c6514f449bf,AP
01a03136-a852-79f1-a977-8dddce1fbbfc,68925213,avenida,Avenida 15 de Novembro,Central,324f5453-20fa-4565-9dd4-6c6514f449bf,AP
01a02d5f-ca05-7f64-904e-7437152df16b,68927081,avenida,Avenida 15 de Outubro,Remedios,324f5453-20fa-4565-9dd4-6c6514f449bf,AP
01a03136-acc2-7e76-a9c0-20b6d296521f,68927081,avenida,Avenida 15 de Outubro,Remedios,324f5453-20fa-4565-9dd4-6c6514f449bf,AP
01a02d5f-ce18-7a25-a7d5-edcb607c57da,68928310,avenida,Avenida 1º de Maio,Fonte Nova,324f5453-20fa-4565-9dd4-6c6514f449bf,AP
01a03136-b3c5-77a3-81f3-722673d88215,68928310,avenida,Avenida 1º de Maio,Fonte Nova,324f5453-20fa-4565-9dd4-6c6514f449bf,AP
01a02d5f-cc1a-76a4-a267-d9f45cbab08a,68927308,avenida,Avenida 21 de Abril,Nova Brasília,324f5453-20fa-4565-9dd4-6c6514f449bf,AP
01a03136-afd4-7b92-93d6-e7707b4ddb67,68927308,avenida,Avenida 21 de Abril,Nova Brasília,324f5453-20fa-4565-9dd4-6c6514f449bf,AP
01a02d5f-cc1c-706d-8225-73ced43dc723,68927429,avenida,Avenida 25 de Dezembro,Provedor,324f5453-20fa-4565-9dd4-6c6514f449bf,AP
01a03136-b04c-70bd-9b92-0188d96020f9,68927429,avenida,Avenida 25 de Dezembro,Provedor,324f5453-20fa-4565-9dd4-6c6514f449bf,AP
01a02d5f-c5ec-7c2f-8686-9fa9181efd1a,68925034,avenida,Avenida 30 de Novembro,Comercial,324f5453-20fa-4565-9dd4-6c6514f449bf,AP
01a03136-a520-7180-aad0-92d0ad10efee,68925034,avenida,Avenida 30 de Novembro,Comercial,324f5453-20fa-4565-9dd4-6c6514f449bf,AP
01a02d5f-c7ea-7bcf-a82b-e85b9fb52b63,68925222,avenida,Avenida 7 de Setembro,Central,324f5453-20fa-4565-9dd4-6c6514f449bf,AP
01a02d5f-c5ed-74ca-8a57-44c84e5b426f,68925108,avenida,Avenida 7 de Setembro,Comercial,324f5453-20fa-4565-9dd4-6c6514f449bf,AP
01a03136-a583-7799-8e46-ce139d719e12,68925108,avenida,Avenida 7 de Setembro,Comercial,324f5453-20fa-4565-9dd4-6c6514f449bf,AP
01a03136-a85e-7a21-99ff-a757defa9bae,68925222,avenida,Avenida 7 de Setembro,Central,324f5453-20fa-4565-9dd4-6c6514f449bf,AP
01a02d5f-ca06-77e5-9e86-ee5dc45fb477,68927173,avenida,Avenida 8,Provedor I,324f5453-20fa-4565-9dd4-6c6514f449bf,AP
01a03136-ad19-7f99-b23a-d866a5e0902b,68927173,avenida,Avenida 8,Provedor I,324f5453-20fa-4565-9dd4-6c6514f449bf,AP
01a02d5f-ca06-77e5-9e85-98dbedf63d97,68927170,avenida,Avenida 9,Provedor I,324f5453-20fa-4565-9dd4-6c6514f449bf,AP
01a03136-ad15-76e0-a8bc-b64413e1098a,68927170,avenida,Avenida 9,Provedor I,324f5453-20fa-4565-9dd4-6c6514f449bf,AP
01a02d5f-bdb5-7f71-9f3a-07e14fe7f0c0,68909301,avenida,Avenida Abacatal,Brasil Novo,572484b1-1e48-4d7a-8864-2304f1a0f611,AP
01a03136-9943-75e7-9ed1-0e714f1d8954,68909301,avenida,Avenida Abacatal,Brasil Novo,572484b1-1e48-4d7a-8864-2304f1a0f611,AP
01a02d5f-d209-778e-a2ea-318dcea33c8c,68906129,avenida,Avenida Abu Dhabi,Cabralzinho,572484b1-1e48-4d7a-8864-2304f1a0f611,AP
01a03136-bcb0-7fb7-8ef6-b33d29ea3d20,68906129,avenida,Avenida Abu Dhabi,Cabralzinho,572484b1-1e48-4d7a-8864-2304f1a0f611,AP
01a02d5f-d62a-77c1-8e55-304b43422877,68907193,avenida,Avenida Acapu,Renascer,572484b1-1e48-4d7a-8864-2304f1a0f611,AP
01a03136-c06e-7146-a02a-b6f0d1ce6beb,68907193,avenida,Avenida Acapu,Renascer,572484b1-1e48-4d7a-8864-2304f1a0f611,AP
01a02d5f-d822-7f57-bf78-47290df1dc36,68929543,avenida,Avenida Acquaville,Distrito Industrial,324f5453-20fa-4565-9dd4-6c6514f449bf,AP
01a03136-c440-7f0a-9067-cea8d78e7821,68929543,avenida,Avenida Acquaville,Distrito Industrial,324f5453-20fa-4565-9dd4-6c6514f449bf,AP
01a02d5f-b9af-706c-a9a1-f730d00bc898,68908390,avenida,Avenida Acre,Pacoval,572484b1-1e48-4d7a-8864-2304f1a0f611,AP
01a02d5f-bbba-798c-b2bf-87804de6dc00,68908970,avenida,Avenida Acre,Pacoval,572484b1-1e48-4d7a-8864-2304f1a0f611,AP
01a03136-8f3e-7a4c-9018-83851c834059,68908390,avenida,Avenida Acre,Pacoval,572484b1-1e48-4d7a-8864-2304f1a0f611,AP
01a03136-95ad-7883-96ec-0543c5be0e12,68908970,avenida,Avenida Acre,Pacoval,572484b1-1e48-4d7a-8864-2304f1a0f611,AP
01a02d5f-bbb7-78d6-b37c-750cfd8b4368,68908864,avenida,Avenida Adolfo de Menezes,Infraero,572484b1-1e48-4d7a-8864-2304f1a0f611,AP
01a03136-931c-714d-b716-faf286533313,68908864,avenida,Avenida Adolfo de Menezes,Infraero,572484b1-1e48-4d7a-8864-2304f1a0f611,AP
01a02d5f-b9af-7923-a9c9-3464603032f7,68908643,avenida,Avenida Airton Senna,Boné Azul,572484b1-1e48-4d7a-8864-2304f1a0f611,AP
01a02d5f-a646-7328-8942-c49a0d123ac5,68903035,avenida,Avenida Airton Senna,Jardim Equatorial,572484b1-1e48-4d7a-8864-2304f1a0f611,AP
01a03136-7022-7953-bfc8-648e93aac305,68903035,avenida,Avenida Airton Senna,Jardim Equatorial,572484b1-1e48-4d7a-8864-2304f1a0f611,AP
01a03136-8fd3-7fe9-813a-ee1890477e52,68908643,avenida,Avenida Airton Senna,Boné Azul,572484b1-1e48-4d7a-8864-2304f1a0f611,AP
01a02d5f-b9ae-77bd-9b77-dc56f1d011b4,68908300,avenida,Avenida Alagoas,Pacoval,572484b1-1e48-4d7a-8864-2304f1a0f611,AP
01a03136-8f08-709c-8834-0c3502b02c92,68908300,avenida,Avenida Alagoas,Pacoval,572484b1-1e48-4d7a-8864-2304f1a0f611,AP
01a02d5f-b598-7d36-bef1-2964313432a1,68907180,avenida,Avenida Alexandra Lemos,Renascer,572484b1-1e48-4d7a-8864-2304f1a0f611,AP
01a03136-885e-76f7-a563-cc082a54b146,68907180,avenida,Avenida Alexandra Lemos,Renascer,572484b1-1e48-4d7a-8864-2304f1a0f611,AP
01a02d5f-bdb4-7e21-a290-24ec35f412dd,68909045,avenida,Avenida Alexandre Ferreira da Silva,Jardim Felicidade,572484b1-1e48-4d7a-8864-2304f1a0f611,AP
01a02d5f-bfdc-7fcc-b966-419e601b75c8,68909550,avenida,Avenida Alexandre Ferreira da Silva,Boné Azul,572484b1-1e48-4d7a-8864-2304f1a0f611,AP
01a02d5f-c1d9-76d0-b0d8-a1395a971c67,68909817,avenida,Avenida Alexandre Ferreira da Silva,Novo Horizonte,572484b1-1e48-4d7a-8864-2304f1a0f611,AP
01a03136-9629-7d39-967c-516fa3f0837b,68909045,avenida,Avenida Alexandre Ferreira da Silva,Jardim Felicidade,572484b1-1e48-4d7a-8864-2304f1a0f611,AP
01a03136-9cdd-7576-a905-b306154d5afb,68909550,avenida,Avenida Alexandre Ferreira da Silva,Boné Azul,572484b1-1e48-4d7a-8864-2304f1a0f611,AP
01a03136-9d84-734c-956e-de2f89f912f4,68909817,avenida,Avenida Alexandre Ferreira da Silva,Novo Horizonte,572484b1-1e48-4d7a-8864-2304f1a0f611,AP
01a02d5f-b598-7469-bed9-f7de931997da,68906972,avenida,Avenida Alexandre Ferreira da Silva 2165,Novo Horizonte,572484b1-1e48-4d7a-8864-2304f1a0f611,AP
01a03136-880a-7ac1-b063-49ef5b082a1f,68906972,avenida,Avenida Alexandre Ferreira da Silva 2165,Novo Horizonte,572484b1-1e48-4d7a-8864-2304f1a0f611,AP
01a02d5f-b9b0-71d3-ba60-576640ccf3d1,68908801,avenida,Avenida Alice do Nascimento Pimentel,Infraero,572484b1-1e48-4d7a-8864-2304f1a0f611,AP
01a03136-9248-7f79-9591-17ae3c363563,68908801,avenida,Avenida Alice do Nascimento Pimentel,Infraero,572484b1-1e48-4d7a-8864-2304f1a0f611,AP
01a02d5f-af06-723f-9dd1-1162009fe231,68904780,avenida,Avenida Almerindo S. Farias,Novo Buritizal,572484b1-1e48-4d7a-8864-2304f1a0f611,AP
01a03136-7d71-727d-88db-52ebe4543586,68904780,avenida,Avenida Almerindo S. Farias,Novo Buritizal,572484b1-1e48-4d7a-8864-2304f1a0f611,AP
01a02d5f-a1f0-759f-a329-796baefbd7b7,68901336,avenida,Avenida Almirante Barroso,Santa Rita,572484b1-1e48-4d7a-8864-2304f1a0f611,AP
01a02d5f-9fc3-7142-9051-9565214cd52a,68900041,avenida,Avenida Almirante Barroso,Central,572484b1-1e48-4d7a-8864-2304f1a0f611,AP
01a02d5f-b36d-783b-91a5-f0e65f75dc37,68906535,avenida,Avenida Almirante Barroso,Alvorada,572484b1-1e48-4d7a-8864-2304f1a0f611,AP
01a03136-65f1-7edd-b79d-6540317aa089,68900041,avenida,Avenida Almirante Barroso,Central,572484b1-1e48-4d7a-8864-2304f1a0f611,AP
01a03136-6973-75ee-9286-0d48e76f951b,68901336,avenida,Avenida Almirante Barroso,Santa Rita,572484b1-1e48-4d7a-8864-2304f1a0f611,AP
01a03136-848e-7f93-8493-05e227c5f71f,68906535,avenida,Avenida Almirante Barroso,Alvorada,572484b1-1e48-4d7a-8864-2304f1a0f611,AP
01a02d5f-bdb4-7e21-a28a-e034d7ab571e,68909033,avenida,Avenida Alvaro Carvalho Barbosa,Jardim Felicidade,572484b1-1e48-4d7a-8864-2304f1a0f611,AP
01a02d5f-bfdc-7fcc-b962-1cd2b2a8bd24,68909546,avenida,Avenida Alvaro Carvalho Barbosa,Boné Azul,572484b1-1e48-4d7a-8864-2304f1a0f611,AP
01a02d5f-c1d8-7e38-8b0f-62ab1e7b1a35,68909812,avenida,Avenida Alvaro Carvalho Barbosa,Novo Horizonte,572484b1-1e48-4d7a-8864-2304f1a0f611,AP
01a03136-9614-7ddc-bda5-3c7d297f8ce9,68909033,avenida,Avenida Alvaro Carvalho Barbosa,Jardim Felicidade,572484b1-1e48-4d7a-8864-2304f1a0f611,AP
01a03136-9ccf-75b2-a568-1924b8e1dec3,68909546,avenida,Avenida Alvaro Carvalho Barbosa,Boné Azul,572484b1-1e48-4d7a-8864-2304f1a0f611,AP
01a03136-9d73-7a90-944c-63619a4bdf5c,68909812,avenida,Avenida Alvaro Carvalho Barbosa,Novo Horizonte,572484b1-1e48-4d7a-8864-2304f1a0f611,AP
01a02d5f-b9b0-7b48-ba62-1385f078eb9a,68908803,avenida,Avenida Alzir da Silva Maia,Infraero,572484b1-1e48-4d7a-8864-2304f1a0f611,AP
01a03136-9250-71fa-b0fe-602255ab8d0c,68908803,avenida,Avenida Alzir da Silva Maia,Infraero,572484b1-1e48-4d7a-8864-2304f1a0f611,AP
01a02d5f-c1d7-746c-9158-7f18868d1c14,68909696,avenida,Avenida Amapá,Lagoa Azul,572484b1-1e48-4d7a-8864-2304f1a0f611,AP
01a02d5f-c5ec-7c2f-868d-fbe6c6c79dce,68925055,avenida,Avenida Amapá,Comercial,324f5453-20fa-4565-9dd4-6c6514f449bf,AP
01a03136-9cf6-72b2-b634-a5a7dc78cfbe,68909696,avenida,Avenida Amapá,Lagoa Azul,572484b1-1e48-4d7a-8864-2304f1a0f611,AP
01a03136-a542-7d21-8aca-19741a8d0438,68925055,avenida,Avenida Amapá,Comercial,324f5453-20fa-4565-9dd4-6c6514f449bf,AP
01a02d5f-b9ae-77bd-9b7f-c7e4086da935,68908330,avenida,Avenida Amazonas,Pacoval,572484b1-1e48-4d7a-8864-2304f1a0f611,AP
01a02d5f-c1d7-746c-9157-8beb51333171,68909695,avenida,Avenida Amazonas,Lagoa Azul,572484b1-1e48-4d7a-8864-2304f1a0f611,AP
01a03136-8f24-7bd2-a79d-3098b25f630f,68908330,avenida,Avenida Amazonas,Pacoval,572484b1-1e48-4d7a-8864-2304f1a0f611,AP
01a03136-9cf2-7dcb-8fbc-2af92f66aca5,68909695,avenida,Avenida Amazonas,Lagoa Azul,572484b1-1e48-4d7a-8864-2304f1a0f611,AP
01a02d5f-b9af-7923-a9bb-53756f495dcd,68908540,avenida,Avenida Ambrósio Lúcio da Silva,São Lázaro,572484b1-1e48-4d7a-8864-2304f1a0f611,AP
01a03136-8f9f-7b3a-8b40-5b4767efdcd1,68908540,avenida,Avenida Ambrósio Lúcio da Silva,São Lázaro,572484b1-1e48-4d7a-8864-2304f1a0f611,AP
01a02d5f-b13a-7676-958c-493933791a8a,68905800,avenida,Avenida Amélia Dias dos Santos,Perpétuo Socorro,572484b1-1e48-4d7a-8864-2304f1a0f611,AP
01a03136-81c6-7ba6-8d8c-15859fd50be6,68905800,avenida,Avenida Amélia Dias dos Santos,Perpétuo Socorro,572484b1-1e48-4d7a-8864-2304f1a0f611,AP
01a02d5f-bdb4-7573-a27c-2960258d66b2,68909015,avenida,Avenida Ana Maria Gomes da Costa,Jardim Felicidade,572484b1-1e48-4d7a-8864-2304f1a0f611,AP
01a02d5f-bfdc-7fcc-b968-5b0ef5d66a9f,68909552,avenida,Avenida Ana Maria Gomes da Costa,Boné Azul,572484b1-1e48-4d7a-8864-2304f1a0f611,AP
01a02d5f-c1d9-76d0-b0d4-afda9db45f14,68909813,avenida,Avenida Ana Maria Gomes da Costa,Novo Horizonte,572484b1-1e48-4d7a-8864-2304f1a0f611,AP
01a03136-95de-78bb-b071-0e545fef1b87,68909015,avenida,Avenida Ana Maria Gomes da Costa,Jardim Felicidade,572484b1-1e48-4d7a-8864-2304f1a0f611,AP
01a03136-9ce4-78cd-b84f-9182f5db8844,68909552,avenida,Avenida Ana Maria Gomes da Costa,Boné Azul,572484b1-1e48-4d7a-8864-2304f1a0f611,AP
01a03136-9d77-706f-b207-128880f976a8,68909813,avenida,Avenida Ana Maria Gomes da Costa,Novo Horizonte,572484b1-1e48-4d7a-8864-2304f1a0f611,AP
01a02d5f-bdb4-7573-a284-995ab0df8e6e,68909025,avenida,Avenida Ana Maria das Graças Picanço,Jardim Felicidade,572484b1-1e48-4d7a-8864-2304f1a0f611,AP
01a02d5f-bfdc-7fcc-b964-be1c526b2e0a,68909548,avenida,Avenida Ana Maria das Graças Picanço,Boné Azul,572484b1-1e48-4d7a-8864-2304f1a0f611,AP
01a02d5f-c1d9-76d0-b0d5-9a598bc199a4,68909814,avenida,Avenida Ana Maria das Graças Picanço,Novo Horizonte,572484b1-1e48-4d7a-8864-2304f1a0f611,AP
01a03136-95ff-70c5-9ac8-087bcd314659,68909025,avenida,Avenida Ana Maria das Graças Picanço,Jardim Felicidade,572484b1-1e48-4d7a-8864-2304f1a0f611,AP
01a03136-9cd6-725f-89a0-ce40d0d45e53,68909548,avenida,Avenida Ana Maria das Graças Picanço,Boné Azul,572484b1-1e48-4d7a-8864-2304f1a0f611,AP
01a03136-9d7a-750a-a230-36d127e93b09,68909814,avenida,Avenida Ana Maria das Graças Picanço,Novo Horizonte,572484b1-1e48-4d7a-8864-2304f1a0f611,AP
01a02d5f-cc1a-7f3f-a270-c41d1dd34777,68927338,avenida,Avenida Ana Mária Coelho,Nova Brasília,324f5453-20fa-4565-9dd4-6c6514f449bf,AP
01a03136-aff1-7da5-a0db-be90fc4c71b1,68927338,avenida,Avenida Ana Mária Coelho,Nova Brasília,324f5453-20fa-4565-9dd4-6c6514f449bf,AP
01a02d5f-b7a9-7692-a15b-937a6d30c6ae,68908129,avenida,Avenida Ana Nery,Jesus de Nazaré,572484b1-1e48-4d7a-8864-2304f1a0f611,AP
01a02d5f-b7a9-7f43-a15e-2fa79d33e900,68908153,avenida,Avenida Ana Nery,Julião Ramos,572484b1-1e48-4d7a-8864-2304f1a0f611,AP
01a02d5f-b139-7d0a-af40-80c5c6cb617e,68905712,avenida,Avenida Ana Nery,Perpétuo Socorro,572484b1-1e48-4d7a-8864-2304f1a0f611,AP
01a03136-819f-70cb-9404-82b9947ac25d,68905712,avenida,Avenida Ana Nery,Perpétuo Socorro,572484b1-1e48-4d7a-8864-2304f1a0f611,AP
01a03136-8c63-7c42-b20c-9053a64c0093,68908129,avenida,Avenida Ana Nery,Jesus de Nazaré,572484b1-1e48-4d7a-8864-2304f1a0f611,AP
01a03136-8e87-70f6-9095-64b81acb4dd7,68908153,avenida,Avenida Ana Nery,Julião Ramos,572484b1-1e48-4d7a-8864-2304f1a0f611,AP
01a02d5f-b36e-79f4-a0f3-665838c6c4c4,68906813,avenida,Avenida Anabens,Cabralzinho,572484b1-1e48-4d7a-8864-2304f1a0f611,AP
01a03136-850c-7ee3-a8d1-4e2b5940bec0,68906813,avenida,Avenida Anabens,Cabralzinho,572484b1-1e48-4d7a-8864-2304f1a0f611,AP
01a02d5f-b13b-7848-915a-2d361115aedd,68906033,avenida,Avenida Anastácio Gaudêncio da Silva,Goiabal,572484b1-1e48-4d7a-8864-2304f1a0f611,AP
01a03136-8207-7104-9269-f1057a097a17,68906033,avenida,Avenida Anastácio Gaudêncio da Silva,Goiabal,572484b1-1e48-4d7a-8864-2304f1a0f611,AP
01a02d5f-bdb4-7573-a27a-1c72ca71cfbd,68909013,avenida,Avenida Ancelmo Paulo Ramos,Jardim Felicidade,572484b1-1e48-4d7a-8864-2304f1a0f611,AP
01a02d5f-c1da-77da-ae53-d265e260779c,68909834,avenida,Avenida Ancelmo Paulo Ramos,Novo Horizonte,572484b1-1e48-4d7a-8864-2304f1a0f611,AP
01a03136-95d7-7755-bdc7-46ce719685eb,68909013,avenida,Avenida Ancelmo Paulo Ramos,Jardim Felicidade,572484b1-1e48-4d7a-8864-2304f1a0f611,AP
01a03136-9db8-7f1a-ae52-82be2c675df2,68909834,avenida,Avenida Ancelmo Paulo Ramos,Novo Horizonte,572484b1-1e48-4d7a-8864-2304f1a0f611,AP
01a02d5f-bbb9-70e8-861f-7b862630a98a,68908867,avenida,Avenida André Luís,Infraero,572484b1-1e48-4d7a-8864-2304f1a0f611,AP
01a03136-9323-7e81-a4e1-5c8c72b02f10,68908867,avenida,Avenida André Luís,Infraero,572484b1-1e48-4d7a-8864-2304f1a0f611,AP
01a02d5f-b9af-7923-a9be-d2ea13171d0d,68908570,avenida,Avenida Anete Gomes da Silva,São Lázaro,572484b1-1e48-4d7a-8864-2304f1a0f611,AP
01a03136-8faa-7fc6-9835-46b3a3f12b0f,68908570,avenida,Avenida Anete Gomes da Silva,São Lázaro,572484b1-1e48-4d7a-8864-2304f1a0f611,AP
01a02d5f-bfdb-76eb-9356-251c93d1fc16,68909467,avenida,Avenida Angelim,Boné Azul,572484b1-1e48-4d7a-8864-2304f1a0f611,AP
01a03136-99d1-75a8-9e52-c56074b73f7e,68909467,avenida,Avenida Angelim,Boné Azul,572484b1-1e48-4d7a-8864-2304f1a0f611,AP
01a02d5f-d414-794d-9a50-ffb9b0eb2d0a,68909376,avenida,Avenida Angra dos Reis,Brasil Novo,572484b1-1e48-4d7a-8864-2304f1a0f611,AP
01a03136-bd0e-7b61-a15d-29f9cce22c5c,68909376,avenida,Avenida Angra dos Reis,Brasil Novo,572484b1-1e48-4d7a-8864-2304f1a0f611,AP
01a02d5f-a645-716e-9cc5-5159a209d0cd,68902860,avenida,Avenida Anhangüera,Buritizal,572484b1-1e48-4d7a-8864-2304f1a0f611,AP
01a02d5f-a41e-7ef5-b89b-a18ba576870b,68902005,avenida,Avenida Anhangüera,Beirol,572484b1-1e48-4d7a-8864-2304f1a0f611,AP
01a03136-6c62-74f6-9b3c-fd63d9b3388f,68902005,avenida,Avenida Anhangüera,Beirol,572484b1-1e48-4d7a-8864-2304f1a0f611,AP
01a03136-6f8d-76a0-8b91-ebd12da97965,68902860,avenida,Avenida Anhangüera,Buritizal,572484b1-1e48-4d7a-8864-2304f1a0f611,AP
01a02d5f-b9b0-71d3-ba4f-da45287c9ff9,68908647,avenida,Avenida Anibal Barcelos,Boné Azul,572484b1-1e48-4d7a-8864-2304f1a0f611,AP
01a03136-8fe2-7c3a-8586-3a36176b4c84,68908647,avenida,Avenida Anibal Barcelos,Boné Azul,572484b1-1e48-4d7a-8864-2304f1a0f611,AP
01a02d5f-b9b0-7b48-ba61-a3dc9c477e15,68908802,avenida,Avenida Antenor Epifânio Martins,Infraero,572484b1-1e48-4d7a-8864-2304f1a0f611,AP
01a03136-924c-7d62-a15b-59e982e5298a,68908802,avenida,Avenida Antenor Epifânio Martins,Infraero,572484b1-1e48-4d7a-8864-2304f1a0f611,AP
01a02d5f-c5ea-79ec-95e7-eebc2aedc214,68911405,avenida,Avenida Antenor Vaz dos Santos,Muruci (Fazendinha),572484b1-1e48-4d7a-8864-2304f1a0f611,AP
01a03136-a458-7502-93cf-47465db587db,68911405,avenida,Avenida Antenor Vaz dos Santos,Muruci (Fazendinha),572484b1-1e48-4d7a-8864-2304f1a0f611,AP
01a02d5f-d824-7084-91bb-8f3c562b3526,68933006,avenida,Avenida Antonia Henriqueta,Ilha de Santana,324f5453-20fa-4565-9dd4-6c6514f449bf,AP
01a03136-c6cd-7756-b8f8-f8f3ec53af07,68933006,avenida,Avenida Antonia Henriqueta,Ilha de Santana,324f5453-20fa-4565-9dd4-6c6514f449bf,AP
01a02d5f-a1ee-7357-9f78-9bb53e33bd10,68901019,avenida,Avenida Antonio Gonçalves Tocantins,Trem,572484b1-1e48-4d7a-8864-2304f1a0f611,AP
01a03136-68ba-7de4-b601-03358d83b88e,68901019,avenida,Avenida Antonio Gonçalves Tocantins,Trem,572484b1-1e48-4d7a-8864-2304f1a0f611,AP
01a02d5f-cc19-7563-a00e-f710ba635d4e,68927248,avenida,Avenida Antonio Nunes,Nova Brasília,324f5453-20fa-4565-9dd4-6c6514f449bf,AP
01a03136-af95-7866-87e7-c01ac9ccf5fb,68927248,avenida,Avenida Antonio Nunes,Nova Brasília,324f5453-20fa-4565-9dd4-6c6514f449bf,AP
01a02d5f-b599-761e-a3de-8d55852ddeff,68907303,avenida,Avenida Antônio Carlos Farias de Souza,Pantanal,572484b1-1e48-4d7a-8864-2304f1a0f611,AP
01a03136-88b0-709f-b169-00a6d3594432,68907303,avenida,Avenida Antônio Carlos Farias de Souza,Pantanal,572484b1-1e48-4d7a-8864-2304f1a0f611,AP
01a02d5f-bdb4-7e21-a28c-883f2f1a1f53,68909035,avenida,Avenida Antônio Carlos Reis,Jardim Felicidade,572484b1-1e48-4d7a-8864-2304f1a0f611,AP
01a02d5f-c1d9-76d0-b0d7-5f0bdd95a935,68909816,avenida,Avenida Antônio Carlos Reis,Novo Horizonte,572484b1-1e48-4d7a-8864-2304f1a0f611,AP
01a03136-961b-7f37-8e2f-ce0f3b08b9b5,68909035,avenida,Avenida Antônio Carlos Reis,Jardim Felicidade,572484b1-1e48-4d7a-8864-2304f1a0f611,AP
01a03136-9d80-7f1b-a8a5-5350152045f9,68909816,avenida,Avenida Antônio Carlos Reis,Novo Horizonte,572484b1-1e48-4d7a-8864-2304f1a0f611,AP
01a02d5f-aaab-7afa-bdc2-a5c090808307,68903750,avenida,Avenida Antônio Castro Monteiro,Universidade,572484b1-1e48-4d7a-8864-2304f1a0f611,AP
01a03136-76eb-7cc4-9f82-a18d5e7ddc2b,68903750,avenida,Avenida Antônio Castro Monteiro,Universidade,572484b1-1e48-4d7a-8864-2304f1a0f611,AP
01a02d5f-a1ef-7d2d-8324-0885e3edee5d,68901280,avenida,Avenida Antônio Coelho de Carvalho,Santa Rita,572484b1-1e48-4d7a-8864-2304f1a0f611,AP
01a02d5f-9fc2-78dc-aa7a-0f32974fcb25,68900015,avenida,Avenida Antônio Coelho de Carvalho,Central,572484b1-1e48-4d7a-8864-2304f1a0f611,AP
01a03136-65ce-7426-805f-d1f1c5e50334,68900015,avenida,Avenida Antônio Coelho de Carvalho,Central,572484b1-1e48-4d7a-8864-2304f1a0f611,AP
01a03136-6936-7fb9-b9f4-986661e3269f,68901280,avenida,Avenida Antônio Coelho de Carvalho,Santa Rita,572484b1-1e48-4d7a-8864-2304f1a0f611,AP
01a02d5f-d00a-7a39-bea1-1442753ab3a7,68904062,avenida,Avenida Antônio Ferreira de Jesus,Novo Buritizal,572484b1-1e48-4d7a-8864-2304f1a0f611,AP
01a03136-b6d6-7381-ba76-c8d9a3586001,68904062,avenida,Avenida Antônio Ferreira de Jesus,Novo Buritizal,572484b1-1e48-4d7a-8864-2304f1a0f611,AP
01a02d5f-a878-7809-a0c2-cf02fd124407,68903362,avenida,Avenida Antônio Lisboa Pinheiro,Jardim Marco Zero,572484b1-1e48-4d7a-8864-2304f1a0f611,AP
01a03136-737a-75ad-83ad-cf75d1e0a253,68903362,avenida,Avenida Antônio Lisboa Pinheiro,Jardim Marco Zero,572484b1-1e48-4d7a-8864-2304f1a0f611,AP
01a02d5f-c1d9-76d0-b0db-0c09e318682c,68909820,avenida,Avenida Antônio Picanço e Silva,Novo Horizonte,572484b1-1e48-4d7a-8864-2304f1a0f611,AP
01a03136-9d8e-7058-8b29-c59d3a80771e,68909820,avenida,Avenida Antônio Picanço e Silva,Novo Horizonte,572484b1-1e48-4d7a-8864-2304f1a0f611,AP
01a02d5f-b599-761e-a3e4-76b6275bb8e0,68907309,avenida,Avenida Antônio Rufino da Paixão,Pantanal,572484b1-1e48-4d7a-8864-2304f1a0f611,AP
01a03136-88c6-7177-b387-a1261c21113b,68907309,avenida,Avenida Antônio Rufino da Paixão,Pantanal,572484b1-1e48-4d7a-8864-2304f1a0f611,AP
01a02d5f-b599-761e-a3e1-bedba2b2f666,68907306,avenida,Avenida Antônio Serafim dos Santos,Pantanal,572484b1-1e48-4d7a-8864-2304f1a0f611,AP
01a03136-88bb-707f-85f4-11bc6bea3767,68907306,avenida,Avenida Antônio Serafim dos Santos,Pantanal,572484b1-1e48-4d7a-8864-2304f1a0f611,AP
01a02d5f-c1da-77da-ae55-c581adb12322,68909837,avenida,Avenida Antônio Vidal Madureira,Novo Horizonte,572484b1-1e48-4d7a-8864-2304f1a0f611,AP
01a03136-9dbe-7f48-90e2-78725e52da54,68909837,avenida,Avenida Antônio Vidal Madureira,Novo Horizonte,572484b1-1e48-4d7a-8864-2304f1a0f611,AP
01a02d5f-bfdb-76eb-9355-9431c5d40c56,68909466,avenida,Avenida Aquariquara,Boné Azul,572484b1-1e48-4d7a-8864-2304f1a0f611,AP
01a03136-99ce-713e-af0b-97b3eef9b64b,68909466,avenida,Avenida Aquariquara,Boné Azul,572484b1-1e48-4d7a-8864-2304f1a0f611,AP
01a02d5f-d208-7ee0-9f26-6c0fd78e4450,68911470,avenida,Avenida Araguaia,Muruci (Fazendinha),572484b1-1e48-4d7a-8864-2304f1a0f611,AP
01a03136-ba64-7a02-9de7-639a93c28e07,68911470,avenida,Avenida Araguaia,Muruci (Fazendinha),572484b1-1e48-4d7a-8864-2304f1a0f611,AP
01a02d5f-bdb5-7f71-9f33-7963a9df290a,68909170,avenida,Avenida Araucária,Boné Azul,572484b1-1e48-4d7a-8864-2304f1a0f611,AP
01a03136-992a-7650-a5f7-71984ac78ab0,68909170,avenida,Avenida Araucária,Boné Azul,572484b1-1e48-4d7a-8864-2304f1a0f611,AP
01a02d5f-d00b-72e2-b181-503f6a88cb49,68906181,avenida,Avenida Argentina,São José,572484b1-1e48-4d7a-8864-2304f1a0f611,AP
01a03136-b702-7711-b28b-0bf421e9de05,68906181,avenida,Avenida Argentina,São José,572484b1-1e48-4d7a-8864-2304f1a0f611,AP
01a02d5f-c7ec-76ac-a79d-b7f208a4b810,68926048,avenida,Avenida Armando Firmino de Matos,Novo Horizonte,324f5453-20fa-4565-9dd4-6c6514f449bf,AP
01a03136-a908-7446-8595-449971a9e655,68926048,avenida,Avenida Armando Firmino de Matos,Novo Horizonte,324f5453-20fa-4565-9dd4-6c6514f449bf,AP
01a02d5f-acd6-7ea4-894f-21516218ee78,68904030,avenida,Avenida Armando Limeira Pontes,Novo Buritizal,572484b1-1e48-4d7a-8864-2304f1a0f611,AP
01a03136-79fa-7f39-9ed0-1c07f914a4cb,68904030,avenida,Avenida Armando Limeira Pontes,Novo Buritizal,572484b1-1e48-4d7a-8864-2304f1a0f611,AP
01a02d5f-b9af-7923-a9bd-83ba41fe91f5,68908560,avenida,Avenida Armando Tupan Alves de Abreu,São Lázaro,572484b1-1e48-4d7a-8864-2304f1a0f611,AP
01a03136-8fa6-7eed-870e-4374daed94a6,68908560,avenida,Avenida Armando Tupan Alves de Abreu,São Lázaro,572484b1-1e48-4d7a-8864-2304f1a0f611,AP
01a02d5f-acd8-78e3-aa75-69c07ee262e4,68904350,avenida,Avenida Arthur Roque,Congós,572484b1-1e48-4d7a-8864-2304f1a0f611,AP
01a03136-7cd8-7183-91a9-f895a7f3c3f3,68904350,avenida,Avenida Arthur Roque,Congós,572484b1-1e48-4d7a-8864-2304f1a0f611,AP
01a02d5f-a1ef-7d2d-8323-053df3d64147,68901275,avenida,Avenida Ataíde Teive,Santa Rita,572484b1-1e48-4d7a-8864-2304f1a0f611,AP
01a02d5f-9fc4-72a2-bc87-4eceaf771021,68900095,avenida,Avenida Ataíde Teive,Central,572484b1-1e48-4d7a-8864-2304f1a0f611,AP
01a03136-683b-7823-9ca3-b5c9461c3b6c,68900095,avenida,Avenida Ataíde Teive,Central,572484b1-1e48-4d7a-8864-2304f1a0f611,AP
01a03136-6933-7af3-9cb2-0e6362aaf06b,68901275,avenida,Avenida Ataíde Teive,Santa Rita,572484b1-1e48-4d7a-8864-2304f1a0f611,AP
01a02d5f-aaac-737d-ba53-290218236243,68903781,avenida,Avenida Aturiá,Araxá,572484b1-1e48-4d7a-8864-2304f1a0f611,AP
01a03136-772c-7668-838c-87c6b3b52bda,68903781,avenida,Avenida Aturiá,Araxá,572484b1-1e48-4d7a-8864-2304f1a0f611,AP
01a02d5f-b599-761e-a3e3-0f9723441f5d,68907308,avenida,Avenida Augusto Quaresma Bruno,Pantanal,572484b1-1e48-4d7a-8864-2304f1a0f611,AP
01a03136-88c2-72ab-81c3-25d2a8b3122d,68907308,avenida,Avenida Augusto Quaresma Bruno,Pantanal,572484b1-1e48-4d7a-8864-2304f1a0f611,AP
01a02d5f-acd8-78e3-aa7e-c5afea4dc63d,68904379,avenida,Avenida Augusto Santos,Congós,572484b1-1e48-4d7a-8864-2304f1a0f611,AP
01a03136-7cf5-74ea-9df1-0796133a782c,68904379,avenida,Avenida Augusto Santos,Congós,572484b1-1e48-4d7a-8864-2304f1a0f611,AP
01a02d5f-acd8-78e3-aa7f-68df53808721,68904381,avenida,Avenida Aureliano Rening,Congós,572484b1-1e48-4d7a-8864-2304f1a0f611,AP
01a03136-7cf8-7ae4-9352-4d0da3da8a33,68904381,avenida,Avenida Aureliano Rening,Congós,572484b1-1e48-4d7a-8864-2304f1a0f611,AP
01a02d5f-b9af-706c-a9b1-b10fa2b33853,68908470,avenida,Avenida Aurino Borges de Oliveira,São Lázaro,572484b1-1e48-4d7a-8864-2304f1a0f611,AP
01a03136-8f7a-7a4d-9b06-508f03c61752,68908470,avenida,Avenida Aurino Borges de Oliveira,São Lázaro,572484b1-1e48-4d7a-8864-2304f1a0f611,AP
01a02d5f-a879-70e4-8745-9003d65c130e,68903385,avenida,Avenida Aurora Boreau,Jardim Marco Zero,572484b1-1e48-4d7a-8864-2304f1a0f611,AP
01a03136-75e2-7a50-b5b2-316954405ee1,68903385,avenida,Avenida Aurora Boreau,Jardim Marco Zero,572484b1-1e48-4d7a-8864-2304f1a0f611,AP
01a02d5f-acd8-7013-aa65-3bbdb9521a40,68904282,avenida,Avenida Aurora Ferreira da Costa,Novo Buritizal,572484b1-1e48-4d7a-8864-2304f1a0f611,AP
01a03136-7a7b-743f-850a-848f15e26c31,68904282,avenida,Avenida Aurora Ferreira da Costa,Novo Buritizal,572484b1-1e48-4d7a-8864-2304f1a0f611,AP
01a02d5f-c5ec-7383-867a-c809d4fff7d6,68924970,avenida,Avenida Ayrton Senna 332,Centro,efe71e47-6f15-4046-9785-f70e543ba8f4,AP
01a03136-a4e6-7f1f-8afb-cbc0f02b48fb,68924970,avenida,Avenida Ayrton Senna 332,Centro,efe71e47-6f15-4046-9785-f70e543ba8f4,AP
01a02d5f-bdb6-77fa-891d-fb7242af16f3,68909304,avenida,Avenida Açai,Brasil Novo,572484b1-1e48-4d7a-8864-2304f1a0f611,AP
01a03136-994e-7069-93b9-bfb2066e5f70,68909304,avenida,Avenida Açai,Brasil Novo,572484b1-1e48-4d7a-8864-2304f1a0f611,AP
01a02d5f-c7ec-76ac-a7aa-76c20294c453,68926102,avenida,Avenida B 1,Vila Amazonas,324f5453-20fa-4565-9dd4-6c6514f449bf,AP
01a03136-a938-79b9-a53d-33a32337e57d,68926102,avenida,Avenida B 1,Vila Amazonas,324f5453-20fa-4565-9dd4-6c6514f449bf,AP
01a02d5f-b9ae-77bd-9b7d-bc0458783f53,68908320,avenida,Avenida Bahia,Pacoval,572484b1-1e48-4d7a-8864-2304f1a0f611,AP
01a03136-8f1d-7ab2-894b-205e3bfb87e1,68908320,avenida,Avenida Bahia,Pacoval,572484b1-1e48-4d7a-8864-2304f1a0f611,AP
01a02d5f-b598-7d36-bef0-16419e52dcb7,68907170,avenida,Avenida Balcans,Renascer,572484b1-1e48-4d7a-8864-2304f1a0f611,AP
01a03136-885a-78c8-a636-b92178013a3f,68907170,avenida,Avenida Balcans,Renascer,572484b1-1e48-4d7a-8864-2304f1a0f611,AP
01a02d5f-d62b-78d9-b472-48c258074f68,68909338,avenida,Avenida Bananal,Brasil Novo,572484b1-1e48-4d7a-8864-2304f1a0f611,AP
01a03136-c0cb-70f3-bdc7-68a9945e928a,68909338,avenida,Avenida Bananal,Brasil Novo,572484b1-1e48-4d7a-8864-2304f1a0f611,AP
01a02d5f-bfda-7e3e-870b-dddb7e185aec,68909309,avenida,Avenida Bananeira,Brasil Novo,572484b1-1e48-4d7a-8864-2304f1a0f611,AP
01a03136-995d-7b66-a67c-5f4525258e4b,68909309,avenida,Avenida Bananeira,Brasil Novo,572484b1-1e48-4d7a-8864-2304f1a0f611,AP
01a02d5f-d00a-71c5-be8b-1e27668feea2,68980970,avenida,Avenida Barão do Rio Branco 261,Centro,ca8db257-9f10-495f-a876-46167aa57add,AP
01a03136-b680-72ab-b420-f27f49f093ef,68980970,avenida,Avenida Barão do Rio Branco 261,Centro,ca8db257-9f10-495f-a876-46167aa57add,AP
01a02d5f-c1db-791b-aa36-47bf60aa2387,68909862,avenida,Avenida Beija Flores,Marabaixo,572484b1-1e48-4d7a-8864-2304f1a0f611,AP
01a03136-9e0a-7853-ae63-0bb0269601ee,68909862,avenida,Avenida Beija Flores,Marabaixo,572484b1-1e48-4d7a-8864-2304f1a0f611,AP
01a02d5f-aaab-7206-bdb9-6428f2e2dd32,68903637,avenida,Avenida Belas Artes,Universidade,572484b1-1e48-4d7a-8864-2304f1a0f611,AP
01a03136-76cc-79ff-a014-7dc9fffa3ab8,68903637,avenida,Avenida Belas Artes,Universidade,572484b1-1e48-4d7a-8864-2304f1a0f611,AP
01a02d5f-d62c-79e2-b6f7-ec5cd7e3455a,68909362,avenida,Avenida Belém,Brasil Novo,572484b1-1e48-4d7a-8864-2304f1a0f611,AP
01a03136-c10d-7b64-8fe1-9d0a6cf11160,68909362,avenida,Avenida Belém,Brasil Novo,572484b1-1e48-4d7a-8864-2304f1a0f611,AP
01a02d5f-af05-707b-86b7-1cbcc575435f,68904395,avenida,Avenida Bem-Hur Corrêa Alves,Congós,572484b1-1e48-4d7a-8864-2304f1a0f611,AP
01a03136-7d17-7457-b106-f7b2f14bcc13,68904395,avenida,Avenida Bem-Hur Corrêa Alves,Congós,572484b1-1e48-4d7a-8864-2304f1a0f611,AP
01a02d5f-b36e-79f4-a0f2-fb2e28a70e13,68906812,avenida,Avenida Bem-te-vi,Cabralzinho,572484b1-1e48-4d7a-8864-2304f1a0f611,AP
01a03136-8509-7978-977b-e38b1ca7c4ac,68906812,avenida,Avenida Bem-te-vi,Cabralzinho,572484b1-1e48-4d7a-8864-2304f1a0f611,AP
01a02d5f-b36d-783b-919a-f5621bcd46e4,68906520,avenida,Avenida Benedito Costa,Marabaixo,572484b1-1e48-4d7a-8864-2304f1a0f611,AP
01a03136-846b-712b-95a9-28071256a406,68906520,avenida,Avenida Benedito Costa,Marabaixo,572484b1-1e48-4d7a-8864-2304f1a0f611,AP
01a02d5f-a41e-7468-b88c-58207f710610,68901690,avenida,Avenida Benedito Malcher,Nova Esperança,572484b1-1e48-4d7a-8864-2304f1a0f611,AP
01a03136-6c2e-7ebc-bf5e-9faab089b068,68901690,avenida,Avenida Benedito Malcher,Nova Esperança,572484b1-1e48-4d7a-8864-2304f1a0f611,AP
01a02d5f-d00c-7cb1-b853-2ec8bd585cff,68906468,avenida,Avenida Benedito Ramos Castro,Marabaixo,572484b1-1e48-4d7a-8864-2304f1a0f611,AP
01a03136-b963-73c6-8fd6-d00f8e3c9946,68906468,avenida,Avenida Benedito Ramos Castro,Marabaixo,572484b1-1e48-4d7a-8864-2304f1a0f611,AP
01a02d5f-c7ec-76ac-a79f-28f8ef713b65,68926056,avenida,Avenida Benedito de Jesus Cardoso,Novo Horizonte,324f5453-20fa-4565-9dd4-6c6514f449bf,AP
01a03136-a910-706a-887f-01e978c78695,68926056,avenida,Avenida Benedito de Jesus Cardoso,Novo Horizonte,324f5453-20fa-4565-9dd4-6c6514f449bf,AP
01a02d5f-ca04-7e38-baaa-59b71a843b4f,68927012,avenida,Avenida Bento Maciel Parente,Remedios,324f5453-20fa-4565-9dd4-6c6514f449bf,AP
01a03136-ac72-7884-92d1-c509fc4a02e1,68927012,avenida,Avenida Bento Maciel Parente,Remedios,324f5453-20fa-4565-9dd4-6c6514f449bf,AP
01a02d5f-d00b-72e2-b183-86bd91264392,68906183,avenida,Avenida Bolivia,São José,572484b1-1e48-4d7a-8864-2304f1a0f611,AP
01a03136-b709-7d14-b613-754b2913e613,68906183,avenida,Avenida Bolivia,São José,572484b1-1e48-4d7a-8864-2304f1a0f611,AP
01a02d5f-d209-778e-a2d5-5a8fbb057f21,68911475,avenida,Avenida Bom fim,Muruci (Fazendinha),572484b1-1e48-4d7a-8864-2304f1a0f611,AP
01a03136-ba73-7273-a608-7b288a3e15e5,68911475,avenida,Avenida Bom fim,Muruci (Fazendinha),572484b1-1e48-4d7a-8864-2304f1a0f611,AP
01a02d5f-b13c-7126-b1ba-1e400840f7d1,68906060,avenida,Avenida Bonfim,Goiabal,572484b1-1e48-4d7a-8864-2304f1a0f611,AP
01a03136-8223-7acc-82b2-b6f5cb755d67,68906060,avenida,Avenida Bonfim,Goiabal,572484b1-1e48-4d7a-8864-2304f1a0f611,AP
01a02d5f-d00c-73d6-b846-ec943e649d15,68906454,avenida,Avenida Bosque,Marabaixo,572484b1-1e48-4d7a-8864-2304f1a0f611,AP
01a03136-b743-7a3d-8d58-eaa6799c6c97,68906454,avenida,Avenida Bosque,Marabaixo,572484b1-1e48-4d7a-8864-2304f1a0f611,AP
01a02d5f-b9af-7923-a9c7-97b9c544cf89,68908641,avenida,Avenida Brasil,Boné Azul,572484b1-1e48-4d7a-8864-2304f1a0f611,AP
01a02d5f-d00b-72e2-b184-842d992f5be5,68906184,avenida,Avenida Brasil,São José,572484b1-1e48-4d7a-8864-2304f1a0f611,AP
01a02d5f-d629-76f8-be2a-3735fa079b57,68906791,avenida,Avenida Brasil,Cabralzinho,572484b1-1e48-4d7a-8864-2304f1a0f611,AP
01a02d5f-d822-76b7-bf6b-58a63622ca45,68928406,avenida,Avenida Brasil,Fé em Deus,324f5453-20fa-4565-9dd4-6c6514f449bf,AP
01a02d5f-ce18-7a25-a7d6-19ca4ffdcfc3,68928313,avenida,Avenida Brasil,Fonte Nova,324f5453-20fa-4565-9dd4-6c6514f449bf,AP
01a03136-8fcb-7ab8-861f-30afb1aec05d,68908641,avenida,Avenida Brasil,Boné Azul,572484b1-1e48-4d7a-8864-2304f1a0f611,AP
01a03136-b3c8-7c87-9911-d8e99b9231bc,68928313,avenida,Avenida Brasil,Fonte Nova,324f5453-20fa-4565-9dd4-6c6514f449bf,AP
01a03136-b70c-7864-b4cd-437d631d2436,68906184,avenida,Avenida Brasil,São José,572484b1-1e48-4d7a-8864-2304f1a0f611,AP
01a03136-c045-72fb-b9bb-049406d31e60,68906791,avenida,Avenida Brasil,Cabralzinho,572484b1-1e48-4d7a-8864-2304f1a0f611,AP
01a03136-c411-71d7-8072-ac05fef98e70,68928406,avenida,Avenida Brasil,Fé em Deus,324f5453-20fa-4565-9dd4-6c6514f449bf,AP
01a02d5f-ce18-7a25-a7d7-47b3ac9378cd,68928316,avenida,Avenida Brasilia,Fonte Nova,324f5453-20fa-4565-9dd4-6c6514f449bf,AP
01a02d5f-ce16-7fd0-a082-04b43fb58a69,68928078,avenida,Avenida Brasilia,Paraíso,324f5453-20fa-4565-9dd4-6c6514f449bf,AP
01a02d5f-cc1c-795a-8229-f952bb63bc19,68927441,avenida,Avenida Brasilia,Provedor,324f5453-20fa-4565-9dd4-6c6514f449bf,AP
01a02d5f-cc19-7e0d-a01e-6343a48b6287,68927296,avenida,Avenida Brasilia,Nova Brasília,324f5453-20fa-4565-9dd4-6c6514f449bf,AP
01a02d5f-c7ea-7330-a818-6b0cf267d90a,68925165,avenida,Avenida Brasilia,Hospitalidade,324f5453-20fa-4565-9dd4-6c6514f449bf,AP
01a03136-a81b-7eba-a4a4-11679cba5112,68925165,avenida,Avenida Brasilia,Hospitalidade,324f5453-20fa-4565-9dd4-6c6514f449bf,AP
01a03136-afc8-7151-8008-38bbf8fe03fc,68927296,avenida,Avenida Brasilia,Nova Brasília,324f5453-20fa-4565-9dd4-6c6514f449bf,AP
01a03136-b058-7dcc-8278-65615da17283,68927441,avenida,Avenida Brasilia,Provedor,324f5453-20fa-4565-9dd4-6c6514f449bf,AP
01a03136-b2ca-7464-8365-93ee28e92967,68928078,avenida,Avenida Brasilia,Paraíso,324f5453-20fa-4565-9dd4-6c6514f449bf,AP
01a03136-b3cc-707d-9201-42d55387c656,68928316,avenida,Avenida Brasilia,Fonte Nova,324f5453-20fa-4565-9dd4-6c6514f449bf,AP
01a02d5f-d208-7ee0-9f25-0dbaa9e55dab,68911469,avenida,Avenida Breviense,Muruci (Fazendinha),572484b1-1e48-4d7a-8864-2304f1a0f611,AP
01a03136-ba61-74e6-82c8-65b13606942b,68911469,avenida,Avenida Breviense,Muruci (Fazendinha),572484b1-1e48-4d7a-8864-2304f1a0f611,AP
01a02d5f-bbb9-70e8-8623-c63428d2a6bc,68908871,avenida,Avenida Brigadeiro Araripe Macedo,Infraero,572484b1-1e48-4d7a-8864-2304f1a0f611,AP
01a03136-9332-7385-9ef6-77d31d2a97f0,68908871,avenida,Avenida Brigadeiro Araripe Macedo,Infraero,572484b1-1e48-4d7a-8864-2304f1a0f611,AP
01a02d5f-bbb9-7967-8630-0c44b5aa020c,68908884,avenida,Avenida Brigadeiro Farias Lima,Infraero,572484b1-1e48-4d7a-8864-2304f1a0f611,AP
01a03136-935f-7e67-8027-d380ca3508d2,68908884,avenida,Avenida Brigadeiro Farias Lima,Infraero,572484b1-1e48-4d7a-8864-2304f1a0f611,AP
01a02d5f-d629-7f5c-be32-6d7677d94c78,68906802,avenida,Avenida Brunei,Cabralzinho,572484b1-1e48-4d7a-8864-2304f1a0f611,AP
01a03136-c05e-76f1-8ec9-2b36ff7487ba,68906802,avenida,Avenida Brunei,Cabralzinho,572484b1-1e48-4d7a-8864-2304f1a0f611,AP
01a02d5f-d414-794d-9a4f-f6e7e019de7c,68909375,avenida,Avenida Búzios,Brasil Novo,572484b1-1e48-4d7a-8864-2304f1a0f611,AP
01a03136-bd0b-76bc-bd03-2bde75f0a8d6,68909375,avenida,Avenida Búzios,Brasil Novo,572484b1-1e48-4d7a-8864-2304f1a0f611,AP
01a02d5f-a877-767a-b936-d7e11b674786,68903250,avenida,Avenida Cabo Maurício,Jardim Marco Zero,572484b1-1e48-4d7a-8864-2304f1a0f611,AP
01a03136-72f6-799e-8d54-9355ef415dd4,68903250,avenida,Avenida Cabo Maurício,Jardim Marco Zero,572484b1-1e48-4d7a-8864-2304f1a0f611,AP
01a02d5f-acd8-78e3-aa79-d32dc11af24d,68904370,avenida,Avenida Cabo Velho,Congós,572484b1-1e48-4d7a-8864-2304f1a0f611,AP
01a03136-7ce4-7381-8aff-d75321caedc0,68904370,avenida,Avenida Cabo Velho,Congós,572484b1-1e48-4d7a-8864-2304f1a0f611,AP
01a02d5f-a645-7a87-9ce7-b44ebeb06d90,68903011,avenida,Avenida Caetes,Jardim Equatorial,572484b1-1e48-4d7a-8864-2304f1a0f611,AP
01a03136-7001-7df2-845e-b509e6327d4e,68903011,avenida,Avenida Caetes,Jardim Equatorial,572484b1-1e48-4d7a-8864-2304f1a0f611,AP
01a02d5f-d628-7e94-a132-1e90c2644e1e,68906506,avenida,Avenida Campestre,Marabaixo,572484b1-1e48-4d7a-8864-2304f1a0f611,AP
01a03136-c027-7568-b1ad-a59147079c5e,68906506,avenida,Avenida Campestre,Marabaixo,572484b1-1e48-4d7a-8864-2304f1a0f611,AP
01a02d5f-d822-76b7-bf61-5f4a253aaa46,68925118,avenida,Avenida Canal dos Madeireiros,Comercial,324f5453-20fa-4565-9dd4-6c6514f449bf,AP
01a03136-c3ec-791a-b0b9-60be2c9bfa38,68925118,avenida,Avenida Canal dos Madeireiros,Comercial,324f5453-20fa-4565-9dd4-6c6514f449bf,AP
01a02d5f-bfda-7e3e-870e-c38a5a00bbfe,68909313,avenida,Avenida Caneleira,Brasil Novo,572484b1-1e48-4d7a-8864-2304f1a0f611,AP
01a03136-9968-7215-ab4c-f78931531d96,68909313,avenida,Avenida Caneleira,Brasil Novo,572484b1-1e48-4d7a-8864-2304f1a0f611,AP
01a02d5f-a645-716e-9cc8-b8517adfebe3,68902863,avenida,Avenida Caramuru,Buritizal,572484b1-1e48-4d7a-8864-2304f1a0f611,AP
01a02d5f-a41f-77a2-b948-4c5e2296389e,68902100,avenida,Avenida Caramuru,Beirol,572484b1-1e48-4d7a-8864-2304f1a0f611,AP
01a02d5f-a41d-7bad-9772-2f19ab8899f9,68901542,avenida,Avenida Caramuru,Santa Inês,572484b1-1e48-4d7a-8864-2304f1a0f611,AP
01a03136-6bf6-7a47-b66c-65985babf0b7,68901542,avenida,Avenida Caramuru,Santa Inês,572484b1-1e48-4d7a-8864-2304f1a0f611,AP
01a03136-6ca1-7a2c-88b8-23e6d0796eac,68902100,avenida,Avenida Caramuru,Beirol,572484b1-1e48-4d7a-8864-2304f1a0f611,AP
01a03136-6f98-75bf-847b-0aed03590986,68902863,avenida,Avenida Caramuru,Buritizal,572484b1-1e48-4d7a-8864-2304f1a0f611,AP
01a02d5f-bdb4-7e21-a296-c9a762e385a6,68909055,avenida,Avenida Carlos Almeida de Souza,Jardim Felicidade,572484b1-1e48-4d7a-8864-2304f1a0f611,AP
01a02d5f-c1d9-76d0-b0d9-421ff42b2251,68909818,avenida,Avenida Carlos Almeida de Souza,Novo Horizonte,572484b1-1e48-4d7a-8864-2304f1a0f611,AP
01a03136-963e-7f9f-b37f-40a8b57c5cf7,68909055,avenida,Avenida Carlos Almeida de Souza,Jardim Felicidade,572484b1-1e48-4d7a-8864-2304f1a0f611,AP
01a03136-9d87-7b0f-b9ab-7c1f05a675bb,68909818,avenida,Avenida Carlos Almeida de Souza,Novo Horizonte,572484b1-1e48-4d7a-8864-2304f1a0f611,AP
01a02d5f-b7a9-7692-a157-9833a9f864a6,68908125,avenida,Avenida Carlos Gomes,Jesus de Nazaré,572484b1-1e48-4d7a-8864-2304f1a0f611,AP
01a02d5f-a1ee-7c0f-9f80-7bc93f06a447,68901077,avenida,Avenida Carlos Gomes,Santa Rita,572484b1-1e48-4d7a-8864-2304f1a0f611,AP
01a03136-68d6-7d8f-8602-2fb5556bef68,68901077,avenida,Avenida Carlos Gomes,Santa Rita,572484b1-1e48-4d7a-8864-2304f1a0f611,AP
01a03136-8c55-7f27-994c-855986bb40aa,68908125,avenida,Avenida Carlos Gomes,Jesus de Nazaré,572484b1-1e48-4d7a-8864-2304f1a0f611,AP
01a02d5f-b7a8-7de6-8836-4405f7183343,68908074,avenida,Avenida Carlos Lins Cortês,Infraero,572484b1-1e48-4d7a-8864-2304f1a0f611,AP
01a03136-8bed-7c71-b675-ff13b503d9d0,68908074,avenida,Avenida Carlos Lins Cortês,Infraero,572484b1-1e48-4d7a-8864-2304f1a0f611,AP
01a02d5f-ce18-7a25-a7d8-56e51638c155,68928319,avenida,Avenida Carlos Martel,Fonte Nova,324f5453-20fa-4565-9dd4-6c6514f449bf,AP
01a03136-b3cf-744f-a04f-29abd5c9f5ed,68928319,avenida,Avenida Carlos Martel,Fonte Nova,324f5453-20fa-4565-9dd4-6c6514f449bf,AP
01a02d5f-b598-7d36-bf01-d71d996b03ef,68907270,avenida,Avenida Cartagenezes,Renascer,572484b1-1e48-4d7a-8864-2304f1a0f611,AP
01a03136-889a-7484-9093-6a66c6916349,68907270,avenida,Avenida Cartagenezes,Renascer,572484b1-1e48-4d7a-8864-2304f1a0f611,AP
01a02d5f-bdb5-76c2-9f1a-32092dc1fc52,68909139,avenida,Avenida Cartola,Boné Azul,572484b1-1e48-4d7a-8864-2304f1a0f611,AP
01a03136-96ac-700a-95bc-76809c48b012,68909139,avenida,Avenida Cartola,Boné Azul,572484b1-1e48-4d7a-8864-2304f1a0f611,AP
01a02d5f-bfdb-7fb3-9359-13fa0c7c3a7b,68909470,avenida,Avenida Castanheira,Boné Azul,572484b1-1e48-4d7a-8864-2304f1a0f611,AP
01a03136-99dc-7232-b788-f16de6f444ae,68909470,avenida,Avenida Castanheira,Boné Azul,572484b1-1e48-4d7a-8864-2304f1a0f611,AP
01a02d5f-bdb5-76c2-9f1b-8fa619d4bdb4,68909142,avenida,Avenida Castro Alves,Boné Azul,572484b1-1e48-4d7a-8864-2304f1a0f611,AP
01a03136-96af-7e3a-a845-4e46c1add7df,68909142,avenida,Avenida Castro Alves,Boné Azul,572484b1-1e48-4d7a-8864-2304f1a0f611,AP
01a02d5f-c3df-7f0a-8b81-c21aad715202,68911100,avenida,Avenida Catarina Madureira,Fazendinha,572484b1-1e48-4d7a-8864-2304f1a0f611,AP
01a03136-a143-786b-beb6-4cd36bf2d64f,68911100,avenida,Avenida Catarina Madureira,Fazendinha,572484b1-1e48-4d7a-8864-2304f1a0f611,AP
01a02d5f-b598-7d36-bf05-e20bb0ffaae2,68907301,avenida,Avenida Caubi Sérgio Melo,Pantanal,572484b1-1e48-4d7a-8864-2304f1a0f611,AP
01a03136-88a8-7c03-8283-a1e8a9e28c84,68907301,avenida,Avenida Caubi Sérgio Melo,Pantanal,572484b1-1e48-4d7a-8864-2304f1a0f611,AP
01a02d5f-b9ae-77bd-9b6a-3b8634f6f7c3,68908260,avenida,Avenida Ceará,Pacoval,572484b1-1e48-4d7a-8864-2304f1a0f611,AP
01a03136-8ed7-702a-8d34-570ed6e7cef1,68908260,avenida,Avenida Ceará,Pacoval,572484b1-1e48-4d7a-8864-2304f1a0f611,AP
01a02d5f-d208-7631-9f0d-28bac276deaa,68909141,avenida,Avenida Cecília Meireles,Boné Azul,572484b1-1e48-4d7a-8864-2304f1a0f611,AP
01a03136-ba15-7cce-9f0e-845714780bd3,68909141,avenida,Avenida Cecília Meireles,Boné Azul,572484b1-1e48-4d7a-8864-2304f1a0f611,AP
01a02d5f-b599-761e-a3e6-6138f150feed,68907311,avenida,Avenida Cecília Vicente da Paixão,Pantanal,572484b1-1e48-4d7a-8864-2304f1a0f611,AP
01a03136-88cd-7c92-8b7d-b4c6a36e130e,68907311,avenida,Avenida Cecília Vicente da Paixão,Pantanal,572484b1-1e48-4d7a-8864-2304f1a0f611,AP
01a02d5f-a41e-7468-b889-358176bb758f,68901660,avenida,Avenida Celestino Pinheiro,Nova Esperança,572484b1-1e48-4d7a-8864-2304f1a0f611,AP
01a03136-6c24-7efd-a643-7dd36ebf3d18,68901660,avenida,Avenida Celestino Pinheiro,Nova Esperança,572484b1-1e48-4d7a-8864-2304f1a0f611,AP
01a02d5f-bbb9-7967-862e-93e3f0243398,68908882,avenida,Avenida Chico Mendes,Infraero,572484b1-1e48-4d7a-8864-2304f1a0f611,AP
01a03136-9358-7a5a-9b44-1b23fdcff188,68908882,avenida,Avenida Chico Mendes,Infraero,572484b1-1e48-4d7a-8864-2304f1a0f611,AP
01a02d5f-d209-778e-a2e8-fb3867e1539f,68906127,avenida,Avenida China,Cabralzinho,572484b1-1e48-4d7a-8864-2304f1a0f611,AP
01a03136-bcaa-73a9-b708-3567330dd7f0,68906127,avenida,Avenida China,Cabralzinho,572484b1-1e48-4d7a-8864-2304f1a0f611,AP
01a02d5f-b7a8-7527-881b-145eb4589912,68908006,avenida,Avenida Cid Borges de Santana,Infraero,572484b1-1e48-4d7a-8864-2304f1a0f611,AP
01a03136-8b95-7a73-ab8d-1a522799fdf9,68908006,avenida,Avenida Cid Borges de Santana,Infraero,572484b1-1e48-4d7a-8864-2304f1a0f611,AP
01a02d5f-b598-7d36-beec-b32ca230d3b9,68907130,avenida,Avenida Classicismo,Renascer,572484b1-1e48-4d7a-8864-2304f1a0f611,AP
01a03136-884b-79ac-afaf-73b8f48603ab,68907130,avenida,Avenida Classicismo,Renascer,572484b1-1e48-4d7a-8864-2304f1a0f611,AP
01a02d5f-a41e-7468-b88a-8d60528fedda,68901670,avenida,Avenida Clemência Zagury,Nova Esperança,572484b1-1e48-4d7a-8864-2304f1a0f611,AP
01a03136-6c28-73b7-8fd2-c5e409ab6ee7,68901670,avenida,Avenida Clemência Zagury,Nova Esperança,572484b1-1e48-4d7a-8864-2304f1a0f611,AP
01a02d5f-acd8-7013-aa68-65f09d6b846b,68904286,avenida,Avenida Cleveland Sá Cavalcante,Novo Buritizal,572484b1-1e48-4d7a-8864-2304f1a0f611,AP
01a03136-7a85-757c-b414-486db04ca28e,68904286,avenida,Avenida Cleveland Sá Cavalcante,Novo Buritizal,572484b1-1e48-4d7a-8864-2304f1a0f611,AP
01a02d5f-a645-7a87-9cd8-82a2ed08262d,68902885,avenida,Avenida Clodóvio Coelho,Buritizal,572484b1-1e48-4d7a-8864-2304f1a0f611,AP
01a02d5f-a1ee-7c0f-9f85-4124e0172b56,68901110,avenida,Avenida Clodóvio Coelho,Trem,572484b1-1e48-4d7a-8864-2304f1a0f611,AP
01a03136-68e7-7536-a6fe-4cb2a0dc1111,68901110,avenida,Avenida Clodóvio Coelho,Trem,572484b1-1e48-4d7a-8864-2304f1a0f611,AP
01a03136-6fcd-7cd2-a7cb-59b2c1c15301,68902885,avenida,Avenida Clodóvio Coelho,Buritizal,572484b1-1e48-4d7a-8864-2304f1a0f611,AP
01a02d5f-9fc2-7022-aa75-d6d257040ada,68900010,avenida,Avenida Coaracy Nunes,Central,572484b1-1e48-4d7a-8864-2304f1a0f611,AP
01a03136-65b5-7d94-bf94-0b7a4d505e97,68900010,avenida,Avenida Coaracy Nunes,Central,572484b1-1e48-4d7a-8864-2304f1a0f611,AP
01a02d5f-a1ed-7af0-8696-23dae2b21c4c,68900907,avenida,Avenida Coaracy Nunes 101,Central,572484b1-1e48-4d7a-8864-2304f1a0f611,AP
01a03136-6886-75f2-8729-cbcd4f6581d4,68900907,avenida,Avenida Coaracy Nunes 101,Central,572484b1-1e48-4d7a-8864-2304f1a0f611,AP
01a02d5f-d00a-71c5-be8e-a8007c17a6df,68900906,avenida,Avenida Coaracy Nunes 97,Central,572484b1-1e48-4d7a-8864-2304f1a0f611,AP
01a03136-b691-75f2-acdb-41a37d00db98,68900906,avenida,Avenida Coaracy Nunes 97,Central,572484b1-1e48-4d7a-8864-2304f1a0f611,AP
01a02d5f-ce18-7a25-a7d9-9e17db287146,68928322,avenida,Avenida Coelho Neto,Fonte Nova,324f5453-20fa-4565-9dd4-6c6514f449bf,AP
01a02d5f-cc1d-71f4-a150-99d0e64986a1,68928021,avenida,Avenida Coelho Neto,Paraíso,324f5453-20fa-4565-9dd4-6c6514f449bf,AP
01a02d5f-cc18-7c9e-8765-25acf7bc8866,68927233,avenida,Avenida Coelho Neto,Nova Brasília,324f5453-20fa-4565-9dd4-6c6514f449bf,AP
01a02d5f-c7ea-7bcf-a81e-4c4cc8701624,68925183,avenida,Avenida Coelho Neto,Central,324f5453-20fa-4565-9dd4-6c6514f449bf,AP
01a02d5f-c7ea-7330-a817-1ce8d200a519,68925162,avenida,Avenida Coelho Neto,Hospitalidade,324f5453-20fa-4565-9dd4-6c6514f449bf,AP
01a03136-a817-7fc8-a595-58d9246ed1a1,68925162,avenida,Avenida Coelho Neto,Hospitalidade,324f5453-20fa-4565-9dd4-6c6514f449bf,AP
01a03136-a830-7379-96d8-02d9eb6cd5f2,68925183,avenida,Avenida Coelho Neto,Central,324f5453-20fa-4565-9dd4-6c6514f449bf,AP
01a03136-af85-786a-ad63-ca67fb99bb0f,68927233,avenida,Avenida Coelho Neto,Nova Brasília,324f5453-20fa-4565-9dd4-6c6514f449bf,AP
01a03136-b086-7419-bb26-6abe071b52f3,68928021,avenida,Avenida Coelho Neto,Paraíso,324f5453-20fa-4565-9dd4-6c6514f449bf,AP
01a03136-b3d2-7940-ae38-b6b4bbdd5fa4,68928322,avenida,Avenida Coelho Neto,Fonte Nova,324f5453-20fa-4565-9dd4-6c6514f449bf,AP
01a02d5f-af05-707b-86b9-c42d63d3687c,68904397,avenida,Avenida Comandante Marapanim,Congós,572484b1-1e48-4d7a-8864-2304f1a0f611,AP
01a03136-7d1e-7711-ae18-1b6ea9e90d57,68904397,avenida,Avenida Comandante Marapanim,Congós,572484b1-1e48-4d7a-8864-2304f1a0f611,AP
01a02d5f-b598-7469-bede-04e8ac7f53f0,68907015,avenida,Avenida Conteporânea,Renascer,572484b1-1e48-4d7a-8864-2304f1a0f611,AP
01a03136-881d-7104-8e96-db01993048cb,68907015,avenida,Avenida Conteporânea,Renascer,572484b1-1e48-4d7a-8864-2304f1a0f611,AP
01a02d5f-d414-794d-9a4d-7d03d5e68e61,68909373,avenida,Avenida Copacabana,Brasil Novo,572484b1-1e48-4d7a-8864-2304f1a0f611,AP
01a03136-bd04-7b65-b91c-9056a3e23ada,68909373,avenida,Avenida Copacabana,Brasil Novo,572484b1-1e48-4d7a-8864-2304f1a0f611,AP
01a02d5f-bfda-7e3e-8710-7d80940203bf,68909315,avenida,Avenida Coqueiro,Brasil Novo,572484b1-1e48-4d7a-8864-2304f1a0f611,AP
01a03136-996f-75c7-a5f9-a57a9c0f9e57,68909315,avenida,Avenida Coqueiro,Brasil Novo,572484b1-1e48-4d7a-8864-2304f1a0f611,AP
01a02d5f-9fc4-72a2-bc8c-6ead5def23d9,68900101,avenida,Avenida Coriolano Jucá,Central,572484b1-1e48-4d7a-8864-2304f1a0f611,AP
01a03136-684c-766b-a7e4-8cd384928108,68900101,avenida,Avenida Coriolano Jucá,Central,572484b1-1e48-4d7a-8864-2304f1a0f611,AP
01a02d5f-b598-7469-bed6-ef095b6b1bac,68906910,avenida,Avenida Coriolano Jucá 125,Central,572484b1-1e48-4d7a-8864-2304f1a0f611,AP
01a02d5f-b598-7469-bed7-abd1ccc38fc4,68906970,avenida,Avenida Coriolano Jucá 125,Central,572484b1-1e48-4d7a-8864-2304f1a0f611,AP
01a03136-87ff-7918-9bd4-05ee90302019,68906910,avenida,Avenida Coriolano Jucá 125,Central,572484b1-1e48-4d7a-8864-2304f1a0f611,AP
01a03136-8803-77ae-a805-c8aa0d95f4e3,68906970,avenida,Avenida Coriolano Jucá 125,Central,572484b1-1e48-4d7a-8864-2304f1a0f611,AP
01a03136-a4cf-744d-998b-797c23a54eb5,68915970,avenida,"Avenida Costa e Silva, s/n",Centro,2f7cd08c-9820-4d2b-85b2-182e498f78dd,AP
01a02d5f-c5ec-7383-8676-28a299f32a73,68915970,avenida,"Avenida Costa e Silva, s/n",Centro,2f7cd08c-9820-4d2b-85b2-182e498f78dd,AP
01a02d5f-a41f-77a2-b955-260da196506b,68902280,avenida,Avenida Creuza Mendes Holanda,Muca,572484b1-1e48-4d7a-8864-2304f1a0f611,AP
01a02d5f-a41f-77a2-b944-086ad94ce758,68902025,avenida,Avenida Creuza Mendes Holanda,Beirol,572484b1-1e48-4d7a-8864-2304f1a0f611,AP
01a03136-6c94-74f3-8406-e1bb72f642bc,68902025,avenida,Avenida Creuza Mendes Holanda,Beirol,572484b1-1e48-4d7a-8864-2304f1a0f611,AP
01a03136-6cce-75cf-bd2f-89c9896c70a4,68902280,avenida,Avenida Creuza Mendes Holanda,Muca,572484b1-1e48-4d7a-8864-2304f1a0f611,AP
01a02d5f-d62b-78d9-b46a-91196622c6fc,68908799,avenida,Avenida Cupuaçú,Infraero,572484b1-1e48-4d7a-8864-2304f1a0f611,AP
01a03136-c0b1-7394-a547-041009dbe7bd,68908799,avenida,Avenida Cupuaçú,Infraero,572484b1-1e48-4d7a-8864-2304f1a0f611,AP
01a02d5f-d413-77da-9112-35f5806cadcc,68906143,avenida,Avenida Curitiba,Cabralzinho,572484b1-1e48-4d7a-8864-2304f1a0f611,AP
01a03136-bcc7-7d5b-9228-52e15d386b22,68906143,avenida,Avenida Curitiba,Cabralzinho,572484b1-1e48-4d7a-8864-2304f1a0f611,AP
01a02d5f-a1f0-759f-a31e-42adafd886cc,68901295,avenida,Avenida Cônego Domingos Maltês,Santa Rita,572484b1-1e48-4d7a-8864-2304f1a0f611,AP
01a02d5f-a1ee-7c0f-9f7d-ea19dee1343f,68901050,avenida,Avenida Cônego Domingos Maltês,Trem,572484b1-1e48-4d7a-8864-2304f1a0f611,AP
01a03136-68cc-7d46-ac8f-a8663691811e,68901050,avenida,Avenida Cônego Domingos Maltês,Trem,572484b1-1e48-4d7a-8864-2304f1a0f611,AP
01a03136-694d-74ac-ae31-3c036ce2d5d4,68901295,avenida,Avenida Cônego Domingos Maltês,Santa Rita,572484b1-1e48-4d7a-8864-2304f1a0f611,AP
01a02d5f-a877-7f38-b942-dacd91457319,68903275,avenida,Avenida David Nunes de Lima,Jardim Marco Zero,572484b1-1e48-4d7a-8864-2304f1a0f611,AP
01a03136-731e-729f-93de-e309ca308c18,68903275,avenida,Avenida David Nunes de Lima,Jardim Marco Zero,572484b1-1e48-4d7a-8864-2304f1a0f611,AP
01a02d5f-acd8-78e3-aa80-47a2b1379a16,68904382,avenida,Avenida Delegado Antônio Melo,Congós,572484b1-1e48-4d7a-8864-2304f1a0f611,AP
01a03136-7cfb-76e7-ac77-652a884e1e0d,68904382,avenida,Avenida Delegado Antônio Melo,Congós,572484b1-1e48-4d7a-8864-2304f1a0f611,AP
01a02d5f-ca06-77e5-9e91-954653658d04,68927206,avenida,Avenida Delorizano Monteiro,Provedor I,324f5453-20fa-4565-9dd4-6c6514f449bf,AP
01a03136-af6a-713d-aea3-87b12635f7ee,68927206,avenida,Avenida Delorizano Monteiro,Provedor I,324f5453-20fa-4565-9dd4-6c6514f449bf,AP
01a02d5f-b598-7469-bee2-fc82dd61315c,68907035,avenida,Avenida Demiurgos,Renascer,572484b1-1e48-4d7a-8864-2304f1a0f611,AP
01a03136-882a-7e9b-ae6b-eb00e4f986dc,68907035,avenida,Avenida Demiurgos,Renascer,572484b1-1e48-4d7a-8864-2304f1a0f611,AP
01a02d5f-bdb5-7f71-9f35-94d5f57176ec,68909172,avenida,Avenida Dener,Boné Azul,572484b1-1e48-4d7a-8864-2304f1a0f611,AP
01a03136-9931-7a3a-a02c-fe41d8019dfd,68909172,avenida,Avenida Dener,Boné Azul,572484b1-1e48-4d7a-8864-2304f1a0f611,AP
01a02d5f-bdb4-7e21-a299-d4d3f88a527a,68909065,avenida,Avenida Deoclides Franco Mont'Alverne,Jardim Felicidade,572484b1-1e48-4d7a-8864-2304f1a0f611,AP
01a02d5f-c1d9-76d0-b0da-82ad26a2e273,68909819,avenida,Avenida Deoclides Franco Mont'Alverne,Novo Horizonte,572484b1-1e48-4d7a-8864-2304f1a0f611,AP
01a03136-9649-79a5-9cd6-4b75753844da,68909065,avenida,Avenida Deoclides Franco Mont'Alverne,Jardim Felicidade,572484b1-1e48-4d7a-8864-2304f1a0f611,AP
01a03136-9d8b-74aa-98fa-14c2a4a19070,68909819,avenida,Avenida Deoclides Franco Mont'Alverne,Novo Horizonte,572484b1-1e48-4d7a-8864-2304f1a0f611,AP
01a02d5f-a1f0-759f-a325-88f43d6ace0e,68901325,avenida,Avenida Desidério Antônio Coelho,Santa Rita,572484b1-1e48-4d7a-8864-2304f1a0f611,AP
01a02d5f-a1ee-7c0f-9f81-0f49adac774b,68901080,avenida,Avenida Desidério Antônio Coelho,Trem,572484b1-1e48-4d7a-8864-2304f1a0f611,AP
01a03136-68da-71db-922b-1297df243206,68901080,avenida,Avenida Desidério Antônio Coelho,Trem,572484b1-1e48-4d7a-8864-2304f1a0f611,AP
01a03136-6963-7351-94c7-da0f35adb75c,68901325,avenida,Avenida Desidério Antônio Coelho,Santa Rita,572484b1-1e48-4d7a-8864-2304f1a0f611,AP
01a02d5f-af06-7adf-9de3-e3570973c077,68905090,avenida,Avenida Dezenove de Março,Cidade Nova,572484b1-1e48-4d7a-8864-2304f1a0f611,AP
01a03136-7dab-7c1a-b0a3-085ef6bffae6,68905090,avenida,Avenida Dezenove de Março,Cidade Nova,572484b1-1e48-4d7a-8864-2304f1a0f611,AP
01a02d5f-af05-793a-86cc-6dfd557ac67c,68904710,avenida,Avenida Dezesseis de Julho,Novo Buritizal,572484b1-1e48-4d7a-8864-2304f1a0f611,AP
01a03136-7d5d-7d79-a18c-e7ad03806b7f,68904710,avenida,Avenida Dezesseis de Julho,Novo Buritizal,572484b1-1e48-4d7a-8864-2304f1a0f611,AP
01a02d5f-af05-793a-86ca-5c0212786c4f,68904690,avenida,Avenida Dezessete de Julho,Novo Buritizal,572484b1-1e48-4d7a-8864-2304f1a0f611,AP
01a03136-7d57-740c-847d-1c6a53ffdacd,68904690,avenida,Avenida Dezessete de Julho,Novo Buritizal,572484b1-1e48-4d7a-8864-2304f1a0f611,AP
01a02d5f-af05-793a-86c2-e3ad1088c92a,68904620,avenida,Avenida Dezoito de Julho,Novo Buritizal,572484b1-1e48-4d7a-8864-2304f1a0f611,AP
01a03136-7d3c-7cc9-86cf-d63daca2aa34,68904620,avenida,Avenida Dezoito de Julho,Novo Buritizal,572484b1-1e48-4d7a-8864-2304f1a0f611,AP
01a02d5f-acd7-777c-a3bd-735aeddc4b10,68904101,avenida,Avenida Dionísio Augusto Costa Filho,Novo Buritizal,572484b1-1e48-4d7a-8864-2304f1a0f611,AP
01a03136-7a34-77ff-854c-b84fd76f877b,68904101,avenida,Avenida Dionísio Augusto Costa Filho,Novo Buritizal,572484b1-1e48-4d7a-8864-2304f1a0f611,AP
01a02d5f-b9af-706c-a9ab-a503d27c8b96,68908440,avenida,Avenida Dirceu Cordeiro Dias,São Lázaro,572484b1-1e48-4d7a-8864-2304f1a0f611,AP
01a03136-8f64-72a5-a3a9-815abaaf1e9c,68908440,avenida,Avenida Dirceu Cordeiro Dias,São Lázaro,572484b1-1e48-4d7a-8864-2304f1a0f611,AP
01a02d5f-a878-7809-a0bc-6bf8b7a9d666,68903355,avenida,Avenida Dois,Jardim Marco Zero,572484b1-1e48-4d7a-8864-2304f1a0f611,AP
01a03136-7363-7afb-b8a2-b17ab4e040cb,68903355,avenida,Avenida Dois,Jardim Marco Zero,572484b1-1e48-4d7a-8864-2304f1a0f611,AP
01a02d5f-d417-7405-8bbf-302e0a0b8565,68904264,avenida,Avenida Dois do Açucena,Novo Buritizal,572484b1-1e48-4d7a-8864-2304f1a0f611,AP
01a03136-bdad-7c5b-aafe-e3790dbd6b17,68904264,avenida,Avenida Dois do Açucena,Novo Buritizal,572484b1-1e48-4d7a-8864-2304f1a0f611,AP
01a02d5f-a877-7f38-b941-6380d66a47dc,68903270,avenida,Avenida Dom José Maritano,Jardim Marco Zero,572484b1-1e48-4d7a-8864-2304f1a0f611,AP
01a03136-731a-7ea9-8912-93f13fcfa13f,68903270,avenida,Avenida Dom José Maritano,Jardim Marco Zero,572484b1-1e48-4d7a-8864-2304f1a0f611,AP
01a02d5f-ce17-788c-9d0f-84d68fb58721,68928163,avenida,Avenida Dom Pedro I,Fonte Nova,324f5453-20fa-4565-9dd4-6c6514f449bf,AP
01a02d5f-cc1d-71f4-a14d-76d7c78670d6,68928012,avenida,Avenida Dom Pedro I,Paraíso,324f5453-20fa-4565-9dd4-6c6514f449bf,AP
01a02d5f-c7ea-7bcf-a825-627542bcc38f,68925204,avenida,Avenida Dom Pedro I,Central,324f5453-20fa-4565-9dd4-6c6514f449bf,AP
01a02d5f-c5ed-7d62-8a63-796fa5bd5855,68925147,avenida,Avenida Dom Pedro I,Hospitalidade,324f5453-20fa-4565-9dd4-6c6514f449bf,AP
01a03136-a805-762d-993f-4e1581cb3a33,68925147,avenida,Avenida Dom Pedro I,Hospitalidade,324f5453-20fa-4565-9dd4-6c6514f449bf,AP
01a03136-a848-70cb-8547-c0cc32872bb5,68925204,avenida,Avenida Dom Pedro I,Central,324f5453-20fa-4565-9dd4-6c6514f449bf,AP
01a03136-b07c-7e9a-9e76-5e8e97f77d5f,68928012,avenida,Avenida Dom Pedro I,Paraíso,324f5453-20fa-4565-9dd4-6c6514f449bf,AP
01a03136-b320-79ee-a740-64da2c226182,68928163,avenida,Avenida Dom Pedro I,Fonte Nova,324f5453-20fa-4565-9dd4-6c6514f449bf,AP
01a02d5f-acd8-7013-aa67-8975205720c9,68904284,avenida,Avenida Domingos Amorim,Novo Buritizal,572484b1-1e48-4d7a-8864-2304f1a0f611,AP
01a03136-7a82-707f-bbdc-5bd88868b3e6,68904284,avenida,Avenida Domingos Amorim,Novo Buritizal,572484b1-1e48-4d7a-8864-2304f1a0f611,AP
01a02d5f-d62d-725c-b4de-9a42ee29af98,68909389,avenida,Avenida Dourados,Brasil Novo,572484b1-1e48-4d7a-8864-2304f1a0f611,AP
01a03136-c342-7a6e-b661-ed890a837d03,68909389,avenida,Avenida Dourados,Brasil Novo,572484b1-1e48-4d7a-8864-2304f1a0f611,AP
01a02d5f-a1f0-759f-a322-11f156824378,68901315,avenida,Avenida Doutor Acelino de Leão,Santa Rita,572484b1-1e48-4d7a-8864-2304f1a0f611,AP
01a02d5f-a1ee-7c0f-9f83-8bc2cb1ae3b7,68901092,avenida,Avenida Doutor Acelino de Leão,Trem,572484b1-1e48-4d7a-8864-2304f1a0f611,AP
01a03136-68e1-7566-9a90-4ef9a7dfcb1e,68901092,avenida,Avenida Doutor Acelino de Leão,Trem,572484b1-1e48-4d7a-8864-2304f1a0f611,AP
01a03136-6959-7bcf-9647-03de78def1a7,68901315,avenida,Avenida Doutor Acelino de Leão,Santa Rita,572484b1-1e48-4d7a-8864-2304f1a0f611,AP
01a02d5f-a1f0-759f-a326-6525dee3e319,68901326,avenida,Avenida Doutor Diógenes Silva,Santa Rita,572484b1-1e48-4d7a-8864-2304f1a0f611,AP
01a02d5f-a1ee-7c0f-9f82-0331cb634595,68901090,avenida,Avenida Doutor Diógenes Silva,Trem,572484b1-1e48-4d7a-8864-2304f1a0f611,AP
01a03136-68de-70fb-87eb-39df841986d9,68901090,avenida,Avenida Doutor Diógenes Silva,Trem,572484b1-1e48-4d7a-8864-2304f1a0f611,AP
01a03136-696a-7117-9617-e876073d13ce,68901326,avenida,Avenida Doutor Diógenes Silva,Santa Rita,572484b1-1e48-4d7a-8864-2304f1a0f611,AP
01a02d5f-a1ee-7357-9f74-e820364369dd,68900971,avenida,Avenida Doutor Diógenes Silva 1894,Buritizal,572484b1-1e48-4d7a-8864-2304f1a0f611,AP
01a03136-68ae-7781-9baf-8f6a387265a7,68900971,avenida,Avenida Doutor Diógenes Silva 1894,Buritizal,572484b1-1e48-4d7a-8864-2304f1a0f611,AP
01a02d5f-a1f0-759f-a32d-a81265bb7e8a,68901346,avenida,Avenida Doutor Silas Salgado,Santa Rita,572484b1-1e48-4d7a-8864-2304f1a0f611,AP
01a03136-6b8d-74a3-bc2d-5273e7b88a74,68901346,avenida,Avenida Doutor Silas Salgado,Santa Rita,572484b1-1e48-4d7a-8864-2304f1a0f611,AP
01a02d5f-d209-778e-a2e5-ac8229aa8d7e,68906123,avenida,Avenida Dubai,Cabralzinho,572484b1-1e48-4d7a-8864-2304f1a0f611,AP
01a03136-bca0-742b-937e-ec5bfa78e588,68906123,avenida,Avenida Dubai,Cabralzinho,572484b1-1e48-4d7a-8864-2304f1a0f611,AP
01a02d5f-a1ef-74c4-8318-a1f84e37d38f,68901258,avenida,Avenida Duque de Caxias,Santa Rita,572484b1-1e48-4d7a-8864-2304f1a0f611,AP
01a02d5f-9fc3-79f4-905a-8334f2c73d01,68900071,avenida,Avenida Duque de Caxias,Central,572484b1-1e48-4d7a-8864-2304f1a0f611,AP
01a03136-660e-7d87-a478-6b72305913e7,68900071,avenida,Avenida Duque de Caxias,Central,572484b1-1e48-4d7a-8864-2304f1a0f611,AP
01a03136-6910-7076-a051-723534afe133,68901258,avenida,Avenida Duque de Caxias,Santa Rita,572484b1-1e48-4d7a-8864-2304f1a0f611,AP
01a02d5f-c1db-7082-aa28-50c4e4f85aea,68909847,avenida,Avenida Décima,Marabaixo,572484b1-1e48-4d7a-8864-2304f1a0f611,AP
01a03136-9ddc-7a28-b4b5-6c605a7451b5,68909847,avenida,Avenida Décima,Marabaixo,572484b1-1e48-4d7a-8864-2304f1a0f611,AP
01a02d5f-c1db-791b-aa33-9771dcd04da9,68909858,avenida,Avenida Décima Nona,Marabaixo,572484b1-1e48-4d7a-8864-2304f1a0f611,AP
01a02d5f-c3df-765c-8b7a-18494901b5fc,68911070,avenida,Avenida Décima Nona,Fazendinha,572484b1-1e48-4d7a-8864-2304f1a0f611,AP
01a03136-9dff-7ea1-a0de-4b60d93e9b9c,68909858,avenida,Avenida Décima Nona,Marabaixo,572484b1-1e48-4d7a-8864-2304f1a0f611,AP
01a03136-a12b-78bc-bac7-afbbec27e37e,68911070,avenida,Avenida Décima Nona,Fazendinha,572484b1-1e48-4d7a-8864-2304f1a0f611,AP
01a02d5f-c1db-7082-aa32-0f8451b6b99e,68909857,avenida,Avenida Décima Oitava,Marabaixo,572484b1-1e48-4d7a-8864-2304f1a0f611,AP
01a03136-9dfd-70ea-a097-d1676c9c16ea,68909857,avenida,Avenida Décima Oitava,Marabaixo,572484b1-1e48-4d7a-8864-2304f1a0f611,AP
01a02d5f-c1db-7082-aa29-dd691e747a78,68909848,avenida,Avenida Décima Primeira,Marabaixo,572484b1-1e48-4d7a-8864-2304f1a0f611,AP
01a02d5f-aaac-7c36-ba69-653ddd79d527,68903858,avenida,Avenida Décima Primeira,Araxá,572484b1-1e48-4d7a-8864-2304f1a0f611,AP
01a03136-797f-7248-aa5e-931e551b41d3,68903858,avenida,Avenida Décima Primeira,Araxá,572484b1-1e48-4d7a-8864-2304f1a0f611,AP
01a03136-9ddf-7ea1-898b-c588fa5958fc,68909848,avenida,Avenida Décima Primeira,Marabaixo,572484b1-1e48-4d7a-8864-2304f1a0f611,AP
01a02d5f-c1db-7082-aa2d-8b88580096a6,68909852,avenida,Avenida Décima Quarta,Marabaixo,572484b1-1e48-4d7a-8864-2304f1a0f611,AP
01a03136-9dec-7c59-8972-5b52eb7de22c,68909852,avenida,Avenida Décima Quarta,Marabaixo,572484b1-1e48-4d7a-8864-2304f1a0f611,AP
01a02d5f-c1db-7082-aa2e-645bcb601b83,68909853,avenida,Avenida Décima Quinta,Marabaixo,572484b1-1e48-4d7a-8864-2304f1a0f611,AP
01a03136-9df0-7198-8669-f817fdcb3368,68909853,avenida,Avenida Décima Quinta,Marabaixo,572484b1-1e48-4d7a-8864-2304f1a0f611,AP
01a02d5f-c1db-7082-aa2a-928abd760efb,68909849,avenida,Avenida Décima Segunda,Marabaixo,572484b1-1e48-4d7a-8864-2304f1a0f611,AP
01a02d5f-c3df-765c-8b7b-c6e42f0ffb2d,68911071,avenida,Avenida Décima Segunda,Fazendinha,572484b1-1e48-4d7a-8864-2304f1a0f611,AP
01a02d5f-aaac-7c36-ba6a-3daef7d12527,68903859,avenida,Avenida Décima Segunda,Araxá,572484b1-1e48-4d7a-8864-2304f1a0f611,AP
01a03136-7982-7297-99eb-43c4be96313d,68903859,avenida,Avenida Décima Segunda,Araxá,572484b1-1e48-4d7a-8864-2304f1a0f611,AP
01a03136-9de2-7b94-b6a5-e166ab0fa6fc,68909849,avenida,Avenida Décima Segunda,Marabaixo,572484b1-1e48-4d7a-8864-2304f1a0f611,AP
01a03136-a12e-7da3-ac6e-5d65ce95a3ba,68911071,avenida,Avenida Décima Segunda,Fazendinha,572484b1-1e48-4d7a-8864-2304f1a0f611,AP
01a02d5f-c1db-7082-aa2f-abbae68fc976,68909854,avenida,Avenida Décima Sexta,Marabaixo,572484b1-1e48-4d7a-8864-2304f1a0f611,AP
01a03136-9df3-76fd-a90e-1419cbec60ab,68909854,avenida,Avenida Décima Sexta,Marabaixo,572484b1-1e48-4d7a-8864-2304f1a0f611,AP
01a02d5f-c1db-7082-aa31-641f908ae2b2,68909856,avenida,Avenida Décima Sétima,Marabaixo,572484b1-1e48-4d7a-8864-2304f1a0f611,AP
01a03136-9df9-7bf6-b650-9991426982df,68909856,avenida,Avenida Décima Sétima,Marabaixo,572484b1-1e48-4d7a-8864-2304f1a0f611,AP
01a02d5f-c1db-7082-aa2c-33200afb4162,68909851,avenida,Avenida Décima Terceira,Marabaixo,572484b1-1e48-4d7a-8864-2304f1a0f611,AP
01a03136-9dea-709b-beda-ead2a212d6aa,68909851,avenida,Avenida Décima Terceira,Marabaixo,572484b1-1e48-4d7a-8864-2304f1a0f611,AP
01a02d5f-aaac-7c36-ba68-0bd8ff05f311,68903857,avenida,Avenida Décima do Araxá,Araxá,572484b1-1e48-4d7a-8864-2304f1a0f611,AP
01a03136-797b-7ffc-b9b2-04ff3c3e8073,68903857,avenida,Avenida Décima do Araxá,Araxá,572484b1-1e48-4d7a-8864-2304f1a0f611,AP
01a02d5f-af05-793a-86cb-c18b51ea8add,68904700,avenida,Avenida Edilson José Prado Ribeiro,Novo Buritizal,572484b1-1e48-4d7a-8864-2304f1a0f611,AP
01a03136-7d5a-7978-87a9-2b0d1533b02a,68904700,avenida,Avenida Edilson José Prado Ribeiro,Novo Buritizal,572484b1-1e48-4d7a-8864-2304f1a0f611,AP
01a02d5f-b13a-7f6c-9597-e25b42333090,68906009,avenida,Avenida Edilson Pinheiro,Goiabal,572484b1-1e48-4d7a-8864-2304f1a0f611,AP
01a03136-81ec-76e0-8239-e91dc684fe7e,68906009,avenida,Avenida Edilson Pinheiro,Goiabal,572484b1-1e48-4d7a-8864-2304f1a0f611,AP
01a02d5f-acd8-78e3-aa7a-8e27ef7f6752,68904374,avenida,Avenida Edite Penafort,Congós,572484b1-1e48-4d7a-8864-2304f1a0f611,AP
01a03136-7ce7-783a-86cf-639a0dbf6f9e,68904374,avenida,Avenida Edite Penafort,Congós,572484b1-1e48-4d7a-8864-2304f1a0f611,AP
01a02d5f-b599-761e-a3f1-7fada4d30559,68907350,avenida,Avenida Egito,Pantanal,572484b1-1e48-4d7a-8864-2304f1a0f611,AP
01a02f29-b85b-7f51-8880-39bfa15f1302,68907350,avenida,Avenida Egito,Pantanal,572484b1-1e48-4d7a-8864-2304f1a0f611,AP
01a02d5f-bdb5-76c2-9f1d-580784c29afe,68909144,avenida,Avenida Elis Regina,Boné Azul,572484b1-1e48-4d7a-8864-2304f1a0f611,AP
01a03136-96b7-7137-a76e-626991e258cf,68909144,avenida,Avenida Elis Regina,Boné Azul,572484b1-1e48-4d7a-8864-2304f1a0f611,AP
01a02d5f-a41d-7bad-976d-f82c99f6a79c,68901511,avenida,Avenida Elpidio Magalhães Carvalho,Santa Inês,572484b1-1e48-4d7a-8864-2304f1a0f611,AP
01a03136-6be5-7f3d-ab7a-2f267ac2005c,68901511,avenida,Avenida Elpidio Magalhães Carvalho,Santa Inês,572484b1-1e48-4d7a-8864-2304f1a0f611,AP
01a02d5f-a645-7a87-9ce2-de204301d8dc,68903003,avenida,Avenida Emanoel Souza da Silva,Jardim Equatorial,572484b1-1e48-4d7a-8864-2304f1a0f611,AP
01a03136-6fef-797a-b070-f371ac0aff49,68903003,avenida,Avenida Emanoel Souza da Silva,Jardim Equatorial,572484b1-1e48-4d7a-8864-2304f1a0f611,AP
01a02d5f-a645-716e-9cbc-3eb5c9ef7b38,68902660,avenida,Avenida Emílio Rodrigues,Beirol,572484b1-1e48-4d7a-8864-2304f1a0f611,AP
01a03136-6f70-75aa-9cb9-45765a45ef3f,68902660,avenida,Avenida Emílio Rodrigues,Beirol,572484b1-1e48-4d7a-8864-2304f1a0f611,AP
01a02d5f-d00b-72e2-b182-809c3fb14d7f,68906182,avenida,Avenida Equador,São José,572484b1-1e48-4d7a-8864-2304f1a0f611,AP
01a03136-b705-7e41-9496-b98d20fcdc62,68906182,avenida,Avenida Equador,São José,572484b1-1e48-4d7a-8864-2304f1a0f611,AP
01a02d5f-a878-7809-a0c1-e18580d79458,68903361,avenida,Avenida Equatorial,Jardim Marco Zero,572484b1-1e48-4d7a-8864-2304f1a0f611,AP
01a03136-7376-7682-9826-0325431a0ac2,68903361,avenida,Avenida Equatorial,Jardim Marco Zero,572484b1-1e48-4d7a-8864-2304f1a0f611,AP
01a02d5f-b7a9-7f43-a16b-c832175ed1b1,68908197,avenida,Avenida Ernestino Borges,Jesus de Nazaré,572484b1-1e48-4d7a-8864-2304f1a0f611,AP
01a02d5f-b7a9-7f43-a16c-3787d70b3053,68908198,avenida,Avenida Ernestino Borges,Julião Ramos,572484b1-1e48-4d7a-8864-2304f1a0f611,AP
01a03136-8eb3-7cb4-886e-dca765e7ebd5,68908197,avenida,Avenida Ernestino Borges,Jesus de Nazaré,572484b1-1e48-4d7a-8864-2304f1a0f611,AP
01a03136-8eb7-7196-8b6e-fa5fd5ae9ab1,68908198,avenida,Avenida Ernestino Borges,Julião Ramos,572484b1-1e48-4d7a-8864-2304f1a0f611,AP
01a02d5f-bbb9-7967-863d-da88a8065bfe,68908901,avenida,Avenida Ernestino Borges 1402,Jesus de Nazaré,572484b1-1e48-4d7a-8864-2304f1a0f611,AP
01a02d5f-bbb9-7967-863e-1e4ce005b1f6,68908902,avenida,Avenida Ernestino Borges 1402,Julião Ramos,572484b1-1e48-4d7a-8864-2304f1a0f611,AP
01a03136-959f-73ce-a9f0-37446018ecd4,68908901,avenida,Avenida Ernestino Borges 1402,Jesus de Nazaré,572484b1-1e48-4d7a-8864-2304f1a0f611,AP
01a03136-95a3-729d-a9fc-b5308d626411,68908902,avenida,Avenida Ernestino Borges 1402,Julião Ramos,572484b1-1e48-4d7a-8864-2304f1a0f611,AP
01a02d5f-acd8-7013-aa64-8649670e108b,68904281,avenida,Avenida Ernesto Pereira Colares,Novo Buritizal,572484b1-1e48-4d7a-8864-2304f1a0f611,AP
01a03136-7a77-7d4a-9285-ff013f08e73d,68904281,avenida,Avenida Ernesto Pereira Colares,Novo Buritizal,572484b1-1e48-4d7a-8864-2304f1a0f611,AP
01a02d5f-b599-7ea1-a3fc-fb63338d21ae,68907460,avenida,Avenida Esparta,Renascer,572484b1-1e48-4d7a-8864-2304f1a0f611,AP
01a03136-8b32-76ad-9e5c-ae60772635e4,68907460,avenida,Avenida Esparta,Renascer,572484b1-1e48-4d7a-8864-2304f1a0f611,AP
01a02d5f-ca05-7f64-904f-1a92bcbf0132,68927084,avenida,Avenida Espedito dos Santos,Remedios,324f5453-20fa-4565-9dd4-6c6514f449bf,AP
01a03136-acc6-72fc-b01d-d67422fd86b8,68927084,avenida,Avenida Espedito dos Santos,Remedios,324f5453-20fa-4565-9dd4-6c6514f449bf,AP
01a02d5f-c5ec-7c2f-8689-494bdfe736f1,68925043,avenida,Avenida Esperança,Comercial,324f5453-20fa-4565-9dd4-6c6514f449bf,AP
01a03136-a530-7a91-aa3b-0cfe82d28507,68925043,avenida,Avenida Esperança,Comercial,324f5453-20fa-4565-9dd4-6c6514f449bf,AP
01a02d5f-bbb9-7967-8632-79f07804bc50,68908887,avenida,Avenida Esquadrão Falção,Infraero,572484b1-1e48-4d7a-8864-2304f1a0f611,AP
01a03136-9367-7071-a6a1-714810f991b5,68908887,avenida,Avenida Esquadrão Falção,Infraero,572484b1-1e48-4d7a-8864-2304f1a0f611,AP
01a02d5f-cc19-7563-a00a-9cd4d4693344,68927236,avenida,Avenida Estelio de Oliveira,Nova Brasília,324f5453-20fa-4565-9dd4-6c6514f449bf,AP
01a03136-af88-746c-93a7-06e77d2103d3,68927236,avenida,Avenida Estelio de Oliveira,Nova Brasília,324f5453-20fa-4565-9dd4-6c6514f449bf,AP
01a02d5f-a1ef-74c4-8317-74889154f723,68901257,avenida,Avenida Euclides da Cunha,Santa Rita,572484b1-1e48-4d7a-8864-2304f1a0f611,AP
01a02d5f-9fc3-79f4-905b-93e6a12a374e,68900072,avenida,Avenida Euclides da Cunha,Central,572484b1-1e48-4d7a-8864-2304f1a0f611,AP
01a03136-6612-70f5-90e7-cc7da46a58c2,68900072,avenida,Avenida Euclides da Cunha,Central,572484b1-1e48-4d7a-8864-2304f1a0f611,AP
01a03136-690c-7b61-a1b2-0ca67b5dff5d,68901257,avenida,Avenida Euclides da Cunha,Santa Rita,572484b1-1e48-4d7a-8864-2304f1a0f611,AP
01a02d5f-a41d-7bad-976f-bb6b345cbf59,68901530,avenida,Avenida Eulálio Modesto de Oliveira,Santa Inês,572484b1-1e48-4d7a-8864-2304f1a0f611,AP
01a03136-6bec-7a53-a67f-49a4e143ec9e,68901530,avenida,Avenida Eulálio Modesto de Oliveira,Santa Inês,572484b1-1e48-4d7a-8864-2304f1a0f611,AP
01a03136-b669-7025-8762-7f09a5ce7d4b,68960970,avenida,"Avenida Eulálio Modesto, s/n",Centro,3ee289ef-c6f7-4f93-8d35-a8a387b2f80e,AP
01a02d5f-d009-7956-a60d-54e31deea7cb,68960970,avenida,"Avenida Eulálio Modesto, s/n",Centro,3ee289ef-c6f7-4f93-8d35-a8a387b2f80e,AP
01a02d5f-c3dd-7c24-bed8-429b28d71812,68911022,avenida,Avenida Euripedes Afonso Rodrigues,Fazendinha,572484b1-1e48-4d7a-8864-2304f1a0f611,AP
01a03136-a0bf-7cdf-8ea4-6b8dd34ec5f3,68911022,avenida,Avenida Euripedes Afonso Rodrigues,Fazendinha,572484b1-1e48-4d7a-8864-2304f1a0f611,AP
01a02d5f-acd8-7013-aa6e-e42edb238626,68904328,avenida,Avenida Evandro Carneiro de Melo,Congós,572484b1-1e48-4d7a-8864-2304f1a0f611,AP
01a03136-7cc0-7a9f-8f2c-8ac38259e931,68904328,avenida,Avenida Evandro Carneiro de Melo,Congós,572484b1-1e48-4d7a-8864-2304f1a0f611,AP
01a02d5f-a1ef-74c4-8319-754a12622c74,68901259,avenida,Avenida FAB,Santa Rita,572484b1-1e48-4d7a-8864-2304f1a0f611,AP
01a02d5f-9fc3-79f4-905c-ec61ab63e589,68900073,avenida,Avenida FAB,Central,572484b1-1e48-4d7a-8864-2304f1a0f611,AP
01a03136-6615-747f-88c5-a0de126ce9ac,68900073,avenida,Avenida FAB,Central,572484b1-1e48-4d7a-8864-2304f1a0f611,AP
01a03136-6913-7568-b49a-0001a1e74948,68901259,avenida,Avenida FAB,Santa Rita,572484b1-1e48-4d7a-8864-2304f1a0f611,AP
01a02d5f-a1ed-7af0-8697-296fd52346f3,68900908,avenida,Avenida FAB 1374,Central,572484b1-1e48-4d7a-8864-2304f1a0f611,AP
01a03136-6889-7a82-af59-c8df522fe0f8,68900908,avenida,Avenida FAB 1374,Central,572484b1-1e48-4d7a-8864-2304f1a0f611,AP
01a02d5f-b598-7469-bed3-783f9f910cb4,68906906,avenida,Avenida FAB 1749,Central,572484b1-1e48-4d7a-8864-2304f1a0f611,AP
01a03136-87f5-7066-824f-651f59a976cb,68906906,avenida,Avenida FAB 1749,Central,572484b1-1e48-4d7a-8864-2304f1a0f611,AP
01a02d5f-b598-7469-beda-9706c89d4a78,68906973,avenida,Avenida FAB 1854,Central,572484b1-1e48-4d7a-8864-2304f1a0f611,AP
01a03136-880e-79d4-9ce3-dc3592d41280,68906973,avenida,Avenida FAB 1854,Central,572484b1-1e48-4d7a-8864-2304f1a0f611,AP
01a02d5f-a1ed-7af0-8698-2b89ed86da37,68900909,avenida,Avenida FAB 840,Central,572484b1-1e48-4d7a-8864-2304f1a0f611,AP
01a03136-688c-7ecd-8a72-d2951e118131,68900909,avenida,Avenida FAB 840,Central,572484b1-1e48-4d7a-8864-2304f1a0f611,AP
01a02d5f-b598-7469-bed4-8752ca835fb9,68906907,avenida,"Avenida FAB, s/n",Central,572484b1-1e48-4d7a-8864-2304f1a0f611,AP
01a03136-87f8-7507-9c7f-3b038d9f0f29,68906907,avenida,"Avenida FAB, s/n",Central,572484b1-1e48-4d7a-8864-2304f1a0f611,AP
01a02d5f-b9af-7923-a9b9-0b3dd51582b4,68908520,avenida,Avenida Favila Gentil,São Lázaro,572484b1-1e48-4d7a-8864-2304f1a0f611,AP
01a03136-8f98-7934-9e60-175102da604e,68908520,avenida,Avenida Favila Gentil,São Lázaro,572484b1-1e48-4d7a-8864-2304f1a0f611,AP
01a02d5f-ca05-7f64-9050-bce8e7f5b736,68927087,avenida,Avenida Feliciana de Silva,Remedios,324f5453-20fa-4565-9dd4-6c6514f449bf,AP
01a03136-acc9-785f-a6b7-c027d1579e8d,68927087,avenida,Avenida Feliciana de Silva,Remedios,324f5453-20fa-4565-9dd4-6c6514f449bf,AP
01a02d5f-a1ef-7d2d-8328-59f5250d8aec,68901285,avenida,Avenida Feliciano Coelho,Santa Rita,572484b1-1e48-4d7a-8864-2304f1a0f611,AP
01a02d5f-a1ee-7c0f-9f7b-217387b8d5c5,68901025,avenida,Avenida Feliciano Coelho,Trem,572484b1-1e48-4d7a-8864-2304f1a0f611,AP
01a03136-68c5-797a-b88f-e3fea610294b,68901025,avenida,Avenida Feliciano Coelho,Trem,572484b1-1e48-4d7a-8864-2304f1a0f611,AP
01a03136-6943-7dd1-be1a-33dbf399276b,68901285,avenida,Avenida Feliciano Coelho,Santa Rita,572484b1-1e48-4d7a-8864-2304f1a0f611,AP
01a02d5f-a645-716e-9cc6-f07240c37ad1,68902861,avenida,Avenida Felipe Camarão,Buritizal,572484b1-1e48-4d7a-8864-2304f1a0f611,AP
01a02d5f-a1ee-7c0f-9f86-57c62199b357,68901111,avenida,Avenida Felipe Camarão,Trem,572484b1-1e48-4d7a-8864-2304f1a0f611,AP
01a03136-68ea-79ca-83a9-eb24d4a82b28,68901111,avenida,Avenida Felipe Camarão,Trem,572484b1-1e48-4d7a-8864-2304f1a0f611,AP
01a03136-6f91-73b3-831b-b705d7b6274f,68902861,avenida,Avenida Felipe Camarão,Buritizal,572484b1-1e48-4d7a-8864-2304f1a0f611,AP
01a02d5f-c5ec-7c2f-8691-b5f360de2d0e,68925067,avenida,Avenida Ferreira Gomes,Comercial,324f5453-20fa-4565-9dd4-6c6514f449bf,AP
01a03136-a553-71cd-8669-c8ef11cedc30,68925067,avenida,Avenida Ferreira Gomes,Comercial,324f5453-20fa-4565-9dd4-6c6514f449bf,AP
01a02d5f-d629-76f8-be22-baecfba4c50b,68906507,avenida,Avenida Flora,Marabaixo,572484b1-1e48-4d7a-8864-2304f1a0f611,AP
01a03136-c02a-79d5-a1e2-bb88899eda04,68906507,avenida,Avenida Flora,Marabaixo,572484b1-1e48-4d7a-8864-2304f1a0f611,AP
01a02d5f-d628-7e94-a130-bb46c7a39c16,68906504,avenida,Avenida Floreira,Marabaixo,572484b1-1e48-4d7a-8864-2304f1a0f611,AP
01a03136-c021-705d-b28f-395d0b7d5100,68906504,avenida,Avenida Floreira,Marabaixo,572484b1-1e48-4d7a-8864-2304f1a0f611,AP
01a02d5f-d00c-7cb1-b84f-2d7636bea9b6,68906464,avenida,Avenida Floresta,Marabaixo,572484b1-1e48-4d7a-8864-2304f1a0f611,AP
01a02d5f-d629-76f8-be24-f6d03410fa01,68906509,avenida,Avenida Floresta,Marabaixo,572484b1-1e48-4d7a-8864-2304f1a0f611,AP
01a03136-b762-7634-8f43-6ed106a51c19,68906464,avenida,Avenida Floresta,Marabaixo,572484b1-1e48-4d7a-8864-2304f1a0f611,AP
01a03136-c031-73eb-8e1b-4e2e922f13c9,68906509,avenida,Avenida Floresta,Marabaixo,572484b1-1e48-4d7a-8864-2304f1a0f611,AP
01a02d5f-d413-77da-9111-8db1fc45c42e,68906142,avenida,Avenida Florianópolis,Cabralzinho,572484b1-1e48-4d7a-8864-2304f1a0f611,AP
01a03136-bcc5-712f-a7a7-3e03375110c5,68906142,avenida,Avenida Florianópolis,Cabralzinho,572484b1-1e48-4d7a-8864-2304f1a0f611,AP
01a02d5f-d414-794d-9a53-68ef7a981f12,68909381,avenida,Avenida Fortaleza,Brasil Novo,572484b1-1e48-4d7a-8864-2304f1a0f611,AP
01a03136-bd18-7ec5-b8ba-da6252abb023,68909381,avenida,Avenida Fortaleza,Brasil Novo,572484b1-1e48-4d7a-8864-2304f1a0f611,AP
01a02d5f-a420-7041-96fc-17f6cdb1d43b,68902340,avenida,Avenida Francisca Praxédio de Mendonça,Muca,572484b1-1e48-4d7a-8864-2304f1a0f611,AP
01a03136-6f2c-7ff3-95b5-e261a80d67d6,68902340,avenida,Avenida Francisca Praxédio de Mendonça,Muca,572484b1-1e48-4d7a-8864-2304f1a0f611,AP
01a02d5f-bdb4-7573-a281-fd38c2e3a33d,68909021,avenida,Avenida Francisco Alves Corrêa,Novo Horizonte,572484b1-1e48-4d7a-8864-2304f1a0f611,AP
01a02d5f-bdb4-7e21-a29e-06f3203e3f27,68909075,avenida,Avenida Francisco Alves Corrêa,Jardim Felicidade,572484b1-1e48-4d7a-8864-2304f1a0f611,AP
01a03136-95f0-7642-8c4c-b83422aa1d98,68909021,avenida,Avenida Francisco Alves Corrêa,Novo Horizonte,572484b1-1e48-4d7a-8864-2304f1a0f611,AP
01a03136-965b-720b-b40a-2863a39d60cf,68909075,avenida,Avenida Francisco Alves Corrêa,Jardim Felicidade,572484b1-1e48-4d7a-8864-2304f1a0f611,AP
01a02d5f-bbb5-78d8-9556-0029fc3a174a,68908805,avenida,Avenida Francisco Felipe de Miranda,Infraero,572484b1-1e48-4d7a-8864-2304f1a0f611,AP
01a03136-9257-7612-a033-1fdee1032edf,68908805,avenida,Avenida Francisco Felipe de Miranda,Infraero,572484b1-1e48-4d7a-8864-2304f1a0f611,AP
01a02d5f-a877-7f38-b943-07ca3ff94a58,68903280,avenida,Avenida Francisco Matos,Jardim Marco Zero,572484b1-1e48-4d7a-8864-2304f1a0f611,AP
01a03136-7320-7e0e-94f4-9afacf0d4104,68903280,avenida,Avenida Francisco Matos,Jardim Marco Zero,572484b1-1e48-4d7a-8864-2304f1a0f611,AP
01a02d5f-a878-7809-a0cf-e567450dfb18,68903375,avenida,Avenida Francisco Soares,Jardim Marco Zero,572484b1-1e48-4d7a-8864-2304f1a0f611,AP
01a03136-73b2-707f-b388-221b714b3364,68903375,avenida,Avenida Francisco Soares,Jardim Marco Zero,572484b1-1e48-4d7a-8864-2304f1a0f611,AP
01a02d5f-af04-7763-9afa-ce3a16abbedf,68904387,avenida,Avenida Francisco Torquato de Araújo,Congós,572484b1-1e48-4d7a-8864-2304f1a0f611,AP
01a03136-7d0c-7b4e-93be-babf75ebfc1a,68904387,avenida,Avenida Francisco Torquato de Araújo,Congós,572484b1-1e48-4d7a-8864-2304f1a0f611,AP
01a02d5f-a1f0-759f-a31f-78b52bf70c7e,68901300,avenida,Avenida Francisco Valois Lima,Santa Rita,572484b1-1e48-4d7a-8864-2304f1a0f611,AP
01a03136-6950-7967-b843-211aa423673a,68901300,avenida,Avenida Francisco Valois Lima,Santa Rita,572484b1-1e48-4d7a-8864-2304f1a0f611,AP
01a02d5f-a644-7668-9e11-ea71e3cde444,68902630,avenida,Avenida Francisco Xavier Martins,Beirol,572484b1-1e48-4d7a-8864-2304f1a0f611,AP
01a03136-6f66-72ad-aaf8-7eb0065c585e,68902630,avenida,Avenida Francisco Xavier Martins,Beirol,572484b1-1e48-4d7a-8864-2304f1a0f611,AP
01a02d5f-ca04-7e38-baa8-439ac0480b3f,68927006,avenida,Avenida Francisco de Melo Parente,Remedios,324f5453-20fa-4565-9dd4-6c6514f449bf,AP
01a03136-ac6a-72a1-9429-6e82b4cbffc5,68927006,avenida,Avenida Francisco de Melo Parente,Remedios,324f5453-20fa-4565-9dd4-6c6514f449bf,AP
01a02d5f-b13a-7f6c-9598-72ddeb67a82b,68906012,avenida,Avenida Francisco de Souza,Goiabal,572484b1-1e48-4d7a-8864-2304f1a0f611,AP
01a03136-81ef-7b9f-9f10-8c96386c09cb,68906012,avenida,Avenida Francisco de Souza,Goiabal,572484b1-1e48-4d7a-8864-2304f1a0f611,AP
01a02d5f-d00a-7a39-bea4-7ff2ea4503ba,68906172,avenida,Avenida França,São José,572484b1-1e48-4d7a-8864-2304f1a0f611,AP
01a03136-b6e2-7048-b79f-e6fcc102598c,68906172,avenida,Avenida França,São José,572484b1-1e48-4d7a-8864-2304f1a0f611,AP
01a02d5f-b598-7469-bee6-5cb470779c9c,68907070,avenida,Avenida Fraternidade,Renascer,572484b1-1e48-4d7a-8864-2304f1a0f611,AP
01a03136-8839-733c-a676-178bc0a558ae,68907070,avenida,Avenida Fraternidade,Renascer,572484b1-1e48-4d7a-8864-2304f1a0f611,AP
01a02d5f-a41f-77a2-b95b-1f98c599db86,68902313,avenida,Avenida G,Muca,572484b1-1e48-4d7a-8864-2304f1a0f611,AP
01a03136-6f00-7e89-aebd-6ba959ecb243,68902313,avenida,Avenida G,Muca,572484b1-1e48-4d7a-8864-2304f1a0f611,AP
01a02d5f-9fc3-7142-9052-2427990b3a2f,68900050,avenida,Avenida General Gurjão,Central,572484b1-1e48-4d7a-8864-2304f1a0f611,AP
01a03136-65f5-731e-81f8-97453a383117,68900050,avenida,Avenida General Gurjão,Central,572484b1-1e48-4d7a-8864-2304f1a0f611,AP
01a02d5f-b7a9-7692-a159-ae57f6c0f74c,68908127,avenida,Avenida General Osório,Jesus de Nazaré,572484b1-1e48-4d7a-8864-2304f1a0f611,AP
01a02d5f-b7a9-7f43-a160-14eda607b3e9,68908180,avenida,Avenida General Osório,Julião Ramos,572484b1-1e48-4d7a-8864-2304f1a0f611,AP
01a03136-8c5d-7164-8437-a8700571a34d,68908127,avenida,Avenida General Osório,Jesus de Nazaré,572484b1-1e48-4d7a-8864-2304f1a0f611,AP
01a03136-8e8e-7e48-a727-26f3efa02d9b,68908180,avenida,Avenida General Osório,Julião Ramos,572484b1-1e48-4d7a-8864-2304f1a0f611,AP
01a02d5f-d416-72f3-b87d-fd37fe0cb448,68902886,avenida,Avenida Geraldo Lopes Creão,Buritizal,572484b1-1e48-4d7a-8864-2304f1a0f611,AP
01a03136-bd67-7838-85b0-0e969953d466,68902886,avenida,Avenida Geraldo Lopes Creão,Buritizal,572484b1-1e48-4d7a-8864-2304f1a0f611,AP
01a02d5f-bdb4-7e21-a2a1-20a6faa742ad,68909081,avenida,Avenida Geriba Almeida de Azevedo Costa,Jardim Felicidade,572484b1-1e48-4d7a-8864-2304f1a0f611,AP
01a02d5f-c1d9-76d0-b0dd-e450cb9ed525,68909822,avenida,Avenida Geriba Almeida de Azevedo Costa,Jardim Felicidade,572484b1-1e48-4d7a-8864-2304f1a0f611,AP
01a03136-9665-79e2-9b6b-2dbeaa88a5dd,68909081,avenida,Avenida Geriba Almeida de Azevedo Costa,Jardim Felicidade,572484b1-1e48-4d7a-8864-2304f1a0f611,AP
01a03136-9d94-7bde-9c10-9789a0e0cb9a,68909822,avenida,Avenida Geriba Almeida de Azevedo Costa,Jardim Felicidade,572484b1-1e48-4d7a-8864-2304f1a0f611,AP
01a02d5f-b9af-706c-a9ad-bcd2d5400926,68908450,avenida,Avenida Germano Silva Souza,São Lázaro,572484b1-1e48-4d7a-8864-2304f1a0f611,AP
01a03136-8f6b-7e3a-a912-0c9c54df3654,68908450,avenida,Avenida Germano Silva Souza,São Lázaro,572484b1-1e48-4d7a-8864-2304f1a0f611,AP
01a02d5f-b13a-7676-958f-8260fc084cdb,68905830,avenida,Avenida Gertrudes Saturnino Loureiro,Perpétuo Socorro,572484b1-1e48-4d7a-8864-2304f1a0f611,AP
01a03136-81d0-7220-91bc-cb6f59ede8ac,68905830,avenida,Avenida Gertrudes Saturnino Loureiro,Perpétuo Socorro,572484b1-1e48-4d7a-8864-2304f1a0f611,AP
01a02d5f-b598-7d36-beea-8fbe53664d6f,68907110,avenida,Avenida Gerusa,Renascer,572484b1-1e48-4d7a-8864-2304f1a0f611,AP
01a03136-8844-73d7-a8db-c8321cfaa846,68907110,avenida,Avenida Gerusa,Renascer,572484b1-1e48-4d7a-8864-2304f1a0f611,AP
01a02d5f-c1d9-76d0-b0dc-c7fb7c5fbabd,68909821,avenida,Avenida Glicério de Souza Figueredo,Novo Horizonte,572484b1-1e48-4d7a-8864-2304f1a0f611,AP
01a03136-9d91-7598-b26d-eca21e88e591,68909821,avenida,Avenida Glicério de Souza Figueredo,Novo Horizonte,572484b1-1e48-4d7a-8864-2304f1a0f611,AP
01a02d5f-bdb5-76c2-9f14-2d96d89034be,68909132,avenida,Avenida Gonzaguinha,Boné Azul,572484b1-1e48-4d7a-8864-2304f1a0f611,AP
01a03136-9696-7f93-9d5d-16dd5add1276,68909132,avenida,Avenida Gonzaguinha,Boné Azul,572484b1-1e48-4d7a-8864-2304f1a0f611,AP
01a02d5f-acd6-7612-894d-b22ca18e4e90,68904019,avenida,Avenida Governador Manoel Bernado de Melo Castro,Novo Buritizal,572484b1-1e48-4d7a-8864-2304f1a0f611,AP
01a03136-79f4-7e2b-80b0-e5f274d0fc59,68904019,avenida,Avenida Governador Manoel Bernado de Melo Castro,Novo Buritizal,572484b1-1e48-4d7a-8864-2304f1a0f611,AP
01a02d5f-a645-7a87-9ce3-e002fb5c2915,68903004,avenida,Avenida Graciliano da Silva Trindade,Jardim Equatorial,572484b1-1e48-4d7a-8864-2304f1a0f611,AP
01a03136-6ff3-7638-a445-5795af33fdd2,68903004,avenida,Avenida Graciliano da Silva Trindade,Jardim Equatorial,572484b1-1e48-4d7a-8864-2304f1a0f611,AP
01a02d5f-d415-71e7-bddc-02508551a5a9,68909382,avenida,Avenida Gramado,Brasil Novo,572484b1-1e48-4d7a-8864-2304f1a0f611,AP
01a03136-bd1b-7bd6-8aad-2539826301d2,68909382,avenida,Avenida Gramado,Brasil Novo,572484b1-1e48-4d7a-8864-2304f1a0f611,AP
01a02d5f-a646-7328-893a-568dda91e06b,68903013,avenida,Avenida Grasiliano da Silva Trindade,Jardim Equatorial,572484b1-1e48-4d7a-8864-2304f1a0f611,AP
01a03136-7008-7781-9211-758b599e44f9,68903013,avenida,Avenida Grasiliano da Silva Trindade,Jardim Equatorial,572484b1-1e48-4d7a-8864-2304f1a0f611,AP
01a02d5f-bdb5-76c2-9f18-dda474749be0,68909136,avenida,Avenida Gregório de Matos,Boné Azul,572484b1-1e48-4d7a-8864-2304f1a0f611,AP
01a03136-96a4-7ae4-9d83-f329a365ace8,68909136,avenida,Avenida Gregório de Matos,Boné Azul,572484b1-1e48-4d7a-8864-2304f1a0f611,AP
01a02d5f-acd8-7013-aa71-b68895ab4910,68904340,avenida,Avenida Guajarina Duarte Mendes,Congós,572484b1-1e48-4d7a-8864-2304f1a0f611,AP
01a03136-7cca-7d13-ae3c-bd87dcb49b1a,68904340,avenida,Avenida Guajarina Duarte Mendes,Congós,572484b1-1e48-4d7a-8864-2304f1a0f611,AP
01a03136-b662-7fba-888f-0e86fc58b47c,68950970,avenida,Avenida Guarani 242,Centro,c0815447-2083-4ba0-a5fc-271d6bdf5aff,AP
01a02d5f-d009-7956-a60c-8b73ebf8f3d3,68950970,avenida,Avenida Guarani 242,Centro,c0815447-2083-4ba0-a5fc-271d6bdf5aff,AP
01a02d5f-acd7-777c-a3c4-4accfe2b0396,68904225,avenida,Avenida Hely da Silva Oliveira,Novo Buritizal,572484b1-1e48-4d7a-8864-2304f1a0f611,AP
01a03136-7a4c-7744-bf30-7a3de05e8575,68904225,avenida,Avenida Hely da Silva Oliveira,Novo Buritizal,572484b1-1e48-4d7a-8864-2304f1a0f611,AP
01a02d5f-a1ef-74c4-8315-24db7c4b3495,68901255,avenida,Avenida Henrique Galúcio,Santa Rita,572484b1-1e48-4d7a-8864-2304f1a0f611,AP
01a02d5f-9fc4-7b45-bc8f-07410a5ef208,68900115,avenida,Avenida Henrique Galúcio,Central,572484b1-1e48-4d7a-8864-2304f1a0f611,AP
01a03136-6856-701d-a467-8e51d572a862,68900115,avenida,Avenida Henrique Galúcio,Central,572484b1-1e48-4d7a-8864-2304f1a0f611,AP
01a03136-6905-755f-ab4a-23919ab02d37,68901255,avenida,Avenida Henrique Galúcio,Santa Rita,572484b1-1e48-4d7a-8864-2304f1a0f611,AP
01a02d5f-bdb5-76c2-9f0b-db8687ecd955,68909095,avenida,Avenida Hermes Monteiro da Silva,Novo Horizonte,572484b1-1e48-4d7a-8864-2304f1a0f611,AP
01a02d5f-c1d9-76d0-b0de-98314e7caf29,68909823,avenida,Avenida Hermes Monteiro da Silva,Novo Horizonte,572484b1-1e48-4d7a-8864-2304f1a0f611,AP
01a03136-9678-71b4-85b9-26d5c88a3053,68909095,avenida,Avenida Hermes Monteiro da Silva,Novo Horizonte,572484b1-1e48-4d7a-8864-2304f1a0f611,AP
01a03136-9d98-7065-a744-e2003eefb84b,68909823,avenida,Avenida Hermes Monteiro da Silva,Novo Horizonte,572484b1-1e48-4d7a-8864-2304f1a0f611,AP
01a02d5f-acd8-7013-aa66-d93204773698,68904283,avenida,Avenida Heráclito Juares Filho,Novo Buritizal,572484b1-1e48-4d7a-8864-2304f1a0f611,AP
01a03136-7a7e-798c-9fd7-df59e2744981,68904283,avenida,Avenida Heráclito Juares Filho,Novo Buritizal,572484b1-1e48-4d7a-8864-2304f1a0f611,AP
01a02d5f-b598-7469-bee4-1ae52a5d6c14,68907050,avenida,Avenida Heródoto,Renascer,572484b1-1e48-4d7a-8864-2304f1a0f611,AP
01a03136-8832-79bf-a9f5-30e5635a1fca,68907050,avenida,Avenida Heródoto,Renascer,572484b1-1e48-4d7a-8864-2304f1a0f611,AP
01a02d5f-d413-77da-9115-e044cd840020,68906171,avenida,Avenida Holanda,São José,572484b1-1e48-4d7a-8864-2304f1a0f611,AP
01a03136-bcd2-77c5-bb63-32c469a06976,68906171,avenida,Avenida Holanda,São José,572484b1-1e48-4d7a-8864-2304f1a0f611,AP
01a02d5f-c5ea-79ec-95e5-59e34778370d,68911395,avenida,Avenida Hubelino Nunes de Almeida,Muruci (Fazendinha),572484b1-1e48-4d7a-8864-2304f1a0f611,AP
01a03136-a450-7bea-b5ac-eb6656ef87b8,68911395,avenida,Avenida Hubelino Nunes de Almeida,Muruci (Fazendinha),572484b1-1e48-4d7a-8864-2304f1a0f611,AP
01a02d5f-acd5-7d26-8915-578565fc891c,68903874,avenida,Avenida Humberto Góes Pereira,Araxá,572484b1-1e48-4d7a-8864-2304f1a0f611,AP
01a03136-79ac-78ce-b01b-6a83690070d2,68903874,avenida,Avenida Humberto Góes Pereira,Araxá,572484b1-1e48-4d7a-8864-2304f1a0f611,AP
01a02d5f-b598-7469-bee7-e067a5fa5b67,68907080,avenida,Avenida Igualdade,Renascer,572484b1-1e48-4d7a-8864-2304f1a0f611,AP
01a03136-883d-724a-b51c-716ed6adb451,68907080,avenida,Avenida Igualdade,Renascer,572484b1-1e48-4d7a-8864-2304f1a0f611,AP
01a02d5f-d00b-72e2-b17b-b838b12743f7,68906175,avenida,Avenida Inglaterra,São José,572484b1-1e48-4d7a-8864-2304f1a0f611,AP
01a03136-b6ed-76f3-ac0f-56ae9ab64a28,68906175,avenida,Avenida Inglaterra,São José,572484b1-1e48-4d7a-8864-2304f1a0f611,AP
01a02d5f-a877-7f38-b946-2c913732a765,68903310,avenida,Avenida Inspetor Orlando Dias,Jardim Marco Zero,572484b1-1e48-4d7a-8864-2304f1a0f611,AP
01a03136-732b-7506-84e1-259426549553,68903310,avenida,Avenida Inspetor Orlando Dias,Jardim Marco Zero,572484b1-1e48-4d7a-8864-2304f1a0f611,AP
01a02d5f-bfdb-7fb3-9358-842546cb92a7,68909469,avenida,Avenida Ipê,Boné Azul,572484b1-1e48-4d7a-8864-2304f1a0f611,AP
01a03136-99d8-746e-9982-f549e04f5def,68909469,avenida,Avenida Ipê,Boné Azul,572484b1-1e48-4d7a-8864-2304f1a0f611,AP
01a02d5f-9fc4-72a2-bc8a-ebd534ed7efb,68900099,avenida,Avenida Iracema Carvão Nunes,Central,572484b1-1e48-4d7a-8864-2304f1a0f611,AP
01a03136-6845-7738-bc99-116c47110450,68900099,avenida,Avenida Iracema Carvão Nunes,Central,572484b1-1e48-4d7a-8864-2304f1a0f611,AP
01a02d5f-a1ed-7af0-8699-5a098e9c607e,68900910,avenida,Avenida Iracema Carvão Nunes 645,Central,572484b1-1e48-4d7a-8864-2304f1a0f611,AP
01a03136-6890-7497-8f0a-5dd999a85817,68900910,avenida,Avenida Iracema Carvão Nunes 645,Central,572484b1-1e48-4d7a-8864-2304f1a0f611,AP
01a02d5f-a647-74b0-839c-2d008e3fbaa3,68903192,avenida,Avenida Irineu Lima de Souza,Jardim Marco Zero,572484b1-1e48-4d7a-8864-2304f1a0f611,AP
01a03136-72b0-7ff9-b4ce-67d2596c434d,68903192,avenida,Avenida Irineu Lima de Souza,Jardim Marco Zero,572484b1-1e48-4d7a-8864-2304f1a0f611,AP
01a02d5f-c7ec-76ac-a79c-20b279022ad0,68926044,avenida,Avenida Irmãos Lobato Monteiro,Novo Horizonte,324f5453-20fa-4565-9dd4-6c6514f449bf,AP
01a03136-a904-76cc-94a1-44af7bb10463,68926044,avenida,Avenida Irmãos Lobato Monteiro,Novo Horizonte,324f5453-20fa-4565-9dd4-6c6514f449bf,AP
01a02d5f-aaaa-79c0-808c-732a380abe7b,68903575,avenida,Avenida Isa Golveia,Universidade,572484b1-1e48-4d7a-8864-2304f1a0f611,AP
01a03136-76a7-777e-b38e-16d183d483b1,68903575,avenida,Avenida Isa Golveia,Universidade,572484b1-1e48-4d7a-8864-2304f1a0f611,AP
01a02d5f-b13c-7126-b1bc-b755cb7f87c8,68906063,avenida,Avenida Israel,Goiabal,572484b1-1e48-4d7a-8864-2304f1a0f611,AP
01a03136-8229-7cda-93b1-400d7a48188a,68906063,avenida,Avenida Israel,Goiabal,572484b1-1e48-4d7a-8864-2304f1a0f611,AP
01a02d5f-a1f0-759f-a32e-45f7f4306aaa,68901347,avenida,Avenida Israel Marques Sozinho,Santa Rita,572484b1-1e48-4d7a-8864-2304f1a0f611,AP
01a03136-6b91-7842-96e7-9da0d8bc2090,68901347,avenida,Avenida Israel Marques Sozinho,Santa Rita,572484b1-1e48-4d7a-8864-2304f1a0f611,AP
01a02d5f-b13a-7f6c-9596-75c81118d31d,68906006,avenida,Avenida Itamaraca,Goiabal,572484b1-1e48-4d7a-8864-2304f1a0f611,AP
01a03136-81e8-7f92-bd59-db002dd2d7d3,68906006,avenida,Avenida Itamaraca,Goiabal,572484b1-1e48-4d7a-8864-2304f1a0f611,AP
01a02d5f-bfdc-7fcc-b96a-301ee49d5ee2,68909693,avenida,Avenida Itaquatiara,Lagoa Azul,572484b1-1e48-4d7a-8864-2304f1a0f611,AP
01a03136-9ceb-724d-a476-4e00812cd4d6,68909693,avenida,Avenida Itaquatiara,Lagoa Azul,572484b1-1e48-4d7a-8864-2304f1a0f611,AP
01a02d5f-d00b-72e2-b17a-4895e98be282,68906174,avenida,Avenida Itália,São José,572484b1-1e48-4d7a-8864-2304f1a0f611,AP
01a02d5f-d629-76f8-be2b-0d116e077720,68906792,avenida,Avenida Itália,Cabralzinho,572484b1-1e48-4d7a-8864-2304f1a0f611,AP
01a03136-b6e9-782f-8bab-ca986c436e79,68906174,avenida,Avenida Itália,São José,572484b1-1e48-4d7a-8864-2304f1a0f611,AP
01a03136-c049-7180-a2fb-8a71405165fa,68906792,avenida,Avenida Itália,Cabralzinho,572484b1-1e48-4d7a-8864-2304f1a0f611,AP
01a02d5f-a646-7bae-895c-a134db2b38a0,68903183,avenida,Avenida Ivaldo Alves Veras,Jardim Marco Zero,572484b1-1e48-4d7a-8864-2304f1a0f611,AP
01a03136-7291-7e7f-91d7-87628073b8aa,68903183,avenida,Avenida Ivaldo Alves Veras,Jardim Marco Zero,572484b1-1e48-4d7a-8864-2304f1a0f611,AP
01a02d5f-a877-7f38-b940-d7b7fd845c56,68903261,avenida,Avenida Jacinto Lobato,Jardim Marco Zero,572484b1-1e48-4d7a-8864-2304f1a0f611,AP
01a02d5f-d00a-71c5-be96-842b39fc6787,68903084,avenida,Avenida Jacinto Lobato,Pedrinhas,572484b1-1e48-4d7a-8864-2304f1a0f611,AP
01a03136-7317-79dc-9c0e-e6f0801b8053,68903261,avenida,Avenida Jacinto Lobato,Jardim Marco Zero,572484b1-1e48-4d7a-8864-2304f1a0f611,AP
01a03136-b6af-7bf9-b610-5af75ab46939,68903084,avenida,Avenida Jacinto Lobato,Pedrinhas,572484b1-1e48-4d7a-8864-2304f1a0f611,AP
01a02d5f-bfda-7e3e-8717-d209a3cf856e,68909322,avenida,Avenida Jambeiro,Brasil Novo,572484b1-1e48-4d7a-8864-2304f1a0f611,AP
01a03136-9988-785f-b07e-83d590ad5d75,68909322,avenida,Avenida Jambeiro,Brasil Novo,572484b1-1e48-4d7a-8864-2304f1a0f611,AP
01a02d5f-acd8-78e3-aa7d-d8dea0be607e,68904378,avenida,Avenida Janari de Azevedo Costa,Congós,572484b1-1e48-4d7a-8864-2304f1a0f611,AP
01a03136-7cf1-7f4d-9d71-9bc91223bf1b,68904378,avenida,Avenida Janari de Azevedo Costa,Congós,572484b1-1e48-4d7a-8864-2304f1a0f611,AP
01a02d5f-c5ec-7383-8673-4332bc980605,68911467,avenida,Avenida Japurá,Muruci (Fazendinha),572484b1-1e48-4d7a-8864-2304f1a0f611,AP
01a03136-a4c3-7547-a0be-bd0f4282d5e1,68911467,avenida,Avenida Japurá,Muruci (Fazendinha),572484b1-1e48-4d7a-8864-2304f1a0f611,AP
01a02d5f-d209-778e-a2e6-1e219fdf9aa6,68906124,avenida,Avenida Japão,Cabralzinho,572484b1-1e48-4d7a-8864-2304f1a0f611,AP
01a02d5f-d629-76f8-be2c-862d30e723e5,68906793,avenida,Avenida Japão,Cabralzinho,572484b1-1e48-4d7a-8864-2304f1a0f611,AP
01a03136-bca3-79fb-ae0c-076abbe4fc02,68906124,avenida,Avenida Japão,Cabralzinho,572484b1-1e48-4d7a-8864-2304f1a0f611,AP
01a03136-c04b-7d72-9634-67039a6fc50e,68906793,avenida,Avenida Japão,Cabralzinho,572484b1-1e48-4d7a-8864-2304f1a0f611,AP
01a02d5f-d62c-79e2-b6f9-d6fb9d3d4c1b,68909364,avenida,Avenida Jaqueira,Brasil Novo,572484b1-1e48-4d7a-8864-2304f1a0f611,AP
01a03136-c113-7c42-9129-9ab3279bf68d,68909364,avenida,Avenida Jaqueira,Brasil Novo,572484b1-1e48-4d7a-8864-2304f1a0f611,AP
01a02d5f-d629-76f8-be23-6d0a55bdd95e,68906508,avenida,Avenida Jardin,Marabaixo,572484b1-1e48-4d7a-8864-2304f1a0f611,AP
01a03136-c02d-7ee0-ae16-029c4faf9358,68906508,avenida,Avenida Jardin,Marabaixo,572484b1-1e48-4d7a-8864-2304f1a0f611,AP
01a02d5f-d00c-7cb1-b84e-2cf83512d4e0,68906463,avenida,Avenida Jardin América,Marabaixo,572484b1-1e48-4d7a-8864-2304f1a0f611,AP
01a03136-b75f-705c-ac64-6a0714a8820d,68906463,avenida,Avenida Jardin América,Marabaixo,572484b1-1e48-4d7a-8864-2304f1a0f611,AP
01a02d5f-b36e-79f4-a0f1-7287f0513b1c,68906811,avenida,Avenida Jaçanã,Cabralzinho,572484b1-1e48-4d7a-8864-2304f1a0f611,AP
01a03136-8506-781f-a3d8-223c054cc281,68906811,avenida,Avenida Jaçanã,Cabralzinho,572484b1-1e48-4d7a-8864-2304f1a0f611,AP
01a02d5f-d821-74b6-996f-7d5c8db52b4b,68909627,avenida,Avenida Jequitibá,Boné Azul,572484b1-1e48-4d7a-8864-2304f1a0f611,AP
01a03136-c374-7ce4-bb6e-c8c485a88334,68909627,avenida,Avenida Jequitibá,Boné Azul,572484b1-1e48-4d7a-8864-2304f1a0f611,AP
01a02d5f-c5ec-7383-867f-06b602586bf8,68925013,avenida,Avenida Jesus de Nazaré,Comercial,324f5453-20fa-4565-9dd4-6c6514f449bf,AP
01a03136-a500-7f7a-8ecf-6363355e8b19,68925013,avenida,Avenida Jesus de Nazaré,Comercial,324f5453-20fa-4565-9dd4-6c6514f449bf,AP
01a02d5f-d207-7d87-85d5-186aa6ff1946,68906491,avenida,Avenida Joaquim Coutinho,Marabaixo,572484b1-1e48-4d7a-8864-2304f1a0f611,AP
01a03136-b9af-79b0-9244-3592d73ee83d,68906491,avenida,Avenida Joaquim Coutinho,Marabaixo,572484b1-1e48-4d7a-8864-2304f1a0f611,AP
01a02d5f-bdb4-7e21-a28b-818cccb3a590,68909034,avenida,Avenida Joaquim Silva do Amaral,Jardim Felicidade,572484b1-1e48-4d7a-8864-2304f1a0f611,AP
01a02d5f-bfdc-7fcc-b967-e172b251204c,68909551,avenida,Avenida Joaquim Silva do Amaral,Boné Azul,572484b1-1e48-4d7a-8864-2304f1a0f611,AP
01a02d5f-c1d9-7f6a-b0df-9ce2718eaee9,68909824,avenida,Avenida Joaquim Silva do Amaral,Novo Horizonte,572484b1-1e48-4d7a-8864-2304f1a0f611,AP
01a03136-9618-7abb-b25c-224b7313021c,68909034,avenida,Avenida Joaquim Silva do Amaral,Jardim Felicidade,572484b1-1e48-4d7a-8864-2304f1a0f611,AP
01a03136-9ce1-7336-aece-47c65ab8a07a,68909551,avenida,Avenida Joaquim Silva do Amaral,Boné Azul,572484b1-1e48-4d7a-8864-2304f1a0f611,AP
01a03136-9d9b-7f39-b8f9-f297f6307c50,68909824,avenida,Avenida Joaquim Silva do Amaral,Novo Horizonte,572484b1-1e48-4d7a-8864-2304f1a0f611,AP
01a02d5f-c5ea-7088-95d7-24ab5e9af9db,68911355,avenida,Avenida Jose Maria Gonçalves Leão,Muruci (Fazendinha),572484b1-1e48-4d7a-8864-2304f1a0f611,AP
01a03136-a419-7011-b68c-b24038609f95,68911355,avenida,Avenida Jose Maria Gonçalves Leão,Muruci (Fazendinha),572484b1-1e48-4d7a-8864-2304f1a0f611,AP
01a02d5f-af09-7828-91dc-b26a018d78e1,68905570,avenida,Avenida Jose Tupinamba de Almeida,Perpétuo Socorro,572484b1-1e48-4d7a-8864-2304f1a0f611,AP
01a02d5f-b7a9-7692-a158-c126ce4b6777,68908126,avenida,Avenida Jose Tupinamba de Almeida,Jesus de Nazaré,572484b1-1e48-4d7a-8864-2304f1a0f611,AP
01a02d5f-b7a9-7f43-a164-e9a16a08c48f,68908188,avenida,Avenida Jose Tupinamba de Almeida,Julião Ramos,572484b1-1e48-4d7a-8864-2304f1a0f611,AP
01a03136-813a-7db6-a4a2-5da9a685e07b,68905570,avenida,Avenida Jose Tupinamba de Almeida,Perpétuo Socorro,572484b1-1e48-4d7a-8864-2304f1a0f611,AP
01a03136-8c59-7420-8839-9fa884b936bd,68908126,avenida,Avenida Jose Tupinamba de Almeida,Jesus de Nazaré,572484b1-1e48-4d7a-8864-2304f1a0f611,AP
01a03136-8e9d-76ee-928a-bec67f454636,68908188,avenida,Avenida Jose Tupinamba de Almeida,Julião Ramos,572484b1-1e48-4d7a-8864-2304f1a0f611,AP
01a02d5f-bbba-798c-b2c6-02d2de0c7f1b,68909008,avenida,Avenida Josefa Pelaes da Silva,Jardim Felicidade,572484b1-1e48-4d7a-8864-2304f1a0f611,AP
01a02d5f-c1d9-7f6a-b0e4-21e4104c640a,68909830,avenida,Avenida Josefa Pelaes da Silva,Novo Horizonte,572484b1-1e48-4d7a-8864-2304f1a0f611,AP
01a03136-95c5-7cba-89ae-a93f4573a555,68909008,avenida,Avenida Josefa Pelaes da Silva,Jardim Felicidade,572484b1-1e48-4d7a-8864-2304f1a0f611,AP
01a03136-9dab-74b6-8ffe-b451c94964fa,68909830,avenida,Avenida Josefa Pelaes da Silva,Novo Horizonte,572484b1-1e48-4d7a-8864-2304f1a0f611,AP
01a02d5f-a877-7f38-b93e-c7bfba2bf6cc,68903258,avenida,Avenida Josefa dos Santos,Jardim Marco Zero,572484b1-1e48-4d7a-8864-2304f1a0f611,AP
01a03136-7310-7cb4-9126-cc4008a92b5a,68903258,avenida,Avenida Josefa dos Santos,Jardim Marco Zero,572484b1-1e48-4d7a-8864-2304f1a0f611,AP
01a02d5f-b36e-79f4-a0e5-a935289bb70a,68906680,avenida,Avenida Josefina Silva da Soledade,Alvorada,572484b1-1e48-4d7a-8864-2304f1a0f611,AP
01a03136-84e0-76f8-b295-c71e20d71a2e,68906680,avenida,Avenida Josefina Silva da Soledade,Alvorada,572484b1-1e48-4d7a-8864-2304f1a0f611,AP
01a02d5f-b9af-706c-a9b3-c7f1b5118af9,68908480,avenida,Avenida José Alves Pessoa,São Lázaro,572484b1-1e48-4d7a-8864-2304f1a0f611,AP
01a03136-8f82-769c-86d5-4e5fd3b68a1d,68908480,avenida,Avenida José Alves Pessoa,São Lázaro,572484b1-1e48-4d7a-8864-2304f1a0f611,AP
01a02d5f-b7a9-7f43-a167-bcefac0802ad,68908193,avenida,Avenida José Antônio Siqueira,Jesus de Nazaré,572484b1-1e48-4d7a-8864-2304f1a0f611,AP
01a02d5f-b7a9-7f43-a168-c6dbe1a8c2dc,68908194,avenida,Avenida José Antônio Siqueira,Julião Ramos,572484b1-1e48-4d7a-8864-2304f1a0f611,AP
01a03136-8ea8-780e-9ac7-907e8b52967e,68908193,avenida,Avenida José Antônio Siqueira,Jesus de Nazaré,572484b1-1e48-4d7a-8864-2304f1a0f611,AP
01a03136-8eac-71e9-84dc-aa28ad1a3c47,68908194,avenida,Avenida José Antônio Siqueira,Julião Ramos,572484b1-1e48-4d7a-8864-2304f1a0f611,AP
01a02d5f-af05-707b-86ba-17517f846968,68904398,avenida,Avenida José Araguarino de Mont'Alverne,Congós,572484b1-1e48-4d7a-8864-2304f1a0f611,AP
01a03136-7d21-7bd6-a731-08ac4104de85,68904398,avenida,Avenida José Araguarino de Mont'Alverne,Congós,572484b1-1e48-4d7a-8864-2304f1a0f611,AP
01a02d5f-acd7-777c-a3ba-2a6518dc26af,68904070,avenida,Avenida José Augusto Façanha,Novo Buritizal,572484b1-1e48-4d7a-8864-2304f1a0f611,AP
01a03136-7a29-7bb2-982d-3348708afdbd,68904070,avenida,Avenida José Augusto Façanha,Novo Buritizal,572484b1-1e48-4d7a-8864-2304f1a0f611,AP
01a02d5f-c5ea-7088-95d6-9d27fed72160,68911165,avenida,Avenida José Borges dos Santos,Fazendinha,572484b1-1e48-4d7a-8864-2304f1a0f611,AP
01a03136-a414-7915-a2a1-fdf62aa74297,68911165,avenida,Avenida José Borges dos Santos,Fazendinha,572484b1-1e48-4d7a-8864-2304f1a0f611,AP
01a02d5f-b13a-7f6c-9599-7ca244cdeeae,68906015,avenida,Avenida José Cardoso da Silva,Goiabal,572484b1-1e48-4d7a-8864-2304f1a0f611,AP
01a03136-81f3-7116-b9f6-28aaee2a11b9,68906015,avenida,Avenida José Cardoso da Silva,Goiabal,572484b1-1e48-4d7a-8864-2304f1a0f611,AP
01a02d5f-c7eb-7d57-aa54-8bdbdd9546c3,68926036,avenida,Avenida José Cesar Braga,Novo Horizonte,324f5453-20fa-4565-9dd4-6c6514f449bf,AP
01a03136-a8fc-77de-99b9-9303d1a2994f,68926036,avenida,Avenida José Cesar Braga,Novo Horizonte,324f5453-20fa-4565-9dd4-6c6514f449bf,AP
01a02d5f-a41e-7468-b88b-2ebd85630c95,68901685,avenida,Avenida José Corrêa da Costa,Nova Esperança,572484b1-1e48-4d7a-8864-2304f1a0f611,AP
01a03136-6c2b-7a16-97e1-5732e043e569,68901685,avenida,Avenida José Corrêa da Costa,Nova Esperança,572484b1-1e48-4d7a-8864-2304f1a0f611,AP
01a02d5f-cc1a-7f3f-a271-d3815788cb2a,68927341,avenida,Avenida José Deulino,Nova Brasília,324f5453-20fa-4565-9dd4-6c6514f449bf,AP
01a03136-aff5-71b6-8d77-ec4eb52457e1,68927341,avenida,Avenida José Deulino,Nova Brasília,324f5453-20fa-4565-9dd4-6c6514f449bf,AP
01a02d5f-bdb5-76c2-9f11-4d027183365d,68909115,avenida,Avenida José Ferreira Chucre,Jardim Felicidade,572484b1-1e48-4d7a-8864-2304f1a0f611,AP
01a02d5f-c1d9-7f6a-b0e0-e9e112f7aa9d,68909826,avenida,Avenida José Ferreira Chucre,Novo Horizonte,572484b1-1e48-4d7a-8864-2304f1a0f611,AP
01a03136-968d-7052-a27a-11325f8b9f01,68909115,avenida,Avenida José Ferreira Chucre,Jardim Felicidade,572484b1-1e48-4d7a-8864-2304f1a0f611,AP
01a03136-9d9e-7f16-8138-f26fdc6f99fa,68909826,avenida,Avenida José Ferreira Chucre,Novo Horizonte,572484b1-1e48-4d7a-8864-2304f1a0f611,AP
01a02d5f-b9af-706c-a9a7-13800a36c07d,68908420,avenida,Avenida José Ferreira do Amaral,São Lázaro,572484b1-1e48-4d7a-8864-2304f1a0f611,AP
01a03136-8f56-741d-b107-fdfa5558a115,68908420,avenida,Avenida José Ferreira do Amaral,São Lázaro,572484b1-1e48-4d7a-8864-2304f1a0f611,AP
01a02d5f-a1f0-759f-a324-b9ccf7a12abb,68901320,avenida,Avenida José Gomes Bezerra,Santa Rita,572484b1-1e48-4d7a-8864-2304f1a0f611,AP
01a03136-6960-7795-a8bf-5b168b576d2e,68901320,avenida,Avenida José Gomes Bezerra,Santa Rita,572484b1-1e48-4d7a-8864-2304f1a0f611,AP
01a02d5f-acd7-777c-a3bb-6e0b93073f12,68904080,avenida,Avenida José Gonçalves Picanço,Novo Buritizal,572484b1-1e48-4d7a-8864-2304f1a0f611,AP
01a03136-7a2d-7b90-b17d-0005cd0149a8,68904080,avenida,Avenida José Gonçalves Picanço,Novo Buritizal,572484b1-1e48-4d7a-8864-2304f1a0f611,AP
01a02d5f-b9af-706c-a9af-d70bc1aac216,68908460,avenida,Avenida José Lino Ramos,São Lázaro,572484b1-1e48-4d7a-8864-2304f1a0f611,AP
01a03136-8f74-70c0-9266-61059fdb0e8e,68908460,avenida,Avenida José Lino Ramos,São Lázaro,572484b1-1e48-4d7a-8864-2304f1a0f611,AP
01a03136-b671-72db-ab92-51c7852663aa,68970970,avenida,Avenida José Lorenço 1299,Lourenço,3ee289ef-c6f7-4f93-8d35-a8a387b2f80e,AP
01a02d5f-d00a-71c5-be88-de424b4df785,68970970,avenida,Avenida José Lorenço 1299,Lourenço,3ee289ef-c6f7-4f93-8d35-a8a387b2f80e,AP
01a02d5f-bdb5-76c2-9f12-fefdb67b96d7,68909125,avenida,Avenida José Loureiro de Sena,Jardim Felicidade,572484b1-1e48-4d7a-8864-2304f1a0f611,AP
01a02d5f-c1d9-7f6a-b0e1-a72febea8556,68909827,avenida,Avenida José Loureiro de Sena,Novo Horizonte,572484b1-1e48-4d7a-8864-2304f1a0f611,AP
01a03136-9690-76fb-81be-a79ea524639c,68909125,avenida,Avenida José Loureiro de Sena,Jardim Felicidade,572484b1-1e48-4d7a-8864-2304f1a0f611,AP
01a03136-9da2-7381-96e4-2884ee5bb9f9,68909827,avenida,Avenida José Loureiro de Sena,Novo Horizonte,572484b1-1e48-4d7a-8864-2304f1a0f611,AP
01a02d5f-af05-707b-86b5-cfd37c5045c9,68904388,avenida,Avenida José Maria Banhos de Araújo,Congós,572484b1-1e48-4d7a-8864-2304f1a0f611,AP
01a03136-7d10-7117-93b4-703baa200a19,68904388,avenida,Avenida José Maria Banhos de Araújo,Congós,572484b1-1e48-4d7a-8864-2304f1a0f611,AP
01a02d5f-c5ea-79ec-95e0-1369cdc6ce14,68911365,avenida,Avenida José Maria da Silva Nunes,Muruci (Fazendinha),572484b1-1e48-4d7a-8864-2304f1a0f611,AP
01a03136-a43c-73d4-9bd9-3bd361a06f45,68911365,avenida,Avenida José Maria da Silva Nunes,Muruci (Fazendinha),572484b1-1e48-4d7a-8864-2304f1a0f611,AP
01a02d5f-a420-7041-9700-3b57ad6e0605,68902350,avenida,Avenida José Mauro S. do Nascimento,Muca,572484b1-1e48-4d7a-8864-2304f1a0f611,AP
01a03136-6f3a-7cd4-99e8-1dbbba48543b,68902350,avenida,Avenida José Mauro S. do Nascimento,Muca,572484b1-1e48-4d7a-8864-2304f1a0f611,AP
01a02d5f-b9af-7923-a9bc-57a211d3c4ec,68908550,avenida,Avenida José Moacir Banhos de Araújo,São Lázaro,572484b1-1e48-4d7a-8864-2304f1a0f611,AP
01a02d5f-af05-707b-86b6-8a185f59373f,68904390,avenida,Avenida José Moacir Banhos de Araújo,Congós,572484b1-1e48-4d7a-8864-2304f1a0f611,AP
01a03136-7d14-7038-ada8-afa9956a6750,68904390,avenida,Avenida José Moacir Banhos de Araújo,Congós,572484b1-1e48-4d7a-8864-2304f1a0f611,AP
01a03136-8fa3-7963-9a41-c08ad195ac47,68908550,avenida,Avenida José Moacir Banhos de Araújo,São Lázaro,572484b1-1e48-4d7a-8864-2304f1a0f611,AP
01a02d5f-a877-7f38-b948-e3c34b8fbee3,68903320,avenida,Avenida José Nery,Jardim Marco Zero,572484b1-1e48-4d7a-8864-2304f1a0f611,AP
01a03136-7331-7f71-a5a4-459c7c2c9d2c,68903320,avenida,Avenida José Nery,Jardim Marco Zero,572484b1-1e48-4d7a-8864-2304f1a0f611,AP
01a02d5f-b9af-7923-a9b8-231d463e16db,68908510,avenida,Avenida José Pereira Teixeira,São Lázaro,572484b1-1e48-4d7a-8864-2304f1a0f611,AP
01a03136-8f95-741d-83c5-ed855c8bc0b8,68908510,avenida,Avenida José Pereira Teixeira,São Lázaro,572484b1-1e48-4d7a-8864-2304f1a0f611,AP
01a02d5f-a41e-7468-b881-a26266e2137d,68901590,avenida,Avenida José Praxédio de Mendonça,Nova Esperança,572484b1-1e48-4d7a-8864-2304f1a0f611,AP
01a03136-6c0a-7809-ba96-d3008f7355c0,68901590,avenida,Avenida José Praxédio de Mendonça,Nova Esperança,572484b1-1e48-4d7a-8864-2304f1a0f611,AP
01a02d5f-a1f0-759f-a327-6f6068b8791b,68901330,avenida,Avenida José da Silva Castro,Santa Rita,572484b1-1e48-4d7a-8864-2304f1a0f611,AP
01a03136-696c-7ce4-8fa8-c9c014700c57,68901330,avenida,Avenida José da Silva Castro,Santa Rita,572484b1-1e48-4d7a-8864-2304f1a0f611,AP
01a02d5f-ce17-788c-9d13-6f53bf15693a,68928175,avenida,Avenida José de Anchieta,Fonte Nova,324f5453-20fa-4565-9dd4-6c6514f449bf,AP
01a02d5f-cc1d-7ab0-a159-c728bbfff3f2,68928048,avenida,Avenida José de Anchieta,Paraíso,324f5453-20fa-4565-9dd4-6c6514f449bf,AP
01a02d5f-c7ea-7bcf-a829-eb537157df1b,68925216,avenida,Avenida José de Anchieta,Central,324f5453-20fa-4565-9dd4-6c6514f449bf,AP
01a02d5f-c5ed-74ca-8a5a-b7d3347e3898,68925120,avenida,Avenida José de Anchieta,Hospitalidade,324f5453-20fa-4565-9dd4-6c6514f449bf,AP
01a02d5f-c5ed-74ca-8a59-bba815235cfc,68925114,avenida,Avenida José de Anchieta,Comercial,324f5453-20fa-4565-9dd4-6c6514f449bf,AP
01a03136-a7de-7dd8-a608-6c5bae34c5e6,68925114,avenida,Avenida José de Anchieta,Comercial,324f5453-20fa-4565-9dd4-6c6514f449bf,AP
01a03136-a7e2-7c29-94c7-1fa52284cb30,68925120,avenida,Avenida José de Anchieta,Hospitalidade,324f5453-20fa-4565-9dd4-6c6514f449bf,AP
01a03136-a856-7b9a-b852-70cdeadf2691,68925216,avenida,Avenida José de Anchieta,Central,324f5453-20fa-4565-9dd4-6c6514f449bf,AP
01a03136-b2a8-7673-a6ad-6dd867e50712,68928048,avenida,Avenida José de Anchieta,Paraíso,324f5453-20fa-4565-9dd4-6c6514f449bf,AP
01a03136-b32d-7971-979a-b457f317a8d7,68928175,avenida,Avenida José de Anchieta,Fonte Nova,324f5453-20fa-4565-9dd4-6c6514f449bf,AP
01a02d5f-a41f-77a2-b95a-8c9afad2d096,68902305,avenida,Avenida José de Paula Lobo,Muca,572484b1-1e48-4d7a-8864-2304f1a0f611,AP
01a03136-6efd-79d2-9d87-f4cc668a73af,68902305,avenida,Avenida José de Paula Lobo,Muca,572484b1-1e48-4d7a-8864-2304f1a0f611,AP
01a02d5f-acd7-777c-a3b9-f0726927977b,68904060,avenida,Avenida José de Souza Gomes,Novo Buritizal,572484b1-1e48-4d7a-8864-2304f1a0f611,AP
01a03136-7a26-7f50-80bd-e6090c54a114,68904060,avenida,Avenida José de Souza Gomes,Novo Buritizal,572484b1-1e48-4d7a-8864-2304f1a0f611,AP
01a02d5f-b138-7b33-a5cd-36207e8c1299,68905627,avenida,Avenida José do Espírito Santo Araújo,Perpétuo Socorro,572484b1-1e48-4d7a-8864-2304f1a0f611,AP
01a03136-8173-72c5-9dc1-02b5ea91bf9a,68905627,avenida,Avenida José do Espírito Santo Araújo,Perpétuo Socorro,572484b1-1e48-4d7a-8864-2304f1a0f611,AP
01a02d5f-b13a-7676-958d-045ce8d01357,68905810,avenida,Avenida José dos Santos Furtado,Perpétuo Socorro,572484b1-1e48-4d7a-8864-2304f1a0f611,AP
01a03136-81c9-775e-ae24-44e70912f4e5,68905810,avenida,Avenida José dos Santos Furtado,Perpétuo Socorro,572484b1-1e48-4d7a-8864-2304f1a0f611,AP
01a02d5f-b9af-706c-a9a9-786a68b00a94,68908430,avenida,Avenida João Azevedo Tavares,São Lázaro,572484b1-1e48-4d7a-8864-2304f1a0f611,AP
01a03136-8f5c-7f3f-a94d-9e14b0812a22,68908430,avenida,Avenida João Azevedo Tavares,São Lázaro,572484b1-1e48-4d7a-8864-2304f1a0f611,AP
01a02d5f-acd8-7013-aa60-a53c1a5e63f5,68904276,avenida,Avenida João Batista Coutinho,Novo Buritizal,572484b1-1e48-4d7a-8864-2304f1a0f611,AP
01a03136-7a69-7dc0-848c-9b8327392eba,68904276,avenida,Avenida João Batista Coutinho,Novo Buritizal,572484b1-1e48-4d7a-8864-2304f1a0f611,AP
01a02d5f-c7ec-76ac-a7a2-1392399f398a,68926068,avenida,Avenida João Bitencourt Muniz,Daniel,324f5453-20fa-4565-9dd4-6c6514f449bf,AP
01a03136-a91a-7fb4-89e1-539a2f08a467,68926068,avenida,Avenida João Bitencourt Muniz,Daniel,324f5453-20fa-4565-9dd4-6c6514f449bf,AP
01a02d5f-bbb5-78d8-9557-cf15a746e87e,68908806,avenida,Avenida João Candido Soares Filho,Infraero,572484b1-1e48-4d7a-8864-2304f1a0f611,AP
01a03136-925b-73d6-b6e5-4e6523ed60ec,68908806,avenida,Avenida João Candido Soares Filho,Infraero,572484b1-1e48-4d7a-8864-2304f1a0f611,AP
01a02d5f-b9af-706c-a9a2-1881575727c0,68908400,avenida,Avenida João Falconery de Sena,São Lázaro,572484b1-1e48-4d7a-8864-2304f1a0f611,AP
01a03136-8f42-77b0-8068-79aa38d5c254,68908400,avenida,Avenida João Falconery de Sena,São Lázaro,572484b1-1e48-4d7a-8864-2304f1a0f611,AP
01a02d5f-a41e-7468-b88e-afba5505e2f4,68901710,avenida,Avenida João Gualberto da Silva,Nova Esperança,572484b1-1e48-4d7a-8864-2304f1a0f611,AP
01a03136-6c35-7c95-95fa-1149fd2d0bec,68901710,avenida,Avenida João Gualberto da Silva,Nova Esperança,572484b1-1e48-4d7a-8864-2304f1a0f611,AP
01a02d5f-acd8-78e3-aa76-16a9f4664e45,68904360,avenida,Avenida João Guerra,Congós,572484b1-1e48-4d7a-8864-2304f1a0f611,AP
01a03136-7cdb-7681-a3c8-b70c4e92a17b,68904360,avenida,Avenida João Guerra,Congós,572484b1-1e48-4d7a-8864-2304f1a0f611,AP
01a02d5f-bdb5-76c2-9f15-6fbc59c84b49,68909133,avenida,Avenida João Nogueira,Boné Azul,572484b1-1e48-4d7a-8864-2304f1a0f611,AP
01a03136-969a-7d7c-9895-ead8cfe7fb91,68909133,avenida,Avenida João Nogueira,Boné Azul,572484b1-1e48-4d7a-8864-2304f1a0f611,AP
01a02d5f-b9af-706c-a9ac-7fdab10f6633,68908445,avenida,Avenida João de Azevedo Tavares,São Lázaro,572484b1-1e48-4d7a-8864-2304f1a0f611,AP
01a03136-8f68-70c0-adc0-8769b1f83c7f,68908445,avenida,Avenida João de Azevedo Tavares,São Lázaro,572484b1-1e48-4d7a-8864-2304f1a0f611,AP
01a02d5f-d00a-71c5-be91-1f95f3ba6ef3,68903006,avenida,Avenida João de Castro Sussuarana,Jardim Equatorial,572484b1-1e48-4d7a-8864-2304f1a0f611,AP
01a03136-b69d-704f-9988-7b34843d32fb,68903006,avenida,Avenida João de Castro Sussuarana,Jardim Equatorial,572484b1-1e48-4d7a-8864-2304f1a0f611,AP
01a02d5f-af06-7adf-9de1-1228b42bfb42,68905070,avenida,Avenida Juarez Boas Novas,Cidade Nova,572484b1-1e48-4d7a-8864-2304f1a0f611,AP
01a03136-7da4-7a0e-8f45-2ebbd86fd37f,68905070,avenida,Avenida Juarez Boas Novas,Cidade Nova,572484b1-1e48-4d7a-8864-2304f1a0f611,AP
01a02d5f-a41e-7468-b886-73ef86315053,68901630,avenida,Avenida Juracy Muniz Coelho,Nova Esperança,572484b1-1e48-4d7a-8864-2304f1a0f611,AP
01a03136-6c1a-796a-878b-cd99fffc2938,68901630,avenida,Avenida Juracy Muniz Coelho,Nova Esperança,572484b1-1e48-4d7a-8864-2304f1a0f611,AP
01a02d5f-d414-794d-9a4a-c874e351ff56,68909337,avenida,Avenida Jussara,Brasil Novo,572484b1-1e48-4d7a-8864-2304f1a0f611,AP
01a03136-bcfa-779e-aa4f-68f02361e414,68909337,avenida,Avenida Jussara,Brasil Novo,572484b1-1e48-4d7a-8864-2304f1a0f611,AP
01a02d5f-ce18-7189-a7ba-90978c20f500,68928229,avenida,Avenida Júlio Cardoso,Fonte Nova,324f5453-20fa-4565-9dd4-6c6514f449bf,AP
01a02d5f-ce16-7fd0-a088-478fdb270e51,68928096,avenida,Avenida Júlio Cardoso,Paraíso,324f5453-20fa-4565-9dd4-6c6514f449bf,AP
01a03136-b2df-7376-94b7-cf6d0fc676b4,68928096,avenida,Avenida Júlio Cardoso,Paraíso,324f5453-20fa-4565-9dd4-6c6514f449bf,AP
01a03136-b369-7cdc-8a9f-b04bafe3784e,68928229,avenida,Avenida Júlio Cardoso,Fonte Nova,324f5453-20fa-4565-9dd4-6c6514f449bf,AP
01a02d5f-a879-70e4-8744-89a64c5aec5a,68903384,avenida,Avenida Júpiter,Jardim Marco Zero,572484b1-1e48-4d7a-8864-2304f1a0f611,AP
01a03136-75de-7a61-bf2b-a6ac16cba7b0,68903384,avenida,Avenida Júpiter,Jardim Marco Zero,572484b1-1e48-4d7a-8864-2304f1a0f611,AP
01a02d5f-d208-7631-9f07-c3fa8c533225,68908886,avenida,Avenida Karipunas,Infraero,572484b1-1e48-4d7a-8864-2304f1a0f611,AP
01a03136-ba02-78b2-ba7c-4f0fe6d5b518,68908886,avenida,Avenida Karipunas,Infraero,572484b1-1e48-4d7a-8864-2304f1a0f611,AP
01a02d5f-b598-7469-bee9-c45f3b8bc2ba,68907100,avenida,Avenida Lacônia,Renascer,572484b1-1e48-4d7a-8864-2304f1a0f611,AP
01a03136-8840-7660-9005-6b93b0a5894e,68907100,avenida,Avenida Lacônia,Renascer,572484b1-1e48-4d7a-8864-2304f1a0f611,AP
01a02d5f-a877-7f38-b93f-8d8ecba5a9aa,68903259,avenida,Avenida Lampião,Jardim Marco Zero,572484b1-1e48-4d7a-8864-2304f1a0f611,AP
01a03136-7314-7412-95c7-f90f690d7079,68903259,avenida,Avenida Lampião,Jardim Marco Zero,572484b1-1e48-4d7a-8864-2304f1a0f611,AP
01a02d5f-acd8-7013-aa6f-7b4a58725b00,68904329,avenida,Avenida Laudelino Araújo Corrêa,Congós,572484b1-1e48-4d7a-8864-2304f1a0f611,AP
01a03136-7cc3-7f48-bf43-4693d0df1344,68904329,avenida,Avenida Laudelino Araújo Corrêa,Congós,572484b1-1e48-4d7a-8864-2304f1a0f611,AP
01a02d5f-bdb5-76c2-9f19-4dbb7411baa9,68909137,avenida,Avenida Leandro,Boné Azul,572484b1-1e48-4d7a-8864-2304f1a0f611,AP
01a03136-96a8-7a97-b5be-c74fa8789fba,68909137,avenida,Avenida Leandro,Boné Azul,572484b1-1e48-4d7a-8864-2304f1a0f611,AP
01a02d5f-b7a7-7c48-ae02-10edb667b513,68907560,avenida,Avenida Leonardo Da Vinci,Renascer,572484b1-1e48-4d7a-8864-2304f1a0f611,AP
01a03136-8b55-7bee-9ce6-17fb72211ef2,68907560,avenida,Avenida Leonardo Da Vinci,Renascer,572484b1-1e48-4d7a-8864-2304f1a0f611,AP
01a02d5f-b13a-7f6c-959b-0ed8e69cab60,68906021,avenida,Avenida Leopoldo Amancio,Goiabal,572484b1-1e48-4d7a-8864-2304f1a0f611,AP
01a03136-81f9-7ccc-b6d6-c0eea4ebb222,68906021,avenida,Avenida Leopoldo Amancio,Goiabal,572484b1-1e48-4d7a-8864-2304f1a0f611,AP
01a02d5f-bbba-798c-b2c5-e21ae73e9524,68909007,avenida,Avenida Lourenço Araújo de Sá,Jardim Felicidade,572484b1-1e48-4d7a-8864-2304f1a0f611,AP
01a02d5f-c1d9-7f6a-b0e3-683b93cd8209,68909829,avenida,Avenida Lourenço Araújo de Sá,Novo Horizonte,572484b1-1e48-4d7a-8864-2304f1a0f611,AP
01a03136-95c2-78e1-befd-a4f107092001,68909007,avenida,Avenida Lourenço Araújo de Sá,Jardim Felicidade,572484b1-1e48-4d7a-8864-2304f1a0f611,AP
01a03136-9da8-7c53-9f3d-15cae6e638cd,68909829,avenida,Avenida Lourenço Araújo de Sá,Novo Horizonte,572484b1-1e48-4d7a-8864-2304f1a0f611,AP
01a02d5f-a877-7f38-b94d-8a4a71060a41,68903330,avenida,Avenida Lua,Jardim Marco Zero,572484b1-1e48-4d7a-8864-2304f1a0f611,AP
01a03136-7344-7c5e-bf80-2f3ebb09be34,68903330,avenida,Avenida Lua,Jardim Marco Zero,572484b1-1e48-4d7a-8864-2304f1a0f611,AP
01a02d5f-c7ec-76ac-a7a7-9eec091083d5,68926090,avenida,Avenida Lucena de Azevedo,Vila Amazonas,324f5453-20fa-4565-9dd4-6c6514f449bf,AP
01a02d5f-c7ec-76ac-a7a6-00f78f8d3c22,68926084,avenida,Avenida Lucena de Azevedo,Daniel,324f5453-20fa-4565-9dd4-6c6514f449bf,AP
01a03136-a929-7b9f-9ef7-d7165279ce74,68926084,avenida,Avenida Lucena de Azevedo,Daniel,324f5453-20fa-4565-9dd4-6c6514f449bf,AP
01a03136-a92d-7911-8747-50f7f7e5a781,68926090,avenida,Avenida Lucena de Azevedo,Vila Amazonas,324f5453-20fa-4565-9dd4-6c6514f449bf,AP
01a02d5f-d415-7a4d-bdf0-34bbe1d09cf9,68902883,avenida,Avenida Lucimar Araújo Tavares,Buritizal,572484b1-1e48-4d7a-8864-2304f1a0f611,AP
01a03136-bd60-7d02-8c88-8068816b9d5b,68902883,avenida,Avenida Lucimar Araújo Tavares,Buritizal,572484b1-1e48-4d7a-8864-2304f1a0f611,AP
01a02d5f-a878-7809-a0c5-255b913f44ee,68903365,avenida,Avenida Luiza Damasceno Soares,Jardim Marco Zero,572484b1-1e48-4d7a-8864-2304f1a0f611,AP
01a03136-7387-7dea-bf09-6f6d55468942,68903365,avenida,Avenida Luiza Damasceno Soares,Jardim Marco Zero,572484b1-1e48-4d7a-8864-2304f1a0f611,AP
01a02d5f-acd8-78e3-aa72-92efd95b46a6,68904343,avenida,Avenida Luís Alves Cunha,Congós,572484b1-1e48-4d7a-8864-2304f1a0f611,AP
01a03136-7cce-71cc-8bbf-3cd4c4b9bd2d,68904343,avenida,Avenida Luís Alves Cunha,Congós,572484b1-1e48-4d7a-8864-2304f1a0f611,AP
01a02d5f-d208-7631-9f0c-7d2be15b5f20,68909138,avenida,Avenida Luís Gonzaga,Boné Azul,572484b1-1e48-4d7a-8864-2304f1a0f611,AP
01a03136-ba11-7e61-bb4b-da00f2612e76,68909138,avenida,Avenida Luís Gonzaga,Boné Azul,572484b1-1e48-4d7a-8864-2304f1a0f611,AP
01a02d5f-b9af-706c-a9a5-e6b8f366b914,68908410,avenida,Avenida Luís Lino dos Santos,São Lázaro,572484b1-1e48-4d7a-8864-2304f1a0f611,AP
01a03136-8f4d-7648-9e09-36cd229bb274,68908410,avenida,Avenida Luís Lino dos Santos,São Lázaro,572484b1-1e48-4d7a-8864-2304f1a0f611,AP
01a02d5f-a41e-7468-b88d-2aaac8505488,68901695,avenida,Avenida Luís Pires da Costa,Nova Esperança,572484b1-1e48-4d7a-8864-2304f1a0f611,AP
01a03136-6c32-77b8-93c3-f0b08ae4573e,68901695,avenida,Avenida Luís Pires da Costa,Nova Esperança,572484b1-1e48-4d7a-8864-2304f1a0f611,AP
01a02d5f-b9af-7923-a9ca-f9a6d8e8eb47,68908644,avenida,Avenida Macapá,Boné Azul,572484b1-1e48-4d7a-8864-2304f1a0f611,AP
01a03136-8fd7-7c58-a6a7-905424b6fbab,68908644,avenida,Avenida Macapá,Boné Azul,572484b1-1e48-4d7a-8864-2304f1a0f611,AP
01a02d5f-b7a7-7c48-ae03-7eaaa012846a,68907570,avenida,Avenida Macedônia,Renascer,572484b1-1e48-4d7a-8864-2304f1a0f611,AP
01a03136-8b59-7011-868a-a714f42ba9b3,68907570,avenida,Avenida Macedônia,Renascer,572484b1-1e48-4d7a-8864-2304f1a0f611,AP
01a02d5f-bdb5-76c2-9f17-b69c8ed8a8fa,68909135,avenida,Avenida Machado de Assis,Boné Azul,572484b1-1e48-4d7a-8864-2304f1a0f611,AP
01a02d5f-9fc3-7142-9056-0fee0cc34c90,68900066,avenida,Avenida Machado de Assis,Central,572484b1-1e48-4d7a-8864-2304f1a0f611,AP
01a03136-6602-772d-b0eb-888cde20adf5,68900066,avenida,Avenida Machado de Assis,Central,572484b1-1e48-4d7a-8864-2304f1a0f611,AP
01a03136-96a1-7650-a98f-924aa52b018b,68909135,avenida,Avenida Machado de Assis,Boné Azul,572484b1-1e48-4d7a-8864-2304f1a0f611,AP
01a02d5f-bfdb-76eb-9346-2f89c590c36a,68909326,avenida,Avenida Manga Rosa,Brasil Novo,572484b1-1e48-4d7a-8864-2304f1a0f611,AP
01a03136-9997-780f-bebc-61ea6e50d6a5,68909326,avenida,Avenida Manga Rosa,Brasil Novo,572484b1-1e48-4d7a-8864-2304f1a0f611,AP
01a02d5f-af06-7adf-9de2-e5770ae5c876,68905080,avenida,Avenida Manoel Cardoso,Cidade Nova,572484b1-1e48-4d7a-8864-2304f1a0f611,AP
01a03136-7da8-72b5-8b82-10f941d5b630,68905080,avenida,Avenida Manoel Cardoso,Cidade Nova,572484b1-1e48-4d7a-8864-2304f1a0f611,AP
01a02d5f-c3e1-7904-8fc4-2bca64f58b6c,68911158,avenida,Avenida Manoel Chaves de Melo,Fazendinha,572484b1-1e48-4d7a-8864-2304f1a0f611,AP
01a03136-a40c-735a-92a5-c91fb55170f6,68911158,avenida,Avenida Manoel Chaves de Melo,Fazendinha,572484b1-1e48-4d7a-8864-2304f1a0f611,AP
01a02d5f-af06-7adf-9ddf-343221172323,68905050,avenida,Avenida Manoel Domingos Medina,Cidade Nova,572484b1-1e48-4d7a-8864-2304f1a0f611,AP
01a03136-7d9e-79f5-8038-4795dde3a536,68905050,avenida,Avenida Manoel Domingos Medina,Cidade Nova,572484b1-1e48-4d7a-8864-2304f1a0f611,AP
01a02d5f-c7eb-7d57-aa4c-225c9fc59c7f,68926004,avenida,Avenida Manoel Francisco Guedes,Novo Horizonte,324f5453-20fa-4565-9dd4-6c6514f449bf,AP
01a03136-a8de-7b75-8243-8f6d23e187c4,68926004,avenida,Avenida Manoel Francisco Guedes,Novo Horizonte,324f5453-20fa-4565-9dd4-6c6514f449bf,AP
01a02d5f-a879-70e4-8750-d129cbe470f1,68903411,avenida,Avenida Manoel de Souza,Universidade,572484b1-1e48-4d7a-8864-2304f1a0f611,AP
01a03136-760b-7868-b7a5-c6405b3539df,68903411,avenida,Avenida Manoel de Souza,Universidade,572484b1-1e48-4d7a-8864-2304f1a0f611,AP
01a02d5f-b7a7-7c48-adff-2c7317b348ed,68907530,avenida,Avenida Mar Egeu,Renascer,572484b1-1e48-4d7a-8864-2304f1a0f611,AP
01a03136-8b4b-75c0-bf5f-52fb53edf0f1,68907530,avenida,Avenida Mar Egeu,Renascer,572484b1-1e48-4d7a-8864-2304f1a0f611,AP
01a02d5f-b599-7ea1-a3fe-eadbd822da91,68907480,avenida,Avenida Mar Vermelho,Renascer,572484b1-1e48-4d7a-8864-2304f1a0f611,AP
01a03136-8b39-7837-b263-d0dd582c8fab,68907480,avenida,Avenida Mar Vermelho,Renascer,572484b1-1e48-4d7a-8864-2304f1a0f611,AP
01a02d5f-b9ad-7efd-947c-f5dee55c2173,68908240,avenida,Avenida Maranhão,Pacoval,572484b1-1e48-4d7a-8864-2304f1a0f611,AP
01a03136-8ecc-7818-945c-23cf6e8bbd2b,68908240,avenida,Avenida Maranhão,Pacoval,572484b1-1e48-4d7a-8864-2304f1a0f611,AP
01a02d5f-d208-7ee0-9f21-57892d53d601,68911015,avenida,Avenida Marcelo Ribeiro,Fazendinha,572484b1-1e48-4d7a-8864-2304f1a0f611,AP
01a03136-ba55-7390-ad42-7de94e0e6131,68911015,avenida,Avenida Marcelo Ribeiro,Fazendinha,572484b1-1e48-4d7a-8864-2304f1a0f611,AP
01a02d5f-b138-7b33-a5c1-6178c052c0c0,68905592,avenida,Avenida Marcílio Dias,Perpétuo Socorro,572484b1-1e48-4d7a-8864-2304f1a0f611,AP
01a02d5f-b7a9-7692-a156-6b4cba6373a4,68908124,avenida,Avenida Marcílio Dias,Jesus de Nazaré,572484b1-1e48-4d7a-8864-2304f1a0f611,AP
01a02d5f-b9ad-7efd-9478-f42d51974089,68908200,avenida,Avenida Marcílio Dias,Julião Ramos,572484b1-1e48-4d7a-8864-2304f1a0f611,AP
01a03136-814c-771b-b86c-78078c9ae323,68905592,avenida,Avenida Marcílio Dias,Perpétuo Socorro,572484b1-1e48-4d7a-8864-2304f1a0f611,AP
01a03136-8c52-7aa0-a7cd-a36ff3dac77f,68908124,avenida,Avenida Marcílio Dias,Jesus de Nazaré,572484b1-1e48-4d7a-8864-2304f1a0f611,AP
01a03136-8ebe-7a58-a413-1c940c8dcd95,68908200,avenida,Avenida Marcílio Dias,Julião Ramos,572484b1-1e48-4d7a-8864-2304f1a0f611,AP
01a02d5f-bbb7-78d6-b374-072b59caf481,68908856,avenida,Avenida Marechal Braga,Infraero,572484b1-1e48-4d7a-8864-2304f1a0f611,AP
01a03136-92fd-7721-82fd-ec030d08bedf,68908856,avenida,Avenida Marechal Braga,Infraero,572484b1-1e48-4d7a-8864-2304f1a0f611,AP
01a02d5f-d208-7631-9f01-2ff7290d8979,68908515,avenida,Avenida Marechal Deodoro da Fonseca,São Lázaro,572484b1-1e48-4d7a-8864-2304f1a0f611,AP
01a03136-b9ef-73ac-9232-0e1a7e956b0e,68908515,avenida,Avenida Marechal Deodoro da Fonseca,São Lázaro,572484b1-1e48-4d7a-8864-2304f1a0f611,AP
01a02d5f-bbb9-7967-862f-d9493363a2a2,68908883,avenida,Avenida Marechal Eduardo Gomes,Infraero,572484b1-1e48-4d7a-8864-2304f1a0f611,AP
01a03136-935c-78d4-98bf-e42cb46aa59a,68908883,avenida,Avenida Marechal Eduardo Gomes,Infraero,572484b1-1e48-4d7a-8864-2304f1a0f611,AP
01a02d5f-c3df-7f0a-8b87-ce726f105b90,68911124,avenida,Avenida Maria Afonso Rodrigues,Fazendinha,572484b1-1e48-4d7a-8864-2304f1a0f611,AP
01a03136-a157-796a-b88d-1362207fe8e0,68911124,avenida,Avenida Maria Afonso Rodrigues,Fazendinha,572484b1-1e48-4d7a-8864-2304f1a0f611,AP
01a02d5f-b13b-7848-9158-3d418b1a783c,68906027,avenida,Avenida Maria Alta,Goiabal,572484b1-1e48-4d7a-8864-2304f1a0f611,AP
01a03136-8200-7886-92ed-8af668b0d679,68906027,avenida,Avenida Maria Alta,Goiabal,572484b1-1e48-4d7a-8864-2304f1a0f611,AP
01a02d5f-b7a8-7de6-8838-563ab2dd4b5d,68908076,avenida,Avenida Maria Cavalcante de Azevedo Picanço,Infraero,572484b1-1e48-4d7a-8864-2304f1a0f611,AP
01a03136-8bf5-7841-8a06-45d34e3ee962,68908076,avenida,Avenida Maria Cavalcante de Azevedo Picanço,Infraero,572484b1-1e48-4d7a-8864-2304f1a0f611,AP
01a02d5f-d821-74b6-9979-bc9c4c3358eb,68909784,avenida,Avenida Maria Edina Rosa Perreira,Lagoa Azul,572484b1-1e48-4d7a-8864-2304f1a0f611,AP
01a03136-c393-7ae8-81b4-72d19f9084d1,68909784,avenida,Avenida Maria Edina Rosa Perreira,Lagoa Azul,572484b1-1e48-4d7a-8864-2304f1a0f611,AP
01a02d5f-a878-7809-a0ca-8bab22bcd95b,68903370,avenida,Avenida Maria Geovanete Pinheiro Borges da Silva,Jardim Marco Zero,572484b1-1e48-4d7a-8864-2304f1a0f611,AP
01a03136-739d-79d8-8a15-9e05c72625d0,68903370,avenida,Avenida Maria Geovanete Pinheiro Borges da Silva,Jardim Marco Zero,572484b1-1e48-4d7a-8864-2304f1a0f611,AP
01a02d5f-c7ec-76ac-a79b-fa253cf14e49,68926040,avenida,Avenida Maria Izabel Pereira da Silva,Novo Horizonte,324f5453-20fa-4565-9dd4-6c6514f449bf,AP
01a03136-a900-77fd-992a-8b49cb331aea,68926040,avenida,Avenida Maria Izabel Pereira da Silva,Novo Horizonte,324f5453-20fa-4565-9dd4-6c6514f449bf,AP
01a02d5f-a41e-7ef5-b89e-18ba9c8b0830,68902011,avenida,Avenida Maria José de Nazaré Ferreira Lima,Beirol,572484b1-1e48-4d7a-8864-2304f1a0f611,AP
01a03136-6c6d-7453-a96e-c7ce51c68e0c,68902011,avenida,Avenida Maria José de Nazaré Ferreira Lima,Beirol,572484b1-1e48-4d7a-8864-2304f1a0f611,AP
01a02d5f-a879-70e4-874a-7ca64c0ced7e,68903390,avenida,Avenida Maria Lúcia Brasão,Jardim Marco Zero,572484b1-1e48-4d7a-8864-2304f1a0f611,AP
01a03136-75f5-7bf7-b502-508524a87070,68903390,avenida,Avenida Maria Lúcia Brasão,Jardim Marco Zero,572484b1-1e48-4d7a-8864-2304f1a0f611,AP
01a02d5f-b599-761e-a3e7-6ff07dc38dbb,68907312,avenida,Avenida Maria Marques da Costa,Pantanal,572484b1-1e48-4d7a-8864-2304f1a0f611,AP
01a03136-88d1-7132-b328-c734f0d7aab4,68907312,avenida,Avenida Maria Marques da Costa,Pantanal,572484b1-1e48-4d7a-8864-2304f1a0f611,AP
01a02d5f-b599-761e-a3e9-9f077db99e1f,68907314,avenida,Avenida Maria Nunes dos Santos,Pantanal,572484b1-1e48-4d7a-8864-2304f1a0f611,AP
01a03136-88d8-74bc-a749-4b54ce9e9b6b,68907314,avenida,Avenida Maria Nunes dos Santos,Pantanal,572484b1-1e48-4d7a-8864-2304f1a0f611,AP
01a02d5f-bbb7-78d6-b370-90892c349ed1,68908852,avenida,Avenida Maria Pereira Cardoso,Infraero,572484b1-1e48-4d7a-8864-2304f1a0f611,AP
01a03136-92ed-79c0-b611-e150d221023a,68908852,avenida,Avenida Maria Pereira Cardoso,Infraero,572484b1-1e48-4d7a-8864-2304f1a0f611,AP
01a02d5f-a1f0-759f-a321-521d6c160d44,68901305,avenida,Avenida Maria Quitéria,Santa Rita,572484b1-1e48-4d7a-8864-2304f1a0f611,AP
01a02d5f-a1ee-7c0f-9f7e-1c85f0986630,68901060,avenida,Avenida Maria Quitéria,Trem,572484b1-1e48-4d7a-8864-2304f1a0f611,AP
01a03136-68d0-7cd7-a3a9-ecfeafd8f812,68901060,avenida,Avenida Maria Quitéria,Trem,572484b1-1e48-4d7a-8864-2304f1a0f611,AP
01a03136-6956-758d-aec3-889eb77a6ac6,68901305,avenida,Avenida Maria Quitéria,Santa Rita,572484b1-1e48-4d7a-8864-2304f1a0f611,AP
01a02d5f-a420-7041-9705-a7d6e8ebd813,68902460,avenida,Avenida Maria Rosa Tavares de Almeida,Muca,572484b1-1e48-4d7a-8864-2304f1a0f611,AP
01a03136-6f4b-7f23-8116-a9c810ba19c5,68902460,avenida,Avenida Maria Rosa Tavares de Almeida,Muca,572484b1-1e48-4d7a-8864-2304f1a0f611,AP
01a02d5f-b13c-7126-b1bf-d6a91f524ab7,68906071,avenida,Avenida Maria da Silva Barbosa Barros,Goiabal,572484b1-1e48-4d7a-8864-2304f1a0f611,AP
01a03136-841d-7113-82d0-7d9af1f9a8c4,68906071,avenida,Avenida Maria da Silva Barbosa Barros,Goiabal,572484b1-1e48-4d7a-8864-2304f1a0f611,AP
01a02d5f-bbba-798c-b2c7-568d9643142f,68909009,avenida,Avenida Maria das Graças Picanço,Jardim Felicidade,572484b1-1e48-4d7a-8864-2304f1a0f611,AP
01a02d5f-c1d9-7f6a-b0e6-d4dcf5553680,68909831,avenida,Avenida Maria das Graças Picanço,Novo Horizonte,572484b1-1e48-4d7a-8864-2304f1a0f611,AP
01a03136-95c9-7c8d-81fc-9d4db5ad54fe,68909009,avenida,Avenida Maria das Graças Picanço,Jardim Felicidade,572484b1-1e48-4d7a-8864-2304f1a0f611,AP
01a03136-9daf-704e-936f-b64fc9b51d24,68909831,avenida,Avenida Maria das Graças Picanço,Novo Horizonte,572484b1-1e48-4d7a-8864-2304f1a0f611,AP
01a02d5f-acd8-7013-aa61-37e116d59def,68904277,avenida,Avenida Maria de Nazaré Brito de Souza,Novo Buritizal,572484b1-1e48-4d7a-8864-2304f1a0f611,AP
01a03136-7a6d-7e31-a1fd-7780f9bbff80,68904277,avenida,Avenida Maria de Nazaré Brito de Souza,Novo Buritizal,572484b1-1e48-4d7a-8864-2304f1a0f611,AP
01a02d5f-ce18-7a25-a7da-7146232546f3,68928325,avenida,Avenida Maria de Oliveira Colares,Fonte Nova,324f5453-20fa-4565-9dd4-6c6514f449bf,AP
01a02d5f-ce16-7fd0-a089-6c53765a37d8,68928099,avenida,Avenida Maria de Oliveira Colares,Paraíso,324f5453-20fa-4565-9dd4-6c6514f449bf,AP
01a02d5f-cc1c-795a-8228-40995922ddc6,68927438,avenida,Avenida Maria de Oliveira Colares,Provedor,324f5453-20fa-4565-9dd4-6c6514f449bf,AP
01a02d5f-cc1a-76a4-a264-d8991d008134,68927299,avenida,Avenida Maria de Oliveira Colares,Nova Brasília,324f5453-20fa-4565-9dd4-6c6514f449bf,AP
01a02d5f-ca04-7e38-baa6-bbaced1d4d0d,68927000,avenida,Avenida Maria de Oliveira Colares,Remedios,324f5453-20fa-4565-9dd4-6c6514f449bf,AP
01a02d5f-c7ea-7bcf-a81a-34dad415039d,68925171,avenida,Avenida Maria de Oliveira Colares,Hospitalidade,324f5453-20fa-4565-9dd4-6c6514f449bf,AP
01a03136-a823-7179-b3b6-1ce0220d0673,68925171,avenida,Avenida Maria de Oliveira Colares,Hospitalidade,324f5453-20fa-4565-9dd4-6c6514f449bf,AP
01a03136-ac62-7258-9508-715893bed7e5,68927000,avenida,Avenida Maria de Oliveira Colares,Remedios,324f5453-20fa-4565-9dd4-6c6514f449bf,AP
01a03136-afcb-74e1-ad38-c283b584ff2a,68927299,avenida,Avenida Maria de Oliveira Colares,Nova Brasília,324f5453-20fa-4565-9dd4-6c6514f449bf,AP
01a03136-b055-784e-a656-4220eba2b11b,68927438,avenida,Avenida Maria de Oliveira Colares,Provedor,324f5453-20fa-4565-9dd4-6c6514f449bf,AP
01a03136-b2e2-7804-adac-5eb291978825,68928099,avenida,Avenida Maria de Oliveira Colares,Paraíso,324f5453-20fa-4565-9dd4-6c6514f449bf,AP
01a03136-b3d5-7ec8-87a0-712e5cfdd382,68928325,avenida,Avenida Maria de Oliveira Colares,Fonte Nova,324f5453-20fa-4565-9dd4-6c6514f449bf,AP
01a02d5f-c3df-7f0a-8b84-3598532d53fd,68911120,avenida,Avenida Maria de Oliveira Santana,Fazendinha,572484b1-1e48-4d7a-8864-2304f1a0f611,AP
01a03136-a14d-7911-b961-85927c0f0198,68911120,avenida,Avenida Maria de Oliveira Santana,Fazendinha,572484b1-1e48-4d7a-8864-2304f1a0f611,AP
01a02d5f-a879-70e4-8740-f6b9e6755db1,68903380,avenida,Avenida Mario Fortunato Barriga,Jardim Marco Zero,572484b1-1e48-4d7a-8864-2304f1a0f611,AP
01a03136-73c4-77a0-9c1a-847d631fccb9,68903380,avenida,Avenida Mario Fortunato Barriga,Jardim Marco Zero,572484b1-1e48-4d7a-8864-2304f1a0f611,AP
01a02d5f-b599-761e-a3e8-fae9cfd240bd,68907313,avenida,Avenida Marlon Silva Pereira,Pantanal,572484b1-1e48-4d7a-8864-2304f1a0f611,AP
01a03136-88d4-7ee9-ab82-26f50924c457,68907313,avenida,Avenida Marlon Silva Pereira,Pantanal,572484b1-1e48-4d7a-8864-2304f1a0f611,AP
01a02d5f-a879-70e4-8747-df1e111f87f7,68903387,avenida,Avenida Marte,Jardim Marco Zero,572484b1-1e48-4d7a-8864-2304f1a0f611,AP
01a03136-75ea-720b-9cb6-9eaf008fdf13,68903387,avenida,Avenida Marte,Jardim Marco Zero,572484b1-1e48-4d7a-8864-2304f1a0f611,AP
01a02d5f-d208-7631-9efa-f23222b7b73a,68908020,avenida,Avenida Mateus Azevedo Coutinho,Infraero,572484b1-1e48-4d7a-8864-2304f1a0f611,AP
01a03136-b9d5-7f16-80fc-1719638d0f21,68908020,avenida,Avenida Mateus Azevedo Coutinho,Infraero,572484b1-1e48-4d7a-8864-2304f1a0f611,AP
01a02d5f-a645-7a87-9ce4-8c71ba2f2151,68903007,avenida,Avenida Maurício Trindade,Jardim Equatorial,572484b1-1e48-4d7a-8864-2304f1a0f611,AP
01a03136-6ff7-7621-aba4-5aa64d5ce1d7,68903007,avenida,Avenida Maurício Trindade,Jardim Equatorial,572484b1-1e48-4d7a-8864-2304f1a0f611,AP
01a02d5f-b9ae-77bd-9b7e-fbe600c67ad1,68908325,avenida,Avenida Maximiano dos Santos Moura,Pacoval,572484b1-1e48-4d7a-8864-2304f1a0f611,AP
01a03136-8f20-7f1e-90a2-449308651af3,68908325,avenida,Avenida Maximiano dos Santos Moura,Pacoval,572484b1-1e48-4d7a-8864-2304f1a0f611,AP
01a02d5f-acd7-777c-a3bc-e6255644eafd,68904090,avenida,Avenida Maximiniano Serra Picanço,Novo Buritizal,572484b1-1e48-4d7a-8864-2304f1a0f611,AP
01a03136-7a31-7238-9e8a-e131f2e8d4aa,68904090,avenida,Avenida Maximiniano Serra Picanço,Novo Buritizal,572484b1-1e48-4d7a-8864-2304f1a0f611,AP
01a02d5f-bfdb-7fb3-935b-31fcd49f8d87,68909472,avenida,Avenida Maçaranduba,Boné Azul,572484b1-1e48-4d7a-8864-2304f1a0f611,AP
01a03136-99e2-72e9-9060-44cc164f78ca,68909472,avenida,Avenida Maçaranduba,Boné Azul,572484b1-1e48-4d7a-8864-2304f1a0f611,AP
01a02d5f-a1ef-74c4-8314-1c649b843cb6,68901254,avenida,Avenida Mendonça Furtado,Santa Rita,572484b1-1e48-4d7a-8864-2304f1a0f611,AP
01a02d5f-9fc3-7142-9053-2dbe0363973c,68900060,avenida,Avenida Mendonça Furtado,Central,572484b1-1e48-4d7a-8864-2304f1a0f611,AP
01a03136-65f8-782e-afb3-5738e3dad9e7,68900060,avenida,Avenida Mendonça Furtado,Central,572484b1-1e48-4d7a-8864-2304f1a0f611,AP
01a03136-6902-72d9-bf8f-ffc0c92d8bf2,68901254,avenida,Avenida Mendonça Furtado,Santa Rita,572484b1-1e48-4d7a-8864-2304f1a0f611,AP
01a02d5f-a1ef-7d2d-8326-4e8ca72e3369,68901282,avenida,Avenida Mendonça Júnior,Santa Rita,572484b1-1e48-4d7a-8864-2304f1a0f611,AP
01a02d5f-9fc2-78dc-aa7d-253689827fb6,68900020,avenida,Avenida Mendonça Júnior,Central,572484b1-1e48-4d7a-8864-2304f1a0f611,AP
01a03136-65d8-7b12-8c2e-b14bd478a716,68900020,avenida,Avenida Mendonça Júnior,Central,572484b1-1e48-4d7a-8864-2304f1a0f611,AP
01a03136-693d-7a7c-bbc6-61df6579f713,68901282,avenida,Avenida Mendonça Júnior,Santa Rita,572484b1-1e48-4d7a-8864-2304f1a0f611,AP
01a02d5f-a1ee-7357-9f73-9418d417d807,68900918,avenida,Avenida Mendonça Júnior 126,Central,572484b1-1e48-4d7a-8864-2304f1a0f611,AP
01a03136-68ab-7b63-829f-aa53aa864862,68900918,avenida,Avenida Mendonça Júnior 126,Central,572484b1-1e48-4d7a-8864-2304f1a0f611,AP
01a02d5f-a1ee-7357-9f6f-e372b9225b3b,68900914,avenida,Avenida Mendonça Júnior 1502,Central,572484b1-1e48-4d7a-8864-2304f1a0f611,AP
01a03136-689e-7437-b319-839f304d1f39,68900914,avenida,Avenida Mendonça Júnior 1502,Central,572484b1-1e48-4d7a-8864-2304f1a0f611,AP
01a02d5f-b598-7d36-befb-f8d3853bf83d,68907210,avenida,Avenida Metecos,Renascer,572484b1-1e48-4d7a-8864-2304f1a0f611,AP
01a03136-8884-7b58-9564-48ab7770fdcb,68907210,avenida,Avenida Metecos,Renascer,572484b1-1e48-4d7a-8864-2304f1a0f611,AP
01a02d5f-acd7-777c-a3b5-b30c61d39f4e,68904040,avenida,Avenida Miguel Faustino Picanço,Novo Buritizal,572484b1-1e48-4d7a-8864-2304f1a0f611,AP
01a03136-7a19-795a-a1b5-7c75279b733a,68904040,avenida,Avenida Miguel Faustino Picanço,Novo Buritizal,572484b1-1e48-4d7a-8864-2304f1a0f611,AP
01a02d5f-ce16-7fd0-a086-c01ae228d3f9,68928090,avenida,Avenida Mineira,Paraíso,324f5453-20fa-4565-9dd4-6c6514f449bf,AP
01a03136-b2d7-7e8f-804f-92dbf6663d00,68928090,avenida,Avenida Mineira,Paraíso,324f5453-20fa-4565-9dd4-6c6514f449bf,AP
01a02d5f-b9b0-71d3-ba4e-dedc312cb5de,68908646,avenida,Avenida Minervina Barcelos,Boné Azul,572484b1-1e48-4d7a-8864-2304f1a0f611,AP
01a03136-8fdf-77bc-bab2-911efc85708c,68908646,avenida,Avenida Minervina Barcelos,Boné Azul,572484b1-1e48-4d7a-8864-2304f1a0f611,AP
01a02d5f-cc1d-71f4-a14f-6a8da15aea0e,68928018,avenida,Avenida Ministro Rui Barbosa,Paraíso,324f5453-20fa-4565-9dd4-6c6514f449bf,AP
01a02d5f-c7ea-7bcf-a823-53132a67d279,68925198,avenida,Avenida Ministro Rui Barbosa,Central,324f5453-20fa-4565-9dd4-6c6514f449bf,AP
01a03136-a840-7db0-b257-7cc3863ad663,68925198,avenida,Avenida Ministro Rui Barbosa,Central,324f5453-20fa-4565-9dd4-6c6514f449bf,AP
01a03136-b083-7761-a410-3be79746277a,68928018,avenida,Avenida Ministro Rui Barbosa,Paraíso,324f5453-20fa-4565-9dd4-6c6514f449bf,AP
01a02d5f-b9af-7923-a9c1-c52ea9b05abf,68908573,avenida,Avenida Miss Fátima Diniz,São Lázaro,572484b1-1e48-4d7a-8864-2304f1a0f611,AP
01a03136-8fb6-7282-a7cb-f190e0b006c7,68908573,avenida,Avenida Miss Fátima Diniz,São Lázaro,572484b1-1e48-4d7a-8864-2304f1a0f611,AP
01a02d5f-b13a-7676-958e-c3c155046fc9,68905820,avenida,Avenida Moacir Braga Coutinho,Perpétuo Socorro,572484b1-1e48-4d7a-8864-2304f1a0f611,AP
01a03136-81cc-7cbc-8123-baf29fe00785,68905820,avenida,Avenida Moacir Braga Coutinho,Perpétuo Socorro,572484b1-1e48-4d7a-8864-2304f1a0f611,AP
01a02d5f-bfdb-76eb-9357-3ed69dbaafaa,68909468,avenida,Avenida Mogno,Boné Azul,572484b1-1e48-4d7a-8864-2304f1a0f611,AP
01a03136-99d4-7f3f-b020-055666e3d716,68909468,avenida,Avenida Mogno,Boné Azul,572484b1-1e48-4d7a-8864-2304f1a0f611,AP
01a02d5f-d209-778e-a2e9-c03c74e0564c,68906128,avenida,Avenida Mumbai,Cabralzinho,572484b1-1e48-4d7a-8864-2304f1a0f611,AP
01a03136-bcad-7985-b526-6f0e0dc56967,68906128,avenida,Avenida Mumbai,Cabralzinho,572484b1-1e48-4d7a-8864-2304f1a0f611,AP
01a02d5f-d414-7073-9a3f-45645cea505e,68906309,avenida,Avenida Murici,Marabaixo,572484b1-1e48-4d7a-8864-2304f1a0f611,AP
01a03136-bcd5-7bd7-a143-2bd0265921af,68906309,avenida,Avenida Murici,Marabaixo,572484b1-1e48-4d7a-8864-2304f1a0f611,AP
01a02d5f-d629-7f5c-be35-1c75e54501e9,68907191,avenida,Avenida Muruci,Renascer,572484b1-1e48-4d7a-8864-2304f1a0f611,AP
01a03136-c068-7041-aee7-7b900e2e628c,68907191,avenida,Avenida Muruci,Renascer,572484b1-1e48-4d7a-8864-2304f1a0f611,AP
01a02d5f-9fc4-7b45-bc94-1eca4d57c60e,68900740,avenida,Avenida Mário Cruz,Central,572484b1-1e48-4d7a-8864-2304f1a0f611,AP
01a03136-6865-7a46-a776-4146259b106b,68900740,avenida,Avenida Mário Cruz,Central,572484b1-1e48-4d7a-8864-2304f1a0f611,AP
01a02d5f-d00a-7a39-be97-f518671ac99f,68903085,avenida,Avenida Mário Quirino,Pedrinhas,572484b1-1e48-4d7a-8864-2304f1a0f611,AP
01a03136-b6b3-70c4-b0c1-d3c0916702e4,68903085,avenida,Avenida Mário Quirino,Pedrinhas,572484b1-1e48-4d7a-8864-2304f1a0f611,AP
01a02d5f-b7a9-7692-a154-94d6504f89e9,68908122,avenida,Avenida Mãe Luzia,Jesus de Nazaré,572484b1-1e48-4d7a-8864-2304f1a0f611,AP
01a02d5f-b7a9-7f43-a15f-83f772d75113,68908160,avenida,Avenida Mãe Luzia,Julião Ramos,572484b1-1e48-4d7a-8864-2304f1a0f611,AP
01a03136-8c4b-7860-b752-253194cb86e6,68908122,avenida,Avenida Mãe Luzia,Jesus de Nazaré,572484b1-1e48-4d7a-8864-2304f1a0f611,AP
01a03136-8e8a-7ee4-bcec-4fe755f39509,68908160,avenida,Avenida Mãe Luzia,Julião Ramos,572484b1-1e48-4d7a-8864-2304f1a0f611,AP
01a02d5f-b598-7469-bed8-cb314573d03e,68906971,avenida,Avenida Mãe Luzia 107 Área Laguinho,Julião Ramos,572484b1-1e48-4d7a-8864-2304f1a0f611,AP
01a03136-8807-767c-a4c6-adbc0a839db4,68906971,avenida,Avenida Mãe Luzia 107 Área Laguinho,Julião Ramos,572484b1-1e48-4d7a-8864-2304f1a0f611,AP
01a02d5f-d413-77da-910f-dc4545ec0e3f,68906140,avenida,Avenida Natal,Cabralzinho,572484b1-1e48-4d7a-8864-2304f1a0f611,AP
01a03136-bcbe-73aa-98b8-e68cad6e5c6e,68906140,avenida,Avenida Natal,Cabralzinho,572484b1-1e48-4d7a-8864-2304f1a0f611,AP
01a02d5f-a41e-7ef5-b895-75416f7c9904,68901860,avenida,Avenida Natanair Monteiro da Piedade,Nova Esperança,572484b1-1e48-4d7a-8864-2304f1a0f611,AP
01a03136-6c4c-7b1f-adfc-e220ea9f677e,68901860,avenida,Avenida Natanair Monteiro da Piedade,Nova Esperança,572484b1-1e48-4d7a-8864-2304f1a0f611,AP
01a02d5f-d209-778e-a2e4-f5df2259bcf4,68906122,avenida,Avenida Nepal,Cabralzinho,572484b1-1e48-4d7a-8864-2304f1a0f611,AP
01a03136-bc9c-7f88-9f36-5a30bbc1dd8c,68906122,avenida,Avenida Nepal,Cabralzinho,572484b1-1e48-4d7a-8864-2304f1a0f611,AP
01a02d5f-b599-761e-a3e2-cddd3e8766a7,68907307,avenida,Avenida Nessy Costa da Silva,Pantanal,572484b1-1e48-4d7a-8864-2304f1a0f611,AP
01a03136-88be-7545-8383-bcf303fb8f03,68907307,avenida,Avenida Nessy Costa da Silva,Pantanal,572484b1-1e48-4d7a-8864-2304f1a0f611,AP
01a02d5f-af04-7763-9af9-93a9c02555d6,68904386,avenida,Avenida Newton Cardoso,Congós,572484b1-1e48-4d7a-8864-2304f1a0f611,AP
01a03136-7d09-775b-b69a-2f57d6717a15,68904386,avenida,Avenida Newton Cardoso,Congós,572484b1-1e48-4d7a-8864-2304f1a0f611,AP
01a02d5f-b599-761e-a3ea-f3a1b63f155a,68907315,avenida,Avenida Nicolau Libório,Pantanal,572484b1-1e48-4d7a-8864-2304f1a0f611,AP
01a03136-8b00-7e6a-99b4-6ee327d96925,68907315,avenida,Avenida Nicolau Libório,Pantanal,572484b1-1e48-4d7a-8864-2304f1a0f611,AP
01a02d5f-af05-707b-86b8-6175912badb1,68904396,avenida,Avenida Nilo Almeida,Congós,572484b1-1e48-4d7a-8864-2304f1a0f611,AP
01a03136-7d1a-7928-875a-5c034bb49d07,68904396,avenida,Avenida Nilo Almeida,Congós,572484b1-1e48-4d7a-8864-2304f1a0f611,AP
01a02d5f-c1da-77da-ae5d-c6a355e86d57,68909846,avenida,Avenida Nona,Marabaixo,572484b1-1e48-4d7a-8864-2304f1a0f611,AP
01a02d5f-aaac-7c36-ba67-f44607cc535d,68903856,avenida,Avenida Nona,Araxá,572484b1-1e48-4d7a-8864-2304f1a0f611,AP
01a03136-7978-7208-9e0a-114a4628f2ff,68903856,avenida,Avenida Nona,Araxá,572484b1-1e48-4d7a-8864-2304f1a0f611,AP
01a03136-9dd9-7628-a9da-4f4c2a22b777,68909846,avenida,Avenida Nona,Marabaixo,572484b1-1e48-4d7a-8864-2304f1a0f611,AP
01a02d5f-b36e-79f4-a0f4-a161eae33a25,68906814,avenida,Avenida Norte Sul,Cabralzinho,572484b1-1e48-4d7a-8864-2304f1a0f611,AP
01a03136-8510-7391-ba57-bdfc99a9e4ab,68906814,avenida,Avenida Norte Sul,Cabralzinho,572484b1-1e48-4d7a-8864-2304f1a0f611,AP
01a02d5f-b13b-7848-915c-4accdbfbc80a,68906039,avenida,Avenida Nossa Senhora Aparecida,Goiabal,572484b1-1e48-4d7a-8864-2304f1a0f611,AP
01a02d5f-af06-7adf-9de0-613f6fa002c9,68905060,avenida,Avenida Nossa Senhora Aparecida,Cidade Nova,572484b1-1e48-4d7a-8864-2304f1a0f611,AP
01a03136-7da1-7ea4-bec0-4921f294c39e,68905060,avenida,Avenida Nossa Senhora Aparecida,Cidade Nova,572484b1-1e48-4d7a-8864-2304f1a0f611,AP
01a03136-820d-7c34-b824-fe04b3704d7d,68906039,avenida,Avenida Nossa Senhora Aparecida,Goiabal,572484b1-1e48-4d7a-8864-2304f1a0f611,AP
01a02d5f-b13c-7126-b1b9-47dd74c87b97,68906057,avenida,Avenida Nossa Senhora da Conceição,Goiabal,572484b1-1e48-4d7a-8864-2304f1a0f611,AP
01a02d5f-af08-7671-bc28-cd3d2182e166,68905511,avenida,Avenida Nossa Senhora da Conceição,Perpétuo Socorro,572484b1-1e48-4d7a-8864-2304f1a0f611,AP
01a03136-8109-7a00-9b0c-a91617bc519d,68905511,avenida,Avenida Nossa Senhora da Conceição,Perpétuo Socorro,572484b1-1e48-4d7a-8864-2304f1a0f611,AP
01a03136-8220-71dd-8cc2-63e1b210343e,68906057,avenida,Avenida Nossa Senhora da Conceição,Goiabal,572484b1-1e48-4d7a-8864-2304f1a0f611,AP
01a02d5f-af06-7adf-9ddd-0f9511cdafc8,68905030,avenida,Avenida Nossa Senhora das Graças,Cidade Nova,572484b1-1e48-4d7a-8864-2304f1a0f611,AP
01a03136-7d98-7937-b1ab-692700347a51,68905030,avenida,Avenida Nossa Senhora das Graças,Cidade Nova,572484b1-1e48-4d7a-8864-2304f1a0f611,AP
01a02d5f-af06-7adf-9ddb-cacd092f85d3,68905015,avenida,Avenida Nossa Senhora das Neves,Cidade Nova,572484b1-1e48-4d7a-8864-2304f1a0f611,AP
01a03136-7d91-7e49-bfad-c5b038e88623,68905015,avenida,Avenida Nossa Senhora das Neves,Cidade Nova,572484b1-1e48-4d7a-8864-2304f1a0f611,AP
01a02d5f-b13b-7848-915b-35c473d58562,68906036,avenida,Avenida Nossa Senhora de Fátima,Goiabal,572484b1-1e48-4d7a-8864-2304f1a0f611,AP
01a02d5f-af08-7f4d-bc29-0516bc2c052d,68905512,avenida,Avenida Nossa Senhora de Fátima,Perpétuo Socorro,572484b1-1e48-4d7a-8864-2304f1a0f611,AP
01a03136-810c-7e7a-8a12-ef67ac02ab1c,68905512,avenida,Avenida Nossa Senhora de Fátima,Perpétuo Socorro,572484b1-1e48-4d7a-8864-2304f1a0f611,AP
01a03136-820a-772e-90d8-094ae486dd7d,68906036,avenida,Avenida Nossa Senhora de Fátima,Goiabal,572484b1-1e48-4d7a-8864-2304f1a0f611,AP
01a02d5f-af06-7adf-9ddc-9f3abacdf040,68905020,avenida,Avenida Nossa Senhora do Carmo,Cidade Nova,572484b1-1e48-4d7a-8864-2304f1a0f611,AP
01a03136-7d95-7416-b2e6-c6a1d3b23888,68905020,avenida,Avenida Nossa Senhora do Carmo,Cidade Nova,572484b1-1e48-4d7a-8864-2304f1a0f611,AP
01a02d5f-af08-7f4d-bc2a-607e260ee642,68905513,avenida,Avenida Nossa Senhora do Perpétuo Socorro,Perpétuo Socorro,572484b1-1e48-4d7a-8864-2304f1a0f611,AP
01a03136-8110-7736-8855-805381e44714,68905513,avenida,Avenida Nossa Senhora do Perpétuo Socorro,Perpétuo Socorro,572484b1-1e48-4d7a-8864-2304f1a0f611,AP
01a02d5f-d208-7ee0-9f20-8fec57884113,68911010,avenida,Avenida Nova Brasilia,Fazendinha,572484b1-1e48-4d7a-8864-2304f1a0f611,AP
01a03136-ba51-7e5e-9eb7-e3c113c1bd21,68911010,avenida,Avenida Nova Brasilia,Fazendinha,572484b1-1e48-4d7a-8864-2304f1a0f611,AP
01a02d5f-b13c-79f2-b1c7-1d2822874a47,68906090,avenida,Avenida Nova Jerusalém,Goiabal,572484b1-1e48-4d7a-8864-2304f1a0f611,AP
01a03136-8438-7306-ae52-b025bc5d75fc,68906090,avenida,Avenida Nova Jerusalém,Goiabal,572484b1-1e48-4d7a-8864-2304f1a0f611,AP
01a02d5f-c5ea-79ec-95df-ede07d32e168,68911364,avenida,Avenida Nova do Murici,Muruci (Fazendinha),572484b1-1e48-4d7a-8864-2304f1a0f611,AP
01a03136-a438-763b-b734-0a12ee574862,68911364,avenida,Avenida Nova do Murici,Muruci (Fazendinha),572484b1-1e48-4d7a-8864-2304f1a0f611,AP
01a02d5f-c5eb-7b1e-acab-6cd0412022a9,68911453,avenida,Avenida Nove de Novembro,Muruci (Fazendinha),572484b1-1e48-4d7a-8864-2304f1a0f611,AP
01a03136-a48d-71f0-9691-a9dc409549d1,68911453,avenida,Avenida Nove de Novembro,Muruci (Fazendinha),572484b1-1e48-4d7a-8864-2304f1a0f611,AP
01a02d5f-c7eb-7d57-aa53-61ae49bb7188,68926032,avenida,Avenida Odecia Marques Pereira,Novo Horizonte,324f5453-20fa-4565-9dd4-6c6514f449bf,AP
01a03136-a8f9-734f-a14d-74c8b198f32f,68926032,avenida,Avenida Odecia Marques Pereira,Novo Horizonte,324f5453-20fa-4565-9dd4-6c6514f449bf,AP
01a02d5f-a644-7668-9e12-82a9650fa249,68902640,avenida,Avenida Odete Castelo,Beirol,572484b1-1e48-4d7a-8864-2304f1a0f611,AP
01a03136-6f68-7ece-a672-8dee61e6cf1f,68902640,avenida,Avenida Odete Castelo,Beirol,572484b1-1e48-4d7a-8864-2304f1a0f611,AP
01a02d5f-c1da-77da-ae5b-66c748fa2801,68909844,avenida,Avenida Oitava,Marabaixo,572484b1-1e48-4d7a-8864-2304f1a0f611,AP
01a02d5f-aaac-7c36-ba65-5e9e95bac089,68903854,avenida,Avenida Oitava,Araxá,572484b1-1e48-4d7a-8864-2304f1a0f611,AP
01a03136-7971-7778-a656-4f68628c79d4,68903854,avenida,Avenida Oitava,Araxá,572484b1-1e48-4d7a-8864-2304f1a0f611,AP
01a03136-9dd2-7800-bc6a-2adba38283e7,68909844,avenida,Avenida Oitava,Marabaixo,572484b1-1e48-4d7a-8864-2304f1a0f611,AP
01a02d5f-af06-7adf-9de4-008d3fe91610,68905100,avenida,Avenida Oito de Dezembro,Cidade Nova,572484b1-1e48-4d7a-8864-2304f1a0f611,AP
01a03136-7daf-702f-b98c-c290ee12eeb8,68905100,avenida,Avenida Oito de Dezembro,Cidade Nova,572484b1-1e48-4d7a-8864-2304f1a0f611,AP
01a02d5f-d62b-7078-b469-9d6f03cf2ee1,68908798,avenida,Avenida Oliveiras,Infraero,572484b1-1e48-4d7a-8864-2304f1a0f611,AP
01a03136-c0ad-7b78-a989-42101e5f6130,68908798,avenida,Avenida Oliveiras,Infraero,572484b1-1e48-4d7a-8864-2304f1a0f611,AP
01a02d5f-c5ea-7088-95d8-58bea957d98e,68911356,avenida,Avenida Onina Vieira dos Santos,Muruci (Fazendinha),572484b1-1e48-4d7a-8864-2304f1a0f611,AP
01a03136-a41b-7a58-83b9-cf45facf4e53,68911356,avenida,Avenida Onina Vieira dos Santos,Muruci (Fazendinha),572484b1-1e48-4d7a-8864-2304f1a0f611,AP
01a02d5f-bdb5-76c2-9f16-48dcf9a15288,68909134,avenida,Avenida Orlando Silva,Boné Azul,572484b1-1e48-4d7a-8864-2304f1a0f611,AP
01a03136-969e-7185-8eb7-a3ef845ee4cd,68909134,avenida,Avenida Orlando Silva,Boné Azul,572484b1-1e48-4d7a-8864-2304f1a0f611,AP
01a02d5f-b7a9-7692-a14e-4ab95adaea06,68908112,avenida,Avenida Padre José de Anchieta,Jesus de Nazaré,572484b1-1e48-4d7a-8864-2304f1a0f611,AP
01a03136-8c36-7958-a51a-fe10e7bc6d9d,68908112,avenida,Avenida Padre José de Anchieta,Jesus de Nazaré,572484b1-1e48-4d7a-8864-2304f1a0f611,AP
01a02d5f-a1ef-7d2d-8327-bfcf46e81e40,68901283,avenida,Avenida Padre Júlio Maria Lombaerd,Santa Rita,572484b1-1e48-4d7a-8864-2304f1a0f611,AP
01a02d5f-9fc2-78dc-aa80-9dc80ca35a52,68900030,avenida,Avenida Padre Júlio Maria Lombaerd,Central,572484b1-1e48-4d7a-8864-2304f1a0f611,AP
01a02d5f-b36e-7134-a0d8-cdbb9cb1b6f2,68906645,avenida,Avenida Padre Júlio Maria Lombaerd,Alvorada,572484b1-1e48-4d7a-8864-2304f1a0f611,AP
01a03136-65e2-7bf0-b674-80d23816afd9,68900030,avenida,Avenida Padre Júlio Maria Lombaerd,Central,572484b1-1e48-4d7a-8864-2304f1a0f611,AP
01a03136-6940-79cc-b11f-8d4d94f687fc,68901283,avenida,Avenida Padre Júlio Maria Lombaerd,Santa Rita,572484b1-1e48-4d7a-8864-2304f1a0f611,AP
01a03136-84b7-7f80-9890-264420112e2e,68906645,avenida,Avenida Padre Júlio Maria Lombaerd,Alvorada,572484b1-1e48-4d7a-8864-2304f1a0f611,AP
01a02d5f-a1ee-7357-9f6e-d05e43f9eae3,68900913,avenida,Avenida Padre Júlio Maria Lombaerd 1900,Central,572484b1-1e48-4d7a-8864-2304f1a0f611,AP
01a03136-689a-7fa5-a6a5-52f6da7a7bf0,68900913,avenida,Avenida Padre Júlio Maria Lombaerd 1900,Central,572484b1-1e48-4d7a-8864-2304f1a0f611,AP
01a02d5f-b597-7be8-ae13-1e6662441bb9,68906901,avenida,Avenida Padre Júlio Maria Lombaerd 2925,Santa Rita,572484b1-1e48-4d7a-8864-2304f1a0f611,AP
01a03136-87e5-7abf-8e76-2dd24ab2f878,68906901,avenida,Avenida Padre Júlio Maria Lombaerd 2925,Santa Rita,572484b1-1e48-4d7a-8864-2304f1a0f611,AP
01a02d5f-b597-7be8-ae14-2ba0b8016106,68906902,avenida,Avenida Padre Júlio Maria Lombaerd 3007,Alvorada,572484b1-1e48-4d7a-8864-2304f1a0f611,AP
01a03136-87e9-77de-b8d9-807fb0c332ba,68906902,avenida,Avenida Padre Júlio Maria Lombaerd 3007,Alvorada,572484b1-1e48-4d7a-8864-2304f1a0f611,AP
01a02d5f-b597-7be8-ae12-63520e5e7e1b,68906900,avenida,Avenida Padre Júlio Maria Lombaerd 4301,Santa Rita,572484b1-1e48-4d7a-8864-2304f1a0f611,AP
01a03136-87e1-7715-a1ff-f47a8764d00d,68906900,avenida,Avenida Padre Júlio Maria Lombaerd 4301,Santa Rita,572484b1-1e48-4d7a-8864-2304f1a0f611,AP
01a02d5f-b7a9-7f43-a16a-e7c069e990a4,68908196,avenida,Avenida Padre Manoel da Nóbrega,Julião Ramos,572484b1-1e48-4d7a-8864-2304f1a0f611,AP
01a02d5f-9fc3-7142-9054-f29626833ea2,68900062,avenida,Avenida Padre Manoel da Nóbrega,Jesus de Nazaré,572484b1-1e48-4d7a-8864-2304f1a0f611,AP
01a03136-65fb-7414-908c-721bc629bcb1,68900062,avenida,Avenida Padre Manoel da Nóbrega,Jesus de Nazaré,572484b1-1e48-4d7a-8864-2304f1a0f611,AP
01a03136-8eaf-7ef7-afb1-25844598d6ce,68908196,avenida,Avenida Padre Manoel da Nóbrega,Julião Ramos,572484b1-1e48-4d7a-8864-2304f1a0f611,AP
01a02d5f-acd8-78e3-aa81-68a80fa29174,68904383,avenida,Avenida Padre Rinaldo Bossi,Congós,572484b1-1e48-4d7a-8864-2304f1a0f611,AP
01a03136-7cff-75dc-9313-fef326b25451,68904383,avenida,Avenida Padre Rinaldo Bossi,Congós,572484b1-1e48-4d7a-8864-2304f1a0f611,AP
01a02d5f-acd8-78e3-aa82-a4fa2931ea7e,68904384,avenida,Avenida Padre Ângelo Biraghi,Congós,572484b1-1e48-4d7a-8864-2304f1a0f611,AP
01a03136-7d02-79e8-9753-82428cf7af4e,68904384,avenida,Avenida Padre Ângelo Biraghi,Congós,572484b1-1e48-4d7a-8864-2304f1a0f611,AP
01a02d5f-cc1a-7f3f-a277-98db022ba838,68927363,avenida,Avenida Palmira Miranda Andrade,Provedor,324f5453-20fa-4565-9dd4-6c6514f449bf,AP
01a02d5f-cc19-7e0d-a01b-1506112d019b,68927287,avenida,Avenida Palmira Miranda Andrade,Nova Brasília,324f5453-20fa-4565-9dd4-6c6514f449bf,AP
01a02d5f-ca05-7f64-905a-0b6c4b548151,68927125,avenida,Avenida Palmira Miranda Andrade,Provedor I,324f5453-20fa-4565-9dd4-6c6514f449bf,AP
01a02d5f-ca05-7f64-9051-4991c2d035c6,68927090,avenida,Avenida Palmira Miranda Andrade,Remedios,324f5453-20fa-4565-9dd4-6c6514f449bf,AP
01a03136-accc-7d72-9d9d-fc18f2729dfe,68927090,avenida,Avenida Palmira Miranda Andrade,Remedios,324f5453-20fa-4565-9dd4-6c6514f449bf,AP
01a03136-acec-77d1-9c99-2a2011abf8d2,68927125,avenida,Avenida Palmira Miranda Andrade,Provedor I,324f5453-20fa-4565-9dd4-6c6514f449bf,AP
01a03136-afbe-74c1-9dd9-d6d975d16a0f,68927287,avenida,Avenida Palmira Miranda Andrade,Nova Brasília,324f5453-20fa-4565-9dd4-6c6514f449bf,AP
01a03136-b007-7175-9d77-553d1bee78e6,68927363,avenida,Avenida Palmira Miranda Andrade,Provedor,324f5453-20fa-4565-9dd4-6c6514f449bf,AP
01a02d5f-b9af-7923-a9b6-3638271cb513,68908490,avenida,Avenida Pantaleão Gomes de Oliveira,São Lázaro,572484b1-1e48-4d7a-8864-2304f1a0f611,AP
01a03136-8f8d-778b-a11e-f7c46d1b1aa5,68908490,avenida,Avenida Pantaleão Gomes de Oliveira,São Lázaro,572484b1-1e48-4d7a-8864-2304f1a0f611,AP
01a02d5f-d00b-7b53-b185-56ec6e72f0cc,68906185,avenida,Avenida Paraguai,São José,572484b1-1e48-4d7a-8864-2304f1a0f611,AP
01a03136-b70f-7c5e-910a-ff240aedce55,68906185,avenida,Avenida Paraguai,São José,572484b1-1e48-4d7a-8864-2304f1a0f611,AP
01a02d5f-d62b-78d9-b46b-d424ce44b6e4,68908800,avenida,Avenida Parauapebas,Infraero,572484b1-1e48-4d7a-8864-2304f1a0f611,AP
01a03136-c0b4-7bd0-9ab2-66a17c98e190,68908800,avenida,Avenida Parauapebas,Infraero,572484b1-1e48-4d7a-8864-2304f1a0f611,AP
01a02d5f-b9ae-77bd-9b73-ece1c1f24fa5,68908280,avenida,Avenida Paraíba,Pacoval,572484b1-1e48-4d7a-8864-2304f1a0f611,AP
01a03136-8ef9-718a-bda4-fe0c1a33e968,68908280,avenida,Avenida Paraíba,Pacoval,572484b1-1e48-4d7a-8864-2304f1a0f611,AP
01a02d5f-bfdc-7fcc-b96b-c7066e11e019,68909694,avenida,Avenida Parintins,Lagoa Azul,572484b1-1e48-4d7a-8864-2304f1a0f611,AP
01a03136-9cef-7074-a9e7-d1d5ddde423a,68909694,avenida,Avenida Parintins,Lagoa Azul,572484b1-1e48-4d7a-8864-2304f1a0f611,AP
01a02d5f-d415-71e7-bddd-e76c3817fa34,68909385,avenida,Avenida Paris,Brasil Novo,572484b1-1e48-4d7a-8864-2304f1a0f611,AP
01a03136-bd1f-7008-8fef-6a988d3c9486,68909385,avenida,Avenida Paris,Brasil Novo,572484b1-1e48-4d7a-8864-2304f1a0f611,AP
01a02d5f-b9ad-7efd-947a-36d6f2f7ff8a,68908230,avenida,Avenida Pará,Pacoval,572484b1-1e48-4d7a-8864-2304f1a0f611,AP
01a03136-8ec5-7c9a-83ef-865dd389dc4a,68908230,avenida,Avenida Pará,Pacoval,572484b1-1e48-4d7a-8864-2304f1a0f611,AP
01a02d5f-bfdb-7fb3-935a-eb1abab2971e,68909471,avenida,Avenida Pau Mulato,Boné Azul,572484b1-1e48-4d7a-8864-2304f1a0f611,AP
01a03136-99df-7726-b33a-887dde6b243c,68909471,avenida,Avenida Pau Mulato,Boné Azul,572484b1-1e48-4d7a-8864-2304f1a0f611,AP
01a02d5f-bdb5-76c2-9f13-c00e1d3a1b95,68909131,avenida,Avenida Paulo Sérgio,Boné Azul,572484b1-1e48-4d7a-8864-2304f1a0f611,AP
01a03136-9693-7b1a-9eb9-00dc22806766,68909131,avenida,Avenida Paulo Sérgio,Boné Azul,572484b1-1e48-4d7a-8864-2304f1a0f611,AP
01a02d5f-bdb4-7e21-a29a-f78cb053375d,68909066,avenida,Avenida Paulo do Espirito Santo Silva,Jardim Felicidade,572484b1-1e48-4d7a-8864-2304f1a0f611,AP
01a02d5f-bfdc-7fcc-b965-041e3f732d7d,68909549,avenida,Avenida Paulo do Espirito Santo Silva,Boné Azul,572484b1-1e48-4d7a-8864-2304f1a0f611,AP
01a02d5f-c1da-77da-ae56-1ca767b4f47a,68909838,avenida,Avenida Paulo do Espirito Santo Silva,Novo Horizonte,572484b1-1e48-4d7a-8864-2304f1a0f611,AP
01a03136-964c-7fb2-ae59-57b50e3b86dc,68909066,avenida,Avenida Paulo do Espirito Santo Silva,Jardim Felicidade,572484b1-1e48-4d7a-8864-2304f1a0f611,AP
01a03136-9cd9-7f79-9669-53f474bd25b7,68909549,avenida,Avenida Paulo do Espirito Santo Silva,Boné Azul,572484b1-1e48-4d7a-8864-2304f1a0f611,AP
01a03136-9dc2-738e-b945-2d102ea90db5,68909838,avenida,Avenida Paulo do Espirito Santo Silva,Novo Horizonte,572484b1-1e48-4d7a-8864-2304f1a0f611,AP
01a02d5f-b9ad-7efd-9477-7408223daa87,68908199,avenida,Avenida Pedro Américo,Julião Ramos,572484b1-1e48-4d7a-8864-2304f1a0f611,AP
01a02d5f-b9b0-71d3-ba50-22fd1c44080d,68908751,avenida,Avenida Pedro Américo,Julião Ramos,572484b1-1e48-4d7a-8864-2304f1a0f611,AP
01a03136-8eba-7f7e-a078-97f0657b0f40,68908199,avenida,Avenida Pedro Américo,Julião Ramos,572484b1-1e48-4d7a-8864-2304f1a0f611,AP
01a03136-8fe7-7634-87d1-ff0c49151f8d,68908751,avenida,Avenida Pedro Américo,Julião Ramos,572484b1-1e48-4d7a-8864-2304f1a0f611,AP
01a02d5f-a1ef-7d2d-831f-c461bc074908,68901265,avenida,Avenida Pedro Baião,Santa Rita,572484b1-1e48-4d7a-8864-2304f1a0f611,AP
01a02d5f-9fc4-7b45-bc90-7a200363bc2f,68900116,avenida,Avenida Pedro Baião,Central,572484b1-1e48-4d7a-8864-2304f1a0f611,AP
01a03136-6859-744b-a4b2-49a1a3ffacdd,68900116,avenida,Avenida Pedro Baião,Central,572484b1-1e48-4d7a-8864-2304f1a0f611,AP
01a03136-6926-7306-a86b-ef414d086951,68901265,avenida,Avenida Pedro Baião,Santa Rita,572484b1-1e48-4d7a-8864-2304f1a0f611,AP
01a02d5f-b599-761e-a3e0-e6dca56d9913,68907305,avenida,Avenida Pedro Cardoso Quaresma,Pantanal,572484b1-1e48-4d7a-8864-2304f1a0f611,AP
01a03136-88b7-73c6-8088-b6c47f344bf5,68907305,avenida,Avenida Pedro Cardoso Quaresma,Pantanal,572484b1-1e48-4d7a-8864-2304f1a0f611,AP
01a02d5f-a645-716e-9cc7-b3af3e44bf2b,68902862,avenida,Avenida Pedro Lazarino,Buritizal,572484b1-1e48-4d7a-8864-2304f1a0f611,AP
01a02d5f-a41f-77a2-b947-db16a8a4f512,68902080,avenida,Avenida Pedro Lazarino,Beirol,572484b1-1e48-4d7a-8864-2304f1a0f611,AP
01a02d5f-a41d-7bad-9771-d4a29e997847,68901541,avenida,Avenida Pedro Lazarino,Santa Inês,572484b1-1e48-4d7a-8864-2304f1a0f611,AP
01a03136-6bf3-7484-b6be-e88b65ef4b13,68901541,avenida,Avenida Pedro Lazarino,Santa Inês,572484b1-1e48-4d7a-8864-2304f1a0f611,AP
01a03136-6c9e-7234-b150-229853a9c39b,68902080,avenida,Avenida Pedro Lazarino,Beirol,572484b1-1e48-4d7a-8864-2304f1a0f611,AP
01a03136-6f94-77fb-a057-877a46eeb142,68902862,avenida,Avenida Pedro Lazarino,Buritizal,572484b1-1e48-4d7a-8864-2304f1a0f611,AP
01a02d5f-bbba-798c-b2c9-f1d688e37675,68909011,avenida,Avenida Pedro Wanderley Fernandes,Jardim Felicidade,572484b1-1e48-4d7a-8864-2304f1a0f611,AP
01a02d5f-c1d9-7f6a-b0e7-c2ff45cb6095,68909832,avenida,Avenida Pedro Wanderley Fernandes,Novo Horizonte,572484b1-1e48-4d7a-8864-2304f1a0f611,AP
01a03136-95d0-7565-bdf5-9ce8465e9d1c,68909011,avenida,Avenida Pedro Wanderley Fernandes,Jardim Felicidade,572484b1-1e48-4d7a-8864-2304f1a0f611,AP
01a03136-9db2-74de-bf9f-01f4c5db0500,68909832,avenida,Avenida Pedro Wanderley Fernandes,Novo Horizonte,572484b1-1e48-4d7a-8864-2304f1a0f611,AP
01a02d5f-b9af-7923-a9b7-a0b98c55b521,68908500,avenida,Avenida Pedro Wilson de Lima,São Lázaro,572484b1-1e48-4d7a-8864-2304f1a0f611,AP
01a03136-8f91-7678-82a5-0c080fae7e85,68908500,avenida,Avenida Pedro Wilson de Lima,São Lázaro,572484b1-1e48-4d7a-8864-2304f1a0f611,AP
01a02d5f-c7ec-76ac-a7a4-c9021ea569d0,68926076,avenida,Avenida Pedro da Costa Favela,Daniel,324f5453-20fa-4565-9dd4-6c6514f449bf,AP
01a03136-a922-735a-8c82-b30e6dca1487,68926076,avenida,Avenida Pedro da Costa Favela,Daniel,324f5453-20fa-4565-9dd4-6c6514f449bf,AP
01a02d5f-a1f0-759f-a31d-c4336336e660,68901291,avenida,Avenida Pedro de Oliveira Gomes,Santa Rita,572484b1-1e48-4d7a-8864-2304f1a0f611,AP
01a03136-6949-7fc3-810e-72a6a6aa741d,68901291,avenida,Avenida Pedro de Oliveira Gomes,Santa Rita,572484b1-1e48-4d7a-8864-2304f1a0f611,AP
01a02d5f-b9ae-77bd-9b75-6c19afff1604,68908290,avenida,Avenida Pernambuco,Pacoval,572484b1-1e48-4d7a-8864-2304f1a0f611,AP
01a03136-8f00-7bc7-8710-c82c8085a2b1,68908290,avenida,Avenida Pernambuco,Pacoval,572484b1-1e48-4d7a-8864-2304f1a0f611,AP
01a02d5f-bfdb-76eb-9348-455e1835fcd4,68909328,avenida,Avenida Perobal,Brasil Novo,572484b1-1e48-4d7a-8864-2304f1a0f611,AP
01a03136-999f-71c7-9f7a-67421254afc3,68909328,avenida,Avenida Perobal,Brasil Novo,572484b1-1e48-4d7a-8864-2304f1a0f611,AP
01a02d5f-d414-794d-9a4e-7fc647b847a9,68909374,avenida,Avenida Petrópolis,Brasil Novo,572484b1-1e48-4d7a-8864-2304f1a0f611,AP
01a03136-bd07-78f4-8215-21640efb989d,68909374,avenida,Avenida Petrópolis,Brasil Novo,572484b1-1e48-4d7a-8864-2304f1a0f611,AP
01a02d5f-b9ad-7efd-947e-263da2494c6d,68908250,avenida,Avenida Piauí,Pacoval,572484b1-1e48-4d7a-8864-2304f1a0f611,AP
01a03136-8ed3-7b6e-82fc-1b9b8e17eea4,68908250,avenida,Avenida Piauí,Pacoval,572484b1-1e48-4d7a-8864-2304f1a0f611,AP
01a02d5f-bfdb-76eb-9349-3400594a06a7,68909329,avenida,Avenida Pinhal,Brasil Novo,572484b1-1e48-4d7a-8864-2304f1a0f611,AP
01a03136-99a2-7ee7-bddc-b657c120f119,68909329,avenida,Avenida Pinhal,Brasil Novo,572484b1-1e48-4d7a-8864-2304f1a0f611,AP
01a02d5f-d414-794d-9a4b-c05a73f812da,68909371,avenida,Avenida Piracicaba,Brasil Novo,572484b1-1e48-4d7a-8864-2304f1a0f611,AP
01a03136-bcfe-718f-b121-8cdc4878ab09,68909371,avenida,Avenida Piracicaba,Brasil Novo,572484b1-1e48-4d7a-8864-2304f1a0f611,AP
01a02d5f-b598-7469-bee3-3a180e1d95e8,68907040,avenida,Avenida Pitágoras,Renascer,572484b1-1e48-4d7a-8864-2304f1a0f611,AP
01a03136-882e-7ca4-915d-f781b9bd5bba,68907040,avenida,Avenida Pitágoras,Renascer,572484b1-1e48-4d7a-8864-2304f1a0f611,AP
01a02d5f-ce17-788c-9d16-ebe4caa00dcf,68928184,avenida,Avenida Poeta Castro Alves,Fonte Nova,324f5453-20fa-4565-9dd4-6c6514f449bf,AP
01a02d5f-cc1d-7ab0-a15a-40bf909ad5f0,68928051,avenida,Avenida Poeta Castro Alves,Paraíso,324f5453-20fa-4565-9dd4-6c6514f449bf,AP
01a02d5f-c7ea-7bcf-a82a-fb158dfad682,68925219,avenida,Avenida Poeta Castro Alves,Central,324f5453-20fa-4565-9dd4-6c6514f449bf,AP
01a02d5f-c5ed-74ca-8a58-4e13e865bf85,68925111,avenida,Avenida Poeta Castro Alves,Comercial,324f5453-20fa-4565-9dd4-6c6514f449bf,AP
01a03136-a7d5-7df0-b65a-7b3225293fac,68925111,avenida,Avenida Poeta Castro Alves,Comercial,324f5453-20fa-4565-9dd4-6c6514f449bf,AP
01a03136-a85a-79e1-91d6-900ac2e90260,68925219,avenida,Avenida Poeta Castro Alves,Central,324f5453-20fa-4565-9dd4-6c6514f449bf,AP
01a03136-b2ab-7b54-a608-737ba0279f46,68928051,avenida,Avenida Poeta Castro Alves,Paraíso,324f5453-20fa-4565-9dd4-6c6514f449bf,AP
01a03136-b337-79be-91aa-90ed110debea,68928184,avenida,Avenida Poeta Castro Alves,Fonte Nova,324f5453-20fa-4565-9dd4-6c6514f449bf,AP
01a02d5f-c7eb-7d57-aa49-ece0f3dde014,68925970,avenida,Avenida Poeta Castro Alves 1314,Central,324f5453-20fa-4565-9dd4-6c6514f449bf,AP
01a03136-a8cf-7c66-9f3d-b21c379c20ec,68925970,avenida,Avenida Poeta Castro Alves 1314,Central,324f5453-20fa-4565-9dd4-6c6514f449bf,AP
01a02d5f-b598-7469-bee8-17ab10692c11,68907090,avenida,Avenida Polis,Renascer,572484b1-1e48-4d7a-8864-2304f1a0f611,AP
01a02f29-b56a-7de6-9bcd-b120fdafa422,68907090,avenida,Avenida Polis,Renascer,572484b1-1e48-4d7a-8864-2304f1a0f611,AP
01a02d5f-acd8-7013-aa6d-0c52cd19d67c,68904327,avenida,Avenida Pompeu Cardoso,Congós,572484b1-1e48-4d7a-8864-2304f1a0f611,AP
01a03136-7cbd-737b-adc1-ec099f44db02,68904327,avenida,Avenida Pompeu Cardoso,Congós,572484b1-1e48-4d7a-8864-2304f1a0f611,AP
01a02d5f-a41e-7468-b888-85ab7a3b90dc,68901650,avenida,Avenida Ponciano José Joaquim,Nova Esperança,572484b1-1e48-4d7a-8864-2304f1a0f611,AP
01a03136-6c21-7ae0-8939-58f487a81c90,68901650,avenida,Avenida Ponciano José Joaquim,Nova Esperança,572484b1-1e48-4d7a-8864-2304f1a0f611,AP
01a02d5f-d413-77da-9110-2043597b78e2,68906141,avenida,Avenida Porto Alegre,Cabralzinho,572484b1-1e48-4d7a-8864-2304f1a0f611,AP
01a03136-bcc1-78e9-86c8-012392fa2a23,68906141,avenida,Avenida Porto Alegre,Cabralzinho,572484b1-1e48-4d7a-8864-2304f1a0f611,AP
01a02d5f-d00a-7a39-bea5-72111ebe82b7,68906173,avenida,Avenida Portugal,São José,572484b1-1e48-4d7a-8864-2304f1a0f611,AP
01a03136-b6e5-7915-b0c6-89681f00586e,68906173,avenida,Avenida Portugal,São José,572484b1-1e48-4d7a-8864-2304f1a0f611,AP
01a02d5f-ca04-7e38-baa9-9f0b7d899a13,68927009,avenida,Avenida Portílio de Melo,Remedios,324f5453-20fa-4565-9dd4-6c6514f449bf,AP
01a03136-ac6e-790b-a487-03553f267bc9,68927009,avenida,Avenida Portílio de Melo,Remedios,324f5453-20fa-4565-9dd4-6c6514f449bf,AP
01a02d5f-a1ef-7d2d-831c-335b93309804,68901262,avenida,Avenida Presidente Getúlio Vargas,Santa Rita,572484b1-1e48-4d7a-8864-2304f1a0f611,AP
01a02d5f-9fc3-7142-9059-5538d897cdf2,68900070,avenida,Avenida Presidente Getúlio Vargas,Central,572484b1-1e48-4d7a-8864-2304f1a0f611,AP
01a03136-660c-74f9-be6a-30cba75113c0,68900070,avenida,Avenida Presidente Getúlio Vargas,Central,572484b1-1e48-4d7a-8864-2304f1a0f611,AP
01a03136-691c-7d77-a452-fad46aba129a,68901262,avenida,Avenida Presidente Getúlio Vargas,Santa Rita,572484b1-1e48-4d7a-8864-2304f1a0f611,AP
01a02d5f-b597-7be8-ae15-d181b685c43b,68906903,avenida,Avenida Presidente Getúlio Vargas 4,Santa Rita,572484b1-1e48-4d7a-8864-2304f1a0f611,AP
01a03136-87ed-75e2-a063-fa4a2ce2e10c,68906903,avenida,Avenida Presidente Getúlio Vargas 4,Santa Rita,572484b1-1e48-4d7a-8864-2304f1a0f611,AP
01a02d5f-9fc5-73b0-819e-dbb845f56152,68900903,avenida,Avenida Presidente Getúlio Vargas 7,Central,572484b1-1e48-4d7a-8864-2304f1a0f611,AP
01a03136-687c-78dd-98d3-c04695f0fe83,68900903,avenida,Avenida Presidente Getúlio Vargas 7,Central,572484b1-1e48-4d7a-8864-2304f1a0f611,AP
01a02d5f-ce17-788c-9d19-cb4193bcbc7c,68928193,avenida,Avenida Presidente Marechal Humberto de Alencar Castelo Branco,Fonte Nova,324f5453-20fa-4565-9dd4-6c6514f449bf,AP
01a02d5f-cc1d-7ab0-a15c-b7dc4254289b,68928057,avenida,Avenida Presidente Marechal Humberto de Alencar Castelo Branco,Paraíso,324f5453-20fa-4565-9dd4-6c6514f449bf,AP
01a02d5f-c7ea-7bcf-a82c-97ba08e7bafd,68925225,avenida,Avenida Presidente Marechal Humberto de Alencar Castelo Branco,Central,324f5453-20fa-4565-9dd4-6c6514f449bf,AP
01a02d5f-c5ed-74ca-8a56-b81acd5bee80,68925105,avenida,Avenida Presidente Marechal Humberto de Alencar Castelo Branco,Comercial,324f5453-20fa-4565-9dd4-6c6514f449bf,AP
01a03136-a57e-7fc7-9d60-b061220851a6,68925105,avenida,Avenida Presidente Marechal Humberto de Alencar Castelo Branco,Comercial,324f5453-20fa-4565-9dd4-6c6514f449bf,AP
01a03136-a862-7769-b8b7-de63e6d93bb6,68925225,avenida,Avenida Presidente Marechal Humberto de Alencar Castelo Branco,Central,324f5453-20fa-4565-9dd4-6c6514f449bf,AP
01a03136-b2b2-7026-9951-3a0336aaa595,68928057,avenida,Avenida Presidente Marechal Humberto de Alencar Castelo Branco,Paraíso,324f5453-20fa-4565-9dd4-6c6514f449bf,AP
01a03136-b342-78d4-9e97-6af66e4b907d,68928193,avenida,Avenida Presidente Marechal Humberto de Alencar Castelo Branco,Fonte Nova,324f5453-20fa-4565-9dd4-6c6514f449bf,AP
01a02d5f-b36f-7ba9-a071-3663ae171e2b,68906870,avenida,Avenida Primeira,Cabralzinho,572484b1-1e48-4d7a-8864-2304f1a0f611,AP
01a02d5f-b597-7be8-ae11-892ecac4fff9,68906895,avenida,Avenida Primeira,Cabralzinho,572484b1-1e48-4d7a-8864-2304f1a0f611,AP
01a02d5f-c1db-791b-aa39-c7b68c9037d1,68909865,avenida,Avenida Primeira,Marabaixo,572484b1-1e48-4d7a-8864-2304f1a0f611,AP
01a02d5f-b138-7b33-a5c5-741e2b538592,68905610,avenida,Avenida Primeira,Perpétuo Socorro,572484b1-1e48-4d7a-8864-2304f1a0f611,AP
01a02d5f-b36f-7ba9-a068-1e29e41c5c48,68906854,avenida,Avenida Primeira,Cabralzinho,572484b1-1e48-4d7a-8864-2304f1a0f611,AP
01a02d5f-aaac-7c36-ba6b-78188a0928df,68903860,avenida,Avenida Primeira,Araxá,572484b1-1e48-4d7a-8864-2304f1a0f611,AP
01a03136-7986-747f-b39d-6aed4258e963,68903860,avenida,Avenida Primeira,Araxá,572484b1-1e48-4d7a-8864-2304f1a0f611,AP
01a03136-8159-7a62-bdd6-8335ecfbaa53,68905610,avenida,Avenida Primeira,Perpétuo Socorro,572484b1-1e48-4d7a-8864-2304f1a0f611,AP
01a03136-879e-7f39-8f80-82a226089b66,68906854,avenida,Avenida Primeira,Cabralzinho,572484b1-1e48-4d7a-8864-2304f1a0f611,AP
01a03136-87c1-7bee-9f88-9f79f14b3fdb,68906870,avenida,Avenida Primeira,Cabralzinho,572484b1-1e48-4d7a-8864-2304f1a0f611,AP
01a03136-87de-7276-8571-88ea5b21a8c4,68906895,avenida,Avenida Primeira,Cabralzinho,572484b1-1e48-4d7a-8864-2304f1a0f611,AP
01a03136-a02a-7bd9-be8e-e7712ed6744e,68909865,avenida,Avenida Primeira,Marabaixo,572484b1-1e48-4d7a-8864-2304f1a0f611,AP
01a02d5f-a645-7a87-9cd9-38f057ca1fe1,68902891,avenida,Avenida Primeiro de Maio,Buritizal,572484b1-1e48-4d7a-8864-2304f1a0f611,AP
01a02d5f-a1ee-7c0f-9f84-17b50ddfa605,68901100,avenida,Avenida Primeiro de Maio,Trem,572484b1-1e48-4d7a-8864-2304f1a0f611,AP
01a02d5f-af06-723f-9dd8-85221b2f7e47,68904814,avenida,Avenida Primeiro de Maio,Novo Buritizal,572484b1-1e48-4d7a-8864-2304f1a0f611,AP
01a03136-68e4-7992-9073-8b597dbd31a1,68901100,avenida,Avenida Primeiro de Maio,Trem,572484b1-1e48-4d7a-8864-2304f1a0f611,AP
01a03136-6fd1-718e-8058-4ba2f216c91d,68902891,avenida,Avenida Primeiro de Maio,Buritizal,572484b1-1e48-4d7a-8864-2304f1a0f611,AP
01a03136-7d88-7900-b0cf-e41a50b2ab52,68904814,avenida,Avenida Primeiro de Maio,Novo Buritizal,572484b1-1e48-4d7a-8864-2304f1a0f611,AP
01a02d5f-af06-723f-9dd0-daf22cc7bc70,68904740,avenida,Avenida Primeiro de Setembro,Novo Buritizal,572484b1-1e48-4d7a-8864-2304f1a0f611,AP
01a03136-7d6d-7e1b-bdf8-f8134801f67c,68904740,avenida,Avenida Primeiro de Setembro,Novo Buritizal,572484b1-1e48-4d7a-8864-2304f1a0f611,AP
01a02d5f-b7a9-7692-a14f-ae44f0ebf29c,68908113,avenida,Avenida Princesa Isabel,Jesus de Nazaré,572484b1-1e48-4d7a-8864-2304f1a0f611,AP
01a03136-8c39-7e48-b894-219ed4730830,68908113,avenida,Avenida Princesa Isabel,Jesus de Nazaré,572484b1-1e48-4d7a-8864-2304f1a0f611,AP
01a02d5f-ce17-788c-9d10-3cfd509b6071,68928166,avenida,Avenida Princesa Izabel,Fonte Nova,324f5453-20fa-4565-9dd4-6c6514f449bf,AP
01a02d5f-cc1d-71f4-a14b-ccb8c5c112a5,68928006,avenida,Avenida Princesa Izabel,Paraíso,324f5453-20fa-4565-9dd4-6c6514f449bf,AP
01a02d5f-c7ea-7bcf-a827-8e4bf550bf26,68925210,avenida,Avenida Princesa Izabel,Central,324f5453-20fa-4565-9dd4-6c6514f449bf,AP
01a02d5f-c5ed-74ca-8a5d-f8b1d955f742,68925129,avenida,Avenida Princesa Izabel,Hospitalidade,324f5453-20fa-4565-9dd4-6c6514f449bf,AP
01a03136-a7ee-7eeb-8b13-15b32de60b1e,68925129,avenida,Avenida Princesa Izabel,Hospitalidade,324f5453-20fa-4565-9dd4-6c6514f449bf,AP
01a03136-a84f-7493-b1af-980523414abe,68925210,avenida,Avenida Princesa Izabel,Central,324f5453-20fa-4565-9dd4-6c6514f449bf,AP
01a03136-b076-74fb-9aec-c013cc5bd3a0,68928006,avenida,Avenida Princesa Izabel,Paraíso,324f5453-20fa-4565-9dd4-6c6514f449bf,AP
01a03136-b323-7e0b-97f3-ce4530dcec99,68928166,avenida,Avenida Princesa Izabel,Fonte Nova,324f5453-20fa-4565-9dd4-6c6514f449bf,AP
01a02d5f-bfdb-7fb3-9375-031cb9d4473e,68909516,avenida,Avenida Principal,Boné Azul,572484b1-1e48-4d7a-8864-2304f1a0f611,AP
01a03136-9a39-7781-94f3-f61cbcc7a187,68909516,avenida,Avenida Principal,Boné Azul,572484b1-1e48-4d7a-8864-2304f1a0f611,AP
01a02d5f-a1ee-7c0f-9f7f-c90ede3f954a,68901076,avenida,Avenida Procópio Rola,Santa Rita,572484b1-1e48-4d7a-8864-2304f1a0f611,AP
01a02d5f-9fc3-79f4-9060-01ff299f23de,68900081,avenida,Avenida Procópio Rola,Central,572484b1-1e48-4d7a-8864-2304f1a0f611,AP
01a03136-6622-7881-846e-1370e344a53e,68900081,avenida,Avenida Procópio Rola,Central,572484b1-1e48-4d7a-8864-2304f1a0f611,AP
01a03136-68d3-78b2-9324-d0b459d9426b,68901076,avenida,Avenida Procópio Rola,Santa Rita,572484b1-1e48-4d7a-8864-2304f1a0f611,AP
01a02d5f-a879-79a6-8755-ba0def102fc3,68903430,avenida,Avenida Professor Caramuru,Jardim Marco Zero,572484b1-1e48-4d7a-8864-2304f1a0f611,AP
01a03136-761d-7ca1-bb05-58b0fd1e5bad,68903430,avenida,Avenida Professor Caramuru,Jardim Marco Zero,572484b1-1e48-4d7a-8864-2304f1a0f611,AP
01a02d5f-a1f0-759f-a328-9b01876424dd,68901335,avenida,Avenida Professora Cora de Carvalho,Santa Rita,572484b1-1e48-4d7a-8864-2304f1a0f611,AP
01a02d5f-9fc3-7142-9050-c649590c9173,68900040,avenida,Avenida Professora Cora de Carvalho,Central,572484b1-1e48-4d7a-8864-2304f1a0f611,AP
01a02d5f-b36d-783b-91a6-9cf47bff43db,68906545,avenida,Avenida Professora Cora de Carvalho,Alvorada,572484b1-1e48-4d7a-8864-2304f1a0f611,AP
01a03136-65ef-7332-b76d-4f3c00559969,68900040,avenida,Avenida Professora Cora de Carvalho,Central,572484b1-1e48-4d7a-8864-2304f1a0f611,AP
01a03136-6970-7a71-9b09-078aa55473f2,68901335,avenida,Avenida Professora Cora de Carvalho,Santa Rita,572484b1-1e48-4d7a-8864-2304f1a0f611,AP
01a03136-8492-7627-9986-e66c997144e9,68906545,avenida,Avenida Professora Cora de Carvalho,Alvorada,572484b1-1e48-4d7a-8864-2304f1a0f611,AP
01a02d5f-d417-7cad-8bcd-b866a8f93172,68905462,avenida,Avenida Projetada,Cidade Nova,572484b1-1e48-4d7a-8864-2304f1a0f611,AP
01a03136-bddf-73c2-92b4-f57eb551b8cb,68905462,avenida,Avenida Projetada,Cidade Nova,572484b1-1e48-4d7a-8864-2304f1a0f611,AP
01a02d5f-b7a7-7c48-ae04-e92172f4343f,68907580,avenida,Avenida Pérsia,Renascer,572484b1-1e48-4d7a-8864-2304f1a0f611,AP
01a03136-8b5c-75f2-ac72-d04bf3942b20,68907580,avenida,Avenida Pérsia,Renascer,572484b1-1e48-4d7a-8864-2304f1a0f611,AP
01a02d5f-b138-7134-a5be-cf4fe641a5a8,68905580,avenida,Avenida Quarta,Perpétuo Socorro,572484b1-1e48-4d7a-8864-2304f1a0f611,AP
01a02d5f-b36f-7ba9-a06c-dcc6a5883094,68906858,avenida,Avenida Quarta,Cabralzinho,572484b1-1e48-4d7a-8864-2304f1a0f611,AP
01a02d5f-c3dd-7364-beca-a5836f04556b,68909895,avenida,Avenida Quarta,Marabaixo,572484b1-1e48-4d7a-8864-2304f1a0f611,AP
01a02d5f-b36f-7ba9-a067-7afdb6400395,68906853,avenida,Avenida Quarta,Cabralzinho,572484b1-1e48-4d7a-8864-2304f1a0f611,AP
01a02d5f-acd6-7612-8942-5f7d83c5cbd8,68903885,avenida,Avenida Quarta,Araxá,572484b1-1e48-4d7a-8864-2304f1a0f611,AP
01a02d5f-b36f-7ba9-a069-844f8f330c39,68906855,avenida,Avenida Quarta,Cabralzinho,572484b1-1e48-4d7a-8864-2304f1a0f611,AP
01a03136-79d1-71fb-80ef-daf06170e0bb,68903885,avenida,Avenida Quarta,Araxá,572484b1-1e48-4d7a-8864-2304f1a0f611,AP
01a03136-8141-7ffc-bcd1-e301f07af174,68905580,avenida,Avenida Quarta,Perpétuo Socorro,572484b1-1e48-4d7a-8864-2304f1a0f611,AP
01a03136-879b-7177-99ab-6f874aece266,68906853,avenida,Avenida Quarta,Cabralzinho,572484b1-1e48-4d7a-8864-2304f1a0f611,AP
01a03136-87a2-7e7c-bd1b-2e6a656ebd31,68906855,avenida,Avenida Quarta,Cabralzinho,572484b1-1e48-4d7a-8864-2304f1a0f611,AP
01a03136-87ae-7775-8f79-09cffb1dd2ea,68906858,avenida,Avenida Quarta,Cabralzinho,572484b1-1e48-4d7a-8864-2304f1a0f611,AP
01a03136-a090-721d-bab0-974a1c559e47,68909895,avenida,Avenida Quarta,Marabaixo,572484b1-1e48-4d7a-8864-2304f1a0f611,AP
01a02d5f-af06-723f-9dce-8d67b7a79196,68904730,avenida,Avenida Quatorze de Julho,Novo Buritizal,572484b1-1e48-4d7a-8864-2304f1a0f611,AP
01a03136-7d67-7b00-8b58-40bf47700572,68904730,avenida,Avenida Quatorze de Julho,Novo Buritizal,572484b1-1e48-4d7a-8864-2304f1a0f611,AP
01a02d5f-b13d-72b2-9349-fbd8e2c267ed,68906502,avenida,Avenida Quatro,Marabaixo,572484b1-1e48-4d7a-8864-2304f1a0f611,AP
01a03136-845a-71fd-af3e-8e0701a3f6e9,68906502,avenida,Avenida Quatro,Marabaixo,572484b1-1e48-4d7a-8864-2304f1a0f611,AP
01a02d5f-a41f-77a2-b95c-9c795e33ec71,68902315,avenida,Avenida Quilombo dos Palmares,Muca,572484b1-1e48-4d7a-8864-2304f1a0f611,AP
01a03136-6f04-734b-9e6b-df7eeb14d23b,68902315,avenida,Avenida Quilombo dos Palmares,Muca,572484b1-1e48-4d7a-8864-2304f1a0f611,AP
01a02d5f-b36f-7ba9-a06d-c62b05c92625,68906859,avenida,Avenida Quinta,Cabralzinho,572484b1-1e48-4d7a-8864-2304f1a0f611,AP
01a02d5f-b36f-7ba9-a070-78e49ca98376,68906865,avenida,Avenida Quinta,Cabralzinho,572484b1-1e48-4d7a-8864-2304f1a0f611,AP
01a02d5f-c1da-77da-ae58-431d1afe88ce,68909841,avenida,Avenida Quinta,Marabaixo,572484b1-1e48-4d7a-8864-2304f1a0f611,AP
01a02d5f-b138-7b33-a5c7-bf74f5d85699,68905620,avenida,Avenida Quinta,Perpétuo Socorro,572484b1-1e48-4d7a-8864-2304f1a0f611,AP
01a02d5f-aaac-7c36-ba62-30f9e84d9070,68903851,avenida,Avenida Quinta,Araxá,572484b1-1e48-4d7a-8864-2304f1a0f611,AP
01a03136-7966-7641-a3ff-cdb73ac7c035,68903851,avenida,Avenida Quinta,Araxá,572484b1-1e48-4d7a-8864-2304f1a0f611,AP
01a03136-8160-7937-a9ad-cbe05c63ff4b,68905620,avenida,Avenida Quinta,Perpétuo Socorro,572484b1-1e48-4d7a-8864-2304f1a0f611,AP
01a03136-87b2-7b25-b801-cd08aa24dd9e,68906859,avenida,Avenida Quinta,Cabralzinho,572484b1-1e48-4d7a-8864-2304f1a0f611,AP
01a03136-87bd-73b2-9f30-ffac2788fd54,68906865,avenida,Avenida Quinta,Cabralzinho,572484b1-1e48-4d7a-8864-2304f1a0f611,AP
01a03136-9dc9-70c1-9978-59352e2ecee6,68909841,avenida,Avenida Quinta,Marabaixo,572484b1-1e48-4d7a-8864-2304f1a0f611,AP
01a02d5f-a879-79a6-8758-70313226a00b,68903435,avenida,Avenida Quinta da universidade,Jardim Marco Zero,572484b1-1e48-4d7a-8864-2304f1a0f611,AP
01a03136-7628-7121-a534-7073d8846364,68903435,avenida,Avenida Quinta da universidade,Jardim Marco Zero,572484b1-1e48-4d7a-8864-2304f1a0f611,AP
01a02d5f-af05-707b-86bf-fcf0718b7b0c,68904592,avenida,Avenida Quinze de Julho,Novo Buritizal,572484b1-1e48-4d7a-8864-2304f1a0f611,AP
01a02d5f-af06-723f-9dcd-617421a2ec10,68904720,avenida,Avenida Quinze de Julho,Novo Buritizal,572484b1-1e48-4d7a-8864-2304f1a0f611,AP
01a03136-7d32-79a6-abc4-f4520830788d,68904592,avenida,Avenida Quinze de Julho,Novo Buritizal,572484b1-1e48-4d7a-8864-2304f1a0f611,AP
01a03136-7d63-7d60-956f-6a78a5353ca5,68904720,avenida,Avenida Quinze de Julho,Novo Buritizal,572484b1-1e48-4d7a-8864-2304f1a0f611,AP
01a02d5f-af06-7adf-9de5-76851e789e64,68905110,avenida,Avenida Quinze de Novembro,Cidade Nova,572484b1-1e48-4d7a-8864-2304f1a0f611,AP
01a02d5f-ce17-788c-9d12-f0ce3fe3a743,68928172,avenida,Avenida Quinze de Novembro,Fonte Nova,324f5453-20fa-4565-9dd4-6c6514f449bf,AP
01a02d5f-cc1d-71f4-a158-36e8a3dc941e,68928045,avenida,Avenida Quinze de Novembro,Paraíso,324f5453-20fa-4565-9dd4-6c6514f449bf,AP
01a03136-7db2-750f-94d8-0cfb3a85115f,68905110,avenida,Avenida Quinze de Novembro,Cidade Nova,572484b1-1e48-4d7a-8864-2304f1a0f611,AP
01a03136-b2a5-7204-9c44-05d36c7f6ade,68928045,avenida,Avenida Quinze de Novembro,Paraíso,324f5453-20fa-4565-9dd4-6c6514f449bf,AP
01a03136-b32a-76c5-8a99-24eefbaae765,68928172,avenida,Avenida Quinze de Novembro,Fonte Nova,324f5453-20fa-4565-9dd4-6c6514f449bf,AP
01a02d5f-b7a7-7c48-ae01-d056d066449f,68907550,avenida,Avenida Rafael Sânsio,Renascer,572484b1-1e48-4d7a-8864-2304f1a0f611,AP
01a03136-8b52-7723-ac9c-0d914c5b8919,68907550,avenida,Avenida Rafael Sânsio,Renascer,572484b1-1e48-4d7a-8864-2304f1a0f611,AP
01a02d5f-c5ea-79ec-95e3-fdba80924bcf,68911380,avenida,Avenida Raimunda Apolinária da Silva,Muruci (Fazendinha),572484b1-1e48-4d7a-8864-2304f1a0f611,AP
01a03136-a448-7652-a9af-c6f980b17982,68911380,avenida,Avenida Raimunda Apolinária da Silva,Muruci (Fazendinha),572484b1-1e48-4d7a-8864-2304f1a0f611,AP
01a02d5f-b598-7d36-befa-ce3f1dfc54c6,68907207,avenida,Avenida Raimunda Maria Albertina,Renascer,572484b1-1e48-4d7a-8864-2304f1a0f611,AP
01a03136-8880-7e2a-bdd4-30d2391e594c,68907207,avenida,Avenida Raimunda Maria Albertina,Renascer,572484b1-1e48-4d7a-8864-2304f1a0f611,AP
01a02d5f-b9af-7923-a9c8-2717851c1734,68908642,avenida,Avenida Raimundo Almeida Costa,Boné Azul,572484b1-1e48-4d7a-8864-2304f1a0f611,AP
01a03136-8fd0-7237-a4aa-53e5f92bafec,68908642,avenida,Avenida Raimundo Almeida Costa,Boné Azul,572484b1-1e48-4d7a-8864-2304f1a0f611,AP
01a02d5f-acd7-777c-a3b6-a7e4476b21fe,68904043,avenida,Avenida Raimundo Antônio Machado,Novo Buritizal,572484b1-1e48-4d7a-8864-2304f1a0f611,AP
01a03136-7a1d-715f-b04f-e943124388c3,68904043,avenida,Avenida Raimundo Antônio Machado,Novo Buritizal,572484b1-1e48-4d7a-8864-2304f1a0f611,AP
01a02d5f-aaac-7c36-ba61-00539c653759,68903850,avenida,Avenida Raimundo Borges,Araxá,572484b1-1e48-4d7a-8864-2304f1a0f611,AP
01a03136-7963-70a0-82ba-7a7d44143065,68903850,avenida,Avenida Raimundo Borges,Araxá,572484b1-1e48-4d7a-8864-2304f1a0f611,AP
01a02d5f-acd8-78e3-aa83-5aee120292c8,68904385,avenida,Avenida Raimundo Caxias de Souza,Congós,572484b1-1e48-4d7a-8864-2304f1a0f611,AP
01a03136-7d06-737a-9aa8-97091c78f27e,68904385,avenida,Avenida Raimundo Caxias de Souza,Congós,572484b1-1e48-4d7a-8864-2304f1a0f611,AP
01a02d5f-c5ea-79ec-95e6-363df01013b7,68911400,avenida,Avenida Raimundo Dias Tomaz,Muruci (Fazendinha),572484b1-1e48-4d7a-8864-2304f1a0f611,AP
01a03136-a454-7b36-8840-2336e3e4776c,68911400,avenida,Avenida Raimundo Dias Tomaz,Muruci (Fazendinha),572484b1-1e48-4d7a-8864-2304f1a0f611,AP
01a02d5f-a420-7041-96f4-90e36352db17,68902320,avenida,Avenida Raimundo Ferreira da Silva,Muca,572484b1-1e48-4d7a-8864-2304f1a0f611,AP
01a03136-6f12-72e5-bd5e-5794f36bd9e2,68902320,avenida,Avenida Raimundo Ferreira da Silva,Muca,572484b1-1e48-4d7a-8864-2304f1a0f611,AP
01a02d5f-d207-7d87-85ca-3112be7f68d8,68906480,avenida,Avenida Raimundo Ibiapino da Silva,Marabaixo,572484b1-1e48-4d7a-8864-2304f1a0f611,AP
01a03136-b989-7cb2-9ac7-fadc3fc48a1e,68906480,avenida,Avenida Raimundo Ibiapino da Silva,Marabaixo,572484b1-1e48-4d7a-8864-2304f1a0f611,AP
01a02d5f-c1d8-75a0-8b02-7565cbe4167b,68909792,avenida,Avenida Raimundo Nery de Matos,Novo Horizonte,572484b1-1e48-4d7a-8864-2304f1a0f611,AP
01a03136-9d44-7822-a927-e3c2d4ca8cbe,68909792,avenida,Avenida Raimundo Nery de Matos,Novo Horizonte,572484b1-1e48-4d7a-8864-2304f1a0f611,AP
01a02d5f-a420-7041-96f9-d6128024e45d,68902330,avenida,Avenida Raimundo Nonato Banha Corrêa,Muca,572484b1-1e48-4d7a-8864-2304f1a0f611,AP
01a03136-6f22-7e90-bcb5-ab6af7810276,68902330,avenida,Avenida Raimundo Nonato Banha Corrêa,Muca,572484b1-1e48-4d7a-8864-2304f1a0f611,AP
01a02d5f-d207-7d87-85d6-cc1b98865e19,68906492,avenida,Avenida Raimundo Nunes Trindade,Marabaixo,572484b1-1e48-4d7a-8864-2304f1a0f611,AP
01a03136-b9b3-7051-9ad3-3b448cfbe2fe,68906492,avenida,Avenida Raimundo Nunes Trindade,Marabaixo,572484b1-1e48-4d7a-8864-2304f1a0f611,AP
01a02d5f-a41e-7468-b885-a3fe4bb54c3c,68901610,avenida,Avenida Raimundo Pequilo Gomes de Almeida,Nova Esperança,572484b1-1e48-4d7a-8864-2304f1a0f611,AP
01a03136-6c17-7491-978e-8b05d155b25d,68901610,avenida,Avenida Raimundo Pequilo Gomes de Almeida,Nova Esperança,572484b1-1e48-4d7a-8864-2304f1a0f611,AP
01a02d5f-a879-79a6-875a-582ca359f0f7,68903440,avenida,Avenida Raimundo Perais Nunes de Ataíde,Jardim Marco Zero,572484b1-1e48-4d7a-8864-2304f1a0f611,AP
01a03136-762f-75a9-8cf2-3e7044673ed4,68903440,avenida,Avenida Raimundo Perais Nunes de Ataíde,Jardim Marco Zero,572484b1-1e48-4d7a-8864-2304f1a0f611,AP
01a02d5f-b9af-7923-a9c5-abe0f61a1b59,68908580,avenida,Avenida Raimundo R. Guedes Figueira,São Lázaro,572484b1-1e48-4d7a-8864-2304f1a0f611,AP
01a03136-8fc4-707a-9e41-4ff1777aa1a5,68908580,avenida,Avenida Raimundo R. Guedes Figueira,São Lázaro,572484b1-1e48-4d7a-8864-2304f1a0f611,AP
01a02d5f-b9ae-77bd-9b7c-195605b0321f,68908319,avenida,Avenida Raimundo Souza Mesquita,Pacoval,572484b1-1e48-4d7a-8864-2304f1a0f611,AP
01a03136-8f19-7d12-9c58-68f3cf5e55b7,68908319,avenida,Avenida Raimundo Souza Mesquita,Pacoval,572484b1-1e48-4d7a-8864-2304f1a0f611,AP
01a02d5f-af06-7adf-9dda-057b82c084a6,68905010,avenida,Avenida Raimundo de Souza Mesquita,Cidade Nova,572484b1-1e48-4d7a-8864-2304f1a0f611,AP
01a03136-7d8e-7975-bd60-5775667cbbd2,68905010,avenida,Avenida Raimundo de Souza Mesquita,Cidade Nova,572484b1-1e48-4d7a-8864-2304f1a0f611,AP
01a02d5f-a1ef-74c4-8316-63b8a15e6dbf,68901256,avenida,Avenida Raimundo Álvares da Costa,Santa Rita,572484b1-1e48-4d7a-8864-2304f1a0f611,AP
01a02d5f-9fc3-79f4-905d-d26b3beb41f9,68900074,avenida,Avenida Raimundo Álvares da Costa,Central,572484b1-1e48-4d7a-8864-2304f1a0f611,AP
01a03136-6618-7953-b4e4-a4e79efc5b24,68900074,avenida,Avenida Raimundo Álvares da Costa,Central,572484b1-1e48-4d7a-8864-2304f1a0f611,AP
01a03136-6908-7913-a514-ea291ce357be,68901256,avenida,Avenida Raimundo Álvares da Costa,Santa Rita,572484b1-1e48-4d7a-8864-2304f1a0f611,AP
01a02d5f-a1ee-7357-9f70-8c19de415be2,68900915,avenida,Avenida Raimundo Álvares da Costa 1597,Central,572484b1-1e48-4d7a-8864-2304f1a0f611,AP
01a03136-68a1-7a5a-903c-221fa9b8670f,68900915,avenida,Avenida Raimundo Álvares da Costa 1597,Central,572484b1-1e48-4d7a-8864-2304f1a0f611,AP
01a02d5f-aaab-7afa-bdc6-46a0eef31767,68903754,avenida,Avenida Ramildo Neves Benicio,Universidade,572484b1-1e48-4d7a-8864-2304f1a0f611,AP
01a03136-76f9-7baa-9e17-1f0385567a26,68903754,avenida,Avenida Ramildo Neves Benicio,Universidade,572484b1-1e48-4d7a-8864-2304f1a0f611,AP
01a02d5f-d208-7631-9f0b-e71102382047,68909062,avenida,Avenida Ramos,Jardim Felicidade,572484b1-1e48-4d7a-8864-2304f1a0f611,AP
01a02d5f-d208-7ee0-9f1e-59cdb32d0077,68909839,avenida,Avenida Ramos,Novo Horizonte,572484b1-1e48-4d7a-8864-2304f1a0f611,AP
01a03136-ba0f-72b6-add4-d0588ae4741d,68909062,avenida,Avenida Ramos,Jardim Felicidade,572484b1-1e48-4d7a-8864-2304f1a0f611,AP
01a03136-ba4b-7b34-87d7-243d79de7aa2,68909839,avenida,Avenida Ramos,Novo Horizonte,572484b1-1e48-4d7a-8864-2304f1a0f611,AP
01a02d5f-b599-7ea1-a3fb-530cab767cdb,68907450,avenida,Avenida Ravena,Renascer,572484b1-1e48-4d7a-8864-2304f1a0f611,AP
01a03136-8b2e-7e89-9565-3440dc6dc27b,68907450,avenida,Avenida Ravena,Renascer,572484b1-1e48-4d7a-8864-2304f1a0f611,AP
01a02d5f-a1f0-7fb1-a32f-4ee5e1fdb1fd,68901348,avenida,Avenida Reinaldo Damasceno,Santa Rita,572484b1-1e48-4d7a-8864-2304f1a0f611,AP
01a02d5f-acd7-777c-a3b8-5a472d214c32,68904050,avenida,Avenida Reinaldo Damasceno,Novo Buritizal,572484b1-1e48-4d7a-8864-2304f1a0f611,AP
01a03136-6b95-7583-a7ff-f2e5341e6f9c,68901348,avenida,Avenida Reinaldo Damasceno,Santa Rita,572484b1-1e48-4d7a-8864-2304f1a0f611,AP
01a03136-7a23-7ae8-920d-236d0525a310,68904050,avenida,Avenida Reinaldo Damasceno,Novo Buritizal,572484b1-1e48-4d7a-8864-2304f1a0f611,AP
01a02d5f-d629-7f5c-be2d-4c7dc9825c9c,68906794,avenida,Avenida Reino Unido,Cabralzinho,572484b1-1e48-4d7a-8864-2304f1a0f611,AP
01a03136-c04e-7f4e-825e-487ac8cb9ec4,68906794,avenida,Avenida Reino Unido,Cabralzinho,572484b1-1e48-4d7a-8864-2304f1a0f611,AP
01a02d5f-c3e0-77a9-86cd-d89ee1c733f2,68911133,avenida,Avenida Rio Acre,Fazendinha,572484b1-1e48-4d7a-8864-2304f1a0f611,AP
01a03136-a175-757a-ba9c-80c483a807bf,68911133,avenida,Avenida Rio Acre,Fazendinha,572484b1-1e48-4d7a-8864-2304f1a0f611,AP
01a02d5f-c3dd-7c24-bed7-7867a1c49e79,68911021,avenida,Avenida Rio Amapá,Fazendinha,572484b1-1e48-4d7a-8864-2304f1a0f611,AP
01a02d5f-d822-7f57-bf79-f1f52c385fd7,68929545,avenida,Avenida Rio Amapá,Distrito Industrial,324f5453-20fa-4565-9dd4-6c6514f449bf,AP
01a03136-a0bc-7804-a740-e8d7cab33903,68911021,avenida,Avenida Rio Amapá,Fazendinha,572484b1-1e48-4d7a-8864-2304f1a0f611,AP
01a03136-c444-7377-ae85-c77f16b6286c,68929545,avenida,Avenida Rio Amapá,Distrito Industrial,324f5453-20fa-4565-9dd4-6c6514f449bf,AP
01a02d5f-bfdb-7fb3-936e-8ea75ed004c1,68909501,avenida,Avenida Rio Amazonas,Boné Azul,572484b1-1e48-4d7a-8864-2304f1a0f611,AP
01a02d5f-c3de-7d97-ab76-4ef7eadaca3a,68911040,avenida,Avenida Rio Amazonas,Fazendinha,572484b1-1e48-4d7a-8864-2304f1a0f611,AP
01a02d5f-d208-7631-9ef8-5d103b8ea603,68906834,avenida,Avenida Rio Amazonas,Cabralzinho,572484b1-1e48-4d7a-8864-2304f1a0f611,AP
01a03136-9a1f-7e75-ba0f-610cbbad2ccd,68909501,avenida,Avenida Rio Amazonas,Boné Azul,572484b1-1e48-4d7a-8864-2304f1a0f611,AP
01a03136-a0f9-730c-a63d-55cc0d307d3e,68911040,avenida,Avenida Rio Amazonas,Fazendinha,572484b1-1e48-4d7a-8864-2304f1a0f611,AP
01a03136-b9ce-7d08-9d87-75678f6b1547,68906834,avenida,Avenida Rio Amazonas,Cabralzinho,572484b1-1e48-4d7a-8864-2304f1a0f611,AP
01a02d5f-c3de-7d97-ab7a-fc7e8ba77d37,68911045,avenida,Avenida Rio Araguaia,Fazendinha,572484b1-1e48-4d7a-8864-2304f1a0f611,AP
01a03136-a106-7cc0-94f9-de6053128ac3,68911045,avenida,Avenida Rio Araguaia,Fazendinha,572484b1-1e48-4d7a-8864-2304f1a0f611,AP
01a02d5f-c3df-765c-8b78-66263cfd661d,68911055,avenida,Avenida Rio Bonito,Fazendinha,572484b1-1e48-4d7a-8864-2304f1a0f611,AP
01a03136-a124-7c7c-8876-9a8a69441787,68911055,avenida,Avenida Rio Bonito,Fazendinha,572484b1-1e48-4d7a-8864-2304f1a0f611,AP
01a02d5f-ce17-788c-9d0a-e705dd76ada8,68928148,avenida,Avenida Rio Branco,Fonte Nova,324f5453-20fa-4565-9dd4-6c6514f449bf,AP
01a02d5f-cc1d-71f4-a14e-60201b5cddb4,68928015,avenida,Avenida Rio Branco,Paraíso,324f5453-20fa-4565-9dd4-6c6514f449bf,AP
01a02d5f-c7ea-7bcf-a824-ac603405cc52,68925201,avenida,Avenida Rio Branco,Central,324f5453-20fa-4565-9dd4-6c6514f449bf,AP
01a02d5f-c5ed-7d62-8a65-c80e8e5683da,68925153,avenida,Avenida Rio Branco,Hospitalidade,324f5453-20fa-4565-9dd4-6c6514f449bf,AP
01a03136-a80d-7216-81c0-5b4df54e0441,68925153,avenida,Avenida Rio Branco,Hospitalidade,324f5453-20fa-4565-9dd4-6c6514f449bf,AP
01a03136-a844-7ae7-8258-264938b13713,68925201,avenida,Avenida Rio Branco,Central,324f5453-20fa-4565-9dd4-6c6514f449bf,AP
01a03136-b080-7330-abb6-6c80abb775a0,68928015,avenida,Avenida Rio Branco,Paraíso,324f5453-20fa-4565-9dd4-6c6514f449bf,AP
01a03136-b30f-7fad-8b8f-e4bee6281c5f,68928148,avenida,Avenida Rio Branco,Fonte Nova,324f5453-20fa-4565-9dd4-6c6514f449bf,AP
01a02d5f-c3dd-7c24-bed9-14908e3432f1,68911023,avenida,Avenida Rio Calçoene,Fazendinha,572484b1-1e48-4d7a-8864-2304f1a0f611,AP
01a02d5f-d822-7f57-bf7a-e2d222f71bc8,68929546,avenida,Avenida Rio Calçoene,Distrito Industrial,324f5453-20fa-4565-9dd4-6c6514f449bf,AP
01a03136-a0c3-7165-8e33-fbffe481d501,68911023,avenida,Avenida Rio Calçoene,Fazendinha,572484b1-1e48-4d7a-8864-2304f1a0f611,AP
01a03136-c447-7758-940b-67714461313d,68929546,avenida,Avenida Rio Calçoene,Distrito Industrial,324f5453-20fa-4565-9dd4-6c6514f449bf,AP
01a02d5f-c3e0-77a9-86c8-106d1a3b8285,68911128,avenida,Avenida Rio Capim,Fazendinha,572484b1-1e48-4d7a-8864-2304f1a0f611,AP
01a03136-a164-7de4-8b3a-c20372f71d29,68911128,avenida,Avenida Rio Capim,Fazendinha,572484b1-1e48-4d7a-8864-2304f1a0f611,AP
01a02d5f-b9ae-77bd-9b6c-edc4ca5ada2a,68908270,avenida,Avenida Rio Grande do Norte,Pacoval,572484b1-1e48-4d7a-8864-2304f1a0f611,AP
01a03136-8ede-7c83-8880-eaa18c8a6dba,68908270,avenida,Avenida Rio Grande do Norte,Pacoval,572484b1-1e48-4d7a-8864-2304f1a0f611,AP
01a02d5f-c3e0-77a9-86cc-082fd2169a12,68911132,avenida,Avenida Rio Guaporé,Fazendinha,572484b1-1e48-4d7a-8864-2304f1a0f611,AP
01a03136-a172-7172-b801-e1097f6c0676,68911132,avenida,Avenida Rio Guaporé,Fazendinha,572484b1-1e48-4d7a-8864-2304f1a0f611,AP
01a02d5f-c3dd-7c24-bed6-431363c49150,68911020,avenida,Avenida Rio Jari,Fazendinha,572484b1-1e48-4d7a-8864-2304f1a0f611,AP
01a03136-a0b8-79ff-9c88-cb2fa50d0b06,68911020,avenida,Avenida Rio Jari,Fazendinha,572484b1-1e48-4d7a-8864-2304f1a0f611,AP
01a02d5f-c3dd-7c24-beda-cd7f367f1423,68911024,avenida,Avenida Rio Madeira,Fazendinha,572484b1-1e48-4d7a-8864-2304f1a0f611,AP
01a02d5f-d822-7f57-bf7b-19f715037beb,68929547,avenida,Avenida Rio Madeira,Distrito Industrial,324f5453-20fa-4565-9dd4-6c6514f449bf,AP
01a03136-a0c6-775f-b45e-376f92b6e960,68911024,avenida,Avenida Rio Madeira,Fazendinha,572484b1-1e48-4d7a-8864-2304f1a0f611,AP
01a03136-c44b-75cc-8942-3d7ab78050b2,68929547,avenida,Avenida Rio Madeira,Distrito Industrial,324f5453-20fa-4565-9dd4-6c6514f449bf,AP
01a02d5f-c3e0-77a9-86c9-2165b6b2c7c9,68911129,avenida,Avenida Rio Mamoré,Fazendinha,572484b1-1e48-4d7a-8864-2304f1a0f611,AP
01a03136-a168-7319-8eba-2a146afe28f7,68911129,avenida,Avenida Rio Mamoré,Fazendinha,572484b1-1e48-4d7a-8864-2304f1a0f611,AP
01a02d5f-9fc4-72a2-bc83-a2bb8b56deef,68900091,avenida,Avenida Rio Maracá,Central,572484b1-1e48-4d7a-8864-2304f1a0f611,AP
01a02d5f-d822-7f57-bf7c-aa56c8915d4d,68929549,avenida,Avenida Rio Maracá,Distrito Industrial,324f5453-20fa-4565-9dd4-6c6514f449bf,AP
01a03136-6828-7fb0-880c-ce37e7643f95,68900091,avenida,Avenida Rio Maracá,Central,572484b1-1e48-4d7a-8864-2304f1a0f611,AP
01a03136-c44e-7932-acc1-c949ba23e480,68929549,avenida,Avenida Rio Maracá,Distrito Industrial,324f5453-20fa-4565-9dd4-6c6514f449bf,AP
01a02d5f-c3df-765c-8b75-f35af8edd39b,68911051,avenida,Avenida Rio Maruanun,Fazendinha,572484b1-1e48-4d7a-8864-2304f1a0f611,AP
01a03136-a11a-7b5f-bd1a-3b7f4fea7cd5,68911051,avenida,Avenida Rio Maruanun,Fazendinha,572484b1-1e48-4d7a-8864-2304f1a0f611,AP
01a02d5f-c3df-765c-8b77-4793ff8a48e5,68911053,avenida,Avenida Rio Matapi,Fazendinha,572484b1-1e48-4d7a-8864-2304f1a0f611,AP
01a02d5f-9fc4-72a2-bc85-85997c67dfc5,68900093,avenida,Avenida Rio Matapi,Central,572484b1-1e48-4d7a-8864-2304f1a0f611,AP
01a03136-6834-7a71-a58e-5233616cc066,68900093,avenida,Avenida Rio Matapi,Central,572484b1-1e48-4d7a-8864-2304f1a0f611,AP
01a03136-a121-76d6-ba69-d39480e3dcac,68911053,avenida,Avenida Rio Matapi,Fazendinha,572484b1-1e48-4d7a-8864-2304f1a0f611,AP
01a02d5f-c3e0-77a9-86cb-683bb26f6724,68911131,avenida,Avenida Rio Muju,Fazendinha,572484b1-1e48-4d7a-8864-2304f1a0f611,AP
01a03136-a16e-7c4d-b6d4-beeb70f9a3ef,68911131,avenida,Avenida Rio Muju,Fazendinha,572484b1-1e48-4d7a-8864-2304f1a0f611,AP
01a02d5f-c3e0-77a9-86c7-cd6d8992d422,68911127,avenida,Avenida Rio Murici,Fazendinha,572484b1-1e48-4d7a-8864-2304f1a0f611,AP
01a03136-a161-70f9-bae7-ee2e39956616,68911127,avenida,Avenida Rio Murici,Fazendinha,572484b1-1e48-4d7a-8864-2304f1a0f611,AP
01a02d5f-c3de-74da-ab68-b9e142d985bc,68911026,avenida,Avenida Rio Negro,Fazendinha,572484b1-1e48-4d7a-8864-2304f1a0f611,AP
01a03136-a0c9-7cde-8616-80b7c696757a,68911026,avenida,Avenida Rio Negro,Fazendinha,572484b1-1e48-4d7a-8864-2304f1a0f611,AP
01a02d5f-c3df-765c-8b79-2a736b7a08d2,68911065,avenida,Avenida Rio Oiapoque,Fazendinha,572484b1-1e48-4d7a-8864-2304f1a0f611,AP
01a03136-a127-7fc3-8413-0a9a2833cabc,68911065,avenida,Avenida Rio Oiapoque,Fazendinha,572484b1-1e48-4d7a-8864-2304f1a0f611,AP
01a02d5f-c3df-765c-8b74-559fbfb097a3,68911050,avenida,Avenida Rio Pedreira,Fazendinha,572484b1-1e48-4d7a-8864-2304f1a0f611,AP
01a03136-a117-769a-8cce-abfe0a869eaf,68911050,avenida,Avenida Rio Pedreira,Fazendinha,572484b1-1e48-4d7a-8864-2304f1a0f611,AP
01a02d5f-bfdb-7fb3-936f-f3ef1f1abef7,68909502,avenida,Avenida Rio Solimões,Boné Azul,572484b1-1e48-4d7a-8864-2304f1a0f611,AP
01a02d5f-ca04-7e38-baa0-a2be853ca201,68926380,avenida,Avenida Rio Solimões,Fortaleza,324f5453-20fa-4565-9dd4-6c6514f449bf,AP
01a03136-9a23-7be6-a835-77e64120ecb2,68909502,avenida,Avenida Rio Solimões,Boné Azul,572484b1-1e48-4d7a-8864-2304f1a0f611,AP
01a03136-ac49-743f-8f8f-1b1e428033ee,68926380,avenida,Avenida Rio Solimões,Fortaleza,324f5453-20fa-4565-9dd4-6c6514f449bf,AP
01a02d5f-d822-7f57-bf7d-3ae7ea7f3276,68929550,avenida,Avenida Rio Tartarugualzinho,Distrito Industrial,324f5453-20fa-4565-9dd4-6c6514f449bf,AP
01a03136-c452-77dd-b494-b8001ce5667b,68929550,avenida,Avenida Rio Tartarugualzinho,Distrito Industrial,324f5453-20fa-4565-9dd4-6c6514f449bf,AP
01a02d5f-c3df-765c-8b73-77dd343c68f1,68911049,avenida,Avenida Rio Tieté,Fazendinha,572484b1-1e48-4d7a-8864-2304f1a0f611,AP
01a03136-a114-7099-8ded-93b4415ee212,68911049,avenida,Avenida Rio Tieté,Fazendinha,572484b1-1e48-4d7a-8864-2304f1a0f611,AP
01a02d5f-c3df-765c-8b76-e380ecca1709,68911052,avenida,Avenida Rio Vila Nova,Fazendinha,572484b1-1e48-4d7a-8864-2304f1a0f611,AP
01a02d5f-9fc4-72a2-bc84-1276a570792f,68900092,avenida,Avenida Rio Vila Nova,Central,572484b1-1e48-4d7a-8864-2304f1a0f611,AP
01a03136-6831-739f-a843-ed6f02fa5606,68900092,avenida,Avenida Rio Vila Nova,Central,572484b1-1e48-4d7a-8864-2304f1a0f611,AP
01a03136-a11d-7fc1-8efd-af11c020345a,68911052,avenida,Avenida Rio Vila Nova,Fazendinha,572484b1-1e48-4d7a-8864-2304f1a0f611,AP
01a02d5f-c3df-765c-8b72-ae0865837a55,68911048,avenida,Avenida Rio de Janeiro,Fazendinha,572484b1-1e48-4d7a-8864-2304f1a0f611,AP
01a03136-a110-713a-9dff-fad36c158684,68911048,avenida,Avenida Rio de Janeiro,Fazendinha,572484b1-1e48-4d7a-8864-2304f1a0f611,AP
01a02d5f-a1ef-7d2d-8329-d441320a59c1,68901290,avenida,Avenida Roque de Souza Penafort,Santa Rita,572484b1-1e48-4d7a-8864-2304f1a0f611,AP
01a03136-6946-79a7-96db-89aa87f31b57,68901290,avenida,Avenida Roque de Souza Penafort,Santa Rita,572484b1-1e48-4d7a-8864-2304f1a0f611,AP
01a02d5f-d417-7405-8bbe-7330491986f2,68904263,avenida,Avenida Rosa Branca,Novo Buritizal,572484b1-1e48-4d7a-8864-2304f1a0f611,AP
01a03136-bdaa-774b-aea2-12df6b2106ff,68904263,avenida,Avenida Rosa Branca,Novo Buritizal,572484b1-1e48-4d7a-8864-2304f1a0f611,AP
01a02d5f-d416-72f3-b87c-70be79e286c7,68902884,avenida,Avenida Rufino da Conceição Pinheiro,Buritizal,572484b1-1e48-4d7a-8864-2304f1a0f611,AP
01a03136-bd64-73a7-b0a6-d0cb289538d8,68902884,avenida,Avenida Rufino da Conceição Pinheiro,Buritizal,572484b1-1e48-4d7a-8864-2304f1a0f611,AP
01a02d5f-c7ea-7330-a816-76536ac25b22,68925159,avenida,Avenida Ruy Barbosa,Hospitalidade,324f5453-20fa-4565-9dd4-6c6514f449bf,AP
01a03136-a814-72a9-84fc-e111fd24a36f,68925159,avenida,Avenida Ruy Barbosa,Hospitalidade,324f5453-20fa-4565-9dd4-6c6514f449bf,AP
01a02d5f-a1ef-7d2d-8325-e27bc7dc7a8f,68901281,avenida,Avenida Salgado Filho,Santa Rita,572484b1-1e48-4d7a-8864-2304f1a0f611,AP
01a02d5f-9fc2-78dc-aa82-37e9ec0381f7,68900032,avenida,Avenida Salgado Filho,Central,572484b1-1e48-4d7a-8864-2304f1a0f611,AP
01a03136-65e8-7cf3-b3f6-ac9459d80ff7,68900032,avenida,Avenida Salgado Filho,Central,572484b1-1e48-4d7a-8864-2304f1a0f611,AP
01a03136-693a-75a2-b153-2bac1b1558e2,68901281,avenida,Avenida Salgado Filho,Santa Rita,572484b1-1e48-4d7a-8864-2304f1a0f611,AP
01a02d5f-d822-76b7-bf67-94d4bdff7698,68928396,avenida,Avenida Salmo 23,Fé em Deus,324f5453-20fa-4565-9dd4-6c6514f449bf,AP
01a02d5f-ce18-7a25-a7db-6c45f6c236a9,68928328,avenida,Avenida Salmo 23,Fonte Nova,324f5453-20fa-4565-9dd4-6c6514f449bf,AP
01a03136-b3d9-7753-bc11-8935dca95f11,68928328,avenida,Avenida Salmo 23,Fonte Nova,324f5453-20fa-4565-9dd4-6c6514f449bf,AP
01a03136-c402-76c0-b924-178220c01b74,68928396,avenida,Avenida Salmo 23,Fé em Deus,324f5453-20fa-4565-9dd4-6c6514f449bf,AP
01a02d5f-d822-76b7-bf6a-ce2927d60cd1,68928404,avenida,Avenida Salmo 91,Fé em Deus,324f5453-20fa-4565-9dd4-6c6514f449bf,AP
01a02d5f-ce18-7a25-a7dc-ec2053cd7971,68928331,avenida,Avenida Salmo 91,Fonte Nova,324f5453-20fa-4565-9dd4-6c6514f449bf,AP
01a03136-b3dc-7c2f-a47b-d86ca14e8374,68928331,avenida,Avenida Salmo 91,Fonte Nova,324f5453-20fa-4565-9dd4-6c6514f449bf,AP
01a03136-c40d-721e-8d38-1d823b59f91b,68928404,avenida,Avenida Salmo 91,Fé em Deus,324f5453-20fa-4565-9dd4-6c6514f449bf,AP
01a02d5f-c3dd-7c24-bed2-6c3f5d4f065c,68911005,avenida,Avenida Salvador Diniz,Fazendinha,572484b1-1e48-4d7a-8864-2304f1a0f611,AP
01a03136-a0aa-73e8-9392-77dd4042dd6c,68911005,avenida,Avenida Salvador Diniz,Fazendinha,572484b1-1e48-4d7a-8864-2304f1a0f611,AP
01a02d5f-bdb5-76c2-9f0f-9fc064cc4bc8,68909099,avenida,Avenida Sandoval Almeida Sandin,Jardim Felicidade,572484b1-1e48-4d7a-8864-2304f1a0f611,AP
01a03136-9685-7d1c-a27c-57a483e40444,68909099,avenida,Avenida Sandoval Almeida Sandin,Jardim Felicidade,572484b1-1e48-4d7a-8864-2304f1a0f611,AP
01a02d5f-b13b-7848-915d-d91537c34e07,68906042,avenida,Avenida Santa Catarina,Goiabal,572484b1-1e48-4d7a-8864-2304f1a0f611,AP
01a03136-8211-70eb-9c81-aa74518a8a3d,68906042,avenida,Avenida Santa Catarina,Goiabal,572484b1-1e48-4d7a-8864-2304f1a0f611,AP
01a02d5f-b13c-7126-b1b8-b73effe7d383,68906054,avenida,Avenida Santa Edwiges,Goiabal,572484b1-1e48-4d7a-8864-2304f1a0f611,AP
01a03136-821d-75d9-928c-b191d8a40d1e,68906054,avenida,Avenida Santa Edwiges,Goiabal,572484b1-1e48-4d7a-8864-2304f1a0f611,AP
01a02d5f-b138-7b33-a5c9-0d24e92d82a0,68905623,avenida,Avenida Santa Teresinha,Perpétuo Socorro,572484b1-1e48-4d7a-8864-2304f1a0f611,AP
01a03136-8167-721f-b13b-049f3a2ca516,68905623,avenida,Avenida Santa Teresinha,Perpétuo Socorro,572484b1-1e48-4d7a-8864-2304f1a0f611,AP
01a02d5f-c3df-7f0a-8b80-6d4c6f1b05e9,68911095,avenida,Avenida Santa Terezinha,Fazendinha,572484b1-1e48-4d7a-8864-2304f1a0f611,AP
01a03136-a140-71f1-88c3-3c457e3d51f1,68911095,avenida,Avenida Santa Terezinha,Fazendinha,572484b1-1e48-4d7a-8864-2304f1a0f611,AP
01a02d5f-ce17-788c-9d1a-9fb8f7de2311,68928196,avenida,Avenida Santana,Fonte Nova,324f5453-20fa-4565-9dd4-6c6514f449bf,AP
01a02d5f-cc1d-7ab0-a15d-f696ba1032ac,68928060,avenida,Avenida Santana,Paraíso,324f5453-20fa-4565-9dd4-6c6514f449bf,AP
01a02d5f-c7ea-7bcf-a82d-3d005e298485,68925228,avenida,Avenida Santana,Central,324f5453-20fa-4565-9dd4-6c6514f449bf,AP
01a02d5f-c5ed-74ca-8a4f-3b66f44ed508,68925076,avenida,Avenida Santana,Comercial,324f5453-20fa-4565-9dd4-6c6514f449bf,AP
01a03136-a55f-739a-98ae-ed7db8a42b88,68925076,avenida,Avenida Santana,Comercial,324f5453-20fa-4565-9dd4-6c6514f449bf,AP
01a03136-a866-739d-a405-9e3723080be7,68925228,avenida,Avenida Santana,Central,324f5453-20fa-4565-9dd4-6c6514f449bf,AP
01a03136-b2b5-7432-b932-271ac6533262,68928060,avenida,Avenida Santana,Paraíso,324f5453-20fa-4565-9dd4-6c6514f449bf,AP
01a03136-b345-7c9a-be1f-8542984c1a97,68928196,avenida,Avenida Santana,Fonte Nova,324f5453-20fa-4565-9dd4-6c6514f449bf,AP
01a02d5f-c7eb-7d57-aa4a-9eadea108dda,68925974,avenida,Avenida Santana 002,Central,324f5453-20fa-4565-9dd4-6c6514f449bf,AP
01a03136-a8d3-7888-bb1e-5c172a54e39e,68925974,avenida,Avenida Santana 002,Central,324f5453-20fa-4565-9dd4-6c6514f449bf,AP
01a02d5f-bfdc-7fcc-b95b-17f3829fdc9b,68909536,avenida,Avenida Santo Antônio,Boné Azul,572484b1-1e48-4d7a-8864-2304f1a0f611,AP
01a02d5f-b13c-79f2-b1c4-753a4a1cf56f,68906082,avenida,Avenida Santo Antônio,Goiabal,572484b1-1e48-4d7a-8864-2304f1a0f611,AP
01a03136-842d-7d24-8294-a7dfd35f6747,68906082,avenida,Avenida Santo Antônio,Goiabal,572484b1-1e48-4d7a-8864-2304f1a0f611,AP
01a03136-9a88-7291-bf3a-6f6fca65a049,68909536,avenida,Avenida Santo Antônio,Boné Azul,572484b1-1e48-4d7a-8864-2304f1a0f611,AP
01a02d5f-d209-778e-a2d9-0f6d0d5c5df5,68911479,avenida,Avenida Sapucaia,Muruci (Fazendinha),572484b1-1e48-4d7a-8864-2304f1a0f611,AP
01a02d5f-d629-7f5c-be36-588bb93c47d0,68907192,avenida,Avenida Sapucaia,Renascer,572484b1-1e48-4d7a-8864-2304f1a0f611,AP
01a03136-ba7f-7175-84f7-0444a6be060d,68911479,avenida,Avenida Sapucaia,Muruci (Fazendinha),572484b1-1e48-4d7a-8864-2304f1a0f611,AP
01a03136-c06a-7c6e-87b2-4750790b17d2,68907192,avenida,Avenida Sapucaia,Renascer,572484b1-1e48-4d7a-8864-2304f1a0f611,AP
01a02d5f-a879-70e4-8746-c9e6c0d7867a,68903386,avenida,Avenida Saturno,Jardim Marco Zero,572484b1-1e48-4d7a-8864-2304f1a0f611,AP
01a03136-75e5-7a4d-b25f-c4f11e7ab84d,68903386,avenida,Avenida Saturno,Jardim Marco Zero,572484b1-1e48-4d7a-8864-2304f1a0f611,AP
01a02d5f-acd6-7ea4-8952-af1388eec372,68904033,avenida,Avenida Saúde Pimentel Canto,Novo Buritizal,572484b1-1e48-4d7a-8864-2304f1a0f611,AP
01a03136-7a04-7f5c-aeb7-f162de4dea32,68904033,avenida,Avenida Saúde Pimentel Canto,Novo Buritizal,572484b1-1e48-4d7a-8864-2304f1a0f611,AP
01a02d5f-c1d9-76d0-b0d6-73b825fe1694,68909815,avenida,Avenida Sebastião Lamarão,Novo Horizonte,572484b1-1e48-4d7a-8864-2304f1a0f611,AP
01a03136-9d7d-7a3e-bb4c-df281e490be0,68909815,avenida,Avenida Sebastião Lamarão,Novo Horizonte,572484b1-1e48-4d7a-8864-2304f1a0f611,AP
01a02d5f-d62b-78d9-b471-19a90bd53862,68909056,avenida,Avenida Sebastião Queiroz Alcântara,Jardim Felicidade,572484b1-1e48-4d7a-8864-2304f1a0f611,AP
01a02d5f-d821-7dff-997e-7d751f8e7eda,68909795,avenida,Avenida Sebastião Queiroz Alcântara,Novo Horizonte,572484b1-1e48-4d7a-8864-2304f1a0f611,AP
01a03136-c0c7-7bb8-be5d-bf9c910fed19,68909056,avenida,Avenida Sebastião Queiroz Alcântara,Jardim Felicidade,572484b1-1e48-4d7a-8864-2304f1a0f611,AP
01a03136-c3a3-7c5e-a679-9111507fda66,68909795,avenida,Avenida Sebastião Queiroz Alcântara,Novo Horizonte,572484b1-1e48-4d7a-8864-2304f1a0f611,AP
01a02d5f-b36f-7ba9-a065-084929540574,68906851,avenida,Avenida Segunda,Cabralzinho,572484b1-1e48-4d7a-8864-2304f1a0f611,AP
01a02d5f-b597-7be8-ae0c-9d74b05b91ed,68906880,avenida,Avenida Segunda,Cabralzinho,572484b1-1e48-4d7a-8864-2304f1a0f611,AP
01a02d5f-c1dc-71b4-bdac-509560e00fc7,68909875,avenida,Avenida Segunda,Marabaixo,572484b1-1e48-4d7a-8864-2304f1a0f611,AP
01a02d5f-b138-7b33-a5c3-f933245b3a29,68905600,avenida,Avenida Segunda,Perpétuo Socorro,572484b1-1e48-4d7a-8864-2304f1a0f611,AP
01a02d5f-acd5-7d26-8916-5e3a5cf3f65d,68903875,avenida,Avenida Segunda,Araxá,572484b1-1e48-4d7a-8864-2304f1a0f611,AP
01a03136-79b0-7513-a8fb-f14a159d7b06,68903875,avenida,Avenida Segunda,Araxá,572484b1-1e48-4d7a-8864-2304f1a0f611,AP
01a03136-8153-7297-8eba-b67fdc55416a,68905600,avenida,Avenida Segunda,Perpétuo Socorro,572484b1-1e48-4d7a-8864-2304f1a0f611,AP
01a03136-8793-7762-a943-6a08f5c80c2e,68906851,avenida,Avenida Segunda,Cabralzinho,572484b1-1e48-4d7a-8864-2304f1a0f611,AP
01a03136-87c9-77bc-8a9d-6305897d769c,68906880,avenida,Avenida Segunda,Cabralzinho,572484b1-1e48-4d7a-8864-2304f1a0f611,AP
01a03136-a050-7c3c-8978-16925688fa36,68909875,avenida,Avenida Segunda,Marabaixo,572484b1-1e48-4d7a-8864-2304f1a0f611,AP
01a02d5f-a646-7bae-8953-9dacac31753b,68903128,avenida,Avenida Segunda das Oliveira,Pedrinhas,572484b1-1e48-4d7a-8864-2304f1a0f611,AP
01a03136-7275-78a5-9c6b-7b952551a177,68903128,avenida,Avenida Segunda das Oliveira,Pedrinhas,572484b1-1e48-4d7a-8864-2304f1a0f611,AP
01a02d5f-acd6-7ea4-8953-f2e3fecec72e,68904034,avenida,Avenida Segunda de Moraes,Novo Buritizal,572484b1-1e48-4d7a-8864-2304f1a0f611,AP
01a03136-7a08-7aa3-ae03-fa57bbe2b2e9,68904034,avenida,Avenida Segunda de Moraes,Novo Buritizal,572484b1-1e48-4d7a-8864-2304f1a0f611,AP
01a02d5f-a41e-7ef5-b8a1-c123548160b7,68902016,avenida,Avenida Seis de Setembro,Beirol,572484b1-1e48-4d7a-8864-2304f1a0f611,AP
01a02d5f-a41d-7bad-976e-5e8f9e3344ab,68901520,avenida,Avenida Seis de Setembro,Santa Inês,572484b1-1e48-4d7a-8864-2304f1a0f611,AP
01a03136-6be9-744f-ac72-678f21ea841a,68901520,avenida,Avenida Seis de Setembro,Santa Inês,572484b1-1e48-4d7a-8864-2304f1a0f611,AP
01a03136-6c77-77f4-8681-facb8e4e0ce8,68902016,avenida,Avenida Seis de Setembro,Beirol,572484b1-1e48-4d7a-8864-2304f1a0f611,AP
01a02d5f-b36f-72ee-a054-e6ef1d25c936,68906833,avenida,Avenida Sem Denominação 01,Cabralzinho,572484b1-1e48-4d7a-8864-2304f1a0f611,AP
01a03136-854c-78c5-8d03-d48bd759f520,68906833,avenida,Avenida Sem Denominação 01,Cabralzinho,572484b1-1e48-4d7a-8864-2304f1a0f611,AP
01a02d5f-c1d7-746c-9159-90b7826145c0,68909697,avenida,Avenida Sem Denominação Vinte,Lagoa Azul,572484b1-1e48-4d7a-8864-2304f1a0f611,AP
01a03136-9cf9-7903-881c-a0b2e97265d8,68909697,avenida,Avenida Sem Denominação Vinte,Lagoa Azul,572484b1-1e48-4d7a-8864-2304f1a0f611,AP
01a02d5f-b9ae-77bd-9b79-8c2bc8957268,68908310,avenida,Avenida Sergipe,Pacoval,572484b1-1e48-4d7a-8864-2304f1a0f611,AP
01a03136-8f0f-7286-a03a-cbfac460f2c1,68908310,avenida,Avenida Sergipe,Pacoval,572484b1-1e48-4d7a-8864-2304f1a0f611,AP
01a02d5f-d62b-78d9-b46e-7d304d77fb0e,68908972,avenida,Avenida Sergipe 88 Galpão 376,Pacoval,572484b1-1e48-4d7a-8864-2304f1a0f611,AP
01a03136-c0be-752b-8f42-13fbb3987abc,68908972,avenida,Avenida Sergipe 88 Galpão 376,Pacoval,572484b1-1e48-4d7a-8864-2304f1a0f611,AP
01a02d5f-bfdb-76eb-934a-c4172c7f8e3f,68909332,avenida,Avenida Seringal,Brasil Novo,572484b1-1e48-4d7a-8864-2304f1a0f611,AP
01a03136-99a6-738e-9d2b-b2973ada7276,68909332,avenida,Avenida Seringal,Brasil Novo,572484b1-1e48-4d7a-8864-2304f1a0f611,AP
01a02d5f-ce17-788c-9d17-8c147caa5ec9,68928187,avenida,Avenida Sete de Setembro,Fonte Nova,324f5453-20fa-4565-9dd4-6c6514f449bf,AP
01a02d5f-cc1d-7ab0-a15b-cbf4249aed14,68928054,avenida,Avenida Sete de Setembro,Paraíso,324f5453-20fa-4565-9dd4-6c6514f449bf,AP
01a03136-b2ae-7fb2-992b-640bd407963f,68928054,avenida,Avenida Sete de Setembro,Paraíso,324f5453-20fa-4565-9dd4-6c6514f449bf,AP
01a03136-b33b-75f9-88b8-e56330dda941,68928187,avenida,Avenida Sete de Setembro,Fonte Nova,324f5453-20fa-4565-9dd4-6c6514f449bf,AP
01a02d5f-bdb4-7573-a279-e6b560bb932a,68909012,avenida,Avenida Severino Gomes de Almeida,Novo Horizonte,572484b1-1e48-4d7a-8864-2304f1a0f611,AP
01a02d5f-bfdc-7fcc-b963-2573410d64d0,68909547,avenida,Avenida Severino Gomes de Almeida,Boné Azul,572484b1-1e48-4d7a-8864-2304f1a0f611,AP
01a02d5f-c1d9-7f6a-b0e8-e5adbce25d48,68909833,avenida,Avenida Severino Gomes de Almeida,Jardim Felicidade,572484b1-1e48-4d7a-8864-2304f1a0f611,AP
01a03136-95d3-7ab8-9102-1128733965be,68909012,avenida,Avenida Severino Gomes de Almeida,Novo Horizonte,572484b1-1e48-4d7a-8864-2304f1a0f611,AP
01a03136-9cd2-7a31-abee-7d748d302922,68909547,avenida,Avenida Severino Gomes de Almeida,Boné Azul,572484b1-1e48-4d7a-8864-2304f1a0f611,AP
01a03136-9db5-7a19-ae95-db3600f246cd,68909833,avenida,Avenida Severino Gomes de Almeida,Jardim Felicidade,572484b1-1e48-4d7a-8864-2304f1a0f611,AP
01a02d5f-b36f-7ba9-a06f-2e87017a8cd0,68906861,avenida,Avenida Sexta,Cabralzinho,572484b1-1e48-4d7a-8864-2304f1a0f611,AP
01a02d5f-c1da-77da-ae59-2aad138d1fd8,68909842,avenida,Avenida Sexta,Marabaixo,572484b1-1e48-4d7a-8864-2304f1a0f611,AP
01a02d5f-c5ea-79ec-95e2-976ea099b46f,68911375,avenida,Avenida Sexta,Muruci (Fazendinha),572484b1-1e48-4d7a-8864-2304f1a0f611,AP
01a02d5f-aaac-7c36-ba63-8409c5d9e53b,68903852,avenida,Avenida Sexta,Araxá,572484b1-1e48-4d7a-8864-2304f1a0f611,AP
01a03136-796a-75ba-92d8-5cfcd9b1074e,68903852,avenida,Avenida Sexta,Araxá,572484b1-1e48-4d7a-8864-2304f1a0f611,AP
01a03136-87b9-7f12-b9fd-f68a284268be,68906861,avenida,Avenida Sexta,Cabralzinho,572484b1-1e48-4d7a-8864-2304f1a0f611,AP
01a03136-9dcc-7512-b7d6-c36931f7b649,68909842,avenida,Avenida Sexta,Marabaixo,572484b1-1e48-4d7a-8864-2304f1a0f611,AP
01a03136-a444-7322-9618-7d228b59d532,68911375,avenida,Avenida Sexta,Muruci (Fazendinha),572484b1-1e48-4d7a-8864-2304f1a0f611,AP
01a02d5f-c5ec-7383-867c-e4faf0223df0,68925004,avenida,Avenida Shallon,Comercial,324f5453-20fa-4565-9dd4-6c6514f449bf,AP
01a03136-a4f4-7b97-b580-3770f85f50d3,68925004,avenida,Avenida Shallon,Comercial,324f5453-20fa-4565-9dd4-6c6514f449bf,AP
01a02d5f-b598-7d36-bf06-6b842d7510b2,68907302,avenida,Avenida Simplício Caridade,Pantanal,572484b1-1e48-4d7a-8864-2304f1a0f611,AP
01a03136-88ac-735d-8356-1f102a16e6e2,68907302,avenida,Avenida Simplício Caridade,Pantanal,572484b1-1e48-4d7a-8864-2304f1a0f611,AP
01a02d5f-d00b-7b53-b186-4a55d91db146,68906300,avenida,Avenida Sol Nascente,Marabaixo,572484b1-1e48-4d7a-8864-2304f1a0f611,AP
01a03136-b713-7030-a41f-b66cfb266ad9,68906300,avenida,Avenida Sol Nascente,Marabaixo,572484b1-1e48-4d7a-8864-2304f1a0f611,AP
01a02d5f-b598-7469-bee5-e3eb0a7170c3,68907060,avenida,Avenida Solidários,Renascer,572484b1-1e48-4d7a-8864-2304f1a0f611,AP
01a03136-8835-7e41-b16b-225fd1427493,68907060,avenida,Avenida Solidários,Renascer,572484b1-1e48-4d7a-8864-2304f1a0f611,AP
01a02d5f-c5ec-7383-867b-d1eab399a09b,68925001,avenida,Avenida Souza Mar,Comercial,324f5453-20fa-4565-9dd4-6c6514f449bf,AP
01a03136-a4ed-7960-a758-54dc08196859,68925001,avenida,Avenida Souza Mar,Comercial,324f5453-20fa-4565-9dd4-6c6514f449bf,AP
01a02d5f-a647-74b0-839d-0757e2c2075e,68903193,avenida,Avenida Stephan Houat,Jardim Marco Zero,572484b1-1e48-4d7a-8864-2304f1a0f611,AP
01a03136-72b4-74fb-a4a5-1ff2d0b27e23,68903193,avenida,Avenida Stephan Houat,Jardim Marco Zero,572484b1-1e48-4d7a-8864-2304f1a0f611,AP
01a02d5f-c3df-7f0a-8b83-21c2e5cd3d16,68911115,avenida,Avenida Sábino Nobre Borges,Fazendinha,572484b1-1e48-4d7a-8864-2304f1a0f611,AP
01a03136-a148-7e28-8951-15fbde8414f1,68911115,avenida,Avenida Sábino Nobre Borges,Fazendinha,572484b1-1e48-4d7a-8864-2304f1a0f611,AP
01a02d5f-b9ae-77bd-9b74-3c38308a9701,68908285,avenida,Avenida São Benedito,Pacoval,572484b1-1e48-4d7a-8864-2304f1a0f611,AP
01a02d5f-b13c-7126-b1b7-ad600c55e156,68906051,avenida,Avenida São Benedito,Goiabal,572484b1-1e48-4d7a-8864-2304f1a0f611,AP
01a03136-821a-77d0-b87b-9a4e2995e3c0,68906051,avenida,Avenida São Benedito,Goiabal,572484b1-1e48-4d7a-8864-2304f1a0f611,AP
01a03136-8efc-7efa-b778-4b4c65065454,68908285,avenida,Avenida São Benedito,Pacoval,572484b1-1e48-4d7a-8864-2304f1a0f611,AP
01a02d5f-d209-778e-a2d8-b329174add76,68911478,avenida,Avenida São Francisco,Muruci (Fazendinha),572484b1-1e48-4d7a-8864-2304f1a0f611,AP
01a03136-ba7c-75f0-a6f7-b5dfe056004e,68911478,avenida,Avenida São Francisco,Muruci (Fazendinha),572484b1-1e48-4d7a-8864-2304f1a0f611,AP
01a02d5f-a645-716e-9cbd-a50aad393224,68902680,avenida,Avenida São Januário,Muca,572484b1-1e48-4d7a-8864-2304f1a0f611,AP
01a03136-6f73-7217-9d51-2300081bd534,68902680,avenida,Avenida São Januário,Muca,572484b1-1e48-4d7a-8864-2304f1a0f611,AP
01a02d5f-bdb4-7e21-a294-34cafcccc887,68909049,avenida,Avenida São Joaquim,Jardim Felicidade,572484b1-1e48-4d7a-8864-2304f1a0f611,AP
01a03136-9638-7358-9a39-a23252478cf6,68909049,avenida,Avenida São Joaquim,Jardim Felicidade,572484b1-1e48-4d7a-8864-2304f1a0f611,AP
01a02d5f-bfdc-7fcc-b95c-e8942d3fef7e,68909537,avenida,Avenida São João,Boné Azul,572484b1-1e48-4d7a-8864-2304f1a0f611,AP
01a02d5f-b36d-783b-919c-08584f9b21ee,68906522,avenida,Avenida São João,Marabaixo,572484b1-1e48-4d7a-8864-2304f1a0f611,AP
01a03136-8471-7846-b1b6-59eab1001bd6,68906522,avenida,Avenida São João,Marabaixo,572484b1-1e48-4d7a-8864-2304f1a0f611,AP
01a03136-9a8c-710d-ac3c-c0edf3518933,68909537,avenida,Avenida São João,Boné Azul,572484b1-1e48-4d7a-8864-2304f1a0f611,AP
01a02d5f-d009-70b5-a5fe-36d3096d8897,68929568,avenida,Avenida São João Apóstolo,Distrito Industrial,324f5453-20fa-4565-9dd4-6c6514f449bf,AP
01a02d5f-ce18-7a25-a7dd-458cedfde94d,68928334,avenida,Avenida São João Apóstolo,Fonte Nova,324f5453-20fa-4565-9dd4-6c6514f449bf,AP
01a02d5f-ce16-7fd0-a081-7c4e555f07bb,68928075,avenida,Avenida São João Apóstolo,Paraíso,324f5453-20fa-4565-9dd4-6c6514f449bf,AP
01a02d5f-c7eb-7488-aa30-fc143fe54c6f,68925243,avenida,Avenida São João Apóstolo,Central,324f5453-20fa-4565-9dd4-6c6514f449bf,AP
01a03136-a878-7788-a589-efeb6000ecaf,68925243,avenida,Avenida São João Apóstolo,Central,324f5453-20fa-4565-9dd4-6c6514f449bf,AP
01a03136-b2c7-71df-b21b-c8ff13d2f40f,68928075,avenida,Avenida São João Apóstolo,Paraíso,324f5453-20fa-4565-9dd4-6c6514f449bf,AP
01a03136-b3e0-7119-ab0e-ddb42afbaa01,68928334,avenida,Avenida São João Apóstolo,Fonte Nova,324f5453-20fa-4565-9dd4-6c6514f449bf,AP
01a03136-b62e-7087-82a4-f3c96a0c67e2,68929568,avenida,Avenida São João Apóstolo,Distrito Industrial,324f5453-20fa-4565-9dd4-6c6514f449bf,AP
01a02d5f-b36d-783b-919b-d361c8b82a75,68906521,avenida,Avenida São Lázaro,Marabaixo,572484b1-1e48-4d7a-8864-2304f1a0f611,AP
01a03136-846e-72c9-82b6-c96c190487f7,68906521,avenida,Avenida São Lázaro,Marabaixo,572484b1-1e48-4d7a-8864-2304f1a0f611,AP
01a02d5f-d00b-7b53-b18a-08df62a43cb9,68906305,avenida,Avenida São Paulo,Marabaixo,572484b1-1e48-4d7a-8864-2304f1a0f611,AP
01a03136-b720-79f3-b625-bf1996fd54a8,68906305,avenida,Avenida São Paulo,Marabaixo,572484b1-1e48-4d7a-8864-2304f1a0f611,AP
01a02d5f-d009-70b5-a5fd-e64cd2042fef,68929564,avenida,Avenida São Paulo Apóstolo,Distrito Industrial,324f5453-20fa-4565-9dd4-6c6514f449bf,AP
01a02d5f-ce18-7189-a7bb-bd186bc6575a,68928232,avenida,Avenida São Paulo Apóstolo,Fonte Nova,324f5453-20fa-4565-9dd4-6c6514f449bf,AP
01a02d5f-cc1d-7ab0-a15e-abce1e92550f,68928063,avenida,Avenida São Paulo Apóstolo,Paraíso,324f5453-20fa-4565-9dd4-6c6514f449bf,AP
01a02d5f-c7eb-7488-aa2f-b8b5ef44347b,68925240,avenida,Avenida São Paulo Apóstolo,Central,324f5453-20fa-4565-9dd4-6c6514f449bf,AP
01a03136-a875-7203-ac3d-f18a977b7e80,68925240,avenida,Avenida São Paulo Apóstolo,Central,324f5453-20fa-4565-9dd4-6c6514f449bf,AP
01a03136-b2b8-79c2-a63d-3e1ff9bc1d27,68928063,avenida,Avenida São Paulo Apóstolo,Paraíso,324f5453-20fa-4565-9dd4-6c6514f449bf,AP
01a03136-b36d-719e-aeba-3ab20dce27a3,68928232,avenida,Avenida São Paulo Apóstolo,Fonte Nova,324f5453-20fa-4565-9dd4-6c6514f449bf,AP
01a03136-b62a-797a-ae82-4c11d49f0b78,68929564,avenida,Avenida São Paulo Apóstolo,Distrito Industrial,324f5453-20fa-4565-9dd4-6c6514f449bf,AP
01a02d5f-bfdc-7fcc-b95a-21c9696bbea9,68909535,avenida,Avenida São Pedro,Boné Azul,572484b1-1e48-4d7a-8864-2304f1a0f611,AP
01a03136-9a84-74a6-9c91-70bd4e9b7223,68909535,avenida,Avenida São Pedro,Boné Azul,572484b1-1e48-4d7a-8864-2304f1a0f611,AP
01a02d5f-c5ec-7383-8677-09d81dade5f7,68918970,avenida,Avenida São Pedro 649,Centro,77abf04e-62ee-447e-a405-80a89881bc16,AP
01a03136-a4d5-764b-993f-0d502f7d152b,68918970,avenida,Avenida São Pedro 649,Centro,77abf04e-62ee-447e-a405-80a89881bc16,AP
01a02d5f-bfdc-7fcc-b959-408ef7d00fd0,68909534,avenida,Avenida São Sebastião,Boné Azul,572484b1-1e48-4d7a-8864-2304f1a0f611,AP
01a02d5f-b36d-783b-919d-535ea561c7ea,68906523,avenida,Avenida São Sebastião,Marabaixo,572484b1-1e48-4d7a-8864-2304f1a0f611,AP
01a03136-8475-75e3-8cb7-9aaf75f2c823,68906523,avenida,Avenida São Sebastião,Marabaixo,572484b1-1e48-4d7a-8864-2304f1a0f611,AP
01a03136-9a7f-7cac-95a0-c8b4a9e8e836,68909534,avenida,Avenida São Sebastião,Boné Azul,572484b1-1e48-4d7a-8864-2304f1a0f611,AP
01a02d5f-b597-7be8-ae0d-7731d140b410,68906885,avenida,Avenida Sétima,Cabralzinho,572484b1-1e48-4d7a-8864-2304f1a0f611,AP
01a02d5f-c1da-77da-ae5a-e3d8c22c6743,68909843,avenida,Avenida Sétima,Marabaixo,572484b1-1e48-4d7a-8864-2304f1a0f611,AP
01a02d5f-aaac-7c36-ba64-4195867e8797,68903853,avenida,Avenida Sétima,Araxá,572484b1-1e48-4d7a-8864-2304f1a0f611,AP
01a03136-796d-79ba-828d-f34e7efda5b7,68903853,avenida,Avenida Sétima,Araxá,572484b1-1e48-4d7a-8864-2304f1a0f611,AP
01a03136-87cd-74ea-b845-54c80622bafe,68906885,avenida,Avenida Sétima,Cabralzinho,572484b1-1e48-4d7a-8864-2304f1a0f611,AP
01a03136-9dcf-70de-a50c-5170e81aee66,68909843,avenida,Avenida Sétima,Marabaixo,572484b1-1e48-4d7a-8864-2304f1a0f611,AP
01a02d5f-d209-778e-a2e7-a9c0c47e6bf2,68906126,avenida,Avenida Tailândia,Cabralzinho,572484b1-1e48-4d7a-8864-2304f1a0f611,AP
01a03136-bca6-7e5e-980a-7582a59d41da,68906126,avenida,Avenida Tailândia,Cabralzinho,572484b1-1e48-4d7a-8864-2304f1a0f611,AP
01a02d5f-acd8-78e3-aa77-426a74cb4d73,68904365,avenida,Avenida Telemaco Mira Martins,Congós,572484b1-1e48-4d7a-8864-2304f1a0f611,AP
01a03136-7cde-72ac-97fb-c00bff395d23,68904365,avenida,Avenida Telemaco Mira Martins,Congós,572484b1-1e48-4d7a-8864-2304f1a0f611,AP
01a02d5f-aaab-7afa-bdca-5aaf0d4f02a1,68903770,avenida,Avenida Tenente Amaral,Zerão,572484b1-1e48-4d7a-8864-2304f1a0f611,AP
01a03136-7707-726d-815f-570d3bef3596,68903770,avenida,Avenida Tenente Amaral,Zerão,572484b1-1e48-4d7a-8864-2304f1a0f611,AP
01a02d5f-af08-7f4d-bc2e-d174ff6d95e0,68905517,avenida,Avenida Terceira,Perpétuo Socorro,572484b1-1e48-4d7a-8864-2304f1a0f611,AP
01a02d5f-b36f-7ba9-a06b-25a1732827ab,68906857,avenida,Avenida Terceira,Cabralzinho,572484b1-1e48-4d7a-8864-2304f1a0f611,AP
01a02d5f-b597-7be8-ae0e-6ae267a834c9,68906890,avenida,Avenida Terceira,Cabralzinho,572484b1-1e48-4d7a-8864-2304f1a0f611,AP
01a02d5f-c3dc-7a77-a50b-726931c3c45e,68909885,avenida,Avenida Terceira,Marabaixo,572484b1-1e48-4d7a-8864-2304f1a0f611,AP
01a02d5f-b36f-7ba9-a066-821b4850414f,68906852,avenida,Avenida Terceira,Cabralzinho,572484b1-1e48-4d7a-8864-2304f1a0f611,AP
01a02d5f-acd6-7612-893d-1b32a0f931a3,68903880,avenida,Avenida Terceira,Araxá,572484b1-1e48-4d7a-8864-2304f1a0f611,AP
01a03136-79c0-7a97-87bb-32d5200f52a5,68903880,avenida,Avenida Terceira,Araxá,572484b1-1e48-4d7a-8864-2304f1a0f611,AP
01a03136-811c-76fb-8161-56c7999c8454,68905517,avenida,Avenida Terceira,Perpétuo Socorro,572484b1-1e48-4d7a-8864-2304f1a0f611,AP
01a03136-8797-74e3-8526-d8bcfa1e2646,68906852,avenida,Avenida Terceira,Cabralzinho,572484b1-1e48-4d7a-8864-2304f1a0f611,AP
01a03136-87aa-799c-bedd-caeb795e659f,68906857,avenida,Avenida Terceira,Cabralzinho,572484b1-1e48-4d7a-8864-2304f1a0f611,AP
01a03136-87d2-76f1-8552-1c3e083b308a,68906890,avenida,Avenida Terceira,Cabralzinho,572484b1-1e48-4d7a-8864-2304f1a0f611,AP
01a03136-a06e-7dde-b2e3-42ddedb65b90,68909885,avenida,Avenida Terceira,Marabaixo,572484b1-1e48-4d7a-8864-2304f1a0f611,AP
01a02d5f-a644-7668-9e0f-65afb20cbd36,68902590,avenida,Avenida Teresa Maciel Tavares,Muca,572484b1-1e48-4d7a-8864-2304f1a0f611,AP
01a03136-6f5f-76ea-b104-8c9a283248ba,68902590,avenida,Avenida Teresa Maciel Tavares,Muca,572484b1-1e48-4d7a-8864-2304f1a0f611,AP
01a02d5f-a41e-7468-b887-4c9db56eb7e8,68901640,avenida,Avenida Tia Anita,Nova Esperança,572484b1-1e48-4d7a-8864-2304f1a0f611,AP
01a03136-6c1e-7687-9219-3545dae47b70,68901640,avenida,Avenida Tia Anita,Nova Esperança,572484b1-1e48-4d7a-8864-2304f1a0f611,AP
01a02d5f-d209-778e-a2db-1cd3aafa7bcb,68927128,avenida,Avenida Tocantinópolis,Provedor I,324f5453-20fa-4565-9dd4-6c6514f449bf,AP
01a02d5f-ca05-76eb-9046-48fc6c3a5147,68927057,avenida,Avenida Tocantinópolis,Remedios,324f5453-20fa-4565-9dd4-6c6514f449bf,AP
01a03136-aca6-7900-9b02-1afe810a6da5,68927057,avenida,Avenida Tocantinópolis,Remedios,324f5453-20fa-4565-9dd4-6c6514f449bf,AP
01a03136-ba87-7f65-a4dd-a4153b073124,68927128,avenida,Avenida Tocantinópolis,Provedor I,324f5453-20fa-4565-9dd4-6c6514f449bf,AP
01a02d5f-af06-723f-9dcf-67805e6356d9,68904731,avenida,Avenida Treze de Julho,Novo Buritizal,572484b1-1e48-4d7a-8864-2304f1a0f611,AP
01a03136-7d6b-7226-8233-b17a9bac69e9,68904731,avenida,Avenida Treze de Julho,Novo Buritizal,572484b1-1e48-4d7a-8864-2304f1a0f611,AP
01a02d5f-a645-716e-9cca-176223d894ee,68902865,avenida,Avenida Treze de Setembro,Buritizal,572484b1-1e48-4d7a-8864-2304f1a0f611,AP
01a02d5f-a1ee-7c0f-9f87-9d94c30cc371,68901112,avenida,Avenida Treze de Setembro,Trem,572484b1-1e48-4d7a-8864-2304f1a0f611,AP
01a02d5f-af06-723f-9dd7-c4fc2df1b74e,68904813,avenida,Avenida Treze de Setembro,Novo Buritizal,572484b1-1e48-4d7a-8864-2304f1a0f611,AP
01a03136-68ee-7996-9b30-ceff9b241525,68901112,avenida,Avenida Treze de Setembro,Trem,572484b1-1e48-4d7a-8864-2304f1a0f611,AP
01a03136-6f9f-7702-9740-f74d91ede562,68902865,avenida,Avenida Treze de Setembro,Buritizal,572484b1-1e48-4d7a-8864-2304f1a0f611,AP
01a03136-7d84-7ce5-8fd6-e5348f1edff2,68904813,avenida,Avenida Treze de Setembro,Novo Buritizal,572484b1-1e48-4d7a-8864-2304f1a0f611,AP
01a02d5f-a645-7a87-9cde-d5f7283b54ce,68902906,avenida,Avenida Treze de Setembro 1971,Buritizal,572484b1-1e48-4d7a-8864-2304f1a0f611,AP
01a03136-6fe2-7446-9e85-bdbabe3d2e0d,68902906,avenida,Avenida Treze de Setembro 1971,Buritizal,572484b1-1e48-4d7a-8864-2304f1a0f611,AP
01a02d5f-af05-707b-86bb-9f11147d06c1,68904400,avenida,Avenida Trinta de Julho,Novo Buritizal,572484b1-1e48-4d7a-8864-2304f1a0f611,AP
01a02d5f-af05-707b-86be-8c7a9bde366d,68904591,avenida,Avenida Trinta de Julho,Novo Buritizal,572484b1-1e48-4d7a-8864-2304f1a0f611,AP
01a03136-7d25-765b-8b5e-277fe882d1ff,68904400,avenida,Avenida Trinta de Julho,Novo Buritizal,572484b1-1e48-4d7a-8864-2304f1a0f611,AP
01a03136-7d2f-7493-b380-687fe9651211,68904591,avenida,Avenida Trinta de Julho,Novo Buritizal,572484b1-1e48-4d7a-8864-2304f1a0f611,AP
01a02d5f-b13d-72b2-934a-71c350a187ee,68906503,avenida,Avenida Três,Marabaixo,572484b1-1e48-4d7a-8864-2304f1a0f611,AP
01a03136-845c-7f93-889b-a93308d81e2b,68906503,avenida,Avenida Três,Marabaixo,572484b1-1e48-4d7a-8864-2304f1a0f611,AP
01a02d5f-c5eb-7b1e-acad-b42738ce51cb,68911455,avenida,Avenida Três de Abril,Muruci (Fazendinha),572484b1-1e48-4d7a-8864-2304f1a0f611,AP
01a03136-a495-76db-a85a-ccaf98916d75,68911455,avenida,Avenida Três de Abril,Muruci (Fazendinha),572484b1-1e48-4d7a-8864-2304f1a0f611,AP
01a02d5f-d62b-7078-b468-6143cb24a209,68908797,avenida,Avenida Tucumã,Infraero,572484b1-1e48-4d7a-8864-2304f1a0f611,AP
01a03136-c0ab-7b36-98fd-ad7ff19c3d6a,68908797,avenida,Avenida Tucumã,Infraero,572484b1-1e48-4d7a-8864-2304f1a0f611,AP
01a02d5f-a645-716e-9cc3-59d9f90cd00e,68902758,avenida,Avenida Tupiniquins,Buritizal,572484b1-1e48-4d7a-8864-2304f1a0f611,AP
01a03136-6f87-7162-885f-dfd3ea7e651b,68902758,avenida,Avenida Tupiniquins,Buritizal,572484b1-1e48-4d7a-8864-2304f1a0f611,AP
01a02d5f-a877-7f38-b952-b3db58a12fa3,68903345,avenida,Avenida Um,Jardim Marco Zero,572484b1-1e48-4d7a-8864-2304f1a0f611,AP
01a02d5f-ce19-72c7-9c58-75daadfb0d66,68929520,avenida,Avenida Um,Distrito Industrial,324f5453-20fa-4565-9dd4-6c6514f449bf,AP
01a03136-7358-7391-9ed9-ce93da5b71a4,68903345,avenida,Avenida Um,Jardim Marco Zero,572484b1-1e48-4d7a-8864-2304f1a0f611,AP
01a03136-b606-7bb9-9915-bfbf0d4c62c5,68929520,avenida,Avenida Um,Distrito Industrial,324f5453-20fa-4565-9dd4-6c6514f449bf,AP
01a02d5f-d417-7405-8bc0-477c253e0e69,68904265,avenida,Avenida Um do Açucena,Novo Buritizal,572484b1-1e48-4d7a-8864-2304f1a0f611,AP
01a03136-bdb1-7145-81ed-3fb8f8624bc1,68904265,avenida,Avenida Um do Açucena,Novo Buritizal,572484b1-1e48-4d7a-8864-2304f1a0f611,AP
01a02d5f-c5ec-7383-8675-77e45c7162cd,68913970,avenida,"Avenida Um, s/n",Bailique,572484b1-1e48-4d7a-8864-2304f1a0f611,AP
01a03136-a4ca-7d12-850d-270e06ec96cd,68913970,avenida,"Avenida Um, s/n",Bailique,572484b1-1e48-4d7a-8864-2304f1a0f611,AP
01a02d5f-bbb5-78d8-9555-0c2434365d77,68908804,avenida,Avenida Uriel Sales Araújo,Infraero,572484b1-1e48-4d7a-8864-2304f1a0f611,AP
01a03136-9253-77df-bc4c-753d9320bbbe,68908804,avenida,Avenida Uriel Sales Araújo,Infraero,572484b1-1e48-4d7a-8864-2304f1a0f611,AP
01a02d5f-d00b-72e2-b180-576fa246d3a7,68906180,avenida,Avenida Uruguai,São José,572484b1-1e48-4d7a-8864-2304f1a0f611,AP
01a02d5f-d00b-7b53-b18e-b466ebf5438a,68906448,avenida,Avenida Uruguai,Marabaixo,572484b1-1e48-4d7a-8864-2304f1a0f611,AP
01a03136-b6ff-72ba-984f-f54a1ad1a18d,68906180,avenida,Avenida Uruguai,São José,572484b1-1e48-4d7a-8864-2304f1a0f611,AP
01a03136-b72f-7037-a506-7dc28935f4f0,68906448,avenida,Avenida Uruguai,Marabaixo,572484b1-1e48-4d7a-8864-2304f1a0f611,AP
01a02d5f-d209-778e-a2d7-470f40739d22,68911477,avenida,Avenida Vale do Itajaí,Muruci (Fazendinha),572484b1-1e48-4d7a-8864-2304f1a0f611,AP
01a03136-ba79-7269-b433-db6ccf59d7c2,68911477,avenida,Avenida Vale do Itajaí,Muruci (Fazendinha),572484b1-1e48-4d7a-8864-2304f1a0f611,AP
01a02d5f-d209-778e-a2d6-bb0f586b98cb,68911476,avenida,Avenida Vale do Rio Doce,Muruci (Fazendinha),572484b1-1e48-4d7a-8864-2304f1a0f611,AP
01a03136-ba76-76e6-842e-501d7ad3d957,68911476,avenida,Avenida Vale do Rio Doce,Muruci (Fazendinha),572484b1-1e48-4d7a-8864-2304f1a0f611,AP
01a02d5f-d00b-7b53-b18b-ea99dedf25de,68906306,avenida,Avenida Vasco da Gama,Marabaixo,572484b1-1e48-4d7a-8864-2304f1a0f611,AP
01a03136-b723-7f95-99c9-33554373fc76,68906306,avenida,Avenida Vasco da Gama,Marabaixo,572484b1-1e48-4d7a-8864-2304f1a0f611,AP
01a02d5f-bdb5-76c2-9f09-8981b6bbd5d2,68909093,avenida,Avenida Veiga Cabral,Jardim Felicidade,572484b1-1e48-4d7a-8864-2304f1a0f611,AP
01a03136-9670-7f9b-b4cf-4cba8a1c1ac0,68909093,avenida,Avenida Veiga Cabral,Jardim Felicidade,572484b1-1e48-4d7a-8864-2304f1a0f611,AP
01a02d5f-b599-761e-a3df-e304b3004ce7,68907304,avenida,Avenida Venina dos Santos Carvalho,Pantanal,572484b1-1e48-4d7a-8864-2304f1a0f611,AP
01a03136-88b3-7543-8a9f-b47563d4e1e6,68907304,avenida,Avenida Venina dos Santos Carvalho,Pantanal,572484b1-1e48-4d7a-8864-2304f1a0f611,AP
01a02d5f-a879-70e4-8742-e191b836f72f,68903382,avenida,Avenida Venus,Jardim Marco Zero,572484b1-1e48-4d7a-8864-2304f1a0f611,AP
01a03136-75d7-73b0-8923-21d376e1caf9,68903382,avenida,Avenida Venus,Jardim Marco Zero,572484b1-1e48-4d7a-8864-2304f1a0f611,AP
01a02d5f-d00c-7cb1-b84d-091a886d2cd8,68906462,avenida,Avenida Verde,Marabaixo,572484b1-1e48-4d7a-8864-2304f1a0f611,AP
01a02d5f-d628-7e94-a131-7ca86cca97c4,68906505,avenida,Avenida Verde,Marabaixo,572484b1-1e48-4d7a-8864-2304f1a0f611,AP
01a03136-b75b-7302-aebe-4f2873c8a044,68906462,avenida,Avenida Verde,Marabaixo,572484b1-1e48-4d7a-8864-2304f1a0f611,AP
01a03136-c024-7092-870a-d8b980b82cde,68906505,avenida,Avenida Verde,Marabaixo,572484b1-1e48-4d7a-8864-2304f1a0f611,AP
01a02d5f-a1f0-759f-a32c-d2d245bcb91e,68901345,avenida,Avenida Vereador Orlando Pinto,Santa Rita,572484b1-1e48-4d7a-8864-2304f1a0f611,AP
01a03136-6b89-7f64-a7b7-7b61b9004acd,68901345,avenida,Avenida Vereador Orlando Pinto,Santa Rita,572484b1-1e48-4d7a-8864-2304f1a0f611,AP
01a02d5f-c3e0-77a9-86ca-83b1ad78bcab,68911130,avenida,Avenida Vicente Brandão,Fazendinha,572484b1-1e48-4d7a-8864-2304f1a0f611,AP
01a03136-a16b-786f-853d-992b95190654,68911130,avenida,Avenida Vicente Brandão,Fazendinha,572484b1-1e48-4d7a-8864-2304f1a0f611,AP
01a02d5f-a877-7f38-b93d-2062e3cd99fc,68903257,avenida,Avenida Vicente Duarte,Jardim Marco Zero,572484b1-1e48-4d7a-8864-2304f1a0f611,AP
01a03136-730d-781f-96a4-f23e5a91f5f7,68903257,avenida,Avenida Vicente Duarte,Jardim Marco Zero,572484b1-1e48-4d7a-8864-2304f1a0f611,AP
01a02d5f-acd8-7013-aa70-4bbef444fd8f,68904331,avenida,Avenida Vigésima Quarta,Congós,572484b1-1e48-4d7a-8864-2304f1a0f611,AP
01a03136-7cc7-762b-97b2-9adc4ac6c82f,68904331,avenida,Avenida Vigésima Quarta,Congós,572484b1-1e48-4d7a-8864-2304f1a0f611,AP
01a02d5f-a646-7bae-8951-77ab560d9b08,68903126,avenida,Avenida Vila dos Oliveiras,Pedrinhas,572484b1-1e48-4d7a-8864-2304f1a0f611,AP
01a03136-726e-7fe6-9576-7c6659e52c87,68903126,avenida,Avenida Vila dos Oliveiras,Pedrinhas,572484b1-1e48-4d7a-8864-2304f1a0f611,AP
01a02d5f-af05-793a-86cd-c1c77626e84c,68904715,avenida,Avenida Vinte de Julho,Novo Buritizal,572484b1-1e48-4d7a-8864-2304f1a0f611,AP
01a03136-7d60-783e-9cc4-d53baf8421ec,68904715,avenida,Avenida Vinte de Julho,Novo Buritizal,572484b1-1e48-4d7a-8864-2304f1a0f611,AP
01a02d5f-af05-793a-86c4-b43250528c44,68904640,avenida,Avenida Vinte e Cinco de Julho,Novo Buritizal,572484b1-1e48-4d7a-8864-2304f1a0f611,AP
01a03136-7d43-7726-b1a4-f70967cd1e18,68904640,avenida,Avenida Vinte e Cinco de Julho,Novo Buritizal,572484b1-1e48-4d7a-8864-2304f1a0f611,AP
01a02d5f-af05-793a-86c8-ec1a823bb34c,68904670,avenida,Avenida Vinte e Dois de Julho,Novo Buritizal,572484b1-1e48-4d7a-8864-2304f1a0f611,AP
01a03136-7d50-7911-8736-4ba4f2abe1b8,68904670,avenida,Avenida Vinte e Dois de Julho,Novo Buritizal,572484b1-1e48-4d7a-8864-2304f1a0f611,AP
01a02d5f-d208-7ee0-9f27-5bad930e3ad0,68911471,avenida,Avenida Vinte e Dois de Novembro,Muruci (Fazendinha),572484b1-1e48-4d7a-8864-2304f1a0f611,AP
01a03136-ba67-7524-9f20-6c07baa7e47c,68911471,avenida,Avenida Vinte e Dois de Novembro,Muruci (Fazendinha),572484b1-1e48-4d7a-8864-2304f1a0f611,AP
01a02d5f-af05-707b-86c0-7d00642685b3,68904600,avenida,Avenida Vinte e Nove de Julho,Novo Buritizal,572484b1-1e48-4d7a-8864-2304f1a0f611,AP
01a03136-7d35-7e5f-a175-8389bf0045b4,68904600,avenida,Avenida Vinte e Nove de Julho,Novo Buritizal,572484b1-1e48-4d7a-8864-2304f1a0f611,AP
01a02d5f-acd8-7013-aa6b-a28862bbc878,68904325,avenida,Avenida Vinte e Oito de Julho,Novo Buritizal,572484b1-1e48-4d7a-8864-2304f1a0f611,AP
01a03136-7cb5-7f97-81bf-063b037601d2,68904325,avenida,Avenida Vinte e Oito de Julho,Novo Buritizal,572484b1-1e48-4d7a-8864-2304f1a0f611,AP
01a02d5f-af05-793a-86c5-22e4c27a0ccb,68904650,avenida,Avenida Vinte e Quatro de Julho,Novo Buritizal,572484b1-1e48-4d7a-8864-2304f1a0f611,AP
01a03136-7d46-7bdb-8bb1-a09387e0ba69,68904650,avenida,Avenida Vinte e Quatro de Julho,Novo Buritizal,572484b1-1e48-4d7a-8864-2304f1a0f611,AP
01a02d5f-af05-793a-86c3-ed496cc98b6b,68904630,avenida,Avenida Vinte e Seis de Julho,Novo Buritizal,572484b1-1e48-4d7a-8864-2304f1a0f611,AP
01a03136-7d40-7b62-9dac-21b8ad92257c,68904630,avenida,Avenida Vinte e Seis de Julho,Novo Buritizal,572484b1-1e48-4d7a-8864-2304f1a0f611,AP
01a02d5f-af05-707b-86bd-fffb7b6d734d,68904590,avenida,Avenida Vinte e Sete de Julho,Novo Buritizal,572484b1-1e48-4d7a-8864-2304f1a0f611,AP
01a03136-7d2c-705a-a917-6453a493043d,68904590,avenida,Avenida Vinte e Sete de Julho,Novo Buritizal,572484b1-1e48-4d7a-8864-2304f1a0f611,AP
01a02d5f-af05-793a-86c6-0ce272204dc0,68904660,avenida,Avenida Vinte e Três de Julho,Novo Buritizal,572484b1-1e48-4d7a-8864-2304f1a0f611,AP
01a03136-7d49-7fdc-a7df-041968736c82,68904660,avenida,Avenida Vinte e Três de Julho,Novo Buritizal,572484b1-1e48-4d7a-8864-2304f1a0f611,AP
01a02d5f-af05-793a-86c9-4ece26cfb673,68904680,avenida,Avenida Vinte e Um de Julho,Novo Buritizal,572484b1-1e48-4d7a-8864-2304f1a0f611,AP
01a03136-7d54-7031-bce0-ce1c802ebf4f,68904680,avenida,Avenida Vinte e Um de Julho,Novo Buritizal,572484b1-1e48-4d7a-8864-2304f1a0f611,AP
01a02d5f-bdb5-76c2-9f1c-bc4046165c9b,68909143,avenida,Avenida Vinícius de Moraes,Boné Azul,572484b1-1e48-4d7a-8864-2304f1a0f611,AP
01a03136-96b3-7336-9ebd-c1e64923853a,68909143,avenida,Avenida Vinícius de Moraes,Boné Azul,572484b1-1e48-4d7a-8864-2304f1a0f611,AP
01a02d5f-acd7-777c-a3b7-91cf79149317,68904044,avenida,Avenida Violeta Mont'Alverne Moreira,Novo Buritizal,572484b1-1e48-4d7a-8864-2304f1a0f611,AP
01a03136-7a20-76bb-9f88-cdcb1dce89b6,68904044,avenida,Avenida Violeta Mont'Alverne Moreira,Novo Buritizal,572484b1-1e48-4d7a-8864-2304f1a0f611,AP
01a02d5f-b36f-7ba9-a06a-ef493971f0d6,68906856,avenida,Avenida Vitoria Regia,Cabralzinho,572484b1-1e48-4d7a-8864-2304f1a0f611,AP
01a03136-87a6-7c6c-bc78-c0f82d59a7a6,68906856,avenida,Avenida Vitoria Regia,Cabralzinho,572484b1-1e48-4d7a-8864-2304f1a0f611,AP
01a02d5f-d207-7d87-85c8-189f12e0c2f6,68906478,avenida,Avenida Waldez Trindade de Souza,Marabaixo,572484b1-1e48-4d7a-8864-2304f1a0f611,AP
01a03136-b984-72c5-a27a-d32e9d0cc090,68906478,avenida,Avenida Waldez Trindade de Souza,Marabaixo,572484b1-1e48-4d7a-8864-2304f1a0f611,AP
01a02d5f-aaaa-79c0-8085-07c8c7b5ba45,68903516,avenida,Avenida Walter Banho,Universidade,572484b1-1e48-4d7a-8864-2304f1a0f611,AP
01a03136-7690-761d-adb9-5fc304343142,68903516,avenida,Avenida Walter Banho,Universidade,572484b1-1e48-4d7a-8864-2304f1a0f611,AP
01a02d5f-aaab-7206-bdbd-547c8b3d875c,68903740,avenida,Avenida Walter Jucá,Zerão,572484b1-1e48-4d7a-8864-2304f1a0f611,AP
01a03136-76d9-7d69-aaa0-ee76c908db12,68903740,avenida,Avenida Walter Jucá,Zerão,572484b1-1e48-4d7a-8864-2304f1a0f611,AP
01a02d5f-ca06-77e5-9e92-9a50d130884e,68927209,avenida,Avenida Walter Lopes,Provedor I,324f5453-20fa-4565-9dd4-6c6514f449bf,AP
01a03136-af6c-7cb7-9b32-2051133325aa,68927209,avenida,Avenida Walter Lopes,Provedor I,324f5453-20fa-4565-9dd4-6c6514f449bf,AP
01a02d5f-cc1c-706d-8222-f157fc260336,68927420,avenida,Avenida Walter Lopes da Cruz,Provedor,324f5453-20fa-4565-9dd4-6c6514f449bf,AP
01a02d5f-cc19-7e0d-a017-53861115db2e,68927275,avenida,Avenida Walter Lopes da Cruz,Nova Brasília,324f5453-20fa-4565-9dd4-6c6514f449bf,AP
01a03136-afb1-7fe4-8fed-ef6f0092ec5e,68927275,avenida,Avenida Walter Lopes da Cruz,Nova Brasília,324f5453-20fa-4565-9dd4-6c6514f449bf,AP
01a03136-b042-798d-8f31-f5a8ee249d51,68927420,avenida,Avenida Walter Lopes da Cruz,Provedor,324f5453-20fa-4565-9dd4-6c6514f449bf,AP
01a02d5f-a646-7328-893f-9f91969b78cd,68903025,avenida,Avenida Wilson Carvalho,Jardim Equatorial,572484b1-1e48-4d7a-8864-2304f1a0f611,AP
01a03136-7019-774f-87ee-7762f8b9194d,68903025,avenida,Avenida Wilson Carvalho,Jardim Equatorial,572484b1-1e48-4d7a-8864-2304f1a0f611,AP
01a02d5f-bdb4-7573-a282-b7175a83470c,68909022,avenida,Avenida Zarah Valente Gentil,Jardim Felicidade,572484b1-1e48-4d7a-8864-2304f1a0f611,AP
01a03136-95f8-7389-aac5-2ea9133f1de6,68909022,avenida,Avenida Zarah Valente Gentil,Jardim Felicidade,572484b1-1e48-4d7a-8864-2304f1a0f611,AP
01a02d5f-c1da-77da-ae54-d9d86b86b567,68909835,avenida,Avenida Zelia Cardoso de Melo,Novo Horizonte,572484b1-1e48-4d7a-8864-2304f1a0f611,AP
01a03136-9dbb-7adb-bc7d-3acb103136d4,68909835,avenida,Avenida Zelia Cardoso de Melo,Novo Horizonte,572484b1-1e48-4d7a-8864-2304f1a0f611,AP
01a02d5f-c3e0-77a9-86c5-835060d21611,68911125,avenida,Avenida da Fazendinha,Fazendinha,572484b1-1e48-4d7a-8864-2304f1a0f611,AP
01a03136-a15a-7d64-bcb6-16f560a020a2,68911125,avenida,Avenida da Fazendinha,Fazendinha,572484b1-1e48-4d7a-8864-2304f1a0f611,AP
01a02d5f-bbba-798c-b2c4-b78a71eaeed6,68909006,avenida,Avenida da Liberdade,Jardim Felicidade,572484b1-1e48-4d7a-8864-2304f1a0f611,AP
01a02d5f-c1d9-7f6a-b0e2-3c493d818ff1,68909828,avenida,Avenida da Liberdade,Novo Horizonte,572484b1-1e48-4d7a-8864-2304f1a0f611,AP
01a03136-95bf-737a-b6d4-abbbd60b7623,68909006,avenida,Avenida da Liberdade,Jardim Felicidade,572484b1-1e48-4d7a-8864-2304f1a0f611,AP
01a03136-9da5-78f5-ac11-1b0b4221c8cf,68909828,avenida,Avenida da Liberdade,Novo Horizonte,572484b1-1e48-4d7a-8864-2304f1a0f611,AP
01a02d5f-b138-7134-a5c0-bf5ee7a5f297,68905590,avenida,Avenida da Maria Silva Chavier,Perpétuo Socorro,572484b1-1e48-4d7a-8864-2304f1a0f611,AP
01a03136-8148-7aaa-926f-3e27a43bb478,68905590,avenida,Avenida da Maria Silva Chavier,Perpétuo Socorro,572484b1-1e48-4d7a-8864-2304f1a0f611,AP
01a02d5f-ce18-7189-a7c1-aa7489890ea6,68928250,avenida,Avenida das Acácias,Fonte Nova,324f5453-20fa-4565-9dd4-6c6514f449bf,AP
01a03136-b382-70e8-ad19-a6a754debfba,68928250,avenida,Avenida das Acácias,Fonte Nova,324f5453-20fa-4565-9dd4-6c6514f449bf,AP
01a02d5f-b13a-7f6c-959a-22231a8a685a,68906018,avenida,Avenida das Amazonas,Goiabal,572484b1-1e48-4d7a-8864-2304f1a0f611,AP
01a03136-81f6-78a6-b9f4-bac4ed66046a,68906018,avenida,Avenida das Amazonas,Goiabal,572484b1-1e48-4d7a-8864-2304f1a0f611,AP
01a02d5f-c3dd-7364-becb-8f93c34b453b,68909896,avenida,Avenida das Andorinhas,Marabaixo,572484b1-1e48-4d7a-8864-2304f1a0f611,AP
01a03136-a092-7f46-a366-66e3a070366f,68909896,avenida,Avenida das Andorinhas,Marabaixo,572484b1-1e48-4d7a-8864-2304f1a0f611,AP
01a02d5f-c3dc-7a77-a50e-6b407e0c9f30,68909888,avenida,Avenida das Arirambas,Marabaixo,572484b1-1e48-4d7a-8864-2304f1a0f611,AP
01a03136-a078-7b4d-a942-4bf60a66490c,68909888,avenida,Avenida das Arirambas,Marabaixo,572484b1-1e48-4d7a-8864-2304f1a0f611,AP
01a02d5f-b9b0-71d3-ba54-4d4911bd637a,68908783,avenida,Avenida das Atas,Infraero,572484b1-1e48-4d7a-8864-2304f1a0f611,AP
01a03136-9213-7432-a25e-07b1426b3f8d,68908783,avenida,Avenida das Atas,Infraero,572484b1-1e48-4d7a-8864-2304f1a0f611,AP
01a02d5f-bbb7-78d6-b361-452f811ef269,68908836,avenida,Avenida das Bacabas,Infraero,572484b1-1e48-4d7a-8864-2304f1a0f611,AP
01a03136-92b3-7dd6-8b2b-1c8034cad765,68908836,avenida,Avenida das Bacabas,Infraero,572484b1-1e48-4d7a-8864-2304f1a0f611,AP
01a02d5f-c3dd-7c24-bed0-67735eb83348,68909990,avenida,"Avenida das Bacabas, 5 - BR-156 Km 2",,572484b1-1e48-4d7a-8864-2304f1a0f611,AP
01a03136-a0a3-7b11-938d-3ebf326d3517,68909990,avenida,"Avenida das Bacabas, 5 - BR-156 Km 2",,572484b1-1e48-4d7a-8864-2304f1a0f611,AP
01a02d5f-b599-761e-a3e5-e86413037a94,68907310,avenida,Avenida das Elites,Pantanal,572484b1-1e48-4d7a-8864-2304f1a0f611,AP
01a03136-88c9-7f0c-97a7-800360278a96,68907310,avenida,Avenida das Elites,Pantanal,572484b1-1e48-4d7a-8864-2304f1a0f611,AP
01a02d5f-b9af-7923-a9cb-effdd7a27e08,68908645,avenida,Avenida das Flores,Boné Azul,572484b1-1e48-4d7a-8864-2304f1a0f611,AP
01a03136-8fdb-7181-a8bc-c79eb1d9d563,68908645,avenida,Avenida das Flores,Boné Azul,572484b1-1e48-4d7a-8864-2304f1a0f611,AP
01a02d5f-bbb7-78d6-b366-b33866b81280,68908842,avenida,Avenida das Jacas,Infraero,572484b1-1e48-4d7a-8864-2304f1a0f611,AP
01a03136-92c6-7d36-8436-756ec0e6c313,68908842,avenida,Avenida das Jacas,Infraero,572484b1-1e48-4d7a-8864-2304f1a0f611,AP
01a02d5f-b9b0-71d3-ba5b-501778c10370,68908791,avenida,Avenida das Limas,Infraero,572484b1-1e48-4d7a-8864-2304f1a0f611,AP
01a03136-9237-73b0-8516-e2ad41999dd4,68908791,avenida,Avenida das Limas,Infraero,572484b1-1e48-4d7a-8864-2304f1a0f611,AP
01a02d5f-d62b-78d9-b46c-543fa3e6bd18,68908830,avenida,Avenida das Mangas,Infraero,572484b1-1e48-4d7a-8864-2304f1a0f611,AP
01a03136-c0b8-73a6-85cb-673c725a55fe,68908830,avenida,Avenida das Mangas,Infraero,572484b1-1e48-4d7a-8864-2304f1a0f611,AP
01a02d5f-a879-70e4-873e-3798ff741a59,68903378,avenida,Avenida das Margaridas,Jardim Marco Zero,572484b1-1e48-4d7a-8864-2304f1a0f611,AP
01a03136-73bc-7b47-87d4-fcb9bc6116d8,68903378,avenida,Avenida das Margaridas,Jardim Marco Zero,572484b1-1e48-4d7a-8864-2304f1a0f611,AP
01a02d5f-d62b-78d9-b46d-0d6112a36255,68908831,avenida,Avenida das Melancias,Infraero,572484b1-1e48-4d7a-8864-2304f1a0f611,AP
01a03136-c0ba-7f99-beed-b5f1d27462aa,68908831,avenida,Avenida das Melancias,Infraero,572484b1-1e48-4d7a-8864-2304f1a0f611,AP
01a02d5f-bdb5-7f71-9f36-1ea527488851,68909173,avenida,Avenida das Nações,Boné Azul,572484b1-1e48-4d7a-8864-2304f1a0f611,AP
01a02d5f-ce16-7fd0-a091-20032056afd6,68928133,avenida,Avenida das Nações,Fonte Nova,324f5453-20fa-4565-9dd4-6c6514f449bf,AP
01a02d5f-cc1d-71f4-a14c-256439de2052,68928009,avenida,Avenida das Nações,Paraíso,324f5453-20fa-4565-9dd4-6c6514f449bf,AP
01a02d5f-c7ea-7bcf-a826-ca9e376af38d,68925207,avenida,Avenida das Nações,Central,324f5453-20fa-4565-9dd4-6c6514f449bf,AP
01a02d5f-c5ed-7d62-8a62-52651e9adfa3,68925144,avenida,Avenida das Nações,Hospitalidade,324f5453-20fa-4565-9dd4-6c6514f449bf,AP
01a03136-9935-77c0-b9fe-472c1993a6ec,68909173,avenida,Avenida das Nações,Boné Azul,572484b1-1e48-4d7a-8864-2304f1a0f611,AP
01a03136-a801-78df-b26f-9941f87ef888,68925144,avenida,Avenida das Nações,Hospitalidade,324f5453-20fa-4565-9dd4-6c6514f449bf,AP
01a03136-a84b-76c0-83ef-eb60a8eb8c0a,68925207,avenida,Avenida das Nações,Central,324f5453-20fa-4565-9dd4-6c6514f449bf,AP
01a03136-b079-7971-978d-afecdd9d4775,68928009,avenida,Avenida das Nações,Paraíso,324f5453-20fa-4565-9dd4-6c6514f449bf,AP
01a03136-b2fe-7703-be18-7e3c96b18cfa,68928133,avenida,Avenida das Nações,Fonte Nova,324f5453-20fa-4565-9dd4-6c6514f449bf,AP
01a02d5f-bfdc-7fcc-b969-1ba564704df2,68909659,avenida,Avenida das Oliveiras,Lagoa Azul,572484b1-1e48-4d7a-8864-2304f1a0f611,AP
01a03136-9ce7-7d86-85f4-0cfc7427d658,68909659,avenida,Avenida das Oliveiras,Lagoa Azul,572484b1-1e48-4d7a-8864-2304f1a0f611,AP
01a02d5f-a878-7809-a0d0-24ed93010f4d,68903376,avenida,Avenida das Orquídeas,Jardim Marco Zero,572484b1-1e48-4d7a-8864-2304f1a0f611,AP
01a03136-73b5-7e3c-90ca-4740653a6cfc,68903376,avenida,Avenida das Orquídeas,Jardim Marco Zero,572484b1-1e48-4d7a-8864-2304f1a0f611,AP
01a02d5f-a878-7809-a0cd-59419e2518fe,68903373,avenida,Avenida das Ortências,Jardim Marco Zero,572484b1-1e48-4d7a-8864-2304f1a0f611,AP
01a03136-73a8-7d2f-9ded-547bc83aeb39,68903373,avenida,Avenida das Ortências,Jardim Marco Zero,572484b1-1e48-4d7a-8864-2304f1a0f611,AP
01a02d5f-ce18-7189-a7c0-50debf412c50,68928247,avenida,Avenida das Palmeiras,Fonte Nova,324f5453-20fa-4565-9dd4-6c6514f449bf,AP
01a03136-b37e-7c73-945f-cd09d538b422,68928247,avenida,Avenida das Palmeiras,Fonte Nova,324f5453-20fa-4565-9dd4-6c6514f449bf,AP
01a02d5f-b9b0-71d3-ba5d-2463acc2a245,68908793,avenida,Avenida das Peras,Infraero,572484b1-1e48-4d7a-8864-2304f1a0f611,AP
01a03136-923e-751f-8f54-4ee038481c22,68908793,avenida,Avenida das Peras,Infraero,572484b1-1e48-4d7a-8864-2304f1a0f611,AP
01a02d5f-a878-7809-a0d1-ee1d8285c3e2,68903377,avenida,Avenida das Rosas,Jardim Marco Zero,572484b1-1e48-4d7a-8864-2304f1a0f611,AP
01a03136-73b9-72ff-9bbc-5e74bff8d6e8,68903377,avenida,Avenida das Rosas,Jardim Marco Zero,572484b1-1e48-4d7a-8864-2304f1a0f611,AP
01a02d5f-b9b0-71d3-ba5e-b6393dd67427,68908794,avenida,Avenida das Uvas,Infraero,572484b1-1e48-4d7a-8864-2304f1a0f611,AP
01a03136-9241-7b6d-b40f-980b3a60fa90,68908794,avenida,Avenida das Uvas,Infraero,572484b1-1e48-4d7a-8864-2304f1a0f611,AP
01a02d5f-a878-7809-a0ce-4b5ef93181fa,68903374,avenida,Avenida das Violetas,Jardim Marco Zero,572484b1-1e48-4d7a-8864-2304f1a0f611,AP
01a03136-73ae-7c0c-a1f2-6196d7a2f1f5,68903374,avenida,Avenida das Violetas,Jardim Marco Zero,572484b1-1e48-4d7a-8864-2304f1a0f611,AP
01a02d5f-b9b0-71d3-ba5f-45ec3ae2fffa,68908795,avenida,Avenida do Açai,Infraero,572484b1-1e48-4d7a-8864-2304f1a0f611,AP
01a03136-9245-7a1b-b78c-54353983419f,68908795,avenida,Avenida do Açai,Infraero,572484b1-1e48-4d7a-8864-2304f1a0f611,AP
01a02d5f-d208-7ee0-9f24-a7dbdc10d804,68911468,avenida,Avenida do Grosso,Muruci (Fazendinha),572484b1-1e48-4d7a-8864-2304f1a0f611,AP
01a03136-ba5e-70b0-817d-974430d9abb9,68911468,avenida,Avenida do Grosso,Muruci (Fazendinha),572484b1-1e48-4d7a-8864-2304f1a0f611,AP
01a02d5f-b9b0-71d3-ba59-c0c98f74dfe0,68908789,avenida,Avenida do Jabuticaba,Infraero,572484b1-1e48-4d7a-8864-2304f1a0f611,AP
01a03136-922f-7ee3-9428-133b1602bbe4,68908789,avenida,Avenida do Jabuticaba,Infraero,572484b1-1e48-4d7a-8864-2304f1a0f611,AP
01a02d5f-b9b0-71d3-ba5c-1e601390dee1,68908792,avenida,Avenida do Muruci,Infraero,572484b1-1e48-4d7a-8864-2304f1a0f611,AP
01a03136-923a-77df-83bf-c7eb49a886c3,68908792,avenida,Avenida do Muruci,Infraero,572484b1-1e48-4d7a-8864-2304f1a0f611,AP
01a02d5f-b9b0-71d3-ba51-d799b2f814d3,68908779,avenida,Avenida dos Abacates,Infraero,572484b1-1e48-4d7a-8864-2304f1a0f611,AP
01a03136-8fea-7bb7-a2c9-b43b64ee963e,68908779,avenida,Avenida dos Abacates,Infraero,572484b1-1e48-4d7a-8864-2304f1a0f611,AP
01a02d5f-a645-716e-9ccd-eeb3757190ee,68902868,avenida,Avenida dos Aimorés,Buritizal,572484b1-1e48-4d7a-8864-2304f1a0f611,AP
01a02d5f-a41f-77a2-b94c-0f3f841ca3de,68902140,avenida,Avenida dos Aimorés,Beirol,572484b1-1e48-4d7a-8864-2304f1a0f611,AP
01a03136-6cae-7d71-9bf4-c2ad21499efe,68902140,avenida,Avenida dos Aimorés,Beirol,572484b1-1e48-4d7a-8864-2304f1a0f611,AP
01a03136-6fa9-7813-ae8b-3cce9853f0ca,68902868,avenida,Avenida dos Aimorés,Buritizal,572484b1-1e48-4d7a-8864-2304f1a0f611,AP
01a02d5f-bbb7-78d6-b362-7fffea667496,68908837,avenida,Avenida dos Bacuris,Infraero,572484b1-1e48-4d7a-8864-2304f1a0f611,AP
01a03136-92b7-71f9-90ef-28a8d5cc8836,68908837,avenida,Avenida dos Bacuris,Infraero,572484b1-1e48-4d7a-8864-2304f1a0f611,AP
01a02d5f-c3dd-7364-bec7-b8ea787489e6,68909892,avenida,Avenida dos Bem-te-vis,Marabaixo,572484b1-1e48-4d7a-8864-2304f1a0f611,AP
01a03136-a086-7312-9a29-f26288a9acbe,68909892,avenida,Avenida dos Bem-te-vis,Marabaixo,572484b1-1e48-4d7a-8864-2304f1a0f611,AP
01a02d5f-b9b0-71d3-ba57-d90dfd3c56c7,68908787,avenida,Avenida dos Cajus,Infraero,572484b1-1e48-4d7a-8864-2304f1a0f611,AP
01a02d5f-bbb7-78d6-b364-ea525a239869,68908839,avenida,Avenida dos Cajus,Infraero,572484b1-1e48-4d7a-8864-2304f1a0f611,AP
01a03136-9228-738c-9c26-1ef33b2ab0bd,68908787,avenida,Avenida dos Cajus,Infraero,572484b1-1e48-4d7a-8864-2304f1a0f611,AP
01a03136-92be-7f7b-8670-74a69b2bb34f,68908839,avenida,Avenida dos Cajus,Infraero,572484b1-1e48-4d7a-8864-2304f1a0f611,AP
01a02d5f-c3dd-7364-becd-592f8d33373e,68909898,avenida,Avenida dos Canários,Marabaixo,572484b1-1e48-4d7a-8864-2304f1a0f611,AP
01a03136-a099-7928-838b-75572180b989,68909898,avenida,Avenida dos Canários,Marabaixo,572484b1-1e48-4d7a-8864-2304f1a0f611,AP
01a02d5f-ce18-7189-a7bf-3bc26390fd13,68928244,avenida,Avenida dos Cocais,Fonte Nova,324f5453-20fa-4565-9dd4-6c6514f449bf,AP
01a03136-b37a-7f23-b174-dc966d425095,68928244,avenida,Avenida dos Cocais,Fonte Nova,324f5453-20fa-4565-9dd4-6c6514f449bf,AP
01a02d5f-bbb7-78d6-b365-b9ecc9f0b4a6,68908841,avenida,Avenida dos Cupuaçus,Infraero,572484b1-1e48-4d7a-8864-2304f1a0f611,AP
01a03136-92c2-7573-bd4e-a44295461b0e,68908841,avenida,Avenida dos Cupuaçus,Infraero,572484b1-1e48-4d7a-8864-2304f1a0f611,AP
01a02d5f-c3dc-7a77-a509-a25c6d33b8d4,68909883,avenida,Avenida dos Curiós,Marabaixo,572484b1-1e48-4d7a-8864-2304f1a0f611,AP
01a03136-a067-78db-bc2f-ddd5fe35e214,68909883,avenida,Avenida dos Curiós,Marabaixo,572484b1-1e48-4d7a-8864-2304f1a0f611,AP
01a02d5f-b9b0-71d3-ba58-a924e4c1c6aa,68908788,avenida,Avenida dos Figos,Infraero,572484b1-1e48-4d7a-8864-2304f1a0f611,AP
01a03136-922c-7156-afbc-93bd8ec916dc,68908788,avenida,Avenida dos Figos,Infraero,572484b1-1e48-4d7a-8864-2304f1a0f611,AP
01a02d5f-a645-716e-9ccc-d864c9502c28,68902867,avenida,Avenida dos Galibis,Buritizal,572484b1-1e48-4d7a-8864-2304f1a0f611,AP
01a02d5f-a41f-77a2-b94b-a63e05b12eec,68902130,avenida,Avenida dos Galibis,Beirol,572484b1-1e48-4d7a-8864-2304f1a0f611,AP
01a03136-6cab-790e-8619-9a8062b1c906,68902130,avenida,Avenida dos Galibis,Beirol,572484b1-1e48-4d7a-8864-2304f1a0f611,AP
01a03136-6fa6-70eb-8c0c-33b327c5fc87,68902867,avenida,Avenida dos Galibis,Buritizal,572484b1-1e48-4d7a-8864-2304f1a0f611,AP
01a02d5f-c3dc-7a77-a507-0fad62b81027,68909879,avenida,Avenida dos Gaviões,Marabaixo,572484b1-1e48-4d7a-8864-2304f1a0f611,AP
01a03136-a05e-72cc-b764-615f4fa4a6be,68909879,avenida,Avenida dos Gaviões,Marabaixo,572484b1-1e48-4d7a-8864-2304f1a0f611,AP
01a02d5f-a645-716e-9cce-42002f3add15,68902869,avenida,Avenida dos Goitacazes,Buritizal,572484b1-1e48-4d7a-8864-2304f1a0f611,AP
01a02d5f-a41f-77a2-b94d-2a3b3eb15933,68902150,avenida,Avenida dos Goitacazes,Beirol,572484b1-1e48-4d7a-8864-2304f1a0f611,AP
01a03136-6cb2-72b0-8206-d444a422d8a6,68902150,avenida,Avenida dos Goitacazes,Beirol,572484b1-1e48-4d7a-8864-2304f1a0f611,AP
01a03136-6fac-7d69-a7d3-198c432f2fee,68902869,avenida,Avenida dos Goitacazes,Buritizal,572484b1-1e48-4d7a-8864-2304f1a0f611,AP
01a02d5f-a645-716e-9cd0-ee0aefc038fe,68902871,avenida,Avenida dos Guaranis,Buritizal,572484b1-1e48-4d7a-8864-2304f1a0f611,AP
01a02d5f-a41f-77a2-b94e-0cfe8e902b18,68902160,avenida,Avenida dos Guaranis,Beirol,572484b1-1e48-4d7a-8864-2304f1a0f611,AP
01a03136-6cb5-7e63-b14e-a76e4ebde64d,68902160,avenida,Avenida dos Guaranis,Beirol,572484b1-1e48-4d7a-8864-2304f1a0f611,AP
01a03136-6fb3-7758-8c6a-08a411c3ec67,68902871,avenida,Avenida dos Guaranis,Buritizal,572484b1-1e48-4d7a-8864-2304f1a0f611,AP
01a02d5f-c1db-791b-aa37-ea1c1aca119a,68909863,avenida,Avenida dos Guarás,Marabaixo,572484b1-1e48-4d7a-8864-2304f1a0f611,AP
01a03136-9e0d-73e2-b55d-b019174f74de,68909863,avenida,Avenida dos Guarás,Marabaixo,572484b1-1e48-4d7a-8864-2304f1a0f611,AP
01a02d5f-c3dc-7a77-a50a-b87597f47366,68909884,avenida,Avenida dos Jaçanãs,Marabaixo,572484b1-1e48-4d7a-8864-2304f1a0f611,AP
01a03136-a06b-782b-9e20-2705f6426c3f,68909884,avenida,Avenida dos Jaçanãs,Marabaixo,572484b1-1e48-4d7a-8864-2304f1a0f611,AP
01a02d5f-c3dd-7364-bec4-e7f3ee1885ca,68909889,avenida,Avenida dos Juritis,Marabaixo,572484b1-1e48-4d7a-8864-2304f1a0f611,AP
01a03136-a07b-7fda-bcef-76a60fda53ba,68909889,avenida,Avenida dos Juritis,Marabaixo,572484b1-1e48-4d7a-8864-2304f1a0f611,AP
01a02d5f-c3dc-7a77-a50d-521e0fff19f0,68909887,avenida,Avenida dos Maracanás,Marabaixo,572484b1-1e48-4d7a-8864-2304f1a0f611,AP
01a03136-a075-76d8-b8bf-bffb1db8e694,68909887,avenida,Avenida dos Maracanás,Marabaixo,572484b1-1e48-4d7a-8864-2304f1a0f611,AP
01a02d5f-a41d-7bad-976b-3e5ca43ca9bf,68901500,avenida,Avenida dos Navegantes,Santa Inês,572484b1-1e48-4d7a-8864-2304f1a0f611,AP
01a03136-6bdf-7a7a-a8e3-0b9fc63f833d,68901500,avenida,Avenida dos Navegantes,Santa Inês,572484b1-1e48-4d7a-8864-2304f1a0f611,AP
01a02d5f-c3dd-7364-bec8-4e2896d5d584,68909893,avenida,Avenida dos Papagaios,Marabaixo,572484b1-1e48-4d7a-8864-2304f1a0f611,AP
01a03136-a089-7897-9980-f9a85c8fa0e4,68909893,avenida,Avenida dos Papagaios,Marabaixo,572484b1-1e48-4d7a-8864-2304f1a0f611,AP
01a02d5f-c3dc-7a77-a50c-fe31e596c312,68909886,avenida,Avenida dos Pardais,Marabaixo,572484b1-1e48-4d7a-8864-2304f1a0f611,AP
01a03136-a072-723c-a375-5ba53b027477,68909886,avenida,Avenida dos Pardais,Marabaixo,572484b1-1e48-4d7a-8864-2304f1a0f611,AP
01a02d5f-c3dd-7364-bec9-fb36de2a7fd5,68909894,avenida,Avenida dos Pombos,Marabaixo,572484b1-1e48-4d7a-8864-2304f1a0f611,AP
01a03136-a08c-7cdd-ba83-3658b0fb9859,68909894,avenida,Avenida dos Pombos,Marabaixo,572484b1-1e48-4d7a-8864-2304f1a0f611,AP
01a02d5f-bdb5-76c2-9f0e-44adf8c48b1e,68909098,avenida,Avenida dos Prazeres,Jardim Felicidade,572484b1-1e48-4d7a-8864-2304f1a0f611,AP
01a03136-9681-7f61-833d-bd41df99c424,68909098,avenida,Avenida dos Prazeres,Jardim Felicidade,572484b1-1e48-4d7a-8864-2304f1a0f611,AP
01a02d5f-c3dd-7364-becc-664145a6f321,68909897,avenida,Avenida dos Rouxinos,Marabaixo,572484b1-1e48-4d7a-8864-2304f1a0f611,AP
01a03136-a096-73de-b5c7-45506acbd901,68909897,avenida,Avenida dos Rouxinos,Marabaixo,572484b1-1e48-4d7a-8864-2304f1a0f611,AP
01a02d5f-c1db-791b-aa38-c149670eb53d,68909864,avenida,Avenida dos Sabiás,Marabaixo,572484b1-1e48-4d7a-8864-2304f1a0f611,AP
01a03136-9e10-78f6-b148-ef75ec7ff25b,68909864,avenida,Avenida dos Sabiás,Marabaixo,572484b1-1e48-4d7a-8864-2304f1a0f611,AP
01a02d5f-a420-7041-96fb-7b77986edce5,68902336,avenida,Avenida dos Tamoios,Muca,572484b1-1e48-4d7a-8864-2304f1a0f611,AP
01a02d5f-a41f-77a2-b950-bbf9a8a33a77,68902180,avenida,Avenida dos Tamoios,Beirol,572484b1-1e48-4d7a-8864-2304f1a0f611,AP
01a03136-6cbd-712d-89d9-eb99bf48cf1a,68902180,avenida,Avenida dos Tamoios,Beirol,572484b1-1e48-4d7a-8864-2304f1a0f611,AP
01a03136-6f29-7804-8f92-f2d4cdb4d0c0,68902336,avenida,Avenida dos Tamoios,Muca,572484b1-1e48-4d7a-8864-2304f1a0f611,AP
01a02d5f-a420-7041-96ff-0f0baaad0ed1,68902347,avenida,Avenida dos Tembés,Muca,572484b1-1e48-4d7a-8864-2304f1a0f611,AP
01a02d5f-a41f-77a2-b952-3f52c09770d1,68902200,avenida,Avenida dos Tembés,Beirol,572484b1-1e48-4d7a-8864-2304f1a0f611,AP
01a03136-6cc3-7be9-b252-52cfcbf11bca,68902200,avenida,Avenida dos Tembés,Beirol,572484b1-1e48-4d7a-8864-2304f1a0f611,AP
01a03136-6f37-7840-b2e1-4f2b95ca2f9a,68902347,avenida,Avenida dos Tembés,Muca,572484b1-1e48-4d7a-8864-2304f1a0f611,AP
01a02d5f-a645-716e-9cd1-2919568d16c3,68902872,avenida,Avenida dos Timbiras,Buritizal,572484b1-1e48-4d7a-8864-2304f1a0f611,AP
01a02d5f-a41f-77a2-b94f-0e931d5fafcc,68902170,avenida,Avenida dos Timbiras,Beirol,572484b1-1e48-4d7a-8864-2304f1a0f611,AP
01a03136-6cb9-7377-811b-0310da61cd89,68902170,avenida,Avenida dos Timbiras,Beirol,572484b1-1e48-4d7a-8864-2304f1a0f611,AP
01a03136-6fb6-799c-a68e-6c0b3b2ca271,68902872,avenida,Avenida dos Timbiras,Buritizal,572484b1-1e48-4d7a-8864-2304f1a0f611,AP
01a02d5f-d415-71e7-bde0-db69ea95d0c0,68909881,avenida,Avenida dos Tucanos,Marabaixo,572484b1-1e48-4d7a-8864-2304f1a0f611,AP
01a03136-bd28-7ee0-ae24-7945ddf9465d,68909881,avenida,Avenida dos Tucanos,Marabaixo,572484b1-1e48-4d7a-8864-2304f1a0f611,AP
01a02d5f-a645-716e-9ccb-c1b55bd3f768,68902866,avenida,Avenida dos Tupiniquins,Buritizal,572484b1-1e48-4d7a-8864-2304f1a0f611,AP
01a02d5f-a41f-77a2-b94a-539cd903f5bf,68902120,avenida,Avenida dos Tupiniquins,Beirol,572484b1-1e48-4d7a-8864-2304f1a0f611,AP
01a03136-6ca8-73a0-899e-b533ccf418f7,68902120,avenida,Avenida dos Tupiniquins,Beirol,572484b1-1e48-4d7a-8864-2304f1a0f611,AP
01a03136-6fa2-7caa-88d3-5ce5da24dcf9,68902866,avenida,Avenida dos Tupiniquins,Buritizal,572484b1-1e48-4d7a-8864-2304f1a0f611,AP
01a02d5f-a420-7041-96fe-9a9acabbc6b5,68902346,avenida,Avenida dos Tupis,Muca,572484b1-1e48-4d7a-8864-2304f1a0f611,AP
01a02d5f-a41f-77a2-b951-22a5744ac2af,68902190,avenida,Avenida dos Tupis,Beirol,572484b1-1e48-4d7a-8864-2304f1a0f611,AP
01a03136-6cc0-75c0-84f3-abe5c0440ca0,68902190,avenida,Avenida dos Tupis,Beirol,572484b1-1e48-4d7a-8864-2304f1a0f611,AP
01a03136-6f34-72e3-ab94-a32c1371bbf8,68902346,avenida,Avenida dos Tupis,Muca,572484b1-1e48-4d7a-8864-2304f1a0f611,AP
01a02d5f-c3dc-7a77-a508-0561b34f8bbe,68909882,avenida,Avenida dos Uirapurus,Marabaixo,572484b1-1e48-4d7a-8864-2304f1a0f611,AP
01a03136-a064-7d28-812e-24a9602943bd,68909882,avenida,Avenida dos Uirapurus,Marabaixo,572484b1-1e48-4d7a-8864-2304f1a0f611,AP
01a02d5f-a645-716e-9cc9-087e7c8676e6,68902864,avenida,Avenida dos Xavantes,Buritizal,572484b1-1e48-4d7a-8864-2304f1a0f611,AP
01a02d5f-a41f-77a2-b949-f2fe95bc45b8,68902110,avenida,Avenida dos Xavantes,Beirol,572484b1-1e48-4d7a-8864-2304f1a0f611,AP
01a03136-6ca4-7ecc-a9f8-019854667f1b,68902110,avenida,Avenida dos Xavantes,Beirol,572484b1-1e48-4d7a-8864-2304f1a0f611,AP
01a03136-6f9c-7445-9bd1-96698d61db4a,68902864,avenida,Avenida dos Xavantes,Buritizal,572484b1-1e48-4d7a-8864-2304f1a0f611,AP
01a02d5f-a877-767a-b934-898b9f8618d8,68903240,avenida,Avenida Álvaro Nobre,Jardim Marco Zero,572484b1-1e48-4d7a-8864-2304f1a0f611,AP
01a03136-72ef-79e7-85cd-1cde6e201205,68903240,avenida,Avenida Álvaro Nobre,Jardim Marco Zero,572484b1-1e48-4d7a-8864-2304f1a0f611,AP
01a02d5f-bdb5-7f71-9f3b-ccdea31716cd,68909302,baixa,Baixa Abacaxi,Brasil Novo,572484b1-1e48-4d7a-8864-2304f1a0f611,AP
01a03136-9946-7b45-8e8b-0f055ff397a4,68909302,baixa,Baixa Abacaxi,Brasil Novo,572484b1-1e48-4d7a-8864-2304f1a0f611,AP
01a02d5f-cc19-7e0d-a019-ed448d017116,68927281,beco,Beco 15 de Novembro,Nova Brasília,324f5453-20fa-4565-9dd4-6c6514f449bf,AP
01a03136-afb8-714e-ab18-6ba4441c40ee,68927281,beco,Beco 15 de Novembro,Nova Brasília,324f5453-20fa-4565-9dd4-6c6514f449bf,AP
01a02d5f-b7a9-7692-a14d-52c85f907e0c,68908111,canal,Canal da Manoel Eudóxio Pereira,Jesus de Nazaré,572484b1-1e48-4d7a-8864-2304f1a0f611,AP
01a03136-8c32-7ac9-873a-eeea048a9a41,68908111,canal,Canal da Manoel Eudóxio Pereira,Jesus de Nazaré,572484b1-1e48-4d7a-8864-2304f1a0f611,AP
01a02d5f-aaab-7206-bdbc-e0732eebdf25,68903660,canal,Canal das Pedrinhas,Zerão,572484b1-1e48-4d7a-8864-2304f1a0f611,AP
01a03136-76d6-785c-a21d-f8d0fe2029c4,68903660,canal,Canal das Pedrinhas,Zerão,572484b1-1e48-4d7a-8864-2304f1a0f611,AP
01a02d5f-b9af-7923-a9b4-3b70191d5c26,68908481,canal,Canal do Jandiá,São Lázaro,572484b1-1e48-4d7a-8864-2304f1a0f611,AP
01a02d5f-af08-7671-bc22-a18ee641d1ad,68905420,canal,Canal do Jandiá,Cidade Nova,572484b1-1e48-4d7a-8864-2304f1a0f611,AP
01a03136-80f5-7f94-a936-3fa1df3a14df,68905420,canal,Canal do Jandiá,Cidade Nova,572484b1-1e48-4d7a-8864-2304f1a0f611,AP
01a03136-8f85-7beb-829c-4be21607b4f6,68908481,canal,Canal do Jandiá,São Lázaro,572484b1-1e48-4d7a-8864-2304f1a0f611,AP
01a02d5f-a1f0-7fb1-a336-59bf245f43e5,68901420,canal,Canal do Mucajá,Santa Inês,572484b1-1e48-4d7a-8864-2304f1a0f611,AP
01a03136-6bad-7e31-b945-43bcc410fd38,68901420,canal,Canal do Mucajá,Santa Inês,572484b1-1e48-4d7a-8864-2304f1a0f611,AP
01a02d5f-c1d8-75a0-8b00-817f4175418a,68909789,comunidade,Comunidade Ilha Redonda,Lagoa Azul,572484b1-1e48-4d7a-8864-2304f1a0f611,AP
01a03136-9d3c-7bf8-a9b9-a1be741c1f3f,68909789,comunidade,Comunidade Ilha Redonda,Lagoa Azul,572484b1-1e48-4d7a-8864-2304f1a0f611,AP
01a02d5f-d009-7956-a606-2a6eb131b4c7,68937971,distrito,"Distrito da Ilha de Santana, s/n",Ilha de Santana,324f5453-20fa-4565-9dd4-6c6514f449bf,AP
01a03136-b647-77cc-b11f-854b5c84611f,68937971,distrito,"Distrito da Ilha de Santana, s/n",Ilha de Santana,324f5453-20fa-4565-9dd4-6c6514f449bf,AP
01a02d5f-d009-7956-a605-33eb9ee0f9c5,68935971,distrito,"Distrito de Igarapé do Lago, s/n",Igarapé do Lago,324f5453-20fa-4565-9dd4-6c6514f449bf,AP
01a03136-b644-7b0d-af33-eed8cb415937,68935971,distrito,"Distrito de Igarapé do Lago, s/n",Igarapé do Lago,324f5453-20fa-4565-9dd4-6c6514f449bf,AP
01a02d5f-aaab-7afa-bdd3-9592471c2a1e,68903779,parque,Parque Complexo do Araxá,Araxá,572484b1-1e48-4d7a-8864-2304f1a0f611,AP
01a03136-7725-7313-93c6-d258b04c8487,68903779,parque,Parque Complexo do Araxá,Araxá,572484b1-1e48-4d7a-8864-2304f1a0f611,AP
01a02d5f-9fc2-78dc-aa7c-60d358c097f5,68900017,passagem,Passagem Abraan Peres,Central,572484b1-1e48-4d7a-8864-2304f1a0f611,AP
01a03136-65d5-756e-9f69-17b71b6d3f75,68900017,passagem,Passagem Abraan Peres,Central,572484b1-1e48-4d7a-8864-2304f1a0f611,AP
01a02d5f-b139-7423-af3c-03841f8e786f,68905695,passagem,Passagem Acesio Guedes,Perpétuo Socorro,572484b1-1e48-4d7a-8864-2304f1a0f611,AP
01a03136-8192-73cc-9559-555352f5f1da,68905695,passagem,Passagem Acesio Guedes,Perpétuo Socorro,572484b1-1e48-4d7a-8864-2304f1a0f611,AP
01a02d5f-aaac-737d-ba57-613d6f0db728,68903785,passagem,Passagem Adelson,Araxá,572484b1-1e48-4d7a-8864-2304f1a0f611,AP
01a03136-7942-7831-a4aa-fc0a636c31a0,68903785,passagem,Passagem Adelson,Araxá,572484b1-1e48-4d7a-8864-2304f1a0f611,AP
01a02d5f-bbb9-70e8-8620-443b6631e990,68908868,passagem,Passagem Albatroz,Infraero,572484b1-1e48-4d7a-8864-2304f1a0f611,AP
01a03136-9327-730c-b2f9-b10c8753400f,68908868,passagem,Passagem Albatroz,Infraero,572484b1-1e48-4d7a-8864-2304f1a0f611,AP
01a02d5f-a420-7041-96f7-6fece0ce3da8,68902323,passagem,Passagem Alvaro de Azevedo,Muca,572484b1-1e48-4d7a-8864-2304f1a0f611,AP
01a03136-6f1c-7330-a72c-5a25bcc80ade,68902323,passagem,Passagem Alvaro de Azevedo,Muca,572484b1-1e48-4d7a-8864-2304f1a0f611,AP
01a02d5f-d416-7b60-b889-8febdb5ed595,68903402,passagem,Passagem Amizade,Jardim Marco Zero,572484b1-1e48-4d7a-8864-2304f1a0f611,AP
01a03136-bd8f-7958-9d42-3fe5bcc3c059,68903402,passagem,Passagem Amizade,Jardim Marco Zero,572484b1-1e48-4d7a-8864-2304f1a0f611,AP
01a02d5f-b138-7134-a5bf-c8ef39803463,68905585,passagem,Passagem Ana Nery,Perpétuo Socorro,572484b1-1e48-4d7a-8864-2304f1a0f611,AP
01a03136-8145-7500-8cea-56eac5b193ab,68905585,passagem,Passagem Ana Nery,Perpétuo Socorro,572484b1-1e48-4d7a-8864-2304f1a0f611,AP
01a02d5f-d00c-7cb1-b854-a0b2d3edb74f,68906469,passagem,Passagem Antonio Cosme de Araujo,Marabaixo,572484b1-1e48-4d7a-8864-2304f1a0f611,AP
01a03136-b967-72b7-aa21-0bf76ed4ae55,68906469,passagem,Passagem Antonio Cosme de Araujo,Marabaixo,572484b1-1e48-4d7a-8864-2304f1a0f611,AP
01a02d5f-c3df-7f0a-8b85-e93ebec65e7b,68911122,passagem,Passagem Beira Rio,Fazendinha,572484b1-1e48-4d7a-8864-2304f1a0f611,AP
01a03136-a150-7ebf-a9c5-3f88c62cf5ef,68911122,passagem,Passagem Beira Rio,Fazendinha,572484b1-1e48-4d7a-8864-2304f1a0f611,AP
01a02d5f-d00a-7a39-be9c-d6d7b2844b89,68903612,passagem,Passagem Boa Fé,Universidade,572484b1-1e48-4d7a-8864-2304f1a0f611,AP
01a03136-b6c4-7225-93ad-e8e74b9b7b8c,68903612,passagem,Passagem Boa Fé,Universidade,572484b1-1e48-4d7a-8864-2304f1a0f611,AP
01a02d5f-d207-7d87-85cd-e048b03b8b59,68906483,passagem,Passagem Bom Jardin,Marabaixo,572484b1-1e48-4d7a-8864-2304f1a0f611,AP
01a03136-b993-7ccd-a91e-20a5b29e1a8f,68906483,passagem,Passagem Bom Jardin,Marabaixo,572484b1-1e48-4d7a-8864-2304f1a0f611,AP
01a02d5f-bbb7-78d6-b372-a65a1039d8ff,68908854,passagem,Passagem Búfalo,Infraero,572484b1-1e48-4d7a-8864-2304f1a0f611,AP
01a03136-92f6-754c-a858-9c5f57da03d1,68908854,passagem,Passagem Búfalo,Infraero,572484b1-1e48-4d7a-8864-2304f1a0f611,AP
01a02d5f-acd6-7612-8939-40ace601283b,68903876,passagem,Passagem Castanhal,Araxá,572484b1-1e48-4d7a-8864-2304f1a0f611,AP
01a03136-79b3-7d93-afad-fc759ecf8084,68903876,passagem,Passagem Castanhal,Araxá,572484b1-1e48-4d7a-8864-2304f1a0f611,AP
01a02d5f-a644-7668-9e0d-a66dcc3e8661,68902468,passagem,Passagem Castro Alves,Muca,572484b1-1e48-4d7a-8864-2304f1a0f611,AP
01a03136-6f58-7ced-af37-86195a2036bc,68902468,passagem,Passagem Castro Alves,Muca,572484b1-1e48-4d7a-8864-2304f1a0f611,AP
01a02d5f-bbb7-78d6-b37d-b1cbed9bfa49,68908865,passagem,Passagem Catalina,Infraero,572484b1-1e48-4d7a-8864-2304f1a0f611,AP
01a03136-9320-7171-8171-faa736561de5,68908865,passagem,Passagem Catalina,Infraero,572484b1-1e48-4d7a-8864-2304f1a0f611,AP
01a02d5f-a420-7041-9701-1f0107094993,68902356,passagem,Passagem Cleonice Santos Azevedo,Muca,572484b1-1e48-4d7a-8864-2304f1a0f611,AP
01a03136-6f3e-73a0-9a03-1a9c091653dc,68902356,passagem,Passagem Cleonice Santos Azevedo,Muca,572484b1-1e48-4d7a-8864-2304f1a0f611,AP
01a02d5f-d416-72f3-b885-dc5fa699aa56,68903397,passagem,Passagem Cruzeiro do Sul,Jardim Marco Zero,572484b1-1e48-4d7a-8864-2304f1a0f611,AP
01a03136-bd82-76d3-bfeb-157c88e2fbe1,68903397,passagem,Passagem Cruzeiro do Sul,Jardim Marco Zero,572484b1-1e48-4d7a-8864-2304f1a0f611,AP
01a02d5f-bbb9-7967-862d-59dffe974674,68908881,passagem,Passagem Demossele,Infraero,572484b1-1e48-4d7a-8864-2304f1a0f611,AP
01a03136-9355-76d2-ba8f-285cd9b39df9,68908881,passagem,Passagem Demossele,Infraero,572484b1-1e48-4d7a-8864-2304f1a0f611,AP
01a02d5f-a420-7041-9704-c2a46b17d797,68902359,passagem,Passagem Dias Gomes,Muca,572484b1-1e48-4d7a-8864-2304f1a0f611,AP
01a03136-6f48-787b-9191-0a4cff0d16a6,68902359,passagem,Passagem Dias Gomes,Muca,572484b1-1e48-4d7a-8864-2304f1a0f611,AP
01a02d5f-c3e1-7904-8fc3-4d134a3cd50d,68911155,passagem,Passagem Dona Márcia,Fazendinha,572484b1-1e48-4d7a-8864-2304f1a0f611,AP
01a03136-a408-7ed4-8c85-67f33d5d8c6b,68911155,passagem,Passagem Dona Márcia,Fazendinha,572484b1-1e48-4d7a-8864-2304f1a0f611,AP
01a02d5f-bbb9-70e8-8627-c29c20d61279,68908875,passagem,Passagem Douglas,Infraero,572484b1-1e48-4d7a-8864-2304f1a0f611,AP
01a03136-9341-7004-a554-27dea4294adc,68908875,passagem,Passagem Douglas,Infraero,572484b1-1e48-4d7a-8864-2304f1a0f611,AP
01a02d5f-aaac-737d-ba59-f22545e400fe,68903787,passagem,Passagem Eli Dutra,Araxá,572484b1-1e48-4d7a-8864-2304f1a0f611,AP
01a03136-7949-7bcb-b193-bb3aec8aa63e,68903787,passagem,Passagem Eli Dutra,Araxá,572484b1-1e48-4d7a-8864-2304f1a0f611,AP
01a02d5f-aaac-737d-ba5e-ae7bad88e560,68903792,passagem,Passagem Equatorial,Araxá,572484b1-1e48-4d7a-8864-2304f1a0f611,AP
01a03136-7959-7ba8-b814-782e2614044a,68903792,passagem,Passagem Equatorial,Araxá,572484b1-1e48-4d7a-8864-2304f1a0f611,AP
01a02d5f-d416-7b60-b88b-ff9d4df79fa7,68903404,passagem,Passagem Estrela,Jardim Marco Zero,572484b1-1e48-4d7a-8864-2304f1a0f611,AP
01a03136-bd96-7d9c-b465-a8bb838ab8f4,68903404,passagem,Passagem Estrela,Jardim Marco Zero,572484b1-1e48-4d7a-8864-2304f1a0f611,AP
01a02d5f-d416-7b60-b888-d42d9e52006a,68903401,passagem,Passagem Estrela Dalva,Jardim Marco Zero,572484b1-1e48-4d7a-8864-2304f1a0f611,AP
01a03136-bd8c-74cd-befb-fce659b86fd5,68903401,passagem,Passagem Estrela Dalva,Jardim Marco Zero,572484b1-1e48-4d7a-8864-2304f1a0f611,AP
01a02d5f-a644-7668-9e0b-a0513bc849ca,68902466,passagem,Passagem Eça de Queirós,Muca,572484b1-1e48-4d7a-8864-2304f1a0f611,AP
01a03136-6f52-785a-ae3b-0cf5797271b6,68902466,passagem,Passagem Eça de Queirós,Muca,572484b1-1e48-4d7a-8864-2304f1a0f611,AP
01a02d5f-a420-7041-9702-f2c7dfa4c332,68902357,passagem,Passagem Fagundes Varela,Muca,572484b1-1e48-4d7a-8864-2304f1a0f611,AP
01a03136-6f41-78a9-b0be-f697f12aa635,68902357,passagem,Passagem Fagundes Varela,Muca,572484b1-1e48-4d7a-8864-2304f1a0f611,AP
01a02d5f-af07-74ae-98ee-17841c3e72c9,68905150,passagem,Passagem Flor de Lis,Cidade Nova,572484b1-1e48-4d7a-8864-2304f1a0f611,AP
01a03136-7dbf-7b56-804c-0bc33318494a,68905150,passagem,Passagem Flor de Lis,Cidade Nova,572484b1-1e48-4d7a-8864-2304f1a0f611,AP
01a02d5f-af07-7d6a-98fe-99919443ebd7,68905360,passagem,Passagem Flor do Campo,Cidade Nova,572484b1-1e48-4d7a-8864-2304f1a0f611,AP
01a03136-7df5-7278-9e54-414e2ab2bf0e,68905360,passagem,Passagem Flor do Campo,Cidade Nova,572484b1-1e48-4d7a-8864-2304f1a0f611,AP
01a02d5f-af07-7d6a-98ff-11eb78e07da8,68905370,passagem,Passagem Girassol,Cidade Nova,572484b1-1e48-4d7a-8864-2304f1a0f611,AP
01a03136-7df8-7726-a02b-747dcbe5a54f,68905370,passagem,Passagem Girassol,Cidade Nova,572484b1-1e48-4d7a-8864-2304f1a0f611,AP
01a02d5f-b9ae-77bd-9b78-e405e9333761,68908305,passagem,Passagem Goiás,Pacoval,572484b1-1e48-4d7a-8864-2304f1a0f611,AP
01a03136-8f0b-74ff-8d24-8c8eca745668,68908305,passagem,Passagem Goiás,Pacoval,572484b1-1e48-4d7a-8864-2304f1a0f611,AP
01a02d5f-a644-7668-9e0e-0b579a6f282a,68902469,passagem,Passagem Gonçalves Dias,Muca,572484b1-1e48-4d7a-8864-2304f1a0f611,AP
01a03136-6f5c-7277-bcae-eb480ff91e5b,68902469,passagem,Passagem Gonçalves Dias,Muca,572484b1-1e48-4d7a-8864-2304f1a0f611,AP
01a02d5f-aaac-737d-ba5f-47bed4ca2ba6,68903793,passagem,Passagem Graças,Araxá,572484b1-1e48-4d7a-8864-2304f1a0f611,AP
01a03136-795c-776f-961c-6feea6a1c0f8,68903793,passagem,Passagem Graças,Araxá,572484b1-1e48-4d7a-8864-2304f1a0f611,AP
01a02d5f-a644-7668-9e0c-3f7a42c31b3a,68902467,passagem,Passagem Gregório de Matos Guerra,Muca,572484b1-1e48-4d7a-8864-2304f1a0f611,AP
01a03136-6f55-7883-aa84-07616495536d,68902467,passagem,Passagem Gregório de Matos Guerra,Muca,572484b1-1e48-4d7a-8864-2304f1a0f611,AP
01a02d5f-aaa9-7e53-9c2c-54d8e8939afe,68903496,passagem,Passagem Gruta,Universidade,572484b1-1e48-4d7a-8864-2304f1a0f611,AP
01a03136-766b-739f-8142-5fcb43a1593a,68903496,passagem,Passagem Gruta,Universidade,572484b1-1e48-4d7a-8864-2304f1a0f611,AP
01a02d5f-a646-7328-8941-2d2484befcf5,68903033,passagem,Passagem Guajará,Jardim Equatorial,572484b1-1e48-4d7a-8864-2304f1a0f611,AP
01a03136-701f-7b9e-9982-c30a4fa74ae4,68903033,passagem,Passagem Guajará,Jardim Equatorial,572484b1-1e48-4d7a-8864-2304f1a0f611,AP
01a02d5f-b138-7134-a5bd-93eb6c398107,68905575,passagem,Passagem Hugo Alves Pinto,Perpétuo Socorro,572484b1-1e48-4d7a-8864-2304f1a0f611,AP
01a03136-813e-7b42-ac74-843eeb100a29,68905575,passagem,Passagem Hugo Alves Pinto,Perpétuo Socorro,572484b1-1e48-4d7a-8864-2304f1a0f611,AP
01a02d5f-bbb7-78d6-b373-ebd8157a12b0,68908855,passagem,Passagem Hércules,Infraero,572484b1-1e48-4d7a-8864-2304f1a0f611,AP
01a03136-92f9-79c4-aadb-e588057e1d67,68908855,passagem,Passagem Hércules,Infraero,572484b1-1e48-4d7a-8864-2304f1a0f611,AP
01a02d5f-a879-70e4-874b-1108edd0331d,68903395,passagem,Passagem Independência,Jardim Marco Zero,572484b1-1e48-4d7a-8864-2304f1a0f611,AP
01a03136-75f9-717b-9e74-1edcfd3d99f7,68903395,passagem,Passagem Independência,Jardim Marco Zero,572484b1-1e48-4d7a-8864-2304f1a0f611,AP
01a02d5f-a646-7bae-895d-ca6e8e2ea098,68903184,passagem,Passagem Ivaldo Alves Veras,Jardim Marco Zero,572484b1-1e48-4d7a-8864-2304f1a0f611,AP
01a03136-7295-7f9c-95bb-47add7ebbcbd,68903184,passagem,Passagem Ivaldo Alves Veras,Jardim Marco Zero,572484b1-1e48-4d7a-8864-2304f1a0f611,AP
01a02d5f-acd6-7612-894b-8d8899dc52a8,68904016,passagem,Passagem Jardim,Novo Buritizal,572484b1-1e48-4d7a-8864-2304f1a0f611,AP
01a03136-79ef-7001-9f9f-f6deb590dd3f,68904016,passagem,Passagem Jardim,Novo Buritizal,572484b1-1e48-4d7a-8864-2304f1a0f611,AP
01a02d5f-d00d-7527-83e8-45365a268041,68906472,passagem,Passagem Jardin America,Marabaixo,572484b1-1e48-4d7a-8864-2304f1a0f611,AP
01a03136-b970-7889-9b6b-d516f0c0868e,68906472,passagem,Passagem Jardin America,Marabaixo,572484b1-1e48-4d7a-8864-2304f1a0f611,AP
01a02d5f-af07-74ae-98ef-5975502a3226,68905160,passagem,Passagem Jasmim,Cidade Nova,572484b1-1e48-4d7a-8864-2304f1a0f611,AP
01a03136-7dc2-7ca1-b71d-2358791c7dcb,68905160,passagem,Passagem Jasmim,Cidade Nova,572484b1-1e48-4d7a-8864-2304f1a0f611,AP
01a02d5f-bbb9-7967-8638-7a98a72f0708,68908895,passagem,Passagem Joaquim Valente,Infraero,572484b1-1e48-4d7a-8864-2304f1a0f611,AP
01a03136-937b-7a42-98e6-1a9b6e791fd5,68908895,passagem,Passagem Joaquim Valente,Infraero,572484b1-1e48-4d7a-8864-2304f1a0f611,AP
01a02d5f-bbb7-78d6-b37a-dcbea5770289,68908862,passagem,Passagem Jonatha Bezerra,Infraero,572484b1-1e48-4d7a-8864-2304f1a0f611,AP
01a03136-9313-795c-82bd-e39ec8750e32,68908862,passagem,Passagem Jonatha Bezerra,Infraero,572484b1-1e48-4d7a-8864-2304f1a0f611,AP
01a02d5f-bbb9-7967-8633-d687a09c865c,68908890,passagem,Passagem Jorge Basile,Infraero,572484b1-1e48-4d7a-8864-2304f1a0f611,AP
01a03136-936a-763a-adcd-28e4398f5c5f,68908890,passagem,Passagem Jorge Basile,Infraero,572484b1-1e48-4d7a-8864-2304f1a0f611,AP
01a02d5f-bbb7-78d6-b379-2e55fe9dbc8e,68908861,passagem,Passagem Josefa Banha,Infraero,572484b1-1e48-4d7a-8864-2304f1a0f611,AP
01a03136-930f-7b0f-8dff-bbdc93cb422b,68908861,passagem,Passagem Josefa Banha,Infraero,572484b1-1e48-4d7a-8864-2304f1a0f611,AP
01a02d5f-bbb7-78d6-b37b-567e942c5bcd,68908863,passagem,Passagem José Barbosa,Infraero,572484b1-1e48-4d7a-8864-2304f1a0f611,AP
01a03136-9318-731d-9634-aea6b8898c58,68908863,passagem,Passagem José Barbosa,Infraero,572484b1-1e48-4d7a-8864-2304f1a0f611,AP
01a02d5f-b9ad-7efd-9479-b838c3217dfe,68908210,passagem,Passagem José Bonifácio,Julião Ramos,572484b1-1e48-4d7a-8864-2304f1a0f611,AP
01a03136-8ec1-7f17-bc7c-e8d556cf4c39,68908210,passagem,Passagem José Bonifácio,Julião Ramos,572484b1-1e48-4d7a-8864-2304f1a0f611,AP
01a02d5f-bbb7-78d6-b376-3f2c54f5a23e,68908858,passagem,Passagem José Ferreira da Paz,Infraero,572484b1-1e48-4d7a-8864-2304f1a0f611,AP
01a03136-9304-7b42-832d-595188efb6de,68908858,passagem,Passagem José Ferreira da Paz,Infraero,572484b1-1e48-4d7a-8864-2304f1a0f611,AP
01a02d5f-d208-7631-9f04-485eed8e74cc,68908518,passagem,Passagem José Moacir Banha de Araújo,São Lázaro,572484b1-1e48-4d7a-8864-2304f1a0f611,AP
01a03136-b9f9-76df-9688-bb2432a8339d,68908518,passagem,Passagem José Moacir Banha de Araújo,São Lázaro,572484b1-1e48-4d7a-8864-2304f1a0f611,AP
01a02d5f-d417-7cad-8bcc-f501cfe5fa07,68905393,passagem,Passagem José Picanço de Menezes,Cidade Nova,572484b1-1e48-4d7a-8864-2304f1a0f611,AP
01a03136-bdda-7cfb-a323-4a0431935054,68905393,passagem,Passagem José Picanço de Menezes,Cidade Nova,572484b1-1e48-4d7a-8864-2304f1a0f611,AP
01a02d5f-9fc2-78dc-aa83-9c378e17a4b0,68900033,passagem,Passagem José Serra e Silva,Central,572484b1-1e48-4d7a-8864-2304f1a0f611,AP
01a03136-65eb-78c1-a63c-803db8d88929,68900033,passagem,Passagem José Serra e Silva,Central,572484b1-1e48-4d7a-8864-2304f1a0f611,AP
01a02d5f-a420-7041-9706-cad14ee037e5,68902465,passagem,Passagem José de Alencar,Muca,572484b1-1e48-4d7a-8864-2304f1a0f611,AP
01a03136-6f4f-73cb-bdb3-395848d63f73,68902465,passagem,Passagem José de Alencar,Muca,572484b1-1e48-4d7a-8864-2304f1a0f611,AP
01a02d5f-d62b-7078-b465-eb03c38e542b,68908273,passagem,Passagem Jovino Dinoá,Pacoval,572484b1-1e48-4d7a-8864-2304f1a0f611,AP
01a03136-c0a1-7ff0-a504-54901dc2f071,68908273,passagem,Passagem Jovino Dinoá,Pacoval,572484b1-1e48-4d7a-8864-2304f1a0f611,AP
01a02d5f-b13a-7f6c-9592-922e3ae7e790,68905870,passagem,Passagem João Alberto Capiberibe,Perpétuo Socorro,572484b1-1e48-4d7a-8864-2304f1a0f611,AP
01a03136-81da-7005-8675-3183ac7207e4,68905870,passagem,Passagem João Alberto Capiberibe,Perpétuo Socorro,572484b1-1e48-4d7a-8864-2304f1a0f611,AP
01a02d5f-acd6-7ea4-8957-0d6fd72f5862,68904039,passagem,Passagem K Gouveia,Novo Buritizal,572484b1-1e48-4d7a-8864-2304f1a0f611,AP
01a03136-7a15-771d-a36b-04365f1c3723,68904039,passagem,Passagem K Gouveia,Novo Buritizal,572484b1-1e48-4d7a-8864-2304f1a0f611,AP
01a02d5f-aaac-737d-ba5b-7f168f5dce28,68903789,passagem,Passagem Liberdade,Araxá,572484b1-1e48-4d7a-8864-2304f1a0f611,AP
01a03136-794f-7ce2-91df-0a40376e09a1,68903789,passagem,Passagem Liberdade,Araxá,572484b1-1e48-4d7a-8864-2304f1a0f611,AP
01a02d5f-af08-7671-bc1e-0af289b6383d,68905380,passagem,Passagem Lirios do Campo,Cidade Nova,572484b1-1e48-4d7a-8864-2304f1a0f611,AP
01a03136-7dfb-7c5f-b521-32c7899de7d4,68905380,passagem,Passagem Lirios do Campo,Cidade Nova,572484b1-1e48-4d7a-8864-2304f1a0f611,AP
01a02d5f-b13a-7676-9591-772963a207f3,68905860,passagem,Passagem Maestro Miguel,Perpétuo Socorro,572484b1-1e48-4d7a-8864-2304f1a0f611,AP
01a03136-81d6-7bd4-80f8-03f230703f60,68905860,passagem,Passagem Maestro Miguel,Perpétuo Socorro,572484b1-1e48-4d7a-8864-2304f1a0f611,AP
01a02d5f-aaac-737d-ba5d-4ed516f50185,68903791,passagem,Passagem Malafaia,Araxá,572484b1-1e48-4d7a-8864-2304f1a0f611,AP
01a03136-7956-7673-9e3f-f746331f355a,68903791,passagem,Passagem Malafaia,Araxá,572484b1-1e48-4d7a-8864-2304f1a0f611,AP
01a02d5f-d62b-7078-b466-439a11153ed1,68908274,passagem,Passagem Manoel Pacífico Cantuária,Pacoval,572484b1-1e48-4d7a-8864-2304f1a0f611,AP
01a03136-c0a5-755c-aaa7-fb25cb424e9d,68908274,passagem,Passagem Manoel Pacífico Cantuária,Pacoval,572484b1-1e48-4d7a-8864-2304f1a0f611,AP
01a02d5f-b139-7d0a-af45-7ed5280d6f92,68905735,passagem,Passagem Marcílio Dias,Perpétuo Socorro,572484b1-1e48-4d7a-8864-2304f1a0f611,AP
01a03136-81af-7deb-84a8-d5fa4497bb91,68905735,passagem,Passagem Marcílio Dias,Perpétuo Socorro,572484b1-1e48-4d7a-8864-2304f1a0f611,AP
01a02d5f-af08-7671-bc1f-62cde8d2940f,68905390,passagem,Passagem Margaridas,Cidade Nova,572484b1-1e48-4d7a-8864-2304f1a0f611,AP
01a03136-80e6-7fdb-a8b0-65fa3acbd355,68905390,passagem,Passagem Margaridas,Cidade Nova,572484b1-1e48-4d7a-8864-2304f1a0f611,AP
01a02d5f-aaac-737d-ba55-75ce56520249,68903783,passagem,Passagem Maridiana do Norte,Araxá,572484b1-1e48-4d7a-8864-2304f1a0f611,AP
01a03136-7936-7974-b995-5576dc486e33,68903783,passagem,Passagem Maridiana do Norte,Araxá,572484b1-1e48-4d7a-8864-2304f1a0f611,AP
01a02d5f-acd6-7612-893b-9c54668fb6d7,68903878,passagem,Passagem Marisol,Araxá,572484b1-1e48-4d7a-8864-2304f1a0f611,AP
01a03136-79ba-789a-8ef4-166dda5e82c3,68903878,passagem,Passagem Marisol,Araxá,572484b1-1e48-4d7a-8864-2304f1a0f611,AP
01a02d5f-aaac-737d-ba5c-f418ed844d54,68903790,passagem,Passagem Marisol II,Araxá,572484b1-1e48-4d7a-8864-2304f1a0f611,AP
01a03136-7953-71b9-91b9-f5a52621f69f,68903790,passagem,Passagem Marisol II,Araxá,572484b1-1e48-4d7a-8864-2304f1a0f611,AP
01a02d5f-aaac-737d-ba56-4d0a66b0305d,68903784,passagem,Passagem Meridional,Araxá,572484b1-1e48-4d7a-8864-2304f1a0f611,AP
01a03136-793f-72c3-9a91-7d1fc3341226,68903784,passagem,Passagem Meridional,Araxá,572484b1-1e48-4d7a-8864-2304f1a0f611,AP
01a02d5f-d414-7073-9a42-c567c5ca82b0,68906496,passagem,Passagem Miguel de Carvalho Uchoa,Marabaixo,572484b1-1e48-4d7a-8864-2304f1a0f611,AP
01a03136-bcdf-7337-a90c-fed0f421bb83,68906496,passagem,Passagem Miguel de Carvalho Uchoa,Marabaixo,572484b1-1e48-4d7a-8864-2304f1a0f611,AP
01a02d5f-a41e-7ef5-b894-dcae4e180407,68901790,passagem,Passagem Minas Gerais,Nova Esperança,572484b1-1e48-4d7a-8864-2304f1a0f611,AP
01a03136-6c49-7603-9cbf-461cbcadf6a6,68901790,passagem,Passagem Minas Gerais,Nova Esperança,572484b1-1e48-4d7a-8864-2304f1a0f611,AP
01a02d5f-acd8-7013-aa6a-2665399d87c7,68904288,passagem,Passagem Municipalista,Novo Buritizal,572484b1-1e48-4d7a-8864-2304f1a0f611,AP
01a03136-7cae-74e1-b767-c968a051c6e0,68904288,passagem,Passagem Municipalista,Novo Buritizal,572484b1-1e48-4d7a-8864-2304f1a0f611,AP
01a02d5f-aaac-737d-ba5a-ecd3df3e224b,68903788,passagem,Passagem Nazaré,Araxá,572484b1-1e48-4d7a-8864-2304f1a0f611,AP
01a02d5f-af08-7671-bc24-1666249ed2ca,68905450,passagem,Passagem Nazaré,Cidade Nova,572484b1-1e48-4d7a-8864-2304f1a0f611,AP
01a03136-794d-71ac-98dd-3af3e48bdada,68903788,passagem,Passagem Nazaré,Araxá,572484b1-1e48-4d7a-8864-2304f1a0f611,AP
01a03136-80fc-79ba-8b90-2c14625a5444,68905450,passagem,Passagem Nazaré,Cidade Nova,572484b1-1e48-4d7a-8864-2304f1a0f611,AP
01a02d5f-af09-7828-91db-a8562751e941,68905565,passagem,Passagem Nações Unidas,Perpétuo Socorro,572484b1-1e48-4d7a-8864-2304f1a0f611,AP
01a03136-8138-71aa-ae23-4a6107f3bda5,68905565,passagem,Passagem Nações Unidas,Perpétuo Socorro,572484b1-1e48-4d7a-8864-2304f1a0f611,AP
01a02d5f-b138-7b33-a5cb-265221429e2a,68905625,passagem,Passagem Nossa Senhora da Conceição,Perpétuo Socorro,572484b1-1e48-4d7a-8864-2304f1a0f611,AP
01a03136-816d-724d-a761-c2350c49a465,68905625,passagem,Passagem Nossa Senhora da Conceição,Perpétuo Socorro,572484b1-1e48-4d7a-8864-2304f1a0f611,AP
01a02d5f-b138-7b33-a5c6-e435aa15fd1b,68905615,passagem,Passagem Nossa Senhora de Fátima,Perpétuo Socorro,572484b1-1e48-4d7a-8864-2304f1a0f611,AP
01a03136-815c-7e8d-82a4-8b26a2a92b92,68905615,passagem,Passagem Nossa Senhora de Fátima,Perpétuo Socorro,572484b1-1e48-4d7a-8864-2304f1a0f611,AP
01a02d5f-b9ae-77bd-9b76-8fa47237fdb2,68908295,passagem,Passagem Nossa Senhora de Nazaré,Pacoval,572484b1-1e48-4d7a-8864-2304f1a0f611,AP
01a03136-8f04-70f2-aa64-010081a1bb7e,68908295,passagem,Passagem Nossa Senhora de Nazaré,Pacoval,572484b1-1e48-4d7a-8864-2304f1a0f611,AP
01a02d5f-b138-7b33-a5c4-a57a8c1d1fc8,68905605,passagem,Passagem Nossa Senhora do Perpétuo Socorro,Perpétuo Socorro,572484b1-1e48-4d7a-8864-2304f1a0f611,AP
01a03136-8156-7693-a43e-019348b43a4f,68905605,passagem,Passagem Nossa Senhora do Perpétuo Socorro,Perpétuo Socorro,572484b1-1e48-4d7a-8864-2304f1a0f611,AP
01a02d5f-af07-74ae-98ed-0b81af93e4d8,68905140,passagem,Passagem Orquídeas,Cidade Nova,572484b1-1e48-4d7a-8864-2304f1a0f611,AP
01a03136-7dbc-762e-8776-05062c8a7b26,68905140,passagem,Passagem Orquídeas,Cidade Nova,572484b1-1e48-4d7a-8864-2304f1a0f611,AP
01a02d5f-b139-7d0a-af47-8e09edd1dc48,68905745,passagem,Passagem Pedro Américo,Perpétuo Socorro,572484b1-1e48-4d7a-8864-2304f1a0f611,AP
01a03136-81b6-7b31-af13-cefdfde95c6b,68905745,passagem,Passagem Pedro Américo,Perpétuo Socorro,572484b1-1e48-4d7a-8864-2304f1a0f611,AP
01a02d5f-9fc2-78dc-aa7b-047e31bdddb1,68900016,passagem,Passagem Pedro Dantas,Central,572484b1-1e48-4d7a-8864-2304f1a0f611,AP
01a03136-65d1-7863-92b1-a01b40561ba5,68900016,passagem,Passagem Pedro Dantas,Central,572484b1-1e48-4d7a-8864-2304f1a0f611,AP
01a02d5f-bbb7-78d6-b377-a511c4d79177,68908859,passagem,Passagem Pedro Furtado,Infraero,572484b1-1e48-4d7a-8864-2304f1a0f611,AP
01a03136-9308-786f-a3be-54dda3f97e50,68908859,passagem,Passagem Pedro Furtado,Infraero,572484b1-1e48-4d7a-8864-2304f1a0f611,AP
01a02d5f-b7a9-7692-a15a-428a30a8906a,68908128,passagem,Passagem Ponte do Axé,Jesus de Nazaré,572484b1-1e48-4d7a-8864-2304f1a0f611,AP
01a03136-8c60-76ef-8a26-cb58539fd0bf,68908128,passagem,Passagem Ponte do Axé,Jesus de Nazaré,572484b1-1e48-4d7a-8864-2304f1a0f611,AP
01a02d5f-aaac-737d-ba54-4c3a79832017,68903782,passagem,Passagem Primavera,Araxá,572484b1-1e48-4d7a-8864-2304f1a0f611,AP
01a03136-772f-7deb-8b38-f7c2d65ab2ea,68903782,passagem,Passagem Primavera,Araxá,572484b1-1e48-4d7a-8864-2304f1a0f611,AP
01a02d5f-b139-7d0a-af3e-1ebf1c14a186,68905705,passagem,Passagem Primeira José do Espírito Santo,Perpétuo Socorro,572484b1-1e48-4d7a-8864-2304f1a0f611,AP
01a03136-8198-74f2-8a23-950b096b87db,68905705,passagem,Passagem Primeira José do Espírito Santo,Perpétuo Socorro,572484b1-1e48-4d7a-8864-2304f1a0f611,AP
01a02d5f-d417-7cad-8bc7-40cf16efc21d,68905081,passagem,Passagem Primeira da Manoel Cardoso,Cidade Nova,572484b1-1e48-4d7a-8864-2304f1a0f611,AP
01a03136-bdc9-75da-8024-2a80bc0ba2c1,68905081,passagem,Passagem Primeira da Manoel Cardoso,Cidade Nova,572484b1-1e48-4d7a-8864-2304f1a0f611,AP
01a02d5f-d417-7cad-8bc9-d325a8e733f4,68905171,passagem,Passagem Primeira da Santa Maria,Cidade Nova,572484b1-1e48-4d7a-8864-2304f1a0f611,AP
01a03136-bdd0-729c-8bf8-6e8e7e13e95d,68905171,passagem,Passagem Primeira da Santa Maria,Cidade Nova,572484b1-1e48-4d7a-8864-2304f1a0f611,AP
01a02d5f-af08-7671-bc21-e7b8986af4da,68905410,passagem,Passagem Primeira da Turibio,Cidade Nova,572484b1-1e48-4d7a-8864-2304f1a0f611,AP
01a03136-80f2-79b3-9c0d-cea0e48b3b0c,68905410,passagem,Passagem Primeira da Turibio,Cidade Nova,572484b1-1e48-4d7a-8864-2304f1a0f611,AP
01a02d5f-d417-7cad-8bd0-40cb36e011b4,68905734,passagem,Passagem Quarta da Turíbio,Perpétuo Socorro,572484b1-1e48-4d7a-8864-2304f1a0f611,AP
01a03136-bde9-755a-a524-91b75df63eae,68905734,passagem,Passagem Quarta da Turíbio,Perpétuo Socorro,572484b1-1e48-4d7a-8864-2304f1a0f611,AP
01a02d5f-bbb7-78d6-b375-ec9fd04df8bf,68908857,passagem,Passagem Quatorze Bis,Infraero,572484b1-1e48-4d7a-8864-2304f1a0f611,AP
01a03136-9301-763c-89aa-b7481203bb83,68908857,passagem,Passagem Quatorze Bis,Infraero,572484b1-1e48-4d7a-8864-2304f1a0f611,AP
01a02d5f-b13a-7f6c-9594-8a1f16eac9b2,68905890,passagem,Passagem Raimundo Ramos dos Passos,Perpétuo Socorro,572484b1-1e48-4d7a-8864-2304f1a0f611,AP
01a03136-81e1-7d44-93a5-99e112a3bfa8,68905890,passagem,Passagem Raimundo Ramos dos Passos,Perpétuo Socorro,572484b1-1e48-4d7a-8864-2304f1a0f611,AP
01a02d5f-9fc4-7b45-bc95-114112885f84,68900760,passagem,Passagem Rio Branco,Central,572484b1-1e48-4d7a-8864-2304f1a0f611,AP
01a03136-6868-7b78-a680-040e57db7c16,68900760,passagem,Passagem Rio Branco,Central,572484b1-1e48-4d7a-8864-2304f1a0f611,AP
01a02d5f-b9ae-77bd-9b6d-bd7c91f96879,68908271,passagem,Passagem Rio Grande do Norte,Pacoval,572484b1-1e48-4d7a-8864-2304f1a0f611,AP
01a03136-8ee2-716c-8dda-e80d4e2060be,68908271,passagem,Passagem Rio Grande do Norte,Pacoval,572484b1-1e48-4d7a-8864-2304f1a0f611,AP
01a02d5f-af08-7f4d-bc34-dc2b562edf52,68905545,passagem,Passagem Rio Jari,Perpétuo Socorro,572484b1-1e48-4d7a-8864-2304f1a0f611,AP
01a03136-812e-7566-9601-59d7011ec815,68905545,passagem,Passagem Rio Jari,Perpétuo Socorro,572484b1-1e48-4d7a-8864-2304f1a0f611,AP
01a02d5f-af08-7f4d-bc32-ac8c3331f9ab,68905535,passagem,Passagem Rio Negro,Perpétuo Socorro,572484b1-1e48-4d7a-8864-2304f1a0f611,AP
01a03136-8128-7dc5-bcc7-f53a59f7526f,68905535,passagem,Passagem Rio Negro,Perpétuo Socorro,572484b1-1e48-4d7a-8864-2304f1a0f611,AP
01a02d5f-b139-7423-af3a-fbad7e7ea5c1,68905660,passagem,Passagem Rio Parú,Perpétuo Socorro,572484b1-1e48-4d7a-8864-2304f1a0f611,AP
01a03136-818c-7285-bbfc-d789f3a558cf,68905660,passagem,Passagem Rio Parú,Perpétuo Socorro,572484b1-1e48-4d7a-8864-2304f1a0f611,AP
01a02d5f-b139-7423-af39-aae3972cc154,68905650,passagem,Passagem Rio Purus,Perpétuo Socorro,572484b1-1e48-4d7a-8864-2304f1a0f611,AP
01a03136-8189-7641-880f-8330091e9c47,68905650,passagem,Passagem Rio Purus,Perpétuo Socorro,572484b1-1e48-4d7a-8864-2304f1a0f611,AP
01a02d5f-af09-7828-91da-5c3f4f0bbfe1,68905555,passagem,Passagem Rio Xingu,Perpétuo Socorro,572484b1-1e48-4d7a-8864-2304f1a0f611,AP
01a03136-8134-7ed7-bd20-4aeee1db8886,68905555,passagem,Passagem Rio Xingu,Perpétuo Socorro,572484b1-1e48-4d7a-8864-2304f1a0f611,AP
01a02d5f-af08-7671-bc23-647fc1e1235f,68905440,passagem,Passagem Rosa Menina,Cidade Nova,572484b1-1e48-4d7a-8864-2304f1a0f611,AP
01a03136-80f9-74dc-8be2-ceb70ec0ff61,68905440,passagem,Passagem Rosa Menina,Cidade Nova,572484b1-1e48-4d7a-8864-2304f1a0f611,AP
01a02d5f-af07-74ae-98ec-b680358138b1,68905130,passagem,Passagem Rosa dos Ventos,Cidade Nova,572484b1-1e48-4d7a-8864-2304f1a0f611,AP
01a03136-7db8-777d-ae7b-c316c9678e29,68905130,passagem,Passagem Rosa dos Ventos,Cidade Nova,572484b1-1e48-4d7a-8864-2304f1a0f611,AP
01a02d5f-a420-7041-96f8-e987ec88724e,68902324,passagem,Passagem Rui Barbosa,Muca,572484b1-1e48-4d7a-8864-2304f1a0f611,AP
01a03136-6f1f-7939-8253-06389eef07ca,68902324,passagem,Passagem Rui Barbosa,Muca,572484b1-1e48-4d7a-8864-2304f1a0f611,AP
01a02d5f-a420-7041-96f5-342de4f62ee4,68902321,passagem,Passagem S do Sena,Muca,572484b1-1e48-4d7a-8864-2304f1a0f611,AP
01a03136-6f15-77bc-8d27-cf41f0eee482,68902321,passagem,Passagem S do Sena,Muca,572484b1-1e48-4d7a-8864-2304f1a0f611,AP
01a02d5f-d822-76b7-bf68-892ea997143a,68928399,passagem,Passagem Salmo 23,Fé em Deus,324f5453-20fa-4565-9dd4-6c6514f449bf,AP
01a03136-c406-7465-989c-4b25e672221b,68928399,passagem,Passagem Salmo 23,Fé em Deus,324f5453-20fa-4565-9dd4-6c6514f449bf,AP
01a02d5f-d822-76b7-bf69-e950e1b3c9ca,68928401,passagem,Passagem Salmo 91,Fé em Deus,324f5453-20fa-4565-9dd4-6c6514f449bf,AP
01a03136-c409-78d1-b82b-cb70ad164717,68928401,passagem,Passagem Salmo 91,Fé em Deus,324f5453-20fa-4565-9dd4-6c6514f449bf,AP
01a02d5f-a1ef-7d2d-831e-6131f11fbc04,68901264,passagem,Passagem Santa Catarina,Santa Rita,572484b1-1e48-4d7a-8864-2304f1a0f611,AP
01a03136-6923-775d-94aa-b709bef876fe,68901264,passagem,Passagem Santa Catarina,Santa Rita,572484b1-1e48-4d7a-8864-2304f1a0f611,AP
01a02d5f-b138-7b33-a5c8-cfcea06b77ff,68905621,passagem,Passagem Santa Fé,Perpétuo Socorro,572484b1-1e48-4d7a-8864-2304f1a0f611,AP
01a03136-8163-7e1c-bc12-ce84bfda85b4,68905621,passagem,Passagem Santa Fé,Perpétuo Socorro,572484b1-1e48-4d7a-8864-2304f1a0f611,AP
01a02d5f-b7a9-7f43-a166-e7480681b799,68908192,passagem,Passagem Santa Luzia,Julião Ramos,572484b1-1e48-4d7a-8864-2304f1a0f611,AP
01a03136-8ea4-7a90-8752-e7f163cb8546,68908192,passagem,Passagem Santa Luzia,Julião Ramos,572484b1-1e48-4d7a-8864-2304f1a0f611,AP
01a02d5f-b7a8-7de6-8835-0182c1b94b81,68908073,passagem,Passagem Santa Maria,Infraero,572484b1-1e48-4d7a-8864-2304f1a0f611,AP
01a03136-8bea-76ec-8cfd-ce5e01cf86b2,68908073,passagem,Passagem Santa Maria,Infraero,572484b1-1e48-4d7a-8864-2304f1a0f611,AP
01a02d5f-b7a9-7f43-a165-5f07edfdd228,68908191,passagem,Passagem Santa Marta,Julião Ramos,572484b1-1e48-4d7a-8864-2304f1a0f611,AP
01a02d5f-b13a-7f6c-9593-b172bf9e18cf,68905880,passagem,Passagem Santa Marta,Perpétuo Socorro,572484b1-1e48-4d7a-8864-2304f1a0f611,AP
01a03136-81de-7012-89cb-5bc0eee16b9e,68905880,passagem,Passagem Santa Marta,Perpétuo Socorro,572484b1-1e48-4d7a-8864-2304f1a0f611,AP
01a03136-8ea0-7daa-b4d1-d0380e555525,68908191,passagem,Passagem Santa Marta,Julião Ramos,572484b1-1e48-4d7a-8864-2304f1a0f611,AP
01a02d5f-b139-7423-af37-805e9f871169,68905635,passagem,Passagem Santa Terezinha,Perpétuo Socorro,572484b1-1e48-4d7a-8864-2304f1a0f611,AP
01a03136-8182-7d17-b7da-6dfcd8df34ca,68905635,passagem,Passagem Santa Terezinha,Perpétuo Socorro,572484b1-1e48-4d7a-8864-2304f1a0f611,AP
01a02d5f-b13a-7676-9590-e00ccc4e0dd4,68905850,passagem,Passagem Santo Agostinho,Perpétuo Socorro,572484b1-1e48-4d7a-8864-2304f1a0f611,AP
01a03136-81d3-7718-a42e-0ced850d565c,68905850,passagem,Passagem Santo Agostinho,Perpétuo Socorro,572484b1-1e48-4d7a-8864-2304f1a0f611,AP
01a02d5f-d821-74b6-9972-ffa06d2d028d,68909630,passagem,Passagem Santo Antônio,Boné Azul,572484b1-1e48-4d7a-8864-2304f1a0f611,AP
01a02d5f-aaac-7c36-ba60-cd7181839a49,68903794,passagem,Passagem Santo Antônio,Araxá,572484b1-1e48-4d7a-8864-2304f1a0f611,AP
01a03136-795f-7b2a-a30d-90e41016505b,68903794,passagem,Passagem Santo Antônio,Araxá,572484b1-1e48-4d7a-8864-2304f1a0f611,AP
01a03136-c37d-7a8d-8264-595fd559c1fc,68909630,passagem,Passagem Santo Antônio,Boné Azul,572484b1-1e48-4d7a-8864-2304f1a0f611,AP
01a02d5f-d417-7cad-8bc8-e0c5e3192ce3,68905082,passagem,Passagem Segunda da Manoel Cardoso,Cidade Nova,572484b1-1e48-4d7a-8864-2304f1a0f611,AP
01a03136-bdcc-7ae2-a702-064e5e02b405,68905082,passagem,Passagem Segunda da Manoel Cardoso,Cidade Nova,572484b1-1e48-4d7a-8864-2304f1a0f611,AP
01a02d5f-d417-7cad-8bca-d8e95fe9c967,68905172,passagem,Passagem Segunda da Santa Maria,Cidade Nova,572484b1-1e48-4d7a-8864-2304f1a0f611,AP
01a03136-bdd4-70b9-8455-5983ace48c41,68905172,passagem,Passagem Segunda da Santa Maria,Cidade Nova,572484b1-1e48-4d7a-8864-2304f1a0f611,AP
01a02d5f-d417-7cad-8bce-6c841dc4df7a,68905732,passagem,Passagem Segunda da Turíbio,Perpétuo Socorro,572484b1-1e48-4d7a-8864-2304f1a0f611,AP
01a03136-bde2-7836-be98-39a9adec4d1b,68905732,passagem,Passagem Segunda da Turíbio,Perpétuo Socorro,572484b1-1e48-4d7a-8864-2304f1a0f611,AP
01a02d5f-b139-7d0a-af41-99fbe3ef0690,68905715,passagem,Passagem Segunda do Espírito Santo,Perpétuo Socorro,572484b1-1e48-4d7a-8864-2304f1a0f611,AP
01a03136-81a2-757f-bf21-f45cd706b64f,68905715,passagem,Passagem Segunda do Espírito Santo,Perpétuo Socorro,572484b1-1e48-4d7a-8864-2304f1a0f611,AP
01a02d5f-cc1c-706d-8221-9b14113fe91b,68927417,passagem,Passagem Sem Denominação,Provedor,324f5453-20fa-4565-9dd4-6c6514f449bf,AP
01a03136-b03f-753e-b6bf-bbff32b4d60b,68927417,passagem,Passagem Sem Denominação,Provedor,324f5453-20fa-4565-9dd4-6c6514f449bf,AP
01a02d5f-cc1c-706d-8224-d4f058d717f2,68927426,passagem,Passagem Sem Denominação 2,Provedor,324f5453-20fa-4565-9dd4-6c6514f449bf,AP
01a03136-b048-7bc1-9f8e-9c857cca11d1,68927426,passagem,Passagem Sem Denominação 2,Provedor,324f5453-20fa-4565-9dd4-6c6514f449bf,AP
01a02d5f-d416-7b60-b887-f097979691b1,68903399,passagem,Passagem Sol,Jardim Marco Zero,572484b1-1e48-4d7a-8864-2304f1a0f611,AP
01a03136-bd89-70ad-8524-e281c5c9aae3,68903399,passagem,Passagem Sol,Jardim Marco Zero,572484b1-1e48-4d7a-8864-2304f1a0f611,AP
01a02d5f-af07-74ae-98f1-62832fa1bd8d,68905180,passagem,Passagem São Benedito,Cidade Nova,572484b1-1e48-4d7a-8864-2304f1a0f611,AP
01a03136-7dc8-7ec2-b036-55dbcb4280e5,68905180,passagem,Passagem São Benedito,Cidade Nova,572484b1-1e48-4d7a-8864-2304f1a0f611,AP
01a02d5f-b138-7b33-a5c2-1825d7992d8a,68905595,passagem,Passagem São José,Perpétuo Socorro,572484b1-1e48-4d7a-8864-2304f1a0f611,AP
01a03136-814f-7b22-a26c-424bc29331ba,68905595,passagem,Passagem São José,Perpétuo Socorro,572484b1-1e48-4d7a-8864-2304f1a0f611,AP
01a02d5f-b9ae-77bd-9b7b-57e40169d0e0,68908318,passagem,Passagem São Paulo,Pacoval,572484b1-1e48-4d7a-8864-2304f1a0f611,AP
01a03136-8f16-781f-aac2-5871f7ea5c9d,68908318,passagem,Passagem São Paulo,Pacoval,572484b1-1e48-4d7a-8864-2304f1a0f611,AP
01a02d5f-b139-7d0a-af43-e4e855fbace7,68905725,passagem,Passagem Terceira José do Espírito Santo,Perpétuo Socorro,572484b1-1e48-4d7a-8864-2304f1a0f611,AP
01a03136-81a8-760b-b657-ea2294f1e894,68905725,passagem,Passagem Terceira José do Espírito Santo,Perpétuo Socorro,572484b1-1e48-4d7a-8864-2304f1a0f611,AP
01a02d5f-d417-7cad-8bcf-1b91ed7bd5ed,68905733,passagem,Passagem Terceira da Turíbio,Perpétuo Socorro,572484b1-1e48-4d7a-8864-2304f1a0f611,AP
01a03136-bde5-7cd2-b164-2f7d1b8908d8,68905733,passagem,Passagem Terceira da Turíbio,Perpétuo Socorro,572484b1-1e48-4d7a-8864-2304f1a0f611,AP
01a02d5f-a41e-7468-b883-defa3eebc32e,68901592,passagem,Passagem Terceiro Bis,Nova Esperança,572484b1-1e48-4d7a-8864-2304f1a0f611,AP
01a03136-6c11-73fb-9fdc-6b6dede52f6f,68901592,passagem,Passagem Terceiro Bis,Nova Esperança,572484b1-1e48-4d7a-8864-2304f1a0f611,AP
01a02d5f-d416-7b60-b886-0e7eac4577a2,68903398,passagem,Passagem Terra,Jardim Marco Zero,572484b1-1e48-4d7a-8864-2304f1a0f611,AP
01a03136-bd85-7bd0-b610-8a596b276694,68903398,passagem,Passagem Terra,Jardim Marco Zero,572484b1-1e48-4d7a-8864-2304f1a0f611,AP
01a02d5f-aaac-737d-ba58-526cbd5e51ce,68903786,passagem,Passagem Tiza,Araxá,572484b1-1e48-4d7a-8864-2304f1a0f611,AP
01a03136-7946-7714-9deb-67d5977a37c3,68903786,passagem,Passagem Tiza,Araxá,572484b1-1e48-4d7a-8864-2304f1a0f611,AP
01a02d5f-af06-723f-9dd3-3fdbf13fc2a4,68904809,passagem,Passagem Treze de Setembro,Novo Buritizal,572484b1-1e48-4d7a-8864-2304f1a0f611,AP
01a03136-7d77-79a9-8f9f-25c21eff6f2f,68904809,passagem,Passagem Treze de Setembro,Novo Buritizal,572484b1-1e48-4d7a-8864-2304f1a0f611,AP
01a02d5f-bbb7-78d6-b371-5ed434a4093c,68908853,passagem,Passagem Tucano,Infraero,572484b1-1e48-4d7a-8864-2304f1a0f611,AP
01a03136-92f3-707e-bab9-3e4089b774ce,68908853,passagem,Passagem Tucano,Infraero,572484b1-1e48-4d7a-8864-2304f1a0f611,AP
01a02d5f-a646-7328-893d-d18bfdd5ff81,68903016,passagem,Passagem Tupinambá,Jardim Equatorial,572484b1-1e48-4d7a-8864-2304f1a0f611,AP
01a03136-7012-7bf4-bb9d-03898dfcb84c,68903016,passagem,Passagem Tupinambá,Jardim Equatorial,572484b1-1e48-4d7a-8864-2304f1a0f611,AP
01a02d5f-a879-70e4-874e-b75fc2757004,68903405,passagem,Passagem Uirapuru,Jardim Marco Zero,572484b1-1e48-4d7a-8864-2304f1a0f611,AP
01a03136-7604-774d-aa66-d3276262cc94,68903405,passagem,Passagem Uirapuru,Jardim Marco Zero,572484b1-1e48-4d7a-8864-2304f1a0f611,AP
01a02d5f-af07-7d6a-98fd-95330f0fb27f,68905350,passagem,Passagem Ulisses Guimarães,Cidade Nova,572484b1-1e48-4d7a-8864-2304f1a0f611,AP
01a03136-7df1-72aa-a187-ef0c59c76b39,68905350,passagem,Passagem Ulisses Guimarães,Cidade Nova,572484b1-1e48-4d7a-8864-2304f1a0f611,AP
01a02d5f-b9af-706c-a9b2-f4a77fe4b768,68908475,passagem,Passagem Vale Verde,São Lázaro,572484b1-1e48-4d7a-8864-2304f1a0f611,AP
01a03136-8f7e-78b2-8929-d25f7545c175,68908475,passagem,Passagem Vale Verde,São Lázaro,572484b1-1e48-4d7a-8864-2304f1a0f611,AP
01a02d5f-d416-7b60-b88a-8557a7ad411c,68903403,passagem,Passagem Venus,Jardim Marco Zero,572484b1-1e48-4d7a-8864-2304f1a0f611,AP
01a03136-bd93-7062-8280-9cec7ae0628c,68903403,passagem,Passagem Venus,Jardim Marco Zero,572484b1-1e48-4d7a-8864-2304f1a0f611,AP
01a02d5f-a420-7041-96f3-7f6747491ca8,68902318,passagem,Passagem Vila Lobos,Muca,572484b1-1e48-4d7a-8864-2304f1a0f611,AP
01a03136-6f0e-7e24-aa38-4ea5eaa8009c,68902318,passagem,Passagem Vila Lobos,Muca,572484b1-1e48-4d7a-8864-2304f1a0f611,AP
01a02d5f-c3e1-7904-8fc1-cd3bf4d7b622,68911150,passagem,Passagem Vila Operária,Fazendinha,572484b1-1e48-4d7a-8864-2304f1a0f611,AP
01a03136-a400-79e3-aedc-f8b3b7000309,68911150,passagem,Passagem Vila Operária,Fazendinha,572484b1-1e48-4d7a-8864-2304f1a0f611,AP
01a02d5f-d208-7631-9f03-35b24a578e95,68908517,passagem,Passagem Vitória Régia,São Lázaro,572484b1-1e48-4d7a-8864-2304f1a0f611,AP
01a03136-b9f6-7771-b499-c37dbc2e36ac,68908517,passagem,Passagem Vitória Régia,São Lázaro,572484b1-1e48-4d7a-8864-2304f1a0f611,AP
01a02d5f-d207-7d87-85c9-ab296b0daefb,68906479,passagem,Passagem X do Sul,Marabaixo,572484b1-1e48-4d7a-8864-2304f1a0f611,AP
01a03136-b987-719a-ad0a-7d88b1391434,68906479,passagem,Passagem X do Sul,Marabaixo,572484b1-1e48-4d7a-8864-2304f1a0f611,AP
01a02d5f-bfdb-7fb3-935c-2c3c95912425,68909473,passagem,Passagem da Amizade,Boné Azul,572484b1-1e48-4d7a-8864-2304f1a0f611,AP
01a02d5f-a420-7041-9703-c80011794c50,68902358,passagem,Passagem da Amizade,Muca,572484b1-1e48-4d7a-8864-2304f1a0f611,AP
01a03136-6f45-73a7-8c32-0b651cc5dc41,68902358,passagem,Passagem da Amizade,Muca,572484b1-1e48-4d7a-8864-2304f1a0f611,AP
01a03136-99e5-78a9-8c22-12d5271d5c22,68909473,passagem,Passagem da Amizade,Boné Azul,572484b1-1e48-4d7a-8864-2304f1a0f611,AP
01a02d5f-af08-7671-bc20-fd13b4d8708f,68905400,passagem,Passagem das Carmelias,Cidade Nova,572484b1-1e48-4d7a-8864-2304f1a0f611,AP
01a03136-80ee-7bdb-9cc1-e3dac23e5108,68905400,passagem,Passagem das Carmelias,Cidade Nova,572484b1-1e48-4d7a-8864-2304f1a0f611,AP
01a02d5f-acd6-7612-893a-447c2929332d,68903877,passagem,Passagem das Graças,Araxá,572484b1-1e48-4d7a-8864-2304f1a0f611,AP
01a03136-79b7-7093-8e2d-0e17ff95e835,68903877,passagem,Passagem das Graças,Araxá,572484b1-1e48-4d7a-8864-2304f1a0f611,AP
01a02d5f-d00a-71c5-be94-b5f3a6dba094,68903082,passagem,Passagem das Naçôes,Pedrinhas,572484b1-1e48-4d7a-8864-2304f1a0f611,AP
01a03136-b6a8-7a68-8829-f9f76d8b7c50,68903082,passagem,Passagem das Naçôes,Pedrinhas,572484b1-1e48-4d7a-8864-2304f1a0f611,AP
01a02d5f-d208-7631-9f02-0506903005ce,68908516,passagem,Passagem do Ambrósio,São Lázaro,572484b1-1e48-4d7a-8864-2304f1a0f611,AP
01a03136-b9f2-793b-b936-aa8aba243319,68908516,passagem,Passagem do Ambrósio,São Lázaro,572484b1-1e48-4d7a-8864-2304f1a0f611,AP
01a02d5f-d00a-71c5-be93-2d44c7ccd0b0,68903081,passagem,Passagem do Amor,Pedrinhas,572484b1-1e48-4d7a-8864-2304f1a0f611,AP
01a03136-b6a4-7c20-8067-3a4c5202567f,68903081,passagem,Passagem do Amor,Pedrinhas,572484b1-1e48-4d7a-8864-2304f1a0f611,AP
01a02d5f-d207-7d87-85d9-64a98205f0e3,68906495,passagem,Passagem do Breu,Marabaixo,572484b1-1e48-4d7a-8864-2304f1a0f611,AP
01a03136-b9bc-7f11-965d-66831e5201da,68906495,passagem,Passagem do Breu,Marabaixo,572484b1-1e48-4d7a-8864-2304f1a0f611,AP
01a02d5f-d00a-7a39-be9b-123b848819b9,68903611,passagem,Passagem do Gringo,Universidade,572484b1-1e48-4d7a-8864-2304f1a0f611,AP
01a03136-b6c1-7770-863a-3ea6321e546a,68903611,passagem,Passagem do Gringo,Universidade,572484b1-1e48-4d7a-8864-2304f1a0f611,AP
01a02d5f-b9af-706c-a9a0-114b1e1b3e7e,68908389,passagem,Passagem do Jandiá,Pacoval,572484b1-1e48-4d7a-8864-2304f1a0f611,AP
01a03136-8f3a-7c46-adcc-d668f8776741,68908389,passagem,Passagem do Jandiá,Pacoval,572484b1-1e48-4d7a-8864-2304f1a0f611,AP
01a02d5f-a420-7041-96f6-ae80a0ee149b,68902322,passagem,Passagem do L,Muca,572484b1-1e48-4d7a-8864-2304f1a0f611,AP
01a03136-6f18-7dff-9e35-7f678d9b60ae,68902322,passagem,Passagem do L,Muca,572484b1-1e48-4d7a-8864-2304f1a0f611,AP
01a02d5f-aaa9-7e53-9c28-b35056923e30,68903492,passagem,Passagem do Malha,Universidade,572484b1-1e48-4d7a-8864-2304f1a0f611,AP
01a03136-765d-76f1-a3b6-b3f4420197d9,68903492,passagem,Passagem do Malha,Universidade,572484b1-1e48-4d7a-8864-2304f1a0f611,AP
01a02d5f-a1f0-7fb1-a33f-8b2d6dafa416,68901484,passagem,Passagem do Mucajá,Santa Inês,572484b1-1e48-4d7a-8864-2304f1a0f611,AP
01a03136-6bce-7246-8704-ca1e36c3c4da,68901484,passagem,Passagem do Mucajá,Santa Inês,572484b1-1e48-4d7a-8864-2304f1a0f611,AP
01a02d5f-bbb9-7967-8631-904b8aff1672,68908885,passagem,Passagem dos Bandeirantes,Infraero,572484b1-1e48-4d7a-8864-2304f1a0f611,AP
01a03136-9363-72ce-95c0-1f9e0bf582b3,68908885,passagem,Passagem dos Bandeirantes,Infraero,572484b1-1e48-4d7a-8864-2304f1a0f611,AP
01a02d5f-a1f1-7895-9681-43ce3631bd22,68901487,passarela,Passarela Acelino de Leão,Santa Inês,572484b1-1e48-4d7a-8864-2304f1a0f611,AP
01a03136-6bd8-782d-a14a-69f5e18df445,68901487,passarela,Passarela Acelino de Leão,Santa Inês,572484b1-1e48-4d7a-8864-2304f1a0f611,AP
01a02d5f-acd5-7d26-8910-c2e705ca6575,68903867,passarela,Passarela Beco da Saudade,Araxá,572484b1-1e48-4d7a-8864-2304f1a0f611,AP
01a03136-799c-789b-9632-ccdad968e731,68903867,passarela,Passarela Beco da Saudade,Araxá,572484b1-1e48-4d7a-8864-2304f1a0f611,AP
01a02d5f-a646-7328-8943-3078e45f789e,68903051,passarela,Passarela Beira Rio,Zerão,572484b1-1e48-4d7a-8864-2304f1a0f611,AP
01a02d5f-c3dd-7c24-bed1-ff2c3d9ae77a,68911004,passarela,Passarela Beira Rio,Fazendinha,572484b1-1e48-4d7a-8864-2304f1a0f611,AP
01a02d5f-aaaa-79c0-8083-f645f9ab1076,68903514,passarela,Passarela Beira Rio,Zerão,572484b1-1e48-4d7a-8864-2304f1a0f611,AP
01a02d5f-aaac-7c36-ba6c-96b9073c478f,68903861,passarela,Passarela Beira Rio,Araxá,572484b1-1e48-4d7a-8864-2304f1a0f611,AP
01a03136-7026-706f-ae03-68efb7f5150e,68903051,passarela,Passarela Beira Rio,Zerão,572484b1-1e48-4d7a-8864-2304f1a0f611,AP
01a03136-7689-76c6-b2fd-beae06e8efd8,68903514,passarela,Passarela Beira Rio,Zerão,572484b1-1e48-4d7a-8864-2304f1a0f611,AP
01a03136-7989-7948-84ed-3b64904374ef,68903861,passarela,Passarela Beira Rio,Araxá,572484b1-1e48-4d7a-8864-2304f1a0f611,AP
01a03136-a0a7-7019-9fec-7263b33015e5,68911004,passarela,Passarela Beira Rio,Fazendinha,572484b1-1e48-4d7a-8864-2304f1a0f611,AP
01a02d5f-acd5-7d26-8914-782ddf69c0d5,68903873,passarela,Passarela Bianor,Araxá,572484b1-1e48-4d7a-8864-2304f1a0f611,AP
01a03136-79a9-7cdc-896c-1ea30a7fcba7,68903873,passarela,Passarela Bianor,Araxá,572484b1-1e48-4d7a-8864-2304f1a0f611,AP
01a02d5f-acd5-7d26-890d-4109b561004a,68903864,passarela,Passarela Bom Jesus,Araxá,572484b1-1e48-4d7a-8864-2304f1a0f611,AP
01a03136-7993-70ba-9340-12f9521211dc,68903864,passarela,Passarela Bom Jesus,Araxá,572484b1-1e48-4d7a-8864-2304f1a0f611,AP
01a02d5f-aaac-7c36-ba6e-69c71b16e536,68903863,passarela,Passarela Liberdade,Araxá,572484b1-1e48-4d7a-8864-2304f1a0f611,AP
01a03136-798f-7976-ae1b-d8ad39f920ef,68903863,passarela,Passarela Liberdade,Araxá,572484b1-1e48-4d7a-8864-2304f1a0f611,AP
01a02d5f-aaac-7c36-ba6d-a35ee6fe50d1,68903862,passarela,Passarela Marisol,Araxá,572484b1-1e48-4d7a-8864-2304f1a0f611,AP
01a03136-798c-7dd6-af2b-91226eaae5aa,68903862,passarela,Passarela Marisol,Araxá,572484b1-1e48-4d7a-8864-2304f1a0f611,AP
01a02d5f-d415-71e7-bde3-b2dedd586f55,68905465,passarela,Passarela Ponte da Maranhão,Cidade Nova,572484b1-1e48-4d7a-8864-2304f1a0f611,AP
01a03136-bd35-716f-b8f9-613938542577,68905465,passarela,Passarela Ponte da Maranhão,Cidade Nova,572484b1-1e48-4d7a-8864-2304f1a0f611,AP
01a02d5f-d415-71e7-bde4-0fcf06a27f24,68905466,passarela,Passarela Ponte da Piauí,Cidade Nova,572484b1-1e48-4d7a-8864-2304f1a0f611,AP
01a03136-bd38-75c6-be45-7edc7b40c429,68905466,passarela,Passarela Ponte da Piauí,Cidade Nova,572484b1-1e48-4d7a-8864-2304f1a0f611,AP
01a02d5f-acd5-7d26-8911-eb7f81d9ef89,68903868,passarela,Passarela Santa Clara,Araxá,572484b1-1e48-4d7a-8864-2304f1a0f611,AP
01a03136-799f-7d2c-a778-8d33c22ee316,68903868,passarela,Passarela Santa Clara,Araxá,572484b1-1e48-4d7a-8864-2304f1a0f611,AP
01a02d5f-acd5-7d26-8912-51bfec03f580,68903869,passarela,Passarela Santo Antonio,Araxá,572484b1-1e48-4d7a-8864-2304f1a0f611,AP
01a03136-79a3-7456-847f-96a095a8e815,68903869,passarela,Passarela Santo Antonio,Araxá,572484b1-1e48-4d7a-8864-2304f1a0f611,AP
01a02d5f-a1f0-7fb1-a33e-33c9587a5a3b,68901483,passarela,Passarela do Mucajá,Santa Inês,572484b1-1e48-4d7a-8864-2304f1a0f611,AP
01a03136-6bca-7b50-b3b2-6692905d0891,68901483,passarela,Passarela do Mucajá,Santa Inês,572484b1-1e48-4d7a-8864-2304f1a0f611,AP
01a02d5f-9fc4-7b45-bc92-e10be5b1f59c,68900453,praça,Praça Barão do Rio Branco,Central,572484b1-1e48-4d7a-8864-2304f1a0f611,AP
01a03136-685f-7593-8f13-da042e5f9de8,68900453,praça,Praça Barão do Rio Branco,Central,572484b1-1e48-4d7a-8864-2304f1a0f611,AP
01a02d5f-b7a9-7692-a150-0def37e32402,68908114,praça,Praça Chico Noé,Jesus de Nazaré,572484b1-1e48-4d7a-8864-2304f1a0f611,AP
01a03136-8c3d-7365-9de8-1ba8155c759b,68908114,praça,Praça Chico Noé,Jesus de Nazaré,572484b1-1e48-4d7a-8864-2304f1a0f611,AP
01a02d5f-9fc5-73b0-819b-3b1c9cfc0aae,68900840,praça,Praça Floriano Peixoto,Central,572484b1-1e48-4d7a-8864-2304f1a0f611,AP
01a03136-6872-7aa9-98ab-294a8c04f2a7,68900840,praça,Praça Floriano Peixoto,Central,572484b1-1e48-4d7a-8864-2304f1a0f611,AP
01a02d5f-9fc4-7b45-bc96-290a6a1a7100,68900800,praça,Praça Isaac Zagury,Central,572484b1-1e48-4d7a-8864-2304f1a0f611,AP
01a03136-686b-7fe2-b2a4-b5ea5f36660e,68900800,praça,Praça Isaac Zagury,Central,572484b1-1e48-4d7a-8864-2304f1a0f611,AP
01a02d5f-a1ee-7c0f-9f7c-b369d55da0b7,68901045,praça,Praça Nossa Senhora da Conceição,Trem,572484b1-1e48-4d7a-8864-2304f1a0f611,AP
01a03136-68c9-7830-bf8d-ab26780b01b0,68901045,praça,Praça Nossa Senhora da Conceição,Trem,572484b1-1e48-4d7a-8864-2304f1a0f611,AP
01a02d5f-9fc4-7b45-bc97-0eb7db6aee98,68900810,praça,Praça Veiga Cabral,Central,572484b1-1e48-4d7a-8864-2304f1a0f611,AP
01a03136-686f-74a3-a418-60ecd2786cef,68900810,praça,Praça Veiga Cabral,Central,572484b1-1e48-4d7a-8864-2304f1a0f611,AP
01a02d5f-9fc4-7b45-bc8d-a974174ba7f2,68900102,praça,Praça da Bandeira,Central,572484b1-1e48-4d7a-8864-2304f1a0f611,AP
01a03136-684f-7a0d-ab82-1894d811c2de,68900102,praça,Praça da Bandeira,Central,572484b1-1e48-4d7a-8864-2304f1a0f611,AP
01a02d5f-d009-7956-a60b-1b8609799d87,68948970,quadra,Quadra BC-04 156,Vila Primária,bb616d96-8138-46bf-bceb-692bd9824ed7,AP
01a03136-b65d-703b-9b26-c098de64d292,68948970,quadra,Quadra BC-04 156,Vila Primária,bb616d96-8138-46bf-bceb-692bd9824ed7,AP
01a02d5f-cc1a-7f3f-a26f-495b9bf9d386,68927335,ramal,Ramal 19 de Maio,Nova Brasília,324f5453-20fa-4565-9dd4-6c6514f449bf,AP
01a03136-afee-795c-a8ca-907087c6cc81,68927335,ramal,Ramal 19 de Maio,Nova Brasília,324f5453-20fa-4565-9dd4-6c6514f449bf,AP
01a02d5f-a878-7809-a0c8-187a5e047395,68903368,ramal,Ramal Assesap,Jardim Marco Zero,572484b1-1e48-4d7a-8864-2304f1a0f611,AP
01a03136-7394-78d1-98b8-b55c30879dd2,68903368,ramal,Ramal Assesap,Jardim Marco Zero,572484b1-1e48-4d7a-8864-2304f1a0f611,AP
01a02d5f-a879-70e4-8749-c3e89b5ed526,68903389,ramal,Ramal Bom Jesus,Jardim Marco Zero,572484b1-1e48-4d7a-8864-2304f1a0f611,AP
01a02d5f-d00a-7a39-be9d-06286f12463b,68903614,ramal,Ramal Bom Jesus,Universidade,572484b1-1e48-4d7a-8864-2304f1a0f611,AP
01a03136-75f1-7db5-8579-34ad2dbf40f8,68903389,ramal,Ramal Bom Jesus,Jardim Marco Zero,572484b1-1e48-4d7a-8864-2304f1a0f611,AP
01a03136-b6c8-7105-92ab-f32ab7e633fd,68903614,ramal,Ramal Bom Jesus,Universidade,572484b1-1e48-4d7a-8864-2304f1a0f611,AP
01a02d5f-a877-7f38-b94f-34862456d3b1,68903332,ramal,Ramal Dois Irmãos,Jardim Marco Zero,572484b1-1e48-4d7a-8864-2304f1a0f611,AP
01a03136-734c-7834-bce2-68a9263211a1,68903332,ramal,Ramal Dois Irmãos,Jardim Marco Zero,572484b1-1e48-4d7a-8864-2304f1a0f611,AP
01a02d5f-c3e0-77a9-86c6-03425bc48955,68911126,ramal,Ramal Estaleiro,Fazendinha,572484b1-1e48-4d7a-8864-2304f1a0f611,AP
01a02d5f-d208-7ee0-9f28-292385d17136,68911472,ramal,Ramal Estaleiro,Muruci (Fazendinha),572484b1-1e48-4d7a-8864-2304f1a0f611,AP
01a03136-a15e-71bd-ac71-4c6480243ae0,68911126,ramal,Ramal Estaleiro,Fazendinha,572484b1-1e48-4d7a-8864-2304f1a0f611,AP
01a03136-ba6a-7102-9bb7-b30afc2f75d1,68911472,ramal,Ramal Estaleiro,Muruci (Fazendinha),572484b1-1e48-4d7a-8864-2304f1a0f611,AP
01a02d5f-aaa9-7e53-9c26-c9c41a64f204,68903489,ramal,Ramal Eurico Gaspar,Universidade,572484b1-1e48-4d7a-8864-2304f1a0f611,AP
01a02d5f-a877-7f38-b94e-88d29b083dfe,68903331,ramal,Ramal Eurico Gaspar,Jardim Marco Zero,572484b1-1e48-4d7a-8864-2304f1a0f611,AP
01a03136-7348-797d-a1a2-b9740f727a3a,68903331,ramal,Ramal Eurico Gaspar,Jardim Marco Zero,572484b1-1e48-4d7a-8864-2304f1a0f611,AP
01a03136-7656-7f1f-942e-fa6aee37bea9,68903489,ramal,Ramal Eurico Gaspar,Universidade,572484b1-1e48-4d7a-8864-2304f1a0f611,AP
01a02d5f-d209-778e-a2e1-b96781bb3bfe,68903613,ramal,Ramal Ferraz,Universidade,572484b1-1e48-4d7a-8864-2304f1a0f611,AP
01a03136-ba99-79e0-afa0-b603d1d0fc64,68903613,ramal,Ramal Ferraz,Universidade,572484b1-1e48-4d7a-8864-2304f1a0f611,AP
01a02d5f-d414-7073-9a47-1e3887c44b6c,68908080,ramal,Ramal Fé em Deus,Infraero,572484b1-1e48-4d7a-8864-2304f1a0f611,AP
01a03136-bcf0-7789-a106-0b29690af106,68908080,ramal,Ramal Fé em Deus,Infraero,572484b1-1e48-4d7a-8864-2304f1a0f611,AP
01a02d5f-a878-7809-a0c7-70b4ea79b853,68903367,ramal,Ramal JK,Jardim Marco Zero,572484b1-1e48-4d7a-8864-2304f1a0f611,AP
01a03136-7390-770d-92a9-8b773a4915c9,68903367,ramal,Ramal JK,Jardim Marco Zero,572484b1-1e48-4d7a-8864-2304f1a0f611,AP
01a02d5f-b597-7be8-ae10-6f0204ca8aeb,68906892,ramal,Ramal Lagoas das Garças,Cabralzinho,572484b1-1e48-4d7a-8864-2304f1a0f611,AP
01a03136-87da-738c-8e9b-51ecc653e3f0,68906892,ramal,Ramal Lagoas das Garças,Cabralzinho,572484b1-1e48-4d7a-8864-2304f1a0f611,AP
01a02d5f-a879-70e4-8741-aec988391b18,68903381,ramal,Ramal Mururema,Jardim Marco Zero,572484b1-1e48-4d7a-8864-2304f1a0f611,AP
01a03136-75cf-759f-90e4-d7a3e5135925,68903381,ramal,Ramal Mururema,Jardim Marco Zero,572484b1-1e48-4d7a-8864-2304f1a0f611,AP
01a02d5f-d00a-71c5-be92-a25b05ca63fb,68903080,ramal,Ramal Nova Esperança,Pedrinhas,572484b1-1e48-4d7a-8864-2304f1a0f611,AP
01a03136-b6a1-7092-a7b8-7be1fe039a00,68903080,ramal,Ramal Nova Esperança,Pedrinhas,572484b1-1e48-4d7a-8864-2304f1a0f611,AP
01a02d5f-c7eb-7d57-aa42-d2312795b96c,68925318,ramal,Ramal Olaria,Elesbão,324f5453-20fa-4565-9dd4-6c6514f449bf,AP
01a03136-a8b5-7ab7-a90a-deeb4aef3a6b,68925318,ramal,Ramal Olaria,Elesbão,324f5453-20fa-4565-9dd4-6c6514f449bf,AP
01a02d5f-a877-7f38-b94c-27697f4fe58c,68903328,ramal,Ramal Padre Vitório Galiane,Jardim Marco Zero,572484b1-1e48-4d7a-8864-2304f1a0f611,AP
01a02d5f-aaab-7afa-bdc9-8123216e0074,68903759,ramal,Ramal Padre Vitório Galiane,Universidade,572484b1-1e48-4d7a-8864-2304f1a0f611,AP
01a03136-7340-7526-8d7b-cb727d4aec31,68903328,ramal,Ramal Padre Vitório Galiane,Jardim Marco Zero,572484b1-1e48-4d7a-8864-2304f1a0f611,AP
01a03136-7703-7593-9a95-e7090b922a46,68903759,ramal,Ramal Padre Vitório Galiane,Universidade,572484b1-1e48-4d7a-8864-2304f1a0f611,AP
01a02d5f-d418-7561-8ffc-c91d30f5e996,68906311,ramal,Ramal Pedro Nonato Vaz da Silva,Marabaixo,572484b1-1e48-4d7a-8864-2304f1a0f611,AP
01a03136-c00c-7538-9cdd-e6f5e8781aba,68906311,ramal,Ramal Pedro Nonato Vaz da Silva,Marabaixo,572484b1-1e48-4d7a-8864-2304f1a0f611,AP
01a02d5f-c3df-765c-8b7c-2f214aa344cb,68911075,ramal,Ramal Polo Hortefrute,Fazendinha,572484b1-1e48-4d7a-8864-2304f1a0f611,AP
01a03136-a132-73bc-9230-31e595826a77,68911075,ramal,Ramal Polo Hortefrute,Fazendinha,572484b1-1e48-4d7a-8864-2304f1a0f611,AP
01a02d5f-c1db-791b-aa35-b65334599f1c,68909861,ramal,Ramal Porto do Céu,Marabaixo,572484b1-1e48-4d7a-8864-2304f1a0f611,AP
01a03136-9e07-71a6-a7a0-04444dd63238,68909861,ramal,Ramal Porto do Céu,Marabaixo,572484b1-1e48-4d7a-8864-2304f1a0f611,AP
01a02d5f-d416-7b60-b88e-e7fcc751eedc,68903617,ramal,Ramal São Francisco,Universidade,572484b1-1e48-4d7a-8864-2304f1a0f611,AP
01a03136-bda1-71a2-9e87-c993556b180c,68903617,ramal,Ramal São Francisco,Universidade,572484b1-1e48-4d7a-8864-2304f1a0f611,AP
01a02d5f-c3dd-7c24-bed5-e5cbfff0d26d,68911016,ramal,Ramal Tia da Dica,Fazendinha,572484b1-1e48-4d7a-8864-2304f1a0f611,AP
01a03136-a0b4-7cb6-b894-eb7d555206d2,68911016,ramal,Ramal Tia da Dica,Fazendinha,572484b1-1e48-4d7a-8864-2304f1a0f611,AP
01a02d5f-d00a-7a39-be9e-5d7585d2acb2,68903616,ramal,Ramal Trinta e Um de Março,Universidade,572484b1-1e48-4d7a-8864-2304f1a0f611,AP
01a03136-b6cb-7c95-9be8-4aa20d51a140,68903616,ramal,Ramal Trinta e Um de Março,Universidade,572484b1-1e48-4d7a-8864-2304f1a0f611,AP
01a02d5f-a877-7f38-b94a-df739c344e3a,68903326,ramal,Ramal Vale das Bençãos,Jardim Marco Zero,572484b1-1e48-4d7a-8864-2304f1a0f611,AP
01a03136-7339-745f-afbf-5557b594ebc2,68903326,ramal,Ramal Vale das Bençãos,Jardim Marco Zero,572484b1-1e48-4d7a-8864-2304f1a0f611,AP
01a02d5f-c5eb-7289-aca7-03a3ea89ed23,68911435,ramal,Ramal Vista Alegre,Muruci (Fazendinha),572484b1-1e48-4d7a-8864-2304f1a0f611,AP
01a03136-a47c-7ab7-9029-83497ebbcf9a,68911435,ramal,Ramal Vista Alegre,Muruci (Fazendinha),572484b1-1e48-4d7a-8864-2304f1a0f611,AP
01a02d5f-a877-7f38-b950-0eae0ad37195,68903333,ramal,Ramal da Asel,Jardim Marco Zero,572484b1-1e48-4d7a-8864-2304f1a0f611,AP
01a03136-7350-75f6-8b3c-c7eeb2fecb7f,68903333,ramal,Ramal da Asel,Jardim Marco Zero,572484b1-1e48-4d7a-8864-2304f1a0f611,AP
01a02d5f-d822-76b7-bf6e-6334e5716a2b,68929510,ramal,Ramal da Banakoba,Distrito Industrial,324f5453-20fa-4565-9dd4-6c6514f449bf,AP
01a03136-c41c-7337-ba6e-8e5c4c4bfcbe,68929510,ramal,Ramal da Banakoba,Distrito Industrial,324f5453-20fa-4565-9dd4-6c6514f449bf,AP
01a02d5f-c5eb-7289-aca4-db976cfaad4a,68911430,ramal,Ramal da Cascalheira,Muruci (Fazendinha),572484b1-1e48-4d7a-8864-2304f1a0f611,AP
01a03136-a471-7398-8eb9-c48ed1e422d1,68911430,ramal,Ramal da Cascalheira,Muruci (Fazendinha),572484b1-1e48-4d7a-8864-2304f1a0f611,AP
01a02d5f-b597-7be8-ae0f-ce2f28ee598b,68906891,ramal,Ramal da Fortaleza,Cabralzinho,572484b1-1e48-4d7a-8864-2304f1a0f611,AP
01a03136-87d6-75db-89a7-59e3dc256118,68906891,ramal,Ramal da Fortaleza,Cabralzinho,572484b1-1e48-4d7a-8864-2304f1a0f611,AP
01a02d5f-d208-7ee0-9f29-8892c21c8c28,68911473,ramal,Ramal da Horta,Muruci (Fazendinha),572484b1-1e48-4d7a-8864-2304f1a0f611,AP
01a03136-ba6d-729c-aadd-18d53bdad6f0,68911473,ramal,Ramal da Horta,Muruci (Fazendinha),572484b1-1e48-4d7a-8864-2304f1a0f611,AP
01a02d5f-a879-79a6-8759-9682ba2f3d95,68903436,ramal,Ramal da Unifap,Jardim Marco Zero,572484b1-1e48-4d7a-8864-2304f1a0f611,AP
01a02d5f-d00a-7a39-be99-a3ff6b25c8d2,68903329,ramal,Ramal da Unifap,Jardim Marco Zero,572484b1-1e48-4d7a-8864-2304f1a0f611,AP
01a02d5f-aaab-7afa-bdc8-270dc91489ba,68903758,ramal,Ramal da Unifap,Universidade,572484b1-1e48-4d7a-8864-2304f1a0f611,AP
01a03136-762b-7576-95d4-5bbc6d002352,68903436,ramal,Ramal da Unifap,Jardim Marco Zero,572484b1-1e48-4d7a-8864-2304f1a0f611,AP
01a03136-7700-7148-98e1-b0f865d33b8b,68903758,ramal,Ramal da Unifap,Universidade,572484b1-1e48-4d7a-8864-2304f1a0f611,AP
01a03136-b6ba-74f1-84b5-643edc7a4532,68903329,ramal,Ramal da Unifap,Jardim Marco Zero,572484b1-1e48-4d7a-8864-2304f1a0f611,AP
01a02d5f-a879-70e4-8748-73ef06214d66,68903388,ramal,Ramal das Benções,Jardim Marco Zero,572484b1-1e48-4d7a-8864-2304f1a0f611,AP
01a03136-75ee-70bb-862e-b967915e63e8,68903388,ramal,Ramal das Benções,Jardim Marco Zero,572484b1-1e48-4d7a-8864-2304f1a0f611,AP
01a02d5f-d209-778e-a2d4-0dc6d94b89d0,68911474,ramal,Ramal do Alemão,Muruci (Fazendinha),572484b1-1e48-4d7a-8864-2304f1a0f611,AP
01a03136-ba6f-7d63-b0be-db30f3929899,68911474,ramal,Ramal do Alemão,Muruci (Fazendinha),572484b1-1e48-4d7a-8864-2304f1a0f611,AP
01a02d5f-b36d-783b-91a3-3ad1703c58e9,68906533,ramal,Ramal do Bueirinho,Alvorada,572484b1-1e48-4d7a-8864-2304f1a0f611,AP
01a03136-8488-7c60-af91-a1853691516d,68906533,ramal,Ramal do Bueirinho,Alvorada,572484b1-1e48-4d7a-8864-2304f1a0f611,AP
01a02d5f-ce18-7a25-a7e3-635dfe36be3a,68929504,ramal,Ramal do Cajueiro,Distrito Industrial,324f5453-20fa-4565-9dd4-6c6514f449bf,AP
01a03136-b5f7-79c5-9cef-c65c85a951bf,68929504,ramal,Ramal do Cajueiro,Distrito Industrial,324f5453-20fa-4565-9dd4-6c6514f449bf,AP
01a02d5f-c5ea-79ec-95de-25e358ccf4e8,68911362,ramal,Ramal do Izaque,Muruci (Fazendinha),572484b1-1e48-4d7a-8864-2304f1a0f611,AP
01a03136-a434-7754-9e57-382d2022a67c,68911362,ramal,Ramal do Izaque,Muruci (Fazendinha),572484b1-1e48-4d7a-8864-2304f1a0f611,AP
01a02d5f-c5ea-7088-95d5-edc25dc159d2,68911160,ramal,Ramal do Mini Polo,Fazendinha,572484b1-1e48-4d7a-8864-2304f1a0f611,AP
01a03136-a410-7b99-b14d-21f13514cd29,68911160,ramal,Ramal do Mini Polo,Fazendinha,572484b1-1e48-4d7a-8864-2304f1a0f611,AP
01a02d5f-aaab-7afa-bdc7-8c351a1b8280,68903757,ramal,Ramal do Rurap,Universidade,572484b1-1e48-4d7a-8864-2304f1a0f611,AP
01a03136-76fc-7c3a-90c0-089db1a91422,68903757,ramal,Ramal do Rurap,Universidade,572484b1-1e48-4d7a-8864-2304f1a0f611,AP
01a02d5f-d208-7631-9f06-759dad126913,68908522,ramal,Ramal dos Colares,São Lázaro,572484b1-1e48-4d7a-8864-2304f1a0f611,AP
01a03136-b9ff-7f55-ba30-25d53bde7733,68908522,ramal,Ramal dos Colares,São Lázaro,572484b1-1e48-4d7a-8864-2304f1a0f611,AP
01a02d5f-aaa9-7e53-9c27-75cf5a0e5496,68903491,ramal,Ramal dos Promotores,Universidade,572484b1-1e48-4d7a-8864-2304f1a0f611,AP
01a02d5f-a877-7f38-b94b-41c7cc0eb20e,68903327,ramal,Ramal dos Promotores,Jardim Marco Zero,572484b1-1e48-4d7a-8864-2304f1a0f611,AP
01a03136-733d-713a-89d7-35e22a3434f8,68903327,ramal,Ramal dos Promotores,Jardim Marco Zero,572484b1-1e48-4d7a-8864-2304f1a0f611,AP
01a03136-765a-739f-8199-7e785a306f1e,68903491,ramal,Ramal dos Promotores,Universidade,572484b1-1e48-4d7a-8864-2304f1a0f611,AP
01a02d5f-c3dd-7364-bece-28d7de51ff11,68909899,rodovia,Rodovia AP-20,Marabaixo,572484b1-1e48-4d7a-8864-2304f1a0f611,AP
01a03136-a09d-76d7-bbdd-f4c9b53be793,68909899,rodovia,Rodovia AP-20,Marabaixo,572484b1-1e48-4d7a-8864-2304f1a0f611,AP
01a02d5f-b9af-7923-a9c3-805af8044cf0,68908575,rodovia,Rodovia BR-156,São Lázaro,572484b1-1e48-4d7a-8864-2304f1a0f611,AP
01a02d5f-bbba-798c-b2c1-0be97ef3be9a,68908973,rodovia,Rodovia BR-156,São Lázaro,572484b1-1e48-4d7a-8864-2304f1a0f611,AP
01a02d5f-bdb5-76c2-9f0a-00dd01f4ad87,68909094,rodovia,Rodovia BR-156,Jardim Felicidade,572484b1-1e48-4d7a-8864-2304f1a0f611,AP
01a03136-8fbc-7ef6-b09a-3edabfaf345f,68908575,rodovia,Rodovia BR-156,São Lázaro,572484b1-1e48-4d7a-8864-2304f1a0f611,AP
01a03136-95b4-73b9-ba20-75db6b5eeb70,68908973,rodovia,Rodovia BR-156,São Lázaro,572484b1-1e48-4d7a-8864-2304f1a0f611,AP
01a03136-9674-7413-8023-4e50b95313d0,68909094,rodovia,Rodovia BR-156,Jardim Felicidade,572484b1-1e48-4d7a-8864-2304f1a0f611,AP
01a02d5f-bbb9-70e8-862a-5437bff5f874,68908878,rodovia,Rodovia BR-210,Infraero,572484b1-1e48-4d7a-8864-2304f1a0f611,AP
01a02d5f-bfdb-76eb-934f-7100148ac556,68909398,rodovia,Rodovia BR-210,Brasil Novo,572484b1-1e48-4d7a-8864-2304f1a0f611,AP
01a02d5f-c1d8-75a0-8aff-97427c02e058,68909788,rodovia,Rodovia BR-210,Lagoa Azul,572484b1-1e48-4d7a-8864-2304f1a0f611,AP
01a03136-934a-7db6-99ac-d90c94e403c2,68908878,rodovia,Rodovia BR-210,Infraero,572484b1-1e48-4d7a-8864-2304f1a0f611,AP
01a03136-99b8-762b-8734-8051883866a2,68909398,rodovia,Rodovia BR-210,Brasil Novo,572484b1-1e48-4d7a-8864-2304f1a0f611,AP
01a03136-9d38-7c7f-9dd5-3504e492faa2,68909788,rodovia,Rodovia BR-210,Lagoa Azul,572484b1-1e48-4d7a-8864-2304f1a0f611,AP
01a02d5f-bbba-798c-b2bd-154bf0c092de,68908905,rodovia,Rodovia BR-210 2131,Infraero,572484b1-1e48-4d7a-8864-2304f1a0f611,AP
01a03136-95a6-7753-99c5-14920de21293,68908905,rodovia,Rodovia BR-210 2131,Infraero,572484b1-1e48-4d7a-8864-2304f1a0f611,AP
01a02d5f-ca05-7f64-905c-e0a257fc6cdf,68927134,rodovia,Rodovia Comandante Pedro Salvador Diniz,Provedor I,324f5453-20fa-4565-9dd4-6c6514f449bf,AP
01a02d5f-ca04-75ca-ba90-4ec98eec2bd9,68926300,rodovia,Rodovia Comandante Pedro Salvador Diniz,Fortaleza,324f5453-20fa-4565-9dd4-6c6514f449bf,AP
01a02d5f-ca04-75ca-ba8f-d078e16c72c0,68926214,rodovia,Rodovia Comandante Pedro Salvador Diniz,Vila Amazonas,324f5453-20fa-4565-9dd4-6c6514f449bf,AP
01a03136-ac04-74d4-8cef-eebce409e6a9,68926214,rodovia,Rodovia Comandante Pedro Salvador Diniz,Vila Amazonas,324f5453-20fa-4565-9dd4-6c6514f449bf,AP
01a03136-ac08-7169-9893-0fceb5544ea6,68926300,rodovia,Rodovia Comandante Pedro Salvador Diniz,Fortaleza,324f5453-20fa-4565-9dd4-6c6514f449bf,AP
01a03136-acf3-7a05-bf73-d8b1c90e64b3,68927134,rodovia,Rodovia Comandante Pedro Salvador Diniz,Provedor I,324f5453-20fa-4565-9dd4-6c6514f449bf,AP
01a02d5f-bdb4-7573-a283-ac984832b62e,68909023,rodovia,Rodovia Curiau,Jardim Felicidade,572484b1-1e48-4d7a-8864-2304f1a0f611,AP
01a03136-95fb-7b23-bfa0-9c2d602d5515,68909023,rodovia,Rodovia Curiau,Jardim Felicidade,572484b1-1e48-4d7a-8864-2304f1a0f611,AP
01a02d5f-ce18-7a25-a7e2-a6f91e5436e3,68929500,rodovia,Rodovia Duca Serra,Distrito Industrial,324f5453-20fa-4565-9dd4-6c6514f449bf,AP
01a02d5f-ce18-7189-a7cb-7d26a851def6,68928280,rodovia,Rodovia Duca Serra,Fonte Nova,324f5453-20fa-4565-9dd4-6c6514f449bf,AP
01a02d5f-ce16-7fd0-a084-5bb47028c34a,68928084,rodovia,Rodovia Duca Serra,Paraíso,324f5453-20fa-4565-9dd4-6c6514f449bf,AP
01a02d5f-c7ea-7bcf-a82e-bde728571010,68925231,rodovia,Rodovia Duca Serra,Central,324f5453-20fa-4565-9dd4-6c6514f449bf,AP
01a03136-a86a-720f-896b-8f9425706908,68925231,rodovia,Rodovia Duca Serra,Central,324f5453-20fa-4565-9dd4-6c6514f449bf,AP
01a03136-b2d1-7615-9965-da4c007be6b6,68928084,rodovia,Rodovia Duca Serra,Paraíso,324f5453-20fa-4565-9dd4-6c6514f449bf,AP
01a03136-b3a3-7ff4-babc-ec1d5103c787,68928280,rodovia,Rodovia Duca Serra,Fonte Nova,324f5453-20fa-4565-9dd4-6c6514f449bf,AP
01a03136-b5ef-75c4-8387-50dda6d12ccc,68929500,rodovia,Rodovia Duca Serra,Distrito Industrial,324f5453-20fa-4565-9dd4-6c6514f449bf,AP
01a02d5f-b598-7469-bedc-a6af6f9353da,68906990,rodovia,"Rodovia Duque de Caixas, Km 14",,572484b1-1e48-4d7a-8864-2304f1a0f611,AP
01a03136-8815-7b58-ba60-63d5c043dc77,68906990,rodovia,"Rodovia Duque de Caixas, Km 14",,572484b1-1e48-4d7a-8864-2304f1a0f611,AP
01a02d5f-a879-70e4-8752-09326b3bc61f,68903419,rodovia,Rodovia Juscelino Kubitschek,Universidade,572484b1-1e48-4d7a-8864-2304f1a0f611,AP
01a02d5f-a877-767a-b925-633b76c5f697,68903197,rodovia,Rodovia Juscelino Kubitschek,Jardim Marco Zero,572484b1-1e48-4d7a-8864-2304f1a0f611,AP
01a02d5f-a646-7328-893b-f4da9874f219,68903014,rodovia,Rodovia Juscelino Kubitschek,Jardim Equatorial,572484b1-1e48-4d7a-8864-2304f1a0f611,AP
01a02d5f-a41f-77a2-b945-6b2e62998aa7,68902026,rodovia,Rodovia Juscelino Kubitschek,Beirol,572484b1-1e48-4d7a-8864-2304f1a0f611,AP
01a03136-6c97-79f7-90d7-92a085f6e949,68902026,rodovia,Rodovia Juscelino Kubitschek,Beirol,572484b1-1e48-4d7a-8864-2304f1a0f611,AP
01a03136-700c-7251-b736-0cb4b9b8ef4e,68903014,rodovia,Rodovia Juscelino Kubitschek,Jardim Equatorial,572484b1-1e48-4d7a-8864-2304f1a0f611,AP
01a03136-72be-7487-8468-e30eaccb7078,68903197,rodovia,Rodovia Juscelino Kubitschek,Jardim Marco Zero,572484b1-1e48-4d7a-8864-2304f1a0f611,AP
01a03136-7613-7c2c-94e7-93c433b73074,68903419,rodovia,Rodovia Juscelino Kubitschek,Universidade,572484b1-1e48-4d7a-8864-2304f1a0f611,AP
01a02d5f-bbba-798c-b2c0-5cfe7d9360e8,68908971,rodovia,Rodovia Juscelino Kubitschek 1660,Jardim Marco Zero,572484b1-1e48-4d7a-8864-2304f1a0f611,AP
01a02d5f-acd6-7612-8946-87d1f726a85c,68903970,rodovia,Rodovia Juscelino Kubitschek 1660,Jardim Marco Zero,572484b1-1e48-4d7a-8864-2304f1a0f611,AP
01a03136-79de-700e-b1b5-badc3852ca52,68903970,rodovia,Rodovia Juscelino Kubitschek 1660,Jardim Marco Zero,572484b1-1e48-4d7a-8864-2304f1a0f611,AP
01a03136-95b0-7e2b-8524-c9f32431191c,68908971,rodovia,Rodovia Juscelino Kubitschek 1660,Jardim Marco Zero,572484b1-1e48-4d7a-8864-2304f1a0f611,AP
01a02d5f-d209-778e-a2e2-f276b92c4552,68903913,rodovia,Rodovia Juscelino Kubitschek 3200,Universidade,572484b1-1e48-4d7a-8864-2304f1a0f611,AP
01a03136-ba9d-7652-aef3-9385b8c73ed6,68903913,rodovia,Rodovia Juscelino Kubitschek 3200,Universidade,572484b1-1e48-4d7a-8864-2304f1a0f611,AP
01a02d5f-ce18-7a25-a7e4-5e1fc878b6c7,68929508,rodovia,Rodovia Macapá-Mazagão,Distrito Industrial,324f5453-20fa-4565-9dd4-6c6514f449bf,AP
01a03136-b5fb-7778-abd0-b4cf8c1ca6be,68929508,rodovia,Rodovia Macapá-Mazagão,Distrito Industrial,324f5453-20fa-4565-9dd4-6c6514f449bf,AP
01a02d5f-d208-7631-9ef9-73b59793a688,68908001,rodovia,Rodovia Norte Sul,Infraero,572484b1-1e48-4d7a-8864-2304f1a0f611,AP
01a03136-b9d2-7181-9459-13a0561e90ea,68908001,rodovia,Rodovia Norte Sul,Infraero,572484b1-1e48-4d7a-8864-2304f1a0f611,AP
01a02d5f-d208-7631-9f09-566ded1b06ac,68908910,rodovia,"Rodovia Norte Sul, s/n",Infraero,572484b1-1e48-4d7a-8864-2304f1a0f611,AP
01a02d5f-d208-7631-9f0a-9fdeaf8b048c,68908911,rodovia,"Rodovia Norte Sul, s/n",Infraero,572484b1-1e48-4d7a-8864-2304f1a0f611,AP
01a03136-ba09-7197-8677-b0998f6e8ac9,68908910,rodovia,"Rodovia Norte Sul, s/n",Infraero,572484b1-1e48-4d7a-8864-2304f1a0f611,AP
01a03136-ba0c-76e2-90d2-ee18e43bf698,68908911,rodovia,"Rodovia Norte Sul, s/n",Infraero,572484b1-1e48-4d7a-8864-2304f1a0f611,AP
01a02d5f-c3df-7f0a-8b7e-243b37be9d95,68911085,rodovia,Rodovia Salvador Diniz,Fazendinha,572484b1-1e48-4d7a-8864-2304f1a0f611,AP
01a03136-a138-7e25-9c61-b0ad3f3c8fec,68911085,rodovia,Rodovia Salvador Diniz,Fazendinha,572484b1-1e48-4d7a-8864-2304f1a0f611,AP
01a02d5f-b13d-72b2-9347-64514895d2c0,68906301,rodovia,Rodovia de Duca Serra,Marabaixo,572484b1-1e48-4d7a-8864-2304f1a0f611,AP
01a02d5f-b36e-79f4-a0e7-df27aa25288c,68906698,rodovia,Rodovia de Duca Serra,Alvorada,572484b1-1e48-4d7a-8864-2304f1a0f611,AP
01a02d5f-b36e-79f4-a0eb-3f6a44d6a981,68906801,rodovia,Rodovia de Duca Serra,Cabralzinho,572484b1-1e48-4d7a-8864-2304f1a0f611,AP
01a03136-8453-78f1-b69c-088a64e5c84e,68906301,rodovia,Rodovia de Duca Serra,Marabaixo,572484b1-1e48-4d7a-8864-2304f1a0f611,AP
01a03136-84e6-7a51-bd14-8e6b95a58c32,68906698,rodovia,Rodovia de Duca Serra,Alvorada,572484b1-1e48-4d7a-8864-2304f1a0f611,AP
01a03136-84f3-7428-990d-239c8d7a12d5,68906801,rodovia,Rodovia de Duca Serra,Cabralzinho,572484b1-1e48-4d7a-8864-2304f1a0f611,AP
01a02d5f-d629-7f5c-be33-6f2fc83e5f78,68906975,rodovia,Rodovia de Duca Serra Km 03,Cabralzinho,572484b1-1e48-4d7a-8864-2304f1a0f611,AP
01a03136-c061-7bc5-b754-fd7e6f9c2433,68906975,rodovia,Rodovia de Duca Serra Km 03,Cabralzinho,572484b1-1e48-4d7a-8864-2304f1a0f611,AP
01a02d5f-ce17-788c-9d0c-93fcf7135573,68928154,rua,Rua 14,Fonte Nova,324f5453-20fa-4565-9dd4-6c6514f449bf,AP
01a03136-b316-7932-b3a8-7419945576ea,68928154,rua,Rua 14,Fonte Nova,324f5453-20fa-4565-9dd4-6c6514f449bf,AP
01a02d5f-c5ec-7c2f-868b-861706c6f64a,68925049,rua,Rua 31 de Março,Comercial,324f5453-20fa-4565-9dd4-6c6514f449bf,AP
01a03136-a53a-733f-a248-6377489d3ef9,68925049,rua,Rua 31 de Março,Comercial,324f5453-20fa-4565-9dd4-6c6514f449bf,AP
01a02d5f-b9af-706c-a9b0-b76928c66779,68908465,rua,Rua A,São Lázaro,572484b1-1e48-4d7a-8864-2304f1a0f611,AP
01a02d5f-a646-7bae-8957-d186831c90f1,68903134,rua,Rua A,Pedrinhas,572484b1-1e48-4d7a-8864-2304f1a0f611,AP
01a02d5f-d009-7956-a601-1525a2431e94,68933000,rua,Rua A,Ilha de Santana,324f5453-20fa-4565-9dd4-6c6514f449bf,AP
01a03136-7282-73ec-a988-29a332679e15,68903134,rua,Rua A,Pedrinhas,572484b1-1e48-4d7a-8864-2304f1a0f611,AP
01a03136-8f77-759a-a99a-b6c09d9c56bc,68908465,rua,Rua A,São Lázaro,572484b1-1e48-4d7a-8864-2304f1a0f611,AP
01a03136-b637-7eae-b529-13e052d0ccb2,68933000,rua,Rua A,Ilha de Santana,324f5453-20fa-4565-9dd4-6c6514f449bf,AP
01a02d5f-c5ed-74ca-8a5c-4f40c22f9039,68925126,rua,Rua A1,Hospitalidade,324f5453-20fa-4565-9dd4-6c6514f449bf,AP
01a03136-a7ea-756d-b7ad-bb589c473720,68925126,rua,Rua A1,Hospitalidade,324f5453-20fa-4565-9dd4-6c6514f449bf,AP
01a02d5f-bdb5-7f71-9f32-1cb1a895caae,68909167,rua,Rua Abelardo Barbosa,Boné Azul,572484b1-1e48-4d7a-8864-2304f1a0f611,AP
01a03136-9927-71e8-a836-3d5e7e1df131,68909167,rua,Rua Abelardo Barbosa,Boné Azul,572484b1-1e48-4d7a-8864-2304f1a0f611,AP
01a02d5f-bfdb-7fb3-935e-154a476424e8,68909475,rua,Rua Acapú,Boné Azul,572484b1-1e48-4d7a-8864-2304f1a0f611,AP
01a03136-99ec-7c0e-8183-b151e0a6dc74,68909475,rua,Rua Acapú,Boné Azul,572484b1-1e48-4d7a-8864-2304f1a0f611,AP
01a02d5f-bdb6-77fa-891e-84c07ccfca53,68909305,rua,Rua Acerola,Brasil Novo,572484b1-1e48-4d7a-8864-2304f1a0f611,AP
01a03136-9952-715f-8987-1c68fce1a5af,68909305,rua,Rua Acerola,Brasil Novo,572484b1-1e48-4d7a-8864-2304f1a0f611,AP
01a02d5f-b139-7d0a-af3f-8e395363ab9a,68905711,rua,Rua Acesio Guedes,Perpétuo Socorro,572484b1-1e48-4d7a-8864-2304f1a0f611,AP
01a02d5f-af07-7d6a-98f9-16c23c30e24d,68905271,rua,Rua Acesio Guedes,Cidade Nova,572484b1-1e48-4d7a-8864-2304f1a0f611,AP
01a03136-7de3-786d-9fda-d3901794affe,68905271,rua,Rua Acesio Guedes,Cidade Nova,572484b1-1e48-4d7a-8864-2304f1a0f611,AP
01a03136-819b-7a0b-9d8e-91684148136b,68905711,rua,Rua Acesio Guedes,Perpétuo Socorro,572484b1-1e48-4d7a-8864-2304f1a0f611,AP
01a02d5f-b139-7423-af33-d89526f56e56,68905628,rua,Rua Acézio Guedes,Perpétuo Socorro,572484b1-1e48-4d7a-8864-2304f1a0f611,AP
01a03136-8176-785f-a895-9c287e29626e,68905628,rua,Rua Acézio Guedes,Perpétuo Socorro,572484b1-1e48-4d7a-8864-2304f1a0f611,AP
01a02d5f-b9af-7923-a9bf-e234a8430927,68908571,rua,Rua Adilson José Pinto Pereira,São Lázaro,572484b1-1e48-4d7a-8864-2304f1a0f611,AP
01a03136-8fae-75c7-b8e1-de819667a8bf,68908571,rua,Rua Adilson José Pinto Pereira,São Lázaro,572484b1-1e48-4d7a-8864-2304f1a0f611,AP
01a02d5f-acd5-7d26-8913-ce568c5ff9a3,68903870,rua,Rua Adrião Rocha Oliveira,Araxá,572484b1-1e48-4d7a-8864-2304f1a0f611,AP
01a03136-79a6-7849-9242-6992052d2a5e,68903870,rua,Rua Adrião Rocha Oliveira,Araxá,572484b1-1e48-4d7a-8864-2304f1a0f611,AP
01a02d5f-cc1c-795a-822a-203d4f4512e5,68927444,rua,Rua Adálvaro Alves Cavalcanti,Provedor,324f5453-20fa-4565-9dd4-6c6514f449bf,AP
01a02d5f-cc19-7e0d-a01c-0079797bd972,68927290,rua,Rua Adálvaro Alves Cavalcanti,Nova Brasília,324f5453-20fa-4565-9dd4-6c6514f449bf,AP
01a02d5f-c7ea-7bcf-a820-8a9d7cc03d6a,68925189,rua,Rua Adálvaro Alves Cavalcanti,Central,324f5453-20fa-4565-9dd4-6c6514f449bf,AP
01a03136-a836-7db7-9bcb-27e80ecfc065,68925189,rua,Rua Adálvaro Alves Cavalcanti,Central,324f5453-20fa-4565-9dd4-6c6514f449bf,AP
01a03136-afc2-71a7-84e7-1806ed6cfdc1,68927290,rua,Rua Adálvaro Alves Cavalcanti,Nova Brasília,324f5453-20fa-4565-9dd4-6c6514f449bf,AP
01a03136-b05c-71fa-bad2-b6fc24eff287,68927444,rua,Rua Adálvaro Alves Cavalcanti,Provedor,324f5453-20fa-4565-9dd4-6c6514f449bf,AP
01a02d5f-c5ea-79ec-95dd-ace501fda31a,68911361,rua,Rua Agegerlau Rodrigues das Chagas,Muruci (Fazendinha),572484b1-1e48-4d7a-8864-2304f1a0f611,AP
01a03136-a430-7ff2-abd0-123c9581b751,68911361,rua,Rua Agegerlau Rodrigues das Chagas,Muruci (Fazendinha),572484b1-1e48-4d7a-8864-2304f1a0f611,AP
01a02d5f-a877-767a-b930-9c33c6a64d22,68903220,rua,Rua Agenor Ferreira Pinto,Jardim Marco Zero,572484b1-1e48-4d7a-8864-2304f1a0f611,AP
01a03136-72e2-77bc-80e0-4972796f870c,68903220,rua,Rua Agenor Ferreira Pinto,Jardim Marco Zero,572484b1-1e48-4d7a-8864-2304f1a0f611,AP
01a02d5f-bbb6-78e7-8875-402c9a7b9cb1,68908821,rua,Rua Agostinho Nogueira de Souza,Infraero,572484b1-1e48-4d7a-8864-2304f1a0f611,AP
01a03136-9292-75e3-b642-70baa4c39bea,68908821,rua,Rua Agostinho Nogueira de Souza,Infraero,572484b1-1e48-4d7a-8864-2304f1a0f611,AP
01a02d5f-d208-7ee0-9f1d-3d4e315a5d9c,68909800,rua,Rua Alceu Paulo Ramos,Novo Horizonte,572484b1-1e48-4d7a-8864-2304f1a0f611,AP
01a03136-ba48-7f6e-a95e-318e438a7ccc,68909800,rua,Rua Alceu Paulo Ramos,Novo Horizonte,572484b1-1e48-4d7a-8864-2304f1a0f611,AP
01a02d5f-d62b-7078-b460-7e4c873da2bc,68908023,rua,Rua Aldony Fonseca,Infraero,572484b1-1e48-4d7a-8864-2304f1a0f611,AP
01a03136-c091-7e38-9005-43155330e025,68908023,rua,Rua Aldony Fonseca,Infraero,572484b1-1e48-4d7a-8864-2304f1a0f611,AP
01a02d5f-d629-7f5c-be2e-287c68d94476,68906795,rua,Rua Alemanha,Cabralzinho,572484b1-1e48-4d7a-8864-2304f1a0f611,AP
01a03136-c052-741b-9a1a-2a4bcf8fad91,68906795,rua,Rua Alemanha,Cabralzinho,572484b1-1e48-4d7a-8864-2304f1a0f611,AP
01a02d5f-acd5-7d26-890e-c8c5c8463c86,68903865,rua,Rua Alessandro B. Guerra,Araxá,572484b1-1e48-4d7a-8864-2304f1a0f611,AP
01a03136-7996-759c-bb45-c2fff1b62890,68903865,rua,Rua Alessandro B. Guerra,Araxá,572484b1-1e48-4d7a-8864-2304f1a0f611,AP
01a02d5f-bdb5-7f71-9f26-21b46916d72e,68909154,rua,Rua Altemar Dutra,Boné Azul,572484b1-1e48-4d7a-8864-2304f1a0f611,AP
01a03136-96d7-759d-8056-99d4aee7f293,68909154,rua,Rua Altemar Dutra,Boné Azul,572484b1-1e48-4d7a-8864-2304f1a0f611,AP
01a02d5f-bdb5-7f71-9f29-8e8c8db21cc9,68909157,rua,Rua Aluísio Azevedo,Boné Azul,572484b1-1e48-4d7a-8864-2304f1a0f611,AP
01a03136-96e1-7cba-ae74-6e14c0442b1e,68909157,rua,Rua Aluísio Azevedo,Boné Azul,572484b1-1e48-4d7a-8864-2304f1a0f611,AP
01a02d5f-ce17-788c-9d09-c8ed699add7c,68928145,rua,Rua Alídio Rodrigues,Fonte Nova,324f5453-20fa-4565-9dd4-6c6514f449bf,AP
01a03136-b30c-7311-b0d7-b5dea3278185,68928145,rua,Rua Alídio Rodrigues,Fonte Nova,324f5453-20fa-4565-9dd4-6c6514f449bf,AP
01a02d5f-a877-767a-b932-cd7ad8f17581,68903230,rua,Rua Amadeu Gama,Jardim Marco Zero,572484b1-1e48-4d7a-8864-2304f1a0f611,AP
01a03136-72e9-7a15-b1fd-34f6571c3ed7,68903230,rua,Rua Amadeu Gama,Jardim Marco Zero,572484b1-1e48-4d7a-8864-2304f1a0f611,AP
01a02d5f-bfdb-76eb-9350-bd5dfde28ebd,68909461,rua,Rua Amapá,Boné Azul,572484b1-1e48-4d7a-8864-2304f1a0f611,AP
01a03136-99bb-7b3f-b4b8-4dcfad8a48c6,68909461,rua,Rua Amapá,Boné Azul,572484b1-1e48-4d7a-8864-2304f1a0f611,AP
01a02d5f-9fc2-7022-aa78-e741952f8ed0,68900013,rua,Rua Amazonas,Central,572484b1-1e48-4d7a-8864-2304f1a0f611,AP
01a03136-65c7-75aa-8dbe-4c81ead6fdad,68900013,rua,Rua Amazonas,Central,572484b1-1e48-4d7a-8864-2304f1a0f611,AP
01a02d5f-bbba-798c-b2c3-5f0eb07e88aa,68909005,rua,Rua Amilar Brenha,Jardim Felicidade,572484b1-1e48-4d7a-8864-2304f1a0f611,AP
01a03136-95bb-7ddd-8920-616532898fc6,68909005,rua,Rua Amilar Brenha,Jardim Felicidade,572484b1-1e48-4d7a-8864-2304f1a0f611,AP
01a02d5f-b7a8-7527-881c-2855e7241e4e,68908007,rua,Rua Ananindeua,Infraero,572484b1-1e48-4d7a-8864-2304f1a0f611,AP
01a03136-8b99-7a86-a8c4-7cafc6a11721,68908007,rua,Rua Ananindeua,Infraero,572484b1-1e48-4d7a-8864-2304f1a0f611,AP
01a02d5f-a1f0-7fb1-a339-03cd27295f2c,68901460,rua,Rua André de Oliveira Costa,Santa Inês,572484b1-1e48-4d7a-8864-2304f1a0f611,AP
01a03136-6bb9-70ba-98cd-067462e79d1a,68901460,rua,Rua André de Oliveira Costa,Santa Inês,572484b1-1e48-4d7a-8864-2304f1a0f611,AP
01a02d5f-d62a-77c1-8e56-6d84d1b8ba9e,68907194,rua,Rua Angelim,Renascer,572484b1-1e48-4d7a-8864-2304f1a0f611,AP
01a03136-c070-7d0d-ae7a-1efd61372e94,68907194,rua,Rua Angelim,Renascer,572484b1-1e48-4d7a-8864-2304f1a0f611,AP
01a02d5f-b13c-79f2-b1c5-51a07d510576,68906084,rua,Rua Angola,Goiabal,572484b1-1e48-4d7a-8864-2304f1a0f611,AP
01a03136-8431-722a-b2ac-afe917b8a131,68906084,rua,Rua Angola,Goiabal,572484b1-1e48-4d7a-8864-2304f1a0f611,AP
01a02d5f-bbb6-78e7-886f-47bd5101e92e,68908815,rua,Rua Antonio Flexa da Costa,Infraero,572484b1-1e48-4d7a-8864-2304f1a0f611,AP
01a03136-927b-77e5-90a9-eb79c101c85a,68908815,rua,Rua Antonio Flexa da Costa,Infraero,572484b1-1e48-4d7a-8864-2304f1a0f611,AP
01a02d5f-af08-7f4d-bc2c-824e8762bdb9,68905515,rua,Rua Antonio Pereira da Costa de Sousa,Perpétuo Socorro,572484b1-1e48-4d7a-8864-2304f1a0f611,AP
01a03136-8116-7706-b675-04592bdbfa0b,68905515,rua,Rua Antonio Pereira da Costa de Sousa,Perpétuo Socorro,572484b1-1e48-4d7a-8864-2304f1a0f611,AP
01a02d5f-b598-7d36-bef3-f622fb7e9fe2,68907200,rua,Rua Antropocentrismo,Renascer,572484b1-1e48-4d7a-8864-2304f1a0f611,AP
01a03136-8865-7dc2-9a1e-e1e1ee009f77,68907200,rua,Rua Antropocentrismo,Renascer,572484b1-1e48-4d7a-8864-2304f1a0f611,AP
01a02d5f-a877-7f38-b93c-9a9bac91cb4c,68903256,rua,Rua Antônia Maria de Souza,Jardim Marco Zero,572484b1-1e48-4d7a-8864-2304f1a0f611,AP
01a03136-730a-7325-9aed-c2826aecef5b,68903256,rua,Rua Antônia Maria de Souza,Jardim Marco Zero,572484b1-1e48-4d7a-8864-2304f1a0f611,AP
01a02d5f-ce18-7a25-a7de-d80e06dbd389,68928337,rua,Rua Antônio Abilio Rodrigues,Fonte Nova,324f5453-20fa-4565-9dd4-6c6514f449bf,AP
01a03136-b3e3-77e4-a135-203deef1bc49,68928337,rua,Rua Antônio Abilio Rodrigues,Fonte Nova,324f5453-20fa-4565-9dd4-6c6514f449bf,AP
01a02d5f-c1d8-7e38-8b0d-61cfdcfcd1b0,68909810,rua,Rua Antônio Flexa da Costa,Novo Horizonte,572484b1-1e48-4d7a-8864-2304f1a0f611,AP
01a03136-9d6d-7307-a663-d882e8ef8997,68909810,rua,Rua Antônio Flexa da Costa,Novo Horizonte,572484b1-1e48-4d7a-8864-2304f1a0f611,AP
01a02d5f-bdb5-7f71-9f2b-f9a176e86413,68909159,rua,Rua Antônio Marcos,Boné Azul,572484b1-1e48-4d7a-8864-2304f1a0f611,AP
01a03136-96e8-7ff6-9c78-ee57bd0aac84,68909159,rua,Rua Antônio Marcos,Boné Azul,572484b1-1e48-4d7a-8864-2304f1a0f611,AP
01a02d5f-a645-7a87-9ce8-75f9cb518b3f,68903012,rua,Rua Antônio Martins da Silva,Jardim Equatorial,572484b1-1e48-4d7a-8864-2304f1a0f611,AP
01a03136-7005-72cd-8367-4f22c562466d,68903012,rua,Rua Antônio Martins da Silva,Jardim Equatorial,572484b1-1e48-4d7a-8864-2304f1a0f611,AP
01a02d5f-c3e0-77a9-86cf-8f29cde92500,68911135,rua,Rua Antônio Mota Bastos,Fazendinha,572484b1-1e48-4d7a-8864-2304f1a0f611,AP
01a03136-a17c-738e-adf5-f864e41f7f38,68911135,rua,Rua Antônio Mota Bastos,Fazendinha,572484b1-1e48-4d7a-8864-2304f1a0f611,AP
01a02d5f-bdb4-7e21-a29d-1b0c5e141bca,68909070,rua,Rua Antônio Osmar,Jardim Felicidade,572484b1-1e48-4d7a-8864-2304f1a0f611,AP
01a03136-9657-7ccf-a3e5-4dc7afe4d412,68909070,rua,Rua Antônio Osmar,Jardim Felicidade,572484b1-1e48-4d7a-8864-2304f1a0f611,AP
01a02d5f-b13a-7676-958a-eb1211338f79,68905771,rua,Rua Antônio Pelais de Souza,Perpétuo Socorro,572484b1-1e48-4d7a-8864-2304f1a0f611,AP
01a02d5f-af07-74ae-98f4-3499b3ed6601,68905209,rua,Rua Antônio Pelais de Souza,Cidade Nova,572484b1-1e48-4d7a-8864-2304f1a0f611,AP
01a03136-7dd2-78ae-8f7f-c8e3329e5217,68905209,rua,Rua Antônio Pelais de Souza,Cidade Nova,572484b1-1e48-4d7a-8864-2304f1a0f611,AP
01a03136-81c0-7aac-8fb4-8d25602c2b9e,68905771,rua,Rua Antônio Pelais de Souza,Perpétuo Socorro,572484b1-1e48-4d7a-8864-2304f1a0f611,AP
01a02d5f-af06-723f-9dd6-f9b3d6ef59e6,68904812,rua,Rua Antônio Pinheiro Sampaio,Novo Buritizal,572484b1-1e48-4d7a-8864-2304f1a0f611,AP
01a03136-7d81-77e2-96dd-b484bc3fdc1a,68904812,rua,Rua Antônio Pinheiro Sampaio,Novo Buritizal,572484b1-1e48-4d7a-8864-2304f1a0f611,AP
01a02d5f-a646-7bae-8961-8ffbb79943f2,68903188,rua,Rua Antônio Wanildo Tavares Pinheiro,Jardim Marco Zero,572484b1-1e48-4d7a-8864-2304f1a0f611,AP
01a03136-72a3-739f-ab42-a1a1eb9ace03,68903188,rua,Rua Antônio Wanildo Tavares Pinheiro,Jardim Marco Zero,572484b1-1e48-4d7a-8864-2304f1a0f611,AP
01a02d5f-b7a8-7527-8824-352a4cb84265,68908036,rua,Rua Aracaju,Infraero,572484b1-1e48-4d7a-8864-2304f1a0f611,AP
01a03136-8bb7-78ce-8267-cab01ecac185,68908036,rua,Rua Aracaju,Infraero,572484b1-1e48-4d7a-8864-2304f1a0f611,AP
01a02d5f-af07-74ae-98eb-88aa4759f752,68905120,rua,Rua Ariosvaldo Coelho Caxias,Cidade Nova,572484b1-1e48-4d7a-8864-2304f1a0f611,AP
01a03136-7db5-7a3a-8753-43399545aff0,68905120,rua,Rua Ariosvaldo Coelho Caxias,Cidade Nova,572484b1-1e48-4d7a-8864-2304f1a0f611,AP
01a02d5f-b598-7d36-beee-309707f929ce,68907150,rua,Rua Aristóteles,Renascer,572484b1-1e48-4d7a-8864-2304f1a0f611,AP
01a03136-8853-7536-9f9e-5c9beded623b,68907150,rua,Rua Aristóteles,Renascer,572484b1-1e48-4d7a-8864-2304f1a0f611,AP
01a02d5f-bdb5-7f71-9f34-123fcba032bf,68909171,rua,Rua Armindo Pinto,Boné Azul,572484b1-1e48-4d7a-8864-2304f1a0f611,AP
01a03136-992d-7b51-a162-88bdd8864022,68909171,rua,Rua Armindo Pinto,Boné Azul,572484b1-1e48-4d7a-8864-2304f1a0f611,AP
01a02d5f-bdb5-76c2-9f20-961b3313dbcf,68909147,rua,Rua Ataulfo Alves,Boné Azul,572484b1-1e48-4d7a-8864-2304f1a0f611,AP
01a03136-96c1-79bc-97f6-b7b591973515,68909147,rua,Rua Ataulfo Alves,Boné Azul,572484b1-1e48-4d7a-8864-2304f1a0f611,AP
01a02d5f-c3e1-7054-8fbc-0f03d751b173,68911141,rua,Rua Augusto Lobo de Siqueira,Fazendinha,572484b1-1e48-4d7a-8864-2304f1a0f611,AP
01a03136-a3ec-7f49-97fa-9b64ace0ef25,68911141,rua,Rua Augusto Lobo de Siqueira,Fazendinha,572484b1-1e48-4d7a-8864-2304f1a0f611,AP
01a02d5f-bdb5-76c2-9f23-73b88dde2e98,68909151,rua,Rua Augusto dos Anjos,Boné Azul,572484b1-1e48-4d7a-8864-2304f1a0f611,AP
01a03136-96cc-7e31-82ec-362d023c7e01,68909151,rua,Rua Augusto dos Anjos,Boné Azul,572484b1-1e48-4d7a-8864-2304f1a0f611,AP
01a02d5f-bbb7-78d6-b35e-5e00170cc032,68908833,rua,Rua Açai,Infraero,572484b1-1e48-4d7a-8864-2304f1a0f611,AP
01a03136-92a8-7b00-8656-765c109cedaa,68908833,rua,Rua Açai,Infraero,572484b1-1e48-4d7a-8864-2304f1a0f611,AP
01a02d5f-c3dd-7364-becf-f6481d8bf0e0,68909970,rua,Rua Açai 107,Loteamento Açaí,572484b1-1e48-4d7a-8864-2304f1a0f611,AP
01a03136-a0a0-76d1-8789-c0a5c26945ff,68909970,rua,Rua Açai 107,Loteamento Açaí,572484b1-1e48-4d7a-8864-2304f1a0f611,AP
01a02d5f-a879-70e4-873f-234235ae5036,68903379,rua,Rua Açucenas,Jardim Marco Zero,572484b1-1e48-4d7a-8864-2304f1a0f611,AP
01a03136-73c0-7ad5-841c-ec56beb346ce,68903379,rua,Rua Açucenas,Jardim Marco Zero,572484b1-1e48-4d7a-8864-2304f1a0f611,AP
01a02d5f-d009-7956-a602-df10bbc0b391,68933005,rua,Rua B,Ilha de Santana,324f5453-20fa-4565-9dd4-6c6514f449bf,AP
01a03136-b63b-7787-becb-01a853cf63b5,68933005,rua,Rua B,Ilha de Santana,324f5453-20fa-4565-9dd4-6c6514f449bf,AP
01a02d5f-bdb6-77fa-891f-34b12b2d80e2,68909306,rua,Rua Bacabeira,Brasil Novo,572484b1-1e48-4d7a-8864-2304f1a0f611,AP
01a03136-9955-7df4-9a50-c3bc7453ab31,68909306,rua,Rua Bacabeira,Brasil Novo,572484b1-1e48-4d7a-8864-2304f1a0f611,AP
01a02d5f-bdb6-77fa-8921-8277e12d38bd,68909308,rua,Rua Bacuris,Brasil Novo,572484b1-1e48-4d7a-8864-2304f1a0f611,AP
01a03136-95f4-73cb-814e-3e962f946861,68909308,rua,Rua Bacuris,Brasil Novo,572484b1-1e48-4d7a-8864-2304f1a0f611,AP
01a02d5f-d62d-725c-b4df-a625aa80d8e6,68909392,rua,Rua Bananal,Brasil Novo,572484b1-1e48-4d7a-8864-2304f1a0f611,AP
01a03136-c34a-79f9-a1cd-16ebf00cd46b,68909392,rua,Rua Bananal,Brasil Novo,572484b1-1e48-4d7a-8864-2304f1a0f611,AP
01a02d5f-a645-7a87-9cd2-d29f8bf65016,68902873,rua,Rua Barão de Mauá,Buritizal,572484b1-1e48-4d7a-8864-2304f1a0f611,AP
01a02d5f-a1f0-7fb1-a331-22b82e72274e,68901350,rua,Rua Barão de Mauá,Santa Rita,572484b1-1e48-4d7a-8864-2304f1a0f611,AP
01a03136-6b9c-7461-8dba-f6a38ee6119d,68901350,rua,Rua Barão de Mauá,Santa Rita,572484b1-1e48-4d7a-8864-2304f1a0f611,AP
01a03136-6fb9-7fbc-9d6b-7e7630462b06,68902873,rua,Rua Barão de Mauá,Buritizal,572484b1-1e48-4d7a-8864-2304f1a0f611,AP
01a02d5f-a645-7a87-9cdd-8d11cc6b5757,68902905,rua,Rua Barão de Mauá 1790,Buritizal,572484b1-1e48-4d7a-8864-2304f1a0f611,AP
01a03136-6fde-7fcb-8bf7-9f5dbeba2770,68902905,rua,Rua Barão de Mauá 1790,Buritizal,572484b1-1e48-4d7a-8864-2304f1a0f611,AP
01a02d5f-b36e-79f4-a0f5-a843bdff60fd,68906815,rua,Rua Beija Flor,Cabralzinho,572484b1-1e48-4d7a-8864-2304f1a0f611,AP
01a03136-8513-787f-9a39-2105eebc024b,68906815,rua,Rua Beija Flor,Cabralzinho,572484b1-1e48-4d7a-8864-2304f1a0f611,AP
01a02d5f-c5ec-7383-8672-f51feddc7239,68911466,rua,Rua Beira Rio,Muruci (Fazendinha),572484b1-1e48-4d7a-8864-2304f1a0f611,AP
01a02d5f-d00c-73d6-b842-0255e8d23b74,68906450,rua,Rua Beira Rio,Marabaixo,572484b1-1e48-4d7a-8864-2304f1a0f611,AP
01a02d5f-a1f0-7fb1-a33a-f9f39dc882ef,68901470,rua,Rua Beira Rio,Santa Inês,572484b1-1e48-4d7a-8864-2304f1a0f611,AP
01a02d5f-b13a-7676-958b-d5ce4cbeb57f,68905780,rua,Rua Beira Rio,Perpétuo Socorro,572484b1-1e48-4d7a-8864-2304f1a0f611,AP
01a02d5f-d824-7084-91b8-f6c99783a23c,68933001,rua,Rua Beira Rio,Ilha de Santana,324f5453-20fa-4565-9dd4-6c6514f449bf,AP
01a03136-6bbc-7bb7-9735-0b9ab6507d5f,68901470,rua,Rua Beira Rio,Santa Inês,572484b1-1e48-4d7a-8864-2304f1a0f611,AP
01a03136-81c3-770b-8b05-e94058d80e65,68905780,rua,Rua Beira Rio,Perpétuo Socorro,572484b1-1e48-4d7a-8864-2304f1a0f611,AP
01a03136-a4be-7e9b-8efc-137d8e50325d,68911466,rua,Rua Beira Rio,Muruci (Fazendinha),572484b1-1e48-4d7a-8864-2304f1a0f611,AP
01a03136-b735-7ad3-8c1a-08431c49f332,68906450,rua,Rua Beira Rio,Marabaixo,572484b1-1e48-4d7a-8864-2304f1a0f611,AP
01a03136-c6c3-7906-91a1-36d38799c1cf,68933001,rua,Rua Beira Rio,Ilha de Santana,324f5453-20fa-4565-9dd4-6c6514f449bf,AP
01a02d5f-c5ec-7c2f-8683-65d40e028a21,68925025,rua,Rua Beira-mar,Comercial,324f5453-20fa-4565-9dd4-6c6514f449bf,AP
01a03136-a511-7b2c-88fc-14e127110dbc,68925025,rua,Rua Beira-mar,Comercial,324f5453-20fa-4565-9dd4-6c6514f449bf,AP
01a02d5f-d00b-72e2-b17d-984e11017756,68906177,rua,Rua Belgica,São José,572484b1-1e48-4d7a-8864-2304f1a0f611,AP
01a03136-b6f4-7079-9b11-6fd3197e5115,68906177,rua,Rua Belgica,São José,572484b1-1e48-4d7a-8864-2304f1a0f611,AP
01a02d5f-d413-77da-9113-64a78e30a273,68906145,rua,Rua Belo Horizonte,Cabralzinho,572484b1-1e48-4d7a-8864-2304f1a0f611,AP
01a03136-bccb-7cf6-abb2-f737487e39e7,68906145,rua,Rua Belo Horizonte,Cabralzinho,572484b1-1e48-4d7a-8864-2304f1a0f611,AP
01a02d5f-b7a8-7527-881e-f7f28492ca84,68908009,rua,Rua Belém,Infraero,572484b1-1e48-4d7a-8864-2304f1a0f611,AP
01a03136-8ba1-7577-bc03-1475ba12b882,68908009,rua,Rua Belém,Infraero,572484b1-1e48-4d7a-8864-2304f1a0f611,AP
01a02d5f-acd8-78e3-aa78-399bfd11b4dc,68904366,rua,Rua Benedito Lino do Carmo,Congós,572484b1-1e48-4d7a-8864-2304f1a0f611,AP
01a03136-7ce1-7793-bd47-ce7aa389bd1e,68904366,rua,Rua Benedito Lino do Carmo,Congós,572484b1-1e48-4d7a-8864-2304f1a0f611,AP
01a02d5f-b599-761e-a3ed-cf23c0f75b0e,68907318,rua,Rua Benedito Rodrigues Ferreira,Pantanal,572484b1-1e48-4d7a-8864-2304f1a0f611,AP
01a03136-8b11-706f-9be1-ef73fb45d562,68907318,rua,Rua Benedito Rodrigues Ferreira,Pantanal,572484b1-1e48-4d7a-8864-2304f1a0f611,AP
01a02d5f-d821-7dff-9983-2517b02c2457,68911116,rua,Rua Benoni Peres Fomes,Fazendinha,572484b1-1e48-4d7a-8864-2304f1a0f611,AP
01a03136-c3b2-7a92-8646-17ab288f3ae4,68911116,rua,Rua Benoni Peres Fomes,Fazendinha,572484b1-1e48-4d7a-8864-2304f1a0f611,AP
01a02d5f-bbb6-78e7-886c-c2242e11ee20,68908812,rua,Rua Bertoldo Rosa Duarte,Infraero,572484b1-1e48-4d7a-8864-2304f1a0f611,AP
01a03136-9270-7512-b841-af7d03488d32,68908812,rua,Rua Bertoldo Rosa Duarte,Infraero,572484b1-1e48-4d7a-8864-2304f1a0f611,AP
01a02d5f-b599-7ea1-a3f8-148394d86cb2,68907420,rua,Rua Bizâncio,Renascer,572484b1-1e48-4d7a-8864-2304f1a0f611,AP
01a03136-8b24-7f14-9609-65e59ddccdf0,68907420,rua,Rua Bizâncio,Renascer,572484b1-1e48-4d7a-8864-2304f1a0f611,AP
01a02d5f-b7a8-7527-881d-0881da31d45c,68908008,rua,Rua Boa Vista,Infraero,572484b1-1e48-4d7a-8864-2304f1a0f611,AP
01a03136-8b9d-77aa-b2a7-d9efd60c5471,68908008,rua,Rua Boa Vista,Infraero,572484b1-1e48-4d7a-8864-2304f1a0f611,AP
01a02d5f-d629-76f8-be25-515a5dc5bdd0,68906510,rua,Rua Bosque,Marabaixo,572484b1-1e48-4d7a-8864-2304f1a0f611,AP
01a03136-c034-7898-8246-631d9f8f5ceb,68906510,rua,Rua Bosque,Marabaixo,572484b1-1e48-4d7a-8864-2304f1a0f611,AP
01a02d5f-d822-76b7-bf6d-c13e02f43f6a,68928410,rua,Rua Brasil,Fé em Deus,324f5453-20fa-4565-9dd4-6c6514f449bf,AP
01a03136-c418-753c-bbab-963956830bde,68928410,rua,Rua Brasil,Fé em Deus,324f5453-20fa-4565-9dd4-6c6514f449bf,AP
01a02d5f-d62b-78d9-b473-306a4b7a7730,68909339,rua,Rua Brasil Novo,Brasil Novo,572484b1-1e48-4d7a-8864-2304f1a0f611,AP
01a03136-c0ce-7637-b01a-f7d7d2dc3be7,68909339,rua,Rua Brasil Novo,Brasil Novo,572484b1-1e48-4d7a-8864-2304f1a0f611,AP
01a02d5f-bbb9-70e8-8629-37ddd2d37a6b,68908877,rua,Rua Brigadeiro Helio Costa,Infraero,572484b1-1e48-4d7a-8864-2304f1a0f611,AP
01a03136-9347-7977-9488-b2a02550058f,68908877,rua,Rua Brigadeiro Helio Costa,Infraero,572484b1-1e48-4d7a-8864-2304f1a0f611,AP
01a02d5f-a877-7f38-b951-9e40f128250f,68903335,rua,Rua C,Jardim Marco Zero,572484b1-1e48-4d7a-8864-2304f1a0f611,AP
01a02d5f-d009-7956-a603-53808afade10,68933010,rua,Rua C,Ilha de Santana,324f5453-20fa-4565-9dd4-6c6514f449bf,AP
01a03136-7354-7622-a4d2-e89cfbca67a2,68903335,rua,Rua C,Jardim Marco Zero,572484b1-1e48-4d7a-8864-2304f1a0f611,AP
01a03136-b63e-7ba0-8027-f8a436644696,68933010,rua,Rua C,Ilha de Santana,324f5453-20fa-4565-9dd4-6c6514f449bf,AP
01a02d5f-c7ec-7f49-a7b4-7e784b8c8950,68926142,rua,Rua C 1,Vila Amazonas,324f5453-20fa-4565-9dd4-6c6514f449bf,AP
01a03136-abd2-737d-ad52-95979cfa4ee2,68926142,rua,Rua C 1,Vila Amazonas,324f5453-20fa-4565-9dd4-6c6514f449bf,AP
01a02d5f-b7a9-7f43-a169-89a9c0153528,68908786,rua,Rua Cacau,Infraero,572484b1-1e48-4d7a-8864-2304f1a0f611,AP
01a03136-9224-7538-ba54-df1ca60564b0,68908786,rua,Rua Cacau,Infraero,572484b1-1e48-4d7a-8864-2304f1a0f611,AP
01a02d5f-c3df-7f0a-8b82-4c0934de9ded,68911105,rua,Rua Caetano Dias Tomaz,Fazendinha,572484b1-1e48-4d7a-8864-2304f1a0f611,AP
01a03136-a146-7ca7-b1b7-e61601a98a5e,68911105,rua,Rua Caetano Dias Tomaz,Fazendinha,572484b1-1e48-4d7a-8864-2304f1a0f611,AP
01a02d5f-bfda-7e3e-870d-8a662d362224,68909312,rua,Rua Cajueiro,Brasil Novo,572484b1-1e48-4d7a-8864-2304f1a0f611,AP
01a03136-9964-7d19-be9f-1605844ba12d,68909312,rua,Rua Cajueiro,Brasil Novo,572484b1-1e48-4d7a-8864-2304f1a0f611,AP
01a02d5f-c5ed-74ca-8a4e-cb0910e7a2b5,68925073,rua,Rua Calçoene,Comercial,324f5453-20fa-4565-9dd4-6c6514f449bf,AP
01a03136-a55b-7238-955f-b38521e6ee37,68925073,rua,Rua Calçoene,Comercial,324f5453-20fa-4565-9dd4-6c6514f449bf,AP
01a02d5f-b7a8-7527-8820-ec53393c347e,68908031,rua,Rua Campo Grande,Infraero,572484b1-1e48-4d7a-8864-2304f1a0f611,AP
01a03136-8ba8-79ad-a920-0010bdc68edc,68908031,rua,Rua Campo Grande,Infraero,572484b1-1e48-4d7a-8864-2304f1a0f611,AP
01a02d5f-d629-76f8-be28-9a3cc6a62534,68906513,rua,Rua Campos,Marabaixo,572484b1-1e48-4d7a-8864-2304f1a0f611,AP
01a03136-c03f-728b-b9cf-9fad7c4385e4,68906513,rua,Rua Campos,Marabaixo,572484b1-1e48-4d7a-8864-2304f1a0f611,AP
01a02d5f-d629-7f5c-be2f-b43957fb100c,68906796,rua,Rua Canadá,Cabralzinho,572484b1-1e48-4d7a-8864-2304f1a0f611,AP
01a03136-c055-7099-ae5e-0b963204196c,68906796,rua,Rua Canadá,Cabralzinho,572484b1-1e48-4d7a-8864-2304f1a0f611,AP
01a02d5f-af08-7f4d-bc2b-21c91c509991,68905514,rua,Rua Canal do Perpéto Socorro,Perpétuo Socorro,572484b1-1e48-4d7a-8864-2304f1a0f611,AP
01a03136-8113-71be-8647-f808b1acaa79,68905514,rua,Rua Canal do Perpéto Socorro,Perpétuo Socorro,572484b1-1e48-4d7a-8864-2304f1a0f611,AP
01a02d5f-d629-76f8-be26-95c9072bc5fb,68906511,rua,Rua Canteiro,Marabaixo,572484b1-1e48-4d7a-8864-2304f1a0f611,AP
01a03136-c037-7e72-bc57-ac6dc1eb6884,68906511,rua,Rua Canteiro,Marabaixo,572484b1-1e48-4d7a-8864-2304f1a0f611,AP
01a02d5f-cc1c-795a-822b-3624019a74f7,68927447,rua,Rua Capitão Euclides Rodrigues,Provedor,324f5453-20fa-4565-9dd4-6c6514f449bf,AP
01a02d5f-cc19-7e0d-a01d-6ed99c2f7e9f,68927293,rua,Rua Capitão Euclides Rodrigues,Nova Brasília,324f5453-20fa-4565-9dd4-6c6514f449bf,AP
01a02d5f-c7ea-7bcf-a821-fabf3cb2e116,68925192,rua,Rua Capitão Euclides Rodrigues,Central,324f5453-20fa-4565-9dd4-6c6514f449bf,AP
01a03136-a839-79a9-846b-51b35a97b9ed,68925192,rua,Rua Capitão Euclides Rodrigues,Central,324f5453-20fa-4565-9dd4-6c6514f449bf,AP
01a03136-afc5-75fe-9a79-d54b93326b2a,68927293,rua,Rua Capitão Euclides Rodrigues,Nova Brasília,324f5453-20fa-4565-9dd4-6c6514f449bf,AP
01a03136-b05f-7637-84fa-f500b32a5341,68927447,rua,Rua Capitão Euclides Rodrigues,Provedor,324f5453-20fa-4565-9dd4-6c6514f449bf,AP
01a02d5f-a645-7a87-9ce1-81a3816f02db,68903002,rua,Rua Caripunas,Jardim Equatorial,572484b1-1e48-4d7a-8864-2304f1a0f611,AP
01a03136-6feb-7eb8-80cb-e167e00fe358,68903002,rua,Rua Caripunas,Jardim Equatorial,572484b1-1e48-4d7a-8864-2304f1a0f611,AP
01a02d5f-a877-767a-b926-0a5d5276640f,68903198,rua,Rua Carlos Cantídio Corte,Jardim Marco Zero,572484b1-1e48-4d7a-8864-2304f1a0f611,AP
01a03136-72c1-798c-8609-5e7ec7026898,68903198,rua,Rua Carlos Cantídio Corte,Jardim Marco Zero,572484b1-1e48-4d7a-8864-2304f1a0f611,AP
01a02d5f-d62a-77c1-8e5d-127aebd4a0c7,68908002,rua,Rua Carlos Daniel,Infraero,572484b1-1e48-4d7a-8864-2304f1a0f611,AP
01a03136-c087-7e1b-9a43-2d732e9ccf25,68908002,rua,Rua Carlos Daniel,Infraero,572484b1-1e48-4d7a-8864-2304f1a0f611,AP
01a02d5f-acd8-78e3-aa7b-341e6a2f2cbc,68904376,rua,Rua Carlos Drumond de Andrade,Congós,572484b1-1e48-4d7a-8864-2304f1a0f611,AP
01a03136-7cea-7c45-b3cb-a4080f45c1b1,68904376,rua,Rua Carlos Drumond de Andrade,Congós,572484b1-1e48-4d7a-8864-2304f1a0f611,AP
01a02d5f-d62b-7078-b462-591519db4856,68908025,rua,Rua Carlos Mariguela,Infraero,572484b1-1e48-4d7a-8864-2304f1a0f611,AP
01a03136-c098-797a-a9fb-8cc2776ad291,68908025,rua,Rua Carlos Mariguela,Infraero,572484b1-1e48-4d7a-8864-2304f1a0f611,AP
01a02d5f-c3de-74da-ab6e-6c057ac3f97d,68911032,rua,Rua Carmelita Lobo Siqueira,Fazendinha,572484b1-1e48-4d7a-8864-2304f1a0f611,AP
01a03136-a0de-76d7-a331-08ff8b38bf7a,68911032,rua,Rua Carmelita Lobo Siqueira,Fazendinha,572484b1-1e48-4d7a-8864-2304f1a0f611,AP
01a02d5f-b9af-706c-a9aa-6e4101ed4e24,68908435,rua,Rua Caubi Melo,São Lázaro,572484b1-1e48-4d7a-8864-2304f1a0f611,AP
01a03136-8f60-7431-9b56-7ae3855cbb43,68908435,rua,Rua Caubi Melo,São Lázaro,572484b1-1e48-4d7a-8864-2304f1a0f611,AP
01a02d5f-b7a8-7527-8828-aba076aa60ce,68908041,rua,Rua Caxias do Sul,Infraero,572484b1-1e48-4d7a-8864-2304f1a0f611,AP
01a02f29-b8c1-7726-a5b8-3b6ba4bb71ba,68908041,rua,Rua Caxias do Sul,Infraero,572484b1-1e48-4d7a-8864-2304f1a0f611,AP
01a02d5f-bdb5-7f71-9f28-e60f7680de88,68909156,rua,Rua Cazuza,Boné Azul,572484b1-1e48-4d7a-8864-2304f1a0f611,AP
01a03136-96dd-7f21-9505-9b4175f861e1,68909156,rua,Rua Cazuza,Boné Azul,572484b1-1e48-4d7a-8864-2304f1a0f611,AP
01a02d5f-bfdb-7fb3-935d-b88241a222b7,68909474,rua,Rua Cedro,Boné Azul,572484b1-1e48-4d7a-8864-2304f1a0f611,AP
01a03136-99e8-7e9e-97f0-6245da77f982,68909474,rua,Rua Cedro,Boné Azul,572484b1-1e48-4d7a-8864-2304f1a0f611,AP
01a02d5f-bfdb-7fb3-9374-7e07d5f0755e,68909515,rua,Rua Central,Boné Azul,572484b1-1e48-4d7a-8864-2304f1a0f611,AP
01a02d5f-d62c-79e2-b6f2-cc5ea96390ae,68909356,rua,Rua Central,Brasil Novo,572484b1-1e48-4d7a-8864-2304f1a0f611,AP
01a03136-9a36-7293-bc99-ed43ed575c8e,68909515,rua,Rua Central,Boné Azul,572484b1-1e48-4d7a-8864-2304f1a0f611,AP
01a03136-c0fd-7bee-99b2-895d648ef143,68909356,rua,Rua Central,Brasil Novo,572484b1-1e48-4d7a-8864-2304f1a0f611,AP
01a02d5f-b598-7d36-bf03-20ae6ef90a4e,68907290,rua,Rua Centurião,Renascer,572484b1-1e48-4d7a-8864-2304f1a0f611,AP
01a03136-88a0-7f13-b6c2-1da79496a886,68907290,rua,Rua Centurião,Renascer,572484b1-1e48-4d7a-8864-2304f1a0f611,AP
01a02d5f-a646-7bae-8952-6fb944c32b98,68903127,rua,Rua Cinco,Pedrinhas,572484b1-1e48-4d7a-8864-2304f1a0f611,AP
01a02d5f-d416-72f3-b884-e1c8109192e4,68903212,rua,Rua Cinco,Jardim Marco Zero,572484b1-1e48-4d7a-8864-2304f1a0f611,AP
01a02d5f-d628-7e94-a12f-b403882758d3,68906324,rua,Rua Cinco,Marabaixo,572484b1-1e48-4d7a-8864-2304f1a0f611,AP
01a02d5f-d821-74b6-9977-db1f2e27ce85,68909655,rua,Rua Cinco,Lagoa Azul,572484b1-1e48-4d7a-8864-2304f1a0f611,AP
01a02d5f-a41e-7ef5-b8a4-3e6f0c2815c2,68902019,rua,Rua Cinco,Beirol,572484b1-1e48-4d7a-8864-2304f1a0f611,AP
01a02d5f-d009-70b5-a5f8-0cf55a630be4,68929544,rua,Rua Cinco,Distrito Industrial,324f5453-20fa-4565-9dd4-6c6514f449bf,AP
01a03136-6c82-7948-9f69-821e7141e571,68902019,rua,Rua Cinco,Beirol,572484b1-1e48-4d7a-8864-2304f1a0f611,AP
01a03136-7272-7482-8e2a-76cbd8702805,68903127,rua,Rua Cinco,Pedrinhas,572484b1-1e48-4d7a-8864-2304f1a0f611,AP
01a03136-b61a-7a10-aa96-17de25156b45,68929544,rua,Rua Cinco,Distrito Industrial,324f5453-20fa-4565-9dd4-6c6514f449bf,AP
01a03136-bd7f-70db-90a0-478098865d67,68903212,rua,Rua Cinco,Jardim Marco Zero,572484b1-1e48-4d7a-8864-2304f1a0f611,AP
01a03136-c01d-71e9-bf72-3cc718fe67d1,68906324,rua,Rua Cinco,Marabaixo,572484b1-1e48-4d7a-8864-2304f1a0f611,AP
01a03136-c38d-7598-804e-7c5bd1d1126c,68909655,rua,Rua Cinco,Lagoa Azul,572484b1-1e48-4d7a-8864-2304f1a0f611,AP
01a02d5f-bdb5-76c2-9f21-a54f84a0e181,68909148,rua,Rua Clara Nunes,Boné Azul,572484b1-1e48-4d7a-8864-2304f1a0f611,AP
01a03136-96c5-7abc-bb3c-1450f7b5b461,68909148,rua,Rua Clara Nunes,Boné Azul,572484b1-1e48-4d7a-8864-2304f1a0f611,AP
01a02d5f-acd8-7013-aa6c-1a72f1ffa878,68904326,rua,Rua Claudomiro de Moraes,Congós,572484b1-1e48-4d7a-8864-2304f1a0f611,AP
01a02d5f-acd6-7612-8948-f90f4f34173d,68904001,rua,Rua Claudomiro de Moraes,Novo Buritizal,572484b1-1e48-4d7a-8864-2304f1a0f611,AP
01a03136-79e5-721e-b854-82a6d486f207,68904001,rua,Rua Claudomiro de Moraes,Novo Buritizal,572484b1-1e48-4d7a-8864-2304f1a0f611,AP
01a03136-7cb9-7de6-8383-e767e37f84e9,68904326,rua,Rua Claudomiro de Moraes,Congós,572484b1-1e48-4d7a-8864-2304f1a0f611,AP
01a02d5f-af06-723f-9dd9-ca2482941b17,68904970,rua,"Rua Claudomiro de Moraes, s/n",Novo Buritizal,572484b1-1e48-4d7a-8864-2304f1a0f611,AP
01a02d5f-acd6-7612-8947-4ca208e9cbd6,68903971,rua,"Rua Claudomiro de Moraes, s/n",Novo Buritizal,572484b1-1e48-4d7a-8864-2304f1a0f611,AP
01a03136-79e1-7490-8206-4650666c061b,68903971,rua,"Rua Claudomiro de Moraes, s/n",Novo Buritizal,572484b1-1e48-4d7a-8864-2304f1a0f611,AP
01a03136-7d8b-7db7-8aa0-38346045a402,68904970,rua,"Rua Claudomiro de Moraes, s/n",Novo Buritizal,572484b1-1e48-4d7a-8864-2304f1a0f611,AP
01a02d5f-d821-74b6-997b-8d8626e7b7a0,68909786,rua,Rua Clenildo Sales,Lagoa Azul,572484b1-1e48-4d7a-8864-2304f1a0f611,AP
01a03136-c399-7a2b-b481-3029eedf85d4,68909786,rua,Rua Clenildo Sales,Lagoa Azul,572484b1-1e48-4d7a-8864-2304f1a0f611,AP
01a02d5f-bdb4-7e21-a29b-62e227ec8401,68909067,rua,Rua Clodoaldo da Silva Matias,Jardim Felicidade,572484b1-1e48-4d7a-8864-2304f1a0f611,AP
01a03136-9650-7dc8-9bf8-c2aa5f16c6c3,68909067,rua,Rua Clodoaldo da Silva Matias,Jardim Felicidade,572484b1-1e48-4d7a-8864-2304f1a0f611,AP
01a02d5f-ca04-7e38-baa7-d99d87f04251,68927003,rua,Rua Cláudio Lúcio Monteiro,Remedios,324f5453-20fa-4565-9dd4-6c6514f449bf,AP
01a02d5f-c7ec-76ac-a7a0-194ffb560fc0,68926060,rua,Rua Cláudio Lúcio Monteiro,Daniel,324f5453-20fa-4565-9dd4-6c6514f449bf,AP
01a02d5f-c7eb-7d57-aa4b-5ad2eb94efe9,68926000,rua,Rua Cláudio Lúcio Monteiro,Novo Horizonte,324f5453-20fa-4565-9dd4-6c6514f449bf,AP
01a02d5f-c5ed-74ca-8a5b-73e16791efa2,68925123,rua,Rua Cláudio Lúcio Monteiro,Hospitalidade,324f5453-20fa-4565-9dd4-6c6514f449bf,AP
01a02d5f-c5ed-74ca-8a51-a9738ae3b851,68925090,rua,Rua Cláudio Lúcio Monteiro,Comercial,324f5453-20fa-4565-9dd4-6c6514f449bf,AP
01a03136-a568-72c0-a2d3-5c1a49458535,68925090,rua,Rua Cláudio Lúcio Monteiro,Comercial,324f5453-20fa-4565-9dd4-6c6514f449bf,AP
01a03136-a7e6-7a10-9d1d-85129bcba4dd,68925123,rua,Rua Cláudio Lúcio Monteiro,Hospitalidade,324f5453-20fa-4565-9dd4-6c6514f449bf,AP
01a03136-a8d7-7887-8753-d16e938842ad,68926000,rua,Rua Cláudio Lúcio Monteiro,Novo Horizonte,324f5453-20fa-4565-9dd4-6c6514f449bf,AP
01a03136-a913-74fd-9ed8-6343d0c1b77b,68926060,rua,Rua Cláudio Lúcio Monteiro,Daniel,324f5453-20fa-4565-9dd4-6c6514f449bf,AP
01a03136-ac66-76f9-8998-ff7177ed87ef,68927003,rua,Rua Cláudio Lúcio Monteiro,Remedios,324f5453-20fa-4565-9dd4-6c6514f449bf,AP
01a02d5f-c5ea-7088-95db-d76287677591,68911359,rua,Rua Constancia Leão Tomaz,Muruci (Fazendinha),572484b1-1e48-4d7a-8864-2304f1a0f611,AP
01a03136-a428-7be3-bd9f-b6c28371b528,68911359,rua,Rua Constancia Leão Tomaz,Muruci (Fazendinha),572484b1-1e48-4d7a-8864-2304f1a0f611,AP
01a02d5f-b599-7ea1-a3fa-aefef51fa172,68907440,rua,Rua Constantinoplas,Renascer,572484b1-1e48-4d7a-8864-2304f1a0f611,AP
01a03136-8b2b-78a3-9d42-b9bda3aa811f,68907440,rua,Rua Constantinoplas,Renascer,572484b1-1e48-4d7a-8864-2304f1a0f611,AP
01a02d5f-b599-7ea1-a400-2513c7c08e82,68907500,rua,Rua Constelação de Dellos,Renascer,572484b1-1e48-4d7a-8864-2304f1a0f611,AP
01a03136-8b40-7df5-98f1-b773cbd3eee9,68907500,rua,Rua Constelação de Dellos,Renascer,572484b1-1e48-4d7a-8864-2304f1a0f611,AP
01a02d5f-b598-7469-bedd-acd4a946844a,68907010,rua,Rua Creta,Renascer,572484b1-1e48-4d7a-8864-2304f1a0f611,AP
01a03136-8819-72e6-b341-5710dcd27252,68907010,rua,Rua Creta,Renascer,572484b1-1e48-4d7a-8864-2304f1a0f611,AP
01a02d5f-d62d-725c-b4e5-0f06ed9eff77,68909620,rua,Rua Cumaru,Boné Azul,572484b1-1e48-4d7a-8864-2304f1a0f611,AP
01a03136-c35e-7380-9cca-a7372a070f4c,68909620,rua,Rua Cumaru,Boné Azul,572484b1-1e48-4d7a-8864-2304f1a0f611,AP
01a02d5f-b598-7469-bedb-9334b1cbc84b,68906974,rua,Rua Cândido Mendes,Central,572484b1-1e48-4d7a-8864-2304f1a0f611,AP
01a02d5f-9fc4-72a2-bc8b-0677d74268d1,68900100,rua,Rua Cândido Mendes,Central,572484b1-1e48-4d7a-8864-2304f1a0f611,AP
01a02d5f-b139-7423-af3b-c825a7e43e93,68905670,rua,Rua Cândido Mendes,Perpétuo Socorro,572484b1-1e48-4d7a-8864-2304f1a0f611,AP
01a03136-6849-7153-aad6-848e94c2fec4,68900100,rua,Rua Cândido Mendes,Central,572484b1-1e48-4d7a-8864-2304f1a0f611,AP
01a03136-818f-77c1-95d8-38ed457b3c79,68905670,rua,Rua Cândido Mendes,Perpétuo Socorro,572484b1-1e48-4d7a-8864-2304f1a0f611,AP
01a03136-8812-7673-94b8-ece7783b8640,68906974,rua,Rua Cândido Mendes,Central,572484b1-1e48-4d7a-8864-2304f1a0f611,AP
01a02d5f-9fc5-73b0-819c-a4810b4c985c,68900900,rua,Rua Cândido Mendes 1316,Central,572484b1-1e48-4d7a-8864-2304f1a0f611,AP
01a03136-6875-7f0c-95e1-086d0bf18f22,68900900,rua,Rua Cândido Mendes 1316,Central,572484b1-1e48-4d7a-8864-2304f1a0f611,AP
01a02d5f-a1ee-7357-9f71-7e9d5172218e,68900916,rua,Rua Cândido Mendes 1319,Central,572484b1-1e48-4d7a-8864-2304f1a0f611,AP
01a03136-68a5-7040-a727-78ff4df3c2e0,68900916,rua,Rua Cândido Mendes 1319,Central,572484b1-1e48-4d7a-8864-2304f1a0f611,AP
01a02d5f-a1ee-7357-9f72-81aac398f5f0,68900917,rua,Rua Cândido Mendes 1404,Central,572484b1-1e48-4d7a-8864-2304f1a0f611,AP
01a03136-68a8-768e-9c98-bc8d05645297,68900917,rua,Rua Cândido Mendes 1404,Central,572484b1-1e48-4d7a-8864-2304f1a0f611,AP
01a02d5f-a1ed-7af0-8695-78b1a00641fc,68900905,rua,Rua Cândido Mendes 1517,Central,572484b1-1e48-4d7a-8864-2304f1a0f611,AP
01a03136-6883-721a-a5c3-170a2520598b,68900905,rua,Rua Cândido Mendes 1517,Central,572484b1-1e48-4d7a-8864-2304f1a0f611,AP
01a02d5f-a1ed-7af0-8694-990e2d1c1c0a,68900904,rua,Rua Cândido Mendes 1520,Central,572484b1-1e48-4d7a-8864-2304f1a0f611,AP
01a03136-687f-7cf0-a213-f2f7549c1126,68900904,rua,Rua Cândido Mendes 1520,Central,572484b1-1e48-4d7a-8864-2304f1a0f611,AP
01a02d5f-c1d8-7e38-8b06-7690b8598fa7,68909803,rua,Rua Cícero Marques de Souza,Novo Horizonte,572484b1-1e48-4d7a-8864-2304f1a0f611,AP
01a03136-9d54-7f5e-a482-33bfc73343d9,68909803,rua,Rua Cícero Marques de Souza,Novo Horizonte,572484b1-1e48-4d7a-8864-2304f1a0f611,AP
01a02d5f-a646-7328-8948-1efdbf400570,68903116,rua,Rua D,Pedrinhas,572484b1-1e48-4d7a-8864-2304f1a0f611,AP
01a02d5f-d009-7956-a604-a92b717e9a30,68933015,rua,Rua D,Ilha de Santana,324f5453-20fa-4565-9dd4-6c6514f449bf,AP
01a03136-7037-73c9-a919-edaaab129e99,68903116,rua,Rua D,Pedrinhas,572484b1-1e48-4d7a-8864-2304f1a0f611,AP
01a03136-b641-7fc9-b767-adbf79e81c00,68933015,rua,Rua D,Ilha de Santana,324f5453-20fa-4565-9dd4-6c6514f449bf,AP
01a02d5f-ca04-75ca-ba86-6e7c78969981,68926178,rua,Rua D 1,Vila Amazonas,324f5453-20fa-4565-9dd4-6c6514f449bf,AP
01a03136-abf7-78dd-ab24-6fd318b8148e,68926178,rua,Rua D 1,Vila Amazonas,324f5453-20fa-4565-9dd4-6c6514f449bf,AP
01a02d5f-c7ec-7f49-a7b5-5c7e91d39fdb,68926146,rua,Rua D 10,Vila Amazonas,324f5453-20fa-4565-9dd4-6c6514f449bf,AP
01a03136-abd7-75a0-a5b1-8ed5dca22e9e,68926146,rua,Rua D 10,Vila Amazonas,324f5453-20fa-4565-9dd4-6c6514f449bf,AP
01a02d5f-c7ec-7f49-a7bc-2be0cea538d7,68926174,rua,Rua D 11,Vila Amazonas,324f5453-20fa-4565-9dd4-6c6514f449bf,AP
01a03136-abf3-7b32-91ec-aea618040e54,68926174,rua,Rua D 11,Vila Amazonas,324f5453-20fa-4565-9dd4-6c6514f449bf,AP
01a02d5f-c7ec-7f49-a7bb-949a60c22f92,68926170,rua,Rua D 12,Vila Amazonas,324f5453-20fa-4565-9dd4-6c6514f449bf,AP
01a03136-abef-73c9-91b4-26f1b843c086,68926170,rua,Rua D 12,Vila Amazonas,324f5453-20fa-4565-9dd4-6c6514f449bf,AP
01a02d5f-c7ec-7f49-a7ba-c769d9a9f9a4,68926166,rua,Rua D 13,Vila Amazonas,324f5453-20fa-4565-9dd4-6c6514f449bf,AP
01a03136-abeb-76b3-bdb1-f751fa72bec8,68926166,rua,Rua D 13,Vila Amazonas,324f5453-20fa-4565-9dd4-6c6514f449bf,AP
01a02d5f-c7ec-7f49-a7b9-e48c4aa2c77e,68926162,rua,Rua D 14,Vila Amazonas,324f5453-20fa-4565-9dd4-6c6514f449bf,AP
01a03136-abe7-783a-9cec-64780b59bc64,68926162,rua,Rua D 14,Vila Amazonas,324f5453-20fa-4565-9dd4-6c6514f449bf,AP
01a02d5f-d822-76b7-bf65-24a8da30ff80,68926163,rua,Rua D 15,Vila Amazonas,324f5453-20fa-4565-9dd4-6c6514f449bf,AP
01a03136-c3fb-731b-a64a-e202673cbea8,68926163,rua,Rua D 15,Vila Amazonas,324f5453-20fa-4565-9dd4-6c6514f449bf,AP
01a02d5f-ca04-75ca-ba87-bd3a51e0d21d,68926182,rua,Rua D 2,Vila Amazonas,324f5453-20fa-4565-9dd4-6c6514f449bf,AP
01a03136-abfb-7fc6-a639-f163da6a0897,68926182,rua,Rua D 2,Vila Amazonas,324f5453-20fa-4565-9dd4-6c6514f449bf,AP
01a02d5f-c7ec-7f49-a7b3-916b90cb7ef2,68926138,rua,Rua D 20,Vila Amazonas,324f5453-20fa-4565-9dd4-6c6514f449bf,AP
01a03136-abce-758a-bd74-67073c4315bc,68926138,rua,Rua D 20,Vila Amazonas,324f5453-20fa-4565-9dd4-6c6514f449bf,AP
01a02d5f-c7ec-7f49-a7b2-6765e50a0564,68926134,rua,Rua D 21,Vila Amazonas,324f5453-20fa-4565-9dd4-6c6514f449bf,AP
01a03136-abca-76f5-bf83-aab2d74f5369,68926134,rua,Rua D 21,Vila Amazonas,324f5453-20fa-4565-9dd4-6c6514f449bf,AP
01a02d5f-c7ec-7f49-a7b1-4bcab10e300f,68926130,rua,Rua D 22,Vila Amazonas,324f5453-20fa-4565-9dd4-6c6514f449bf,AP
01a03136-abc6-78ab-bcc0-0c1e4e064062,68926130,rua,Rua D 22,Vila Amazonas,324f5453-20fa-4565-9dd4-6c6514f449bf,AP
01a02d5f-c7ec-76ac-a7b0-1b6182c2662a,68926126,rua,Rua D 23,Vila Amazonas,324f5453-20fa-4565-9dd4-6c6514f449bf,AP
01a03136-abc2-7116-a38e-d8e291a1fe3e,68926126,rua,Rua D 23,Vila Amazonas,324f5453-20fa-4565-9dd4-6c6514f449bf,AP
01a02d5f-c7ec-76ac-a7af-38694064920a,68926122,rua,Rua D 24,Vila Amazonas,324f5453-20fa-4565-9dd4-6c6514f449bf,AP
01a03136-abbe-75f3-836f-7d32b8d3de43,68926122,rua,Rua D 24,Vila Amazonas,324f5453-20fa-4565-9dd4-6c6514f449bf,AP
01a02d5f-c7ec-76ac-a7ae-a4736f3fe411,68926118,rua,Rua D 25,Vila Amazonas,324f5453-20fa-4565-9dd4-6c6514f449bf,AP
01a03136-abb4-7cfe-9efe-b57717ba503c,68926118,rua,Rua D 25,Vila Amazonas,324f5453-20fa-4565-9dd4-6c6514f449bf,AP
01a02d5f-c7ec-76ac-a7ad-96c2d178db49,68926114,rua,Rua D 26,Vila Amazonas,324f5453-20fa-4565-9dd4-6c6514f449bf,AP
01a03136-a943-71b7-88ad-b18149022989,68926114,rua,Rua D 26,Vila Amazonas,324f5453-20fa-4565-9dd4-6c6514f449bf,AP
01a02d5f-c7ec-76ac-a7ac-e648e9b53534,68926110,rua,Rua D 27,Vila Amazonas,324f5453-20fa-4565-9dd4-6c6514f449bf,AP
01a03136-a93f-7d35-99ae-8b64cd34e2ec,68926110,rua,Rua D 27,Vila Amazonas,324f5453-20fa-4565-9dd4-6c6514f449bf,AP
01a02d5f-c7ec-76ac-a7ab-b3624d44eabb,68926106,rua,Rua D 28,Vila Amazonas,324f5453-20fa-4565-9dd4-6c6514f449bf,AP
01a03136-a93c-77cb-bb42-39d218fa0263,68926106,rua,Rua D 28,Vila Amazonas,324f5453-20fa-4565-9dd4-6c6514f449bf,AP
01a02d5f-c7ec-76ac-a7a9-9d0667893968,68926098,rua,Rua D 29,Vila Amazonas,324f5453-20fa-4565-9dd4-6c6514f449bf,AP
01a03136-a934-7c15-8056-7de4b1f38cc2,68926098,rua,Rua D 29,Vila Amazonas,324f5453-20fa-4565-9dd4-6c6514f449bf,AP
01a02d5f-ca04-75ca-ba88-2dcb67e4b9be,68926186,rua,Rua D 3,Vila Amazonas,324f5453-20fa-4565-9dd4-6c6514f449bf,AP
01a03136-abff-7cac-9fa6-c415b43beeb7,68926186,rua,Rua D 3,Vila Amazonas,324f5453-20fa-4565-9dd4-6c6514f449bf,AP
01a02d5f-ca04-75ca-ba89-6d82ff7f3446,68926190,rua,Rua D 4,Vila Amazonas,324f5453-20fa-4565-9dd4-6c6514f449bf,AP
01a03136-a8da-7dbf-8922-330b3ac4bdf8,68926190,rua,Rua D 4,Vila Amazonas,324f5453-20fa-4565-9dd4-6c6514f449bf,AP
01a02d5f-ca04-75ca-ba8a-c1d81391e2ef,68926194,rua,Rua D 5A,Vila Amazonas,324f5453-20fa-4565-9dd4-6c6514f449bf,AP
01a02f29-b921-7bc0-bec6-f14d69a7c692,68926194,rua,Rua D 5A,Vila Amazonas,324f5453-20fa-4565-9dd4-6c6514f449bf,AP
01a02d5f-ca04-75ca-ba8b-bc26677b3c84,68926198,rua,Rua D 5B,Vila Amazonas,324f5453-20fa-4565-9dd4-6c6514f449bf,AP
01a02f29-b929-79cf-b641-4b71a6419dfd,68926198,rua,Rua D 5B,Vila Amazonas,324f5453-20fa-4565-9dd4-6c6514f449bf,AP
01a02d5f-ca04-75ca-ba8c-c8e38e66590f,68926202,rua,Rua D 6A,Vila Amazonas,324f5453-20fa-4565-9dd4-6c6514f449bf,AP
01a02f29-b943-76d7-8206-39d0b40a637a,68926202,rua,Rua D 6A,Vila Amazonas,324f5453-20fa-4565-9dd4-6c6514f449bf,AP
01a02d5f-ca04-75ca-ba8d-ccb7e8398a37,68926206,rua,Rua D 6B,Vila Amazonas,324f5453-20fa-4565-9dd4-6c6514f449bf,AP
01a02f29-b94f-77ed-98ac-f0577828cd9b,68926206,rua,Rua D 6B,Vila Amazonas,324f5453-20fa-4565-9dd4-6c6514f449bf,AP
01a02d5f-ca04-75ca-ba8e-4febf3148034,68926210,rua,Rua D 6C,Vila Amazonas,324f5453-20fa-4565-9dd4-6c6514f449bf,AP
01a02f29-b953-7fd5-ace9-404e3c82f65d,68926210,rua,Rua D 6C,Vila Amazonas,324f5453-20fa-4565-9dd4-6c6514f449bf,AP
01a02d5f-c7ec-7f49-a7b8-982f86f7ac62,68926158,rua,Rua D 7,Vila Amazonas,324f5453-20fa-4565-9dd4-6c6514f449bf,AP
01a03136-abe2-75cd-bdfa-07f5865f1ab3,68926158,rua,Rua D 7,Vila Amazonas,324f5453-20fa-4565-9dd4-6c6514f449bf,AP
01a02d5f-c7ec-7f49-a7b7-a5799a4851e2,68926154,rua,Rua D 8,Vila Amazonas,324f5453-20fa-4565-9dd4-6c6514f449bf,AP
01a03136-abde-7857-9a6d-5f84149b09a6,68926154,rua,Rua D 8,Vila Amazonas,324f5453-20fa-4565-9dd4-6c6514f449bf,AP
01a02d5f-c7ec-7f49-a7b6-a26e00ccbca0,68926150,rua,Rua D 9,Vila Amazonas,324f5453-20fa-4565-9dd4-6c6514f449bf,AP
01a03136-abdb-72fe-bdf1-a90199a53863,68926150,rua,Rua D 9,Vila Amazonas,324f5453-20fa-4565-9dd4-6c6514f449bf,AP
01a02d5f-bdb5-7f71-9f2c-f5b305f93cf6,68909161,rua,Rua Dalva de Oliveira,Boné Azul,572484b1-1e48-4d7a-8864-2304f1a0f611,AP
01a03136-96ec-7430-b946-e0ae3828a1ad,68909161,rua,Rua Dalva de Oliveira,Boné Azul,572484b1-1e48-4d7a-8864-2304f1a0f611,AP
01a02d5f-ce17-788c-9d0e-379651b869db,68928160,rua,Rua Damião da Cruz Barreto,Fonte Nova,324f5453-20fa-4565-9dd4-6c6514f449bf,AP
01a03136-b31d-7427-b120-f1c6d203e7a2,68928160,rua,Rua Damião da Cruz Barreto,Fonte Nova,324f5453-20fa-4565-9dd4-6c6514f449bf,AP
01a02d5f-b13d-72b2-934c-9157486791f8,68906518,rua,Rua Dez,Marabaixo,572484b1-1e48-4d7a-8864-2304f1a0f611,AP
01a02d5f-ce19-72c7-9c56-fe93aefb3197,68929512,rua,Rua Dez,Distrito Industrial,324f5453-20fa-4565-9dd4-6c6514f449bf,AP
01a03136-8463-7ec0-acc3-8486894da23c,68906518,rua,Rua Dez,Marabaixo,572484b1-1e48-4d7a-8864-2304f1a0f611,AP
01a03136-b5fe-7fe7-94d8-6aad4012b16b,68929512,rua,Rua Dez,Distrito Industrial,324f5453-20fa-4565-9dd4-6c6514f449bf,AP
01a02d5f-af06-723f-9dd2-d00050f591c1,68904800,rua,Rua Dezenove de Julho,Novo Buritizal,572484b1-1e48-4d7a-8864-2304f1a0f611,AP
01a03136-7d74-7d3d-b9f9-0ecb70762462,68904800,rua,Rua Dezenove de Julho,Novo Buritizal,572484b1-1e48-4d7a-8864-2304f1a0f611,AP
01a02d5f-b598-7d36-bef4-218afae10f94,68907201,rua,Rua Dezessete de Junho,Renascer,572484b1-1e48-4d7a-8864-2304f1a0f611,AP
01a03136-8869-7df1-81a9-1f65f509e5ea,68907201,rua,Rua Dezessete de Junho,Renascer,572484b1-1e48-4d7a-8864-2304f1a0f611,AP
01a02d5f-aaab-7afa-bdc0-cf58d403ae12,68903743,rua,Rua Djalma Nascimento,Zerão,572484b1-1e48-4d7a-8864-2304f1a0f611,AP
01a03136-76e5-7246-8d90-a503e35034c5,68903743,rua,Rua Djalma Nascimento,Zerão,572484b1-1e48-4d7a-8864-2304f1a0f611,AP
01a02d5f-bbb6-78e7-8872-888a0322c3ab,68908818,rua,Rua Djanira Mendonça Palheta,Infraero,572484b1-1e48-4d7a-8864-2304f1a0f611,AP
01a03136-9286-71e2-8423-2f690ff293ed,68908818,rua,Rua Djanira Mendonça Palheta,Infraero,572484b1-1e48-4d7a-8864-2304f1a0f611,AP
01a02d5f-a646-7bae-894d-a825b0ce8812,68903122,rua,Rua Dois,Pedrinhas,572484b1-1e48-4d7a-8864-2304f1a0f611,AP
01a02d5f-d416-72f3-b881-824cbc484df5,68903202,rua,Rua Dois,Jardim Marco Zero,572484b1-1e48-4d7a-8864-2304f1a0f611,AP
01a02d5f-d418-7561-8ffe-6e6911515372,68906321,rua,Rua Dois,Marabaixo,572484b1-1e48-4d7a-8864-2304f1a0f611,AP
01a02d5f-d821-74b6-9974-08c069284042,68909652,rua,Rua Dois,Lagoa Azul,572484b1-1e48-4d7a-8864-2304f1a0f611,AP
01a02d5f-a41e-7ef5-b8a0-74b7fb92bdaa,68902013,rua,Rua Dois,Beirol,572484b1-1e48-4d7a-8864-2304f1a0f611,AP
01a02d5f-b36e-79f4-a0e9-29ca46ce5cbe,68906790,rua,Rua Dois,Cabralzinho,572484b1-1e48-4d7a-8864-2304f1a0f611,AP
01a02d5f-d009-70b5-a5f9-b44bf5129767,68929548,rua,Rua Dois,Distrito Industrial,324f5453-20fa-4565-9dd4-6c6514f449bf,AP
01a03136-6c74-755f-912c-b4c90348452a,68902013,rua,Rua Dois,Beirol,572484b1-1e48-4d7a-8864-2304f1a0f611,AP
01a03136-7049-7431-8172-d2995db74421,68903122,rua,Rua Dois,Pedrinhas,572484b1-1e48-4d7a-8864-2304f1a0f611,AP
01a03136-84ec-7b20-9317-2673dd75ca6f,68906790,rua,Rua Dois,Cabralzinho,572484b1-1e48-4d7a-8864-2304f1a0f611,AP
01a03136-b61d-7e6e-8c4b-eb85900b002b,68929548,rua,Rua Dois,Distrito Industrial,324f5453-20fa-4565-9dd4-6c6514f449bf,AP
01a03136-bd74-73cd-88cc-39f41426b048,68903202,rua,Rua Dois,Jardim Marco Zero,572484b1-1e48-4d7a-8864-2304f1a0f611,AP
01a03136-c013-7306-87fd-2bd2578ba216,68906321,rua,Rua Dois,Marabaixo,572484b1-1e48-4d7a-8864-2304f1a0f611,AP
01a03136-c384-7024-8a62-41b668264507,68909652,rua,Rua Dois,Lagoa Azul,572484b1-1e48-4d7a-8864-2304f1a0f611,AP
01a02d5f-acd6-7ea4-8954-b65518dc2bff,68904035,rua,Rua Dois de Moraes,Novo Buritizal,572484b1-1e48-4d7a-8864-2304f1a0f611,AP
01a03136-7a0b-7689-b5a6-2650c09420f6,68904035,rua,Rua Dois de Moraes,Novo Buritizal,572484b1-1e48-4d7a-8864-2304f1a0f611,AP
01a02d5f-af06-723f-9dd4-54ba027e0aa7,68904810,rua,Rua Dois de Setembro,Novo Buritizal,572484b1-1e48-4d7a-8864-2304f1a0f611,AP
01a03136-7d7a-7ef4-be6b-952366b901df,68904810,rua,Rua Dois de Setembro,Novo Buritizal,572484b1-1e48-4d7a-8864-2304f1a0f611,AP
01a02d5f-bdb5-7f71-9f38-d7f48f85f590,68909175,rua,Rua Dona Ermínia,Boné Azul,572484b1-1e48-4d7a-8864-2304f1a0f611,AP
01a03136-993c-796b-9b28-9ae01512b36a,68909175,rua,Rua Dona Ermínia,Boné Azul,572484b1-1e48-4d7a-8864-2304f1a0f611,AP
01a02d5f-d62d-725c-b4dd-464e7c2c9400,68909388,rua,Rua Dourados,Brasil Novo,572484b1-1e48-4d7a-8864-2304f1a0f611,AP
01a03136-c136-75f2-b6f9-3f9d1c819ee8,68909388,rua,Rua Dourados,Brasil Novo,572484b1-1e48-4d7a-8864-2304f1a0f611,AP
01a02d5f-acd8-78e3-aa7c-1a8bb3a5d3ea,68904377,rua,Rua Doutor Alberto Lima,Congós,572484b1-1e48-4d7a-8864-2304f1a0f611,AP
01a03136-7cee-7205-8d97-44701b9892e9,68904377,rua,Rua Doutor Alberto Lima,Congós,572484b1-1e48-4d7a-8864-2304f1a0f611,AP
01a02d5f-a646-7328-893e-e18590c4db77,68903022,rua,Rua Doutor Braulino,Zerão,572484b1-1e48-4d7a-8864-2304f1a0f611,AP
01a02d5f-aaa9-7e53-9c30-9e51d05477dd,68903501,rua,Rua Doutor Braulino,Universidade,572484b1-1e48-4d7a-8864-2304f1a0f611,AP
01a03136-7016-71a3-9fdb-6ebf6752be66,68903022,rua,Rua Doutor Braulino,Zerão,572484b1-1e48-4d7a-8864-2304f1a0f611,AP
01a03136-7678-7a74-84c4-75d90483e3b1,68903501,rua,Rua Doutor Braulino,Universidade,572484b1-1e48-4d7a-8864-2304f1a0f611,AP
01a02d5f-d207-7d87-85d3-f6d542269ae7,68906489,rua,Rua Doutor Dalton Martins,Marabaixo,572484b1-1e48-4d7a-8864-2304f1a0f611,AP
01a03136-b9a8-7806-a80f-3ae6c904fc6f,68906489,rua,Rua Doutor Dalton Martins,Marabaixo,572484b1-1e48-4d7a-8864-2304f1a0f611,AP
01a02d5f-acd8-78e3-aa74-5eb562e65b83,68904345,rua,Rua Doutor Manoel Brasil,Congós,572484b1-1e48-4d7a-8864-2304f1a0f611,AP
01a03136-7cd4-7d4f-b7b9-d815b7c756f9,68904345,rua,Rua Doutor Manoel Brasil,Congós,572484b1-1e48-4d7a-8864-2304f1a0f611,AP
01a02d5f-cc1d-7ab0-a15f-39a91a859526,68928066,rua,Rua Doutor Osvaldo Cruz,Paraíso,324f5453-20fa-4565-9dd4-6c6514f449bf,AP
01a03136-b2bc-75b6-b5d5-6326a7769410,68928066,rua,Rua Doutor Osvaldo Cruz,Paraíso,324f5453-20fa-4565-9dd4-6c6514f449bf,AP
01a02d5f-af08-7f4d-bc30-491d374c6302,68905525,rua,Rua Doutor Walter da Silva Pacheco,Perpétuo Socorro,572484b1-1e48-4d7a-8864-2304f1a0f611,AP
01a02d5f-a646-7bae-8959-74f4115a2ce7,68903180,rua,Rua Doutor Walter da Silva Pacheco,Jardim Marco Zero,572484b1-1e48-4d7a-8864-2304f1a0f611,AP
01a03136-7288-7494-9d64-1a2f0983337b,68903180,rua,Rua Doutor Walter da Silva Pacheco,Jardim Marco Zero,572484b1-1e48-4d7a-8864-2304f1a0f611,AP
01a03136-8122-760b-ba20-b6eb25e908d8,68905525,rua,Rua Doutor Walter da Silva Pacheco,Perpétuo Socorro,572484b1-1e48-4d7a-8864-2304f1a0f611,AP
01a02d5f-d009-70b5-a5f7-84275226d62a,68929540,rua,Rua Doze,Distrito Industrial,324f5453-20fa-4565-9dd4-6c6514f449bf,AP
01a03136-b617-75e6-b454-001dc14158d3,68929540,rua,Rua Doze,Distrito Industrial,324f5453-20fa-4565-9dd4-6c6514f449bf,AP
01a02d5f-bbb9-70e8-8625-f6c7d1930876,68908873,rua,Rua Doze de Dezembro,Infraero,572484b1-1e48-4d7a-8864-2304f1a0f611,AP
01a03136-9339-7531-b5e9-1b2d6c232d7d,68908873,rua,Rua Doze de Dezembro,Infraero,572484b1-1e48-4d7a-8864-2304f1a0f611,AP
01a02d5f-d208-7631-9f00-0bf296022558,68908514,rua,Rua Duarte da Costa,São Lázaro,572484b1-1e48-4d7a-8864-2304f1a0f611,AP
01a03136-b9eb-75ac-9f25-359a0e1a170d,68908514,rua,Rua Duarte da Costa,São Lázaro,572484b1-1e48-4d7a-8864-2304f1a0f611,AP
01a02d5f-c1db-791b-aa34-d8fda7f6ec95,68909859,rua,Rua Décima,Marabaixo,572484b1-1e48-4d7a-8864-2304f1a0f611,AP
01a03136-9e03-7d35-b8e7-c7b306bf65a7,68909859,rua,Rua Décima,Marabaixo,572484b1-1e48-4d7a-8864-2304f1a0f611,AP
01a02d5f-a646-7328-894a-8c36ef445408,68903118,rua,Rua E,Pedrinhas,572484b1-1e48-4d7a-8864-2304f1a0f611,AP
01a03136-703d-73b1-b3eb-3e3c2ceb0765,68903118,rua,Rua E,Pedrinhas,572484b1-1e48-4d7a-8864-2304f1a0f611,AP
01a02d5f-b598-7d36-befe-21fdb8a23055,68907240,rua,Rua Edi,Renascer,572484b1-1e48-4d7a-8864-2304f1a0f611,AP
01a03136-888f-7c59-9fe3-f51741e002b9,68907240,rua,Rua Edi,Renascer,572484b1-1e48-4d7a-8864-2304f1a0f611,AP
01a02d5f-b13c-79f2-b1c2-5f0495427d9c,68906078,rua,Rua Egito,Goiabal,572484b1-1e48-4d7a-8864-2304f1a0f611,AP
01a03136-8427-73eb-bda1-2493300aeda6,68906078,rua,Rua Egito,Goiabal,572484b1-1e48-4d7a-8864-2304f1a0f611,AP
01a02d5f-b7a8-7de6-883d-fcf5145afd7c,68908082,rua,Rua Elchadai,Infraero,572484b1-1e48-4d7a-8864-2304f1a0f611,AP
01a03136-8c07-7fb9-b790-b7818fb03499,68908082,rua,Rua Elchadai,Infraero,572484b1-1e48-4d7a-8864-2304f1a0f611,AP
01a02d5f-b36f-7ba9-a064-7eb722f535f8,68906850,rua,Rua Eli Rodrigues,Cabralzinho,572484b1-1e48-4d7a-8864-2304f1a0f611,AP
01a03136-878f-78e5-825a-733d0057ba5f,68906850,rua,Rua Eli Rodrigues,Cabralzinho,572484b1-1e48-4d7a-8864-2304f1a0f611,AP
01a02d5f-bbb6-78e7-8870-99d90ab8ec69,68908816,rua,Rua Elionai Cesa da Silva,Infraero,572484b1-1e48-4d7a-8864-2304f1a0f611,AP
01a03136-927e-7d64-a0d7-c6ada77799c2,68908816,rua,Rua Elionai Cesa da Silva,Infraero,572484b1-1e48-4d7a-8864-2304f1a0f611,AP
01a02d5f-b7a9-7f43-a163-fe30c249d1a2,68908183,rua,Rua Eliézer Levy,Julião Ramos,572484b1-1e48-4d7a-8864-2304f1a0f611,AP
01a02d5f-a1ee-7357-9f75-4eaaec587c6c,68901016,rua,Rua Eliézer Levy,Trem,572484b1-1e48-4d7a-8864-2304f1a0f611,AP
01a02d5f-9fc3-79f4-9062-3f0f74658999,68900083,rua,Rua Eliézer Levy,Central,572484b1-1e48-4d7a-8864-2304f1a0f611,AP
01a03136-6629-741c-9130-7f30928671aa,68900083,rua,Rua Eliézer Levy,Central,572484b1-1e48-4d7a-8864-2304f1a0f611,AP
01a03136-68b1-7b16-b4a9-9c77227a88b8,68901016,rua,Rua Eliézer Levy,Trem,572484b1-1e48-4d7a-8864-2304f1a0f611,AP
01a03136-8e9a-7101-b003-fb4fc490f369,68908183,rua,Rua Eliézer Levy,Julião Ramos,572484b1-1e48-4d7a-8864-2304f1a0f611,AP
01a02d5f-acd8-7013-aa5c-340a33c09754,68904272,rua,Rua Eloy Monteiro Nunes,Novo Buritizal,572484b1-1e48-4d7a-8864-2304f1a0f611,AP
01a03136-7a59-7e17-84c7-e89fd0368ce2,68904272,rua,Rua Eloy Monteiro Nunes,Novo Buritizal,572484b1-1e48-4d7a-8864-2304f1a0f611,AP
01a02d5f-b9af-7923-a9c4-dc591f1b2345,68908576,rua,Rua Emílio Médici,São Lázaro,572484b1-1e48-4d7a-8864-2304f1a0f611,AP
01a02d5f-bbb9-70e8-8621-6434a9194b8c,68908869,rua,Rua Emílio Médici,Infraero,572484b1-1e48-4d7a-8864-2304f1a0f611,AP
01a03136-8fc0-73f0-96b1-7acf841a9a1c,68908576,rua,Rua Emílio Médici,São Lázaro,572484b1-1e48-4d7a-8864-2304f1a0f611,AP
01a03136-932b-706f-b473-0aa9f3c71b42,68908869,rua,Rua Emílio Médici,Infraero,572484b1-1e48-4d7a-8864-2304f1a0f611,AP
01a02d5f-d00b-72e2-b17e-3622485d1f2d,68906178,rua,Rua Espanha,São José,572484b1-1e48-4d7a-8864-2304f1a0f611,AP
01a03136-b6f8-7769-b804-c72c9e170765,68906178,rua,Rua Espanha,São José,572484b1-1e48-4d7a-8864-2304f1a0f611,AP
01a02d5f-b598-7d36-beeb-e54e64aa7aa2,68907120,rua,Rua Esperimentos,Renascer,572484b1-1e48-4d7a-8864-2304f1a0f611,AP
01a03136-8847-7a3f-ad3d-9e85c21660fe,68907120,rua,Rua Esperimentos,Renascer,572484b1-1e48-4d7a-8864-2304f1a0f611,AP
01a02d5f-b7a7-7c48-adfe-9bfbb40b76aa,68907520,rua,Rua Espólio,Renascer,572484b1-1e48-4d7a-8864-2304f1a0f611,AP
01a03136-8b47-7f4e-9273-f59e9a203767,68907520,rua,Rua Espólio,Renascer,572484b1-1e48-4d7a-8864-2304f1a0f611,AP
01a02d5f-b13c-7126-b1c1-a6aac2495738,68906075,rua,Rua Estados Unidos,Goiabal,572484b1-1e48-4d7a-8864-2304f1a0f611,AP
01a03136-8423-7487-8eee-c7f90ca4c9f8,68906075,rua,Rua Estados Unidos,Goiabal,572484b1-1e48-4d7a-8864-2304f1a0f611,AP
01a02d5f-a879-70e4-874c-c9cb8b42c323,68903396,rua,Rua Estrela,Jardim Marco Zero,572484b1-1e48-4d7a-8864-2304f1a0f611,AP
01a03136-75fc-7f22-9020-22694b680efd,68903396,rua,Rua Estrela,Jardim Marco Zero,572484b1-1e48-4d7a-8864-2304f1a0f611,AP
01a02d5f-bfdb-76eb-9351-7135da57813a,68909462,rua,Rua Eucalipto,Boné Azul,572484b1-1e48-4d7a-8864-2304f1a0f611,AP
01a03136-99bf-70c7-919b-efd97919ef23,68909462,rua,Rua Eucalipto,Boné Azul,572484b1-1e48-4d7a-8864-2304f1a0f611,AP
01a02d5f-b599-761e-a3eb-34d610b772c3,68907316,rua,Rua Euci Rodrigues Farias,Pantanal,572484b1-1e48-4d7a-8864-2304f1a0f611,AP
01a03136-8b09-7d7f-8657-ac5b43c803be,68907316,rua,Rua Euci Rodrigues Farias,Pantanal,572484b1-1e48-4d7a-8864-2304f1a0f611,AP
01a02d5f-c1dc-71b4-bda8-9cf0ecc2aaeb,68909871,rua,Rua Eugênia Damasceno,Marabaixo,572484b1-1e48-4d7a-8864-2304f1a0f611,AP
01a03136-a043-7800-b841-4dec9397b215,68909871,rua,Rua Eugênia Damasceno,Marabaixo,572484b1-1e48-4d7a-8864-2304f1a0f611,AP
01a02d5f-bdb4-7573-a27e-5de75d61f830,68909018,rua,Rua Eulália Maria de Menezes,Jardim Felicidade,572484b1-1e48-4d7a-8864-2304f1a0f611,AP
01a03136-95e5-7d04-8fc2-4c02f765ae2a,68909018,rua,Rua Eulália Maria de Menezes,Jardim Felicidade,572484b1-1e48-4d7a-8864-2304f1a0f611,AP
01a02d5f-a646-7328-8940-4abec0306eec,68903026,rua,Rua Eurico dos Santos Barbosa,Zerão,572484b1-1e48-4d7a-8864-2304f1a0f611,AP
01a02d5f-aaaa-79c0-8081-20f952f86e1e,68903511,rua,Rua Eurico dos Santos Barbosa,Universidade,572484b1-1e48-4d7a-8864-2304f1a0f611,AP
01a03136-701c-7331-9302-7df0242a5e8b,68903026,rua,Rua Eurico dos Santos Barbosa,Zerão,572484b1-1e48-4d7a-8864-2304f1a0f611,AP
01a03136-7682-7de9-aeb4-c629f76b3cd7,68903511,rua,Rua Eurico dos Santos Barbosa,Universidade,572484b1-1e48-4d7a-8864-2304f1a0f611,AP
01a02d5f-bdb5-7f71-9f2d-437c5856b417,68909162,rua,Rua Evaldo Braga,Boné Azul,572484b1-1e48-4d7a-8864-2304f1a0f611,AP
01a03136-96ef-7818-a951-7d60f91b765b,68909162,rua,Rua Evaldo Braga,Boné Azul,572484b1-1e48-4d7a-8864-2304f1a0f611,AP
01a02d5f-ce17-788c-9d15-18fca94ce877,68928181,rua,Rua Everaldo Vasconcelos,Fonte Nova,324f5453-20fa-4565-9dd4-6c6514f449bf,AP
01a03136-b334-71a3-815c-cde003f3269f,68928181,rua,Rua Everaldo Vasconcelos,Fonte Nova,324f5453-20fa-4565-9dd4-6c6514f449bf,AP
01a02d5f-a646-7328-8949-053801e2efc9,68903117,rua,Rua F,Pedrinhas,572484b1-1e48-4d7a-8864-2304f1a0f611,AP
01a02d5f-c3de-74da-ab71-5f4ecd1ba9fc,68911035,rua,Rua F,Fazendinha,572484b1-1e48-4d7a-8864-2304f1a0f611,AP
01a03136-703b-721e-b3f5-1d59bd7c5af8,68903117,rua,Rua F,Pedrinhas,572484b1-1e48-4d7a-8864-2304f1a0f611,AP
01a03136-a0e8-766c-aa9f-94b6af919c21,68911035,rua,Rua F,Fazendinha,572484b1-1e48-4d7a-8864-2304f1a0f611,AP
01a02d5f-c1d7-7d07-9161-6488251ab0cf,68909706,rua,Rua Fabio Cordeiro,Lagoa Azul,572484b1-1e48-4d7a-8864-2304f1a0f611,AP
01a03136-9d16-7b1a-acdb-80f4f30123c7,68909706,rua,Rua Fabio Cordeiro,Lagoa Azul,572484b1-1e48-4d7a-8864-2304f1a0f611,AP
01a02d5f-c1d8-7e38-8b09-552c80397cd9,68909806,rua,Rua Fernando Alves de Oliveira,Novo Horizonte,572484b1-1e48-4d7a-8864-2304f1a0f611,AP
01a03136-9d5f-7837-9ba5-a28f16e2c32a,68909806,rua,Rua Fernando Alves de Oliveira,Novo Horizonte,572484b1-1e48-4d7a-8864-2304f1a0f611,AP
01a02d5f-a878-7809-a0bd-d1504c7a485b,68903357,rua,Rua Fernando das Neves Dias,Jardim Marco Zero,572484b1-1e48-4d7a-8864-2304f1a0f611,AP
01a03136-7367-77f0-916b-47bff90c0db2,68903357,rua,Rua Fernando das Neves Dias,Jardim Marco Zero,572484b1-1e48-4d7a-8864-2304f1a0f611,AP
01a02d5f-d414-794d-9a52-221d1e8d8515,68909379,rua,Rua Fernando de Noronha,Brasil Novo,572484b1-1e48-4d7a-8864-2304f1a0f611,AP
01a03136-bd15-7038-a508-57c83f8e3ab2,68909379,rua,Rua Fernando de Noronha,Brasil Novo,572484b1-1e48-4d7a-8864-2304f1a0f611,AP
01a02d5f-c1d7-7d07-915c-c0b8998f962c,68909700,rua,Rua Figueiredo Teles,Lagoa Azul,572484b1-1e48-4d7a-8864-2304f1a0f611,AP
01a03136-9d04-78c4-97f0-17fed358745b,68909700,rua,Rua Figueiredo Teles,Lagoa Azul,572484b1-1e48-4d7a-8864-2304f1a0f611,AP
01a02d5f-b7a8-7de6-883e-6a928d99e7c7,68908083,rua,Rua Filadélfia,Infraero,572484b1-1e48-4d7a-8864-2304f1a0f611,AP
01a03136-8c0b-7e0e-961a-56618988c25d,68908083,rua,Rua Filadélfia,Infraero,572484b1-1e48-4d7a-8864-2304f1a0f611,AP
01a02d5f-bfda-7e3e-8714-94532d51ba44,68909319,rua,Rua Floresta,Brasil Novo,572484b1-1e48-4d7a-8864-2304f1a0f611,AP
01a03136-997e-772c-a5e7-eca8d987080b,68909319,rua,Rua Floresta,Brasil Novo,572484b1-1e48-4d7a-8864-2304f1a0f611,AP
01a02d5f-b9af-7923-a9b5-09de89c4ebfb,68908485,rua,Rua Floriano Waldek,São Lázaro,572484b1-1e48-4d7a-8864-2304f1a0f611,AP
01a03136-8f89-79ec-8ca8-3c519af08c53,68908485,rua,Rua Floriano Waldek,São Lázaro,572484b1-1e48-4d7a-8864-2304f1a0f611,AP
01a02d5f-aaab-7206-bdba-d82acef255e0,68903640,rua,Rua Francisca Feitosa dos Santos,Universidade,572484b1-1e48-4d7a-8864-2304f1a0f611,AP
01a03136-76cf-7ef0-9e1e-61b6d7739506,68903640,rua,Rua Francisca Feitosa dos Santos,Universidade,572484b1-1e48-4d7a-8864-2304f1a0f611,AP
01a02d5f-9fc3-79f4-905f-afd709fffeb0,68900080,rua,Rua Francisco Azarias da Silva Coelho Neto,Central,572484b1-1e48-4d7a-8864-2304f1a0f611,AP
01a03136-661f-743d-bc1b-33136a2beb15,68900080,rua,Rua Francisco Azarias da Silva Coelho Neto,Central,572484b1-1e48-4d7a-8864-2304f1a0f611,AP
01a02d5f-d009-7956-a60a-9445e939b4c9,68945970,rua,"Rua Francisco Braz, s/n",Centro,e3e093fa-b407-46e1-974c-b1eaeb3ddb7f,AP
01a03136-b657-76d0-9b83-d71c2ea584ab,68945970,rua,"Rua Francisco Braz, s/n",Centro,e3e093fa-b407-46e1-974c-b1eaeb3ddb7f,AP
01a02d5f-c1d8-7e38-8b0b-32722d1f08e5,68909808,rua,Rua Francisco Cassiano da Costa,Novo Horizonte,572484b1-1e48-4d7a-8864-2304f1a0f611,AP
01a03136-9d66-70d5-a9d4-974e51313284,68909808,rua,Rua Francisco Cassiano da Costa,Novo Horizonte,572484b1-1e48-4d7a-8864-2304f1a0f611,AP
01a02d5f-bbb6-78e7-8874-b2538f2bf9e8,68908820,rua,Rua Francisco Francine Cavalcante,Infraero,572484b1-1e48-4d7a-8864-2304f1a0f611,AP
01a03136-928d-73cd-84bc-4d9136dcb921,68908820,rua,Rua Francisco Francine Cavalcante,Infraero,572484b1-1e48-4d7a-8864-2304f1a0f611,AP
01a02d5f-acd8-7013-aa5f-776aca366880,68904275,rua,Rua Francisco Furtado,Novo Buritizal,572484b1-1e48-4d7a-8864-2304f1a0f611,AP
01a03136-7a66-79de-a792-dfce368ee705,68904275,rua,Rua Francisco Furtado,Novo Buritizal,572484b1-1e48-4d7a-8864-2304f1a0f611,AP
01a02d5f-bdb4-7e21-a295-7637123b086b,68909050,rua,Rua Francisco Xavier das Chagas,Jardim Felicidade,572484b1-1e48-4d7a-8864-2304f1a0f611,AP
01a03136-963b-703d-bb67-0f8c271331af,68909050,rua,Rua Francisco Xavier das Chagas,Jardim Felicidade,572484b1-1e48-4d7a-8864-2304f1a0f611,AP
01a02d5f-d414-7073-9a43-7ef181cd9e7a,68908016,rua,Rua Francisco das Chagas Bezerra,Infraero,572484b1-1e48-4d7a-8864-2304f1a0f611,AP
01a03136-bce2-762f-86f4-898d82bb877e,68908016,rua,Rua Francisco das Chagas Bezerra,Infraero,572484b1-1e48-4d7a-8864-2304f1a0f611,AP
01a02d5f-d629-7f5c-be30-13330030316f,68906797,rua,Rua França,Cabralzinho,572484b1-1e48-4d7a-8864-2304f1a0f611,AP
01a03136-c058-7680-9875-eb73b31ae3ba,68906797,rua,Rua França,Cabralzinho,572484b1-1e48-4d7a-8864-2304f1a0f611,AP
01a02d5f-b7a9-7f43-a161-a65324c204f1,68908181,rua,Rua General Rondon,Julião Ramos,572484b1-1e48-4d7a-8864-2304f1a0f611,AP
01a02d5f-a1ee-7357-9f77-be9ce737b410,68901018,rua,Rua General Rondon,Trem,572484b1-1e48-4d7a-8864-2304f1a0f611,AP
01a02d5f-9fc3-79f4-9061-cc67b14f9693,68900082,rua,Rua General Rondon,Central,572484b1-1e48-4d7a-8864-2304f1a0f611,AP
01a03136-6625-7d89-84ad-db1c85a546f3,68900082,rua,Rua General Rondon,Central,572484b1-1e48-4d7a-8864-2304f1a0f611,AP
01a03136-68b7-7594-b9be-6c3500775ba3,68901018,rua,Rua General Rondon,Trem,572484b1-1e48-4d7a-8864-2304f1a0f611,AP
01a03136-8e92-734f-8aaa-2645823bee71,68908181,rua,Rua General Rondon,Julião Ramos,572484b1-1e48-4d7a-8864-2304f1a0f611,AP
01a02d5f-a1ee-7357-9f6d-ce08891991e0,68900912,rua,Rua General Rondon 1039,Julião Ramos,572484b1-1e48-4d7a-8864-2304f1a0f611,AP
01a03136-6897-7b9d-9c0c-cdc9e0a3cf90,68900912,rua,Rua General Rondon 1039,Julião Ramos,572484b1-1e48-4d7a-8864-2304f1a0f611,AP
01a02d5f-a1ee-7357-9f6c-ebeb96d86be5,68900911,rua,Rua General Rondon 1295,Central,572484b1-1e48-4d7a-8864-2304f1a0f611,AP
01a03136-6893-7d31-b093-d41a41ff7a63,68900911,rua,Rua General Rondon 1295,Central,572484b1-1e48-4d7a-8864-2304f1a0f611,AP
01a02d5f-bbba-798c-b2be-1dbe076c7c74,68908908,rua,Rua General Rondon 259,Julião Ramos,572484b1-1e48-4d7a-8864-2304f1a0f611,AP
01a03136-95aa-7422-9379-c78c999ec35c,68908908,rua,Rua General Rondon 259,Julião Ramos,572484b1-1e48-4d7a-8864-2304f1a0f611,AP
01a02d5f-cc1a-7f3f-a278-6a05f1ab5d2f,68927366,rua,Rua General Ubaldo Figueira,Provedor,324f5453-20fa-4565-9dd4-6c6514f449bf,AP
01a02d5f-cc19-7563-a00b-1319d18aa57e,68927239,rua,Rua General Ubaldo Figueira,Nova Brasília,324f5453-20fa-4565-9dd4-6c6514f449bf,AP
01a02d5f-c7ea-7bcf-a81f-133c07cc7c55,68925186,rua,Rua General Ubaldo Figueira,Central,324f5453-20fa-4565-9dd4-6c6514f449bf,AP
01a02d5f-c7ea-7330-a819-77116cce9f3e,68925168,rua,Rua General Ubaldo Figueira,Hospitalidade,324f5453-20fa-4565-9dd4-6c6514f449bf,AP
01a03136-a81f-7c7c-82ca-512647b2ffb6,68925168,rua,Rua General Ubaldo Figueira,Hospitalidade,324f5453-20fa-4565-9dd4-6c6514f449bf,AP
01a03136-a833-7907-858d-bd171f0c21bb,68925186,rua,Rua General Ubaldo Figueira,Central,324f5453-20fa-4565-9dd4-6c6514f449bf,AP
01a03136-af8b-7888-a1e1-377e43391464,68927239,rua,Rua General Ubaldo Figueira,Nova Brasília,324f5453-20fa-4565-9dd4-6c6514f449bf,AP
01a03136-b00a-76bd-b34b-449b68655c31,68927366,rua,Rua General Ubaldo Figueira,Provedor,324f5453-20fa-4565-9dd4-6c6514f449bf,AP
01a02d5f-b13a-7f6c-9595-3af57f2ae2c4,68906003,rua,Rua Goiabal,Goiabal,572484b1-1e48-4d7a-8864-2304f1a0f611,AP
01a03136-81e5-7acc-b1e3-e34af9b4c23b,68906003,rua,Rua Goiabal,Goiabal,572484b1-1e48-4d7a-8864-2304f1a0f611,AP
01a02d5f-bfda-7e3e-8715-09e58e98c97c,68909320,rua,Rua Goiabeira,Brasil Novo,572484b1-1e48-4d7a-8864-2304f1a0f611,AP
01a03136-9981-7c38-8855-dd25732b3880,68909320,rua,Rua Goiabeira,Brasil Novo,572484b1-1e48-4d7a-8864-2304f1a0f611,AP
01a02d5f-b9ae-77bd-9b80-416b99f707cb,68908340,rua,Rua Goiás,Pacoval,572484b1-1e48-4d7a-8864-2304f1a0f611,AP
01a03136-8f27-7f3f-a2f9-48b10d601b4c,68908340,rua,Rua Goiás,Pacoval,572484b1-1e48-4d7a-8864-2304f1a0f611,AP
01a02d5f-d418-7561-8ff6-15a424f1c0f5,68906092,rua,Rua Graunas,Goiabal,572484b1-1e48-4d7a-8864-2304f1a0f611,AP
01a03136-bff2-7cb4-9c18-a755909b56bb,68906092,rua,Rua Graunas,Goiabal,572484b1-1e48-4d7a-8864-2304f1a0f611,AP
01a02d5f-b599-761e-a3f0-fa2921967820,68907340,rua,Rua Grécia,Pantanal,572484b1-1e48-4d7a-8864-2304f1a0f611,AP
01a02f29-b585-7373-8fb2-c9f9129d3fb4,68907340,rua,Rua Grécia,Pantanal,572484b1-1e48-4d7a-8864-2304f1a0f611,AP
01a02d5f-b9af-706c-a99e-def095af9601,68908360,rua,Rua Guanabara,Pacoval,572484b1-1e48-4d7a-8864-2304f1a0f611,AP
01a03136-8f32-764b-83af-558c3a9c9082,68908360,rua,Rua Guanabara,Pacoval,572484b1-1e48-4d7a-8864-2304f1a0f611,AP
01a02d5f-d414-794d-9a51-84a8dc7136e6,68909378,rua,Rua Guarujá,Brasil Novo,572484b1-1e48-4d7a-8864-2304f1a0f611,AP
01a03136-bd12-7418-9401-341ec23c2554,68909378,rua,Rua Guarujá,Brasil Novo,572484b1-1e48-4d7a-8864-2304f1a0f611,AP
01a02d5f-bdb4-7e21-a2a0-5c70984f8396,68909080,rua,Rua Guilherme Coelho,Jardim Felicidade,572484b1-1e48-4d7a-8864-2304f1a0f611,AP
01a03136-9661-7c74-af61-b00ea6d12ee5,68909080,rua,Rua Guilherme Coelho,Jardim Felicidade,572484b1-1e48-4d7a-8864-2304f1a0f611,AP
01a02d5f-d416-72f3-b87e-97e8569aa538,68903136,rua,Rua Guiomar Cavalcante Rodrigues,Pedrinhas,572484b1-1e48-4d7a-8864-2304f1a0f611,AP
01a03136-bd6a-7ca2-8972-ebe06d2ad033,68903136,rua,Rua Guiomar Cavalcante Rodrigues,Pedrinhas,572484b1-1e48-4d7a-8864-2304f1a0f611,AP
01a02d5f-b7a9-7692-a15c-4adf1fc7f462,68908130,rua,Rua Hamilton Silva,Jesus de Nazaré,572484b1-1e48-4d7a-8864-2304f1a0f611,AP
01a02d5f-a41e-7ef5-b89d-0830a80c4d42,68902010,rua,Rua Hamilton Silva,Beirol,572484b1-1e48-4d7a-8864-2304f1a0f611,AP
01a02d5f-a1ef-74c4-8312-792ab2aff6c6,68901140,rua,Rua Hamilton Silva,Trem,572484b1-1e48-4d7a-8864-2304f1a0f611,AP
01a02d5f-9fc3-7142-9058-3280d89c8c5b,68900068,rua,Rua Hamilton Silva,Central,572484b1-1e48-4d7a-8864-2304f1a0f611,AP
01a03136-6609-7058-b51c-d61f754369c1,68900068,rua,Rua Hamilton Silva,Central,572484b1-1e48-4d7a-8864-2304f1a0f611,AP
01a03136-68fb-732a-8495-45e54ead6ae0,68901140,rua,Rua Hamilton Silva,Trem,572484b1-1e48-4d7a-8864-2304f1a0f611,AP
01a03136-6c69-779e-bf0e-5e5a2a2e21a5,68902010,rua,Rua Hamilton Silva,Beirol,572484b1-1e48-4d7a-8864-2304f1a0f611,AP
01a03136-8c67-72c4-b9d2-474cf07f2a97,68908130,rua,Rua Hamilton Silva,Jesus de Nazaré,572484b1-1e48-4d7a-8864-2304f1a0f611,AP
01a02d5f-d62b-7078-b45f-eb519d7eec6e,68908022,rua,Rua Herbert de Souza,Infraero,572484b1-1e48-4d7a-8864-2304f1a0f611,AP
01a03136-c08e-79e4-802c-6d49eba49ae2,68908022,rua,Rua Herbert de Souza,Infraero,572484b1-1e48-4d7a-8864-2304f1a0f611,AP
01a02d5f-d415-7a4d-bdef-fad8c72565be,68902882,rua,Rua Herundino do Espirito Santo,Buritizal,572484b1-1e48-4d7a-8864-2304f1a0f611,AP
01a03136-bd5d-7864-97a6-4e2e70324c0a,68902882,rua,Rua Herundino do Espirito Santo,Buritizal,572484b1-1e48-4d7a-8864-2304f1a0f611,AP
01a02d5f-b7a9-7692-a151-95fc53ff6bdc,68908119,rua,Rua Hildemar Maia,Jesus de Nazaré,572484b1-1e48-4d7a-8864-2304f1a0f611,AP
01a02d5f-a645-716e-9ccf-068b3f9c94e2,68902870,rua,Rua Hildemar Maia,Buritizal,572484b1-1e48-4d7a-8864-2304f1a0f611,AP
01a02d5f-a420-7041-96fa-9628324aec9e,68902335,rua,Rua Hildemar Maia,Muca,572484b1-1e48-4d7a-8864-2304f1a0f611,AP
01a02d5f-a1ef-7d2d-8322-62fc69ef1125,68901271,rua,Rua Hildemar Maia,Santa Rita,572484b1-1e48-4d7a-8864-2304f1a0f611,AP
01a03136-6930-760b-b42d-66a6f15566ce,68901271,rua,Rua Hildemar Maia,Santa Rita,572484b1-1e48-4d7a-8864-2304f1a0f611,AP
01a03136-6f26-738b-be1f-7e6d56ca649e,68902335,rua,Rua Hildemar Maia,Muca,572484b1-1e48-4d7a-8864-2304f1a0f611,AP
01a03136-6fb0-7296-a3a3-0dd5b35e3fde,68902870,rua,Rua Hildemar Maia,Buritizal,572484b1-1e48-4d7a-8864-2304f1a0f611,AP
01a03136-8c40-7f76-8787-f490f98b1547,68908119,rua,Rua Hildemar Maia,Jesus de Nazaré,572484b1-1e48-4d7a-8864-2304f1a0f611,AP
01a02d5f-a645-7a87-9cdc-f01e4bf8cafc,68902901,rua,Rua Hildemar Maia 3895,Muca,572484b1-1e48-4d7a-8864-2304f1a0f611,AP
01a03136-6fdb-7a44-8872-7afabba385d5,68902901,rua,Rua Hildemar Maia 3895,Muca,572484b1-1e48-4d7a-8864-2304f1a0f611,AP
01a02d5f-b139-7423-af35-185f18442682,68905630,rua,Rua Hugo Alves Pinto,Perpétuo Socorro,572484b1-1e48-4d7a-8864-2304f1a0f611,AP
01a03136-817c-7aa9-9b24-efff2a81af42,68905630,rua,Rua Hugo Alves Pinto,Perpétuo Socorro,572484b1-1e48-4d7a-8864-2304f1a0f611,AP
01a02d5f-b36e-7134-a0d9-50a2b37fdfe8,68906646,rua,Rua Ilha Mirim,Alvorada,572484b1-1e48-4d7a-8864-2304f1a0f611,AP
01a03136-84ba-7b2f-b9ec-479bd5874407,68906646,rua,Rua Ilha Mirim,Alvorada,572484b1-1e48-4d7a-8864-2304f1a0f611,AP
01a02d5f-b598-7d36-beff-4aab55cc9477,68907250,rua,Rua Iluminismo,Renascer,572484b1-1e48-4d7a-8864-2304f1a0f611,AP
01a03136-8893-71c6-b65a-909df891a898,68907250,rua,Rua Iluminismo,Renascer,572484b1-1e48-4d7a-8864-2304f1a0f611,AP
01a02d5f-bbb6-78e7-8876-6ab3ab6edd62,68908826,rua,Rua Imaculada Conceição,Infraero,572484b1-1e48-4d7a-8864-2304f1a0f611,AP
01a03136-9296-7448-a264-4ad0a5a3c492,68908826,rua,Rua Imaculada Conceição,Infraero,572484b1-1e48-4d7a-8864-2304f1a0f611,AP
01a02d5f-b7a8-7527-8825-6e40cf886f54,68908037,rua,Rua Imperatriz,Infraero,572484b1-1e48-4d7a-8864-2304f1a0f611,AP
01a03136-8bbb-7593-90d7-62b9b6fda339,68908037,rua,Rua Imperatriz,Infraero,572484b1-1e48-4d7a-8864-2304f1a0f611,AP
01a02d5f-b598-7d36-bef6-5d2a169a5c8c,68907203,rua,Rua Independência,Renascer,572484b1-1e48-4d7a-8864-2304f1a0f611,AP
01a02d5f-9fc3-79f4-9063-c547f8b78957,68900090,rua,Rua Independência,Central,572484b1-1e48-4d7a-8864-2304f1a0f611,AP
01a03136-662c-7a57-ba12-231bf05d0717,68900090,rua,Rua Independência,Central,572484b1-1e48-4d7a-8864-2304f1a0f611,AP
01a03136-8871-794a-962a-8c81ff5650f3,68907203,rua,Rua Independência,Renascer,572484b1-1e48-4d7a-8864-2304f1a0f611,AP
01a02d5f-a877-7f38-b944-c4991f25c44e,68903290,rua,Rua Inspetor Aimoré,Jardim Marco Zero,572484b1-1e48-4d7a-8864-2304f1a0f611,AP
01a03136-7324-740d-9888-f6fda519347a,68903290,rua,Rua Inspetor Aimoré,Jardim Marco Zero,572484b1-1e48-4d7a-8864-2304f1a0f611,AP
01a02d5f-aaab-7206-bdbb-fb1219c22f54,68903642,rua,Rua Inspetor Antônio Oliveira,Zerão,572484b1-1e48-4d7a-8864-2304f1a0f611,AP
01a03136-76d3-73d3-a77a-19ed694009b5,68903642,rua,Rua Inspetor Antônio Oliveira,Zerão,572484b1-1e48-4d7a-8864-2304f1a0f611,AP
01a02d5f-aaa9-7e53-9c2e-45bd2b4f999c,68903498,rua,Rua Inspetor Antõnio de Oliveira,Universidade,572484b1-1e48-4d7a-8864-2304f1a0f611,AP
01a02d5f-aaab-7afa-bdc1-88ca3d7299cb,68903744,rua,Rua Inspetor Antõnio de Oliveira,Zerão,572484b1-1e48-4d7a-8864-2304f1a0f611,AP
01a03136-7671-7d14-979d-fef3569a8a7c,68903498,rua,Rua Inspetor Antõnio de Oliveira,Universidade,572484b1-1e48-4d7a-8864-2304f1a0f611,AP
01a03136-76e8-77ce-9621-bcb3d86e1f1b,68903744,rua,Rua Inspetor Antõnio de Oliveira,Zerão,572484b1-1e48-4d7a-8864-2304f1a0f611,AP
01a02d5f-a877-7f38-b945-a0877a3f9205,68903300,rua,Rua Inspetor Marcelino,Jardim Marco Zero,572484b1-1e48-4d7a-8864-2304f1a0f611,AP
01a03136-7327-7958-bdec-12bcf9a42e82,68903300,rua,Rua Inspetor Marcelino,Jardim Marco Zero,572484b1-1e48-4d7a-8864-2304f1a0f611,AP
01a02d5f-a879-79a6-8756-2a62b35f2054,68903431,rua,Rua Inspetor Miguel Amorim,Zerão,572484b1-1e48-4d7a-8864-2304f1a0f611,AP
01a02d5f-aaaa-79c0-8086-1481a24392c9,68903517,rua,Rua Inspetor Miguel Amorim,Universidade,572484b1-1e48-4d7a-8864-2304f1a0f611,AP
01a03136-7620-7ec1-a945-66b78b22a38d,68903431,rua,Rua Inspetor Miguel Amorim,Zerão,572484b1-1e48-4d7a-8864-2304f1a0f611,AP
01a03136-7693-7a6f-bc27-49f57c96257b,68903517,rua,Rua Inspetor Miguel Amorim,Universidade,572484b1-1e48-4d7a-8864-2304f1a0f611,AP
01a02d5f-d62a-77c1-8e5b-ebfd85ffe35d,68907199,rua,Rua Ipê,Renascer,572484b1-1e48-4d7a-8864-2304f1a0f611,AP
01a03136-c081-72c2-b8ee-5ab5a023e613,68907199,rua,Rua Ipê,Renascer,572484b1-1e48-4d7a-8864-2304f1a0f611,AP
01a02d5f-c1d8-7e38-8b07-1e570950e2ac,68909804,rua,Rua Iracema Castro Santos,Novo Horizonte,572484b1-1e48-4d7a-8864-2304f1a0f611,AP
01a03136-9d58-7e44-af64-74be3c03b875,68909804,rua,Rua Iracema Castro Santos,Novo Horizonte,572484b1-1e48-4d7a-8864-2304f1a0f611,AP
01a02d5f-a1f0-7fb1-a333-08da3d28361f,68901380,rua,Rua Iraci Nunes Nadior,Santa Inês,572484b1-1e48-4d7a-8864-2304f1a0f611,AP
01a03136-6ba3-76e4-83cd-14155b23bb0a,68901380,rua,Rua Iraci Nunes Nadior,Santa Inês,572484b1-1e48-4d7a-8864-2304f1a0f611,AP
01a02d5f-d00b-72e2-b17c-91b6da799187,68906176,rua,Rua Irlanda,São José,572484b1-1e48-4d7a-8864-2304f1a0f611,AP
01a03136-b6f0-7bac-bc1a-8ca7b4c459af,68906176,rua,Rua Irlanda,São José,572484b1-1e48-4d7a-8864-2304f1a0f611,AP
01a02d5f-a877-767a-b92e-4a228a276f80,68903210,rua,Rua Irmã Augusta Miranda de Alencar,Jardim Marco Zero,572484b1-1e48-4d7a-8864-2304f1a0f611,AP
01a03136-72dc-75ac-ab92-b279616aaf77,68903210,rua,Rua Irmã Augusta Miranda de Alencar,Jardim Marco Zero,572484b1-1e48-4d7a-8864-2304f1a0f611,AP
01a02d5f-b599-761e-a3ef-9751b75d4112,68907330,rua,Rua Italiota,Renascer,572484b1-1e48-4d7a-8864-2304f1a0f611,AP
01a02f29-b57b-72db-883a-7ac60bec6377,68907330,rua,Rua Italiota,Renascer,572484b1-1e48-4d7a-8864-2304f1a0f611,AP
01a02d5f-bfdb-76eb-9354-17e3d237f932,68909465,rua,Rua Jaboradi,Boné Azul,572484b1-1e48-4d7a-8864-2304f1a0f611,AP
01a03136-99ca-73b2-9d49-c54f402bd99b,68909465,rua,Rua Jaboradi,Boné Azul,572484b1-1e48-4d7a-8864-2304f1a0f611,AP
01a02d5f-d62c-79e2-b6f3-2e0ad027ba60,68909357,rua,Rua Jabuticaba,Brasil Novo,572484b1-1e48-4d7a-8864-2304f1a0f611,AP
01a03136-c101-7076-9fbb-193c5fc663d4,68909357,rua,Rua Jabuticaba,Brasil Novo,572484b1-1e48-4d7a-8864-2304f1a0f611,AP
01a02d5f-d62a-77c1-8e58-50cb28fe07ea,68907196,rua,Rua Jacarandá,Renascer,572484b1-1e48-4d7a-8864-2304f1a0f611,AP
01a03136-c077-7c83-af04-64182135075d,68907196,rua,Rua Jacarandá,Renascer,572484b1-1e48-4d7a-8864-2304f1a0f611,AP
01a02d5f-d413-77da-910e-da1a4094ed35,68906139,rua,Rua Jacarta,Cabralzinho,572484b1-1e48-4d7a-8864-2304f1a0f611,AP
01a03136-bcba-7eae-9897-10a52d3fac85,68906139,rua,Rua Jacarta,Cabralzinho,572484b1-1e48-4d7a-8864-2304f1a0f611,AP
01a02d5f-c1db-791b-aa3c-9cc70c4b1af9,68909868,rua,Rua Jacira Silva,Marabaixo,572484b1-1e48-4d7a-8864-2304f1a0f611,AP
01a03136-a039-7d69-b03e-80fce6233504,68909868,rua,Rua Jacira Silva,Marabaixo,572484b1-1e48-4d7a-8864-2304f1a0f611,AP
01a02d5f-bbb9-70e8-8628-49fcc53fe22e,68908876,rua,Rua Janary Nunes,Infraero,572484b1-1e48-4d7a-8864-2304f1a0f611,AP
01a03136-9344-7512-936a-ff40438e0b3e,68908876,rua,Rua Janary Nunes,Infraero,572484b1-1e48-4d7a-8864-2304f1a0f611,AP
01a02d5f-bfdb-76eb-9352-3946198bbc77,68909463,rua,Rua Jatoba,Boné Azul,572484b1-1e48-4d7a-8864-2304f1a0f611,AP
01a03136-99c2-7566-859d-df83c3b62709,68909463,rua,Rua Jatoba,Boné Azul,572484b1-1e48-4d7a-8864-2304f1a0f611,AP
01a02d5f-d62a-77c1-8e5a-cc69f7ac9615,68907198,rua,Rua Jatobá,Renascer,572484b1-1e48-4d7a-8864-2304f1a0f611,AP
01a03136-c07d-7d68-98a9-ec9e7fd47b95,68907198,rua,Rua Jatobá,Renascer,572484b1-1e48-4d7a-8864-2304f1a0f611,AP
01a02d5f-b7a8-7de6-883f-7d19afbfd507,68908084,rua,Rua Jesus de Nazaré,Infraero,572484b1-1e48-4d7a-8864-2304f1a0f611,AP
01a03136-8c0f-7340-bb61-241fa5799178,68908084,rua,Rua Jesus de Nazaré,Infraero,572484b1-1e48-4d7a-8864-2304f1a0f611,AP
01a02d5f-c1d8-75a0-8b03-e1ead778c6b8,68909793,rua,Rua Joaquim Magalhaes dos Santos,Novo Horizonte,572484b1-1e48-4d7a-8864-2304f1a0f611,AP
01a03136-9d48-7869-8b0b-1934fc2ecee1,68909793,rua,Rua Joaquim Magalhaes dos Santos,Novo Horizonte,572484b1-1e48-4d7a-8864-2304f1a0f611,AP
01a02d5f-bbb9-7967-8636-88b27ee6207e,68908893,rua,Rua Joaquim Navegante,Infraero,572484b1-1e48-4d7a-8864-2304f1a0f611,AP
01a03136-9374-7f30-9685-555cbb340ce4,68908893,rua,Rua Joaquim Navegante,Infraero,572484b1-1e48-4d7a-8864-2304f1a0f611,AP
01a02d5f-d00a-71c5-be95-ce60424d2bcb,68903083,rua,Rua Joaquim Pena,Pedrinhas,572484b1-1e48-4d7a-8864-2304f1a0f611,AP
01a03136-b6ab-7f40-891a-4f4f2bc0d979,68903083,rua,Rua Joaquim Pena,Pedrinhas,572484b1-1e48-4d7a-8864-2304f1a0f611,AP
01a02d5f-c5eb-7289-aca2-2b793e0d56ba,68911420,rua,Rua Joaquim Procópio de Oliveira,Muruci (Fazendinha),572484b1-1e48-4d7a-8864-2304f1a0f611,AP
01a03136-a468-764a-bc92-c896bc497d54,68911420,rua,Rua Joaquim Procópio de Oliveira,Muruci (Fazendinha),572484b1-1e48-4d7a-8864-2304f1a0f611,AP
01a02d5f-c5ea-7088-95d9-7b1238af87fb,68911357,rua,Rua Joaquim de Jesus Picanço,Muruci (Fazendinha),572484b1-1e48-4d7a-8864-2304f1a0f611,AP
01a03136-a420-7d33-955d-223ae3a8e6e1,68911357,rua,Rua Joaquim de Jesus Picanço,Muruci (Fazendinha),572484b1-1e48-4d7a-8864-2304f1a0f611,AP
01a02d5f-d208-7631-9efc-56d1340de3e2,68908402,rua,Rua Jocelina Ramos,São Lázaro,572484b1-1e48-4d7a-8864-2304f1a0f611,AP
01a03136-b9dd-7917-b306-af547e4a0f16,68908402,rua,Rua Jocelina Ramos,São Lázaro,572484b1-1e48-4d7a-8864-2304f1a0f611,AP
01a02d5f-d414-7073-9a45-0bf39b823088,68908018,rua,Rua Jorge Fernandes Ribeiro,Infraero,572484b1-1e48-4d7a-8864-2304f1a0f611,AP
01a03136-bce9-7dad-8f56-6113d8f4a91f,68908018,rua,Rua Jorge Fernandes Ribeiro,Infraero,572484b1-1e48-4d7a-8864-2304f1a0f611,AP
01a02d5f-c1d8-75a0-8b01-036ca8671ce6,68909791,rua,Rua Jose Penha Tavares,Novo Horizonte,572484b1-1e48-4d7a-8864-2304f1a0f611,AP
01a03136-9d40-78ff-ae74-f5315dac4f82,68909791,rua,Rua Jose Penha Tavares,Novo Horizonte,572484b1-1e48-4d7a-8864-2304f1a0f611,AP
01a02d5f-af07-7d6a-98fc-5b12a3620e07,68905320,rua,Rua Josefa Pelaes da Silva,Cidade Nova,572484b1-1e48-4d7a-8864-2304f1a0f611,AP
01a03136-7ded-7fdb-be21-393de36f104a,68905320,rua,Rua Josefa Pelaes da Silva,Cidade Nova,572484b1-1e48-4d7a-8864-2304f1a0f611,AP
01a02d5f-b13c-79f2-b1ca-fe5bb6195bfe,68906096,rua,Rua Josefa da Silva,Goiabal,572484b1-1e48-4d7a-8864-2304f1a0f611,AP
01a03136-8440-7c98-9ca8-3f5c80f8aa94,68906096,rua,Rua Josefa da Silva,Goiabal,572484b1-1e48-4d7a-8864-2304f1a0f611,AP
01a02d5f-bfdc-7fcc-b960-608bdcd8384a,68909544,rua,Rua José Alencar,Boné Azul,572484b1-1e48-4d7a-8864-2304f1a0f611,AP
01a03136-9cc8-7b2d-8df8-aff6e918073a,68909544,rua,Rua José Alencar,Boné Azul,572484b1-1e48-4d7a-8864-2304f1a0f611,AP
01a02d5f-a645-7a87-9ce0-fea32cc8ab8f,68903001,rua,Rua José Chaves Cohen,Jardim Equatorial,572484b1-1e48-4d7a-8864-2304f1a0f611,AP
01a03136-6fe7-7e9f-b456-8332c254e1c0,68903001,rua,Rua José Chaves Cohen,Jardim Equatorial,572484b1-1e48-4d7a-8864-2304f1a0f611,AP
01a02d5f-a646-7bae-895b-f429e06fb92d,68903182,rua,Rua José Domingos dos Santos,Jardim Marco Zero,572484b1-1e48-4d7a-8864-2304f1a0f611,AP
01a03136-728e-788b-b210-0b98584151ff,68903182,rua,Rua José Domingos dos Santos,Jardim Marco Zero,572484b1-1e48-4d7a-8864-2304f1a0f611,AP
01a02d5f-d00a-7a39-bea2-a4aa96f6bc1b,68905422,rua,Rua José Furtado de Oliveira,Cidade Nova,572484b1-1e48-4d7a-8864-2304f1a0f611,AP
01a02d5f-b13a-7676-9588-dac8c62f1bfb,68905751,rua,Rua José Furtado de Oliveira,Perpétuo Socorro,572484b1-1e48-4d7a-8864-2304f1a0f611,AP
01a03136-81b9-7fcd-a4ce-cd13ba46b4f0,68905751,rua,Rua José Furtado de Oliveira,Perpétuo Socorro,572484b1-1e48-4d7a-8864-2304f1a0f611,AP
01a03136-b6da-71bc-abad-7660f6f1eca8,68905422,rua,Rua José Furtado de Oliveira,Cidade Nova,572484b1-1e48-4d7a-8864-2304f1a0f611,AP
01a02d5f-a878-7809-a0c4-38d71f434c1a,68903364,rua,Rua José Luís Barata,Jardim Marco Zero,572484b1-1e48-4d7a-8864-2304f1a0f611,AP
01a03136-7383-73f9-9f2b-0922941e5830,68903364,rua,Rua José Luís Barata,Jardim Marco Zero,572484b1-1e48-4d7a-8864-2304f1a0f611,AP
01a02d5f-bdb4-7e21-a297-02d535b43759,68909060,rua,Rua José Maria Silva Azevedo,Jardim Felicidade,572484b1-1e48-4d7a-8864-2304f1a0f611,AP
01a03136-9642-7564-8cf2-c7753943bdc3,68909060,rua,Rua José Maria Silva Azevedo,Jardim Felicidade,572484b1-1e48-4d7a-8864-2304f1a0f611,AP
01a02d5f-a878-7809-a0ba-cecc96c58c19,68903346,rua,Rua José Rodrigues Leitão,Jardim Marco Zero,572484b1-1e48-4d7a-8864-2304f1a0f611,AP
01a03136-735c-7052-828e-088ab8bc7873,68903346,rua,Rua José Rodrigues Leitão,Jardim Marco Zero,572484b1-1e48-4d7a-8864-2304f1a0f611,AP
01a02d5f-b7a9-7f43-a15d-43c8e56164da,68908150,rua,Rua José Serafim,Julião Ramos,572484b1-1e48-4d7a-8864-2304f1a0f611,AP
01a03136-8e7e-7bd2-9ad0-e0986aec7916,68908150,rua,Rua José Serafim,Julião Ramos,572484b1-1e48-4d7a-8864-2304f1a0f611,AP
01a02d5f-b139-7d0a-af46-6765a0a61aa2,68905741,rua,Rua José Tavares de Almeida,Perpétuo Socorro,572484b1-1e48-4d7a-8864-2304f1a0f611,AP
01a02d5f-af07-7d6a-98f6-03accd677726,68905240,rua,Rua José Tavares de Almeida,Cidade Nova,572484b1-1e48-4d7a-8864-2304f1a0f611,AP
01a03136-7dd9-7c77-9683-86f75ed172bc,68905240,rua,Rua José Tavares de Almeida,Cidade Nova,572484b1-1e48-4d7a-8864-2304f1a0f611,AP
01a03136-81b3-7676-9a2b-aaad36af41ca,68905741,rua,Rua José Tavares de Almeida,Perpétuo Socorro,572484b1-1e48-4d7a-8864-2304f1a0f611,AP
01a02d5f-a1f0-7fb1-a33b-50f96e13f860,68901480,rua,Rua José Trajano de Souza,Santa Inês,572484b1-1e48-4d7a-8864-2304f1a0f611,AP
01a03136-6bc0-7b0c-b2de-1babd5ecff59,68901480,rua,Rua José Trajano de Souza,Santa Inês,572484b1-1e48-4d7a-8864-2304f1a0f611,AP
01a02d5f-acd7-777c-a3c5-36c24f8a1f1a,68904250,rua,Rua José Valente dos Santos,Novo Buritizal,572484b1-1e48-4d7a-8864-2304f1a0f611,AP
01a03136-7a4f-7e5b-a0db-be9d802924c8,68904250,rua,Rua José Valente dos Santos,Novo Buritizal,572484b1-1e48-4d7a-8864-2304f1a0f611,AP
01a02d5f-d208-7631-9eff-1f361e2a8fdc,68908513,rua,Rua José de Alencar,São Lázaro,572484b1-1e48-4d7a-8864-2304f1a0f611,AP
01a03136-b9e8-70dc-9ef7-0966d66d06f8,68908513,rua,Rua José de Alencar,São Lázaro,572484b1-1e48-4d7a-8864-2304f1a0f611,AP
01a02d5f-b7a9-7692-a153-14675dd71e91,68908121,rua,Rua Jovino Dinoá,Jesus de Nazaré,572484b1-1e48-4d7a-8864-2304f1a0f611,AP
01a02d5f-a41f-77a2-b946-f4652eb9ca6e,68902030,rua,Rua Jovino Dinoá,Beirol,572484b1-1e48-4d7a-8864-2304f1a0f611,AP
01a02d5f-a1ef-74c4-830f-681995baa4e7,68901120,rua,Rua Jovino Dinoá,Trem,572484b1-1e48-4d7a-8864-2304f1a0f611,AP
01a02d5f-9fc3-79f4-905e-2ca855e1cdc6,68900075,rua,Rua Jovino Dinoá,Central,572484b1-1e48-4d7a-8864-2304f1a0f611,AP
01a03136-661b-7fe6-baca-340cc86221ba,68900075,rua,Rua Jovino Dinoá,Central,572484b1-1e48-4d7a-8864-2304f1a0f611,AP
01a03136-68f1-795e-bc70-5ccb49c82fda,68901120,rua,Rua Jovino Dinoá,Trem,572484b1-1e48-4d7a-8864-2304f1a0f611,AP
01a03136-6c9a-7dbd-94b3-d056845f99c3,68902030,rua,Rua Jovino Dinoá,Beirol,572484b1-1e48-4d7a-8864-2304f1a0f611,AP
01a03136-8c47-7a81-a902-5e9743cd188f,68908121,rua,Rua Jovino Dinoá,Jesus de Nazaré,572484b1-1e48-4d7a-8864-2304f1a0f611,AP
01a02d5f-a645-7a87-9cdf-5dcfd9990363,68902970,rua,"Rua Jovino Dinoá, s/n",Beirol,572484b1-1e48-4d7a-8864-2304f1a0f611,AP
01a02d5f-a645-7a87-9cdb-eb050ee914e4,68902900,rua,"Rua Jovino Dinoá, s/n",Central,572484b1-1e48-4d7a-8864-2304f1a0f611,AP
01a03136-6fd7-7c24-ad9a-b743e8fefd4d,68902900,rua,"Rua Jovino Dinoá, s/n",Central,572484b1-1e48-4d7a-8864-2304f1a0f611,AP
01a03136-6fe4-7e51-958b-7a2717f23ed7,68902970,rua,"Rua Jovino Dinoá, s/n",Beirol,572484b1-1e48-4d7a-8864-2304f1a0f611,AP
01a02d5f-bdb5-76c2-9f0d-1dace99f6f80,68909097,rua,Rua João Alberto Capiberibe,Jardim Felicidade,572484b1-1e48-4d7a-8864-2304f1a0f611,AP
01a03136-967e-7ae4-9760-eaf8877147f3,68909097,rua,Rua João Alberto Capiberibe,Jardim Felicidade,572484b1-1e48-4d7a-8864-2304f1a0f611,AP
01a02d5f-b599-761e-a3ec-a5f158fd8744,68907317,rua,Rua João Almeida do Nascimento,Pantanal,572484b1-1e48-4d7a-8864-2304f1a0f611,AP
01a03136-8b0d-73ac-9fe7-1a8b12192f5d,68907317,rua,Rua João Almeida do Nascimento,Pantanal,572484b1-1e48-4d7a-8864-2304f1a0f611,AP
01a02d5f-d00c-7cb1-b852-1c4c6d883d3d,68906467,rua,Rua João Ferreira da Silva,Marabaixo,572484b1-1e48-4d7a-8864-2304f1a0f611,AP
01a03136-b95e-75f2-99f2-7171d421eca0,68906467,rua,Rua João Ferreira da Silva,Marabaixo,572484b1-1e48-4d7a-8864-2304f1a0f611,AP
01a02d5f-ce17-788c-9d14-7b0695efd75b,68928178,rua,Rua João Leite Coutinho,Fonte Nova,324f5453-20fa-4565-9dd4-6c6514f449bf,AP
01a03136-b330-79ac-836f-09c3728d873b,68928178,rua,Rua João Leite Coutinho,Fonte Nova,324f5453-20fa-4565-9dd4-6c6514f449bf,AP
01a02d5f-bdb5-7f71-9f2e-af29118d76a0,68909163,rua,Rua João Paulo,Boné Azul,572484b1-1e48-4d7a-8864-2304f1a0f611,AP
01a03136-96f2-7c4d-9df4-b01b7a8374c0,68909163,rua,Rua João Paulo,Boné Azul,572484b1-1e48-4d7a-8864-2304f1a0f611,AP
01a02d5f-bdb4-7573-a287-fe1afe624af5,68909030,rua,Rua João Paulo de Souza,Jardim Felicidade,572484b1-1e48-4d7a-8864-2304f1a0f611,AP
01a02d5f-d629-7f5c-be34-dcb2a7c12617,68907181,rua,Rua João Paulo de Souza,Renascer,572484b1-1e48-4d7a-8864-2304f1a0f611,AP
01a03136-9609-7d1b-b8ab-52e392422a6e,68909030,rua,Rua João Paulo de Souza,Jardim Felicidade,572484b1-1e48-4d7a-8864-2304f1a0f611,AP
01a03136-c064-772e-aff4-1e088f01fc0c,68907181,rua,Rua João Paulo de Souza,Renascer,572484b1-1e48-4d7a-8864-2304f1a0f611,AP
01a02d5f-c1d8-7e38-8b08-0137d030b9f5,68909805,rua,Rua João de Deus,Novo Horizonte,572484b1-1e48-4d7a-8864-2304f1a0f611,AP
01a03136-9d5c-7cba-9f6e-b67dfeac6cb7,68909805,rua,Rua João de Deus,Novo Horizonte,572484b1-1e48-4d7a-8864-2304f1a0f611,AP
01a02d5f-d414-7073-9a40-5dc0317791c5,68906447,rua,Rua Julita Alves da Silva,Marabaixo,572484b1-1e48-4d7a-8864-2304f1a0f611,AP
01a03136-bcd8-77da-a7d7-c9d401384925,68906447,rua,Rua Julita Alves da Silva,Marabaixo,572484b1-1e48-4d7a-8864-2304f1a0f611,AP
01a02d5f-d62c-7182-b6ee-2f4932748c13,68909352,rua,Rua Kiwi,Brasil Novo,572484b1-1e48-4d7a-8864-2304f1a0f611,AP
01a03136-c0f1-75bc-9be3-14fc98867308,68909352,rua,Rua Kiwi,Brasil Novo,572484b1-1e48-4d7a-8864-2304f1a0f611,AP
01a02d5f-d62c-79e2-b6ef-6d443cdd4267,68909353,rua,Rua Lago Verde,Brasil Novo,572484b1-1e48-4d7a-8864-2304f1a0f611,AP
01a03136-c0f4-7aae-a6f8-66fc46b8b37f,68909353,rua,Rua Lago Verde,Brasil Novo,572484b1-1e48-4d7a-8864-2304f1a0f611,AP
01a02d5f-bdb5-7f71-9f39-bd7c06c00b70,68909177,rua,Rua Laranjeira,Boné Azul,572484b1-1e48-4d7a-8864-2304f1a0f611,AP
01a03136-993f-7f97-bea8-b7b10c83d0bf,68909177,rua,Rua Laranjeira,Boné Azul,572484b1-1e48-4d7a-8864-2304f1a0f611,AP
01a02d5f-d00a-71c5-be8a-a59bda96202f,68976970,rua,Rua Laurita Almeida Barbosa 115,Centro,c165a3d3-e274-49a6-9da9-da36c9664f5b,AP
01a03136-b67a-7bc0-ab03-0f86a1bb86a9,68976970,rua,Rua Laurita Almeida Barbosa 115,Centro,c165a3d3-e274-49a6-9da9-da36c9664f5b,AP
01a02d5f-bdb5-7f71-9f25-a0c6c9e883bd,68909153,rua,Rua Leila Diniz,Boné Azul,572484b1-1e48-4d7a-8864-2304f1a0f611,AP
01a03136-96d3-76f0-a9f8-1502ff8e3d22,68909153,rua,Rua Leila Diniz,Boné Azul,572484b1-1e48-4d7a-8864-2304f1a0f611,AP
01a02d5f-d414-7073-9a46-9adb3b10a49a,68908019,rua,Rua Leonardo Gazel,Infraero,572484b1-1e48-4d7a-8864-2304f1a0f611,AP
01a03136-bced-72d1-aa0c-ebad9503eac7,68908019,rua,Rua Leonardo Gazel,Infraero,572484b1-1e48-4d7a-8864-2304f1a0f611,AP
01a02d5f-b36f-7ba9-a06e-a153fd478ff6,68906860,rua,Rua Leonor Rodrigues,Cabralzinho,572484b1-1e48-4d7a-8864-2304f1a0f611,AP
01a03136-87b6-7054-82c6-c05b48e76cb3,68906860,rua,Rua Leonor Rodrigues,Cabralzinho,572484b1-1e48-4d7a-8864-2304f1a0f611,AP
01a02d5f-b7a9-7692-a152-43f4e981560b,68908120,rua,Rua Leopoldo Machado,Jesus de Nazaré,572484b1-1e48-4d7a-8864-2304f1a0f611,AP
01a02d5f-a41e-7ef5-b8a5-9919f75cd631,68902020,rua,Rua Leopoldo Machado,Beirol,572484b1-1e48-4d7a-8864-2304f1a0f611,AP
01a02d5f-a1ef-74c4-8311-3ccdffde12d7,68901130,rua,Rua Leopoldo Machado,Trem,572484b1-1e48-4d7a-8864-2304f1a0f611,AP
01a02d5f-9fc3-7142-9057-3c6a0f2eaa23,68900067,rua,Rua Leopoldo Machado,Central,572484b1-1e48-4d7a-8864-2304f1a0f611,AP
01a03136-6605-7c35-a829-7a26d4bc8959,68900067,rua,Rua Leopoldo Machado,Central,572484b1-1e48-4d7a-8864-2304f1a0f611,AP
01a03136-68f7-7a8a-90cd-48c71cd5692e,68901130,rua,Rua Leopoldo Machado,Trem,572484b1-1e48-4d7a-8864-2304f1a0f611,AP
01a03136-6c85-7f30-ae26-5f162c65a48e,68902020,rua,Rua Leopoldo Machado,Beirol,572484b1-1e48-4d7a-8864-2304f1a0f611,AP
01a03136-8c44-75b0-a46f-3752e7ea6a18,68908120,rua,Rua Leopoldo Machado,Jesus de Nazaré,572484b1-1e48-4d7a-8864-2304f1a0f611,AP
01a02d5f-a41e-7ef5-b898-33603e695080,68901971,rua,Rua Leopoldo Machado 2334,Trem,572484b1-1e48-4d7a-8864-2304f1a0f611,AP
01a03136-6c56-7c5c-9f7b-024cfa5cc6df,68901971,rua,Rua Leopoldo Machado 2334,Trem,572484b1-1e48-4d7a-8864-2304f1a0f611,AP
01a02d5f-acd6-7ea4-894e-bcfd02d00bc7,68904020,rua,Rua Leopoldo Queirós Teixeira,Novo Buritizal,572484b1-1e48-4d7a-8864-2304f1a0f611,AP
01a03136-79f8-72b3-ab8b-6a0179e847e0,68904020,rua,Rua Leopoldo Queirós Teixeira,Novo Buritizal,572484b1-1e48-4d7a-8864-2304f1a0f611,AP
01a02d5f-b598-7469-bee1-4125f84e324d,68907030,rua,Rua Liberdade,Renascer,572484b1-1e48-4d7a-8864-2304f1a0f611,AP
01a02d5f-b598-7d36-bef7-8154e4545ec8,68907204,rua,Rua Liberdade,Renascer,572484b1-1e48-4d7a-8864-2304f1a0f611,AP
01a02d5f-b7a9-7692-a14b-1777297286eb,68908093,rua,Rua Liberdade,Infraero,572484b1-1e48-4d7a-8864-2304f1a0f611,AP
01a03136-8827-76bc-b127-a328f32b41b8,68907030,rua,Rua Liberdade,Renascer,572484b1-1e48-4d7a-8864-2304f1a0f611,AP
01a03136-8875-7680-a158-d69a1c5e8e21,68907204,rua,Rua Liberdade,Renascer,572484b1-1e48-4d7a-8864-2304f1a0f611,AP
01a03136-8c2c-70c8-86b8-3edc895671bb,68908093,rua,Rua Liberdade,Infraero,572484b1-1e48-4d7a-8864-2304f1a0f611,AP
01a02d5f-b7a7-7c48-ae05-e983a9ac7de3,68907590,rua,Rua Licínias,Renascer,572484b1-1e48-4d7a-8864-2304f1a0f611,AP
01a03136-8b5f-7af5-a373-2168e9aa061e,68907590,rua,Rua Licínias,Renascer,572484b1-1e48-4d7a-8864-2304f1a0f611,AP
01a02d5f-b13d-72b2-9348-f078e172a83a,68906501,rua,Rua Linha B da AP-20,Marabaixo,572484b1-1e48-4d7a-8864-2304f1a0f611,AP
01a03136-8456-7d1d-8849-f2b90a2be69a,68906501,rua,Rua Linha B da AP-20,Marabaixo,572484b1-1e48-4d7a-8864-2304f1a0f611,AP
01a02d5f-b7a8-7de6-882c-10a12a1b18c4,68908047,rua,Rua Londrina,Infraero,572484b1-1e48-4d7a-8864-2304f1a0f611,AP
01a03136-8bc9-7c9f-b976-7c86dfd8edbd,68908047,rua,Rua Londrina,Infraero,572484b1-1e48-4d7a-8864-2304f1a0f611,AP
01a02d5f-a877-767a-b927-cc07cb4269e2,68903199,rua,Rua Lourival dos Santos Furtado,Jardim Marco Zero,572484b1-1e48-4d7a-8864-2304f1a0f611,AP
01a03136-72c5-7061-b2b5-d1def3eeea50,68903199,rua,Rua Lourival dos Santos Furtado,Jardim Marco Zero,572484b1-1e48-4d7a-8864-2304f1a0f611,AP
01a02d5f-d207-74d3-85c5-661948bd7ca2,68906475,rua,Rua Lucicleiton Trindade de Mira,Marabaixo,572484b1-1e48-4d7a-8864-2304f1a0f611,AP
01a03136-b97a-7b7a-a40f-36ed8bda2b82,68906475,rua,Rua Lucicleiton Trindade de Mira,Marabaixo,572484b1-1e48-4d7a-8864-2304f1a0f611,AP
01a02d5f-a878-7809-a0c6-1df05a5cf98a,68903366,rua,Rua Lucimar Amora Delcastilo,Jardim Marco Zero,572484b1-1e48-4d7a-8864-2304f1a0f611,AP
01a03136-738b-7dc5-810b-061f605902bb,68903366,rua,Rua Lucimar Amora Delcastilo,Jardim Marco Zero,572484b1-1e48-4d7a-8864-2304f1a0f611,AP
01a02d5f-aaaa-79c0-8088-d3e933df72cf,68903519,rua,Rua Luis Azarias Neto,Universidade,572484b1-1e48-4d7a-8864-2304f1a0f611,AP
01a02d5f-aaab-7206-bdbe-f9c26d81e703,68903741,rua,Rua Luis Azarias Neto,Zerão,572484b1-1e48-4d7a-8864-2304f1a0f611,AP
01a03136-769a-731a-837f-23a1ae1c788c,68903519,rua,Rua Luis Azarias Neto,Universidade,572484b1-1e48-4d7a-8864-2304f1a0f611,AP
01a03136-76dd-735a-820d-e709d134e65c,68903741,rua,Rua Luis Azarias Neto,Zerão,572484b1-1e48-4d7a-8864-2304f1a0f611,AP
01a02d5f-a645-7a87-9ce5-a23312812792,68903008,rua,Rua Luis Carlos de Araújo Monteiro,Jardim Equatorial,572484b1-1e48-4d7a-8864-2304f1a0f611,AP
01a03136-6ffa-7ad8-874e-1245bff49e0e,68903008,rua,Rua Luis Carlos de Araújo Monteiro,Jardim Equatorial,572484b1-1e48-4d7a-8864-2304f1a0f611,AP
01a02d5f-b9af-706c-a9a3-e200aed49480,68908401,rua,Rua Luisa Picanço,São Lázaro,572484b1-1e48-4d7a-8864-2304f1a0f611,AP
01a03136-8f46-7328-b18a-50f13393046e,68908401,rua,Rua Luisa Picanço,São Lázaro,572484b1-1e48-4d7a-8864-2304f1a0f611,AP
01a02d5f-a878-7809-a0bb-c2dc12bcb80b,68903350,rua,Rua Luís Azarias,Jardim Marco Zero,572484b1-1e48-4d7a-8864-2304f1a0f611,AP
01a03136-735f-742c-837b-2c3b36b75db6,68903350,rua,Rua Luís Azarias,Jardim Marco Zero,572484b1-1e48-4d7a-8864-2304f1a0f611,AP
01a02d5f-d62a-77c1-8e57-3a0c76463452,68907195,rua,Rua Macacaúba,Renascer,572484b1-1e48-4d7a-8864-2304f1a0f611,AP
01a03136-c074-7261-a3d5-bce77c818178,68907195,rua,Rua Macacaúba,Renascer,572484b1-1e48-4d7a-8864-2304f1a0f611,AP
01a02d5f-d413-77da-9114-d24a7dd61f96,68906149,rua,Rua Macapá,Cabralzinho,572484b1-1e48-4d7a-8864-2304f1a0f611,AP
01a02d5f-b36f-72ee-a061-ab68c0e62729,68906847,rua,Rua Macapá,Cabralzinho,572484b1-1e48-4d7a-8864-2304f1a0f611,AP
01a02d5f-c5ec-7c2f-8692-c3d98fc0f04a,68925070,rua,Rua Macapá,Comercial,324f5453-20fa-4565-9dd4-6c6514f449bf,AP
01a03136-8784-7964-9b88-056b784bff00,68906847,rua,Rua Macapá,Cabralzinho,572484b1-1e48-4d7a-8864-2304f1a0f611,AP
01a03136-a557-72f0-9362-9d506333a1bd,68925070,rua,Rua Macapá,Comercial,324f5453-20fa-4565-9dd4-6c6514f449bf,AP
01a03136-bccf-71da-98e0-226ff3640f67,68906149,rua,Rua Macapá,Cabralzinho,572484b1-1e48-4d7a-8864-2304f1a0f611,AP
01a02d5f-b7a8-7de6-882b-d76a67d26da4,68908046,rua,Rua Maceió,Infraero,572484b1-1e48-4d7a-8864-2304f1a0f611,AP
01a03136-8bc5-7e2b-bf4f-1666e28e8477,68908046,rua,Rua Maceió,Infraero,572484b1-1e48-4d7a-8864-2304f1a0f611,AP
01a02d5f-bfdc-7fcc-b961-a331e57057fa,68909545,rua,Rua Magalhães Barata,Boné Azul,572484b1-1e48-4d7a-8864-2304f1a0f611,AP
01a03136-9ccc-7013-b370-f29015a47ffa,68909545,rua,Rua Magalhães Barata,Boné Azul,572484b1-1e48-4d7a-8864-2304f1a0f611,AP
01a02d5f-b598-7d36-befd-f07b47770e27,68907230,rua,Rua Maiêutica,Renascer,572484b1-1e48-4d7a-8864-2304f1a0f611,AP
01a03136-888b-7e32-b60f-76dcc5d4c30d,68907230,rua,Rua Maiêutica,Renascer,572484b1-1e48-4d7a-8864-2304f1a0f611,AP
01a02d5f-a645-7a87-9ce6-c2b0f6a39dd8,68903009,rua,Rua Mamedio Amaral da Silva,Jardim Equatorial,572484b1-1e48-4d7a-8864-2304f1a0f611,AP
01a03136-6ffe-70b9-8642-b3fe089e1dc1,68903009,rua,Rua Mamedio Amaral da Silva,Jardim Equatorial,572484b1-1e48-4d7a-8864-2304f1a0f611,AP
01a02d5f-bfdb-76eb-9344-b20a5af7d965,68909324,rua,Rua Mamoeiro,Brasil Novo,572484b1-1e48-4d7a-8864-2304f1a0f611,AP
01a03136-9990-755e-b0c4-c1bea9367af6,68909324,rua,Rua Mamoeiro,Brasil Novo,572484b1-1e48-4d7a-8864-2304f1a0f611,AP
01a02d5f-bfdb-76eb-9345-853fbf8af799,68909325,rua,Rua Manacapuru,Brasil Novo,572484b1-1e48-4d7a-8864-2304f1a0f611,AP
01a02d5f-c1d7-7d07-9162-3a66375e035d,68909707,rua,Rua Manacapuru,Lagoa Azul,572484b1-1e48-4d7a-8864-2304f1a0f611,AP
01a03136-9994-7302-b868-3ab417791365,68909325,rua,Rua Manacapuru,Brasil Novo,572484b1-1e48-4d7a-8864-2304f1a0f611,AP
01a03136-9d19-7f18-9f61-6217113ff82c,68909707,rua,Rua Manacapuru,Lagoa Azul,572484b1-1e48-4d7a-8864-2304f1a0f611,AP
01a02d5f-b7a8-7527-8823-552f3b0248a3,68908034,rua,Rua Manaus,Infraero,572484b1-1e48-4d7a-8864-2304f1a0f611,AP
01a03136-8bb3-71ab-831c-ebac751a7f96,68908034,rua,Rua Manaus,Infraero,572484b1-1e48-4d7a-8864-2304f1a0f611,AP
01a02d5f-b36e-7134-a0d6-3a163c4690ee,68906642,rua,Rua Manoel Bezerra Barbosa,Alvorada,572484b1-1e48-4d7a-8864-2304f1a0f611,AP
01a03136-84b1-7e80-9a39-33b6683408e5,68906642,rua,Rua Manoel Bezerra Barbosa,Alvorada,572484b1-1e48-4d7a-8864-2304f1a0f611,AP
01a02d5f-b7a9-7692-a155-a324e0541dde,68908123,rua,Rua Manoel Eudóxio Pereira,Jesus de Nazaré,572484b1-1e48-4d7a-8864-2304f1a0f611,AP
01a02d5f-a41e-7ef5-b89a-8a94f18d5905,68902001,rua,Rua Manoel Eudóxio Pereira,Muca,572484b1-1e48-4d7a-8864-2304f1a0f611,AP
01a02d5f-a41e-7ef5-b899-3698c46c56d7,68902000,rua,Rua Manoel Eudóxio Pereira,Beirol,572484b1-1e48-4d7a-8864-2304f1a0f611,AP
01a02d5f-a1ef-74c4-8313-f4fe7ee5352a,68901150,rua,Rua Manoel Eudóxio Pereira,Trem,572484b1-1e48-4d7a-8864-2304f1a0f611,AP
01a02d5f-9fc2-78dc-aa7e-5e512782b51e,68900021,rua,Rua Manoel Eudóxio Pereira,Central,572484b1-1e48-4d7a-8864-2304f1a0f611,AP
01a03136-65dc-7015-b974-102888963e5a,68900021,rua,Rua Manoel Eudóxio Pereira,Central,572484b1-1e48-4d7a-8864-2304f1a0f611,AP
01a03136-68ff-72d9-8c9f-888f130195da,68901150,rua,Rua Manoel Eudóxio Pereira,Trem,572484b1-1e48-4d7a-8864-2304f1a0f611,AP
01a03136-6c5a-7b3c-a48e-27f49dbfdc0d,68902000,rua,Rua Manoel Eudóxio Pereira,Beirol,572484b1-1e48-4d7a-8864-2304f1a0f611,AP
01a03136-6c5e-781b-932f-609396d34615,68902001,rua,Rua Manoel Eudóxio Pereira,Muca,572484b1-1e48-4d7a-8864-2304f1a0f611,AP
01a03136-8c4e-7cb4-a316-b66177085593,68908123,rua,Rua Manoel Eudóxio Pereira,Jesus de Nazaré,572484b1-1e48-4d7a-8864-2304f1a0f611,AP
01a02d5f-af05-793a-86c7-bbf2f8674670,68904665,rua,Rua Manoel Ferreira da Silva,Novo Buritizal,572484b1-1e48-4d7a-8864-2304f1a0f611,AP
01a03136-7d4d-7cab-9896-0936cdc744be,68904665,rua,Rua Manoel Ferreira da Silva,Novo Buritizal,572484b1-1e48-4d7a-8864-2304f1a0f611,AP
01a02d5f-b7a7-7c48-ae0d-a4c23673f7b6,68907621,rua,Rua Manoel Francisco de Souza,Renascer,572484b1-1e48-4d7a-8864-2304f1a0f611,AP
01a03136-8b7c-7d00-8467-09580377288a,68907621,rua,Rua Manoel Francisco de Souza,Renascer,572484b1-1e48-4d7a-8864-2304f1a0f611,AP
01a02d5f-d821-7dff-997c-4c956f87e625,68909787,rua,Rua Manoel Gilberto,Lagoa Azul,572484b1-1e48-4d7a-8864-2304f1a0f611,AP
01a03136-c39c-7ebc-9a67-891dd712bb13,68909787,rua,Rua Manoel Gilberto,Lagoa Azul,572484b1-1e48-4d7a-8864-2304f1a0f611,AP
01a02d5f-d821-74b6-9978-2c113095ad88,68909783,rua,Rua Manoel Marreiros Ferreira,Lagoa Azul,572484b1-1e48-4d7a-8864-2304f1a0f611,AP
01a03136-c390-7a3f-b7f6-c7bce3e3a77c,68909783,rua,Rua Manoel Marreiros Ferreira,Lagoa Azul,572484b1-1e48-4d7a-8864-2304f1a0f611,AP
01a02d5f-b9ae-77bd-9b6f-1038bbc2bf76,68908275,rua,Rua Manoel Pacífico Cantuária,Pacoval,572484b1-1e48-4d7a-8864-2304f1a0f611,AP
01a03136-8ee9-7ec2-a482-723846abf114,68908275,rua,Rua Manoel Pacífico Cantuária,Pacoval,572484b1-1e48-4d7a-8864-2304f1a0f611,AP
01a03136-b674-7b3f-914a-8df52010ee4a,68973970,rua,"Rua Manoel Raimundo, s/n",Centro,f8126f54-ef1a-4e03-a181-337aaadd4481,AP
01a02d5f-d00a-71c5-be89-bda14f55a782,68973970,rua,"Rua Manoel Raimundo, s/n",Centro,f8126f54-ef1a-4e03-a181-337aaadd4481,AP
01a02d5f-b598-7469-bee0-d2afd317b355,68907025,rua,Rua Mar Adriático,Renascer,572484b1-1e48-4d7a-8864-2304f1a0f611,AP
01a03136-8824-720f-bdd5-fd6a2f8a89be,68907025,rua,Rua Mar Adriático,Renascer,572484b1-1e48-4d7a-8864-2304f1a0f611,AP
01a02d5f-b598-7d36-befc-a7c40d2c88a2,68907220,rua,Rua Mar Tireno,Renascer,572484b1-1e48-4d7a-8864-2304f1a0f611,AP
01a03136-8888-70ff-8255-16e6245506a3,68907220,rua,Rua Mar Tireno,Renascer,572484b1-1e48-4d7a-8864-2304f1a0f611,AP
01a02d5f-bdb4-7573-a27d-81c62e32ce8e,68909017,rua,Rua Marabaixo,Jardim Felicidade,572484b1-1e48-4d7a-8864-2304f1a0f611,AP
01a03136-95e1-7eb7-abe5-c3c2a997a505,68909017,rua,Rua Marabaixo,Jardim Felicidade,572484b1-1e48-4d7a-8864-2304f1a0f611,AP
01a02d5f-bbb6-78e7-8868-8897feb4142f,68908808,rua,Rua Marabá,Infraero,572484b1-1e48-4d7a-8864-2304f1a0f611,AP
01a03136-9261-7e67-a743-d96e89478270,68908808,rua,Rua Marabá,Infraero,572484b1-1e48-4d7a-8864-2304f1a0f611,AP
01a02d5f-a1f0-759f-a32a-ef62cc85cc7b,68901341,rua,Rua Marcelo Cândia,Santa Rita,572484b1-1e48-4d7a-8864-2304f1a0f611,AP
01a03136-6b7d-7931-8ad1-860b5131d23b,68901341,rua,Rua Marcelo Cândia,Santa Rita,572484b1-1e48-4d7a-8864-2304f1a0f611,AP
01a02d5f-a41e-7ef5-b896-b98194a02011,68901901,rua,Rua Marcelo Cândia 742,Santa Rita,572484b1-1e48-4d7a-8864-2304f1a0f611,AP
01a03136-6c4f-793f-8d0b-29a20dd7ef7a,68901901,rua,Rua Marcelo Cândia 742,Santa Rita,572484b1-1e48-4d7a-8864-2304f1a0f611,AP
01a02d5f-c7eb-7d57-aa52-f718a5c9bf40,68926028,rua,Rua Maria Jacira Ferreira de Brito,Novo Horizonte,324f5453-20fa-4565-9dd4-6c6514f449bf,AP
01a03136-a8f5-75e4-ab70-6d913d675ad1,68926028,rua,Rua Maria Jacira Ferreira de Brito,Novo Horizonte,324f5453-20fa-4565-9dd4-6c6514f449bf,AP
01a02d5f-a1f0-7fb1-a338-60c562c61202,68901440,rua,Rua Maria José Aragão de Souza,Santa Inês,572484b1-1e48-4d7a-8864-2304f1a0f611,AP
01a03136-6bb5-7b3c-963e-b20367f50a9b,68901440,rua,Rua Maria José Aragão de Souza,Santa Inês,572484b1-1e48-4d7a-8864-2304f1a0f611,AP
01a02d5f-a877-767a-b928-97a1ac73e3ae,68903200,rua,Rua Maria Marola Gato,Jardim Marco Zero,572484b1-1e48-4d7a-8864-2304f1a0f611,AP
01a03136-72c8-7568-a275-16ba2bf46f37,68903200,rua,Rua Maria Marola Gato,Jardim Marco Zero,572484b1-1e48-4d7a-8864-2304f1a0f611,AP
01a02d5f-c1d8-7e38-8b0c-be3086ba5e18,68909809,rua,Rua Maria Nair da Silva,Novo Horizonte,572484b1-1e48-4d7a-8864-2304f1a0f611,AP
01a03136-9d69-7614-8b86-4e83315693f1,68909809,rua,Rua Maria Nair da Silva,Novo Horizonte,572484b1-1e48-4d7a-8864-2304f1a0f611,AP
01a02d5f-bbb9-7967-862c-1db34f65fd4f,68908880,rua,Rua Maria Neuza do Carmo,Infraero,572484b1-1e48-4d7a-8864-2304f1a0f611,AP
01a03136-9352-7200-b5a5-4714b12bd902,68908880,rua,Rua Maria Neuza do Carmo,Infraero,572484b1-1e48-4d7a-8864-2304f1a0f611,AP
01a02d5f-af05-707b-86c1-b7d1c0b2c1c1,68904615,rua,Rua Maria Raimunda Barros Machado,Novo Buritizal,572484b1-1e48-4d7a-8864-2304f1a0f611,AP
01a03136-7d39-76d9-833c-48c201f23735,68904615,rua,Rua Maria Raimunda Barros Machado,Novo Buritizal,572484b1-1e48-4d7a-8864-2304f1a0f611,AP
01a02d5f-b7a8-7de6-8837-882fb6245218,68908075,rua,Rua Maria Raucilene Passos do Nascimento,Infraero,572484b1-1e48-4d7a-8864-2304f1a0f611,AP
01a02d5f-bbb6-78e7-8873-ed3b5f24f464,68908819,rua,Rua Maria Raucilene Passos do Nascimento,Infraero,572484b1-1e48-4d7a-8864-2304f1a0f611,AP
01a03136-8bf1-79fb-8f72-c35ee6c94fb2,68908075,rua,Rua Maria Raucilene Passos do Nascimento,Infraero,572484b1-1e48-4d7a-8864-2304f1a0f611,AP
01a03136-9289-7f41-b7a5-2d5dbe59f9d4,68908819,rua,Rua Maria Raucilene Passos do Nascimento,Infraero,572484b1-1e48-4d7a-8864-2304f1a0f611,AP
01a02d5f-b36e-7134-a0d4-f3455b751034,68906640,rua,Rua Maria Torres da Silva,Alvorada,572484b1-1e48-4d7a-8864-2304f1a0f611,AP
01a03136-84ab-7281-8be3-db12bb13fb0a,68906640,rua,Rua Maria Torres da Silva,Alvorada,572484b1-1e48-4d7a-8864-2304f1a0f611,AP
01a02d5f-c1d8-7e38-8b0a-68d50299b1bb,68909807,rua,Rua Maria da Conceição Santos,Novo Horizonte,572484b1-1e48-4d7a-8864-2304f1a0f611,AP
01a03136-9d62-7c7a-90ee-f820698c83ac,68909807,rua,Rua Maria da Conceição Santos,Novo Horizonte,572484b1-1e48-4d7a-8864-2304f1a0f611,AP
01a02d5f-bdb4-7573-a27f-ce6700ee6ccf,68909019,rua,Rua Maria da Silva Xavier,Jardim Felicidade,572484b1-1e48-4d7a-8864-2304f1a0f611,AP
01a02d5f-c1d8-75a0-8b04-c36387b422d2,68909801,rua,Rua Maria da Silva Xavier,Novo Horizonte,572484b1-1e48-4d7a-8864-2304f1a0f611,AP
01a03136-95e9-727c-ba86-68465abd2c43,68909019,rua,Rua Maria da Silva Xavier,Jardim Felicidade,572484b1-1e48-4d7a-8864-2304f1a0f611,AP
01a03136-9d4c-779a-8bf3-9bcceecd58ea,68909801,rua,Rua Maria da Silva Xavier,Novo Horizonte,572484b1-1e48-4d7a-8864-2304f1a0f611,AP
01a02d5f-bbb6-78e7-886a-aa13680a50aa,68908810,rua,Rua Maria de Fátima Ardase,Infraero,572484b1-1e48-4d7a-8864-2304f1a0f611,AP
01a03136-9269-7b1a-9366-d3cfba409a62,68908810,rua,Rua Maria de Fátima Ardase,Infraero,572484b1-1e48-4d7a-8864-2304f1a0f611,AP
01a02d5f-acd7-777c-a3c7-d0a9dd86986d,68904271,rua,Rua Maria do Carmo Tavares,Novo Buritizal,572484b1-1e48-4d7a-8864-2304f1a0f611,AP
01a03136-7a56-77d3-b234-c264036e5256,68904271,rua,Rua Maria do Carmo Tavares,Novo Buritizal,572484b1-1e48-4d7a-8864-2304f1a0f611,AP
01a02d5f-d415-7a4d-bdea-5e5c88f72a29,68908796,rua,Rua Maria do Socorro Vieira Sampaio,Infraero,572484b1-1e48-4d7a-8864-2304f1a0f611,AP
01a03136-bd4c-7adc-9b3d-a91d9df6ac65,68908796,rua,Rua Maria do Socorro Vieira Sampaio,Infraero,572484b1-1e48-4d7a-8864-2304f1a0f611,AP
01a02d5f-b13c-7126-b1c0-ff86d8320aa9,68906072,rua,Rua Marrocos,Goiabal,572484b1-1e48-4d7a-8864-2304f1a0f611,AP
01a03136-8420-7844-9e51-9e90acc5ea70,68906072,rua,Rua Marrocos,Goiabal,572484b1-1e48-4d7a-8864-2304f1a0f611,AP
01a02d5f-a41e-7468-b88f-b04819ed0a82,68901720,rua,Rua Mateus Valente do Couto,Nova Esperança,572484b1-1e48-4d7a-8864-2304f1a0f611,AP
01a03136-6c39-7106-8080-f38ed4794d09,68901720,rua,Rua Mateus Valente do Couto,Nova Esperança,572484b1-1e48-4d7a-8864-2304f1a0f611,AP
01a02d5f-b9ae-77bd-9b81-bb6e45ea424e,68908350,rua,Rua Mato Grosso,Pacoval,572484b1-1e48-4d7a-8864-2304f1a0f611,AP
01a03136-8f2b-7b88-90ca-85868916c404,68908350,rua,Rua Mato Grosso,Pacoval,572484b1-1e48-4d7a-8864-2304f1a0f611,AP
01a02d5f-d62c-7182-b6e6-64dd2c036d7c,68909343,rua,Rua Maçã Verde,Brasil Novo,572484b1-1e48-4d7a-8864-2304f1a0f611,AP
01a03136-c0d7-76bd-a10a-404a7fe1ba27,68909343,rua,Rua Maçã Verde,Brasil Novo,572484b1-1e48-4d7a-8864-2304f1a0f611,AP
01a02d5f-d208-7631-9efe-53023cde992c,68908512,rua,Rua Mendes de Sá,São Lázaro,572484b1-1e48-4d7a-8864-2304f1a0f611,AP
01a03136-b9e4-71a9-ad4d-c6185a4292e9,68908512,rua,Rua Mendes de Sá,São Lázaro,572484b1-1e48-4d7a-8864-2304f1a0f611,AP
01a02d5f-a879-70e4-8743-207bd761a105,68903383,rua,Rua Mercúrio,Jardim Marco Zero,572484b1-1e48-4d7a-8864-2304f1a0f611,AP
01a03136-75da-7831-9ba6-b723e6f2f509,68903383,rua,Rua Mercúrio,Jardim Marco Zero,572484b1-1e48-4d7a-8864-2304f1a0f611,AP
01a02d5f-b599-7ea1-a3f2-2bc66636dab6,68907360,rua,Rua Mesopotâmia,Renascer,572484b1-1e48-4d7a-8864-2304f1a0f611,AP
01a02f29-b866-7ea0-9f45-fe0e8bbb8afc,68907360,rua,Rua Mesopotâmia,Renascer,572484b1-1e48-4d7a-8864-2304f1a0f611,AP
01a02d5f-acd8-7013-aa63-114362b5b5dc,68904279,rua,Rua Mestre Julio,Novo Buritizal,572484b1-1e48-4d7a-8864-2304f1a0f611,AP
01a03136-7a73-76ad-97d8-13a537180b85,68904279,rua,Rua Mestre Julio,Novo Buritizal,572484b1-1e48-4d7a-8864-2304f1a0f611,AP
01a02d5f-d629-76f8-be29-4c2c8c3396d1,68906651,rua,Rua Mestre Júlio,Alvorada,572484b1-1e48-4d7a-8864-2304f1a0f611,AP
01a03136-c042-7709-b8a9-ad4014900acf,68906651,rua,Rua Mestre Júlio,Alvorada,572484b1-1e48-4d7a-8864-2304f1a0f611,AP
01a02d5f-d62a-77c1-8e5e-8916063faaf9,68908021,rua,Rua Meton Jucá Junior,Infraero,572484b1-1e48-4d7a-8864-2304f1a0f611,AP
01a03136-c08b-75ae-82d2-ef975f0839c8,68908021,rua,Rua Meton Jucá Junior,Infraero,572484b1-1e48-4d7a-8864-2304f1a0f611,AP
01a02d5f-b598-7d36-beef-70db80d9f322,68907160,rua,Rua Michelângelo,Renascer,572484b1-1e48-4d7a-8864-2304f1a0f611,AP
01a03136-8857-7303-a18d-3ca3fbe1b67c,68907160,rua,Rua Michelângelo,Renascer,572484b1-1e48-4d7a-8864-2304f1a0f611,AP
01a02d5f-d414-7073-9a44-c19d6563bd67,68908017,rua,Rua Miguel Arraes,Infraero,572484b1-1e48-4d7a-8864-2304f1a0f611,AP
01a03136-bce5-7f1c-88f8-0eaa364b63f9,68908017,rua,Rua Miguel Arraes,Infraero,572484b1-1e48-4d7a-8864-2304f1a0f611,AP
01a02d5f-d209-778e-a2e3-755171f9a248,68906120,rua,Rua Miguel Rodrigues Bittencourt,Cabralzinho,572484b1-1e48-4d7a-8864-2304f1a0f611,AP
01a03136-bc94-7cb2-8665-f466c060e5fb,68906120,rua,Rua Miguel Rodrigues Bittencourt,Cabralzinho,572484b1-1e48-4d7a-8864-2304f1a0f611,AP
01a02d5f-b598-7d36-bef9-35fa9c50cf25,68907206,rua,Rua Milagres,Renascer,572484b1-1e48-4d7a-8864-2304f1a0f611,AP
01a03136-887d-79f2-8087-10974dc3c6e5,68907206,rua,Rua Milagres,Renascer,572484b1-1e48-4d7a-8864-2304f1a0f611,AP
01a02d5f-bdb4-7e21-a29c-f746bccb4eee,68909068,rua,Rua Milton de Souza Correia,Jardim Felicidade,572484b1-1e48-4d7a-8864-2304f1a0f611,AP
01a03136-9653-7fd7-a18e-48f6a782e637,68909068,rua,Rua Milton de Souza Correia,Jardim Felicidade,572484b1-1e48-4d7a-8864-2304f1a0f611,AP
01a02d5f-a41e-7468-b890-d6c3c25de0dc,68901730,rua,Rua Minas Gerais,Nova Esperança,572484b1-1e48-4d7a-8864-2304f1a0f611,AP
01a02d5f-a1f0-759f-a32b-9b54ce50d7f7,68901342,rua,Rua Minas Gerais,Santa Rita,572484b1-1e48-4d7a-8864-2304f1a0f611,AP
01a03136-6b86-712f-9572-190301183eb4,68901342,rua,Rua Minas Gerais,Santa Rita,572484b1-1e48-4d7a-8864-2304f1a0f611,AP
01a03136-6c3c-76dc-8a74-69cb88a0f889,68901730,rua,Rua Minas Gerais,Nova Esperança,572484b1-1e48-4d7a-8864-2304f1a0f611,AP
01a02d5f-b598-7469-bed5-d90b4e4becf6,68906909,rua,Rua Minas Gerais 32,Santa Rita,572484b1-1e48-4d7a-8864-2304f1a0f611,AP
01a03136-87fc-7275-b305-f2ce7eb4b0b8,68906909,rua,Rua Minas Gerais 32,Santa Rita,572484b1-1e48-4d7a-8864-2304f1a0f611,AP
01a02d5f-c1d7-746c-915a-009c27609a3e,68909698,rua,Rua Mita Cordeiro,Lagoa Azul,572484b1-1e48-4d7a-8864-2304f1a0f611,AP
01a03136-9cfd-773a-bedf-df68da5078c6,68909698,rua,Rua Mita Cordeiro,Lagoa Azul,572484b1-1e48-4d7a-8864-2304f1a0f611,AP
01a02d5f-b7a8-7de6-8832-c04e98aa79dc,68908054,rua,Rua Monte Alegre,Infraero,572484b1-1e48-4d7a-8864-2304f1a0f611,AP
01a03136-8bdf-74f3-b6d4-8e8c0bc8db1a,68908054,rua,Rua Monte Alegre,Infraero,572484b1-1e48-4d7a-8864-2304f1a0f611,AP
01a02d5f-b7a9-7692-a145-929a71a27e9f,68908086,rua,Rua Monte Sinai,Infraero,572484b1-1e48-4d7a-8864-2304f1a0f611,AP
01a03136-8c16-7798-9f1a-3e7695184367,68908086,rua,Rua Monte Sinai,Infraero,572484b1-1e48-4d7a-8864-2304f1a0f611,AP
01a02d5f-a645-716e-9cc4-5de1c228e225,68902759,rua,Rua Monteiro Lobato,Buritizal,572484b1-1e48-4d7a-8864-2304f1a0f611,AP
01a02d5f-a1f0-759f-a320-26533aa9874d,68901301,rua,Rua Monteiro Lobato,Santa Rita,572484b1-1e48-4d7a-8864-2304f1a0f611,AP
01a03136-6953-7571-bffc-22020d7d840b,68901301,rua,Rua Monteiro Lobato,Santa Rita,572484b1-1e48-4d7a-8864-2304f1a0f611,AP
01a03136-6f8a-728c-a476-67793067e95c,68902759,rua,Rua Monteiro Lobato,Buritizal,572484b1-1e48-4d7a-8864-2304f1a0f611,AP
01a02d5f-b13c-7126-b1be-126fabddb691,68906069,rua,Rua Montevidéu,Goiabal,572484b1-1e48-4d7a-8864-2304f1a0f611,AP
01a03136-8415-7581-856d-910580f6c72a,68906069,rua,Rua Montevidéu,Goiabal,572484b1-1e48-4d7a-8864-2304f1a0f611,AP
01a02d5f-d62c-7182-b6e9-273edff0973b,68909346,rua,Rua Morango,Brasil Novo,572484b1-1e48-4d7a-8864-2304f1a0f611,AP
01a03136-c0e1-76b0-9369-2274589d168a,68909346,rua,Rua Morango,Brasil Novo,572484b1-1e48-4d7a-8864-2304f1a0f611,AP
01a02d5f-a1f0-7fb1-a33d-6357c4cd12e4,68901482,rua,Rua Mucajá,Santa Inês,572484b1-1e48-4d7a-8864-2304f1a0f611,AP
01a03136-6bc7-75f5-90e5-12a1e6f77531,68901482,rua,Rua Mucajá,Santa Inês,572484b1-1e48-4d7a-8864-2304f1a0f611,AP
01a02d5f-d00c-73d6-b849-cbddbc2583e5,68906458,rua,Rua Mário Veloso Cordeiro,Marabaixo,572484b1-1e48-4d7a-8864-2304f1a0f611,AP
01a03136-b74d-794f-bf67-1b897cbd6e19,68906458,rua,Rua Mário Veloso Cordeiro,Marabaixo,572484b1-1e48-4d7a-8864-2304f1a0f611,AP
01a02d5f-d417-7405-8bc4-9635358182cd,68904269,rua,Rua Mãe Venina,Novo Buritizal,572484b1-1e48-4d7a-8864-2304f1a0f611,AP
01a03136-bdbe-7d3a-95d3-6570174443fb,68904269,rua,Rua Mãe Venina,Novo Buritizal,572484b1-1e48-4d7a-8864-2304f1a0f611,AP
01a02d5f-d00a-71c5-be8c-7869553e5905,68990970,rua,Rua Mãe Verônica 222,Centro,f8ea69df-e8b2-4fee-a545-59ee3e325a80,AP
01a03136-b686-74a9-b046-6a8716d65764,68990970,rua,Rua Mãe Verônica 222,Centro,f8ea69df-e8b2-4fee-a545-59ee3e325a80,AP
01a02d5f-d418-7561-8ffb-a2a98833ed5d,68906310,rua,Rua Nair Maria Souza da Costa,Marabaixo,572484b1-1e48-4d7a-8864-2304f1a0f611,AP
01a03136-c009-702e-998d-155a5c1f9563,68906310,rua,Rua Nair Maria Souza da Costa,Marabaixo,572484b1-1e48-4d7a-8864-2304f1a0f611,AP
01a02d5f-bbb6-78e7-8878-860f8596d6a0,68908828,rua,Rua Natecia Rosa da Silva,Infraero,572484b1-1e48-4d7a-8864-2304f1a0f611,AP
01a03136-929d-7664-a4ea-ba18ea6e860a,68908828,rua,Rua Natecia Rosa da Silva,Infraero,572484b1-1e48-4d7a-8864-2304f1a0f611,AP
01a02d5f-bdb5-76c2-9f1f-0f7654d69e59,68909146,rua,Rua Nelson Gonçalves,Boné Azul,572484b1-1e48-4d7a-8864-2304f1a0f611,AP
01a03136-96be-7535-8f3a-50c67a3fcacf,68909146,rua,Rua Nelson Gonçalves,Boné Azul,572484b1-1e48-4d7a-8864-2304f1a0f611,AP
01a02d5f-a879-70e4-874d-5b8febc7d9c5,68903400,rua,Rua Netuno,Jardim Marco Zero,572484b1-1e48-4d7a-8864-2304f1a0f611,AP
01a03136-7601-730d-9a9c-4845f0855e91,68903400,rua,Rua Netuno,Jardim Marco Zero,572484b1-1e48-4d7a-8864-2304f1a0f611,AP
01a02d5f-c1d7-7d07-9160-18c79fa3ffaa,68909704,rua,Rua Neves da Luz,Lagoa Azul,572484b1-1e48-4d7a-8864-2304f1a0f611,AP
01a03136-9d13-76d3-9c44-ebaacf76e582,68909704,rua,Rua Neves da Luz,Lagoa Azul,572484b1-1e48-4d7a-8864-2304f1a0f611,AP
01a02d5f-acd8-7013-aa5e-a6ea9d8e1261,68904274,rua,Rua Nilo Coelho,Novo Buritizal,572484b1-1e48-4d7a-8864-2304f1a0f611,AP
01a03136-7a62-78e9-a3c6-e6bdde1f58de,68904274,rua,Rua Nilo Coelho,Novo Buritizal,572484b1-1e48-4d7a-8864-2304f1a0f611,AP
01a02d5f-b7a8-7527-882a-273ce783a3fa,68908044,rua,Rua Niterói,Infraero,572484b1-1e48-4d7a-8864-2304f1a0f611,AP
01a03136-8bc2-7797-8e5d-e446b19721c0,68908044,rua,Rua Niterói,Infraero,572484b1-1e48-4d7a-8864-2304f1a0f611,AP
01a02d5f-c3de-74da-ab6c-7cbbb0af91f3,68911030,rua,Rua Nona,Fazendinha,572484b1-1e48-4d7a-8864-2304f1a0f611,AP
01a02d5f-b13d-72b2-934b-3366aac8044e,68906514,rua,Rua Nona,Marabaixo,572484b1-1e48-4d7a-8864-2304f1a0f611,AP
01a03136-8460-7834-9633-ed7a14a0204e,68906514,rua,Rua Nona,Marabaixo,572484b1-1e48-4d7a-8864-2304f1a0f611,AP
01a03136-a0d7-7abb-b496-9a77ac077e21,68911030,rua,Rua Nona,Fazendinha,572484b1-1e48-4d7a-8864-2304f1a0f611,AP
01a02d5f-bfdb-7fb3-9373-18706f89cdb2,68909514,rua,Rua Nossa Senhora Aparecida,Boné Azul,572484b1-1e48-4d7a-8864-2304f1a0f611,AP
01a03136-9a32-73ae-bd42-eecd83e2a9ed,68909514,rua,Rua Nossa Senhora Aparecida,Boné Azul,572484b1-1e48-4d7a-8864-2304f1a0f611,AP
01a02d5f-af06-7adf-9dde-a096335a3bb8,68905040,rua,Rua Nossa Senhora de Nazaré,Cidade Nova,572484b1-1e48-4d7a-8864-2304f1a0f611,AP
01a03136-7d9b-7e2c-94c4-62a214b78b0b,68905040,rua,Rua Nossa Senhora de Nazaré,Cidade Nova,572484b1-1e48-4d7a-8864-2304f1a0f611,AP
01a02d5f-b13c-7126-b1bd-87ddef35e9bb,68906066,rua,Rua Nova Aliança,Goiabal,572484b1-1e48-4d7a-8864-2304f1a0f611,AP
01a03136-822d-7134-8aac-4f95dd713c43,68906066,rua,Rua Nova Aliança,Goiabal,572484b1-1e48-4d7a-8864-2304f1a0f611,AP
01a02d5f-b7a8-7de6-8840-83a75031014b,68908085,rua,Rua Nova Canaã,Infraero,572484b1-1e48-4d7a-8864-2304f1a0f611,AP
01a03136-8c12-7890-9ea8-371ad1635aae,68908085,rua,Rua Nova Canaã,Infraero,572484b1-1e48-4d7a-8864-2304f1a0f611,AP
01a02d5f-d209-778e-a2eb-9b5ff67a07d8,68906131,rua,Rua Nova Delhi,Cabralzinho,572484b1-1e48-4d7a-8864-2304f1a0f611,AP
01a03136-bcb4-7441-bc0a-de648f0105cd,68906131,rua,Rua Nova Delhi,Cabralzinho,572484b1-1e48-4d7a-8864-2304f1a0f611,AP
01a02d5f-d416-7b60-b88f-6b1446662ffe,68903888,rua,Rua Nova Esperança,Araxá,572484b1-1e48-4d7a-8864-2304f1a0f611,AP
01a03136-bda3-7e6d-ba3d-b18da61cb880,68903888,rua,Rua Nova Esperança,Araxá,572484b1-1e48-4d7a-8864-2304f1a0f611,AP
01a02d5f-bdb4-7e21-a28f-8c083990b7e7,68909040,rua,Rua Nova República,Jardim Felicidade,572484b1-1e48-4d7a-8864-2304f1a0f611,AP
01a03136-9626-77a4-a471-10150b292d99,68909040,rua,Rua Nova República,Jardim Felicidade,572484b1-1e48-4d7a-8864-2304f1a0f611,AP
01a02d5f-c3df-7f0a-8b86-18367e9b36a0,68911123,rua,Rua Nova da Praia,Fazendinha,572484b1-1e48-4d7a-8864-2304f1a0f611,AP
01a03136-a154-74d7-a7e9-52d469e800b0,68911123,rua,Rua Nova da Praia,Fazendinha,572484b1-1e48-4d7a-8864-2304f1a0f611,AP
01a02d5f-a646-7bae-895e-a5f14ee82172,68903185,rua,Rua Nova das Pedrinhas,Jardim Marco Zero,572484b1-1e48-4d7a-8864-2304f1a0f611,AP
01a02d5f-a646-7bae-8956-bca72069315f,68903133,rua,Rua Nova das Pedrinhas,Pedrinhas,572484b1-1e48-4d7a-8864-2304f1a0f611,AP
01a03136-727e-7ef7-ba2f-7267644254b4,68903133,rua,Rua Nova das Pedrinhas,Pedrinhas,572484b1-1e48-4d7a-8864-2304f1a0f611,AP
01a03136-7299-75e9-b735-82c2c1cef479,68903185,rua,Rua Nova das Pedrinhas,Jardim Marco Zero,572484b1-1e48-4d7a-8864-2304f1a0f611,AP
01a02d5f-b13d-72b2-934d-95efca24887f,68906519,rua,Rua Nove,Marabaixo,572484b1-1e48-4d7a-8864-2304f1a0f611,AP
01a03136-8467-7361-80d5-2248e62b0cea,68906519,rua,Rua Nove,Marabaixo,572484b1-1e48-4d7a-8864-2304f1a0f611,AP
01a02d5f-a41d-7bad-976c-d800375858be,68901510,rua,Rua Novo Horizonte,Santa Inês,572484b1-1e48-4d7a-8864-2304f1a0f611,AP
01a03136-6be2-764d-8a85-6154db6ff7f3,68901510,rua,Rua Novo Horizonte,Santa Inês,572484b1-1e48-4d7a-8864-2304f1a0f611,AP
01a02d5f-b7a9-7f43-a162-1bb855302714,68908182,rua,Rua Odilardo Silva,Julião Ramos,572484b1-1e48-4d7a-8864-2304f1a0f611,AP
01a02d5f-a645-716e-9cbb-873be3d47f25,68902650,rua,Rua Odilardo Silva,Beirol,572484b1-1e48-4d7a-8864-2304f1a0f611,AP
01a02d5f-a1ee-7357-9f76-07cdae0c4dc8,68901017,rua,Rua Odilardo Silva,Trem,572484b1-1e48-4d7a-8864-2304f1a0f611,AP
01a02d5f-9fc4-7b45-bc91-de8d1a90986e,68900151,rua,Rua Odilardo Silva,Central,572484b1-1e48-4d7a-8864-2304f1a0f611,AP
01a03136-685c-70a7-888d-ab7132b79e41,68900151,rua,Rua Odilardo Silva,Central,572484b1-1e48-4d7a-8864-2304f1a0f611,AP
01a03136-68b3-7d1f-9b89-d66fc7888005,68901017,rua,Rua Odilardo Silva,Trem,572484b1-1e48-4d7a-8864-2304f1a0f611,AP
01a03136-6f6c-7da3-b3b6-828dda2775b9,68902650,rua,Rua Odilardo Silva,Beirol,572484b1-1e48-4d7a-8864-2304f1a0f611,AP
01a03136-8e96-71c0-846d-63348d6d9575,68908182,rua,Rua Odilardo Silva,Julião Ramos,572484b1-1e48-4d7a-8864-2304f1a0f611,AP
01a02d5f-c1db-7082-aa30-3b16186cdd46,68909855,rua,Rua Oitava,Marabaixo,572484b1-1e48-4d7a-8864-2304f1a0f611,AP
01a02d5f-c3de-74da-ab67-087a8617496c,68911025,rua,Rua Oitava,Fazendinha,572484b1-1e48-4d7a-8864-2304f1a0f611,AP
01a03136-9df6-778e-bb6b-05b3ac75817a,68909855,rua,Rua Oitava,Marabaixo,572484b1-1e48-4d7a-8864-2304f1a0f611,AP
01a03136-9e13-7e30-9dc2-f05561350c83,68911025,rua,Rua Oitava,Fazendinha,572484b1-1e48-4d7a-8864-2304f1a0f611,AP
01a02d5f-a41e-7ef5-b8a8-d53dc9816c8a,68902023,rua,Rua Oito,Beirol,572484b1-1e48-4d7a-8864-2304f1a0f611,AP
01a02d5f-ce19-72c7-9c57-a42a7500b26b,68929516,rua,Rua Oito,Distrito Industrial,324f5453-20fa-4565-9dd4-6c6514f449bf,AP
01a03136-6c90-7fc9-848a-4efcf43354ba,68902023,rua,Rua Oito,Beirol,572484b1-1e48-4d7a-8864-2304f1a0f611,AP
01a03136-b602-7d33-b42e-bf42fea8b556,68929516,rua,Rua Oito,Distrito Industrial,324f5453-20fa-4565-9dd4-6c6514f449bf,AP
01a02d5f-b7a8-7de6-8831-93a306801256,68908053,rua,Rua Olinda,Infraero,572484b1-1e48-4d7a-8864-2304f1a0f611,AP
01a03136-8bdc-70a4-ba05-970380846827,68908053,rua,Rua Olinda,Infraero,572484b1-1e48-4d7a-8864-2304f1a0f611,AP
01a02d5f-ce19-72c7-9c59-c17326e09ac9,68929524,rua,Rua Onze,Distrito Industrial,324f5453-20fa-4565-9dd4-6c6514f449bf,AP
01a03136-b609-7f1d-9523-70cbbd65151c,68929524,rua,Rua Onze,Distrito Industrial,324f5453-20fa-4565-9dd4-6c6514f449bf,AP
01a02d5f-a1f0-7fb1-a335-f2dc1f044732,68901410,rua,Rua Oscar Santos,Santa Inês,572484b1-1e48-4d7a-8864-2304f1a0f611,AP
01a02d5f-b138-7b33-a5ca-b8bb51e99715,68905624,rua,Rua Oscar Santos,Perpétuo Socorro,572484b1-1e48-4d7a-8864-2304f1a0f611,AP
01a03136-6baa-78ae-987b-b0559a425d1d,68901410,rua,Rua Oscar Santos,Santa Inês,572484b1-1e48-4d7a-8864-2304f1a0f611,AP
01a03136-8169-7e26-97ab-7d77084921b8,68905624,rua,Rua Oscar Santos,Perpétuo Socorro,572484b1-1e48-4d7a-8864-2304f1a0f611,AP
01a02d5f-cc1c-795a-8231-b5a5b6740ef3,68928003,rua,Rua Osvaldo Cruz,Paraíso,324f5453-20fa-4565-9dd4-6c6514f449bf,AP
01a02d5f-cc1a-76a4-a269-2c186098a3b8,68927314,rua,Rua Osvaldo Cruz,Nova Brasília,324f5453-20fa-4565-9dd4-6c6514f449bf,AP
01a03136-afdb-7a93-83a0-30efa7c47e89,68927314,rua,Rua Osvaldo Cruz,Nova Brasília,324f5453-20fa-4565-9dd4-6c6514f449bf,AP
01a03136-b073-762e-b96a-024c924b1032,68928003,rua,Rua Osvaldo Cruz,Paraíso,324f5453-20fa-4565-9dd4-6c6514f449bf,AP
01a02d5f-b599-7ea1-a3ff-c785cf42a9a0,68907490,rua,Rua Oséas de Oliveira Pimentel,Renascer,572484b1-1e48-4d7a-8864-2304f1a0f611,AP
01a03136-8b3d-78e8-80c4-c7f6b4b63679,68907490,rua,Rua Oséas de Oliveira Pimentel,Renascer,572484b1-1e48-4d7a-8864-2304f1a0f611,AP
01a02d5f-b7a8-7de6-882e-8cbeaadb3923,68908049,rua,Rua Ouro Preto,Infraero,572484b1-1e48-4d7a-8864-2304f1a0f611,AP
01a03136-8bd1-708e-a29f-c9ef2a3f07c7,68908049,rua,Rua Ouro Preto,Infraero,572484b1-1e48-4d7a-8864-2304f1a0f611,AP
01a02d5f-bbb9-7967-862b-1cff0e283a3b,68908879,rua,Rua Padre Bartolomeu Gusmão,Infraero,572484b1-1e48-4d7a-8864-2304f1a0f611,AP
01a03136-934e-73bd-b61d-367113e69eb0,68908879,rua,Rua Padre Bartolomeu Gusmão,Infraero,572484b1-1e48-4d7a-8864-2304f1a0f611,AP
01a02d5f-ce17-788c-9d0b-e52741464404,68928151,rua,Rua Padre Fúlvio,Fonte Nova,324f5453-20fa-4565-9dd4-6c6514f449bf,AP
01a03136-b313-73fb-bece-491a3401b486,68928151,rua,Rua Padre Fúlvio,Fonte Nova,324f5453-20fa-4565-9dd4-6c6514f449bf,AP
01a02d5f-b36e-7134-a0dd-cd2d315b5fc1,68906650,rua,Rua Padre Luis David,Alvorada,572484b1-1e48-4d7a-8864-2304f1a0f611,AP
01a03136-84c7-7716-b4e7-fdd897b8d254,68906650,rua,Rua Padre Luis David,Alvorada,572484b1-1e48-4d7a-8864-2304f1a0f611,AP
01a02d5f-a41e-7468-b884-6a3fd2fb097e,68901600,rua,Rua Padre Vitório Galiane,Nova Esperança,572484b1-1e48-4d7a-8864-2304f1a0f611,AP
01a02d5f-cc1c-795a-8230-a29d5d7f3037,68928000,rua,Rua Padre Vitório Galiane,Paraíso,324f5453-20fa-4565-9dd4-6c6514f449bf,AP
01a02d5f-cc1c-795a-8227-9cfb6a5f88f3,68927435,rua,Rua Padre Vitório Galiane,Provedor,324f5453-20fa-4565-9dd4-6c6514f449bf,AP
01a02d5f-cc1a-76a4-a265-125f475a4f2b,68927302,rua,Rua Padre Vitório Galiane,Nova Brasília,324f5453-20fa-4565-9dd4-6c6514f449bf,AP
01a02d5f-c7ea-7bcf-a822-8180e17e72cf,68925195,rua,Rua Padre Vitório Galiane,Central,324f5453-20fa-4565-9dd4-6c6514f449bf,AP
01a03136-6c14-78bb-aeba-e3113d1eb1ae,68901600,rua,Rua Padre Vitório Galiane,Nova Esperança,572484b1-1e48-4d7a-8864-2304f1a0f611,AP
01a03136-a83d-78d4-8546-a264b30a0b28,68925195,rua,Rua Padre Vitório Galiane,Central,324f5453-20fa-4565-9dd4-6c6514f449bf,AP
01a03136-afce-7b39-8e29-ed6c93c63cdd,68927302,rua,Rua Padre Vitório Galiane,Nova Brasília,324f5453-20fa-4565-9dd4-6c6514f449bf,AP
01a03136-b052-7418-a0d3-ff7bb37b65ca,68927435,rua,Rua Padre Vitório Galiane,Provedor,324f5453-20fa-4565-9dd4-6c6514f449bf,AP
01a03136-b06f-7f69-967f-c657b491a50f,68928000,rua,Rua Padre Vitório Galiane,Paraíso,324f5453-20fa-4565-9dd4-6c6514f449bf,AP
01a02d5f-b7a8-7527-8822-8ea6de222b81,68908033,rua,Rua Palmas,Infraero,572484b1-1e48-4d7a-8864-2304f1a0f611,AP
01a03136-8baf-7c76-b054-ea2db3db5b11,68908033,rua,Rua Palmas,Infraero,572484b1-1e48-4d7a-8864-2304f1a0f611,AP
01a02d5f-a1ef-74c4-831a-db0cffa29382,68901260,rua,Rua Paraná,Santa Rita,572484b1-1e48-4d7a-8864-2304f1a0f611,AP
01a03136-6916-79aa-b43c-c9439a8887f9,68901260,rua,Rua Paraná,Santa Rita,572484b1-1e48-4d7a-8864-2304f1a0f611,AP
01a02d5f-d62a-77c1-8e59-08421ec006eb,68907197,rua,Rua Paricá,Renascer,572484b1-1e48-4d7a-8864-2304f1a0f611,AP
01a03136-c07b-70f2-a75a-57bb85d97d02,68907197,rua,Rua Paricá,Renascer,572484b1-1e48-4d7a-8864-2304f1a0f611,AP
01a02d5f-d629-76f8-be27-b77d6550ede5,68906512,rua,Rua Parque,Marabaixo,572484b1-1e48-4d7a-8864-2304f1a0f611,AP
01a03136-c03b-7574-b1a6-91b0051be41d,68906512,rua,Rua Parque,Marabaixo,572484b1-1e48-4d7a-8864-2304f1a0f611,AP
01a02d5f-a647-74b0-8399-7255bd6a88f1,68903189,rua,Rua Pastor Deocleciano Cabralzinho de Assis,Jardim Marco Zero,572484b1-1e48-4d7a-8864-2304f1a0f611,AP
01a03136-72a6-7916-ac16-68d559025a90,68903189,rua,Rua Pastor Deocleciano Cabralzinho de Assis,Jardim Marco Zero,572484b1-1e48-4d7a-8864-2304f1a0f611,AP
01a02d5f-b36e-7134-a0d5-76de662b7e17,68906641,rua,Rua Pastor Otoniel Alencar,Alvorada,572484b1-1e48-4d7a-8864-2304f1a0f611,AP
01a03136-84ae-78a0-bb42-84a94a2f3c97,68906641,rua,Rua Pastor Otoniel Alencar,Alvorada,572484b1-1e48-4d7a-8864-2304f1a0f611,AP
01a02d5f-ca05-7f64-9056-232686ff724d,68927110,rua,Rua Pastor Sozinho,Provedor I,324f5453-20fa-4565-9dd4-6c6514f449bf,AP
01a02d5f-ca05-7f64-904d-4a58a08e3844,68927078,rua,Rua Pastor Sozinho,Remedios,324f5453-20fa-4565-9dd4-6c6514f449bf,AP
01a03136-acbf-79ba-ad2f-4af4cbaee74d,68927078,rua,Rua Pastor Sozinho,Remedios,324f5453-20fa-4565-9dd4-6c6514f449bf,AP
01a03136-acdd-7ae7-aa39-3252cd294993,68927110,rua,Rua Pastor Sozinho,Provedor I,324f5453-20fa-4565-9dd4-6c6514f449bf,AP
01a02d5f-b7a8-7527-8818-b345308803d5,68907635,rua,Rua Patrícius,Renascer,572484b1-1e48-4d7a-8864-2304f1a0f611,AP
01a03136-8b8b-7b2a-939e-01c5049718b6,68907635,rua,Rua Patrícius,Renascer,572484b1-1e48-4d7a-8864-2304f1a0f611,AP
01a02d5f-bfdb-76eb-9353-a5ad23c76a4f,68909464,rua,Rua Pau Brasil,Boné Azul,572484b1-1e48-4d7a-8864-2304f1a0f611,AP
01a03136-99c6-7372-b0bb-c0b4adb682e7,68909464,rua,Rua Pau Brasil,Boné Azul,572484b1-1e48-4d7a-8864-2304f1a0f611,AP
01a02d5f-bdb5-76c2-9f10-8546a5afb2cd,68909100,rua,Rua Paula Ramos da Fonseca,Jardim Felicidade,572484b1-1e48-4d7a-8864-2304f1a0f611,AP
01a03136-9689-7221-8332-55ef6dc92f89,68909100,rua,Rua Paula Ramos da Fonseca,Jardim Felicidade,572484b1-1e48-4d7a-8864-2304f1a0f611,AP
01a02d5f-a646-7bae-895a-04a04bd1d3d5,68903181,rua,Rua Pedro Afonso da Silveira,Jardim Marco Zero,572484b1-1e48-4d7a-8864-2304f1a0f611,AP
01a03136-728b-7ad4-97d0-da4510b000e9,68903181,rua,Rua Pedro Afonso da Silveira,Jardim Marco Zero,572484b1-1e48-4d7a-8864-2304f1a0f611,AP
01a02d5f-bfdc-7fcc-b95f-1b43f324b6a0,68909543,rua,Rua Pedro Lima,Boné Azul,572484b1-1e48-4d7a-8864-2304f1a0f611,AP
01a03136-9cc5-766a-afc2-76d244ad7207,68909543,rua,Rua Pedro Lima,Boné Azul,572484b1-1e48-4d7a-8864-2304f1a0f611,AP
01a02d5f-bbb9-70e8-8622-df490345e79c,68908870,rua,Rua Pedro Peticov,Infraero,572484b1-1e48-4d7a-8864-2304f1a0f611,AP
01a03136-932e-75cd-9fc3-e29f1522937f,68908870,rua,Rua Pedro Peticov,Infraero,572484b1-1e48-4d7a-8864-2304f1a0f611,AP
01a02d5f-bbb6-78e7-8871-8613ee51e08d,68908817,rua,Rua Pedro Rodrigues de Lima,Infraero,572484b1-1e48-4d7a-8864-2304f1a0f611,AP
01a03136-9282-7b19-b263-a437217b4bed,68908817,rua,Rua Pedro Rodrigues de Lima,Infraero,572484b1-1e48-4d7a-8864-2304f1a0f611,AP
01a02d5f-d415-7a4d-bdee-37ebcd816a6c,68902881,rua,Rua Pedro Romualdo Pereira,Buritizal,572484b1-1e48-4d7a-8864-2304f1a0f611,AP
01a03136-bd59-790b-9b04-cb396e41a2c1,68902881,rua,Rua Pedro Romualdo Pereira,Buritizal,572484b1-1e48-4d7a-8864-2304f1a0f611,AP
01a02d5f-ca06-77e5-9e8d-a95ee2a4d530,68927194,rua,Rua Pedro Salvador Diniz,Provedor I,324f5453-20fa-4565-9dd4-6c6514f449bf,AP
01a02d5f-ca05-76eb-903c-a29cb10d3c16,68927027,rua,Rua Pedro Salvador Diniz,Remedios,324f5453-20fa-4565-9dd4-6c6514f449bf,AP
01a02d5f-c7ea-7bcf-a81d-f1fb43f714c1,68925180,rua,Rua Pedro Salvador Diniz,Central,324f5453-20fa-4565-9dd4-6c6514f449bf,AP
01a02d5f-c7ea-7bcf-a81c-cd924753f180,68925177,rua,Rua Pedro Salvador Diniz,Hospitalidade,324f5453-20fa-4565-9dd4-6c6514f449bf,AP
01a02d5f-c5ed-74ca-8a55-8f8ef518c1a0,68925102,rua,Rua Pedro Salvador Diniz,Comercial,324f5453-20fa-4565-9dd4-6c6514f449bf,AP
01a03136-a57a-79b9-8965-5e003053b7bc,68925102,rua,Rua Pedro Salvador Diniz,Comercial,324f5453-20fa-4565-9dd4-6c6514f449bf,AP
01a03136-a82a-706c-8072-ee1b9280de50,68925177,rua,Rua Pedro Salvador Diniz,Hospitalidade,324f5453-20fa-4565-9dd4-6c6514f449bf,AP
01a03136-a82d-779b-908b-a1eafd6c1adc,68925180,rua,Rua Pedro Salvador Diniz,Central,324f5453-20fa-4565-9dd4-6c6514f449bf,AP
01a03136-ac84-7713-b2c3-76b3b64a2627,68927027,rua,Rua Pedro Salvador Diniz,Remedios,324f5453-20fa-4565-9dd4-6c6514f449bf,AP
01a03136-ad34-772c-857a-6689fce0adf0,68927194,rua,Rua Pedro Salvador Diniz,Provedor I,324f5453-20fa-4565-9dd4-6c6514f449bf,AP
01a02d5f-a878-7809-a0c3-303aab8c17a1,68903363,rua,Rua Pedro Siqueira,Jardim Marco Zero,572484b1-1e48-4d7a-8864-2304f1a0f611,AP
01a03136-737e-7c74-8fe2-b61c60182a38,68903363,rua,Rua Pedro Siqueira,Jardim Marco Zero,572484b1-1e48-4d7a-8864-2304f1a0f611,AP
01a02d5f-a877-7f38-b947-72e89b88590e,68903315,rua,Rua Pedro Souza Silva,Jardim Marco Zero,572484b1-1e48-4d7a-8864-2304f1a0f611,AP
01a03136-732e-7a63-b53f-fa3ed4dde5c2,68903315,rua,Rua Pedro Souza Silva,Jardim Marco Zero,572484b1-1e48-4d7a-8864-2304f1a0f611,AP
01a02d5f-b7a8-7de6-8830-11221a8f8280,68908052,rua,Rua Petrolina,Infraero,572484b1-1e48-4d7a-8864-2304f1a0f611,AP
01a03136-8bd8-73af-bd48-0016b26ba153,68908052,rua,Rua Petrolina,Infraero,572484b1-1e48-4d7a-8864-2304f1a0f611,AP
01a02d5f-ca04-7e38-ba98-db626eba45b9,68926340,rua,Rua Piauí,Fortaleza,324f5453-20fa-4565-9dd4-6c6514f449bf,AP
01a03136-ac28-7028-903d-490c4584d6af,68926340,rua,Rua Piauí,Fortaleza,324f5453-20fa-4565-9dd4-6c6514f449bf,AP
01a02d5f-d62c-79e2-b6f1-fd31e0c2e509,68909355,rua,Rua Piquias,Brasil Novo,572484b1-1e48-4d7a-8864-2304f1a0f611,AP
01a03136-c0fa-7e18-bcf7-13cb3d149246,68909355,rua,Rua Piquias,Brasil Novo,572484b1-1e48-4d7a-8864-2304f1a0f611,AP
01a02d5f-d62d-725c-b4d8-a01da1faf960,68909377,rua,Rua Piquiá,Brasil Novo,572484b1-1e48-4d7a-8864-2304f1a0f611,AP
01a03136-c126-74a5-95f2-64d1059304e4,68909377,rua,Rua Piquiá,Brasil Novo,572484b1-1e48-4d7a-8864-2304f1a0f611,AP
01a02d5f-d62c-7182-b6ed-2c8a6f5a422e,68909351,rua,Rua Pitombeira,Brasil Novo,572484b1-1e48-4d7a-8864-2304f1a0f611,AP
01a03136-c0ee-70fa-b1cb-ceb73b8a140c,68909351,rua,Rua Pitombeira,Brasil Novo,572484b1-1e48-4d7a-8864-2304f1a0f611,AP
01a02d5f-bdb5-7f71-9f27-85f5293f9b5e,68909155,rua,Rua Pixinguinha,Boné Azul,572484b1-1e48-4d7a-8864-2304f1a0f611,AP
01a03136-96da-7a57-aea5-9805119b5bfe,68909155,rua,Rua Pixinguinha,Boné Azul,572484b1-1e48-4d7a-8864-2304f1a0f611,AP
01a02d5f-d62c-7182-b6e5-8683aaddbb63,68909342,rua,Rua Piçarreira,Brasil Novo,572484b1-1e48-4d7a-8864-2304f1a0f611,AP
01a03136-c0d4-7669-93e2-c651a90b6aac,68909342,rua,Rua Piçarreira,Brasil Novo,572484b1-1e48-4d7a-8864-2304f1a0f611,AP
01a02d5f-b598-7d36-beed-8586005cbecc,68907140,rua,Rua Platão,Renascer,572484b1-1e48-4d7a-8864-2304f1a0f611,AP
01a03136-884f-7767-b7da-6a9c6a9bfd64,68907140,rua,Rua Platão,Renascer,572484b1-1e48-4d7a-8864-2304f1a0f611,AP
01a02d5f-b7a8-7527-8819-da56e160c0ab,68907640,rua,Rua Plebeus,Renascer,572484b1-1e48-4d7a-8864-2304f1a0f611,AP
01a03136-8b8f-7013-bb92-d7f58989afb4,68907640,rua,Rua Plebeus,Renascer,572484b1-1e48-4d7a-8864-2304f1a0f611,AP
01a02d5f-a879-79a6-8753-b7b18dde27a8,68903420,rua,Rua Plutão,Jardim Marco Zero,572484b1-1e48-4d7a-8864-2304f1a0f611,AP
01a03136-7617-7328-9d03-dc8c836d0810,68903420,rua,Rua Plutão,Jardim Marco Zero,572484b1-1e48-4d7a-8864-2304f1a0f611,AP
01a02d5f-c5ed-7d62-8a5f-493a25fb0ae5,68925135,rua,Rua Poeta Machado de Assis,Hospitalidade,324f5453-20fa-4565-9dd4-6c6514f449bf,AP
01a02d5f-c5ed-74ca-8a52-2274006f3d14,68925093,rua,Rua Poeta Machado de Assis,Comercial,324f5453-20fa-4565-9dd4-6c6514f449bf,AP
01a03136-a56d-7a74-8aa1-d6e9b4a2b469,68925093,rua,Rua Poeta Machado de Assis,Comercial,324f5453-20fa-4565-9dd4-6c6514f449bf,AP
01a03136-a7f6-7cb5-8ea8-e992fcd3ca25,68925135,rua,Rua Poeta Machado de Assis,Hospitalidade,324f5453-20fa-4565-9dd4-6c6514f449bf,AP
01a02d5f-b7a8-7527-881a-02305eff5929,68908005,rua,Rua Porto Alegre,Infraero,572484b1-1e48-4d7a-8864-2304f1a0f611,AP
01a03136-8b92-75af-b768-fcc76e9b6fa9,68908005,rua,Rua Porto Alegre,Infraero,572484b1-1e48-4d7a-8864-2304f1a0f611,AP
01a02d5f-b7a8-7527-8821-8f4aec622bbf,68908032,rua,Rua Porto Velho,Infraero,572484b1-1e48-4d7a-8864-2304f1a0f611,AP
01a03136-8bab-7f08-a369-8ed237c47523,68908032,rua,Rua Porto Velho,Infraero,572484b1-1e48-4d7a-8864-2304f1a0f611,AP
01a02d5f-a1f0-7fb1-a337-e62883368ab9,68901430,rua,Rua Poços,Santa Inês,572484b1-1e48-4d7a-8864-2304f1a0f611,AP
01a03136-6bb1-7d8c-bceb-da9bd8242583,68901430,rua,Rua Poços,Santa Inês,572484b1-1e48-4d7a-8864-2304f1a0f611,AP
01a02d5f-ca05-7f64-904c-c5cd76bd91c0,68927075,rua,Rua Presidente Arthur Costa e Silva,Remedios,324f5453-20fa-4565-9dd4-6c6514f449bf,AP
01a02d5f-c7ea-7bcf-a81b-2ad109f7499d,68925174,rua,Rua Presidente Arthur Costa e Silva,Hospitalidade,324f5453-20fa-4565-9dd4-6c6514f449bf,AP
01a02d5f-c5ed-74ca-8a54-21574057fcad,68925099,rua,Rua Presidente Arthur Costa e Silva,Comercial,324f5453-20fa-4565-9dd4-6c6514f449bf,AP
01a03136-a576-7c44-9e52-9fee5223d187,68925099,rua,Rua Presidente Arthur Costa e Silva,Comercial,324f5453-20fa-4565-9dd4-6c6514f449bf,AP
01a03136-a826-7f2d-97ec-59ba8df0c0ba,68925174,rua,Rua Presidente Arthur Costa e Silva,Hospitalidade,324f5453-20fa-4565-9dd4-6c6514f449bf,AP
01a03136-acbb-7c2d-b3d6-040ae5630d64,68927075,rua,Rua Presidente Arthur Costa e Silva,Remedios,324f5453-20fa-4565-9dd4-6c6514f449bf,AP
01a02d5f-ce16-7fd0-a090-9f7607f6b7f4,68928130,rua,Rua Presidente Floriano Peixoto,Fonte Nova,324f5453-20fa-4565-9dd4-6c6514f449bf,AP
01a02d5f-ce16-7fd0-a087-b127e9cb90da,68928093,rua,Rua Presidente Floriano Peixoto,Paraíso,324f5453-20fa-4565-9dd4-6c6514f449bf,AP
01a03136-b2db-7682-b36e-c170a316edb1,68928093,rua,Rua Presidente Floriano Peixoto,Paraíso,324f5453-20fa-4565-9dd4-6c6514f449bf,AP
01a03136-b2fb-7101-bd46-34dd004f3c4b,68928130,rua,Rua Presidente Floriano Peixoto,Fonte Nova,324f5453-20fa-4565-9dd4-6c6514f449bf,AP
01a02d5f-cc1d-71f4-a157-4f44f3fd343c,68928042,rua,Rua Presidente General Emílio Garrastazu Médice,Paraíso,324f5453-20fa-4565-9dd4-6c6514f449bf,AP
01a03136-b2a1-7e0d-ac44-96299639f52f,68928042,rua,Rua Presidente General Emílio Garrastazu Médice,Paraíso,324f5453-20fa-4565-9dd4-6c6514f449bf,AP
01a02d5f-cc1d-71f4-a156-f5278757ef8f,68928039,rua,Rua Presidente Getúlio Vargas,Paraíso,324f5453-20fa-4565-9dd4-6c6514f449bf,AP
01a03136-b299-7f1f-b752-c9f92cb6181d,68928039,rua,Rua Presidente Getúlio Vargas,Paraíso,324f5453-20fa-4565-9dd4-6c6514f449bf,AP
01a02d5f-ca05-7f64-9052-0b0a025507ce,68927093,rua,Rua Presidente John Fitzgerald Kennedy,Remedios,324f5453-20fa-4565-9dd4-6c6514f449bf,AP
01a02d5f-c5ed-7d62-8a60-200edda82cf9,68925138,rua,Rua Presidente John Fitzgerald Kennedy,Hospitalidade,324f5453-20fa-4565-9dd4-6c6514f449bf,AP
01a02d5f-c5ed-74ca-8a53-72dd23a72b9d,68925096,rua,Rua Presidente John Fitzgerald Kennedy,Comercial,324f5453-20fa-4565-9dd4-6c6514f449bf,AP
01a03136-a572-70f4-b4c3-167e3ba1d037,68925096,rua,Rua Presidente John Fitzgerald Kennedy,Comercial,324f5453-20fa-4565-9dd4-6c6514f449bf,AP
01a03136-a7fa-7168-a192-36b0f660178c,68925138,rua,Rua Presidente John Fitzgerald Kennedy,Hospitalidade,324f5453-20fa-4565-9dd4-6c6514f449bf,AP
01a03136-acd0-76f9-891b-adec65e85639,68927093,rua,Rua Presidente John Fitzgerald Kennedy,Remedios,324f5453-20fa-4565-9dd4-6c6514f449bf,AP
01a02d5f-ce16-7708-a07f-6002e3bade8f,68928069,rua,Rua Presidente Juscelino Kubitschek de Oliveira,Paraíso,324f5453-20fa-4565-9dd4-6c6514f449bf,AP
01a03136-b2bf-7cae-8e6a-e559a3dab9fa,68928069,rua,Rua Presidente Juscelino Kubitschek de Oliveira,Paraíso,324f5453-20fa-4565-9dd4-6c6514f449bf,AP
01a02d5f-ce16-7708-a080-27f9a3c3919f,68928072,rua,Rua Presidente Marechal Deodoro da Fonseca,Paraíso,324f5453-20fa-4565-9dd4-6c6514f449bf,AP
01a03136-b2c3-78fe-91e8-cdf76cfd8b11,68928072,rua,Rua Presidente Marechal Deodoro da Fonseca,Paraíso,324f5453-20fa-4565-9dd4-6c6514f449bf,AP
01a02d5f-ce16-7fd0-a083-a92b954a6c76,68928081,rua,Rua Presidente Tancredo Neves,Paraíso,324f5453-20fa-4565-9dd4-6c6514f449bf,AP
01a03136-b2cd-784d-88f3-241c8ae57da5,68928081,rua,Rua Presidente Tancredo Neves,Paraíso,324f5453-20fa-4565-9dd4-6c6514f449bf,AP
01a02d5f-b598-7d36-bf00-7c73f3a0a5db,68907260,rua,Rua Pretores,Renascer,572484b1-1e48-4d7a-8864-2304f1a0f611,AP
01a03136-8897-702a-81e9-79e482fe3376,68907260,rua,Rua Pretores,Renascer,572484b1-1e48-4d7a-8864-2304f1a0f611,AP
01a02d5f-c1da-77da-ae57-d5fea3f18b35,68909840,rua,Rua Primeira,Marabaixo,572484b1-1e48-4d7a-8864-2304f1a0f611,AP
01a03136-9dc5-7c4f-9e1e-a4e900762d9e,68909840,rua,Rua Primeira,Marabaixo,572484b1-1e48-4d7a-8864-2304f1a0f611,AP
01a02d5f-a878-7809-a0be-5475c4acbbbb,68903358,rua,Rua Primeira do Seringal,Jardim Marco Zero,572484b1-1e48-4d7a-8864-2304f1a0f611,AP
01a03136-736b-7617-84f5-cc9fc173670f,68903358,rua,Rua Primeira do Seringal,Jardim Marco Zero,572484b1-1e48-4d7a-8864-2304f1a0f611,AP
01a02d5f-bbb9-70e8-8626-116cb18cd95e,68908874,rua,Rua Primeiro de Janeiro,Infraero,572484b1-1e48-4d7a-8864-2304f1a0f611,AP
01a03136-933d-72e5-afde-3e92d0848705,68908874,rua,Rua Primeiro de Janeiro,Infraero,572484b1-1e48-4d7a-8864-2304f1a0f611,AP
01a02d5f-d208-7631-9efb-d29591269918,68908118,rua,Rua Professor Tostes,Jesus de Nazaré,572484b1-1e48-4d7a-8864-2304f1a0f611,AP
01a02d5f-a645-7a87-9cda-f23f71efa53c,68902892,rua,Rua Professor Tostes,Buritizal,572484b1-1e48-4d7a-8864-2304f1a0f611,AP
01a02d5f-a41f-77a2-b953-7466dfbd300b,68902210,rua,Rua Professor Tostes,Muca,572484b1-1e48-4d7a-8864-2304f1a0f611,AP
01a02d5f-a1f0-759f-a323-6ff731f85724,68901316,rua,Rua Professor Tostes,Santa Rita,572484b1-1e48-4d7a-8864-2304f1a0f611,AP
01a02d5f-9fc2-78dc-aa7f-1ed4f982e051,68900022,rua,Rua Professor Tostes,Central,572484b1-1e48-4d7a-8864-2304f1a0f611,AP
01a03136-65df-759d-b2a4-8e28880b39a5,68900022,rua,Rua Professor Tostes,Central,572484b1-1e48-4d7a-8864-2304f1a0f611,AP
01a03136-695d-71fe-abd9-df512c17ec4a,68901316,rua,Rua Professor Tostes,Santa Rita,572484b1-1e48-4d7a-8864-2304f1a0f611,AP
01a03136-6cc7-70cb-94e0-b726a33ca4ab,68902210,rua,Rua Professor Tostes,Muca,572484b1-1e48-4d7a-8864-2304f1a0f611,AP
01a03136-6fd4-767c-b1bd-b9523d439a5f,68902892,rua,Rua Professor Tostes,Buritizal,572484b1-1e48-4d7a-8864-2304f1a0f611,AP
01a03136-b9d9-7aed-afc4-645fbe015c40,68908118,rua,Rua Professor Tostes,Jesus de Nazaré,572484b1-1e48-4d7a-8864-2304f1a0f611,AP
01a02d5f-a41e-7ef5-b897-fae27ddd2281,68901970,rua,Rua Professor Tostes 1619,Santa Rita,572484b1-1e48-4d7a-8864-2304f1a0f611,AP
01a03136-6c53-77ca-9718-cf6190e8473d,68901970,rua,Rua Professor Tostes 1619,Santa Rita,572484b1-1e48-4d7a-8864-2304f1a0f611,AP
01a02d5f-c1db-791b-aa3d-87f3471756b6,68909869,rua,Rua Professora Nelzarina Silva,Marabaixo,572484b1-1e48-4d7a-8864-2304f1a0f611,AP
01a03136-a03c-7c9f-9eff-4ce4a82ce04f,68909869,rua,Rua Professora Nelzarina Silva,Marabaixo,572484b1-1e48-4d7a-8864-2304f1a0f611,AP
01a02d5f-d00c-73d6-b844-60b170a98a4d,68906452,rua,Rua Professora Osvaldina Ferreira da Silva,Marabaixo,572484b1-1e48-4d7a-8864-2304f1a0f611,AP
01a03136-b73c-73fd-8c06-7a0df89a65f6,68906452,rua,Rua Professora Osvaldina Ferreira da Silva,Marabaixo,572484b1-1e48-4d7a-8864-2304f1a0f611,AP
01a02d5f-b598-7d36-bef5-e48a8df17fc9,68907202,rua,Rua Progresso,Renascer,572484b1-1e48-4d7a-8864-2304f1a0f611,AP
01a02d5f-c1d7-7d07-915b-61bd00b9a3ac,68909699,rua,Rua Progresso,Lagoa Azul,572484b1-1e48-4d7a-8864-2304f1a0f611,AP
01a03136-886d-7bb8-bc69-4ad223bb1279,68907202,rua,Rua Progresso,Renascer,572484b1-1e48-4d7a-8864-2304f1a0f611,AP
01a03136-9d01-7437-8ee0-cf4b12741613,68909699,rua,Rua Progresso,Lagoa Azul,572484b1-1e48-4d7a-8864-2304f1a0f611,AP
01a02d5f-d414-794d-9a49-d9dd1a7b4b34,68909331,rua,Rua Pêssego,Brasil Novo,572484b1-1e48-4d7a-8864-2304f1a0f611,AP
01a03136-bcf7-7211-b59b-b5ef696bb0db,68909331,rua,Rua Pêssego,Brasil Novo,572484b1-1e48-4d7a-8864-2304f1a0f611,AP
01a02d5f-c1dc-71b4-bda7-f44b62be29cd,68909870,rua,Rua Quarta,Marabaixo,572484b1-1e48-4d7a-8864-2304f1a0f611,AP
01a02d5f-b36f-72ee-a050-f2b708be1bb8,68906829,rua,Rua Quarta,Cabralzinho,572484b1-1e48-4d7a-8864-2304f1a0f611,AP
01a03136-853e-7d1f-bb26-207f5a45c7f5,68906829,rua,Rua Quarta,Cabralzinho,572484b1-1e48-4d7a-8864-2304f1a0f611,AP
01a03136-a040-7171-a91e-1403c1ab7e97,68909870,rua,Rua Quarta,Marabaixo,572484b1-1e48-4d7a-8864-2304f1a0f611,AP
01a02d5f-a646-7bae-894f-86cbc93246fa,68903124,rua,Rua Quatro,Pedrinhas,572484b1-1e48-4d7a-8864-2304f1a0f611,AP
01a02d5f-d416-72f3-b883-89076143b29d,68903211,rua,Rua Quatro,Jardim Marco Zero,572484b1-1e48-4d7a-8864-2304f1a0f611,AP
01a02d5f-d628-7e94-a12e-0f2d84b621f6,68906323,rua,Rua Quatro,Marabaixo,572484b1-1e48-4d7a-8864-2304f1a0f611,AP
01a02d5f-d821-74b6-9976-e77f4000b1d7,68909654,rua,Rua Quatro,Lagoa Azul,572484b1-1e48-4d7a-8864-2304f1a0f611,AP
01a02d5f-a41e-7ef5-b8a3-34a672a585fb,68902018,rua,Rua Quatro,Beirol,572484b1-1e48-4d7a-8864-2304f1a0f611,AP
01a02d5f-d009-70b5-a5fb-b4b588c3595f,68929556,rua,Rua Quatro,Distrito Industrial,324f5453-20fa-4565-9dd4-6c6514f449bf,AP
01a03136-6c7e-7a96-b3b9-dda3085950c6,68902018,rua,Rua Quatro,Beirol,572484b1-1e48-4d7a-8864-2304f1a0f611,AP
01a03136-7268-7267-97aa-ae5ceccb7b66,68903124,rua,Rua Quatro,Pedrinhas,572484b1-1e48-4d7a-8864-2304f1a0f611,AP
01a03136-b624-77d3-8d01-189f8c5de2bc,68929556,rua,Rua Quatro,Distrito Industrial,324f5453-20fa-4565-9dd4-6c6514f449bf,AP
01a03136-bd7b-7bf3-b822-27913fa58d35,68903211,rua,Rua Quatro,Jardim Marco Zero,572484b1-1e48-4d7a-8864-2304f1a0f611,AP
01a03136-c019-7d28-8903-c4683002f8d9,68906323,rua,Rua Quatro,Marabaixo,572484b1-1e48-4d7a-8864-2304f1a0f611,AP
01a03136-c38a-795e-bf9d-22ddfb4f0099,68909654,rua,Rua Quatro,Lagoa Azul,572484b1-1e48-4d7a-8864-2304f1a0f611,AP
01a02d5f-d821-74b6-9970-9c285abad1df,68909628,rua,Rua Quilombo do Curiaú,Boné Azul,572484b1-1e48-4d7a-8864-2304f1a0f611,AP
01a03136-c377-7a3d-8f98-88e2f5d70c24,68909628,rua,Rua Quilombo do Curiaú,Boné Azul,572484b1-1e48-4d7a-8864-2304f1a0f611,AP
01a02d5f-c1d9-7f6a-b0e5-2e3c8d663e46,68909880,rua,Rua Quinta,Marabaixo,572484b1-1e48-4d7a-8864-2304f1a0f611,AP
01a02d5f-b36f-72ee-a052-f26f33387d3e,68906831,rua,Rua Quinta,Cabralzinho,572484b1-1e48-4d7a-8864-2304f1a0f611,AP
01a03136-8545-7f25-995b-e7d1bac7a7e4,68906831,rua,Rua Quinta,Cabralzinho,572484b1-1e48-4d7a-8864-2304f1a0f611,AP
01a03136-a061-7818-a569-d86312452e83,68909880,rua,Rua Quinta,Marabaixo,572484b1-1e48-4d7a-8864-2304f1a0f611,AP
01a02d5f-b139-7423-af34-fe39b6fbc4d6,68905629,rua,Rua Quintino Justo de Almeida,Perpétuo Socorro,572484b1-1e48-4d7a-8864-2304f1a0f611,AP
01a03136-8179-7462-9a75-c650b34e9821,68905629,rua,Rua Quintino Justo de Almeida,Perpétuo Socorro,572484b1-1e48-4d7a-8864-2304f1a0f611,AP
01a02d5f-b598-7d36-bef2-45fb10b6d6f6,68907190,rua,Rua Racionalismo,Renascer,572484b1-1e48-4d7a-8864-2304f1a0f611,AP
01a03136-8862-748f-8f06-63a5afeecc21,68907190,rua,Rua Racionalismo,Renascer,572484b1-1e48-4d7a-8864-2304f1a0f611,AP
01a02d5f-c5eb-7289-aca3-12d29470bb5a,68911425,rua,Rua Raimunda Apolinária,Muruci (Fazendinha),572484b1-1e48-4d7a-8864-2304f1a0f611,AP
01a03136-a46c-7cff-8f85-c4c571aeb1f1,68911425,rua,Rua Raimunda Apolinária,Muruci (Fazendinha),572484b1-1e48-4d7a-8864-2304f1a0f611,AP
01a02d5f-c1d8-7e38-8b0e-c62f72d96ccd,68909811,rua,Rua Raimunda Rodrigues Capiberibe,Novo Horizonte,572484b1-1e48-4d7a-8864-2304f1a0f611,AP
01a03136-9d70-7701-b817-5d89cffbb86b,68909811,rua,Rua Raimunda Rodrigues Capiberibe,Novo Horizonte,572484b1-1e48-4d7a-8864-2304f1a0f611,AP
01a02d5f-acd6-7ea4-8955-1a73dd2046e4,68904036,rua,Rua Raimundo Antônio Machado,Novo Buritizal,572484b1-1e48-4d7a-8864-2304f1a0f611,AP
01a03136-7a0e-7c88-af79-f83e5d741ddd,68904036,rua,Rua Raimundo Antônio Machado,Novo Buritizal,572484b1-1e48-4d7a-8864-2304f1a0f611,AP
01a02d5f-b36e-7134-a0de-74d329562b22,68906660,rua,Rua Raimundo Banha Corrêa,Alvorada,572484b1-1e48-4d7a-8864-2304f1a0f611,AP
01a03136-84ca-7bb1-a04c-4190be312482,68906660,rua,Rua Raimundo Banha Corrêa,Alvorada,572484b1-1e48-4d7a-8864-2304f1a0f611,AP
01a02d5f-c7eb-7488-aa36-ca22631170aa,68925270,rua,Rua Raimundo Carvalho de Azevedo,Elesbão,324f5453-20fa-4565-9dd4-6c6514f449bf,AP
01a03136-a88b-7cae-bc78-c83545497da6,68925270,rua,Rua Raimundo Carvalho de Azevedo,Elesbão,324f5453-20fa-4565-9dd4-6c6514f449bf,AP
01a02d5f-bdb4-7e21-a2a2-84a30437003e,68909090,rua,Rua Raimundo Castro Pontes,Jardim Felicidade,572484b1-1e48-4d7a-8864-2304f1a0f611,AP
01a03136-9668-7e47-8fe2-4568e9c733ff,68909090,rua,Rua Raimundo Castro Pontes,Jardim Felicidade,572484b1-1e48-4d7a-8864-2304f1a0f611,AP
01a02d5f-d00c-73d6-b847-a6e0ed5fec00,68906456,rua,Rua Raimundo Coutinho,Marabaixo,572484b1-1e48-4d7a-8864-2304f1a0f611,AP
01a03136-b746-7f41-8a72-1655cee84903,68906456,rua,Rua Raimundo Coutinho,Marabaixo,572484b1-1e48-4d7a-8864-2304f1a0f611,AP
01a02d5f-c7eb-7d57-aa4d-9336e337af30,68926008,rua,Rua Raimundo Ferreira Guedes,Novo Horizonte,324f5453-20fa-4565-9dd4-6c6514f449bf,AP
01a03136-a8e2-7946-96a4-651f00eb51a5,68926008,rua,Rua Raimundo Ferreira Guedes,Novo Horizonte,324f5453-20fa-4565-9dd4-6c6514f449bf,AP
01a02d5f-c3e1-7054-8fc0-e8260640c818,68911145,rua,Rua Raimundo Gomes,Fazendinha,572484b1-1e48-4d7a-8864-2304f1a0f611,AP
01a03136-a3fc-7c43-93f4-325239182cfd,68911145,rua,Rua Raimundo Gomes,Fazendinha,572484b1-1e48-4d7a-8864-2304f1a0f611,AP
01a02d5f-c7eb-7d57-aa51-3cc8c9f86150,68926024,rua,Rua Raimundo Nunes da Cruz,Novo Horizonte,324f5453-20fa-4565-9dd4-6c6514f449bf,AP
01a03136-a8f1-7693-b6b3-16cd40358e03,68926024,rua,Rua Raimundo Nunes da Cruz,Novo Horizonte,324f5453-20fa-4565-9dd4-6c6514f449bf,AP
01a02d5f-9fc3-7142-9055-6738a8af8e89,68900065,rua,Rua Raimundo Ozanan,Central,572484b1-1e48-4d7a-8864-2304f1a0f611,AP
01a03136-65ff-72e8-9b37-43c45cff1082,68900065,rua,Rua Raimundo Ozanan,Central,572484b1-1e48-4d7a-8864-2304f1a0f611,AP
01a02d5f-a646-7bae-895f-d73901f05cf6,68903186,rua,Rua Raimundo Pereira Trindade,Jardim Marco Zero,572484b1-1e48-4d7a-8864-2304f1a0f611,AP
01a03136-729c-7a4f-99a3-5dba1126ce12,68903186,rua,Rua Raimundo Pereira Trindade,Jardim Marco Zero,572484b1-1e48-4d7a-8864-2304f1a0f611,AP
01a02d5f-bbb6-78e7-886d-160610b9940a,68908813,rua,Rua Raimundo Ramos da Silva,Infraero,572484b1-1e48-4d7a-8864-2304f1a0f611,AP
01a03136-9273-7948-aab4-b961e6c33219,68908813,rua,Rua Raimundo Ramos da Silva,Infraero,572484b1-1e48-4d7a-8864-2304f1a0f611,AP
01a02d5f-b139-7d0a-af3d-fc0fcbad2574,68905700,rua,Rua Raimundo Ramos dos Passos,Perpétuo Socorro,572484b1-1e48-4d7a-8864-2304f1a0f611,AP
01a03136-8195-7870-8924-a48ef5d0107b,68905700,rua,Rua Raimundo Ramos dos Passos,Perpétuo Socorro,572484b1-1e48-4d7a-8864-2304f1a0f611,AP
01a02d5f-b139-7d0a-af42-b5cc2bfb6b34,68905724,rua,Rua Raimundo Ramos dos Santos,Perpétuo Socorro,572484b1-1e48-4d7a-8864-2304f1a0f611,AP
01a02d5f-af07-7d6a-98f8-3715264a4f0b,68905261,rua,Rua Raimundo Ramos dos Santos,Cidade Nova,572484b1-1e48-4d7a-8864-2304f1a0f611,AP
01a03136-7de0-70c3-9da5-c40854e8d109,68905261,rua,Rua Raimundo Ramos dos Santos,Cidade Nova,572484b1-1e48-4d7a-8864-2304f1a0f611,AP
01a03136-81a5-7a5b-992b-61b41dba15c4,68905724,rua,Rua Raimundo Ramos dos Santos,Perpétuo Socorro,572484b1-1e48-4d7a-8864-2304f1a0f611,AP
01a02d5f-c3dd-7364-bec6-63a8312b2945,68909891,rua,Rua Ranolfo de Souza Gato,Marabaixo,572484b1-1e48-4d7a-8864-2304f1a0f611,AP
01a03136-a082-7a6f-a0f6-a66a65e48524,68909891,rua,Rua Ranolfo de Souza Gato,Marabaixo,572484b1-1e48-4d7a-8864-2304f1a0f611,AP
01a02d5f-b13a-7676-9589-d8bcdaf08327,68905761,rua,Rua Raul Clemente Paulo Calins,Perpétuo Socorro,572484b1-1e48-4d7a-8864-2304f1a0f611,AP
01a02d5f-af07-74ae-98f5-c000e84ddc3c,68905222,rua,Rua Raul Clemente Paulo Calins,Cidade Nova,572484b1-1e48-4d7a-8864-2304f1a0f611,AP
01a03136-7dd6-77ce-8c5a-2aafa33552c7,68905222,rua,Rua Raul Clemente Paulo Calins,Cidade Nova,572484b1-1e48-4d7a-8864-2304f1a0f611,AP
01a03136-81bd-75aa-bb34-1caca41b26a1,68905761,rua,Rua Raul Clemente Paulo Calins,Perpétuo Socorro,572484b1-1e48-4d7a-8864-2304f1a0f611,AP
01a02d5f-b138-7b33-a5cc-677272954cd1,68905626,rua,Rua Raul Clemente Paulo Collins,Perpétuo Socorro,572484b1-1e48-4d7a-8864-2304f1a0f611,AP
01a03136-816f-7e4e-8762-3fa568b6794f,68905626,rua,Rua Raul Clemente Paulo Collins,Perpétuo Socorro,572484b1-1e48-4d7a-8864-2304f1a0f611,AP
01a02d5f-acd6-7612-8949-d430ad482898,68904010,rua,Rua Raul Monteiro Valdez,Novo Buritizal,572484b1-1e48-4d7a-8864-2304f1a0f611,AP
01a03136-79e8-76ff-8aa4-af97340b210a,68904010,rua,Rua Raul Monteiro Valdez,Novo Buritizal,572484b1-1e48-4d7a-8864-2304f1a0f611,AP
01a02d5f-bdb5-7f71-9f2f-f848bff43a22,68909164,rua,Rua Raul Seixas,Boné Azul,572484b1-1e48-4d7a-8864-2304f1a0f611,AP
01a03136-96f6-73ab-bcb2-beaf395f0a4c,68909164,rua,Rua Raul Seixas,Boné Azul,572484b1-1e48-4d7a-8864-2304f1a0f611,AP
01a02d5f-bbb6-78e7-8879-b63ae8e74b96,68908829,rua,Rua Redenção,Infraero,572484b1-1e48-4d7a-8864-2304f1a0f611,AP
01a02d5f-a877-767a-b929-d04ecd44ccaf,68903204,rua,Rua Redenção,Jardim Marco Zero,572484b1-1e48-4d7a-8864-2304f1a0f611,AP
01a03136-72cb-79e0-9146-12c4a7af350b,68903204,rua,Rua Redenção,Jardim Marco Zero,572484b1-1e48-4d7a-8864-2304f1a0f611,AP
01a03136-92a0-7acc-ae18-f81fed2cb155,68908829,rua,Rua Redenção,Infraero,572484b1-1e48-4d7a-8864-2304f1a0f611,AP
01a02d5f-acd8-7013-aa62-5770d04eb4f8,68904278,rua,Rua Reinaldo Damasceno,Novo Buritizal,572484b1-1e48-4d7a-8864-2304f1a0f611,AP
01a03136-7a71-76ad-806c-23fbfde8d124,68904278,rua,Rua Reinaldo Damasceno,Novo Buritizal,572484b1-1e48-4d7a-8864-2304f1a0f611,AP
01a02d5f-a41f-77a2-b95e-ab1705c21bd0,68902317,rua,Rua Remo Amoras de Oliveira,Muca,572484b1-1e48-4d7a-8864-2304f1a0f611,AP
01a03136-6f0a-7e5a-bbbe-6d1944593780,68902317,rua,Rua Remo Amoras de Oliveira,Muca,572484b1-1e48-4d7a-8864-2304f1a0f611,AP
01a02d5f-b7a7-7c48-ae0c-50d3cc34ab39,68907620,rua,Rua Renascimento,Renascer,572484b1-1e48-4d7a-8864-2304f1a0f611,AP
01a03136-8b79-7834-88e3-c1960cb53067,68907620,rua,Rua Renascimento,Renascer,572484b1-1e48-4d7a-8864-2304f1a0f611,AP
01a02d5f-bdb5-76c2-9f22-923f869eb5d2,68909149,rua,Rua Renato Russo,Boné Azul,572484b1-1e48-4d7a-8864-2304f1a0f611,AP
01a03136-96c9-7983-bbf3-d8617844f40a,68909149,rua,Rua Renato Russo,Boné Azul,572484b1-1e48-4d7a-8864-2304f1a0f611,AP
01a02d5f-bfdb-7fb3-9364-b93cb18dc0f4,68909491,rua,Rua Rio Amapari,Boné Azul,572484b1-1e48-4d7a-8864-2304f1a0f611,AP
01a02d5f-c3de-7d97-ab79-aba757b0c3fd,68911044,rua,Rua Rio Amapari,Fazendinha,572484b1-1e48-4d7a-8864-2304f1a0f611,AP
01a02d5f-d822-7f57-bf7e-d8c947ec34a3,68929551,rua,Rua Rio Amapari,Distrito Industrial,324f5453-20fa-4565-9dd4-6c6514f449bf,AP
01a03136-9a02-7681-aee5-fb740401c9b4,68909491,rua,Rua Rio Amapari,Boné Azul,572484b1-1e48-4d7a-8864-2304f1a0f611,AP
01a03136-a103-7959-8616-9b0e4a1c9a85,68911044,rua,Rua Rio Amapari,Fazendinha,572484b1-1e48-4d7a-8864-2304f1a0f611,AP
01a03136-c456-7635-a461-a3172ffaa92d,68929551,rua,Rua Rio Amapari,Distrito Industrial,324f5453-20fa-4565-9dd4-6c6514f449bf,AP
01a02d5f-bbb7-78d6-b36f-c2d45c20aed3,68908851,rua,Rua Rio Amazonas,Infraero,572484b1-1e48-4d7a-8864-2304f1a0f611,AP
01a02d5f-c5eb-7b1e-acac-b61a32ae2db9,68911454,rua,Rua Rio Amazonas,Muruci (Fazendinha),572484b1-1e48-4d7a-8864-2304f1a0f611,AP
01a02d5f-d822-7f57-bf7f-b8e3f2c6030f,68929553,rua,Rua Rio Amazonas,Distrito Industrial,324f5453-20fa-4565-9dd4-6c6514f449bf,AP
01a03136-92e9-7bf8-a886-ec15d6cd5184,68908851,rua,Rua Rio Amazonas,Infraero,572484b1-1e48-4d7a-8864-2304f1a0f611,AP
01a03136-a491-793c-b4eb-b9f7949f1bfc,68911454,rua,Rua Rio Amazonas,Muruci (Fazendinha),572484b1-1e48-4d7a-8864-2304f1a0f611,AP
01a03136-c45b-715f-9e9e-6cc24eac4966,68929553,rua,Rua Rio Amazonas,Distrito Industrial,324f5453-20fa-4565-9dd4-6c6514f449bf,AP
01a02d5f-bfdb-7fb3-935f-6a3e416573c2,68909486,rua,Rua Rio Araguari,Boné Azul,572484b1-1e48-4d7a-8864-2304f1a0f611,AP
01a02d5f-a1f0-7fb1-a334-bf062a563c34,68901390,rua,Rua Rio Araguari,Santa Inês,572484b1-1e48-4d7a-8864-2304f1a0f611,AP
01a02d5f-b36f-72ee-a053-a30ab52e71f9,68906832,rua,Rua Rio Araguari,Cabralzinho,572484b1-1e48-4d7a-8864-2304f1a0f611,AP
01a02d5f-d822-7f57-bf80-657628172354,68929554,rua,Rua Rio Araguari,Distrito Industrial,324f5453-20fa-4565-9dd4-6c6514f449bf,AP
01a03136-6ba7-749a-9871-7d7da851d43b,68901390,rua,Rua Rio Araguari,Santa Inês,572484b1-1e48-4d7a-8864-2304f1a0f611,AP
01a03136-8549-741c-adf2-a52c414d7bbc,68906832,rua,Rua Rio Araguari,Cabralzinho,572484b1-1e48-4d7a-8864-2304f1a0f611,AP
01a03136-99f0-7353-89d5-1f8bee3e300a,68909486,rua,Rua Rio Araguari,Boné Azul,572484b1-1e48-4d7a-8864-2304f1a0f611,AP
01a03136-c45f-70e9-bab4-ff3233a09493,68929554,rua,Rua Rio Araguari,Distrito Industrial,324f5453-20fa-4565-9dd4-6c6514f449bf,AP
01a02d5f-b7a8-7de6-882d-ffdfcfc26df3,68908048,rua,Rua Rio Branco,Infraero,572484b1-1e48-4d7a-8864-2304f1a0f611,AP
01a02d5f-c3e1-7054-8fb8-6cee6da2912d,68911137,rua,Rua Rio Branco,Fazendinha,572484b1-1e48-4d7a-8864-2304f1a0f611,AP
01a03136-8bcd-7b3e-abb3-be3c99bcecc6,68908048,rua,Rua Rio Branco,Infraero,572484b1-1e48-4d7a-8864-2304f1a0f611,AP
01a03136-a3db-7ee7-ad23-04aa5ccfeb01,68911137,rua,Rua Rio Branco,Fazendinha,572484b1-1e48-4d7a-8864-2304f1a0f611,AP
01a02d5f-bfdb-7fb3-9360-b0683b348f19,68909487,rua,Rua Rio Calçoene,Boné Azul,572484b1-1e48-4d7a-8864-2304f1a0f611,AP
01a03136-99f3-7717-9b18-d1f600b31b69,68909487,rua,Rua Rio Calçoene,Boné Azul,572484b1-1e48-4d7a-8864-2304f1a0f611,AP
01a02d5f-c3de-74da-ab6b-958cc6cb7d0f,68911029,rua,Rua Rio Canoas,Fazendinha,572484b1-1e48-4d7a-8864-2304f1a0f611,AP
01a03136-a0d3-7ab6-af94-66899ff71ec5,68911029,rua,Rua Rio Canoas,Fazendinha,572484b1-1e48-4d7a-8864-2304f1a0f611,AP
01a02d5f-c3e1-7054-8fbd-f9639b29ec82,68911142,rua,Rua Rio Coari,Fazendinha,572484b1-1e48-4d7a-8864-2304f1a0f611,AP
01a03136-a3f0-7d05-a8b7-f5d2bf6511d0,68911142,rua,Rua Rio Coari,Fazendinha,572484b1-1e48-4d7a-8864-2304f1a0f611,AP
01a02d5f-bfdb-7fb3-9361-abe0e8660316,68909488,rua,Rua Rio Curiaú,Boné Azul,572484b1-1e48-4d7a-8864-2304f1a0f611,AP
01a03136-99f6-7bb2-8d65-9763f95d860d,68909488,rua,Rua Rio Curiaú,Boné Azul,572484b1-1e48-4d7a-8864-2304f1a0f611,AP
01a02d5f-d414-794d-9a4c-b3a4da4238e1,68909372,rua,Rua Rio Dourados,Brasil Novo,572484b1-1e48-4d7a-8864-2304f1a0f611,AP
01a03136-bd01-76a5-baee-a2a4b9932d15,68909372,rua,Rua Rio Dourados,Brasil Novo,572484b1-1e48-4d7a-8864-2304f1a0f611,AP
01a02d5f-a1f0-7fb1-a332-687eb43f1262,68901370,rua,Rua Rio Gorijuba,Santa Inês,572484b1-1e48-4d7a-8864-2304f1a0f611,AP
01a03136-6ba0-729d-8e55-f74f639553ac,68901370,rua,Rua Rio Gorijuba,Santa Inês,572484b1-1e48-4d7a-8864-2304f1a0f611,AP
01a02d5f-c3de-74da-ab69-4da57eeb83ea,68911027,rua,Rua Rio Grande,Fazendinha,572484b1-1e48-4d7a-8864-2304f1a0f611,AP
01a03136-a0cd-7185-920d-925b545091a2,68911027,rua,Rua Rio Grande,Fazendinha,572484b1-1e48-4d7a-8864-2304f1a0f611,AP
01a02d5f-a1ef-7d2d-831d-6e57bc814017,68901263,rua,Rua Rio Grande do Sul,Santa Rita,572484b1-1e48-4d7a-8864-2304f1a0f611,AP
01a03136-6920-72b6-910b-c59bc10c701b,68901263,rua,Rua Rio Grande do Sul,Santa Rita,572484b1-1e48-4d7a-8864-2304f1a0f611,AP
01a02d5f-c3e1-7054-8fbb-fb86345e5287,68911140,rua,Rua Rio Guama,Fazendinha,572484b1-1e48-4d7a-8864-2304f1a0f611,AP
01a03136-a3e8-78ce-8406-bed4eeadf10c,68911140,rua,Rua Rio Guama,Fazendinha,572484b1-1e48-4d7a-8864-2304f1a0f611,AP
01a02d5f-c3de-74da-ab6d-0f1feb112a24,68911031,rua,Rua Rio Gurijuba,Fazendinha,572484b1-1e48-4d7a-8864-2304f1a0f611,AP
01a03136-a0db-703d-bdcf-7a79036209c5,68911031,rua,Rua Rio Gurijuba,Fazendinha,572484b1-1e48-4d7a-8864-2304f1a0f611,AP
01a02d5f-c3e0-77a9-86ce-bad4e7efb290,68911134,rua,Rua Rio Iguaçú,Fazendinha,572484b1-1e48-4d7a-8864-2304f1a0f611,AP
01a03136-a178-7e90-a454-532138f1193c,68911134,rua,Rua Rio Iguaçú,Fazendinha,572484b1-1e48-4d7a-8864-2304f1a0f611,AP
01a02d5f-c3de-74da-ab70-919f160786d1,68911034,rua,Rua Rio Içá,Fazendinha,572484b1-1e48-4d7a-8864-2304f1a0f611,AP
01a03136-a0e5-711d-86ba-a7b9735789a2,68911034,rua,Rua Rio Içá,Fazendinha,572484b1-1e48-4d7a-8864-2304f1a0f611,AP
01a02d5f-c3de-74da-ab6f-fb24d4b27e65,68911033,rua,Rua Rio Japurà,Fazendinha,572484b1-1e48-4d7a-8864-2304f1a0f611,AP
01a03136-a0e1-7b76-b031-d38c497b6f79,68911033,rua,Rua Rio Japurà,Fazendinha,572484b1-1e48-4d7a-8864-2304f1a0f611,AP
01a02d5f-af08-7f4d-bc33-fe3d9a6836f1,68905540,rua,Rua Rio Japurá,Perpétuo Socorro,572484b1-1e48-4d7a-8864-2304f1a0f611,AP
01a03136-812b-793e-9eed-bb80c3881377,68905540,rua,Rua Rio Japurá,Perpétuo Socorro,572484b1-1e48-4d7a-8864-2304f1a0f611,AP
01a02d5f-bfdb-7fb3-9367-cf7e879cc840,68909494,rua,Rua Rio Jari,Boné Azul,572484b1-1e48-4d7a-8864-2304f1a0f611,AP
01a02d5f-b139-7423-af36-65a009908908,68905631,rua,Rua Rio Jari,Perpétuo Socorro,572484b1-1e48-4d7a-8864-2304f1a0f611,AP
01a02d5f-c5ec-7c2f-868e-6fea5ae73b43,68925058,rua,Rua Rio Jari,Comercial,324f5453-20fa-4565-9dd4-6c6514f449bf,AP
01a02f29-b91c-7f1a-8a68-03254f8573c2,68909494,rua,Rua Rio Jari,Boné Azul,572484b1-1e48-4d7a-8864-2304f1a0f611,AP
01a03136-8180-708e-98d2-414febc87ae8,68905631,rua,Rua Rio Jari,Perpétuo Socorro,572484b1-1e48-4d7a-8864-2304f1a0f611,AP
01a03136-a546-7bcc-bdca-d78afd161636,68925058,rua,Rua Rio Jari,Comercial,324f5453-20fa-4565-9dd4-6c6514f449bf,AP
01a02d5f-af09-7828-91d9-63aac33bbce7,68905550,rua,Rua Rio Javari,Perpétuo Socorro,572484b1-1e48-4d7a-8864-2304f1a0f611,AP
01a02d5f-bfdb-7fb3-936d-4725b7bcf792,68909500,rua,Rua Rio Javari,Boné Azul,572484b1-1e48-4d7a-8864-2304f1a0f611,AP
01a02d5f-c3e1-7054-8fb9-c78ed4e97ff8,68911138,rua,Rua Rio Javari,Fazendinha,572484b1-1e48-4d7a-8864-2304f1a0f611,AP
01a03136-8131-794f-8202-eaa85e39f07a,68905550,rua,Rua Rio Javari,Perpétuo Socorro,572484b1-1e48-4d7a-8864-2304f1a0f611,AP
01a03136-9a1c-709d-b85f-605320a8afdd,68909500,rua,Rua Rio Javari,Boné Azul,572484b1-1e48-4d7a-8864-2304f1a0f611,AP
01a03136-a3e0-7718-9516-6def1e356257,68911138,rua,Rua Rio Javari,Fazendinha,572484b1-1e48-4d7a-8864-2304f1a0f611,AP
01a02d5f-a1ef-74c4-8310-af2ba9dfdd5c,68901121,rua,Rua Rio Jupati,Trem,572484b1-1e48-4d7a-8864-2304f1a0f611,AP
01a03136-68f4-7a98-b7a8-fe3dde4d2a72,68901121,rua,Rua Rio Jupati,Trem,572484b1-1e48-4d7a-8864-2304f1a0f611,AP
01a02d5f-bfdb-7fb3-936b-2f71988a0233,68909498,rua,Rua Rio Juruá,Boné Azul,572484b1-1e48-4d7a-8864-2304f1a0f611,AP
01a02d5f-c3de-7d97-ab74-2fa41bb5e176,68911038,rua,Rua Rio Juruá,Fazendinha,572484b1-1e48-4d7a-8864-2304f1a0f611,AP
01a02d5f-9fc2-7022-aa77-c950579f4a8a,68900012,rua,Rua Rio Juruá,Central,572484b1-1e48-4d7a-8864-2304f1a0f611,AP
01a03136-65c4-70b2-a444-44b70b8823d9,68900012,rua,Rua Rio Juruá,Central,572484b1-1e48-4d7a-8864-2304f1a0f611,AP
01a03136-9a13-7ef2-b895-6483c7208ab7,68909498,rua,Rua Rio Juruá,Boné Azul,572484b1-1e48-4d7a-8864-2304f1a0f611,AP
01a03136-a0f2-7729-b2b4-9dfa0982e6e7,68911038,rua,Rua Rio Juruá,Fazendinha,572484b1-1e48-4d7a-8864-2304f1a0f611,AP
01a02d5f-a1ee-7c0f-9f79-35808072ff28,68901020,rua,Rua Rio Macacoari,Trem,572484b1-1e48-4d7a-8864-2304f1a0f611,AP
01a03136-68be-77f2-ab90-849af3a96765,68901020,rua,Rua Rio Macacoari,Trem,572484b1-1e48-4d7a-8864-2304f1a0f611,AP
01a02d5f-bfdb-7fb3-936a-ad5dbe65bf17,68909497,rua,Rua Rio Madeira,Boné Azul,572484b1-1e48-4d7a-8864-2304f1a0f611,AP
01a02d5f-c3de-7d97-ab75-2c994959534b,68911039,rua,Rua Rio Madeira,Fazendinha,572484b1-1e48-4d7a-8864-2304f1a0f611,AP
01a02d5f-b139-7423-af38-287ae6c7fe80,68905640,rua,Rua Rio Madeira,Perpétuo Socorro,572484b1-1e48-4d7a-8864-2304f1a0f611,AP
01a03136-8186-71f1-85eb-c597606dd2b4,68905640,rua,Rua Rio Madeira,Perpétuo Socorro,572484b1-1e48-4d7a-8864-2304f1a0f611,AP
01a03136-9a10-7b53-a9f7-26eef4a7efad,68909497,rua,Rua Rio Madeira,Boné Azul,572484b1-1e48-4d7a-8864-2304f1a0f611,AP
01a03136-a0f5-7db3-a0a8-fbacfc9fa4d5,68911039,rua,Rua Rio Madeira,Fazendinha,572484b1-1e48-4d7a-8864-2304f1a0f611,AP
01a02d5f-bfdb-7fb3-9362-c974f4491652,68909489,rua,Rua Rio Matapi,Boné Azul,572484b1-1e48-4d7a-8864-2304f1a0f611,AP
01a03136-99fa-7b26-a1e2-21fb193d1fac,68909489,rua,Rua Rio Matapi,Boné Azul,572484b1-1e48-4d7a-8864-2304f1a0f611,AP
01a02d5f-af08-7f4d-bc31-1d31f15e7bb3,68905530,rua,Rua Rio Negro,Perpétuo Socorro,572484b1-1e48-4d7a-8864-2304f1a0f611,AP
01a02d5f-bfdb-7fb3-9369-1d92e5ff754f,68909496,rua,Rua Rio Negro,Boné Azul,572484b1-1e48-4d7a-8864-2304f1a0f611,AP
01a03136-8125-79a1-b199-1f99d9653516,68905530,rua,Rua Rio Negro,Perpétuo Socorro,572484b1-1e48-4d7a-8864-2304f1a0f611,AP
01a03136-9a0c-7e46-8a78-3ff72097b10d,68909496,rua,Rua Rio Negro,Boné Azul,572484b1-1e48-4d7a-8864-2304f1a0f611,AP
01a02d5f-c3e1-7054-8fbe-a48a05a313f3,68911143,rua,Rua Rio Parnaiba,Fazendinha,572484b1-1e48-4d7a-8864-2304f1a0f611,AP
01a03136-a3f4-7b5d-a41d-b1935a65fd64,68911143,rua,Rua Rio Parnaiba,Fazendinha,572484b1-1e48-4d7a-8864-2304f1a0f611,AP
01a02d5f-a1ee-7c0f-9f7a-085cf745341f,68901021,rua,Rua Rio Pedreira,Trem,572484b1-1e48-4d7a-8864-2304f1a0f611,AP
01a02d5f-d823-77f0-b4d6-ae02df00552a,68929555,rua,Rua Rio Pedreira,Distrito Industrial,324f5453-20fa-4565-9dd4-6c6514f449bf,AP
01a03136-68c2-7810-9f85-306fd9c9e0cc,68901021,rua,Rua Rio Pedreira,Trem,572484b1-1e48-4d7a-8864-2304f1a0f611,AP
01a03136-c462-7e74-b029-edbe733dcffd,68929555,rua,Rua Rio Pedreira,Distrito Industrial,324f5453-20fa-4565-9dd4-6c6514f449bf,AP
01a02d5f-af08-7f4d-bc2f-4c0cddf93482,68905520,rua,Rua Rio Purus,Perpétuo Socorro,572484b1-1e48-4d7a-8864-2304f1a0f611,AP
01a02d5f-bfdb-7fb3-936c-b50f2cf8a5ff,68909499,rua,Rua Rio Purus,Boné Azul,572484b1-1e48-4d7a-8864-2304f1a0f611,AP
01a02d5f-c3de-7d97-ab73-9e17dda57ce3,68911037,rua,Rua Rio Purus,Fazendinha,572484b1-1e48-4d7a-8864-2304f1a0f611,AP
01a03136-811f-7b73-a073-1715814471c1,68905520,rua,Rua Rio Purus,Perpétuo Socorro,572484b1-1e48-4d7a-8864-2304f1a0f611,AP
01a03136-9a18-70a3-a1aa-275a4840f81d,68909499,rua,Rua Rio Purus,Boné Azul,572484b1-1e48-4d7a-8864-2304f1a0f611,AP
01a03136-a0ee-7f94-95c9-c98679be3a7a,68911037,rua,Rua Rio Purus,Fazendinha,572484b1-1e48-4d7a-8864-2304f1a0f611,AP
01a02d5f-c3de-7d97-ab77-4296af3f9a59,68911042,rua,Rua Rio Solimões,Fazendinha,572484b1-1e48-4d7a-8864-2304f1a0f611,AP
01a03136-a0fc-76f1-9431-b57d53ababa1,68911042,rua,Rua Rio Solimões,Fazendinha,572484b1-1e48-4d7a-8864-2304f1a0f611,AP
01a02d5f-bfdb-7fb3-9368-ac8bbc02443c,68909495,rua,Rua Rio Tapajós,Boné Azul,572484b1-1e48-4d7a-8864-2304f1a0f611,AP
01a02d5f-d208-7ee0-9f22-729601bc6d18,68911041,rua,Rua Rio Tapajós,Fazendinha,572484b1-1e48-4d7a-8864-2304f1a0f611,AP
01a03136-9a09-7a00-94dc-be0c94c77ebc,68909495,rua,Rua Rio Tapajós,Boné Azul,572484b1-1e48-4d7a-8864-2304f1a0f611,AP
01a03136-ba57-7f05-a5e2-478cf33c7473,68911041,rua,Rua Rio Tapajós,Fazendinha,572484b1-1e48-4d7a-8864-2304f1a0f611,AP
01a02d5f-c3e1-7054-8fba-a87a73b4885e,68911139,rua,Rua Rio Tefé,Fazendinha,572484b1-1e48-4d7a-8864-2304f1a0f611,AP
01a02d5f-af08-7671-bc27-a0e38b1a2242,68905510,rua,Rua Rio Tefé,Perpétuo Socorro,572484b1-1e48-4d7a-8864-2304f1a0f611,AP
01a03136-8106-7e4f-8eaa-04c669287a10,68905510,rua,Rua Rio Tefé,Perpétuo Socorro,572484b1-1e48-4d7a-8864-2304f1a0f611,AP
01a03136-a3e4-7494-9641-260affd12a7e,68911139,rua,Rua Rio Tefé,Fazendinha,572484b1-1e48-4d7a-8864-2304f1a0f611,AP
01a02d5f-bfdb-7fb3-9365-32e47d332e53,68909492,rua,Rua Rio Tocantins,Boné Azul,572484b1-1e48-4d7a-8864-2304f1a0f611,AP
01a02d5f-c3de-7d97-ab7b-7147de0394de,68911046,rua,Rua Rio Tocantins,Fazendinha,572484b1-1e48-4d7a-8864-2304f1a0f611,AP
01a02d5f-9fc4-72a2-bc86-2081aa4f9844,68900094,rua,Rua Rio Tocantins,Central,572484b1-1e48-4d7a-8864-2304f1a0f611,AP
01a03136-6838-7309-9490-9be25dc012c0,68900094,rua,Rua Rio Tocantins,Central,572484b1-1e48-4d7a-8864-2304f1a0f611,AP
01a03136-9a05-7b91-9958-7bbee5f7fac4,68909492,rua,Rua Rio Tocantins,Boné Azul,572484b1-1e48-4d7a-8864-2304f1a0f611,AP
01a03136-a10a-7120-9875-ae37c25507b2,68911046,rua,Rua Rio Tocantins,Fazendinha,572484b1-1e48-4d7a-8864-2304f1a0f611,AP
01a02d5f-c3de-7d97-ab7c-6e0a1e243e14,68911047,rua,Rua Rio Trombetas,Fazendinha,572484b1-1e48-4d7a-8864-2304f1a0f611,AP
01a02d5f-d823-77f0-b4d7-e2dc70445001,68929557,rua,Rua Rio Trombetas,Distrito Industrial,324f5453-20fa-4565-9dd4-6c6514f449bf,AP
01a03136-a10c-7cae-8891-d43b101a3053,68911047,rua,Rua Rio Trombetas,Fazendinha,572484b1-1e48-4d7a-8864-2304f1a0f611,AP
01a03136-c466-7378-8ecb-16a118436e19,68929557,rua,Rua Rio Trombetas,Distrito Industrial,324f5453-20fa-4565-9dd4-6c6514f449bf,AP
01a02d5f-c3de-7d97-ab72-bcb5c90544e8,68911036,rua,Rua Rio Turvo,Fazendinha,572484b1-1e48-4d7a-8864-2304f1a0f611,AP
01a03136-a0eb-7b18-8b32-0afe51a976af,68911036,rua,Rua Rio Turvo,Fazendinha,572484b1-1e48-4d7a-8864-2304f1a0f611,AP
01a02d5f-bfdb-7fb3-9363-ed15a7222164,68909490,rua,Rua Rio Vila Nova,Boné Azul,572484b1-1e48-4d7a-8864-2304f1a0f611,AP
01a03136-99fe-7895-92b9-d4575af906a2,68909490,rua,Rua Rio Vila Nova,Boné Azul,572484b1-1e48-4d7a-8864-2304f1a0f611,AP
01a02d5f-c3e1-7054-8fbf-251ce6e7da44,68911144,rua,Rua Rio Xapuri,Fazendinha,572484b1-1e48-4d7a-8864-2304f1a0f611,AP
01a03136-a3f8-7af2-b8fd-a88a698ea865,68911144,rua,Rua Rio Xapuri,Fazendinha,572484b1-1e48-4d7a-8864-2304f1a0f611,AP
01a02d5f-c3de-7d97-ab78-755c86d16407,68911043,rua,Rua Rio Xingu,Fazendinha,572484b1-1e48-4d7a-8864-2304f1a0f611,AP
01a02d5f-d00a-7a39-bea3-dbf006a57036,68905560,rua,Rua Rio Xingu,Perpétuo Socorro,572484b1-1e48-4d7a-8864-2304f1a0f611,AP
01a03136-a100-7513-8870-e857a05144e6,68911043,rua,Rua Rio Xingu,Fazendinha,572484b1-1e48-4d7a-8864-2304f1a0f611,AP
01a03136-b6de-7146-96d7-970e9a2ae2fe,68905560,rua,Rua Rio Xingu,Perpétuo Socorro,572484b1-1e48-4d7a-8864-2304f1a0f611,AP
01a02d5f-bfdb-7fb3-9366-6fce8d3d998c,68909493,rua,Rua Rio Xingú,Boné Azul,572484b1-1e48-4d7a-8864-2304f1a0f611,AP
01a02f29-b8c6-7c8e-83f3-e3a8982b72dd,68909493,rua,Rua Rio Xingú,Boné Azul,572484b1-1e48-4d7a-8864-2304f1a0f611,AP
01a02d5f-c3de-74da-ab6a-a6384f73e09b,68911028,rua,Rua Rio da Prata,Fazendinha,572484b1-1e48-4d7a-8864-2304f1a0f611,AP
01a03136-a0d0-75df-9e1b-4685d2c4e4e6,68911028,rua,Rua Rio da Prata,Fazendinha,572484b1-1e48-4d7a-8864-2304f1a0f611,AP
01a02d5f-c3e1-7054-8fb7-905eab6d2f3a,68911136,rua,Rua Rio das Velhas,Fazendinha,572484b1-1e48-4d7a-8864-2304f1a0f611,AP
01a03136-a3d2-760a-afe5-760dc35906a7,68911136,rua,Rua Rio das Velhas,Fazendinha,572484b1-1e48-4d7a-8864-2304f1a0f611,AP
01a02d5f-d00a-71c5-be8f-bf6286a516fe,68901340,rua,Rua Roberto Ferreira da Silva,Santa Rita,572484b1-1e48-4d7a-8864-2304f1a0f611,AP
01a03136-b696-7dd2-b937-dc6630a761ad,68901340,rua,Rua Roberto Ferreira da Silva,Santa Rita,572484b1-1e48-4d7a-8864-2304f1a0f611,AP
01a02d5f-c1d7-7d07-915f-bd3fa057a490,68909703,rua,Rua Rodrigues de Souza,Lagoa Azul,572484b1-1e48-4d7a-8864-2304f1a0f611,AP
01a03136-9d10-7296-a577-76d815f1b77c,68909703,rua,Rua Rodrigues de Souza,Lagoa Azul,572484b1-1e48-4d7a-8864-2304f1a0f611,AP
01a02d5f-b7a8-7de6-8839-12e0260b9c54,68908077,rua,Rua Roldão dos Santos Brito,Infraero,572484b1-1e48-4d7a-8864-2304f1a0f611,AP
01a03136-8bf9-765e-a85d-52132aa981d4,68908077,rua,Rua Roldão dos Santos Brito,Infraero,572484b1-1e48-4d7a-8864-2304f1a0f611,AP
01a02d5f-b599-7ea1-a3f5-56086a286076,68907390,rua,Rua Roma,Renascer,572484b1-1e48-4d7a-8864-2304f1a0f611,AP
01a03136-8b1a-7f13-a50e-81449bb2bc2d,68907390,rua,Rua Roma,Renascer,572484b1-1e48-4d7a-8864-2304f1a0f611,AP
01a02d5f-b7a8-7527-8827-f3bdd1964ea0,68908039,rua,Rua Rondônia,Infraero,572484b1-1e48-4d7a-8864-2304f1a0f611,AP
01a02f29-b8bb-7fe6-bbb8-6d78931fcfea,68908039,rua,Rua Rondônia,Infraero,572484b1-1e48-4d7a-8864-2304f1a0f611,AP
01a02d5f-b7a8-7de6-882f-cee2b5245ba8,68908051,rua,Rua Roraima,Infraero,572484b1-1e48-4d7a-8864-2304f1a0f611,AP
01a03136-8bd4-7dea-8c08-96cfd90c361c,68908051,rua,Rua Roraima,Infraero,572484b1-1e48-4d7a-8864-2304f1a0f611,AP
01a02d5f-bdb5-7f71-9f30-2043324cbe7e,68909165,rua,Rua Rui Barbosa,Boné Azul,572484b1-1e48-4d7a-8864-2304f1a0f611,AP
01a03136-96fa-70ed-8d6d-677b090a647d,68909165,rua,Rua Rui Barbosa,Boné Azul,572484b1-1e48-4d7a-8864-2304f1a0f611,AP
01a02d5f-b36d-783b-91a4-ea69a5939f53,68906534,rua,Rua Ruthenete Pereira Marques,Alvorada,572484b1-1e48-4d7a-8864-2304f1a0f611,AP
01a03136-848c-7236-9828-76532f1b87bc,68906534,rua,Rua Ruthenete Pereira Marques,Alvorada,572484b1-1e48-4d7a-8864-2304f1a0f611,AP
01a02d5f-d822-76b7-bf66-faa9762caf62,68928393,rua,Rua Salmo 21,Fé em Deus,324f5453-20fa-4565-9dd4-6c6514f449bf,AP
01a03136-c3fe-7863-8c2f-3949c1b09632,68928393,rua,Rua Salmo 21,Fé em Deus,324f5453-20fa-4565-9dd4-6c6514f449bf,AP
01a02d5f-d822-76b7-bf6c-8ba80de343ad,68928408,rua,Rua Salmo 23,Fé em Deus,324f5453-20fa-4565-9dd4-6c6514f449bf,AP
01a03136-c414-7f43-bc75-62d6bccf829a,68928408,rua,Rua Salmo 23,Fé em Deus,324f5453-20fa-4565-9dd4-6c6514f449bf,AP
01a02d5f-b7a9-7692-a14a-8932c6959591,68908092,rua,Rua Salmo Cem,Infraero,572484b1-1e48-4d7a-8864-2304f1a0f611,AP
01a03136-8c28-7349-8413-56226f12b4b9,68908092,rua,Rua Salmo Cem,Infraero,572484b1-1e48-4d7a-8864-2304f1a0f611,AP
01a02d5f-d62b-7078-b464-25b7d5d886f8,68908094,rua,Rua Salmo Cento e Dezenove,Infraero,572484b1-1e48-4d7a-8864-2304f1a0f611,AP
01a03136-c09f-73fd-bc83-7ee410ddc110,68908094,rua,Rua Salmo Cento e Dezenove,Infraero,572484b1-1e48-4d7a-8864-2304f1a0f611,AP
01a02d5f-b7a9-7692-a149-3de10dc6ca72,68908091,rua,Rua Salmo Cinquenta e Um,Infraero,572484b1-1e48-4d7a-8864-2304f1a0f611,AP
01a03136-8c24-752f-9f5e-2a25966a05ba,68908091,rua,Rua Salmo Cinquenta e Um,Infraero,572484b1-1e48-4d7a-8864-2304f1a0f611,AP
01a02d5f-b7a9-7692-a147-929c6f0b6115,68908088,rua,Rua Salmo Noventa e Um,Infraero,572484b1-1e48-4d7a-8864-2304f1a0f611,AP
01a03136-8c1d-72fe-ac1b-dd19b57a47f7,68908088,rua,Rua Salmo Noventa e Um,Infraero,572484b1-1e48-4d7a-8864-2304f1a0f611,AP
01a02d5f-b7a9-7692-a148-9efa14dc6677,68908089,rua,Rua Salmo Vinte e Três,Infraero,572484b1-1e48-4d7a-8864-2304f1a0f611,AP
01a03136-8c21-7040-a574-55e4b915c2c4,68908089,rua,Rua Salmo Vinte e Três,Infraero,572484b1-1e48-4d7a-8864-2304f1a0f611,AP
01a02d5f-c1d7-7d07-915e-3bcc15761781,68909702,rua,Rua Salustiano Alves,Lagoa Azul,572484b1-1e48-4d7a-8864-2304f1a0f611,AP
01a03136-9d0c-7528-a8e3-b876e8f01778,68909702,rua,Rua Salustiano Alves,Lagoa Azul,572484b1-1e48-4d7a-8864-2304f1a0f611,AP
01a02d5f-b7a7-7c48-ae0b-47f06e7acee0,68907614,rua,Rua Samaria,Renascer,572484b1-1e48-4d7a-8864-2304f1a0f611,AP
01a03136-8b75-7846-a20c-69aaa79e3bb5,68907614,rua,Rua Samaria,Renascer,572484b1-1e48-4d7a-8864-2304f1a0f611,AP
01a02d5f-a647-74b0-839a-516e9ec6d37b,68903190,rua,Rua Samuel Trajano de Souza,Jardim Marco Zero,572484b1-1e48-4d7a-8864-2304f1a0f611,AP
01a03136-72a9-7dc5-9074-3a5b2d2cac38,68903190,rua,Rua Samuel Trajano de Souza,Jardim Marco Zero,572484b1-1e48-4d7a-8864-2304f1a0f611,AP
01a02d5f-acd6-7612-8945-7d52dbda6b9e,68903901,rua,Rua Samuel Trajano de Souza 429,Jardim Marco Zero,572484b1-1e48-4d7a-8864-2304f1a0f611,AP
01a03136-79da-77f3-a991-c0a39e433f64,68903901,rua,Rua Samuel Trajano de Souza 429,Jardim Marco Zero,572484b1-1e48-4d7a-8864-2304f1a0f611,AP
01a02d5f-a1ef-74c4-831b-81951669e5fd,68901261,rua,Rua Santa Catarina,Santa Rita,572484b1-1e48-4d7a-8864-2304f1a0f611,AP
01a03136-6919-7ed2-8c58-91c37b6d6e84,68901261,rua,Rua Santa Catarina,Santa Rita,572484b1-1e48-4d7a-8864-2304f1a0f611,AP
01a02d5f-af08-7671-bc26-40ce03d0521b,68905470,rua,Rua Santa Clara,Cidade Nova,572484b1-1e48-4d7a-8864-2304f1a0f611,AP
01a03136-8102-7d14-8c88-7bf3a4ba6907,68905470,rua,Rua Santa Clara,Cidade Nova,572484b1-1e48-4d7a-8864-2304f1a0f611,AP
01a02d5f-af07-74ae-98f3-9c8489e73856,68905200,rua,Rua Santa Cruz,Cidade Nova,572484b1-1e48-4d7a-8864-2304f1a0f611,AP
01a03136-7dcf-73f5-acf8-3297219744a5,68905200,rua,Rua Santa Cruz,Cidade Nova,572484b1-1e48-4d7a-8864-2304f1a0f611,AP
01a02d5f-a1f0-7fb1-a340-81c61f99ee08,68901485,rua,Rua Santa Inês,Santa Inês,572484b1-1e48-4d7a-8864-2304f1a0f611,AP
01a03136-6bd1-7ee0-a299-140ecb3c32ba,68901485,rua,Rua Santa Inês,Santa Inês,572484b1-1e48-4d7a-8864-2304f1a0f611,AP
01a02d5f-b13b-7848-915e-c0dc32d52829,68906045,rua,Rua Santa Maria,Goiabal,572484b1-1e48-4d7a-8864-2304f1a0f611,AP
01a02d5f-bdb4-7e21-a293-17cf0c78c68c,68909048,rua,Rua Santa Maria,Jardim Felicidade,572484b1-1e48-4d7a-8864-2304f1a0f611,AP
01a02d5f-af07-74ae-98f0-e806ae65d814,68905170,rua,Rua Santa Maria,Cidade Nova,572484b1-1e48-4d7a-8864-2304f1a0f611,AP
01a03136-7dc5-79bc-8223-298529063a68,68905170,rua,Rua Santa Maria,Cidade Nova,572484b1-1e48-4d7a-8864-2304f1a0f611,AP
01a03136-8214-7517-8c36-4dff70a9abdc,68906045,rua,Rua Santa Maria,Goiabal,572484b1-1e48-4d7a-8864-2304f1a0f611,AP
01a03136-9634-767e-bf62-80b328188bcc,68909048,rua,Rua Santa Maria,Jardim Felicidade,572484b1-1e48-4d7a-8864-2304f1a0f611,AP
01a02d5f-b13c-79f2-b1c8-321d0a9c4f86,68906091,rua,Rua Santa Tereza,Goiabal,572484b1-1e48-4d7a-8864-2304f1a0f611,AP
01a03136-843a-7ebb-a89d-e06a77c4619a,68906091,rua,Rua Santa Tereza,Goiabal,572484b1-1e48-4d7a-8864-2304f1a0f611,AP
01a02d5f-bbb6-78e7-8869-f654199853c0,68908809,rua,Rua Santarém,Infraero,572484b1-1e48-4d7a-8864-2304f1a0f611,AP
01a03136-9265-7d7e-a58e-43bbb2c538ee,68908809,rua,Rua Santarém,Infraero,572484b1-1e48-4d7a-8864-2304f1a0f611,AP
01a02d5f-bfdb-7fb3-9371-35ac97137ebf,68909512,rua,Rua Santo Antonio,Boné Azul,572484b1-1e48-4d7a-8864-2304f1a0f611,AP
01a03136-9a2b-70bb-9899-8b50de432a63,68909512,rua,Rua Santo Antonio,Boné Azul,572484b1-1e48-4d7a-8864-2304f1a0f611,AP
01a02d5f-bdb4-7e21-a28e-5dbc55903c8f,68909039,rua,Rua Santo Antônio,Jardim Felicidade,572484b1-1e48-4d7a-8864-2304f1a0f611,AP
01a03136-9623-7371-9067-3900a5c41211,68909039,rua,Rua Santo Antônio,Jardim Felicidade,572484b1-1e48-4d7a-8864-2304f1a0f611,AP
01a02d5f-b7a8-7de6-883b-f48ec1243a03,68908079,rua,Rua Santo Cristo,Infraero,572484b1-1e48-4d7a-8864-2304f1a0f611,AP
01a03136-8c00-7a00-ab5a-694de7029dd8,68908079,rua,Rua Santo Cristo,Infraero,572484b1-1e48-4d7a-8864-2304f1a0f611,AP
01a02d5f-c1d7-7d07-915d-5c587bb6cf21,68909701,rua,Rua Santo Espedito,Lagoa Azul,572484b1-1e48-4d7a-8864-2304f1a0f611,AP
01a03136-9d08-76e8-98d6-1d091c5d53fd,68909701,rua,Rua Santo Espedito,Lagoa Azul,572484b1-1e48-4d7a-8864-2304f1a0f611,AP
01a02d5f-b13b-7848-915f-849dc4a212ba,68906048,rua,Rua Santo Expedito,Goiabal,572484b1-1e48-4d7a-8864-2304f1a0f611,AP
01a02d5f-bfdc-7fcc-b95e-10b02c75bfe4,68909539,rua,Rua Santo Expedito,Boné Azul,572484b1-1e48-4d7a-8864-2304f1a0f611,AP
01a03136-8217-708e-b2f0-67ec666bec91,68906048,rua,Rua Santo Expedito,Goiabal,572484b1-1e48-4d7a-8864-2304f1a0f611,AP
01a03136-9cbd-71e3-aa8d-b971f7abe3d0,68909539,rua,Rua Santo Expedito,Boné Azul,572484b1-1e48-4d7a-8864-2304f1a0f611,AP
01a02d5f-a645-7a87-9cd7-40beddd781b9,68902880,rua,Rua Santos Dumont,Buritizal,572484b1-1e48-4d7a-8864-2304f1a0f611,AP
01a02d5f-a41f-77a2-b954-ab32fe21fe73,68902230,rua,Rua Santos Dumont,Muca,572484b1-1e48-4d7a-8864-2304f1a0f611,AP
01a02d5f-a1ef-7d2d-8321-623cf3ad47ec,68901270,rua,Rua Santos Dumont,Santa Rita,572484b1-1e48-4d7a-8864-2304f1a0f611,AP
01a03136-692d-7ab7-ae53-3d9532e25871,68901270,rua,Rua Santos Dumont,Santa Rita,572484b1-1e48-4d7a-8864-2304f1a0f611,AP
01a03136-6ccb-715b-a672-4bfa7d5e635d,68902230,rua,Rua Santos Dumont,Muca,572484b1-1e48-4d7a-8864-2304f1a0f611,AP
01a03136-6fca-77c2-b2ac-2e1e3aab653e,68902880,rua,Rua Santos Dumont,Buritizal,572484b1-1e48-4d7a-8864-2304f1a0f611,AP
01a02d5f-acd8-7013-aa5d-61b99a330036,68904273,rua,Rua Sarah Roffe Zagury,Novo Buritizal,572484b1-1e48-4d7a-8864-2304f1a0f611,AP
01a03136-7a5e-7635-94f6-18b74f1d9525,68904273,rua,Rua Sarah Roffe Zagury,Novo Buritizal,572484b1-1e48-4d7a-8864-2304f1a0f611,AP
01a02d5f-aaa9-7529-9c1e-241417e246c5,68903450,rua,Rua Saturno,Jardim Marco Zero,572484b1-1e48-4d7a-8864-2304f1a0f611,AP
01a03136-7637-7bb7-be18-5ce04b1fd3eb,68903450,rua,Rua Saturno,Jardim Marco Zero,572484b1-1e48-4d7a-8864-2304f1a0f611,AP
01a02d5f-b36e-79f4-a0e4-ab8ba7721819,68906670,rua,Rua Sebastião Canúto,Alvorada,572484b1-1e48-4d7a-8864-2304f1a0f611,AP
01a03136-84dd-7279-a43a-763d06fe796b,68906670,rua,Rua Sebastião Canúto,Alvorada,572484b1-1e48-4d7a-8864-2304f1a0f611,AP
01a02d5f-a41e-7ef5-b891-fea11c770b60,68901750,rua,Rua Secundino Campos,Nova Esperança,572484b1-1e48-4d7a-8864-2304f1a0f611,AP
01a03136-6c3f-76f9-948f-5d75ad7bccf6,68901750,rua,Rua Secundino Campos,Nova Esperança,572484b1-1e48-4d7a-8864-2304f1a0f611,AP
01a02d5f-c1db-7082-aa2b-cc70dd51b71f,68909850,rua,Rua Segunda,Marabaixo,572484b1-1e48-4d7a-8864-2304f1a0f611,AP
01a02d5f-b36e-7134-a0d0-751558b84ec6,68906632,rua,Rua Segunda,Alvorada,572484b1-1e48-4d7a-8864-2304f1a0f611,AP
01a02d5f-b36e-79f4-a0fa-ed9cdd9094b1,68906821,rua,Rua Segunda,Cabralzinho,572484b1-1e48-4d7a-8864-2304f1a0f611,AP
01a03136-849e-7c57-8af4-28232cd8bf80,68906632,rua,Rua Segunda,Alvorada,572484b1-1e48-4d7a-8864-2304f1a0f611,AP
01a03136-8524-7068-8545-4cb10cff8f0e,68906821,rua,Rua Segunda,Cabralzinho,572484b1-1e48-4d7a-8864-2304f1a0f611,AP
01a03136-9de6-7942-bb73-8a0cb6a31443,68909850,rua,Rua Segunda,Marabaixo,572484b1-1e48-4d7a-8864-2304f1a0f611,AP
01a02d5f-a878-7809-a0bf-90ec867598ca,68903359,rua,Rua Segunda do Seringal,Jardim Marco Zero,572484b1-1e48-4d7a-8864-2304f1a0f611,AP
01a03136-736e-7a4d-bb29-679f217b3756,68903359,rua,Rua Segunda do Seringal,Jardim Marco Zero,572484b1-1e48-4d7a-8864-2304f1a0f611,AP
01a02d5f-a646-7bae-8954-a85f12798e12,68903129,rua,Rua Seis,Pedrinhas,572484b1-1e48-4d7a-8864-2304f1a0f611,AP
01a02d5f-a41e-7ef5-b8a6-37ff165e537f,68902021,rua,Rua Seis,Beirol,572484b1-1e48-4d7a-8864-2304f1a0f611,AP
01a02d5f-d009-70b5-a5fc-0da346b77fa1,68929560,rua,Rua Seis,Distrito Industrial,324f5453-20fa-4565-9dd4-6c6514f449bf,AP
01a03136-6c89-7ef0-b0eb-6ab5cc26fe59,68902021,rua,Rua Seis,Beirol,572484b1-1e48-4d7a-8864-2304f1a0f611,AP
01a03136-7278-7d87-8d1e-e50a1e7a1bc4,68903129,rua,Rua Seis,Pedrinhas,572484b1-1e48-4d7a-8864-2304f1a0f611,AP
01a03136-b627-7dab-8eca-f832714a0012,68929560,rua,Rua Seis,Distrito Industrial,324f5453-20fa-4565-9dd4-6c6514f449bf,AP
01a02d5f-c1d7-7d07-9164-ab3c8ebf945f,68909709,rua,Rua Sem Denominação Doze,Lagoa Azul,572484b1-1e48-4d7a-8864-2304f1a0f611,AP
01a03136-9d21-72df-86b6-cbdcecea2140,68909709,rua,Rua Sem Denominação Doze,Lagoa Azul,572484b1-1e48-4d7a-8864-2304f1a0f611,AP
01a02d5f-c1d7-7d07-9163-8dfa44f14e14,68909708,rua,Rua Sem Denominação Onze,Lagoa Azul,572484b1-1e48-4d7a-8864-2304f1a0f611,AP
01a03136-9d1d-7637-aea7-89382c4d0465,68909708,rua,Rua Sem Denominação Onze,Lagoa Azul,572484b1-1e48-4d7a-8864-2304f1a0f611,AP
01a02d5f-c1d8-75a0-8afa-12216553d75a,68909711,rua,Rua Sem Denominação Quatorze,Lagoa Azul,572484b1-1e48-4d7a-8864-2304f1a0f611,AP
01a03136-9d28-72e5-8041-be0ef2a2eea8,68909711,rua,Rua Sem Denominação Quatorze,Lagoa Azul,572484b1-1e48-4d7a-8864-2304f1a0f611,AP
01a02d5f-c1d8-75a0-8afb-7fa952e2a38a,68909712,rua,Rua Sem Denominação Quinze,Lagoa Azul,572484b1-1e48-4d7a-8864-2304f1a0f611,AP
01a03136-9d2b-7638-8069-5e1d8e6f6416,68909712,rua,Rua Sem Denominação Quinze,Lagoa Azul,572484b1-1e48-4d7a-8864-2304f1a0f611,AP
01a02d5f-c1d7-7d07-9165-042677da4ac0,68909710,rua,Rua Sem Denominação Treze,Lagoa Azul,572484b1-1e48-4d7a-8864-2304f1a0f611,AP
01a03136-9d24-7704-ae4b-ba99026e86ec,68909710,rua,Rua Sem Denominação Treze,Lagoa Azul,572484b1-1e48-4d7a-8864-2304f1a0f611,AP
01a02d5f-c1d8-75a0-8afc-b597c8ce51d2,68909713,rua,Rua Sem Denominação Vinte e Três,Lagoa Azul,572484b1-1e48-4d7a-8864-2304f1a0f611,AP
01a03136-9d2e-79da-977c-bd37bde7b857,68909713,rua,Rua Sem Denominação Vinte e Três,Lagoa Azul,572484b1-1e48-4d7a-8864-2304f1a0f611,AP
01a02d5f-a41e-7ef5-b8a7-de8f920e750e,68902022,rua,Rua Sete,Beirol,572484b1-1e48-4d7a-8864-2304f1a0f611,AP
01a02d5f-ce19-72c7-9c5a-86f2fcaea948,68929528,rua,Rua Sete,Distrito Industrial,324f5453-20fa-4565-9dd4-6c6514f449bf,AP
01a03136-6c8d-7b1d-bea9-3e7fb378fbfa,68902022,rua,Rua Sete,Beirol,572484b1-1e48-4d7a-8864-2304f1a0f611,AP
01a03136-b60d-749a-ad6a-47ea2e110b90,68929528,rua,Rua Sete,Distrito Industrial,324f5453-20fa-4565-9dd4-6c6514f449bf,AP
01a02d5f-b598-7d36-bef8-4d441dd610de,68907205,rua,Rua Sete de Setembro,Renascer,572484b1-1e48-4d7a-8864-2304f1a0f611,AP
01a03136-8879-793e-a73b-1cf36e22e8f7,68907205,rua,Rua Sete de Setembro,Renascer,572484b1-1e48-4d7a-8864-2304f1a0f611,AP
01a02d5f-aaac-7c36-ba66-daa95cd5ffba,68903855,rua,Rua Setentrional,Araxá,572484b1-1e48-4d7a-8864-2304f1a0f611,AP
01a03136-7974-7e01-b172-85dd2ebfad17,68903855,rua,Rua Setentrional,Araxá,572484b1-1e48-4d7a-8864-2304f1a0f611,AP
01a02d5f-c3dd-7364-bec5-2d1032493d62,68909890,rua,Rua Sexta,Marabaixo,572484b1-1e48-4d7a-8864-2304f1a0f611,AP
01a02d5f-a645-716e-9cc2-904e7e5bcd39,68902757,rua,Rua Sexta,Buritizal,572484b1-1e48-4d7a-8864-2304f1a0f611,AP
01a03136-6f83-7171-8f14-538ebfa76ab1,68902757,rua,Rua Sexta,Buritizal,572484b1-1e48-4d7a-8864-2304f1a0f611,AP
01a03136-a07e-7a4f-abce-75b13e7c5c54,68909890,rua,Rua Sexta,Marabaixo,572484b1-1e48-4d7a-8864-2304f1a0f611,AP
01a02d5f-af07-7d6a-98fa-c163aacc038e,68905290,rua,Rua Sexta da Baixada do Japonês,Cidade Nova,572484b1-1e48-4d7a-8864-2304f1a0f611,AP
01a03136-7de7-7660-a7f0-677d4c11aadb,68905290,rua,Rua Sexta da Baixada do Japonês,Cidade Nova,572484b1-1e48-4d7a-8864-2304f1a0f611,AP
01a02d5f-b7a8-7de6-883c-2672aee6c627,68908081,rua,Rua Shalon,Infraero,572484b1-1e48-4d7a-8864-2304f1a0f611,AP
01a03136-8c04-7a66-90bf-d2caccb503e7,68908081,rua,Rua Shalon,Infraero,572484b1-1e48-4d7a-8864-2304f1a0f611,AP
01a02d5f-b7a9-7692-a146-9c445cc8e6b1,68908087,rua,Rua Sheknan,Infraero,572484b1-1e48-4d7a-8864-2304f1a0f611,AP
01a03136-8c19-7b1b-8250-65d44f879a47,68908087,rua,Rua Sheknan,Infraero,572484b1-1e48-4d7a-8864-2304f1a0f611,AP
01a02d5f-d209-778e-a2ec-5c73ed7de9a5,68906133,rua,Rua Singapura,Cabralzinho,572484b1-1e48-4d7a-8864-2304f1a0f611,AP
01a03136-bcb7-788c-865a-757c3027b8ee,68906133,rua,Rua Singapura,Cabralzinho,572484b1-1e48-4d7a-8864-2304f1a0f611,AP
01a02d5f-b599-761e-a3ee-6a28c5d03484,68907320,rua,Rua Socialismo,Renascer,572484b1-1e48-4d7a-8864-2304f1a0f611,AP
01a02f29-b577-75ec-a67c-306c2d97a96e,68907320,rua,Rua Socialismo,Renascer,572484b1-1e48-4d7a-8864-2304f1a0f611,AP
01a02d5f-aaa9-7e53-9c20-93825f13f250,68903460,rua,Rua Sol,Jardim Marco Zero,572484b1-1e48-4d7a-8864-2304f1a0f611,AP
01a03136-7640-738f-8256-4ff39a5bbdc2,68903460,rua,Rua Sol,Jardim Marco Zero,572484b1-1e48-4d7a-8864-2304f1a0f611,AP
01a02d5f-d821-74b6-9971-b0d373f4215f,68909629,rua,Rua Sucupira,Boné Azul,572484b1-1e48-4d7a-8864-2304f1a0f611,AP
01a03136-c37a-7e81-a17d-650f0c173ada,68909629,rua,Rua Sucupira,Boné Azul,572484b1-1e48-4d7a-8864-2304f1a0f611,AP
01a02d5f-d00b-72e2-b17f-a247a31b0a39,68906179,rua,Rua Suiça,São José,572484b1-1e48-4d7a-8864-2304f1a0f611,AP
01a03136-b6fb-7c05-910d-63c24200989c,68906179,rua,Rua Suiça,São José,572484b1-1e48-4d7a-8864-2304f1a0f611,AP
01a02d5f-b9ae-77bd-9b7a-358704d87d8f,68908317,rua,Rua São Benedito,Pacoval,572484b1-1e48-4d7a-8864-2304f1a0f611,AP
01a02d5f-bfdc-7fcc-b958-d71b6df321dd,68909533,rua,Rua São Benedito,Boné Azul,572484b1-1e48-4d7a-8864-2304f1a0f611,AP
01a03136-8f12-7fef-a52b-da2475252e51,68908317,rua,Rua São Benedito,Pacoval,572484b1-1e48-4d7a-8864-2304f1a0f611,AP
01a03136-9a7b-7ba8-af2f-f2977387c85b,68909533,rua,Rua São Benedito,Boné Azul,572484b1-1e48-4d7a-8864-2304f1a0f611,AP
01a02d5f-af07-74ae-98f2-4ec468e76ba6,68905190,rua,Rua São Braz,Cidade Nova,572484b1-1e48-4d7a-8864-2304f1a0f611,AP
01a03136-7dcc-7505-adbc-dd687f46cec6,68905190,rua,Rua São Braz,Cidade Nova,572484b1-1e48-4d7a-8864-2304f1a0f611,AP
01a02d5f-d821-74b6-997a-2f05d25568a8,68909785,rua,Rua São Francisco,Lagoa Azul,572484b1-1e48-4d7a-8864-2304f1a0f611,AP
01a03136-c396-7e4e-b2b4-2aabc39d4ab5,68909785,rua,Rua São Francisco,Lagoa Azul,572484b1-1e48-4d7a-8864-2304f1a0f611,AP
01a02d5f-c1db-791b-aa3a-30add7a89296,68909866,rua,Rua São Francisco de Assis,Marabaixo,572484b1-1e48-4d7a-8864-2304f1a0f611,AP
01a03136-a033-70cf-8818-0dec686d9a9c,68909866,rua,Rua São Francisco de Assis,Marabaixo,572484b1-1e48-4d7a-8864-2304f1a0f611,AP
01a02d5f-bdb4-7e21-a292-7a7dac0e1105,68909047,rua,Rua São Januario,Jardim Felicidade,572484b1-1e48-4d7a-8864-2304f1a0f611,AP
01a03136-9631-727c-b367-98450a1d8621,68909047,rua,Rua São Januario,Jardim Felicidade,572484b1-1e48-4d7a-8864-2304f1a0f611,AP
01a02d5f-b7a8-7527-881f-b7dad23bf631,68908015,rua,Rua São José,Julião Ramos,572484b1-1e48-4d7a-8864-2304f1a0f611,AP
01a02d5f-b9ae-77bd-9b6e-5f33f6db6d32,68908272,rua,Rua São José,Pacoval,572484b1-1e48-4d7a-8864-2304f1a0f611,AP
01a02d5f-9fc4-7b45-bc8e-56fc96a94d84,68900110,rua,Rua São José,Central,572484b1-1e48-4d7a-8864-2304f1a0f611,AP
01a03136-6852-756c-af67-24dc35dca13f,68900110,rua,Rua São José,Central,572484b1-1e48-4d7a-8864-2304f1a0f611,AP
01a03136-8ba4-7a42-9d8d-c41d55fa1de1,68908015,rua,Rua São José,Julião Ramos,572484b1-1e48-4d7a-8864-2304f1a0f611,AP
01a03136-8ee5-7fce-a9ca-cc30b8880922,68908272,rua,Rua São José,Pacoval,572484b1-1e48-4d7a-8864-2304f1a0f611,AP
01a02d5f-b597-7be8-ae16-9871de951291,68906905,rua,Rua São José 1500,Perpétuo Socorro,572484b1-1e48-4d7a-8864-2304f1a0f611,AP
01a03136-87f1-73fe-8eef-3553363955ee,68906905,rua,Rua São José 1500,Perpétuo Socorro,572484b1-1e48-4d7a-8864-2304f1a0f611,AP
01a02d5f-9fc5-73b0-819d-a46b01a3ca5a,68900902,rua,Rua São José 1790,Central,572484b1-1e48-4d7a-8864-2304f1a0f611,AP
01a03136-6879-7424-856d-a4c8060fe9a1,68900902,rua,Rua São José 1790,Central,572484b1-1e48-4d7a-8864-2304f1a0f611,AP
01a02d5f-bfdb-7fb3-9370-c9576d3ffd4a,68909511,rua,Rua São João,Boné Azul,572484b1-1e48-4d7a-8864-2304f1a0f611,AP
01a02d5f-bfdb-7fb3-9372-46f347ba3f32,68909513,rua,Rua São João,Boné Azul,572484b1-1e48-4d7a-8864-2304f1a0f611,AP
01a02d5f-c1d8-7e38-8b05-9759bee3bc6e,68909802,rua,Rua São João,Novo Horizonte,572484b1-1e48-4d7a-8864-2304f1a0f611,AP
01a03136-9a27-7b4c-93bb-c99009a38684,68909511,rua,Rua São João,Boné Azul,572484b1-1e48-4d7a-8864-2304f1a0f611,AP
01a03136-9a2e-75f4-8723-05e16075a963,68909513,rua,Rua São João,Boné Azul,572484b1-1e48-4d7a-8864-2304f1a0f611,AP
01a03136-9d50-7672-88fb-a04c33cea5b3,68909802,rua,Rua São João,Novo Horizonte,572484b1-1e48-4d7a-8864-2304f1a0f611,AP
01a02d5f-b13d-72b2-9344-79ab2aacab88,68906159,rua,Rua São Judas,São José,572484b1-1e48-4d7a-8864-2304f1a0f611,AP
01a03136-844d-7796-b737-6f7e0e839f61,68906159,rua,Rua São Judas,São José,572484b1-1e48-4d7a-8864-2304f1a0f611,AP
01a02d5f-b13c-7126-b1bb-514d259ffc2a,68906061,rua,Rua São Lucas,Goiabal,572484b1-1e48-4d7a-8864-2304f1a0f611,AP
01a02d5f-b13c-79f2-b1cc-c7fd6cc8c388,68906153,rua,Rua São Lucas,São José,572484b1-1e48-4d7a-8864-2304f1a0f611,AP
01a03136-8226-76d7-90ac-9b1ad296d3bb,68906061,rua,Rua São Lucas,Goiabal,572484b1-1e48-4d7a-8864-2304f1a0f611,AP
01a03136-8447-759b-aaeb-909f2f081480,68906153,rua,Rua São Lucas,São José,572484b1-1e48-4d7a-8864-2304f1a0f611,AP
01a02d5f-b13d-72b2-9345-f9313a7e49ac,68906162,rua,Rua São Marcos,São José,572484b1-1e48-4d7a-8864-2304f1a0f611,AP
01a03136-8450-7c98-9317-c6afabaf1fbf,68906162,rua,Rua São Marcos,São José,572484b1-1e48-4d7a-8864-2304f1a0f611,AP
01a02d5f-b13c-79f2-b1cb-55fe7d61c290,68906151,rua,Rua São Mateus,São José,572484b1-1e48-4d7a-8864-2304f1a0f611,AP
01a03136-8443-7d3a-9d10-22bbc0e7a062,68906151,rua,Rua São Mateus,São José,572484b1-1e48-4d7a-8864-2304f1a0f611,AP
01a02d5f-b9af-706c-a99f-f64edfef4286,68908370,rua,Rua São Paulo,Pacoval,572484b1-1e48-4d7a-8864-2304f1a0f611,AP
01a03136-8f36-75d9-8086-b0b3c928f3fd,68908370,rua,Rua São Paulo,Pacoval,572484b1-1e48-4d7a-8864-2304f1a0f611,AP
01a02d5f-bdb4-7e21-a291-d3feb7f728e7,68909046,rua,Rua São Raimundo,Jardim Felicidade,572484b1-1e48-4d7a-8864-2304f1a0f611,AP
01a02d5f-c1db-791b-aa3b-5b15b59021e9,68909867,rua,Rua São Raimundo,Marabaixo,572484b1-1e48-4d7a-8864-2304f1a0f611,AP
01a03136-962d-739d-bf86-bbd628f364e7,68909046,rua,Rua São Raimundo,Jardim Felicidade,572484b1-1e48-4d7a-8864-2304f1a0f611,AP
01a03136-a036-75ad-83cb-48de6477d07a,68909867,rua,Rua São Raimundo,Marabaixo,572484b1-1e48-4d7a-8864-2304f1a0f611,AP
01a02d5f-b13d-72b2-9343-c2f8138c04bf,68906156,rua,Rua São Tiago,São José,572484b1-1e48-4d7a-8864-2304f1a0f611,AP
01a03136-844a-7bd1-87e7-73693ee41250,68906156,rua,Rua São Tiago,São José,572484b1-1e48-4d7a-8864-2304f1a0f611,AP
01a02d5f-bdb5-7f71-9f31-c5ecabfda27a,68909166,rua,Rua Sérgio Mendes,Boné Azul,572484b1-1e48-4d7a-8864-2304f1a0f611,AP
01a03136-991d-7c98-91e0-7fdc82cdc1c2,68909166,rua,Rua Sérgio Mendes,Boné Azul,572484b1-1e48-4d7a-8864-2304f1a0f611,AP
01a02d5f-c1da-77da-ae5c-799698a2e352,68909845,rua,Rua Sétima,Marabaixo,572484b1-1e48-4d7a-8864-2304f1a0f611,AP
01a03136-9dd5-7da2-a8c6-068ba4af2268,68909845,rua,Rua Sétima,Marabaixo,572484b1-1e48-4d7a-8864-2304f1a0f611,AP
01a02d5f-af07-7d6a-98fb-a78bd811063a,68905300,rua,Rua Sétima da Baixada do Japonês,Cidade Nova,572484b1-1e48-4d7a-8864-2304f1a0f611,AP
01a03136-7dea-7ae7-b9d8-23da950d06c2,68905300,rua,Rua Sétima da Baixada do Japonês,Cidade Nova,572484b1-1e48-4d7a-8864-2304f1a0f611,AP
01a02d5f-b7a8-7527-8817-beea7f6762f6,68907630,rua,Rua Sócrates,Renascer,572484b1-1e48-4d7a-8864-2304f1a0f611,AP
01a03136-8b87-7ba4-94fe-4049f95c3e9b,68907630,rua,Rua Sócrates,Renascer,572484b1-1e48-4d7a-8864-2304f1a0f611,AP
01a02d5f-c5ec-7383-8679-1818f39a5285,68920971,rua,Rua Tancredo Neves,Agreste,df345c64-cffe-48f1-a08b-1460a4bc4ea8,AP
01a02d5f-b9af-7923-a9ba-1ca6a5bc27c8,68908530,rua,Rua Tancredo Neves,São Lázaro,572484b1-1e48-4d7a-8864-2304f1a0f611,AP
01a03136-8f9b-7d11-a6e8-b387a33cdddc,68908530,rua,Rua Tancredo Neves,São Lázaro,572484b1-1e48-4d7a-8864-2304f1a0f611,AP
01a03136-a4e3-7151-b8ba-019ac4963993,68920971,rua,Rua Tancredo Neves,Agreste,df345c64-cffe-48f1-a08b-1460a4bc4ea8,AP
01a02d5f-d208-7631-9f08-1b8e3904f66d,68908900,rua,Rua Tancredo Neves 201,São Lázaro,572484b1-1e48-4d7a-8864-2304f1a0f611,AP
01a03136-ba05-7cc1-9361-44fe40542fa0,68908900,rua,Rua Tancredo Neves 201,São Lázaro,572484b1-1e48-4d7a-8864-2304f1a0f611,AP
01a02d5f-c5ec-7383-8678-05d1cd4d3e04,68920970,rua,Rua Tancredo Neves 2795,Agreste,df345c64-cffe-48f1-a08b-1460a4bc4ea8,AP
01a03136-a4dc-78b7-9fa6-b12879438b51,68920970,rua,Rua Tancredo Neves 2795,Agreste,df345c64-cffe-48f1-a08b-1460a4bc4ea8,AP
01a02d5f-bfdb-76eb-934c-02a7b74b9e97,68909334,rua,Rua Tangerinas,Brasil Novo,572484b1-1e48-4d7a-8864-2304f1a0f611,AP
01a03136-99ad-7816-97c7-d9db4be38ff5,68909334,rua,Rua Tangerinas,Brasil Novo,572484b1-1e48-4d7a-8864-2304f1a0f611,AP
01a02d5f-9fc2-7022-aa76-bedfcc7c1876,68900011,rua,Rua Tapajós,Central,572484b1-1e48-4d7a-8864-2304f1a0f611,AP
01a03136-65c0-7337-80c1-0ab7fe792058,68900011,rua,Rua Tapajós,Central,572484b1-1e48-4d7a-8864-2304f1a0f611,AP
01a02d5f-b36e-7134-a0d1-297be1508afb,68906633,rua,Rua Tawarys,Alvorada,572484b1-1e48-4d7a-8864-2304f1a0f611,AP
01a03136-84a2-7285-bb80-c62d6a1e1176,68906633,rua,Rua Tawarys,Alvorada,572484b1-1e48-4d7a-8864-2304f1a0f611,AP
01a02d5f-a645-716e-9cc1-9e8815d1ad66,68902756,rua,Rua Terceira,Buritizal,572484b1-1e48-4d7a-8864-2304f1a0f611,AP
01a02d5f-b36e-7134-a0cf-11a475e00bb1,68906631,rua,Rua Terceira,Alvorada,572484b1-1e48-4d7a-8864-2304f1a0f611,AP
01a02d5f-b36f-72ee-a04c-a1407370ff5d,68906825,rua,Rua Terceira,Cabralzinho,572484b1-1e48-4d7a-8864-2304f1a0f611,AP
01a03136-6f80-7155-8394-dcca59f2f18d,68902756,rua,Rua Terceira,Buritizal,572484b1-1e48-4d7a-8864-2304f1a0f611,AP
01a03136-849b-7648-9013-065bcb0c54ed,68906631,rua,Rua Terceira,Alvorada,572484b1-1e48-4d7a-8864-2304f1a0f611,AP
01a03136-8531-75b9-836f-c35659c892c6,68906825,rua,Rua Terceira,Cabralzinho,572484b1-1e48-4d7a-8864-2304f1a0f611,AP
01a02d5f-a878-7809-a0c0-ae5528e80d13,68903360,rua,Rua Terceira do Seringal,Jardim Marco Zero,572484b1-1e48-4d7a-8864-2304f1a0f611,AP
01a03136-7373-7116-9c85-63d7139908ed,68903360,rua,Rua Terceira do Seringal,Jardim Marco Zero,572484b1-1e48-4d7a-8864-2304f1a0f611,AP
01a02d5f-b7a8-7de6-8834-c215013a16b7,68908060,rua,Rua Terezina,Infraero,572484b1-1e48-4d7a-8864-2304f1a0f611,AP
01a03136-8be7-7204-b070-7091b7d0a512,68908060,rua,Rua Terezina,Infraero,572484b1-1e48-4d7a-8864-2304f1a0f611,AP
01a02d5f-aaa9-7e53-9c22-75aae60e23e0,68903470,rua,Rua Terra,Jardim Marco Zero,572484b1-1e48-4d7a-8864-2304f1a0f611,AP
01a03136-7647-71e8-848b-6922726ed8ea,68903470,rua,Rua Terra,Jardim Marco Zero,572484b1-1e48-4d7a-8864-2304f1a0f611,AP
01a02d5f-d417-7405-8bc5-9298c41cbcbe,68904270,rua,Rua Tia Bela,Novo Buritizal,572484b1-1e48-4d7a-8864-2304f1a0f611,AP
01a03136-bdc2-71f1-87d5-67dd51906a54,68904270,rua,Rua Tia Bela,Novo Buritizal,572484b1-1e48-4d7a-8864-2304f1a0f611,AP
01a02d5f-d417-7405-8bc3-0a9c69c56c8b,68904268,rua,Rua Tia Geralda,Novo Buritizal,572484b1-1e48-4d7a-8864-2304f1a0f611,AP
01a03136-bdbb-778b-a76a-0b72218079c8,68904268,rua,Rua Tia Geralda,Novo Buritizal,572484b1-1e48-4d7a-8864-2304f1a0f611,AP
01a02d5f-d417-7405-8bc2-d7dfd24dacc3,68904267,rua,Rua Tia Iô,Novo Buritizal,572484b1-1e48-4d7a-8864-2304f1a0f611,AP
01a03136-bdb8-725a-a812-9242258f664a,68904267,rua,Rua Tia Iô,Novo Buritizal,572484b1-1e48-4d7a-8864-2304f1a0f611,AP
01a02d5f-d417-7405-8bc1-0c8756153223,68904266,rua,Rua Tia Militina,Novo Buritizal,572484b1-1e48-4d7a-8864-2304f1a0f611,AP
01a03136-bdb4-7dc7-a239-0b04c34a3c43,68904266,rua,Rua Tia Militina,Novo Buritizal,572484b1-1e48-4d7a-8864-2304f1a0f611,AP
01a02d5f-acd7-777c-a3c6-f6eddf23f83b,68904260,rua,Rua Tiago Flexa da Costa,Novo Buritizal,572484b1-1e48-4d7a-8864-2304f1a0f611,AP
01a03136-7a53-728c-a7a4-f7d7ba31989c,68904260,rua,Rua Tiago Flexa da Costa,Novo Buritizal,572484b1-1e48-4d7a-8864-2304f1a0f611,AP
01a02d5f-bdb5-7f71-9f2a-ed86c779541f,68909158,rua,Rua Tim Maria,Boné Azul,572484b1-1e48-4d7a-8864-2304f1a0f611,AP
01a03136-96e5-7124-ba21-aa12b9127878,68909158,rua,Rua Tim Maria,Boné Azul,572484b1-1e48-4d7a-8864-2304f1a0f611,AP
01a02d5f-9fc4-72a2-bc89-95c1d5282ce3,68900098,rua,Rua Tiradentes,Central,572484b1-1e48-4d7a-8864-2304f1a0f611,AP
01a03136-6842-71c7-bb04-48da2a14d819,68900098,rua,Rua Tiradentes,Central,572484b1-1e48-4d7a-8864-2304f1a0f611,AP
01a02d5f-b7a8-7de6-8833-1e4d2e0b6525,68908058,rua,Rua Tocantins,Infraero,572484b1-1e48-4d7a-8864-2304f1a0f611,AP
01a03136-8be3-7332-98e0-5531ee9d70c3,68908058,rua,Rua Tocantins,Infraero,572484b1-1e48-4d7a-8864-2304f1a0f611,AP
01a02d5f-bdb5-76c2-9f1e-3cb31bc80692,68909145,rua,Rua Tom Jobim,Boné Azul,572484b1-1e48-4d7a-8864-2304f1a0f611,AP
01a03136-96ba-77dc-998b-9972b3761ec6,68909145,rua,Rua Tom Jobim,Boné Azul,572484b1-1e48-4d7a-8864-2304f1a0f611,AP
01a02d5f-bbb7-78d6-b378-9cf870fe8b20,68908860,rua,Rua Tony Tavares,Infraero,572484b1-1e48-4d7a-8864-2304f1a0f611,AP
01a03136-930b-7d4c-9cf6-6303fe69a502,68908860,rua,Rua Tony Tavares,Infraero,572484b1-1e48-4d7a-8864-2304f1a0f611,AP
01a02d5f-ce19-72c7-9c5b-cc918bc3a385,68929532,rua,Rua Treze,Distrito Industrial,324f5453-20fa-4565-9dd4-6c6514f449bf,AP
01a03136-b610-7de6-b9cc-578c57cb8210,68929532,rua,Rua Treze,Distrito Industrial,324f5453-20fa-4565-9dd4-6c6514f449bf,AP
01a02d5f-b598-7d36-bf02-88e13c5d5f45,68907280,rua,Rua Tribunícia,Renascer,572484b1-1e48-4d7a-8864-2304f1a0f611,AP
01a03136-889d-7923-9d53-4080732b19b7,68907280,rua,Rua Tribunícia,Renascer,572484b1-1e48-4d7a-8864-2304f1a0f611,AP
01a02d5f-a646-7bae-894e-5d32bfd2a9ab,68903123,rua,Rua Três,Pedrinhas,572484b1-1e48-4d7a-8864-2304f1a0f611,AP
01a02d5f-d416-72f3-b882-7137b5b26f41,68903203,rua,Rua Três,Jardim Marco Zero,572484b1-1e48-4d7a-8864-2304f1a0f611,AP
01a02d5f-d418-7561-8fff-c24e13e063d7,68906322,rua,Rua Três,Marabaixo,572484b1-1e48-4d7a-8864-2304f1a0f611,AP
01a02d5f-d821-74b6-9975-ece6e6f35ac6,68909653,rua,Rua Três,Lagoa Azul,572484b1-1e48-4d7a-8864-2304f1a0f611,AP
01a02d5f-a41e-7ef5-b8a2-7fc0c0105610,68902017,rua,Rua Três,Beirol,572484b1-1e48-4d7a-8864-2304f1a0f611,AP
01a02d5f-b36e-79f4-a0ea-787f3f3ab5a8,68906800,rua,Rua Três,Cabralzinho,572484b1-1e48-4d7a-8864-2304f1a0f611,AP
01a02d5f-aaaa-79c0-8082-5dd897322c44,68903513,rua,Rua Três,Universidade,572484b1-1e48-4d7a-8864-2304f1a0f611,AP
01a02d5f-d009-70b5-a5ff-e508f92c34d8,68929572,rua,Rua Três,Distrito Industrial,324f5453-20fa-4565-9dd4-6c6514f449bf,AP
01a03136-6c7b-758e-96f7-e735c15a34f8,68902017,rua,Rua Três,Beirol,572484b1-1e48-4d7a-8864-2304f1a0f611,AP
01a03136-7260-777d-b45b-46f30458b348,68903123,rua,Rua Três,Pedrinhas,572484b1-1e48-4d7a-8864-2304f1a0f611,AP
01a03136-7686-715a-99fd-77d8781a20c2,68903513,rua,Rua Três,Universidade,572484b1-1e48-4d7a-8864-2304f1a0f611,AP
01a03136-84ef-7f68-83c2-8ebf5586b977,68906800,rua,Rua Três,Cabralzinho,572484b1-1e48-4d7a-8864-2304f1a0f611,AP
01a03136-b631-7da0-96e6-21641fb1941e,68929572,rua,Rua Três,Distrito Industrial,324f5453-20fa-4565-9dd4-6c6514f449bf,AP
01a03136-bd78-7107-b858-002e54a242cf,68903203,rua,Rua Três,Jardim Marco Zero,572484b1-1e48-4d7a-8864-2304f1a0f611,AP
01a03136-c016-77f6-bee2-de1fae594660,68906322,rua,Rua Três,Marabaixo,572484b1-1e48-4d7a-8864-2304f1a0f611,AP
01a03136-c387-74f1-978a-2eb87b0808a4,68909653,rua,Rua Três,Lagoa Azul,572484b1-1e48-4d7a-8864-2304f1a0f611,AP
01a02d5f-b598-7d36-bf04-0d9e2872a466,68907300,rua,Rua Tucidetes,Renascer,572484b1-1e48-4d7a-8864-2304f1a0f611,AP
01a03136-88a4-7cc6-b8b0-9318506c7c93,68907300,rua,Rua Tucidetes,Renascer,572484b1-1e48-4d7a-8864-2304f1a0f611,AP
01a02d5f-b7a8-7527-8826-ccf2562c3416,68908038,rua,Rua Tucuruí,Infraero,572484b1-1e48-4d7a-8864-2304f1a0f611,AP
01a02f29-b8b6-76b4-8abe-6ffae645516d,68908038,rua,Rua Tucuruí,Infraero,572484b1-1e48-4d7a-8864-2304f1a0f611,AP
01a02d5f-b139-7d0a-af44-46c6b085fa6a,68905731,rua,Rua Turibio Orivaldo Guimarães,Perpétuo Socorro,572484b1-1e48-4d7a-8864-2304f1a0f611,AP
01a02d5f-af07-7d6a-98f7-de3859744ba0,68905251,rua,Rua Turibio Orivaldo Guimarães,Cidade Nova,572484b1-1e48-4d7a-8864-2304f1a0f611,AP
01a03136-7ddc-7cd5-97e4-937dccebdc46,68905251,rua,Rua Turibio Orivaldo Guimarães,Cidade Nova,572484b1-1e48-4d7a-8864-2304f1a0f611,AP
01a03136-81ab-7e90-9d5f-572116db917a,68905731,rua,Rua Turibio Orivaldo Guimarães,Perpétuo Socorro,572484b1-1e48-4d7a-8864-2304f1a0f611,AP
01a02d5f-bbb6-78e7-886b-a068898c9a7d,68908811,rua,Rua Ubiracy Azevedo Picanço,Infraero,572484b1-1e48-4d7a-8864-2304f1a0f611,AP
01a03136-926d-7015-8f17-34e6bf332ea8,68908811,rua,Rua Ubiracy Azevedo Picanço,Infraero,572484b1-1e48-4d7a-8864-2304f1a0f611,AP
01a02d5f-a646-7328-894b-ad0ff8acfcea,68903119,rua,Rua Um,Pedrinhas,572484b1-1e48-4d7a-8864-2304f1a0f611,AP
01a02d5f-d208-7ee0-9f23-c75e9c9b7ebc,68911449,rua,Rua Um,Muruci (Fazendinha),572484b1-1e48-4d7a-8864-2304f1a0f611,AP
01a02d5f-d416-72f3-b880-5a58abb6158c,68903201,rua,Rua Um,Jardim Marco Zero,572484b1-1e48-4d7a-8864-2304f1a0f611,AP
01a02d5f-d418-7561-8ffd-0fa58bfc2c18,68906320,rua,Rua Um,Marabaixo,572484b1-1e48-4d7a-8864-2304f1a0f611,AP
01a02d5f-d821-74b6-9973-8a49c7eede42,68909651,rua,Rua Um,Lagoa Azul,572484b1-1e48-4d7a-8864-2304f1a0f611,AP
01a02d5f-a41e-7ef5-b89f-4c6427151c21,68902012,rua,Rua Um,Beirol,572484b1-1e48-4d7a-8864-2304f1a0f611,AP
01a02d5f-b36e-79f4-a0f0-cbc80a44f49a,68906810,rua,Rua Um,Cabralzinho,572484b1-1e48-4d7a-8864-2304f1a0f611,AP
01a02d5f-d009-70b5-a5fa-ef50c6184337,68929552,rua,Rua Um,Distrito Industrial,324f5453-20fa-4565-9dd4-6c6514f449bf,AP
01a03136-6c71-70f5-950c-dc7169d12f4c,68902012,rua,Rua Um,Beirol,572484b1-1e48-4d7a-8864-2304f1a0f611,AP
01a03136-7041-7fa4-9a18-94f79554624d,68903119,rua,Rua Um,Pedrinhas,572484b1-1e48-4d7a-8864-2304f1a0f611,AP
01a03136-8503-7350-ab69-83a2b8b78020,68906810,rua,Rua Um,Cabralzinho,572484b1-1e48-4d7a-8864-2304f1a0f611,AP
01a03136-b621-739e-af80-206b835652b5,68929552,rua,Rua Um,Distrito Industrial,324f5453-20fa-4565-9dd4-6c6514f449bf,AP
01a03136-ba5b-7541-8231-65f3544e9f34,68911449,rua,Rua Um,Muruci (Fazendinha),572484b1-1e48-4d7a-8864-2304f1a0f611,AP
01a03136-bd71-7568-9647-7a1447713ad3,68903201,rua,Rua Um,Jardim Marco Zero,572484b1-1e48-4d7a-8864-2304f1a0f611,AP
01a03136-c00f-79d9-8495-071c1b53ea3b,68906320,rua,Rua Um,Marabaixo,572484b1-1e48-4d7a-8864-2304f1a0f611,AP
01a03136-c380-7aa3-99ac-8a82df93fc9c,68909651,rua,Rua Um,Lagoa Azul,572484b1-1e48-4d7a-8864-2304f1a0f611,AP
01a02d5f-aaa9-7e53-9c24-4433e28decdf,68903480,rua,Rua Urano,Jardim Marco Zero,572484b1-1e48-4d7a-8864-2304f1a0f611,AP
01a03136-764f-71ba-ac49-c533df1ef2d4,68903480,rua,Rua Urano,Jardim Marco Zero,572484b1-1e48-4d7a-8864-2304f1a0f611,AP
01a02d5f-d62c-7182-b6e7-45c620571c23,68909344,rua,Rua Uva,Brasil Novo,572484b1-1e48-4d7a-8864-2304f1a0f611,AP
01a03136-c0db-7578-b9f4-0776c609d531,68909344,rua,Rua Uva,Brasil Novo,572484b1-1e48-4d7a-8864-2304f1a0f611,AP
01a02d5f-ce18-7189-a7b5-3b3a7dbfd5c5,68928214,rua,Rua Valdomiro Ferreira Uchôa,Fonte Nova,324f5453-20fa-4565-9dd4-6c6514f449bf,AP
01a03136-b359-7a25-871a-82c1d448884b,68928214,rua,Rua Valdomiro Ferreira Uchôa,Fonte Nova,324f5453-20fa-4565-9dd4-6c6514f449bf,AP
01a02d5f-d009-7956-a607-d4f31116d40e,68940970,rua,Rua Veiga Cabral 1010,Mazagão,515ecc13-ac8d-48b8-a26d-361ece00f31e,AP
01a03136-b64b-7770-bd88-6de298e0c19f,68940970,rua,Rua Veiga Cabral 1010,Mazagão,515ecc13-ac8d-48b8-a26d-361ece00f31e,AP
01a02d5f-bbba-798c-b2c2-e24744e1a689,68909000,rua,Rua Vereador Julio Maria Pinto Pereira,Jardim Felicidade,572484b1-1e48-4d7a-8864-2304f1a0f611,AP
01a03136-95b8-709c-960d-657059e02cd7,68909000,rua,Rua Vereador Julio Maria Pinto Pereira,Jardim Felicidade,572484b1-1e48-4d7a-8864-2304f1a0f611,AP
01a02d5f-bdb5-7f71-9f24-1db0bf57d100,68909152,rua,Rua Vicente Celestino,Boné Azul,572484b1-1e48-4d7a-8864-2304f1a0f611,AP
01a03136-96d0-72cb-97c4-3b8cb01ef88e,68909152,rua,Rua Vicente Celestino,Boné Azul,572484b1-1e48-4d7a-8864-2304f1a0f611,AP
01a02d5f-a879-79a6-8757-3ae7cd523a46,68903432,rua,Rua Vicente Raimundo Alves,Zerão,572484b1-1e48-4d7a-8864-2304f1a0f611,AP
01a02d5f-d00b-7b53-b187-b2863cf1b2b4,68906302,rua,Rua Vicente Raimundo Alves,Marabaixo,572484b1-1e48-4d7a-8864-2304f1a0f611,AP
01a02d5f-aaaa-79c0-8087-b1365ca1ae6f,68903518,rua,Rua Vicente Raimundo Alves,Universidade,572484b1-1e48-4d7a-8864-2304f1a0f611,AP
01a03136-7624-7d26-851d-3f81ff35ff03,68903432,rua,Rua Vicente Raimundo Alves,Zerão,572484b1-1e48-4d7a-8864-2304f1a0f611,AP
01a03136-7697-77c2-bfe4-48cf71629e79,68903518,rua,Rua Vicente Raimundo Alves,Universidade,572484b1-1e48-4d7a-8864-2304f1a0f611,AP
01a03136-b716-7629-bb36-a8574e056f31,68906302,rua,Rua Vicente Raimundo Alves,Marabaixo,572484b1-1e48-4d7a-8864-2304f1a0f611,AP
01a02d5f-b36f-72ee-a058-45a2ec500ddb,68906838,rua,Rua Vila Nova,Cabralzinho,572484b1-1e48-4d7a-8864-2304f1a0f611,AP
01a03136-855b-78b4-acb3-51076c7e28da,68906838,rua,Rua Vila Nova,Cabralzinho,572484b1-1e48-4d7a-8864-2304f1a0f611,AP
01a02d5f-c3e1-7904-8fc2-92c51647274c,68911153,rua,Rua Vila Operária,Fazendinha,572484b1-1e48-4d7a-8864-2304f1a0f611,AP
01a03136-a404-7fde-b5dd-94e7afd4b9a6,68911153,rua,Rua Vila Operária,Fazendinha,572484b1-1e48-4d7a-8864-2304f1a0f611,AP
01a02d5f-d208-7ee0-9f1f-b5110b6a8d49,68909860,rua,Rua Virginia da Costa,Marabaixo,572484b1-1e48-4d7a-8864-2304f1a0f611,AP
01a03136-ba4e-7a27-8288-275c7d3c1d53,68909860,rua,Rua Virginia da Costa,Marabaixo,572484b1-1e48-4d7a-8864-2304f1a0f611,AP
01a02d5f-b13c-79f2-b1c9-fd956b911ebf,68906093,rua,Rua Vitoria Regia,Goiabal,572484b1-1e48-4d7a-8864-2304f1a0f611,AP
01a03136-843d-705b-a79b-e9b16e09f15b,68906093,rua,Rua Vitoria Regia,Goiabal,572484b1-1e48-4d7a-8864-2304f1a0f611,AP
01a02d5f-d208-7631-9efd-fb4061975174,68908511,rua,Rua Vitória Régia,São Lázaro,572484b1-1e48-4d7a-8864-2304f1a0f611,AP
01a03136-b9e0-7d5f-9776-d0207fce3419,68908511,rua,Rua Vitória Régia,São Lázaro,572484b1-1e48-4d7a-8864-2304f1a0f611,AP
01a02d5f-a877-7f38-b949-64be8bb3d6cb,68903325,rua,Rua Vícta Mota Dias,Jardim Marco Zero,572484b1-1e48-4d7a-8864-2304f1a0f611,AP
01a03136-7335-7632-a04d-8619e45e12f2,68903325,rua,Rua Vícta Mota Dias,Jardim Marco Zero,572484b1-1e48-4d7a-8864-2304f1a0f611,AP
01a02d5f-a646-7bae-8960-a0e2295a0bcb,68903187,rua,Rua Waldomiro Demóstenes Ribeiro,Jardim Marco Zero,572484b1-1e48-4d7a-8864-2304f1a0f611,AP
01a03136-729f-7f0d-be71-7a88352e4d55,68903187,rua,Rua Waldomiro Demóstenes Ribeiro,Jardim Marco Zero,572484b1-1e48-4d7a-8864-2304f1a0f611,AP
01a02d5f-ce17-788c-9d0d-f072925bd6cd,68928157,rua,Rua Walter Barbosa de Araújo,Fonte Nova,324f5453-20fa-4565-9dd4-6c6514f449bf,AP
01a03136-b319-7dc0-a9df-d9e3b5fa4926,68928157,rua,Rua Walter Barbosa de Araújo,Fonte Nova,324f5453-20fa-4565-9dd4-6c6514f449bf,AP
01a02d5f-b7a8-7527-8829-96d678ec0af6,68908042,rua,Rua Yasmin dos Santos Brito,Infraero,572484b1-1e48-4d7a-8864-2304f1a0f611,AP
01a02d5f-bbb6-78e7-886e-074d2a8021a8,68908814,rua,Rua Yasmin dos Santos Brito,Infraero,572484b1-1e48-4d7a-8864-2304f1a0f611,AP
01a03136-8bbe-7a6e-9e4c-d920f6476d48,68908042,rua,Rua Yasmin dos Santos Brito,Infraero,572484b1-1e48-4d7a-8864-2304f1a0f611,AP
01a03136-9277-7941-8b34-ed7fb1180f8c,68908814,rua,Rua Yasmin dos Santos Brito,Infraero,572484b1-1e48-4d7a-8864-2304f1a0f611,AP
01a02d5f-b13b-7848-9157-decb16f6c1c3,68906024,rua,Rua Zeca Verônica,Goiabal,572484b1-1e48-4d7a-8864-2304f1a0f611,AP
01a03136-81fd-71f4-b08a-8ce1bd35bb03,68906024,rua,Rua Zeca Verônica,Goiabal,572484b1-1e48-4d7a-8864-2304f1a0f611,AP
01a02d5f-ce19-72c7-9c5c-5d21d1611612,68929536,rua,Rua Zero,Distrito Industrial,324f5453-20fa-4565-9dd4-6c6514f449bf,AP
01a03136-b614-71d9-975e-da397c5b1871,68929536,rua,Rua Zero,Distrito Industrial,324f5453-20fa-4565-9dd4-6c6514f449bf,AP
01a02d5f-d62b-7078-b461-7d2baa2029b1,68908024,rua,Rua Zuleika Angel Jones,Infraero,572484b1-1e48-4d7a-8864-2304f1a0f611,AP
01a03136-c095-7474-b107-8472fcd7030e,68908024,rua,Rua Zuleika Angel Jones,Infraero,572484b1-1e48-4d7a-8864-2304f1a0f611,AP
01a02d5f-aaa9-7e53-9c2f-04cee126d394,68903499,rua,Rua Zéca Serra,Universidade,572484b1-1e48-4d7a-8864-2304f1a0f611,AP
01a02d5f-aaab-7afa-bdbf-9a1003a45895,68903742,rua,Rua Zéca Serra,Zerão,572484b1-1e48-4d7a-8864-2304f1a0f611,AP
01a03136-7675-71bf-8e38-47a05262fd40,68903499,rua,Rua Zéca Serra,Universidade,572484b1-1e48-4d7a-8864-2304f1a0f611,AP
01a03136-76e1-74fb-bbde-2e0aa68bd39d,68903742,rua,Rua Zéca Serra,Zerão,572484b1-1e48-4d7a-8864-2304f1a0f611,AP
01a02d5f-a646-7328-893c-27ef2a68a0c0,68903015,rua,Rua da Bacia,Jardim Equatorial,572484b1-1e48-4d7a-8864-2304f1a0f611,AP
01a03136-700f-76e4-be93-2c12f02cecf9,68903015,rua,Rua da Bacia,Jardim Equatorial,572484b1-1e48-4d7a-8864-2304f1a0f611,AP
01a02d5f-b9b0-71d3-ba55-f19af7c96ecc,68908784,rua,Rua da Biriba,Infraero,572484b1-1e48-4d7a-8864-2304f1a0f611,AP
01a03136-921d-72b3-bcd4-15a000b6a035,68908784,rua,Rua da Biriba,Infraero,572484b1-1e48-4d7a-8864-2304f1a0f611,AP
01a02d5f-c5eb-7b1e-acaa-79b42655a8a3,68911452,rua,Rua da Castanheira,Muruci (Fazendinha),572484b1-1e48-4d7a-8864-2304f1a0f611,AP
01a03136-a489-73c5-9698-fe48a2c6ab09,68911452,rua,Rua da Castanheira,Muruci (Fazendinha),572484b1-1e48-4d7a-8864-2304f1a0f611,AP
01a02d5f-ca04-7e38-ba9b-320e3b85fb66,68926355,rua,Rua da Fábrica,Fortaleza,324f5453-20fa-4565-9dd4-6c6514f449bf,AP
01a03136-ac34-7de1-bcc5-c9f299deef17,68926355,rua,Rua da Fábrica,Fortaleza,324f5453-20fa-4565-9dd4-6c6514f449bf,AP
01a02d5f-d208-7631-9ef7-db629dffd111,68906500,rua,Rua da Lagoa,Marabaixo,572484b1-1e48-4d7a-8864-2304f1a0f611,AP
01a03136-b9ca-7e2f-9ad4-27ad826d3d45,68906500,rua,Rua da Lagoa,Marabaixo,572484b1-1e48-4d7a-8864-2304f1a0f611,AP
01a02d5f-c5eb-7289-aca8-70c34549f2f8,68911450,rua,Rua da Marinha,Muruci (Fazendinha),572484b1-1e48-4d7a-8864-2304f1a0f611,AP
01a03136-a481-75da-bfbb-1f0e49403918,68911450,rua,Rua da Marinha,Muruci (Fazendinha),572484b1-1e48-4d7a-8864-2304f1a0f611,AP
01a02d5f-b7a8-7de6-883a-410eb1253a73,68908078,rua,Rua da Paz,Infraero,572484b1-1e48-4d7a-8864-2304f1a0f611,AP
01a03136-8bfd-751b-a662-bf2bbe222cc1,68908078,rua,Rua da Paz,Infraero,572484b1-1e48-4d7a-8864-2304f1a0f611,AP
01a02d5f-c7eb-7488-aa31-d92c75c7e156,68925250,rua,Rua da Piçarreira,Elesbão,324f5453-20fa-4565-9dd4-6c6514f449bf,AP
01a03136-a87b-7bbe-a900-d898f6229a00,68925250,rua,Rua da Piçarreira,Elesbão,324f5453-20fa-4565-9dd4-6c6514f449bf,AP
01a02d5f-c5eb-7289-aca9-0cc5b7bcdf89,68911451,rua,Rua da Praia,Muruci (Fazendinha),572484b1-1e48-4d7a-8864-2304f1a0f611,AP
01a03136-a485-7432-8760-eb017934549d,68911451,rua,Rua da Praia,Muruci (Fazendinha),572484b1-1e48-4d7a-8864-2304f1a0f611,AP
01a02d5f-a646-7328-8944-808174fab1fd,68903055,rua,Rua da Praia do Aturia,Jardim Equatorial,572484b1-1e48-4d7a-8864-2304f1a0f611,AP
01a03136-7029-7589-bd7b-2b4a50f9773b,68903055,rua,Rua da Praia do Aturia,Jardim Equatorial,572484b1-1e48-4d7a-8864-2304f1a0f611,AP
01a02d5f-a877-767a-b924-943afa618d00,68903195,rua,Rua da Redenção,Jardim Marco Zero,572484b1-1e48-4d7a-8864-2304f1a0f611,AP
01a03136-72ba-7f0e-8047-7676eb976a33,68903195,rua,Rua da Redenção,Jardim Marco Zero,572484b1-1e48-4d7a-8864-2304f1a0f611,AP
01a02d5f-d62b-7078-b463-1898276064db,68908090,rua,Rua da Ressaca,Infraero,572484b1-1e48-4d7a-8864-2304f1a0f611,AP
01a03136-c09b-7e65-b1c8-7f8401e29891,68908090,rua,Rua da Ressaca,Infraero,572484b1-1e48-4d7a-8864-2304f1a0f611,AP
01a02d5f-c5eb-7b1e-acb2-3b19b3b2ed16,68911461,rua,Rua da Sapucaia,Muruci (Fazendinha),572484b1-1e48-4d7a-8864-2304f1a0f611,AP
01a03136-a4aa-75ea-ad9e-34c9132ab9b8,68911461,rua,Rua da Sapucaia,Muruci (Fazendinha),572484b1-1e48-4d7a-8864-2304f1a0f611,AP
01a02d5f-d418-7561-8ff8-0539a39578ab,68906146,rua,Rua das Acaciás,Cabralzinho,572484b1-1e48-4d7a-8864-2304f1a0f611,AP
01a03136-bffe-7e62-b6e4-73b5115efd20,68906146,rua,Rua das Acaciás,Cabralzinho,572484b1-1e48-4d7a-8864-2304f1a0f611,AP
01a02d5f-c5eb-7289-aca1-2c09f4e45954,68911415,rua,Rua das Ameixeiras,Muruci (Fazendinha),572484b1-1e48-4d7a-8864-2304f1a0f611,AP
01a03136-a464-77a1-92b2-ea88dce43a43,68911415,rua,Rua das Ameixeiras,Muruci (Fazendinha),572484b1-1e48-4d7a-8864-2304f1a0f611,AP
01a02d5f-b36d-783b-91a1-d80b04f1f234,68906528,rua,Rua das Araras,Marabaixo,572484b1-1e48-4d7a-8864-2304f1a0f611,AP
01a02d5f-b36e-79f4-a0ef-814e04370b3e,68906809,rua,Rua das Araras,Cabralzinho,572484b1-1e48-4d7a-8864-2304f1a0f611,AP
01a03136-8482-7b80-91c1-e5e6bbc0326c,68906528,rua,Rua das Araras,Marabaixo,572484b1-1e48-4d7a-8864-2304f1a0f611,AP
01a03136-84ff-7e92-87a1-87a93e8f7df1,68906809,rua,Rua das Araras,Cabralzinho,572484b1-1e48-4d7a-8864-2304f1a0f611,AP
01a02d5f-b599-7ea1-a401-cd26dbf48aaf,68907510,rua,Rua das Classes,Renascer,572484b1-1e48-4d7a-8864-2304f1a0f611,AP
01a03136-8b44-7b2b-9210-481906de8e84,68907510,rua,Rua das Classes,Renascer,572484b1-1e48-4d7a-8864-2304f1a0f611,AP
01a02d5f-b36d-783b-91a2-7415aded45d1,68906529,rua,Rua das Gaivota,Marabaixo,572484b1-1e48-4d7a-8864-2304f1a0f611,AP
01a03136-8485-776b-98e0-b08ee5971533,68906529,rua,Rua das Gaivota,Marabaixo,572484b1-1e48-4d7a-8864-2304f1a0f611,AP
01a02d5f-b36d-783b-91a0-9d59e7f29bb1,68906527,rua,Rua das Garças,Marabaixo,572484b1-1e48-4d7a-8864-2304f1a0f611,AP
01a03136-847f-717e-9adc-5a63490e4e5b,68906527,rua,Rua das Garças,Marabaixo,572484b1-1e48-4d7a-8864-2304f1a0f611,AP
01a02d5f-d418-7561-8ffa-7b21a4cf110e,68906148,rua,Rua das Hortências,Cabralzinho,572484b1-1e48-4d7a-8864-2304f1a0f611,AP
01a03136-c005-7a51-be01-138d62647c9c,68906148,rua,Rua das Hortências,Cabralzinho,572484b1-1e48-4d7a-8864-2304f1a0f611,AP
01a02d5f-b36d-783b-919f-8ed27f8c4d6d,68906526,rua,Rua das Marrecos,Marabaixo,572484b1-1e48-4d7a-8864-2304f1a0f611,AP
01a03136-847b-7d98-8254-ab47debf7131,68906526,rua,Rua das Marrecos,Marabaixo,572484b1-1e48-4d7a-8864-2304f1a0f611,AP
01a02d5f-bfdb-76eb-934e-ccb3581ad413,68909336,rua,Rua das Melancias,Brasil Novo,572484b1-1e48-4d7a-8864-2304f1a0f611,AP
01a03136-99b5-723f-98a7-6ac638b34251,68909336,rua,Rua das Melancias,Brasil Novo,572484b1-1e48-4d7a-8864-2304f1a0f611,AP
01a02d5f-ce18-7189-a7c5-c78abfa47261,68928262,rua,Rua das Orquídeas,Fonte Nova,324f5453-20fa-4565-9dd4-6c6514f449bf,AP
01a03136-b38f-715c-80b6-a3ab3ef1ce97,68928262,rua,Rua das Orquídeas,Fonte Nova,324f5453-20fa-4565-9dd4-6c6514f449bf,AP
01a02d5f-bbb9-7967-863a-a8c2475e7b4b,68908897,rua,Rua das Pupunhas,Infraero,572484b1-1e48-4d7a-8864-2304f1a0f611,AP
01a03136-9382-7ce7-9c0f-ebd5cab2ab89,68908897,rua,Rua das Pupunhas,Infraero,572484b1-1e48-4d7a-8864-2304f1a0f611,AP
01a02d5f-ce18-7189-a7be-6d1bcf693d54,68928241,rua,Rua das Rosas,Fonte Nova,324f5453-20fa-4565-9dd4-6c6514f449bf,AP
01a03136-b377-7a56-8d59-91a36e35f4b0,68928241,rua,Rua das Rosas,Fonte Nova,324f5453-20fa-4565-9dd4-6c6514f449bf,AP
01a02d5f-d418-7561-8ff9-8fae0020befb,68906147,rua,Rua das Tulipas,Cabralzinho,572484b1-1e48-4d7a-8864-2304f1a0f611,AP
01a03136-c002-75f6-a83b-9c0cbfab75ac,68906147,rua,Rua das Tulipas,Cabralzinho,572484b1-1e48-4d7a-8864-2304f1a0f611,AP
01a02d5f-acd6-7612-8940-4c7a3d998028,68903883,rua,Rua do Araxá,Araxá,572484b1-1e48-4d7a-8864-2304f1a0f611,AP
01a03136-79c9-7eb9-8094-857e941d912b,68903883,rua,Rua do Araxá,Araxá,572484b1-1e48-4d7a-8864-2304f1a0f611,AP
01a02d5f-b9b0-71d3-ba56-a1b801011068,68908785,rua,Rua do Cacau,Infraero,572484b1-1e48-4d7a-8864-2304f1a0f611,AP
01a03136-9220-7718-a0ab-2350be285876,68908785,rua,Rua do Cacau,Infraero,572484b1-1e48-4d7a-8864-2304f1a0f611,AP
01a02d5f-a1ef-7d2d-8320-9491e8e241c2,68901266,rua,Rua do Canal,Santa Rita,572484b1-1e48-4d7a-8864-2304f1a0f611,AP
01a03136-692a-7392-8115-86c6187c50b2,68901266,rua,Rua do Canal,Santa Rita,572484b1-1e48-4d7a-8864-2304f1a0f611,AP
01a02d5f-bfda-7e3e-8712-99fcd01c925d,68909317,rua,Rua do Cupuaçu,Brasil Novo,572484b1-1e48-4d7a-8864-2304f1a0f611,AP
01a03136-9976-7941-b8d7-c5cc4c84d406,68909317,rua,Rua do Cupuaçu,Brasil Novo,572484b1-1e48-4d7a-8864-2304f1a0f611,AP
01a02d5f-c7eb-7488-aa3c-d31afeaf19a2,68925294,rua,Rua do Delta,Elesbão,324f5453-20fa-4565-9dd4-6c6514f449bf,AP
01a03136-a8a0-7004-ac2a-0096964d03c2,68925294,rua,Rua do Delta,Elesbão,324f5453-20fa-4565-9dd4-6c6514f449bf,AP
01a02d5f-d00c-73d6-b84a-7c482e63a2ed,68906459,rua,Rua do Entrocamento,Marabaixo,572484b1-1e48-4d7a-8864-2304f1a0f611,AP
01a03136-b750-7dcc-809a-bab0d0339484,68906459,rua,Rua do Entrocamento,Marabaixo,572484b1-1e48-4d7a-8864-2304f1a0f611,AP
01a02d5f-c5ec-7383-8671-2037ab194dfe,68911465,rua,Rua do Estaleiro,Muruci (Fazendinha),572484b1-1e48-4d7a-8864-2304f1a0f611,AP
01a03136-a4ba-7ee4-90b7-8980a2f8b226,68911465,rua,Rua do Estaleiro,Muruci (Fazendinha),572484b1-1e48-4d7a-8864-2304f1a0f611,AP
01a02d5f-b9b0-71d3-ba5a-4ff5ae53d32d,68908790,rua,Rua do Limão,Infraero,572484b1-1e48-4d7a-8864-2304f1a0f611,AP
01a03136-9233-7cce-9ad5-5592f8e609b4,68908790,rua,Rua do Limão,Infraero,572484b1-1e48-4d7a-8864-2304f1a0f611,AP
01a02d5f-c3df-7f0a-8b7d-4375c2fc37a3,68911080,rua,Rua do Matadouro,Fazendinha,572484b1-1e48-4d7a-8864-2304f1a0f611,AP
01a03136-a135-77dd-8979-5cfa4bbc10db,68911080,rua,Rua do Matadouro,Fazendinha,572484b1-1e48-4d7a-8864-2304f1a0f611,AP
01a02d5f-d00c-73d6-b843-0f7d890c9ea6,68906451,rua,Rua do Prazer,Marabaixo,572484b1-1e48-4d7a-8864-2304f1a0f611,AP
01a03136-b739-798c-a521-7f00891a047e,68906451,rua,Rua do Prazer,Marabaixo,572484b1-1e48-4d7a-8864-2304f1a0f611,AP
01a02d5f-d00b-7b53-b188-36410a30fe46,68906303,rua,Rua do Trilho,Marabaixo,572484b1-1e48-4d7a-8864-2304f1a0f611,AP
01a02d5f-b13d-72b2-9346-4de353edace5,68906165,rua,Rua do Trilho,São José,572484b1-1e48-4d7a-8864-2304f1a0f611,AP
01a03136-6966-77c9-824f-22232f4b38e7,68906165,rua,Rua do Trilho,São José,572484b1-1e48-4d7a-8864-2304f1a0f611,AP
01a03136-b719-7adb-8681-64955f4d345f,68906303,rua,Rua do Trilho,Marabaixo,572484b1-1e48-4d7a-8864-2304f1a0f611,AP
01a02d5f-bbb5-78d8-9558-8a2d365e4e4a,68908807,rua,Rua dos Abacaxis,Infraero,572484b1-1e48-4d7a-8864-2304f1a0f611,AP
01a03136-925e-7953-bfa6-e90ff9592899,68908807,rua,Rua dos Abacaxis,Infraero,572484b1-1e48-4d7a-8864-2304f1a0f611,AP
01a02d5f-bbb6-78e7-887a-5bf2e1b02806,68908832,rua,Rua dos Abius,Infraero,572484b1-1e48-4d7a-8864-2304f1a0f611,AP
01a03136-92a4-79df-9757-a8c11d496777,68908832,rua,Rua dos Abius,Infraero,572484b1-1e48-4d7a-8864-2304f1a0f611,AP
01a02d5f-bbb7-78d6-b35f-c706725ba0c2,68908834,rua,Rua dos Anajás,Infraero,572484b1-1e48-4d7a-8864-2304f1a0f611,AP
01a03136-92ac-78ee-bcaf-40298c9cc62b,68908834,rua,Rua dos Anajás,Infraero,572484b1-1e48-4d7a-8864-2304f1a0f611,AP
01a02d5f-bbb6-78e7-8877-0db31d16b4a1,68908827,rua,Rua dos Ananais,Infraero,572484b1-1e48-4d7a-8864-2304f1a0f611,AP
01a03136-929a-71bb-b461-fdbc25c432a9,68908827,rua,Rua dos Ananais,Infraero,572484b1-1e48-4d7a-8864-2304f1a0f611,AP
01a02d5f-bbb7-78d6-b360-c2309f518659,68908835,rua,Rua dos Araçás,Infraero,572484b1-1e48-4d7a-8864-2304f1a0f611,AP
01a03136-92af-7e1f-a4c1-e5ef29c1e8ec,68908835,rua,Rua dos Araçás,Infraero,572484b1-1e48-4d7a-8864-2304f1a0f611,AP
01a02d5f-bbb7-78d6-b363-ebc821df0364,68908838,rua,Rua dos Buritis,Infraero,572484b1-1e48-4d7a-8864-2304f1a0f611,AP
01a03136-92ba-7fc7-8a59-0db56560c97c,68908838,rua,Rua dos Buritis,Infraero,572484b1-1e48-4d7a-8864-2304f1a0f611,AP
01a02d5f-a878-7809-a0cc-ff38bdf54563,68903372,rua,Rua dos Girassois,Jardim Marco Zero,572484b1-1e48-4d7a-8864-2304f1a0f611,AP
01a03136-73a5-7836-9526-c5a33b0db423,68903372,rua,Rua dos Girassois,Jardim Marco Zero,572484b1-1e48-4d7a-8864-2304f1a0f611,AP
01a02d5f-ce17-788c-9d11-256b37f7056b,68928169,rua,Rua dos Imigrantes,Fonte Nova,324f5453-20fa-4565-9dd4-6c6514f449bf,AP
01a03136-b327-7a81-898b-a94941f1821f,68928169,rua,Rua dos Imigrantes,Fonte Nova,324f5453-20fa-4565-9dd4-6c6514f449bf,AP
01a02d5f-a878-7809-a0c9-1ea5913bf4c1,68903369,rua,Rua dos Jasmins,Jardim Marco Zero,572484b1-1e48-4d7a-8864-2304f1a0f611,AP
01a03136-7399-7b83-be2d-fda69a71ce39,68903369,rua,Rua dos Jasmins,Jardim Marco Zero,572484b1-1e48-4d7a-8864-2304f1a0f611,AP
01a02d5f-bbb7-78d6-b367-970d8f20536e,68908843,rua,Rua dos Jenipapos,Infraero,572484b1-1e48-4d7a-8864-2304f1a0f611,AP
01a03136-92ca-7c60-a981-6115d14589f6,68908843,rua,Rua dos Jenipapos,Infraero,572484b1-1e48-4d7a-8864-2304f1a0f611,AP
01a02d5f-a878-7809-a0cb-bf3a65cc4b17,68903371,rua,Rua dos Lirios,Jardim Marco Zero,572484b1-1e48-4d7a-8864-2304f1a0f611,AP
01a03136-73a1-7a54-ba9a-d5a80aef25e1,68903371,rua,Rua dos Lirios,Jardim Marco Zero,572484b1-1e48-4d7a-8864-2304f1a0f611,AP
01a02d5f-bbb7-78d6-b368-994dcd4a3402,68908844,rua,Rua dos Mamões,Infraero,572484b1-1e48-4d7a-8864-2304f1a0f611,AP
01a03136-92ce-7b44-af80-3df27f84000b,68908844,rua,Rua dos Mamões,Infraero,572484b1-1e48-4d7a-8864-2304f1a0f611,AP
01a02d5f-bbb7-78d6-b369-f0e9a86b2724,68908845,rua,Rua dos Maracujás,Infraero,572484b1-1e48-4d7a-8864-2304f1a0f611,AP
01a03136-92d2-7cf9-9031-c4a05235cfa3,68908845,rua,Rua dos Maracujás,Infraero,572484b1-1e48-4d7a-8864-2304f1a0f611,AP
01a02d5f-bbb7-78d6-b36a-e960553ddc8c,68908846,rua,Rua dos Maris,Infraero,572484b1-1e48-4d7a-8864-2304f1a0f611,AP
01a03136-92d6-72e4-814a-42f331d20614,68908846,rua,Rua dos Maris,Infraero,572484b1-1e48-4d7a-8864-2304f1a0f611,AP
01a02d5f-bbb7-78d6-b36b-ae563aa6f235,68908847,rua,Rua dos Morangos,Infraero,572484b1-1e48-4d7a-8864-2304f1a0f611,AP
01a03136-92da-7384-9ef2-8def03846f51,68908847,rua,Rua dos Morangos,Infraero,572484b1-1e48-4d7a-8864-2304f1a0f611,AP
01a02d5f-bbb7-78d6-b36c-ebb4a95f0e33,68908848,rua,Rua dos Mucajás,Infraero,572484b1-1e48-4d7a-8864-2304f1a0f611,AP
01a03136-92de-71e0-95f2-fc484367d8a2,68908848,rua,Rua dos Mucajás,Infraero,572484b1-1e48-4d7a-8864-2304f1a0f611,AP
01a02d5f-bbb7-78d6-b36d-85dbb6345437,68908849,rua,Rua dos Murucis,Infraero,572484b1-1e48-4d7a-8864-2304f1a0f611,AP
01a03136-92e2-71bb-9fa1-5b428aa4e371,68908849,rua,Rua dos Murucis,Infraero,572484b1-1e48-4d7a-8864-2304f1a0f611,AP
01a02d5f-b36e-79f4-a0ed-4870757a299d,68906807,rua,Rua dos Papaguaios,Cabralzinho,572484b1-1e48-4d7a-8864-2304f1a0f611,AP
01a03136-84f9-7356-9315-fbfa6e2aa3a7,68906807,rua,Rua dos Papaguaios,Cabralzinho,572484b1-1e48-4d7a-8864-2304f1a0f611,AP
01a02d5f-b36d-783b-919e-1f4c0ec0f1f1,68906524,rua,Rua dos Picapaus,Marabaixo,572484b1-1e48-4d7a-8864-2304f1a0f611,AP
01a03136-8478-7a94-9185-6c256d8562e2,68906524,rua,Rua dos Picapaus,Marabaixo,572484b1-1e48-4d7a-8864-2304f1a0f611,AP
01a02d5f-bbb9-7967-8639-23f38e465fe2,68908896,rua,Rua dos Piquiás,Infraero,572484b1-1e48-4d7a-8864-2304f1a0f611,AP
01a03136-937f-7824-9c48-ba8753d0d23f,68908896,rua,Rua dos Piquiás,Infraero,572484b1-1e48-4d7a-8864-2304f1a0f611,AP
01a02d5f-bbb9-7967-8637-2f5b1a9530c8,68908894,rua,Rua dos Tamarindos,Infraero,572484b1-1e48-4d7a-8864-2304f1a0f611,AP
01a03136-9378-7346-83eb-e445458ccaf6,68908894,rua,Rua dos Tamarindos,Infraero,572484b1-1e48-4d7a-8864-2304f1a0f611,AP
01a02d5f-bbb9-7967-863b-bf450c525efa,68908898,rua,Rua dos Taperebás,Infraero,572484b1-1e48-4d7a-8864-2304f1a0f611,AP
01a03136-9386-7a2a-9c85-63e80f342d64,68908898,rua,Rua dos Taperebás,Infraero,572484b1-1e48-4d7a-8864-2304f1a0f611,AP
01a02d5f-bbb9-7967-863c-6f255a55f351,68908899,rua,Rua dos Tucumãs,Infraero,572484b1-1e48-4d7a-8864-2304f1a0f611,AP
01a03136-9596-77da-8e73-5dc54e5f57be,68908899,rua,Rua dos Tucumãs,Infraero,572484b1-1e48-4d7a-8864-2304f1a0f611,AP
01a02d5f-b13c-79f2-b1c3-776f4be27834,68906081,rua,Rua África do Sul,Goiabal,572484b1-1e48-4d7a-8864-2304f1a0f611,AP
01a03136-842b-7140-a044-c9538c65e406,68906081,rua,Rua África do Sul,Goiabal,572484b1-1e48-4d7a-8864-2304f1a0f611,AP
01a02d5f-d00a-71c5-be90-a6b793b0d031,68901450,rua,Rua Álvaro Bezerra,Santa Inês,572484b1-1e48-4d7a-8864-2304f1a0f611,AP
01a03136-b69a-700b-80c8-ba378b0820f0,68901450,rua,Rua Álvaro Bezerra,Santa Inês,572484b1-1e48-4d7a-8864-2304f1a0f611,AP
01a02d5f-ca05-76eb-9045-197aeb56e478,68927054,travessa,Travessa 10,Remedios,324f5453-20fa-4565-9dd4-6c6514f449bf,AP
01a03136-aca3-704e-8554-ac9757fc74b4,68927054,travessa,Travessa 10,Remedios,324f5453-20fa-4565-9dd4-6c6514f449bf,AP
01a02d5f-ca05-7f64-905d-2ccd1f062c88,68927137,travessa,Travessa 11,Provedor I,324f5453-20fa-4565-9dd4-6c6514f449bf,AP
01a03136-acf7-7489-884b-1fdce85c15d0,68927137,travessa,Travessa 11,Provedor I,324f5453-20fa-4565-9dd4-6c6514f449bf,AP
01a02d5f-ca05-7f64-905e-06d1c5b61b6d,68927140,travessa,Travessa 12,Provedor I,324f5453-20fa-4565-9dd4-6c6514f449bf,AP
01a03136-acfb-735d-9c6b-f22b51aa17f3,68927140,travessa,Travessa 12,Provedor I,324f5453-20fa-4565-9dd4-6c6514f449bf,AP
01a02d5f-ca05-7f64-905f-de83b3e1f5d8,68927143,travessa,Travessa 13,Provedor I,324f5453-20fa-4565-9dd4-6c6514f449bf,AP
01a03136-acff-7150-8aa8-a8e85e0d6d02,68927143,travessa,Travessa 13,Provedor I,324f5453-20fa-4565-9dd4-6c6514f449bf,AP
01a02d5f-d209-778e-a2dc-5ec6bd9a4369,68927146,travessa,Travessa 14,Provedor I,324f5453-20fa-4565-9dd4-6c6514f449bf,AP
01a03136-ba8a-7b34-b8fe-78f2eb7b3b68,68927146,travessa,Travessa 14,Provedor I,324f5453-20fa-4565-9dd4-6c6514f449bf,AP
01a02d5f-ca06-77e5-9e93-873c5b05bdb8,68927212,travessa,Travessa 14 de Janeiro,Provedor I,324f5453-20fa-4565-9dd4-6c6514f449bf,AP
01a03136-af70-7207-a86d-b486e3ca8d66,68927212,travessa,Travessa 14 de Janeiro,Provedor I,324f5453-20fa-4565-9dd4-6c6514f449bf,AP
01a02d5f-ca05-7f64-905b-96737b6772dd,68927131,travessa,Travessa 15,Provedor I,324f5453-20fa-4565-9dd4-6c6514f449bf,AP
01a02d5f-ca05-76eb-9044-8af6e710dab5,68927051,travessa,Travessa 15,Remedios,324f5453-20fa-4565-9dd4-6c6514f449bf,AP
01a03136-ac9e-7746-b2ee-111919c25587,68927051,travessa,Travessa 15,Remedios,324f5453-20fa-4565-9dd4-6c6514f449bf,AP
01a03136-acef-7c96-b59f-d7ba977ed293,68927131,travessa,Travessa 15,Provedor I,324f5453-20fa-4565-9dd4-6c6514f449bf,AP
01a02d5f-ca06-77e5-9e8e-0c8aa8cfed8c,68927197,travessa,Travessa 16,Provedor I,324f5453-20fa-4565-9dd4-6c6514f449bf,AP
01a03136-af5b-776e-9b3a-0b66e775e931,68927197,travessa,Travessa 16,Provedor I,324f5453-20fa-4565-9dd4-6c6514f449bf,AP
01a02d5f-ca06-77e5-9e8f-5a8565ae5a24,68927200,travessa,Travessa 17,Provedor I,324f5453-20fa-4565-9dd4-6c6514f449bf,AP
01a03136-af63-7b82-be12-9f662b5192dd,68927200,travessa,Travessa 17,Provedor I,324f5453-20fa-4565-9dd4-6c6514f449bf,AP
01a02d5f-ca05-7f64-9060-8fa67a9db552,68927149,travessa,Travessa 18,Provedor I,324f5453-20fa-4565-9dd4-6c6514f449bf,AP
01a03136-ad02-7f4a-8b99-19e5b5c115c6,68927149,travessa,Travessa 18,Provedor I,324f5453-20fa-4565-9dd4-6c6514f449bf,AP
01a02d5f-ca06-77e5-9e81-547ad8e65b2d,68927152,travessa,Travessa 19,Provedor I,324f5453-20fa-4565-9dd4-6c6514f449bf,AP
01a03136-ad06-7457-a377-1dd61f796d13,68927152,travessa,Travessa 19,Provedor I,324f5453-20fa-4565-9dd4-6c6514f449bf,AP
01a02d5f-cc1a-76a4-a266-8710ef43b505,68927305,travessa,Travessa 1º de Maio,Nova Brasília,324f5453-20fa-4565-9dd4-6c6514f449bf,AP
01a03136-afd1-7fc0-903e-ab124f661dbd,68927305,travessa,Travessa 1º de Maio,Nova Brasília,324f5453-20fa-4565-9dd4-6c6514f449bf,AP
01a02d5f-ca04-7e38-baae-02431aa5e176,68927024,travessa,Travessa 2,Remedios,324f5453-20fa-4565-9dd4-6c6514f449bf,AP
01a03136-ac81-7236-96b5-e439e99824b2,68927024,travessa,Travessa 2,Remedios,324f5453-20fa-4565-9dd4-6c6514f449bf,AP
01a02d5f-d209-778e-a2dd-b860316c13d1,68927155,travessa,Travessa 20,Provedor I,324f5453-20fa-4565-9dd4-6c6514f449bf,AP
01a03136-ba8d-7820-8344-ed3a0705f07f,68927155,travessa,Travessa 20,Provedor I,324f5453-20fa-4565-9dd4-6c6514f449bf,AP
01a02d5f-ca06-77e5-9e8c-9a96bb1298e4,68927191,travessa,Travessa 21,Provedor I,324f5453-20fa-4565-9dd4-6c6514f449bf,AP
01a03136-ad30-7a1d-a6c6-f657cf134c72,68927191,travessa,Travessa 21,Provedor I,324f5453-20fa-4565-9dd4-6c6514f449bf,AP
01a02d5f-ca06-77e5-9e8b-ec3148f0724f,68927188,travessa,Travessa 22,Provedor I,324f5453-20fa-4565-9dd4-6c6514f449bf,AP
01a03136-ad2c-7c81-bb00-5e4baca6d764,68927188,travessa,Travessa 22,Provedor I,324f5453-20fa-4565-9dd4-6c6514f449bf,AP
01a02d5f-ca06-77e5-9e8a-c3ab87f4154b,68927185,travessa,Travessa 23,Provedor I,324f5453-20fa-4565-9dd4-6c6514f449bf,AP
01a03136-ad29-789f-828b-052d8a0a1102,68927185,travessa,Travessa 23,Provedor I,324f5453-20fa-4565-9dd4-6c6514f449bf,AP
01a02d5f-ca06-77e5-9e89-f2893702a834,68927182,travessa,Travessa 24,Provedor I,324f5453-20fa-4565-9dd4-6c6514f449bf,AP
01a03136-ad25-78ed-9b93-fae4b505eb91,68927182,travessa,Travessa 24,Provedor I,324f5453-20fa-4565-9dd4-6c6514f449bf,AP
01a02d5f-ca06-77e5-9e88-b3917531269c,68927179,travessa,Travessa 25,Provedor I,324f5453-20fa-4565-9dd4-6c6514f449bf,AP
01a03136-ad21-7b4c-b1e6-d786fe0ffaab,68927179,travessa,Travessa 25,Provedor I,324f5453-20fa-4565-9dd4-6c6514f449bf,AP
01a02d5f-cc1a-76a4-a268-c320b80607ba,68927311,travessa,Travessa 25 de Dezembro,Nova Brasília,324f5453-20fa-4565-9dd4-6c6514f449bf,AP
01a03136-afd8-7003-acef-a06aff3d96f9,68927311,travessa,Travessa 25 de Dezembro,Nova Brasília,324f5453-20fa-4565-9dd4-6c6514f449bf,AP
01a02d5f-ca06-77e5-9e87-a5d7a26d0f5c,68927176,travessa,Travessa 26,Provedor I,324f5453-20fa-4565-9dd4-6c6514f449bf,AP
01a03136-ad1d-7d68-ab5e-348131cdf09a,68927176,travessa,Travessa 26,Provedor I,324f5453-20fa-4565-9dd4-6c6514f449bf,AP
01a02d5f-ca05-76eb-903d-25ec8afc9b70,68927030,travessa,Travessa 3,Remedios,324f5453-20fa-4565-9dd4-6c6514f449bf,AP
01a03136-ac87-7e41-a658-eb1b06a62671,68927030,travessa,Travessa 3,Remedios,324f5453-20fa-4565-9dd4-6c6514f449bf,AP
01a02d5f-c5ec-7c2f-8687-d824616dcc3d,68925037,travessa,Travessa 30 de Novembro,Comercial,324f5453-20fa-4565-9dd4-6c6514f449bf,AP
01a03136-a525-7e97-90c0-de71351d9898,68925037,travessa,Travessa 30 de Novembro,Comercial,324f5453-20fa-4565-9dd4-6c6514f449bf,AP
01a02d5f-c5ec-7c2f-868c-b19016e35a03,68925052,travessa,Travessa 31 de Março,Comercial,324f5453-20fa-4565-9dd4-6c6514f449bf,AP
01a03136-a53e-75f5-8349-e3664a663bdd,68925052,travessa,Travessa 31 de Março,Comercial,324f5453-20fa-4565-9dd4-6c6514f449bf,AP
01a02d5f-ca05-76eb-903e-7400b219a350,68927033,travessa,Travessa 4,Remedios,324f5453-20fa-4565-9dd4-6c6514f449bf,AP
01a03136-ac8b-7302-b245-aaf3a837cc16,68927033,travessa,Travessa 4,Remedios,324f5453-20fa-4565-9dd4-6c6514f449bf,AP
01a02d5f-ca05-76eb-903f-85735471a5c0,68927036,travessa,Travessa 5,Remedios,324f5453-20fa-4565-9dd4-6c6514f449bf,AP
01a03136-ac8e-7838-a57f-19a3f889a198,68927036,travessa,Travessa 5,Remedios,324f5453-20fa-4565-9dd4-6c6514f449bf,AP
01a02d5f-ca05-76eb-9040-f9618c394e57,68927039,travessa,Travessa 6,Remedios,324f5453-20fa-4565-9dd4-6c6514f449bf,AP
01a03136-ac92-7695-af3b-b4b28ca9fb38,68927039,travessa,Travessa 6,Remedios,324f5453-20fa-4565-9dd4-6c6514f449bf,AP
01a02d5f-ca05-76eb-9041-1db6043d5d7f,68927042,travessa,Travessa 7,Remedios,324f5453-20fa-4565-9dd4-6c6514f449bf,AP
01a03136-ac95-7b41-83fb-c5786579933f,68927042,travessa,Travessa 7,Remedios,324f5453-20fa-4565-9dd4-6c6514f449bf,AP
01a02d5f-ca05-76eb-9042-09cd8a78c683,68927045,travessa,Travessa 8,Remedios,324f5453-20fa-4565-9dd4-6c6514f449bf,AP
01a03136-ac98-7ffb-b7f8-9d23cd5a19e8,68927045,travessa,Travessa 8,Remedios,324f5453-20fa-4565-9dd4-6c6514f449bf,AP
01a02d5f-ca05-76eb-9043-6bc0da634c70,68927048,travessa,Travessa 9,Remedios,324f5453-20fa-4565-9dd4-6c6514f449bf,AP
01a03136-ac9c-7492-9d3d-b5597caf00e2,68927048,travessa,Travessa 9,Remedios,324f5453-20fa-4565-9dd4-6c6514f449bf,AP
01a02d5f-acd6-7612-893f-0dd1c3c94810,68903882,travessa,Travessa A,Araxá,572484b1-1e48-4d7a-8864-2304f1a0f611,AP
01a02d5f-c7eb-7d57-aa4e-a160ce4fa371,68926012,travessa,Travessa A,Novo Horizonte,324f5453-20fa-4565-9dd4-6c6514f449bf,AP
01a03136-79c7-735c-b471-fbbf0b9d442a,68903882,travessa,Travessa A,Araxá,572484b1-1e48-4d7a-8864-2304f1a0f611,AP
01a03136-a8e5-7ee0-b910-0a3627131533,68926012,travessa,Travessa A,Novo Horizonte,324f5453-20fa-4565-9dd4-6c6514f449bf,AP
01a02d5f-ca05-7f64-9058-9bc569e6fbec,68927116,travessa,Travessa A R Lima,Provedor I,324f5453-20fa-4565-9dd4-6c6514f449bf,AP
01a03136-ace4-7a07-9121-bc492246b3a9,68927116,travessa,Travessa A R Lima,Provedor I,324f5453-20fa-4565-9dd4-6c6514f449bf,AP
01a02d5f-a41e-7468-b87e-d75135b20f37,68901550,travessa,Travessa Acelino de Leão,Santa Inês,572484b1-1e48-4d7a-8864-2304f1a0f611,AP
01a03136-6c00-78ee-90af-f393de672f25,68901550,travessa,Travessa Acelino de Leão,Santa Inês,572484b1-1e48-4d7a-8864-2304f1a0f611,AP
01a02d5f-c7eb-7d57-aa41-5915a28a0b20,68925314,travessa,Travessa Acerola,Elesbão,324f5453-20fa-4565-9dd4-6c6514f449bf,AP
01a03136-a8b1-7872-a53c-25f6afb17240,68925314,travessa,Travessa Acerola,Elesbão,324f5453-20fa-4565-9dd4-6c6514f449bf,AP
01a02d5f-a877-767a-b938-8309e289ea87,68903252,travessa,Travessa Albino Pena Alves,Jardim Marco Zero,572484b1-1e48-4d7a-8864-2304f1a0f611,AP
01a03136-72fd-7360-b5e8-d76856ed3813,68903252,travessa,Travessa Albino Pena Alves,Jardim Marco Zero,572484b1-1e48-4d7a-8864-2304f1a0f611,AP
01a02d5f-d207-7d87-85d4-2d0b8edd7ff1,68906490,travessa,Travessa Alverne,Marabaixo,572484b1-1e48-4d7a-8864-2304f1a0f611,AP
01a03136-b9ac-7641-9c41-c63bdcedfd29,68906490,travessa,Travessa Alverne,Marabaixo,572484b1-1e48-4d7a-8864-2304f1a0f611,AP
01a02d5f-b36e-7134-a0db-502f3c042d9e,68906648,travessa,Travessa Alvorada,Alvorada,572484b1-1e48-4d7a-8864-2304f1a0f611,AP
01a03136-84c1-7624-9079-a243887f2446,68906648,travessa,Travessa Alvorada,Alvorada,572484b1-1e48-4d7a-8864-2304f1a0f611,AP
01a02d5f-c1d8-75a0-8afd-f88a0ad5317a,68909714,travessa,Travessa Amazonas,Lagoa Azul,572484b1-1e48-4d7a-8864-2304f1a0f611,AP
01a03136-9d30-7b20-a628-44238c9de247,68909714,travessa,Travessa Amazonas,Lagoa Azul,572484b1-1e48-4d7a-8864-2304f1a0f611,AP
01a02d5f-a877-767a-b92d-685e08023142,68903208,travessa,Travessa Ametista,Jardim Marco Zero,572484b1-1e48-4d7a-8864-2304f1a0f611,AP
01a03136-72d9-715f-824d-8abe38a8cfd1,68903208,travessa,Travessa Ametista,Jardim Marco Zero,572484b1-1e48-4d7a-8864-2304f1a0f611,AP
01a02d5f-cc1a-76a4-a26c-afbe6aa8ec26,68927326,travessa,Travessa Amélia Silva,Nova Brasília,324f5453-20fa-4565-9dd4-6c6514f449bf,AP
01a03136-afe5-7785-b2e5-f6668ae59b30,68927326,travessa,Travessa Amélia Silva,Nova Brasília,324f5453-20fa-4565-9dd4-6c6514f449bf,AP
01a02d5f-ce16-7fd0-a085-0c03116b3f6a,68928087,travessa,Travessa América,Paraíso,324f5453-20fa-4565-9dd4-6c6514f449bf,AP
01a02d5f-c7ec-76ac-a79e-948293f93169,68926052,travessa,Travessa América,Novo Horizonte,324f5453-20fa-4565-9dd4-6c6514f449bf,AP
01a03136-a90c-72cd-b494-35a7b4a2c841,68926052,travessa,Travessa América,Novo Horizonte,324f5453-20fa-4565-9dd4-6c6514f449bf,AP
01a03136-b2d4-7a39-9935-fd199f08af23,68928087,travessa,Travessa América,Paraíso,324f5453-20fa-4565-9dd4-6c6514f449bf,AP
01a02d5f-cc1c-706d-821f-6992cf0f3c1a,68927411,travessa,Travessa Américo Vespúcio,Provedor,324f5453-20fa-4565-9dd4-6c6514f449bf,AP
01a02d5f-cc1a-7f3f-a273-46982ce4018c,68927347,travessa,Travessa Américo Vespúcio,Nova Brasília,324f5453-20fa-4565-9dd4-6c6514f449bf,AP
01a03136-affb-7c9e-b1e4-59813c3e05c7,68927347,travessa,Travessa Américo Vespúcio,Nova Brasília,324f5453-20fa-4565-9dd4-6c6514f449bf,AP
01a03136-b039-7299-9aec-899b60ee0a27,68927411,travessa,Travessa Américo Vespúcio,Provedor,324f5453-20fa-4565-9dd4-6c6514f449bf,AP
01a02d5f-ca05-7f64-9057-3cb1b464a789,68927113,travessa,Travessa Ana Maria Coelho,Provedor I,324f5453-20fa-4565-9dd4-6c6514f449bf,AP
01a03136-ace0-7fa9-8ab8-e752c9119238,68927113,travessa,Travessa Ana Maria Coelho,Provedor I,324f5453-20fa-4565-9dd4-6c6514f449bf,AP
01a02d5f-d209-778e-a2e0-5108322d83e4,68903120,travessa,Travessa Anibal Barcelos,Pedrinhas,572484b1-1e48-4d7a-8864-2304f1a0f611,AP
01a03136-ba96-7f22-add6-f41681049a83,68903120,travessa,Travessa Anibal Barcelos,Pedrinhas,572484b1-1e48-4d7a-8864-2304f1a0f611,AP
01a02d5f-af06-723f-9dd5-1679408db4f2,68904811,travessa,Travessa Antônio Ferreira de Jesus,Novo Buritizal,572484b1-1e48-4d7a-8864-2304f1a0f611,AP
01a03136-7d7e-737e-99eb-b9638c83f958,68904811,travessa,Travessa Antônio Ferreira de Jesus,Novo Buritizal,572484b1-1e48-4d7a-8864-2304f1a0f611,AP
01a02d5f-cc1a-76a4-a26e-d2aa3df44bef,68927332,travessa,Travessa Antônio Izaias Brandão,Nova Brasília,324f5453-20fa-4565-9dd4-6c6514f449bf,AP
01a03136-afeb-7dc9-8c63-120db2ff2dd0,68927332,travessa,Travessa Antônio Izaias Brandão,Nova Brasília,324f5453-20fa-4565-9dd4-6c6514f449bf,AP
01a02d5f-cc1a-7f3f-a276-4ef632a822f8,68927360,travessa,Travessa Apolônio Gomes,Provedor,324f5453-20fa-4565-9dd4-6c6514f449bf,AP
01a02d5f-cc19-7e0d-a01a-207baf0d546f,68927284,travessa,Travessa Apolônio Gomes,Nova Brasília,324f5453-20fa-4565-9dd4-6c6514f449bf,AP
01a03136-afba-7cdd-abce-9898bd7d82e5,68927284,travessa,Travessa Apolônio Gomes,Nova Brasília,324f5453-20fa-4565-9dd4-6c6514f449bf,AP
01a03136-b004-7635-88a7-70b380df5354,68927360,travessa,Travessa Apolônio Gomes,Provedor,324f5453-20fa-4565-9dd4-6c6514f449bf,AP
01a02d5f-aaa9-7e53-9c2a-af48a9a5915e,68903494,travessa,Travessa Araguaia,Universidade,572484b1-1e48-4d7a-8864-2304f1a0f611,AP
01a03136-7664-7a4a-bfb9-5dad0cf4ebb7,68903494,travessa,Travessa Araguaia,Universidade,572484b1-1e48-4d7a-8864-2304f1a0f611,AP
01a02d5f-b36e-79f4-a0f7-c190ab59c331,68906818,travessa,Travessa Arara Azul,Cabralzinho,572484b1-1e48-4d7a-8864-2304f1a0f611,AP
01a03136-851a-7161-ac15-ec23eb88a47e,68906818,travessa,Travessa Arara Azul,Cabralzinho,572484b1-1e48-4d7a-8864-2304f1a0f611,AP
01a02d5f-c5eb-7289-aca6-59c283af9000,68911432,travessa,Travessa Ariosvaldo Viera dos Santos,Muruci (Fazendinha),572484b1-1e48-4d7a-8864-2304f1a0f611,AP
01a03136-a479-7242-9ea6-a44df1194920,68911432,travessa,Travessa Ariosvaldo Viera dos Santos,Muruci (Fazendinha),572484b1-1e48-4d7a-8864-2304f1a0f611,AP
01a02d5f-c5ea-79ec-95e1-6df71cde426a,68911370,travessa,Travessa Arnaldo de Almeida Rodrigues,Muruci (Fazendinha),572484b1-1e48-4d7a-8864-2304f1a0f611,AP
01a03136-a440-71a3-8c4e-c6502dd163c3,68911370,travessa,Travessa Arnaldo de Almeida Rodrigues,Muruci (Fazendinha),572484b1-1e48-4d7a-8864-2304f1a0f611,AP
01a02d5f-d62d-725c-b4db-2c4e58f00ee9,68909386,travessa,Travessa Asmobil,Brasil Novo,572484b1-1e48-4d7a-8864-2304f1a0f611,AP
01a03136-c130-75b9-b111-0ba1d98c9358,68909386,travessa,Travessa Asmobil,Brasil Novo,572484b1-1e48-4d7a-8864-2304f1a0f611,AP
01a02d5f-d822-76b7-bf63-43069a408bf2,68925221,travessa,Travessa Atlântico,Central,324f5453-20fa-4565-9dd4-6c6514f449bf,AP
01a03136-c3f5-7368-aea2-88d26b9a1872,68925221,travessa,Travessa Atlântico,Central,324f5453-20fa-4565-9dd4-6c6514f449bf,AP
01a02d5f-ca05-76eb-9047-145f526cd515,68927060,travessa,Travessa Atlântida,Remedios,324f5453-20fa-4565-9dd4-6c6514f449bf,AP
01a03136-aca9-7cd3-ad9f-e5bcfa32f825,68927060,travessa,Travessa Atlântida,Remedios,324f5453-20fa-4565-9dd4-6c6514f449bf,AP
01a02d5f-acd7-777c-a3be-4a24fe139da1,68904120,travessa,Travessa Avó Guardina,Novo Buritizal,572484b1-1e48-4d7a-8864-2304f1a0f611,AP
01a03136-7a37-7d02-bed6-fe5f831a498f,68904120,travessa,Travessa Avó Guardina,Novo Buritizal,572484b1-1e48-4d7a-8864-2304f1a0f611,AP
01a02d5f-ce18-7a25-a7df-daf6a515524e,68928340,travessa,Travessa Açaí,Fonte Nova,324f5453-20fa-4565-9dd4-6c6514f449bf,AP
01a02d5f-c7eb-7d57-aa3e-cfb869f4821f,68925302,travessa,Travessa Açaí,Elesbão,324f5453-20fa-4565-9dd4-6c6514f449bf,AP
01a03136-a8a6-7b5c-8863-299b3474870c,68925302,travessa,Travessa Açaí,Elesbão,324f5453-20fa-4565-9dd4-6c6514f449bf,AP
01a03136-b3e6-7361-ab06-053675ace9b4,68928340,travessa,Travessa Açaí,Fonte Nova,324f5453-20fa-4565-9dd4-6c6514f449bf,AP
01a02d5f-acd6-7612-8941-de86ffcf3c84,68903884,travessa,Travessa B,Araxá,572484b1-1e48-4d7a-8864-2304f1a0f611,AP
01a02d5f-c7eb-7d57-aa4f-522a8fb95eab,68926016,travessa,Travessa B,Novo Horizonte,324f5453-20fa-4565-9dd4-6c6514f449bf,AP
01a03136-79cd-733b-a37c-2026b4d06399,68903884,travessa,Travessa B,Araxá,572484b1-1e48-4d7a-8864-2304f1a0f611,AP
01a03136-a8e9-7a5a-af67-974c7cd99f3d,68926016,travessa,Travessa B,Novo Horizonte,324f5453-20fa-4565-9dd4-6c6514f449bf,AP
01a02d5f-d823-77f0-b4d8-595310d0c2b2,68929558,travessa,Travessa Baia do Guajará,Distrito Industrial,324f5453-20fa-4565-9dd4-6c6514f449bf,AP
01a03136-c469-797a-bd7f-446d553f6208,68929558,travessa,Travessa Baia do Guajará,Distrito Industrial,324f5453-20fa-4565-9dd4-6c6514f449bf,AP
01a02d5f-d415-7a4d-bde9-dc8660fa28c3,68905887,travessa,Travessa Baixada da Ceará,Perpétuo Socorro,572484b1-1e48-4d7a-8864-2304f1a0f611,AP
01a03136-bd49-76b3-9386-a995c20f1a1b,68905887,travessa,Travessa Baixada da Ceará,Perpétuo Socorro,572484b1-1e48-4d7a-8864-2304f1a0f611,AP
01a02d5f-d415-7a4d-bde7-30946fba8564,68905885,travessa,Travessa Baixada da Maranhão,Perpétuo Socorro,572484b1-1e48-4d7a-8864-2304f1a0f611,AP
01a03136-bd42-7d5a-95be-6bb6ea49ef65,68905885,travessa,Travessa Baixada da Maranhão,Perpétuo Socorro,572484b1-1e48-4d7a-8864-2304f1a0f611,AP
01a02d5f-d415-7a4d-bde8-331cc3045d64,68905886,travessa,Travessa Baixada da Piauí,Perpétuo Socorro,572484b1-1e48-4d7a-8864-2304f1a0f611,AP
01a03136-bd46-71cd-9d35-b5382edc987e,68905886,travessa,Travessa Baixada da Piauí,Perpétuo Socorro,572484b1-1e48-4d7a-8864-2304f1a0f611,AP
01a02d5f-d62c-7182-b6ea-fbc441de6658,68909347,travessa,Travessa Bananal,Brasil Novo,572484b1-1e48-4d7a-8864-2304f1a0f611,AP
01a03136-c0e4-7b9a-94e2-96577edba428,68909347,travessa,Travessa Bananal,Brasil Novo,572484b1-1e48-4d7a-8864-2304f1a0f611,AP
01a02d5f-d62c-79e2-b6f0-bc10d88a2585,68909354,travessa,Travessa Bananeira,Brasil Novo,572484b1-1e48-4d7a-8864-2304f1a0f611,AP
01a03136-c0f7-7f3f-a783-c2a719d2e9a7,68909354,travessa,Travessa Bananeira,Brasil Novo,572484b1-1e48-4d7a-8864-2304f1a0f611,AP
01a02d5f-c3df-7f0a-8b7f-f07d0f838cee,68911090,travessa,Travessa Bela Vista,Fazendinha,572484b1-1e48-4d7a-8864-2304f1a0f611,AP
01a03136-a13c-7d14-9ca0-c84b447cae28,68911090,travessa,Travessa Bela Vista,Fazendinha,572484b1-1e48-4d7a-8864-2304f1a0f611,AP
01a02d5f-c5ec-7383-8674-986172718366,68911970,travessa,Travessa Bela Vista 281,Fazendinha,572484b1-1e48-4d7a-8864-2304f1a0f611,AP
01a03136-a4c6-7ff0-be17-4fa51e487407,68911970,travessa,Travessa Bela Vista 281,Fazendinha,572484b1-1e48-4d7a-8864-2304f1a0f611,AP
01a02d5f-d209-778e-a2df-8f71588575a8,68928343,travessa,Travessa Bem-te-vi,Fonte Nova,324f5453-20fa-4565-9dd4-6c6514f449bf,AP
01a03136-ba94-71ee-8c8c-6eb586cf2c63,68928343,travessa,Travessa Bem-te-vi,Fonte Nova,324f5453-20fa-4565-9dd4-6c6514f449bf,AP
01a02d5f-aaab-7afa-bdc4-05420724ed6f,68903752,travessa,Travessa Benjamim Constant.,Universidade,572484b1-1e48-4d7a-8864-2304f1a0f611,AP
01a03136-76f2-7566-b252-a303caac31b3,68903752,travessa,Travessa Benjamim Constant.,Universidade,572484b1-1e48-4d7a-8864-2304f1a0f611,AP
01a02d5f-c5eb-7289-aca5-a43148f34951,68911431,travessa,Travessa Benoni Peres Ferreira Gomes,Muruci (Fazendinha),572484b1-1e48-4d7a-8864-2304f1a0f611,AP
01a03136-a475-7785-aa18-4360bf32ff20,68911431,travessa,Travessa Benoni Peres Ferreira Gomes,Muruci (Fazendinha),572484b1-1e48-4d7a-8864-2304f1a0f611,AP
01a02d5f-cc19-7e0d-a016-04f9b74ab59c,68927272,travessa,Travessa Bernardo de Melo,Nova Brasília,324f5453-20fa-4565-9dd4-6c6514f449bf,AP
01a03136-afae-7aed-86de-96627775f89c,68927272,travessa,Travessa Bernardo de Melo,Nova Brasília,324f5453-20fa-4565-9dd4-6c6514f449bf,AP
01a02d5f-c7eb-7d57-aa40-518d560c1308,68925310,travessa,Travessa Biribá,Elesbão,324f5453-20fa-4565-9dd4-6c6514f449bf,AP
01a03136-a8ad-7d1c-929c-88340e10eb0f,68925310,travessa,Travessa Biribá,Elesbão,324f5453-20fa-4565-9dd4-6c6514f449bf,AP
01a02d5f-d207-7d87-85cb-f77d9984f7a1,68906481,travessa,Travessa Bom Jardin,Marabaixo,572484b1-1e48-4d7a-8864-2304f1a0f611,AP
01a03136-b98d-7b95-bfad-2a471a1fe314,68906481,travessa,Travessa Bom Jardin,Marabaixo,572484b1-1e48-4d7a-8864-2304f1a0f611,AP
01a02d5f-aaa9-7e53-9c32-01c580157211,68903505,travessa,Travessa Bom Jesus,Universidade,572484b1-1e48-4d7a-8864-2304f1a0f611,AP
01a03136-767f-78cb-b982-0edc4626e52d,68903505,travessa,Travessa Bom Jesus,Universidade,572484b1-1e48-4d7a-8864-2304f1a0f611,AP
01a02d5f-d62c-79e2-b6fc-ddabb852ca92,68909367,travessa,Travessa Buriti,Brasil Novo,572484b1-1e48-4d7a-8864-2304f1a0f611,AP
01a03136-c11d-7449-851e-33927c9dbe93,68909367,travessa,Travessa Buriti,Brasil Novo,572484b1-1e48-4d7a-8864-2304f1a0f611,AP
01a02d5f-acd6-7612-8943-a08dbab25234,68903886,travessa,Travessa C,Araxá,572484b1-1e48-4d7a-8864-2304f1a0f611,AP
01a02d5f-c7eb-7d57-aa50-e1d61e148a5a,68926020,travessa,Travessa C,Novo Horizonte,324f5453-20fa-4565-9dd4-6c6514f449bf,AP
01a03136-79d3-7dbd-9390-d65172716c34,68903886,travessa,Travessa C,Araxá,572484b1-1e48-4d7a-8864-2304f1a0f611,AP
01a03136-a8ed-7846-b9ee-6b8385856d42,68926020,travessa,Travessa C,Novo Horizonte,324f5453-20fa-4565-9dd4-6c6514f449bf,AP
01a02d5f-cc19-7563-a00d-c4e7d79b62bb,68927245,travessa,Travessa C Abreu,Nova Brasília,324f5453-20fa-4565-9dd4-6c6514f449bf,AP
01a03136-af92-73c2-99a2-4d890d392de1,68927245,travessa,Travessa C Abreu,Nova Brasília,324f5453-20fa-4565-9dd4-6c6514f449bf,AP
01a02d5f-cc19-7563-a00c-494f29c00c20,68927242,travessa,Travessa C Martel,Nova Brasília,324f5453-20fa-4565-9dd4-6c6514f449bf,AP
01a03136-af8e-7e3e-8784-990e113b607b,68927242,travessa,Travessa C Martel,Nova Brasília,324f5453-20fa-4565-9dd4-6c6514f449bf,AP
01a02d5f-d00d-7527-83e6-372ac58c4201,68906470,travessa,Travessa Cacique Curuma,Marabaixo,572484b1-1e48-4d7a-8864-2304f1a0f611,AP
01a03136-b96a-76e3-a8e2-f76b36042ca0,68906470,travessa,Travessa Cacique Curuma,Marabaixo,572484b1-1e48-4d7a-8864-2304f1a0f611,AP
01a02d5f-d62d-725c-b4da-6ba526364736,68909384,travessa,Travessa Caju,Brasil Novo,572484b1-1e48-4d7a-8864-2304f1a0f611,AP
01a03136-c12c-7f4c-9157-4b7f756098eb,68909384,travessa,Travessa Caju,Brasil Novo,572484b1-1e48-4d7a-8864-2304f1a0f611,AP
01a02d5f-c5ec-7c2f-8688-77591d72c400,68925040,travessa,Travessa Calçoene,Comercial,324f5453-20fa-4565-9dd4-6c6514f449bf,AP
01a03136-a52a-7f6b-8d0f-e75b72db3e57,68925040,travessa,Travessa Calçoene,Comercial,324f5453-20fa-4565-9dd4-6c6514f449bf,AP
01a02d5f-bdb4-7573-a27b-1037e1e1c500,68909014,travessa,Travessa Carlos Almeida de Souza,Jardim Felicidade,572484b1-1e48-4d7a-8864-2304f1a0f611,AP
01a03136-95db-7463-b578-1994514a93f9,68909014,travessa,Travessa Carlos Almeida de Souza,Jardim Felicidade,572484b1-1e48-4d7a-8864-2304f1a0f611,AP
01a02d5f-a645-7a87-9cd3-3b01cfa86ded,68902874,travessa,Travessa Cinco,Buritizal,572484b1-1e48-4d7a-8864-2304f1a0f611,AP
01a02d5f-cc1d-71f4-a155-59611111e27a,68928036,travessa,Travessa Cinco,Paraíso,324f5453-20fa-4565-9dd4-6c6514f449bf,AP
01a03136-6fbd-741c-ba77-90f5abea3dce,68902874,travessa,Travessa Cinco,Buritizal,572484b1-1e48-4d7a-8864-2304f1a0f611,AP
01a03136-b097-708a-9d1f-2b946ac9e294,68928036,travessa,Travessa Cinco,Paraíso,324f5453-20fa-4565-9dd4-6c6514f449bf,AP
01a02d5f-acd7-777c-a3bf-3ac425d9a9e4,68904125,travessa,Travessa Cinco de Outubro,Novo Buritizal,572484b1-1e48-4d7a-8864-2304f1a0f611,AP
01a03136-7a3b-7f19-a545-b7852ab9fb99,68904125,travessa,Travessa Cinco de Outubro,Novo Buritizal,572484b1-1e48-4d7a-8864-2304f1a0f611,AP
01a02d5f-acd6-7612-894a-563878afb01f,68904015,travessa,Travessa Clodóvio Coelho,Novo Buritizal,572484b1-1e48-4d7a-8864-2304f1a0f611,AP
01a03136-79eb-72dd-a64b-848dbccd309a,68904015,travessa,Travessa Clodóvio Coelho,Novo Buritizal,572484b1-1e48-4d7a-8864-2304f1a0f611,AP
01a02d5f-cc1c-706d-8220-13abf1f2d35b,68927414,travessa,Travessa Coelho Vasques,Provedor,324f5453-20fa-4565-9dd4-6c6514f449bf,AP
01a03136-b03c-79e1-b12d-38e47b78c34a,68927414,travessa,Travessa Coelho Vasques,Provedor,324f5453-20fa-4565-9dd4-6c6514f449bf,AP
01a02d5f-c5eb-7289-aca0-612d9108032c,68911411,travessa,Travessa Constancia Leão Tomaz,Muruci (Fazendinha),572484b1-1e48-4d7a-8864-2304f1a0f611,AP
01a03136-a460-7004-98ef-b95a8d412e47,68911411,travessa,Travessa Constancia Leão Tomaz,Muruci (Fazendinha),572484b1-1e48-4d7a-8864-2304f1a0f611,AP
01a02d5f-a877-767a-b935-d81f828f7c41,68903245,travessa,Travessa Cristal,Jardim Marco Zero,572484b1-1e48-4d7a-8864-2304f1a0f611,AP
01a03136-72f3-7358-bf5c-007ce6c69dd9,68903245,travessa,Travessa Cristal,Jardim Marco Zero,572484b1-1e48-4d7a-8864-2304f1a0f611,AP
01a02d5f-d62d-725c-b4e7-e05ea0f8f746,68909622,travessa,Travessa Cupiuba,Boné Azul,572484b1-1e48-4d7a-8864-2304f1a0f611,AP
01a03136-c364-7e09-91f9-0d0e7f564fa1,68909622,travessa,Travessa Cupiuba,Boné Azul,572484b1-1e48-4d7a-8864-2304f1a0f611,AP
01a02d5f-a41e-7468-b882-cb27f2756766,68901591,travessa,Travessa Cândido Portinari,Nova Esperança,572484b1-1e48-4d7a-8864-2304f1a0f611,AP
01a03136-6c0d-7f44-ac4d-c63b4a3222e5,68901591,travessa,Travessa Cândido Portinari,Nova Esperança,572484b1-1e48-4d7a-8864-2304f1a0f611,AP
01a02d5f-acd6-7612-8944-c35b455cacc8,68903887,travessa,Travessa D,Araxá,572484b1-1e48-4d7a-8864-2304f1a0f611,AP
01a02d5f-d415-7a4d-bdeb-728ef71658aa,68926013,travessa,Travessa D,Novo Horizonte,324f5453-20fa-4565-9dd4-6c6514f449bf,AP
01a03136-79d7-723b-8e40-17fbdb68c7ef,68903887,travessa,Travessa D,Araxá,572484b1-1e48-4d7a-8864-2304f1a0f611,AP
01a03136-bd4f-7ecd-89be-fc856b083b55,68926013,travessa,Travessa D,Novo Horizonte,324f5453-20fa-4565-9dd4-6c6514f449bf,AP
01a02d5f-d62c-7182-b6e8-0c3aab25691d,68909345,travessa,Travessa Damasco,Brasil Novo,572484b1-1e48-4d7a-8864-2304f1a0f611,AP
01a03136-c0de-71ca-a5d5-b953a361d72d,68909345,travessa,Travessa Damasco,Brasil Novo,572484b1-1e48-4d7a-8864-2304f1a0f611,AP
01a02d5f-cc19-7e0d-a018-7ea70aa4ef94,68927278,travessa,Travessa Delorizano Monteiro,Nova Brasília,324f5453-20fa-4565-9dd4-6c6514f449bf,AP
01a03136-afb5-7502-9fe7-b81a145929f0,68927278,travessa,Travessa Delorizano Monteiro,Nova Brasília,324f5453-20fa-4565-9dd4-6c6514f449bf,AP
01a02d5f-d416-7b60-b88c-dfd0c27d2d9b,68903417,travessa,Travessa Deus é Fiel,Universidade,572484b1-1e48-4d7a-8864-2304f1a0f611,AP
01a03136-bd9a-71f1-8c63-1bccea45ae86,68903417,travessa,Travessa Deus é Fiel,Universidade,572484b1-1e48-4d7a-8864-2304f1a0f611,AP
01a02d5f-b36e-7134-a0d3-c95f31e09e70,68906635,travessa,Travessa Dezessete,Alvorada,572484b1-1e48-4d7a-8864-2304f1a0f611,AP
01a03136-84a8-7b67-b293-bb4e5cf60d47,68906635,travessa,Travessa Dezessete,Alvorada,572484b1-1e48-4d7a-8864-2304f1a0f611,AP
01a02d5f-a877-767a-b933-c8ab7d6ab2ac,68903235,travessa,Travessa Diamante,Jardim Marco Zero,572484b1-1e48-4d7a-8864-2304f1a0f611,AP
01a03136-72ec-7f28-933c-9df4fa875ceb,68903235,travessa,Travessa Diamante,Jardim Marco Zero,572484b1-1e48-4d7a-8864-2304f1a0f611,AP
01a02d5f-a645-7a87-9cd5-a4b9c5ffd7cb,68902877,travessa,Travessa Dois,Buritizal,572484b1-1e48-4d7a-8864-2304f1a0f611,AP
01a02d5f-cc1d-71f4-a152-4af6c20245b0,68928027,travessa,Travessa Dois,Paraíso,324f5453-20fa-4565-9dd4-6c6514f449bf,AP
01a03136-6fc3-7c2d-b7fc-cafaf10ca478,68902877,travessa,Travessa Dois,Buritizal,572484b1-1e48-4d7a-8864-2304f1a0f611,AP
01a03136-b08d-700f-b6c9-f1fc435a5dfa,68928027,travessa,Travessa Dois,Paraíso,324f5453-20fa-4565-9dd4-6c6514f449bf,AP
01a02d5f-c5ed-7d62-8a64-f3c206d98e35,68925150,travessa,Travessa Dom Pedro I,Hospitalidade,324f5453-20fa-4565-9dd4-6c6514f449bf,AP
01a03136-a809-7376-9ce7-0fb03d45da20,68925150,travessa,Travessa Dom Pedro I,Hospitalidade,324f5453-20fa-4565-9dd4-6c6514f449bf,AP
01a02d5f-c7eb-7488-aa39-ee290cae4ad6,68925282,travessa,Travessa Dona Maria,Elesbão,324f5453-20fa-4565-9dd4-6c6514f449bf,AP
01a03136-a896-70f1-a1a6-944ce74f0948,68925282,travessa,Travessa Dona Maria,Elesbão,324f5453-20fa-4565-9dd4-6c6514f449bf,AP
01a02d5f-d62c-79e2-b6fa-92f50334fef4,68909365,travessa,Travessa Dourados,Brasil Novo,572484b1-1e48-4d7a-8864-2304f1a0f611,AP
01a03136-c116-78b9-bbb7-31b06b062a35,68909365,travessa,Travessa Dourados,Brasil Novo,572484b1-1e48-4d7a-8864-2304f1a0f611,AP
01a02d5f-bbb7-78d6-b36e-4f05784fb66b,68908850,travessa,Travessa Doutor André Luís,Infraero,572484b1-1e48-4d7a-8864-2304f1a0f611,AP
01a03136-92e6-7853-b0a3-e57c57433e7b,68908850,travessa,Travessa Doutor André Luís,Infraero,572484b1-1e48-4d7a-8864-2304f1a0f611,AP
01a02d5f-d207-7d87-85d0-b4f51e6aebeb,68906486,travessa,Travessa Doutor Araldo da Silva Carvalho,Marabaixo,572484b1-1e48-4d7a-8864-2304f1a0f611,AP
01a03136-b99d-7b49-afe4-b927f4f7c8bf,68906486,travessa,Travessa Doutor Araldo da Silva Carvalho,Marabaixo,572484b1-1e48-4d7a-8864-2304f1a0f611,AP
01a02d5f-d00a-7a39-be9a-e4bab24e52dc,68903545,travessa,Travessa Dulce Estela Ribeiro,Universidade,572484b1-1e48-4d7a-8864-2304f1a0f611,AP
01a03136-b6be-71e4-b991-57b9f366c999,68903545,travessa,Travessa Dulce Estela Ribeiro,Universidade,572484b1-1e48-4d7a-8864-2304f1a0f611,AP
01a02d5f-d62a-77c1-8e5c-56a0a00d3315,68907251,travessa,Travessa Durval Melo,Renascer,572484b1-1e48-4d7a-8864-2304f1a0f611,AP
01a03136-c084-79c5-be79-85e2782f3391,68907251,travessa,Travessa Durval Melo,Renascer,572484b1-1e48-4d7a-8864-2304f1a0f611,AP
01a02d5f-aaab-7206-bdb8-ce574d23ad9b,68903636,travessa,Travessa Décima,Universidade,572484b1-1e48-4d7a-8864-2304f1a0f611,AP
01a03136-76c9-7506-855b-c83e6b85e20f,68903636,travessa,Travessa Décima,Universidade,572484b1-1e48-4d7a-8864-2304f1a0f611,AP
01a02d5f-d415-7a4d-bded-e32c7f6e3ae2,68926021,travessa,Travessa E,Novo Horizonte,324f5453-20fa-4565-9dd4-6c6514f449bf,AP
01a03136-bd56-74cd-8466-ba5c6458c4f2,68926021,travessa,Travessa E,Novo Horizonte,324f5453-20fa-4565-9dd4-6c6514f449bf,AP
01a02d5f-aaaa-79c0-8089-421a723ada86,68903535,travessa,Travessa Edilson Borges,Universidade,572484b1-1e48-4d7a-8864-2304f1a0f611,AP
01a03136-769d-76ab-a8d6-50f70fb4f5fd,68903535,travessa,Travessa Edilson Borges,Universidade,572484b1-1e48-4d7a-8864-2304f1a0f611,AP
01a02d5f-b7a7-7c48-ae07-bb44a026f242,68907610,travessa,Travessa Elitismo,Renascer,572484b1-1e48-4d7a-8864-2304f1a0f611,AP
01a03136-8b67-74cb-80d6-5fdd3d54aa61,68907610,travessa,Travessa Elitismo,Renascer,572484b1-1e48-4d7a-8864-2304f1a0f611,AP
01a02d5f-a41e-7ef5-b893-58b6ef660d66,68901770,travessa,Travessa Engenheiro Joaquim,Nova Esperança,572484b1-1e48-4d7a-8864-2304f1a0f611,AP
01a03136-6c45-7fa3-a76e-6c5b9fa7a905,68901770,travessa,Travessa Engenheiro Joaquim,Nova Esperança,572484b1-1e48-4d7a-8864-2304f1a0f611,AP
01a02d5f-bdb4-7573-a286-1c878e58cc81,68909029,travessa,Travessa Equatorial,Jardim Felicidade,572484b1-1e48-4d7a-8864-2304f1a0f611,AP
01a03136-9606-766f-b8c7-658741c17f28,68909029,travessa,Travessa Equatorial,Jardim Felicidade,572484b1-1e48-4d7a-8864-2304f1a0f611,AP
01a02d5f-a877-767a-b92f-47ed17e15dcd,68903215,travessa,Travessa Esmeralda,Jardim Marco Zero,572484b1-1e48-4d7a-8864-2304f1a0f611,AP
01a03136-72df-7bd2-bd4c-0deba237e667,68903215,travessa,Travessa Esmeralda,Jardim Marco Zero,572484b1-1e48-4d7a-8864-2304f1a0f611,AP
01a02d5f-c5ec-7c2f-868a-30966c315ea1,68925046,travessa,Travessa Esperança,Comercial,324f5453-20fa-4565-9dd4-6c6514f449bf,AP
01a03136-a535-7b43-8c09-611f6e0cc689,68925046,travessa,Travessa Esperança,Comercial,324f5453-20fa-4565-9dd4-6c6514f449bf,AP
01a02d5f-d629-7f5c-be31-15fd59514640,68906798,travessa,Travessa Estados Unidos da America,Cabralzinho,572484b1-1e48-4d7a-8864-2304f1a0f611,AP
01a03136-c05b-7adb-80d4-b893d32fda64,68906798,travessa,Travessa Estados Unidos da America,Cabralzinho,572484b1-1e48-4d7a-8864-2304f1a0f611,AP
01a02d5f-d00b-7b53-b18c-a4a70e88fea8,68906307,travessa,Travessa Estrela do Manha,Marabaixo,572484b1-1e48-4d7a-8864-2304f1a0f611,AP
01a03136-b727-7d9e-ae2c-894ba13a61c6,68906307,travessa,Travessa Estrela do Manha,Marabaixo,572484b1-1e48-4d7a-8864-2304f1a0f611,AP
01a02d5f-b36e-79f4-a0e6-93818e7abeb2,68906685,travessa,Travessa Eufrázio da Silva Gaia,Alvorada,572484b1-1e48-4d7a-8864-2304f1a0f611,AP
01a03136-84e3-7e58-8956-c9e840d9da2c,68906685,travessa,Travessa Eufrázio da Silva Gaia,Alvorada,572484b1-1e48-4d7a-8864-2304f1a0f611,AP
01a02d5f-b7a7-7c48-ae06-f9b69ea79717,68907600,travessa,Travessa Eupátridas,Renascer,572484b1-1e48-4d7a-8864-2304f1a0f611,AP
01a03136-8b62-7f63-a965-32ed78237aaa,68907600,travessa,Travessa Eupátridas,Renascer,572484b1-1e48-4d7a-8864-2304f1a0f611,AP
01a02d5f-d207-7d87-85db-f278d9cd8ffa,68906498,travessa,Travessa Europa,Marabaixo,572484b1-1e48-4d7a-8864-2304f1a0f611,AP
01a03136-b9c3-7931-9804-42cb8fd225af,68906498,travessa,Travessa Europa,Marabaixo,572484b1-1e48-4d7a-8864-2304f1a0f611,AP
01a02d5f-d415-7a4d-bdec-a033182d921d,68926017,travessa,Travessa F,Novo Horizonte,324f5453-20fa-4565-9dd4-6c6514f449bf,AP
01a03136-bd53-7143-8b7b-128ab4253f7e,68926017,travessa,Travessa F,Novo Horizonte,324f5453-20fa-4565-9dd4-6c6514f449bf,AP
01a02d5f-d417-7405-8bc6-133da9805b64,68904801,travessa,Travessa Feira Muluca,Novo Buritizal,572484b1-1e48-4d7a-8864-2304f1a0f611,AP
01a03136-bdc5-78db-8ac2-05740ce7e0da,68904801,travessa,Travessa Feira Muluca,Novo Buritizal,572484b1-1e48-4d7a-8864-2304f1a0f611,AP
01a02d5f-d207-7d87-85d2-f21754b4c594,68906488,travessa,Travessa Flamengo,Marabaixo,572484b1-1e48-4d7a-8864-2304f1a0f611,AP
01a03136-b9a4-79d4-8516-07c2915fe13a,68906488,travessa,Travessa Flamengo,Marabaixo,572484b1-1e48-4d7a-8864-2304f1a0f611,AP
01a02d5f-c5ea-7088-95da-0d844703d5d2,68911358,travessa,Travessa Floriano Ferreira,Muruci (Fazendinha),572484b1-1e48-4d7a-8864-2304f1a0f611,AP
01a03136-a424-7dc5-a5ce-305fce34aeac,68911358,travessa,Travessa Floriano Ferreira,Muruci (Fazendinha),572484b1-1e48-4d7a-8864-2304f1a0f611,AP
01a02d5f-9fc4-7b45-bc93-50168ae40576,68900700,travessa,Travessa Floriano Peixoto,Central,572484b1-1e48-4d7a-8864-2304f1a0f611,AP
01a03136-6862-7d9b-b0dd-605a0f382c49,68900700,travessa,Travessa Floriano Peixoto,Central,572484b1-1e48-4d7a-8864-2304f1a0f611,AP
01a02d5f-acd7-777c-a3c3-a0828530c1a9,68904160,travessa,Travessa Fortunato Peres,Novo Buritizal,572484b1-1e48-4d7a-8864-2304f1a0f611,AP
01a03136-7a48-77c5-82bd-d50dc8555560,68904160,travessa,Travessa Fortunato Peres,Novo Buritizal,572484b1-1e48-4d7a-8864-2304f1a0f611,AP
01a02d5f-d009-7956-a600-636a3d9da9ef,68929576,travessa,Travessa Fé em Deus,Distrito Industrial,324f5453-20fa-4565-9dd4-6c6514f449bf,AP
01a03136-b634-7a0c-9bad-50d726210274,68929576,travessa,Travessa Fé em Deus,Distrito Industrial,324f5453-20fa-4565-9dd4-6c6514f449bf,AP
01a02d5f-ce16-7fd0-a08a-61aecdd9fd8e,68928105,travessa,Travessa G,Paraíso,324f5453-20fa-4565-9dd4-6c6514f449bf,AP
01a03136-b2e5-7c9a-9ca6-8f2aeae9cbf3,68928105,travessa,Travessa G,Paraíso,324f5453-20fa-4565-9dd4-6c6514f449bf,AP
01a02d5f-aaab-7afa-bdc5-757486e91ec6,68903753,travessa,Travessa Galileu Galilei,Universidade,572484b1-1e48-4d7a-8864-2304f1a0f611,AP
01a03136-76f5-79ee-87f3-bd584aa29884,68903753,travessa,Travessa Galileu Galilei,Universidade,572484b1-1e48-4d7a-8864-2304f1a0f611,AP
01a02d5f-cc19-7e0d-a015-3c4d8dbc78b7,68927269,travessa,Travessa Geronimo de Albuquerque,Nova Brasília,324f5453-20fa-4565-9dd4-6c6514f449bf,AP
01a03136-afab-74dc-a8cd-387da798a59c,68927269,travessa,Travessa Geronimo de Albuquerque,Nova Brasília,324f5453-20fa-4565-9dd4-6c6514f449bf,AP
01a02d5f-d62c-79e2-b6fd-deb2da112196,68909368,travessa,Travessa Goiaba,Brasil Novo,572484b1-1e48-4d7a-8864-2304f1a0f611,AP
01a03136-c11f-7c97-84f8-49a21761f271,68909368,travessa,Travessa Goiaba,Brasil Novo,572484b1-1e48-4d7a-8864-2304f1a0f611,AP
01a02d5f-b13c-79f2-b1c6-a00db99800ed,68906087,travessa,Travessa Goiabal,Goiabal,572484b1-1e48-4d7a-8864-2304f1a0f611,AP
01a03136-8433-771b-85cb-87c255263705,68906087,travessa,Travessa Goiabal,Goiabal,572484b1-1e48-4d7a-8864-2304f1a0f611,AP
01a02d5f-c1dc-71b4-bda9-43fb5cf476b0,68909872,travessa,Travessa Goiás,Marabaixo,572484b1-1e48-4d7a-8864-2304f1a0f611,AP
01a03136-a046-7d26-8267-fb43c78f283c,68909872,travessa,Travessa Goiás,Marabaixo,572484b1-1e48-4d7a-8864-2304f1a0f611,AP
01a02d5f-ca04-7e38-baad-9b2683ffad02,68927021,travessa,Travessa Gomes Freire de Andrade,Remedios,324f5453-20fa-4565-9dd4-6c6514f449bf,AP
01a03136-ac7d-7a01-a858-7c9793328eac,68927021,travessa,Travessa Gomes Freire de Andrade,Remedios,324f5453-20fa-4565-9dd4-6c6514f449bf,AP
01a02d5f-aaaa-79c0-8084-76fa261c39e7,68903515,travessa,Travessa Gonzaguinha,Universidade,572484b1-1e48-4d7a-8864-2304f1a0f611,AP
01a03136-768c-7ffd-9695-a52026f78b4b,68903515,travessa,Travessa Gonzaguinha,Universidade,572484b1-1e48-4d7a-8864-2304f1a0f611,AP
01a02d5f-ce16-7fd0-a08b-fa32a53b5612,68928108,travessa,Travessa H,Paraíso,324f5453-20fa-4565-9dd4-6c6514f449bf,AP
01a03136-b2e9-7085-b39e-c6b0958648ea,68928108,travessa,Travessa H,Paraíso,324f5453-20fa-4565-9dd4-6c6514f449bf,AP
01a02d5f-acd7-777c-a3c1-faa4b16889da,68904140,travessa,Travessa Heráclito Azevedo Coutinho,Novo Buritizal,572484b1-1e48-4d7a-8864-2304f1a0f611,AP
01a03136-7a42-7754-9172-fa66966719be,68904140,travessa,Travessa Heráclito Azevedo Coutinho,Novo Buritizal,572484b1-1e48-4d7a-8864-2304f1a0f611,AP
01a02d5f-ce16-7fd0-a08c-8c06301ac300,68928111,travessa,Travessa I,Paraíso,324f5453-20fa-4565-9dd4-6c6514f449bf,AP
01a03136-b2ec-7506-9309-becc22435ebc,68928111,travessa,Travessa I,Paraíso,324f5453-20fa-4565-9dd4-6c6514f449bf,AP
01a02d5f-ca04-7e38-baa1-5abb401abf16,68926385,travessa,Travessa Igarapé Anaeurapucu,Fortaleza,324f5453-20fa-4565-9dd4-6c6514f449bf,AP
01a03136-ac4d-7dab-83a1-4f25b5e6ab71,68926385,travessa,Travessa Igarapé Anaeurapucu,Fortaleza,324f5453-20fa-4565-9dd4-6c6514f449bf,AP
01a02d5f-ca04-7e38-ba97-4c1a5a78e6be,68926335,travessa,Travessa Igarapé Maruanum,Fortaleza,324f5453-20fa-4565-9dd4-6c6514f449bf,AP
01a03136-ac23-7a28-9a01-0404fbce6803,68926335,travessa,Travessa Igarapé Maruanum,Fortaleza,324f5453-20fa-4565-9dd4-6c6514f449bf,AP
01a02d5f-ca04-75ca-ba92-3c050b7f91b8,68926310,travessa,Travessa Igarapé Sororoca,Fortaleza,324f5453-20fa-4565-9dd4-6c6514f449bf,AP
01a03136-ac0f-7efe-a3aa-a76aa2fd7cd2,68926310,travessa,Travessa Igarapé Sororoca,Fortaleza,324f5453-20fa-4565-9dd4-6c6514f449bf,AP
01a02d5f-ca04-75ca-ba95-27377a27692b,68926325,travessa,Travessa Igarapé do Lago,Fortaleza,324f5453-20fa-4565-9dd4-6c6514f449bf,AP
01a03136-ac1c-7330-8258-79e0f083affd,68926325,travessa,Travessa Igarapé do Lago,Fortaleza,324f5453-20fa-4565-9dd4-6c6514f449bf,AP
01a02d5f-ce16-7fd0-a08d-c4eba035ce98,68928114,travessa,Travessa J,Paraíso,324f5453-20fa-4565-9dd4-6c6514f449bf,AP
01a03136-b2f0-7aea-9321-f4c22ab82b66,68928114,travessa,Travessa J,Paraíso,324f5453-20fa-4565-9dd4-6c6514f449bf,AP
01a02d5f-d821-74b6-996c-4359b02d3e5b,68909624,travessa,Travessa Jacarandá,Boné Azul,572484b1-1e48-4d7a-8864-2304f1a0f611,AP
01a03136-c36a-7d56-a45d-3148f3962abb,68909624,travessa,Travessa Jacarandá,Boné Azul,572484b1-1e48-4d7a-8864-2304f1a0f611,AP
01a02d5f-ce18-7a25-a7e0-372b9085c281,68928346,travessa,Travessa Jasmim,Fonte Nova,324f5453-20fa-4565-9dd4-6c6514f449bf,AP
01a03136-b3e9-77e2-939e-25265f007c9c,68928346,travessa,Travessa Jasmim,Fonte Nova,324f5453-20fa-4565-9dd4-6c6514f449bf,AP
01a02d5f-aaa9-7e53-9c1f-23e6ce3533d2,68903455,travessa,Travessa Jerusalém,Jardim Marco Zero,572484b1-1e48-4d7a-8864-2304f1a0f611,AP
01a02d5f-d821-74b6-996e-fd5fdf0eacac,68909626,travessa,Travessa Jerusalém,Boné Azul,572484b1-1e48-4d7a-8864-2304f1a0f611,AP
01a03136-763c-73df-af72-b5fd448ae364,68903455,travessa,Travessa Jerusalém,Jardim Marco Zero,572484b1-1e48-4d7a-8864-2304f1a0f611,AP
01a03136-c371-782c-8d9a-3f265c28b046,68909626,travessa,Travessa Jerusalém,Boné Azul,572484b1-1e48-4d7a-8864-2304f1a0f611,AP
01a02d5f-b36d-783b-91a7-caeb562d4422,68906620,travessa,Travessa Joaquim Gouveia,Alvorada,572484b1-1e48-4d7a-8864-2304f1a0f611,AP
01a03136-8495-75c2-91b3-80d9c179474d,68906620,travessa,Travessa Joaquim Gouveia,Alvorada,572484b1-1e48-4d7a-8864-2304f1a0f611,AP
01a02d5f-aaa9-7e53-9c21-2f9e0b98b821,68903465,travessa,Travessa Joaquim Nabuco,Jardim Marco Zero,572484b1-1e48-4d7a-8864-2304f1a0f611,AP
01a03136-7643-7abc-bc50-334b17f75ba5,68903465,travessa,Travessa Joaquim Nabuco,Jardim Marco Zero,572484b1-1e48-4d7a-8864-2304f1a0f611,AP
01a02d5f-a1f0-7fb1-a330-db9843fc0d3d,68901349,travessa,Travessa Joaquim Pinheiro Borges,Santa Rita,572484b1-1e48-4d7a-8864-2304f1a0f611,AP
01a02d5f-b36e-7134-a0e3-a6ecaf9ea96c,68906666,travessa,Travessa Joaquim Pinheiro Borges,Alvorada,572484b1-1e48-4d7a-8864-2304f1a0f611,AP
01a03136-6b98-7b24-886e-c24c4969740e,68901349,travessa,Travessa Joaquim Pinheiro Borges,Santa Rita,572484b1-1e48-4d7a-8864-2304f1a0f611,AP
01a03136-84d9-7bb5-a4d4-c63e329a6630,68906666,travessa,Travessa Joaquim Pinheiro Borges,Alvorada,572484b1-1e48-4d7a-8864-2304f1a0f611,AP
01a02d5f-ca05-7f64-9053-3819e4b99068,68927096,travessa,Travessa John Fitzgerald Kennedy,Remedios,324f5453-20fa-4565-9dd4-6c6514f449bf,AP
01a03136-acd3-7bca-ba98-726e5cc351b0,68927096,travessa,Travessa John Fitzgerald Kennedy,Remedios,324f5453-20fa-4565-9dd4-6c6514f449bf,AP
01a02d5f-c7eb-7488-aa3b-1b922ac6b0e2,68925290,travessa,Travessa Josiel Oliveira Cardoso,Elesbão,324f5453-20fa-4565-9dd4-6c6514f449bf,AP
01a03136-a89c-7b75-a982-865aa01688ec,68925290,travessa,Travessa Josiel Oliveira Cardoso,Elesbão,324f5453-20fa-4565-9dd4-6c6514f449bf,AP
01a02d5f-aaaa-79c0-808f-268a770922e4,68903605,travessa,Travessa José Caetano,Universidade,572484b1-1e48-4d7a-8864-2304f1a0f611,AP
01a03136-76b1-75b8-9854-00fb6f5bf7df,68903605,travessa,Travessa José Caetano,Universidade,572484b1-1e48-4d7a-8864-2304f1a0f611,AP
01a02d5f-ca05-7f64-9059-977e88f6d35f,68927119,travessa,Travessa José Deolindo da Silva,Provedor I,324f5453-20fa-4565-9dd4-6c6514f449bf,AP
01a03136-ace9-704a-aeeb-8b8b283046f2,68927119,travessa,Travessa José Deolindo da Silva,Provedor I,324f5453-20fa-4565-9dd4-6c6514f449bf,AP
01a02d5f-b9af-7923-a9c6-0b04183c82bf,68908640,travessa,Travessa José Jucá Mont'Alverne,Pacoval,572484b1-1e48-4d7a-8864-2304f1a0f611,AP
01a03136-8fc7-7cf0-907e-69c240d2a549,68908640,travessa,Travessa José Jucá Mont'Alverne,Pacoval,572484b1-1e48-4d7a-8864-2304f1a0f611,AP
01a02d5f-b9af-706c-a99d-43d90ddc1a01,68908351,travessa,Travessa José Jucá de Mont Alverne,Pacoval,572484b1-1e48-4d7a-8864-2304f1a0f611,AP
01a03136-8f2f-70ee-8b7d-8ca9a681b128,68908351,travessa,Travessa José Jucá de Mont Alverne,Pacoval,572484b1-1e48-4d7a-8864-2304f1a0f611,AP
01a02d5f-a1f1-7895-9680-f4d3f8c3f530,68901486,travessa,Travessa José Trajano,Santa Inês,572484b1-1e48-4d7a-8864-2304f1a0f611,AP
01a03136-6bd5-736c-ae74-2d1191e8c8a7,68901486,travessa,Travessa José Trajano,Santa Inês,572484b1-1e48-4d7a-8864-2304f1a0f611,AP
01a02d5f-a41d-7bad-9773-1023c9c88b38,68901543,travessa,Travessa José Trajano de Souza,Santa Inês,572484b1-1e48-4d7a-8864-2304f1a0f611,AP
01a03136-6bf9-7f43-a7f4-384b13f7a4da,68901543,travessa,Travessa José Trajano de Souza,Santa Inês,572484b1-1e48-4d7a-8864-2304f1a0f611,AP
01a02d5f-b9af-706c-a9a8-50a1cbc2ba33,68908425,travessa,Travessa José Viana,São Lázaro,572484b1-1e48-4d7a-8864-2304f1a0f611,AP
01a03136-8f59-79ad-b532-5270a98cc878,68908425,travessa,Travessa José Viana,São Lázaro,572484b1-1e48-4d7a-8864-2304f1a0f611,AP
01a02d5f-ca06-77e5-9e94-8c11137e1ef1,68927215,travessa,Travessa João Moreira,Provedor I,324f5453-20fa-4565-9dd4-6c6514f449bf,AP
01a02d5f-c7eb-7488-aa37-f62ec48ebaab,68925274,travessa,Travessa João Moreira,Elesbão,324f5453-20fa-4565-9dd4-6c6514f449bf,AP
01a03136-a88f-73e0-bea7-980e4855d902,68925274,travessa,Travessa João Moreira,Elesbão,324f5453-20fa-4565-9dd4-6c6514f449bf,AP
01a03136-af73-7608-94dd-d71410169079,68927215,travessa,Travessa João Moreira,Provedor I,324f5453-20fa-4565-9dd4-6c6514f449bf,AP
01a02d5f-d00d-7527-83e7-5c797af6e3db,68906471,travessa,Travessa João Vicente Medeiros,Marabaixo,572484b1-1e48-4d7a-8864-2304f1a0f611,AP
01a03136-b96d-7416-aa6e-0ae2696a6a1a,68906471,travessa,Travessa João Vicente Medeiros,Marabaixo,572484b1-1e48-4d7a-8864-2304f1a0f611,AP
01a02d5f-d62d-725c-b4e4-0e151eb1eaf0,68909619,travessa,Travessa Juazeiro,Boné Azul,572484b1-1e48-4d7a-8864-2304f1a0f611,AP
01a03136-c35b-71ff-9c67-d88e3f7b5f8b,68909619,travessa,Travessa Juazeiro,Boné Azul,572484b1-1e48-4d7a-8864-2304f1a0f611,AP
01a02d5f-a647-74b0-839e-bdfca35a1662,68903194,travessa,Travessa Jucelino Kubitschek,Jardim Marco Zero,572484b1-1e48-4d7a-8864-2304f1a0f611,AP
01a03136-72b7-7a3a-93a1-7acb24933267,68903194,travessa,Travessa Jucelino Kubitschek,Jardim Marco Zero,572484b1-1e48-4d7a-8864-2304f1a0f611,AP
01a02d5f-c1dc-71b4-bdad-7ae390defa2b,68909876,travessa,Travessa Julio Amaral,Marabaixo,572484b1-1e48-4d7a-8864-2304f1a0f611,AP
01a03136-a053-7784-99ae-9b017410e711,68909876,travessa,Travessa Julio Amaral,Marabaixo,572484b1-1e48-4d7a-8864-2304f1a0f611,AP
01a02d5f-b7a9-7692-a14c-627d7bf250d9,68908110,travessa,Travessa Julião Ramos,Jesus de Nazaré,572484b1-1e48-4d7a-8864-2304f1a0f611,AP
01a03136-8c2f-7537-96a4-2c3b2ccc1d90,68908110,travessa,Travessa Julião Ramos,Jesus de Nazaré,572484b1-1e48-4d7a-8864-2304f1a0f611,AP
01a02d5f-d62d-725c-b4e3-b0fa2053ffe6,68909618,travessa,Travessa Juá,Boné Azul,572484b1-1e48-4d7a-8864-2304f1a0f611,AP
01a03136-c357-7d00-a0fc-634cbae159c1,68909618,travessa,Travessa Juá,Boné Azul,572484b1-1e48-4d7a-8864-2304f1a0f611,AP
01a02d5f-acd6-7ea4-8956-a181f3a3a2f3,68904037,travessa,Travessa K. Golveia,Novo Buritizal,572484b1-1e48-4d7a-8864-2304f1a0f611,AP
01a03136-7a12-7248-84ec-0e5fc9c67c44,68904037,travessa,Travessa K. Golveia,Novo Buritizal,572484b1-1e48-4d7a-8864-2304f1a0f611,AP
01a02d5f-ce17-788c-9d1b-dd9bac6f1887,68928199,travessa,Travessa L1 da Fonte Nova,Fonte Nova,324f5453-20fa-4565-9dd4-6c6514f449bf,AP
01a03136-b348-79b7-bfec-b5e44db4e621,68928199,travessa,Travessa L1 da Fonte Nova,Fonte Nova,324f5453-20fa-4565-9dd4-6c6514f449bf,AP
01a02d5f-cc1c-706d-821e-2ffc7f778eb9,68927408,travessa,Travessa L1 do Provedor,Provedor,324f5453-20fa-4565-9dd4-6c6514f449bf,AP
01a03136-b036-70d5-b408-1ca04714cfca,68927408,travessa,Travessa L1 do Provedor,Provedor,324f5453-20fa-4565-9dd4-6c6514f449bf,AP
01a02d5f-ce18-7189-a7b9-f151ea2427fd,68928226,travessa,Travessa L10 da Fonte Nova,Fonte Nova,324f5453-20fa-4565-9dd4-6c6514f449bf,AP
01a03136-b366-761e-9700-680ff77dfde5,68928226,travessa,Travessa L10 da Fonte Nova,Fonte Nova,324f5453-20fa-4565-9dd4-6c6514f449bf,AP
01a02d5f-cc1b-77d7-ab7f-fe29e43650b5,68927384,travessa,Travessa L10 do Provedor,Provedor,324f5453-20fa-4565-9dd4-6c6514f449bf,AP
01a03136-b01d-7c93-b85e-0c63bc07960c,68927384,travessa,Travessa L10 do Provedor,Provedor,324f5453-20fa-4565-9dd4-6c6514f449bf,AP
01a02d5f-ce17-788c-9d18-bd058b7a2e31,68928190,travessa,Travessa L11,Fonte Nova,324f5453-20fa-4565-9dd4-6c6514f449bf,AP
01a03136-b33f-7405-a83b-46bb6643ec07,68928190,travessa,Travessa L11,Fonte Nova,324f5453-20fa-4565-9dd4-6c6514f449bf,AP
01a02d5f-cc1b-77d7-ab80-4decf00f0328,68927387,travessa,Travessa L11 do Provedor,Provedor,324f5453-20fa-4565-9dd4-6c6514f449bf,AP
01a03136-b020-787e-96c4-778a898bfac8,68927387,travessa,Travessa L11 do Provedor,Provedor,324f5453-20fa-4565-9dd4-6c6514f449bf,AP
01a02d5f-cc1b-77d7-ab81-1d5b53e7b76f,68927390,travessa,Travessa L12 do Provedor,Provedor,324f5453-20fa-4565-9dd4-6c6514f449bf,AP
01a03136-b023-7e57-881b-6887fe0c68ff,68927390,travessa,Travessa L12 do Provedor,Provedor,324f5453-20fa-4565-9dd4-6c6514f449bf,AP
01a02d5f-cc1b-77d7-ab7c-9e7707f56fdf,68927375,travessa,Travessa L13 do Provedor,Provedor,324f5453-20fa-4565-9dd4-6c6514f449bf,AP
01a03136-b013-7dfb-926a-43d2eabe1bbe,68927375,travessa,Travessa L13 do Provedor,Provedor,324f5453-20fa-4565-9dd4-6c6514f449bf,AP
01a02d5f-cc1b-77d7-ab82-f95d4a036c0c,68927393,travessa,Travessa L14 do Provedor,Provedor,324f5453-20fa-4565-9dd4-6c6514f449bf,AP
01a03136-b027-72ad-8509-77903af9c8d7,68927393,travessa,Travessa L14 do Provedor,Provedor,324f5453-20fa-4565-9dd4-6c6514f449bf,AP
01a02d5f-cc1b-77d7-ab83-e83961e4a99f,68927396,travessa,Travessa L15 do Provedor,Provedor,324f5453-20fa-4565-9dd4-6c6514f449bf,AP
01a03136-b029-7f44-8719-016924d03e4d,68927396,travessa,Travessa L15 do Provedor,Provedor,324f5453-20fa-4565-9dd4-6c6514f449bf,AP
01a02d5f-cc1b-77d7-ab7b-6ed8734602a2,68927372,travessa,Travessa L16 do Provedor,Provedor,324f5453-20fa-4565-9dd4-6c6514f449bf,AP
01a03136-b011-7160-8ea9-15dd448e9979,68927372,travessa,Travessa L16 do Provedor,Provedor,324f5453-20fa-4565-9dd4-6c6514f449bf,AP
01a02d5f-cc1b-77d7-ab7d-b0573b132d3c,68927378,travessa,Travessa L17 do Provedor,Provedor,324f5453-20fa-4565-9dd4-6c6514f449bf,AP
01a03136-b017-7229-b04b-3bcafaf7c10c,68927378,travessa,Travessa L17 do Provedor,Provedor,324f5453-20fa-4565-9dd4-6c6514f449bf,AP
01a02d5f-ce17-788c-9d1c-43fc3e078737,68928202,travessa,Travessa L2 da Fonte Nova,Fonte Nova,324f5453-20fa-4565-9dd4-6c6514f449bf,AP
01a03136-b34c-71b7-8852-b7f2cc13f1a2,68928202,travessa,Travessa L2 da Fonte Nova,Fonte Nova,324f5453-20fa-4565-9dd4-6c6514f449bf,AP
01a02d5f-cc1c-706d-821d-c358987773eb,68927405,travessa,Travessa L2 do Provedor,Provedor,324f5453-20fa-4565-9dd4-6c6514f449bf,AP
01a03136-b033-70ac-ba43-7dc0459d7de5,68927405,travessa,Travessa L2 do Provedor,Provedor,324f5453-20fa-4565-9dd4-6c6514f449bf,AP
01a02d5f-ce17-788c-9d1d-92ed75cde1ca,68928205,travessa,Travessa L3 da Fonte Nova,Fonte Nova,324f5453-20fa-4565-9dd4-6c6514f449bf,AP
01a03136-b34f-7bc0-8171-81de1047499b,68928205,travessa,Travessa L3 da Fonte Nova,Fonte Nova,324f5453-20fa-4565-9dd4-6c6514f449bf,AP
01a02d5f-cc1c-706d-821c-c5504353ba83,68927402,travessa,Travessa L3 do Provedor,Provedor,324f5453-20fa-4565-9dd4-6c6514f449bf,AP
01a03136-b030-778a-b669-890212dec6c9,68927402,travessa,Travessa L3 do Provedor,Provedor,324f5453-20fa-4565-9dd4-6c6514f449bf,AP
01a02d5f-ce17-788c-9d1e-e5a873e1c8f2,68928208,travessa,Travessa L4 da Fonte Nova,Fonte Nova,324f5453-20fa-4565-9dd4-6c6514f449bf,AP
01a03136-b353-7046-829c-4aa465ae7abb,68928208,travessa,Travessa L4 da Fonte Nova,Fonte Nova,324f5453-20fa-4565-9dd4-6c6514f449bf,AP
01a02d5f-cc1b-77d7-ab84-004c379c2fbd,68927399,travessa,Travessa L4 do Provedor,Provedor,324f5453-20fa-4565-9dd4-6c6514f449bf,AP
01a02d5f-ca06-77e5-9e95-c2f973f37e79,68927218,travessa,Travessa L4 do Provedor,Provedor I,324f5453-20fa-4565-9dd4-6c6514f449bf,AP
01a03136-af76-719a-ba87-0e2a8e0ebcbf,68927218,travessa,Travessa L4 do Provedor,Provedor I,324f5453-20fa-4565-9dd4-6c6514f449bf,AP
01a03136-b02d-7381-983a-6e42e3db2320,68927399,travessa,Travessa L4 do Provedor,Provedor,324f5453-20fa-4565-9dd4-6c6514f449bf,AP
01a02d5f-ce17-788c-9d1f-e0cb231af5b5,68928211,travessa,Travessa L5 da Fonte Nova,Fonte Nova,324f5453-20fa-4565-9dd4-6c6514f449bf,AP
01a03136-b355-7c35-836c-743f9ac127e4,68928211,travessa,Travessa L5 da Fonte Nova,Fonte Nova,324f5453-20fa-4565-9dd4-6c6514f449bf,AP
01a02d5f-cc1c-795a-822c-6ac98f9f6892,68927450,travessa,Travessa L5 do Provedor,Provedor,324f5453-20fa-4565-9dd4-6c6514f449bf,AP
01a03136-b062-7bc0-a788-addb89b87d38,68927450,travessa,Travessa L5 do Provedor,Provedor,324f5453-20fa-4565-9dd4-6c6514f449bf,AP
01a02d5f-cc1a-7f3f-a279-607bd7dd3f34,68927369,travessa,Travessa L50 do Provedor,Provedor,324f5453-20fa-4565-9dd4-6c6514f449bf,AP
01a03136-b00d-7b11-9005-447ddb3f5624,68927369,travessa,Travessa L50 do Provedor,Provedor,324f5453-20fa-4565-9dd4-6c6514f449bf,AP
01a02d5f-cc1b-77d7-ab7e-c36e672c872b,68927381,travessa,Travessa L6 do Provedor,Provedor,324f5453-20fa-4565-9dd4-6c6514f449bf,AP
01a03136-b01a-77f1-9298-e5b02f49790c,68927381,travessa,Travessa L6 do Provedor,Provedor,324f5453-20fa-4565-9dd4-6c6514f449bf,AP
01a02d5f-ce18-7189-a7b6-5da160e9322e,68928217,travessa,Travessa L7 da Fonte Nova,Fonte Nova,324f5453-20fa-4565-9dd4-6c6514f449bf,AP
01a03136-b35c-7609-80e0-365453bbded4,68928217,travessa,Travessa L7 da Fonte Nova,Fonte Nova,324f5453-20fa-4565-9dd4-6c6514f449bf,AP
01a02d5f-cc1c-795a-822d-363de04404d7,68927453,travessa,Travessa L7 do Provedor,Provedor,324f5453-20fa-4565-9dd4-6c6514f449bf,AP
01a03136-b066-71b2-a97e-7ee4b488591f,68927453,travessa,Travessa L7 do Provedor,Provedor,324f5453-20fa-4565-9dd4-6c6514f449bf,AP
01a02d5f-ce18-7189-a7b7-8873518615fa,68928220,travessa,Travessa L8 da Fonte Nova,Fonte Nova,324f5453-20fa-4565-9dd4-6c6514f449bf,AP
01a03136-b35f-7a4a-8ab7-a9c9ac13cf45,68928220,travessa,Travessa L8 da Fonte Nova,Fonte Nova,324f5453-20fa-4565-9dd4-6c6514f449bf,AP
01a02d5f-cc1c-795a-822e-d2b08036331f,68927456,travessa,Travessa L8 do Provedor,Provedor,324f5453-20fa-4565-9dd4-6c6514f449bf,AP
01a03136-b069-7656-99c1-5238322ad564,68927456,travessa,Travessa L8 do Provedor,Provedor,324f5453-20fa-4565-9dd4-6c6514f449bf,AP
01a02d5f-ce18-7189-a7b8-55c5cb48c2a5,68928223,travessa,Travessa L9 da Fonte Nova,Fonte Nova,324f5453-20fa-4565-9dd4-6c6514f449bf,AP
01a03136-b363-712d-84fc-17d99504aaf7,68928223,travessa,Travessa L9 da Fonte Nova,Fonte Nova,324f5453-20fa-4565-9dd4-6c6514f449bf,AP
01a02d5f-cc1c-795a-822f-720971763198,68927459,travessa,Travessa L9 do Provedor,Provedor,324f5453-20fa-4565-9dd4-6c6514f449bf,AP
01a03136-b06c-7b09-b990-e7473da438bc,68927459,travessa,Travessa L9 do Provedor,Provedor,324f5453-20fa-4565-9dd4-6c6514f449bf,AP
01a02d5f-d823-77f0-b4d9-900f17a3a63f,68929559,travessa,Travessa Lago Azul,Distrito Industrial,324f5453-20fa-4565-9dd4-6c6514f449bf,AP
01a03136-c46e-71a1-af40-72f6edb24213,68929559,travessa,Travessa Lago Azul,Distrito Industrial,324f5453-20fa-4565-9dd4-6c6514f449bf,AP
01a02d5f-d823-77f0-b4da-28bdc7c2ee95,68929561,travessa,Travessa Lago Novo,Distrito Industrial,324f5453-20fa-4565-9dd4-6c6514f449bf,AP
01a03136-c472-7806-b3be-0e2d4c0cd9fe,68929561,travessa,Travessa Lago Novo,Distrito Industrial,324f5453-20fa-4565-9dd4-6c6514f449bf,AP
01a02d5f-d823-77f0-b4db-94b6e4cab5a4,68929562,travessa,Travessa Lago Verde,Distrito Industrial,324f5453-20fa-4565-9dd4-6c6514f449bf,AP
01a03136-c476-7826-8b82-0af6660cfcd8,68929562,travessa,Travessa Lago Verde,Distrito Industrial,324f5453-20fa-4565-9dd4-6c6514f449bf,AP
01a02d5f-d00d-7527-83ea-0e76f6313388,68906474,travessa,Travessa Lemos,Marabaixo,572484b1-1e48-4d7a-8864-2304f1a0f611,AP
01a03136-b977-76b2-8fa1-d7907749522a,68906474,travessa,Travessa Lemos,Marabaixo,572484b1-1e48-4d7a-8864-2304f1a0f611,AP
01a02d5f-d62b-78d9-b470-a0c3efe35a31,68909002,travessa,Travessa Leão Zagury,Jardim Felicidade,572484b1-1e48-4d7a-8864-2304f1a0f611,AP
01a02d5f-d821-7dff-997d-fe2fcd190df6,68909794,travessa,Travessa Leão Zagury,Novo Horizonte,572484b1-1e48-4d7a-8864-2304f1a0f611,AP
01a03136-c0c4-7fcd-9abb-d056ebb08278,68909002,travessa,Travessa Leão Zagury,Jardim Felicidade,572484b1-1e48-4d7a-8864-2304f1a0f611,AP
01a03136-c39f-7a78-9f8a-da72b7c22a4b,68909794,travessa,Travessa Leão Zagury,Novo Horizonte,572484b1-1e48-4d7a-8864-2304f1a0f611,AP
01a02d5f-d00c-73d6-b845-7de0d708ceb8,68906453,travessa,Travessa Liberato,Marabaixo,572484b1-1e48-4d7a-8864-2304f1a0f611,AP
01a03136-b740-71a1-9aff-8e755fbd8b75,68906453,travessa,Travessa Liberato,Marabaixo,572484b1-1e48-4d7a-8864-2304f1a0f611,AP
01a02d5f-d00a-71c5-be8d-ed429c64e512,68997970,travessa,Travessa Lourenço de Araujo 552,Centro,377bd3a3-acc1-4c53-9ee5-6ca26a4898c6,AP
01a03136-b68b-7d30-a051-9874f4eabb76,68997970,travessa,Travessa Lourenço de Araujo 552,Centro,377bd3a3-acc1-4c53-9ee5-6ca26a4898c6,AP
01a02d5f-c5ea-79ec-95e4-ef0ee673f617,68911385,travessa,Travessa Lucio Neves de Almeida,Muruci (Fazendinha),572484b1-1e48-4d7a-8864-2304f1a0f611,AP
01a03136-a44c-7426-adfe-41884de9a3ff,68911385,travessa,Travessa Lucio Neves de Almeida,Muruci (Fazendinha),572484b1-1e48-4d7a-8864-2304f1a0f611,AP
01a02d5f-b9af-706c-a9ae-43fa3181c5df,68908455,travessa,Travessa Luis Cezar Picanço,São Lázaro,572484b1-1e48-4d7a-8864-2304f1a0f611,AP
01a03136-8f6f-7aab-a197-7b25dbb1c619,68908455,travessa,Travessa Luis Cezar Picanço,São Lázaro,572484b1-1e48-4d7a-8864-2304f1a0f611,AP
01a02d5f-d414-7073-9a41-8c81d4e0707c,68906455,travessa,Travessa Luis Gonzaga,Marabaixo,572484b1-1e48-4d7a-8864-2304f1a0f611,AP
01a03136-bcdb-7e6c-9b57-92bc521e5383,68906455,travessa,Travessa Luis Gonzaga,Marabaixo,572484b1-1e48-4d7a-8864-2304f1a0f611,AP
01a02d5f-ce16-7fd0-a08e-030dd49070f6,68928117,travessa,Travessa M,Paraíso,324f5453-20fa-4565-9dd4-6c6514f449bf,AP
01a03136-b2f3-7f9c-a399-33ab7a7e6b2c,68928117,travessa,Travessa M,Paraíso,324f5453-20fa-4565-9dd4-6c6514f449bf,AP
01a02d5f-d62c-79e2-b6f6-e3699abda85c,68909361,travessa,Travessa Macapá,Brasil Novo,572484b1-1e48-4d7a-8864-2304f1a0f611,AP
01a03136-c10a-767d-a263-ba1d388d9f0a,68909361,travessa,Travessa Macapá,Brasil Novo,572484b1-1e48-4d7a-8864-2304f1a0f611,AP
01a02d5f-d62b-78d9-b474-ef2235bb2526,68909341,travessa,Travessa Macaxeira,Brasil Novo,572484b1-1e48-4d7a-8864-2304f1a0f611,AP
01a03136-c0d1-7ca9-974f-6c0e2c304609,68909341,travessa,Travessa Macaxeira,Brasil Novo,572484b1-1e48-4d7a-8864-2304f1a0f611,AP
01a02d5f-d62c-79e2-b6fe-f7987cd5e7b2,68909369,travessa,Travessa Manaus,Brasil Novo,572484b1-1e48-4d7a-8864-2304f1a0f611,AP
01a03136-c123-7c7e-8609-d39c9b72294b,68909369,travessa,Travessa Manaus,Brasil Novo,572484b1-1e48-4d7a-8864-2304f1a0f611,AP
01a02d5f-c7eb-7488-aa3d-de8cda7b999b,68925298,travessa,Travessa Manga,Elesbão,324f5453-20fa-4565-9dd4-6c6514f449bf,AP
01a03136-a8a3-7512-a543-32f94009c858,68925298,travessa,Travessa Manga,Elesbão,324f5453-20fa-4565-9dd4-6c6514f449bf,AP
01a02d5f-cc1c-706d-8226-7518eb471086,68927432,travessa,Travessa Manoel Abreu de Souza,Provedor,324f5453-20fa-4565-9dd4-6c6514f449bf,AP
01a02d5f-cc1a-7f3f-a274-d2fdc97cf6e3,68927350,travessa,Travessa Manoel Abreu de Souza,Nova Brasília,324f5453-20fa-4565-9dd4-6c6514f449bf,AP
01a03136-affe-75ef-9c89-9ef8e9c25c6f,68927350,travessa,Travessa Manoel Abreu de Souza,Nova Brasília,324f5453-20fa-4565-9dd4-6c6514f449bf,AP
01a03136-b04f-7829-b450-2a46894873df,68927432,travessa,Travessa Manoel Abreu de Souza,Provedor,324f5453-20fa-4565-9dd4-6c6514f449bf,AP
01a02d5f-acd8-78e3-aa73-720d2f293754,68904344,travessa,Travessa Manoel Ferreira da Silva,Congós,572484b1-1e48-4d7a-8864-2304f1a0f611,AP
01a03136-7cd1-78e8-b424-2da855b95eec,68904344,travessa,Travessa Manoel Ferreira da Silva,Congós,572484b1-1e48-4d7a-8864-2304f1a0f611,AP
01a02d5f-b9af-706c-a9a6-1b9619cfe55e,68908415,travessa,Travessa Manoel Francisco de Souza,São Lázaro,572484b1-1e48-4d7a-8864-2304f1a0f611,AP
01a03136-8f51-7877-9926-2e1512415281,68908415,travessa,Travessa Manoel Francisco de Souza,São Lázaro,572484b1-1e48-4d7a-8864-2304f1a0f611,AP
01a02d5f-d00c-73d6-b848-f650cd438763,68906457,travessa,Travessa Manoel José,Marabaixo,572484b1-1e48-4d7a-8864-2304f1a0f611,AP
01a03136-b74a-7412-b369-2057b6d2d0a6,68906457,travessa,Travessa Manoel José,Marabaixo,572484b1-1e48-4d7a-8864-2304f1a0f611,AP
01a02d5f-c7ec-76ac-a7a8-9dc1246f00e0,68926094,travessa,Travessa Manoel Moura de Carvalho,Vila Amazonas,324f5453-20fa-4565-9dd4-6c6514f449bf,AP
01a02d5f-c7ec-76ac-a7a1-6fdd4fdc37cf,68926064,travessa,Travessa Manoel Moura de Carvalho,Daniel,324f5453-20fa-4565-9dd4-6c6514f449bf,AP
01a03136-a917-7aac-9208-6435ee50f4f5,68926064,travessa,Travessa Manoel Moura de Carvalho,Daniel,324f5453-20fa-4565-9dd4-6c6514f449bf,AP
01a03136-a931-7739-8f4b-b060257b5d91,68926094,travessa,Travessa Manoel Moura de Carvalho,Vila Amazonas,324f5453-20fa-4565-9dd4-6c6514f449bf,AP
01a02d5f-cc1a-76a4-a26d-16d5524081e3,68927329,travessa,Travessa Manoel Pastana,Nova Brasília,324f5453-20fa-4565-9dd4-6c6514f449bf,AP
01a03136-afe8-78bd-82ec-781232b4e7ca,68927329,travessa,Travessa Manoel Pastana,Nova Brasília,324f5453-20fa-4565-9dd4-6c6514f449bf,AP
01a02d5f-cc19-7563-a011-1c427926bac7,68927257,travessa,Travessa Manoel Pereira da Rocha,Nova Brasília,324f5453-20fa-4565-9dd4-6c6514f449bf,AP
01a03136-af9e-74f4-b244-8062ecb8ca47,68927257,travessa,Travessa Manoel Pereira da Rocha,Nova Brasília,324f5453-20fa-4565-9dd4-6c6514f449bf,AP
01a02d5f-ca06-77e5-9e96-4dbe1667841b,68927221,travessa,Travessa Manoel Pestana,Provedor I,324f5453-20fa-4565-9dd4-6c6514f449bf,AP
01a03136-af78-7ea3-9162-6adcece7a100,68927221,travessa,Travessa Manoel Pestana,Provedor I,324f5453-20fa-4565-9dd4-6c6514f449bf,AP
01a02d5f-acd7-777c-a3c0-10d696ea8dfe,68904130,travessa,Travessa Manoel Quaresma Mendes,Novo Buritizal,572484b1-1e48-4d7a-8864-2304f1a0f611,AP
01a03136-7a3f-74df-9544-0743cc9de575,68904130,travessa,Travessa Manoel Quaresma Mendes,Novo Buritizal,572484b1-1e48-4d7a-8864-2304f1a0f611,AP
01a02d5f-acd7-777c-a3c2-4be0437794b8,68904150,travessa,Travessa Manoel Valente dos Santos,Novo Buritizal,572484b1-1e48-4d7a-8864-2304f1a0f611,AP
01a03136-7a45-7bb9-8208-a74a5a9bcf94,68904150,travessa,Travessa Manoel Valente dos Santos,Novo Buritizal,572484b1-1e48-4d7a-8864-2304f1a0f611,AP
01a02d5f-c7ec-76ac-a7a5-ac4fddf1c362,68926080,travessa,Travessa Manoel Videira,Daniel,324f5453-20fa-4565-9dd4-6c6514f449bf,AP
01a03136-a926-7246-a51e-e78bd1b8d58d,68926080,travessa,Travessa Manoel Videira,Daniel,324f5453-20fa-4565-9dd4-6c6514f449bf,AP
01a02d5f-aaaa-79c0-808a-10893881bcc1,68903555,travessa,Travessa Manoel da Silva,Universidade,572484b1-1e48-4d7a-8864-2304f1a0f611,AP
01a03136-76a0-7ea1-9890-7e844fcdb2f9,68903555,travessa,Travessa Manoel da Silva,Universidade,572484b1-1e48-4d7a-8864-2304f1a0f611,AP
01a02d5f-d823-77f0-b4dc-1e1be7332265,68929563,travessa,Travessa Mar Adriático,Distrito Industrial,324f5453-20fa-4565-9dd4-6c6514f449bf,AP
01a03136-c47a-76b7-abfd-c214234f4d5d,68929563,travessa,Travessa Mar Adriático,Distrito Industrial,324f5453-20fa-4565-9dd4-6c6514f449bf,AP
01a02d5f-ce18-7a25-a7e1-936f728ec0ec,68928349,travessa,Travessa Maracanã,Fonte Nova,324f5453-20fa-4565-9dd4-6c6514f449bf,AP
01a03136-b3ec-73fb-b0a5-02fe78b5a63c,68928349,travessa,Travessa Maracanã,Fonte Nova,324f5453-20fa-4565-9dd4-6c6514f449bf,AP
01a02d5f-a1f1-7895-9682-14a919764b09,68901490,travessa,Travessa Marco Zero,Santa Inês,572484b1-1e48-4d7a-8864-2304f1a0f611,AP
01a03136-6bdb-7c3e-9463-3fba8735d652,68901490,travessa,Travessa Marco Zero,Santa Inês,572484b1-1e48-4d7a-8864-2304f1a0f611,AP
01a02d5f-d207-7d87-85d8-bb9c34b79bb7,68906494,travessa,Travessa Maria Assunção cruz,Marabaixo,572484b1-1e48-4d7a-8864-2304f1a0f611,AP
01a03136-b9b9-7b06-ab69-40b9fd045154,68906494,travessa,Travessa Maria Assunção cruz,Marabaixo,572484b1-1e48-4d7a-8864-2304f1a0f611,AP
01a02d5f-c7eb-7488-aa35-bd3438ff7ea9,68925266,travessa,Travessa Maria Davina,Elesbão,324f5453-20fa-4565-9dd4-6c6514f449bf,AP
01a03136-a888-7704-982d-faba2ecbe3d5,68925266,travessa,Travessa Maria Davina,Elesbão,324f5453-20fa-4565-9dd4-6c6514f449bf,AP
01a02d5f-c7eb-7488-aa3a-ba31cead589a,68925286,travessa,Travessa Maria Ignes,Elesbão,324f5453-20fa-4565-9dd4-6c6514f449bf,AP
01a03136-a899-76e4-bcf5-317114f4a0e8,68925286,travessa,Travessa Maria Ignes,Elesbão,324f5453-20fa-4565-9dd4-6c6514f449bf,AP
01a02d5f-aaa9-7e53-9c25-d95ea5e9e118,68903485,travessa,Travessa Maria Nunes dos Santos,Universidade,572484b1-1e48-4d7a-8864-2304f1a0f611,AP
01a03136-7653-713d-ab1a-28898742949c,68903485,travessa,Travessa Maria Nunes dos Santos,Universidade,572484b1-1e48-4d7a-8864-2304f1a0f611,AP
01a02d5f-d822-76b7-bf64-2ddebd465367,68925223,travessa,Travessa Maria Vitorina,Central,324f5453-20fa-4565-9dd4-6c6514f449bf,AP
01a03136-c3f7-7ea0-bf0c-9dd3e9651260,68925223,travessa,Travessa Maria Vitorina,Central,324f5453-20fa-4565-9dd4-6c6514f449bf,AP
01a02d5f-d00b-7b53-b189-597f8e22d203,68906304,travessa,Travessa Marilene Silva Miranda,Marabaixo,572484b1-1e48-4d7a-8864-2304f1a0f611,AP
01a03136-b71d-72de-9440-329fbfe91516,68906304,travessa,Travessa Marilene Silva Miranda,Marabaixo,572484b1-1e48-4d7a-8864-2304f1a0f611,AP
01a02d5f-b36e-7134-a0d7-d68af272ba44,68906643,travessa,Travessa Maurício Pacifico Cantuária,Alvorada,572484b1-1e48-4d7a-8864-2304f1a0f611,AP
01a03136-84b4-7a00-abd0-2f4517db566a,68906643,travessa,Travessa Maurício Pacifico Cantuária,Alvorada,572484b1-1e48-4d7a-8864-2304f1a0f611,AP
01a02d5f-cc19-7563-a010-a355360e63d7,68927254,travessa,Travessa Miguel de Bulhões,Nova Brasília,324f5453-20fa-4565-9dd4-6c6514f449bf,AP
01a03136-af9b-77f2-988c-d5d16cd6234e,68927254,travessa,Travessa Miguel de Bulhões,Nova Brasília,324f5453-20fa-4565-9dd4-6c6514f449bf,AP
01a02d5f-d00c-73d6-b841-502ee06136d2,68906449,travessa,Travessa Monte Negro,Marabaixo,572484b1-1e48-4d7a-8864-2304f1a0f611,AP
01a03136-b732-7466-9d7e-095e7c1126a8,68906449,travessa,Travessa Monte Negro,Marabaixo,572484b1-1e48-4d7a-8864-2304f1a0f611,AP
01a02d5f-a644-7668-9e10-7c6a5663b497,68902610,travessa,Travessa Monteiro Lobato,Muca,572484b1-1e48-4d7a-8864-2304f1a0f611,AP
01a03136-6f62-7d1b-830d-e03eaaf0d513,68902610,travessa,Travessa Monteiro Lobato,Muca,572484b1-1e48-4d7a-8864-2304f1a0f611,AP
01a02d5f-d62c-79e2-b6f5-81b96ab896c9,68909359,travessa,Travessa Morango,Brasil Novo,572484b1-1e48-4d7a-8864-2304f1a0f611,AP
01a03136-c107-71de-9e51-9416f68ee93e,68909359,travessa,Travessa Morango,Brasil Novo,572484b1-1e48-4d7a-8864-2304f1a0f611,AP
01a02d5f-d207-7d87-85d7-ae0e854dd991,68906493,travessa,Travessa Municipal,Marabaixo,572484b1-1e48-4d7a-8864-2304f1a0f611,AP
01a03136-b9b6-753d-b0a2-233a66f90226,68906493,travessa,Travessa Municipal,Marabaixo,572484b1-1e48-4d7a-8864-2304f1a0f611,AP
01a02d5f-acd8-7013-aa69-6993a211263c,68904287,travessa,Travessa Municipalista,Novo Buritizal,572484b1-1e48-4d7a-8864-2304f1a0f611,AP
01a03136-7a88-7b01-9833-67b74fceeab1,68904287,travessa,Travessa Municipalista,Novo Buritizal,572484b1-1e48-4d7a-8864-2304f1a0f611,AP
01a02d5f-d207-7d87-85c7-b911db23df0f,68906477,travessa,Travessa Muruci,Marabaixo,572484b1-1e48-4d7a-8864-2304f1a0f611,AP
01a03136-b980-7dd7-b2fa-21891cfd8b17,68906477,travessa,Travessa Muruci,Marabaixo,572484b1-1e48-4d7a-8864-2304f1a0f611,AP
01a02d5f-d209-778e-a2da-1ec407ed3ed4,68927122,travessa,Travessa Mário Quirino,Provedor I,324f5453-20fa-4565-9dd4-6c6514f449bf,AP
01a03136-ba82-7705-ab99-c2f0a6607b74,68927122,travessa,Travessa Mário Quirino,Provedor I,324f5453-20fa-4565-9dd4-6c6514f449bf,AP
01a02d5f-ca05-76eb-9048-8a234e1f7a72,68927063,travessa,Travessa Mário de Andrade,Remedios,324f5453-20fa-4565-9dd4-6c6514f449bf,AP
01a03136-acad-7bce-94f7-f078074a366f,68927063,travessa,Travessa Mário de Andrade,Remedios,324f5453-20fa-4565-9dd4-6c6514f449bf,AP
01a02d5f-ce16-7fd0-a08f-61fd257d7d46,68928120,travessa,Travessa N,Paraíso,324f5453-20fa-4565-9dd4-6c6514f449bf,AP
01a03136-b2f7-7460-88d8-031ddadabd7b,68928120,travessa,Travessa N,Paraíso,324f5453-20fa-4565-9dd4-6c6514f449bf,AP
01a02d5f-a41e-7ef5-b892-ce23e12a0580,68901760,travessa,Travessa Natanair Monteiro da Piedade,Nova Esperança,572484b1-1e48-4d7a-8864-2304f1a0f611,AP
01a03136-6c42-7ac5-811b-03b0ccddb6ab,68901760,travessa,Travessa Natanair Monteiro da Piedade,Nova Esperança,572484b1-1e48-4d7a-8864-2304f1a0f611,AP
01a02d5f-cc19-7563-a012-a24792385d10,68927260,travessa,Travessa Nelciana Vasques,Nova Brasília,324f5453-20fa-4565-9dd4-6c6514f449bf,AP
01a03136-afa2-731f-ba02-0e2932440bfc,68927260,travessa,Travessa Nelciana Vasques,Nova Brasília,324f5453-20fa-4565-9dd4-6c6514f449bf,AP
01a02d5f-d00c-7cb1-b84c-1879df026e39,68906461,travessa,Travessa Nevasca,Marabaixo,572484b1-1e48-4d7a-8864-2304f1a0f611,AP
01a03136-b757-7ee7-985c-d626f210949a,68906461,travessa,Travessa Nevasca,Marabaixo,572484b1-1e48-4d7a-8864-2304f1a0f611,AP
01a02d5f-bdb5-7f71-9f37-163786fd7d84,68909174,travessa,Travessa Nona,Boné Azul,572484b1-1e48-4d7a-8864-2304f1a0f611,AP
01a02d5f-d00a-7a39-be9f-79765e276a51,68903629,travessa,Travessa Nona,Universidade,572484b1-1e48-4d7a-8864-2304f1a0f611,AP
01a03136-9938-7c07-9f72-72b816d0caac,68909174,travessa,Travessa Nona,Boné Azul,572484b1-1e48-4d7a-8864-2304f1a0f611,AP
01a03136-b6cf-711e-9c86-a39c5837431b,68903629,travessa,Travessa Nona,Universidade,572484b1-1e48-4d7a-8864-2304f1a0f611,AP
01a02d5f-aaa9-7529-9c1d-da2841d19473,68903445,travessa,Travessa Nona da Universidade,Jardim Marco Zero,572484b1-1e48-4d7a-8864-2304f1a0f611,AP
01a03136-7633-7cc7-b24f-75a16cf6fd71,68903445,travessa,Travessa Nona da Universidade,Jardim Marco Zero,572484b1-1e48-4d7a-8864-2304f1a0f611,AP
01a02d5f-d62d-725c-b4e1-6f2d937ca8ce,68909540,travessa,Travessa Nossa Senhora Aparecida,Boné Azul,572484b1-1e48-4d7a-8864-2304f1a0f611,AP
01a03136-c351-72af-942d-28e62b7a25ea,68909540,travessa,Travessa Nossa Senhora Aparecida,Boné Azul,572484b1-1e48-4d7a-8864-2304f1a0f611,AP
01a02d5f-c7eb-7488-aa2e-8352fcb20123,68925237,travessa,Travessa Nossa Senhora de Fátima,Central,324f5453-20fa-4565-9dd4-6c6514f449bf,AP
01a03136-a871-7dab-8d71-8780ce4abc2c,68925237,travessa,Travessa Nossa Senhora de Fátima,Central,324f5453-20fa-4565-9dd4-6c6514f449bf,AP
01a02d5f-d416-7b60-b890-4b53cdb33511,68903889,travessa,Travessa Nova Esperança,Araxá,572484b1-1e48-4d7a-8864-2304f1a0f611,AP
01a03136-bda7-7322-8e25-5487dbf8f711,68903889,travessa,Travessa Nova Esperança,Araxá,572484b1-1e48-4d7a-8864-2304f1a0f611,AP
01a02d5f-aaab-7206-bdb7-c844db9a84dc,68903628,travessa,Travessa Oitava,Universidade,572484b1-1e48-4d7a-8864-2304f1a0f611,AP
01a03136-76c5-78cb-ac4e-0012dc2c403d,68903628,travessa,Travessa Oitava,Universidade,572484b1-1e48-4d7a-8864-2304f1a0f611,AP
01a02d5f-aaab-7afa-bdd1-13847e04ead9,68903777,travessa,Travessa Oitava da Setentrional,Araxá,572484b1-1e48-4d7a-8864-2304f1a0f611,AP
01a03136-771e-78b6-a32b-205a002ad395,68903777,travessa,Travessa Oitava da Setentrional,Araxá,572484b1-1e48-4d7a-8864-2304f1a0f611,AP
01a02d5f-d00a-7a39-be98-2df10e7086a2,68903209,travessa,Travessa Onix,Jardim Marco Zero,572484b1-1e48-4d7a-8864-2304f1a0f611,AP
01a03136-b6b6-7fad-af06-988ae01a25c1,68903209,travessa,Travessa Onix,Jardim Marco Zero,572484b1-1e48-4d7a-8864-2304f1a0f611,AP
01a02d5f-a1f0-7fb1-a33c-b891b666af6f,68901481,travessa,Travessa Oscar Santos,Santa Inês,572484b1-1e48-4d7a-8864-2304f1a0f611,AP
01a02d5f-cc1a-7f3f-a275-7f6c2b8fa2ee,68927353,travessa,Travessa Oscar Santos,Nova Brasília,324f5453-20fa-4565-9dd4-6c6514f449bf,AP
01a02d5f-c7eb-7488-aa2d-228a4a1ec642,68925234,travessa,Travessa Oscar Santos,Central,324f5453-20fa-4565-9dd4-6c6514f449bf,AP
01a03136-6bc3-7fed-a2fe-cf492750c124,68901481,travessa,Travessa Oscar Santos,Santa Inês,572484b1-1e48-4d7a-8864-2304f1a0f611,AP
01a03136-a86d-7f60-968a-94ea76cb1312,68925234,travessa,Travessa Oscar Santos,Central,324f5453-20fa-4565-9dd4-6c6514f449bf,AP
01a03136-b001-7a78-a871-70702ffd83cd,68927353,travessa,Travessa Oscar Santos,Nova Brasília,324f5453-20fa-4565-9dd4-6c6514f449bf,AP
01a02d5f-a41d-7bad-9774-e2b9bcf79b86,68901544,travessa,Travessa Oscár Santos,Santa Inês,572484b1-1e48-4d7a-8864-2304f1a0f611,AP
01a03136-6bfd-74de-a597-c33cdc5e9e8a,68901544,travessa,Travessa Oscár Santos,Santa Inês,572484b1-1e48-4d7a-8864-2304f1a0f611,AP
01a02d5f-ca05-7f64-9054-f97ee99c6194,68927099,travessa,Travessa Osvaldo de Andrade,Remedios,324f5453-20fa-4565-9dd4-6c6514f449bf,AP
01a03136-acd7-708e-a9b2-d462ee7c1444,68927099,travessa,Travessa Osvaldo de Andrade,Remedios,324f5453-20fa-4565-9dd4-6c6514f449bf,AP
01a02d5f-b36e-7134-a0dc-7576f9dc2954,68906649,travessa,Travessa Padre Luis David,Alvorada,572484b1-1e48-4d7a-8864-2304f1a0f611,AP
01a03136-84c4-720b-8fca-caaf9a11bbb6,68906649,travessa,Travessa Padre Luis David,Alvorada,572484b1-1e48-4d7a-8864-2304f1a0f611,AP
01a02d5f-ca05-7f64-9055-b5e067552574,68927102,travessa,Travessa Padres Fúvio,Remedios,324f5453-20fa-4565-9dd4-6c6514f449bf,AP
01a03136-acda-7613-bd90-8f6431b9b94f,68927102,travessa,Travessa Padres Fúvio,Remedios,324f5453-20fa-4565-9dd4-6c6514f449bf,AP
01a02d5f-bfdb-76eb-9347-e93abba263e6,68909327,travessa,Travessa Palmares,Brasil Novo,572484b1-1e48-4d7a-8864-2304f1a0f611,AP
01a03136-999b-74d6-95cb-81161d270f24,68909327,travessa,Travessa Palmares,Brasil Novo,572484b1-1e48-4d7a-8864-2304f1a0f611,AP
01a02d5f-d823-77f0-b4dd-2be3dbab67dc,68929565,travessa,Travessa Parauapebas,Distrito Industrial,324f5453-20fa-4565-9dd4-6c6514f449bf,AP
01a03136-c47e-73c0-8f63-bf9e0361380f,68929565,travessa,Travessa Parauapebas,Distrito Industrial,324f5453-20fa-4565-9dd4-6c6514f449bf,AP
01a02d5f-b9ae-77bd-9b6b-2b98523cae66,68908265,travessa,Travessa Pará,Pacoval,572484b1-1e48-4d7a-8864-2304f1a0f611,AP
01a03136-8eda-7f24-941b-adb1b48b0fbf,68908265,travessa,Travessa Pará,Pacoval,572484b1-1e48-4d7a-8864-2304f1a0f611,AP
01a02d5f-c7eb-7488-aa38-e87b6a1661c9,68925278,travessa,Travessa Passagem do Sistema,Elesbão,324f5453-20fa-4565-9dd4-6c6514f449bf,AP
01a03136-a892-7b8d-aa03-aa912941b702,68925278,travessa,Travessa Passagem do Sistema,Elesbão,324f5453-20fa-4565-9dd4-6c6514f449bf,AP
01a02d5f-a647-74b0-839b-782ee3f0354e,68903191,travessa,Travessa Pastor Esdras Pinheiro Torres,Jardim Marco Zero,572484b1-1e48-4d7a-8864-2304f1a0f611,AP
01a03136-72ad-7b68-b6d8-51dd9a7e5535,68903191,travessa,Travessa Pastor Esdras Pinheiro Torres,Jardim Marco Zero,572484b1-1e48-4d7a-8864-2304f1a0f611,AP
01a02d5f-a41e-7468-b87f-a02a7f730151,68901560,travessa,Travessa Pastor Vicente Rego,Santa Inês,572484b1-1e48-4d7a-8864-2304f1a0f611,AP
01a03136-6c03-7639-99bd-ecfeaaf613ff,68901560,travessa,Travessa Pastor Vicente Rego,Santa Inês,572484b1-1e48-4d7a-8864-2304f1a0f611,AP
01a02d5f-d207-7d87-85da-22d8d619d050,68906497,travessa,Travessa Pau Brasil,Marabaixo,572484b1-1e48-4d7a-8864-2304f1a0f611,AP
01a03136-b9c0-74a9-83f4-b49262b29c0b,68906497,travessa,Travessa Pau Brasil,Marabaixo,572484b1-1e48-4d7a-8864-2304f1a0f611,AP
01a02d5f-d821-74b6-996d-36821ea0273d,68909625,travessa,Travessa Pau D'arco,Boné Azul,572484b1-1e48-4d7a-8864-2304f1a0f611,AP
01a03136-c36e-737c-975a-252da95b3d59,68909625,travessa,Travessa Pau D'arco,Boné Azul,572484b1-1e48-4d7a-8864-2304f1a0f611,AP
01a02d5f-d821-74b6-996b-afcda128cb87,68909623,travessa,Travessa Pau-Roxo,Boné Azul,572484b1-1e48-4d7a-8864-2304f1a0f611,AP
01a03136-c367-7957-a2cb-3459a3e341bf,68909623,travessa,Travessa Pau-Roxo,Boné Azul,572484b1-1e48-4d7a-8864-2304f1a0f611,AP
01a02d5f-b36f-72ee-a04b-44c2698985b2,68906824,travessa,Travessa Pavão,Cabralzinho,572484b1-1e48-4d7a-8864-2304f1a0f611,AP
01a03136-852d-7143-85b8-5afa8e05093b,68906824,travessa,Travessa Pavão,Cabralzinho,572484b1-1e48-4d7a-8864-2304f1a0f611,AP
01a02d5f-d00c-7cb1-b851-44ec6a32682b,68906466,travessa,Travessa Pedro,Marabaixo,572484b1-1e48-4d7a-8864-2304f1a0f611,AP
01a03136-b95c-7385-b420-481527c22334,68906466,travessa,Travessa Pedro,Marabaixo,572484b1-1e48-4d7a-8864-2304f1a0f611,AP
01a02d5f-cc18-7c9e-8764-c266cffd8121,68927230,travessa,Travessa Pedro Salvador Diniz,Nova Brasília,324f5453-20fa-4565-9dd4-6c6514f449bf,AP
01a03136-af82-7436-b635-c0efc90e84be,68927230,travessa,Travessa Pedro Salvador Diniz,Nova Brasília,324f5453-20fa-4565-9dd4-6c6514f449bf,AP
01a02d5f-cc19-7563-a00f-8e3ef2ddca9f,68927251,travessa,Travessa Pedro Teixeira,Nova Brasília,324f5453-20fa-4565-9dd4-6c6514f449bf,AP
01a03136-af98-73a6-86e1-669796d36672,68927251,travessa,Travessa Pedro Teixeira,Nova Brasília,324f5453-20fa-4565-9dd4-6c6514f449bf,AP
01a02d5f-bdb4-7e21-a298-4c519a82a7ff,68909061,travessa,Travessa Pedro Wanderley Fernandes,Jardim Felicidade,572484b1-1e48-4d7a-8864-2304f1a0f611,AP
01a03136-9645-79ea-989c-552b96d70899,68909061,travessa,Travessa Pedro Wanderley Fernandes,Jardim Felicidade,572484b1-1e48-4d7a-8864-2304f1a0f611,AP
01a02d5f-cc1a-7f3f-a272-aeac013161fd,68927344,travessa,Travessa Pereira de Abreu,Nova Brasília,324f5453-20fa-4565-9dd4-6c6514f449bf,AP
01a03136-aff8-7671-b56c-99e1bb5122a9,68927344,travessa,Travessa Pereira de Abreu,Nova Brasília,324f5453-20fa-4565-9dd4-6c6514f449bf,AP
01a02d5f-bdb4-7e21-a28d-ddc8119257f7,68909038,travessa,Travessa Piauí,Jardim Felicidade,572484b1-1e48-4d7a-8864-2304f1a0f611,AP
01a03136-961f-7593-bc98-aff9fb88a036,68909038,travessa,Travessa Piauí,Jardim Felicidade,572484b1-1e48-4d7a-8864-2304f1a0f611,AP
01a02d5f-d62c-79e2-b6f4-c3644392feb8,68909358,travessa,Travessa Piquias,Brasil Novo,572484b1-1e48-4d7a-8864-2304f1a0f611,AP
01a03136-c104-759a-a9cd-8ab4467d7475,68909358,travessa,Travessa Piquias,Brasil Novo,572484b1-1e48-4d7a-8864-2304f1a0f611,AP
01a02d5f-d62d-725c-b4e0-62b484d890c6,68909399,travessa,Travessa Piquiá,Brasil Novo,572484b1-1e48-4d7a-8864-2304f1a0f611,AP
01a03136-c34d-7ea7-8a1e-e4a029b2bd22,68909399,travessa,Travessa Piquiá,Brasil Novo,572484b1-1e48-4d7a-8864-2304f1a0f611,AP
01a02d5f-d62c-79e2-b6f8-9524cde70cc8,68909363,travessa,Travessa Pitombeira,Brasil Novo,572484b1-1e48-4d7a-8864-2304f1a0f611,AP
01a03136-c110-7871-87fe-ef68edb0015f,68909363,travessa,Travessa Pitombeira,Brasil Novo,572484b1-1e48-4d7a-8864-2304f1a0f611,AP
01a02d5f-b9af-706c-a9a4-f14e023484b1,68908405,travessa,Travessa Porcina de Melo,São Lázaro,572484b1-1e48-4d7a-8864-2304f1a0f611,AP
01a02d5f-bbb9-7967-8635-55cfc9a9afbd,68908892,travessa,Travessa Porcina de Melo,Infraero,572484b1-1e48-4d7a-8864-2304f1a0f611,AP
01a03136-8f49-78aa-9b9b-1d253b6ce65e,68908405,travessa,Travessa Porcina de Melo,São Lázaro,572484b1-1e48-4d7a-8864-2304f1a0f611,AP
01a03136-9371-71e0-8366-f2b86ba78429,68908892,travessa,Travessa Porcina de Melo,Infraero,572484b1-1e48-4d7a-8864-2304f1a0f611,AP
01a02d5f-d207-7d87-85d1-d95f64b5db10,68906487,travessa,Travessa Porto Alegre,Marabaixo,572484b1-1e48-4d7a-8864-2304f1a0f611,AP
01a03136-b9a0-7fe7-b8b4-90a040c6e65f,68906487,travessa,Travessa Porto Alegre,Marabaixo,572484b1-1e48-4d7a-8864-2304f1a0f611,AP
01a02d5f-d62d-725c-b4e6-b41ff8083032,68909621,travessa,Travessa Pracuúba,Boné Azul,572484b1-1e48-4d7a-8864-2304f1a0f611,AP
01a03136-c361-77bc-acde-8c9e97afad4f,68909621,travessa,Travessa Pracuúba,Boné Azul,572484b1-1e48-4d7a-8864-2304f1a0f611,AP
01a02d5f-d62c-7182-b6eb-4eed4ea94b18,68909348,travessa,Travessa Prata,Brasil Novo,572484b1-1e48-4d7a-8864-2304f1a0f611,AP
01a03136-c0e7-7765-8680-0690e2294adf,68909348,travessa,Travessa Prata,Brasil Novo,572484b1-1e48-4d7a-8864-2304f1a0f611,AP
01a02d5f-c5eb-7b1e-acb1-afc81274de3a,68911459,travessa,Travessa Primavera,Muruci (Fazendinha),572484b1-1e48-4d7a-8864-2304f1a0f611,AP
01a03136-a4a6-7309-90c1-fd65686cf20a,68911459,travessa,Travessa Primavera,Muruci (Fazendinha),572484b1-1e48-4d7a-8864-2304f1a0f611,AP
01a02d5f-aaaa-79c0-808d-d5767b94f668,68903585,travessa,Travessa Primeira,Universidade,572484b1-1e48-4d7a-8864-2304f1a0f611,AP
01a03136-76aa-7b87-afc4-0b708a28cf48,68903585,travessa,Travessa Primeira,Universidade,572484b1-1e48-4d7a-8864-2304f1a0f611,AP
01a02d5f-c5eb-7b1e-acb3-2eba71cbc3be,68911462,travessa,Travessa Primeira da Castanheira,Muruci (Fazendinha),572484b1-1e48-4d7a-8864-2304f1a0f611,AP
01a03136-a4ae-7d5a-ae65-9264978a8d36,68911462,travessa,Travessa Primeira da Castanheira,Muruci (Fazendinha),572484b1-1e48-4d7a-8864-2304f1a0f611,AP
01a02d5f-b9ae-77bd-9b71-6f21a69a97a6,68908277,travessa,Travessa Primeira da Rodovia do Pacoval,Pacoval,572484b1-1e48-4d7a-8864-2304f1a0f611,AP
01a03136-8ef1-7443-b4e0-110429c6bd41,68908277,travessa,Travessa Primeira da Rodovia do Pacoval,Pacoval,572484b1-1e48-4d7a-8864-2304f1a0f611,AP
01a02d5f-a420-7041-96fd-11d5dd2a399e,68902345,travessa,Travessa Primeira da Tupis,Muca,572484b1-1e48-4d7a-8864-2304f1a0f611,AP
01a03136-6f30-7d8b-ae54-5666f73e33f8,68902345,travessa,Travessa Primeira da Tupis,Muca,572484b1-1e48-4d7a-8864-2304f1a0f611,AP
01a02d5f-acd6-7ea4-8951-6670ff065974,68904032,travessa,Travessa Primeira de Moraes,Novo Buritizal,572484b1-1e48-4d7a-8864-2304f1a0f611,AP
01a03136-7a02-7398-8f09-f96cb1ee0376,68904032,travessa,Travessa Primeira de Moraes,Novo Buritizal,572484b1-1e48-4d7a-8864-2304f1a0f611,AP
01a02d5f-d415-71e7-bde5-c32477903c6f,68905881,travessa,Travessa Primeira do Pará,Perpétuo Socorro,572484b1-1e48-4d7a-8864-2304f1a0f611,AP
01a03136-bd3b-7bb5-af0f-74998159b2fe,68905881,travessa,Travessa Primeira do Pará,Perpétuo Socorro,572484b1-1e48-4d7a-8864-2304f1a0f611,AP
01a02d5f-a41d-7bad-9770-e05875352293,68901540,travessa,Travessa Primeiro de Maio,Santa Inês,572484b1-1e48-4d7a-8864-2304f1a0f611,AP
01a03136-6bef-7f2e-a6bf-4f323e3d1da8,68901540,travessa,Travessa Primeiro de Maio,Santa Inês,572484b1-1e48-4d7a-8864-2304f1a0f611,AP
01a02d5f-c5ed-7d62-8a5e-573a46141412,68925132,travessa,Travessa Princesa Izabel,Hospitalidade,324f5453-20fa-4565-9dd4-6c6514f449bf,AP
01a03136-a7f2-7dc5-b55c-ebb28dad6478,68925132,travessa,Travessa Princesa Izabel,Hospitalidade,324f5453-20fa-4565-9dd4-6c6514f449bf,AP
01a02d5f-a41e-7468-b880-a6332fb83514,68901570,travessa,Travessa Professor Zacarias,Santa Inês,572484b1-1e48-4d7a-8864-2304f1a0f611,AP
01a03136-6c06-7e94-a252-36eeccab267f,68901570,travessa,Travessa Professor Zacarias,Santa Inês,572484b1-1e48-4d7a-8864-2304f1a0f611,AP
01a02d5f-a41f-77a2-b958-2449991afbcb,68902287,travessa,Travessa Professora Eliana Loo li,Muca,572484b1-1e48-4d7a-8864-2304f1a0f611,AP
01a03136-6cd8-7e5e-a4cd-ba997f961a8c,68902287,travessa,Travessa Professora Eliana Loo li,Muca,572484b1-1e48-4d7a-8864-2304f1a0f611,AP
01a02d5f-a877-767a-b937-31cb0f35e0ad,68903251,travessa,Travessa Professora Maria Guita,Jardim Marco Zero,572484b1-1e48-4d7a-8864-2304f1a0f611,AP
01a03136-72f9-7e72-ae76-ea39dbd3c836,68903251,travessa,Travessa Professora Maria Guita,Jardim Marco Zero,572484b1-1e48-4d7a-8864-2304f1a0f611,AP
01a02d5f-aaa9-7e53-9c29-75a70605d27b,68903493,travessa,Travessa Professora Neuzona,Universidade,572484b1-1e48-4d7a-8864-2304f1a0f611,AP
01a03136-7660-7b83-8f61-bcd93610ac33,68903493,travessa,Travessa Professora Neuzona,Universidade,572484b1-1e48-4d7a-8864-2304f1a0f611,AP
01a02d5f-a877-767a-b931-98ed26ceab18,68903225,travessa,Travessa Pérola,Jardim Marco Zero,572484b1-1e48-4d7a-8864-2304f1a0f611,AP
01a03136-72e6-7500-902a-7a81e5a68b49,68903225,travessa,Travessa Pérola,Jardim Marco Zero,572484b1-1e48-4d7a-8864-2304f1a0f611,AP
01a02d5f-b36f-72ee-a04f-5e8a462a6f62,68906828,travessa,Travessa Quarta,Cabralzinho,572484b1-1e48-4d7a-8864-2304f1a0f611,AP
01a02d5f-aaaa-79c0-8091-9b8a08371303,68903615,travessa,Travessa Quarta,Universidade,572484b1-1e48-4d7a-8864-2304f1a0f611,AP
01a03136-76b8-7c6c-963a-ff540cbcb59e,68903615,travessa,Travessa Quarta,Universidade,572484b1-1e48-4d7a-8864-2304f1a0f611,AP
01a03136-853b-7825-9625-15be513a8d1c,68906828,travessa,Travessa Quarta,Cabralzinho,572484b1-1e48-4d7a-8864-2304f1a0f611,AP
01a02d5f-a645-716e-9cbf-b9aab57620b5,68902687,travessa,Travessa Quarta da Tupis,Muca,572484b1-1e48-4d7a-8864-2304f1a0f611,AP
01a03136-6f79-7546-adfa-052ba2abc278,68902687,travessa,Travessa Quarta da Tupis,Muca,572484b1-1e48-4d7a-8864-2304f1a0f611,AP
01a02d5f-a877-7f38-b93b-11e662adca84,68903255,travessa,Travessa Quartzo,Jardim Marco Zero,572484b1-1e48-4d7a-8864-2304f1a0f611,AP
01a03136-7306-7eba-a768-b4a8b052998f,68903255,travessa,Travessa Quartzo,Jardim Marco Zero,572484b1-1e48-4d7a-8864-2304f1a0f611,AP
01a02d5f-a645-7a87-9cd4-38bf4daea97d,68902876,travessa,Travessa Quatro,Buritizal,572484b1-1e48-4d7a-8864-2304f1a0f611,AP
01a02d5f-cc1d-71f4-a154-1c0ec3cbf9be,68928033,travessa,Travessa Quatro,Paraíso,324f5453-20fa-4565-9dd4-6c6514f449bf,AP
01a03136-6fc0-7844-9098-34537b94a882,68902876,travessa,Travessa Quatro,Buritizal,572484b1-1e48-4d7a-8864-2304f1a0f611,AP
01a03136-b092-7fc1-8171-d74d61753f9b,68928033,travessa,Travessa Quatro,Paraíso,324f5453-20fa-4565-9dd4-6c6514f449bf,AP
01a02d5f-b36f-72ee-a051-7291088e3ae6,68906830,travessa,Travessa Quinta,Cabralzinho,572484b1-1e48-4d7a-8864-2304f1a0f611,AP
01a02d5f-aaab-7206-bdb4-2c1166662247,68903625,travessa,Travessa Quinta,Universidade,572484b1-1e48-4d7a-8864-2304f1a0f611,AP
01a03136-76bc-7173-8fc1-2d1322487836,68903625,travessa,Travessa Quinta,Universidade,572484b1-1e48-4d7a-8864-2304f1a0f611,AP
01a03136-8542-7a4e-8c0e-4b9893d9ba52,68906830,travessa,Travessa Quinta,Cabralzinho,572484b1-1e48-4d7a-8864-2304f1a0f611,AP
01a02d5f-a41f-77a2-b95d-3f926d8e28af,68902316,travessa,Travessa Quinta da Tupis,Muca,572484b1-1e48-4d7a-8864-2304f1a0f611,AP
01a03136-6f07-789f-8d51-b56f3d519bd8,68902316,travessa,Travessa Quinta da Tupis,Muca,572484b1-1e48-4d7a-8864-2304f1a0f611,AP
01a02d5f-c3dd-7c24-bed3-3e58d61ee30f,68911011,travessa,Travessa Quinta do Matadouro,Fazendinha,572484b1-1e48-4d7a-8864-2304f1a0f611,AP
01a03136-a0ae-7152-b2cd-cd92d718046c,68911011,travessa,Travessa Quinta do Matadouro,Fazendinha,572484b1-1e48-4d7a-8864-2304f1a0f611,AP
01a02d5f-aaab-7afa-bdc3-4165c14438e2,68903751,travessa,Travessa Raimunda Nóbre,Universidade,572484b1-1e48-4d7a-8864-2304f1a0f611,AP
01a03136-76ef-712f-a5ba-af5572ad1435,68903751,travessa,Travessa Raimunda Nóbre,Universidade,572484b1-1e48-4d7a-8864-2304f1a0f611,AP
01a02d5f-d207-7d87-85cc-d377926268e2,68906482,travessa,Travessa Raimundo Jansen de Almeida,Marabaixo,572484b1-1e48-4d7a-8864-2304f1a0f611,AP
01a03136-b991-7091-995e-fcf136913b13,68906482,travessa,Travessa Raimundo Jansen de Almeida,Marabaixo,572484b1-1e48-4d7a-8864-2304f1a0f611,AP
01a02d5f-d415-71e7-bde1-e4b1012a8530,68926361,travessa,Travessa Raimundo Pereira de Souza,Fortaleza,324f5453-20fa-4565-9dd4-6c6514f449bf,AP
01a03136-bd2c-72e5-b246-927cef549804,68926361,travessa,Travessa Raimundo Pereira de Souza,Fortaleza,324f5453-20fa-4565-9dd4-6c6514f449bf,AP
01a02d5f-d00c-7cb1-b850-c1f92e129f18,68906465,travessa,Travessa Raimundo Pinto Ramos,Marabaixo,572484b1-1e48-4d7a-8864-2304f1a0f611,AP
01a03136-b954-7073-ae20-22730018c15a,68906465,travessa,Travessa Raimundo Pinto Ramos,Marabaixo,572484b1-1e48-4d7a-8864-2304f1a0f611,AP
01a02d5f-cc18-7c9e-8762-49359f9f7252,68927224,travessa,Travessa Raimundo Vasques,Provedor I,324f5453-20fa-4565-9dd4-6c6514f449bf,AP
01a03136-af7c-72f1-a259-d929c83b1239,68927224,travessa,Travessa Raimundo Vasques,Provedor I,324f5453-20fa-4565-9dd4-6c6514f449bf,AP
01a02d5f-ca04-7e38-baa3-b1a13ee87c80,68926395,travessa,Travessa Rio Araguari,Fortaleza,324f5453-20fa-4565-9dd4-6c6514f449bf,AP
01a03136-ac55-7e98-9ab3-372e191b351f,68926395,travessa,Travessa Rio Araguari,Fortaleza,324f5453-20fa-4565-9dd4-6c6514f449bf,AP
01a02d5f-d823-77f0-b4de-fccaf995f45e,68929566,travessa,Travessa Rio Branco,Distrito Industrial,324f5453-20fa-4565-9dd4-6c6514f449bf,AP
01a02d5f-c7ea-7330-a815-66ca9e6e629d,68925156,travessa,Travessa Rio Branco,Hospitalidade,324f5453-20fa-4565-9dd4-6c6514f449bf,AP
01a03136-a810-7f99-a703-8d5c79baf644,68925156,travessa,Travessa Rio Branco,Hospitalidade,324f5453-20fa-4565-9dd4-6c6514f449bf,AP
01a03136-c482-7414-bcaf-c9d00a10ad13,68929566,travessa,Travessa Rio Branco,Distrito Industrial,324f5453-20fa-4565-9dd4-6c6514f449bf,AP
01a02d5f-d823-77f0-b4df-4d38de9a9a58,68929567,travessa,Travessa Rio Flexal,Distrito Industrial,324f5453-20fa-4565-9dd4-6c6514f449bf,AP
01a03136-c485-79af-80ce-881dc38009f2,68929567,travessa,Travessa Rio Flexal,Distrito Industrial,324f5453-20fa-4565-9dd4-6c6514f449bf,AP
01a02d5f-d823-77f0-b4e0-ec2a6796e0fe,68929569,travessa,Travessa Rio Jari,Distrito Industrial,324f5453-20fa-4565-9dd4-6c6514f449bf,AP
01a02d5f-c5ec-7c2f-868f-81b639fea798,68925061,travessa,Travessa Rio Jari,Comercial,324f5453-20fa-4565-9dd4-6c6514f449bf,AP
01a03136-a54a-7d94-a108-4f1aa6007c14,68925061,travessa,Travessa Rio Jari,Comercial,324f5453-20fa-4565-9dd4-6c6514f449bf,AP
01a03136-c489-77a9-bf1e-57e9ce1d68ad,68929569,travessa,Travessa Rio Jari,Distrito Industrial,324f5453-20fa-4565-9dd4-6c6514f449bf,AP
01a02d5f-ca04-75ca-ba94-da9d9095e5f4,68926320,travessa,Travessa Rio Macacoari,Fortaleza,324f5453-20fa-4565-9dd4-6c6514f449bf,AP
01a03136-ac18-7616-a3b1-5f9220299bac,68926320,travessa,Travessa Rio Macacoari,Fortaleza,324f5453-20fa-4565-9dd4-6c6514f449bf,AP
01a02d5f-ca04-75ca-ba91-62a2c7c56f40,68926305,travessa,Travessa Rio Madeira,Fortaleza,324f5453-20fa-4565-9dd4-6c6514f449bf,AP
01a03136-ac0b-7f36-b580-30528de8fdde,68926305,travessa,Travessa Rio Madeira,Fortaleza,324f5453-20fa-4565-9dd4-6c6514f449bf,AP
01a02d5f-ca04-7e38-ba99-216e72690d79,68926345,travessa,Travessa Rio Maracá,Fortaleza,324f5453-20fa-4565-9dd4-6c6514f449bf,AP
01a03136-ac2c-781f-8b4a-d6901490181a,68926345,travessa,Travessa Rio Maracá,Fortaleza,324f5453-20fa-4565-9dd4-6c6514f449bf,AP
01a02d5f-ca04-7e38-ba9e-a3fa2d6f897d,68926370,travessa,Travessa Rio Matapi,Fortaleza,324f5453-20fa-4565-9dd4-6c6514f449bf,AP
01a03136-ac41-7dfc-8670-ca1b2562ae60,68926370,travessa,Travessa Rio Matapi,Fortaleza,324f5453-20fa-4565-9dd4-6c6514f449bf,AP
01a02d5f-ca04-75ca-ba93-dbb2c63148c3,68926315,travessa,Travessa Rio Matapi Mirim,Fortaleza,324f5453-20fa-4565-9dd4-6c6514f449bf,AP
01a03136-ac13-7eb8-83e3-3556c6460ef9,68926315,travessa,Travessa Rio Matapi Mirim,Fortaleza,324f5453-20fa-4565-9dd4-6c6514f449bf,AP
01a02d5f-d823-77f0-b4e1-d844142197a4,68929570,travessa,Travessa Rio Negro,Distrito Industrial,324f5453-20fa-4565-9dd4-6c6514f449bf,AP
01a03136-c48c-7c20-a935-1646d477f81b,68929570,travessa,Travessa Rio Negro,Distrito Industrial,324f5453-20fa-4565-9dd4-6c6514f449bf,AP
01a02d5f-d823-77f0-b4e2-aa015514796b,68929571,travessa,Travessa Rio Oiapoque,Distrito Industrial,324f5453-20fa-4565-9dd4-6c6514f449bf,AP
01a03136-c49b-7100-9a22-2b021d4a87a6,68929571,travessa,Travessa Rio Oiapoque,Distrito Industrial,324f5453-20fa-4565-9dd4-6c6514f449bf,AP
01a02d5f-d823-77f0-b4e3-2717ec49762f,68929573,travessa,Travessa Rio Pará,Distrito Industrial,324f5453-20fa-4565-9dd4-6c6514f449bf,AP
01a03136-c49e-765e-8b4d-07eafb78ca3d,68929573,travessa,Travessa Rio Pará,Distrito Industrial,324f5453-20fa-4565-9dd4-6c6514f449bf,AP
01a02d5f-d824-7084-91b9-994e51bd9b7b,68933002,travessa,Travessa Rio Pirativa,Ilha de Santana,324f5453-20fa-4565-9dd4-6c6514f449bf,AP
01a02d5f-ca04-7e38-ba96-0548c7fe6a39,68926330,travessa,Travessa Rio Pirativa,Fortaleza,324f5453-20fa-4565-9dd4-6c6514f449bf,AP
01a03136-ac1e-7e21-a100-a0fd1bd9c552,68926330,travessa,Travessa Rio Pirativa,Fortaleza,324f5453-20fa-4565-9dd4-6c6514f449bf,AP
01a03136-c6c6-7daa-aea0-65ccfa85e185,68933002,travessa,Travessa Rio Pirativa,Ilha de Santana,324f5453-20fa-4565-9dd4-6c6514f449bf,AP
01a02d5f-ca04-7e38-baa5-4feffee54193,68926405,travessa,Travessa Rio Preto,Fortaleza,324f5453-20fa-4565-9dd4-6c6514f449bf,AP
01a03136-ac5e-72cf-af9e-448378b75f68,68926405,travessa,Travessa Rio Preto,Fortaleza,324f5453-20fa-4565-9dd4-6c6514f449bf,AP
01a02d5f-ca04-7e38-baa2-2e629d24c317,68926390,travessa,Travessa Rio Salvador,Fortaleza,324f5453-20fa-4565-9dd4-6c6514f449bf,AP
01a03136-ac51-7f5f-82cd-63a0ef57641e,68926390,travessa,Travessa Rio Salvador,Fortaleza,324f5453-20fa-4565-9dd4-6c6514f449bf,AP
01a02d5f-d207-7d87-85dc-7a1e35bc2eef,68906499,travessa,Travessa Rio Solimoes,Marabaixo,572484b1-1e48-4d7a-8864-2304f1a0f611,AP
01a03136-b9c6-7f56-9fa5-f6e514457463,68906499,travessa,Travessa Rio Solimoes,Marabaixo,572484b1-1e48-4d7a-8864-2304f1a0f611,AP
01a02d5f-d823-77f0-b4e4-71a1ea9035c5,68929574,travessa,Travessa Rio Solimões,Distrito Industrial,324f5453-20fa-4565-9dd4-6c6514f449bf,AP
01a03136-c4a1-7ac3-a6e6-362df586d00f,68929574,travessa,Travessa Rio Solimões,Distrito Industrial,324f5453-20fa-4565-9dd4-6c6514f449bf,AP
01a02d5f-d823-77f0-b4e5-96d243504158,68929575,travessa,Travessa Rio Tapajós,Distrito Industrial,324f5453-20fa-4565-9dd4-6c6514f449bf,AP
01a03136-c6b1-70aa-847e-c93c965257c3,68929575,travessa,Travessa Rio Tapajós,Distrito Industrial,324f5453-20fa-4565-9dd4-6c6514f449bf,AP
01a02d5f-d822-76b7-bf6f-a51278a3b097,68929513,travessa,Travessa Rio Tefé,Distrito Industrial,324f5453-20fa-4565-9dd4-6c6514f449bf,AP
01a03136-c41f-7855-baf6-faa64fe62603,68929513,travessa,Travessa Rio Tefé,Distrito Industrial,324f5453-20fa-4565-9dd4-6c6514f449bf,AP
01a02d5f-ca04-7e38-ba9a-6b8e98b190cc,68926350,travessa,Travessa Rio Tipitinga,Fortaleza,324f5453-20fa-4565-9dd4-6c6514f449bf,AP
01a03136-ac30-7f36-8504-30015262fe44,68926350,travessa,Travessa Rio Tipitinga,Fortaleza,324f5453-20fa-4565-9dd4-6c6514f449bf,AP
01a02d5f-d822-7f57-bf70-ec64be5c003d,68929514,travessa,Travessa Rio Tocantins,Distrito Industrial,324f5453-20fa-4565-9dd4-6c6514f449bf,AP
01a02d5f-ca04-7e38-ba9c-555b088df596,68926360,travessa,Travessa Rio Tocantins,Fortaleza,324f5453-20fa-4565-9dd4-6c6514f449bf,AP
01a03136-ac38-7c7a-aff3-97fe9571588c,68926360,travessa,Travessa Rio Tocantins,Fortaleza,324f5453-20fa-4565-9dd4-6c6514f449bf,AP
01a03136-c423-7609-86a1-d4ba80da2070,68929514,travessa,Travessa Rio Tocantins,Distrito Industrial,324f5453-20fa-4565-9dd4-6c6514f449bf,AP
01a02d5f-ca04-7e38-ba9d-2f30540405c9,68926365,travessa,Travessa Rio Trombetas,Fortaleza,324f5453-20fa-4565-9dd4-6c6514f449bf,AP
01a03136-ac3d-7e01-912e-969bdce8aa70,68926365,travessa,Travessa Rio Trombetas,Fortaleza,324f5453-20fa-4565-9dd4-6c6514f449bf,AP
01a02d5f-d822-7f57-bf71-40f6ed96c07e,68929515,travessa,Travessa Rio Vila Nova,Distrito Industrial,324f5453-20fa-4565-9dd4-6c6514f449bf,AP
01a02d5f-ca04-7e38-ba9f-5ebd564d8140,68926375,travessa,Travessa Rio Vila Nova,Fortaleza,324f5453-20fa-4565-9dd4-6c6514f449bf,AP
01a03136-ac45-7d52-a1d1-b4edf45a0ab0,68926375,travessa,Travessa Rio Vila Nova,Fortaleza,324f5453-20fa-4565-9dd4-6c6514f449bf,AP
01a03136-c427-72e7-bce3-b296169f49e4,68929515,travessa,Travessa Rio Vila Nova,Distrito Industrial,324f5453-20fa-4565-9dd4-6c6514f449bf,AP
01a02d5f-d822-7f57-bf72-932cc27652fb,68929517,travessa,Travessa Rio Xingu,Distrito Industrial,324f5453-20fa-4565-9dd4-6c6514f449bf,AP
01a02d5f-ca04-7e38-baa4-ba4c77fc49b4,68926400,travessa,Travessa Rio Xingu,Fortaleza,324f5453-20fa-4565-9dd4-6c6514f449bf,AP
01a03136-ac5a-7534-9080-bf1347dc4286,68926400,travessa,Travessa Rio Xingu,Fortaleza,324f5453-20fa-4565-9dd4-6c6514f449bf,AP
01a03136-c42a-76b5-9fbd-22578784e2c3,68929517,travessa,Travessa Rio Xingu,Distrito Industrial,324f5453-20fa-4565-9dd4-6c6514f449bf,AP
01a02d5f-a41f-77a2-b957-0be8aa47a25e,68902286,travessa,Travessa Rosa Cruz,Muca,572484b1-1e48-4d7a-8864-2304f1a0f611,AP
01a03136-6cd5-70d7-b232-e480f786a1aa,68902286,travessa,Travessa Rosa Cruz,Muca,572484b1-1e48-4d7a-8864-2304f1a0f611,AP
01a02d5f-a645-716e-9cc0-f7dbc137cdca,68902689,travessa,Travessa Rosa dos Ventos,Muca,572484b1-1e48-4d7a-8864-2304f1a0f611,AP
01a03136-6f7c-7a39-8de8-a5cd06be02b2,68902689,travessa,Travessa Rosa dos Ventos,Muca,572484b1-1e48-4d7a-8864-2304f1a0f611,AP
01a02d5f-a877-767a-b92a-bfd3d07ad489,68903205,travessa,Travessa Rubi,Jardim Marco Zero,572484b1-1e48-4d7a-8864-2304f1a0f611,AP
01a03136-72ce-7f24-a2f5-d477615ddb8c,68903205,travessa,Travessa Rubi,Jardim Marco Zero,572484b1-1e48-4d7a-8864-2304f1a0f611,AP
01a02d5f-cc1a-76a4-a26a-2ff2364f0066,68927320,travessa,Travessa S Camilo,Nova Brasília,324f5453-20fa-4565-9dd4-6c6514f449bf,AP
01a03136-afdf-72e2-abc4-085babc54b81,68927320,travessa,Travessa S Camilo,Nova Brasília,324f5453-20fa-4565-9dd4-6c6514f449bf,AP
01a02d5f-d416-72f3-b87f-db583997c1c6,68903137,travessa,Travessa Santa Clara,Pedrinhas,572484b1-1e48-4d7a-8864-2304f1a0f611,AP
01a03136-bd6e-71cb-9c41-0a18b8f9559a,68903137,travessa,Travessa Santa Clara,Pedrinhas,572484b1-1e48-4d7a-8864-2304f1a0f611,AP
01a02d5f-d00b-7b53-b18d-2735ff35bdfd,68906308,travessa,Travessa Santa Fé,Marabaixo,572484b1-1e48-4d7a-8864-2304f1a0f611,AP
01a02d5f-d417-7cad-8bcb-0fe10d15312f,68905392,travessa,Travessa Santa Fé,Cidade Nova,572484b1-1e48-4d7a-8864-2304f1a0f611,AP
01a03136-b72b-7bc7-a6a8-fab07d58d528,68906308,travessa,Travessa Santa Fé,Marabaixo,572484b1-1e48-4d7a-8864-2304f1a0f611,AP
01a03136-bdd7-75e2-bfae-e87a4dd2a6b1,68905392,travessa,Travessa Santa Fé,Cidade Nova,572484b1-1e48-4d7a-8864-2304f1a0f611,AP
01a02d5f-aaa9-7e53-9c2b-803ff31f74f3,68903495,travessa,Travessa Santa Luzia,Universidade,572484b1-1e48-4d7a-8864-2304f1a0f611,AP
01a03136-7667-7dd5-99c8-2050f9433ed0,68903495,travessa,Travessa Santa Luzia,Universidade,572484b1-1e48-4d7a-8864-2304f1a0f611,AP
01a02d5f-d824-7084-91ba-184cf71566f8,68933004,travessa,Travessa Santana,Ilha de Santana,324f5453-20fa-4565-9dd4-6c6514f449bf,AP
01a02d5f-c5ed-74ca-8a50-1915be4a72c0,68925079,travessa,Travessa Santana,Comercial,324f5453-20fa-4565-9dd4-6c6514f449bf,AP
01a03136-a563-7992-af6f-c7727c765862,68925079,travessa,Travessa Santana,Comercial,324f5453-20fa-4565-9dd4-6c6514f449bf,AP
01a03136-c6ca-7297-9e32-1c69465b374a,68933004,travessa,Travessa Santana,Ilha de Santana,324f5453-20fa-4565-9dd4-6c6514f449bf,AP
01a02d5f-d62d-725c-b4d9-a7473c3abffc,68909383,travessa,Travessa Santarém,Brasil Novo,572484b1-1e48-4d7a-8864-2304f1a0f611,AP
01a03136-c129-7940-8e27-3acbfef7dc63,68909383,travessa,Travessa Santarém,Brasil Novo,572484b1-1e48-4d7a-8864-2304f1a0f611,AP
01a02d5f-c1dc-71b4-bdaa-8e6a928b3c9e,68909873,travessa,Travessa Santo Antônio,Marabaixo,572484b1-1e48-4d7a-8864-2304f1a0f611,AP
01a03136-a04a-7275-8c34-c6178acc19b2,68909873,travessa,Travessa Santo Antônio,Marabaixo,572484b1-1e48-4d7a-8864-2304f1a0f611,AP
01a02d5f-d207-7d87-85ce-914b7930905c,68906484,travessa,Travessa Santo Expedito,Marabaixo,572484b1-1e48-4d7a-8864-2304f1a0f611,AP
01a03136-b997-7190-843a-0835f932b8a5,68906484,travessa,Travessa Santo Expedito,Marabaixo,572484b1-1e48-4d7a-8864-2304f1a0f611,AP
01a02d5f-b9af-7923-a9c0-e00e882718e4,68908572,travessa,Travessa Santo Inácio de Loiola,São Lázaro,572484b1-1e48-4d7a-8864-2304f1a0f611,AP
01a03136-8fb2-74f6-9f31-b50b7a418d31,68908572,travessa,Travessa Santo Inácio de Loiola,São Lázaro,572484b1-1e48-4d7a-8864-2304f1a0f611,AP
01a02d5f-d62c-79e2-b6fb-ae10801fbf57,68909366,travessa,Travessa Saputi,Brasil Novo,572484b1-1e48-4d7a-8864-2304f1a0f611,AP
01a03136-c11a-73fb-8a3e-54feef5f55e1,68909366,travessa,Travessa Saputi,Brasil Novo,572484b1-1e48-4d7a-8864-2304f1a0f611,AP
01a02d5f-d62d-725c-b4dc-92c8d4ecd37b,68909387,travessa,Travessa Segingais,Brasil Novo,572484b1-1e48-4d7a-8864-2304f1a0f611,AP
01a03136-c133-71d5-9798-579d8e8cf451,68909387,travessa,Travessa Segingais,Brasil Novo,572484b1-1e48-4d7a-8864-2304f1a0f611,AP
01a02d5f-aaaa-79c0-808e-0f9ad93422dd,68903595,travessa,Travessa Segunda,Universidade,572484b1-1e48-4d7a-8864-2304f1a0f611,AP
01a02d5f-af08-7f4d-bc2d-ab2d2b04c77a,68905516,travessa,Travessa Segunda,Perpétuo Socorro,572484b1-1e48-4d7a-8864-2304f1a0f611,AP
01a03136-76ae-70b7-9ad5-81df2323e238,68903595,travessa,Travessa Segunda,Universidade,572484b1-1e48-4d7a-8864-2304f1a0f611,AP
01a03136-8119-7b05-856d-9ac4e50aea8d,68905516,travessa,Travessa Segunda,Perpétuo Socorro,572484b1-1e48-4d7a-8864-2304f1a0f611,AP
01a02d5f-c5eb-7b1e-acb4-c48719aa442e,68911463,travessa,Travessa Segunda da Castanheira,Muruci (Fazendinha),572484b1-1e48-4d7a-8864-2304f1a0f611,AP
01a03136-a4b2-71f4-ad4e-cf1dfafa158b,68911463,travessa,Travessa Segunda da Castanheira,Muruci (Fazendinha),572484b1-1e48-4d7a-8864-2304f1a0f611,AP
01a02d5f-b9ae-77bd-9b72-9365c084ea6f,68908278,travessa,Travessa Segunda da Rodovia do Pacoval,Pacoval,572484b1-1e48-4d7a-8864-2304f1a0f611,AP
01a03136-8ef5-71e8-ba09-b266e979895f,68908278,travessa,Travessa Segunda da Rodovia do Pacoval,Pacoval,572484b1-1e48-4d7a-8864-2304f1a0f611,AP
01a02d5f-a41f-77a2-b956-1f769ca612b1,68902285,travessa,Travessa Segunda da Tupis,Muca,572484b1-1e48-4d7a-8864-2304f1a0f611,AP
01a03136-6cd1-7b1f-a559-27f9163ddcd2,68902285,travessa,Travessa Segunda da Tupis,Muca,572484b1-1e48-4d7a-8864-2304f1a0f611,AP
01a02d5f-acd6-7ea4-8950-9d6a89bd6a0c,68904031,travessa,Travessa Segunda de Moraes,Novo Buritizal,572484b1-1e48-4d7a-8864-2304f1a0f611,AP
01a03136-79fe-7e30-a258-bdd7d2adf5a1,68904031,travessa,Travessa Segunda de Moraes,Novo Buritizal,572484b1-1e48-4d7a-8864-2304f1a0f611,AP
01a02d5f-d415-7a4d-bde6-1423986ea5be,68905882,travessa,Travessa Segunda do Pará,Perpétuo Socorro,572484b1-1e48-4d7a-8864-2304f1a0f611,AP
01a03136-bd3f-78b4-9ed2-b116e6b8a454,68905882,travessa,Travessa Segunda do Pará,Perpétuo Socorro,572484b1-1e48-4d7a-8864-2304f1a0f611,AP
01a02d5f-c1d8-75a0-8afe-9527180ea962,68909715,travessa,Travessa Sem Denominação Vinte e Um,Lagoa Azul,572484b1-1e48-4d7a-8864-2304f1a0f611,AP
01a03136-9d35-75ad-a1bb-b43421be78c8,68909715,travessa,Travessa Sem Denominação Vinte e Um,Lagoa Azul,572484b1-1e48-4d7a-8864-2304f1a0f611,AP
01a02d5f-ce18-7189-a7bc-5a263a17d159,68928235,travessa,Travessa Sem denominação,Fonte Nova,324f5453-20fa-4565-9dd4-6c6514f449bf,AP
01a03136-b370-7e69-9f7a-f205645e037d,68928235,travessa,Travessa Sem denominação,Fonte Nova,324f5453-20fa-4565-9dd4-6c6514f449bf,AP
01a02d5f-ca05-76eb-9049-3c8e7cc63fda,68927066,travessa,Travessa Senador Nilo Coelho,Remedios,324f5453-20fa-4565-9dd4-6c6514f449bf,AP
01a03136-acb1-7039-8371-c4f06ff2528b,68927066,travessa,Travessa Senador Nilo Coelho,Remedios,324f5453-20fa-4565-9dd4-6c6514f449bf,AP
01a02d5f-ca05-76eb-904a-b5d932b89f7a,68927069,travessa,Travessa Senador Teotônio Vilela,Remedios,324f5453-20fa-4565-9dd4-6c6514f449bf,AP
01a03136-acb4-7565-96ed-57f187ca159a,68927069,travessa,Travessa Senador Teotônio Vilela,Remedios,324f5453-20fa-4565-9dd4-6c6514f449bf,AP
01a02d5f-acd6-7612-894c-a17be986cd30,68904017,travessa,Travessa Serram,Novo Buritizal,572484b1-1e48-4d7a-8864-2304f1a0f611,AP
01a03136-79f2-723d-9064-144cb2c91e09,68904017,travessa,Travessa Serram,Novo Buritizal,572484b1-1e48-4d7a-8864-2304f1a0f611,AP
01a02d5f-aaab-7206-bdb5-2f7a0d58b94f,68903626,travessa,Travessa Sexta,Universidade,572484b1-1e48-4d7a-8864-2304f1a0f611,AP
01a03136-76bf-785c-b621-066c6f93dc25,68903626,travessa,Travessa Sexta,Universidade,572484b1-1e48-4d7a-8864-2304f1a0f611,AP
01a02d5f-a645-716e-9cbe-d469c7309fed,68902686,travessa,Travessa Sexta da Tupis,Muca,572484b1-1e48-4d7a-8864-2304f1a0f611,AP
01a03136-6f76-751b-af41-c178564e4848,68902686,travessa,Travessa Sexta da Tupis,Muca,572484b1-1e48-4d7a-8864-2304f1a0f611,AP
01a02d5f-aaab-7afa-bdcf-f29123b33bf8,68903775,travessa,Travessa Sexts da Setentrional,Araxá,572484b1-1e48-4d7a-8864-2304f1a0f611,AP
01a03136-7717-768c-81a0-ecb3352cfb23,68903775,travessa,Travessa Sexts da Setentrional,Araxá,572484b1-1e48-4d7a-8864-2304f1a0f611,AP
01a02d5f-d418-7561-8ff7-fbd94dbdedb3,68906094,travessa,Travessa Shalon,Goiabal,572484b1-1e48-4d7a-8864-2304f1a0f611,AP
01a03136-bffb-70ad-b616-3a6368188a7f,68906094,travessa,Travessa Shalon,Goiabal,572484b1-1e48-4d7a-8864-2304f1a0f611,AP
01a02d5f-b36e-7134-a0d2-7bb32cd6b357,68906634,travessa,Travessa Soldado Deondino dos Santos Coelho,Alvorada,572484b1-1e48-4d7a-8864-2304f1a0f611,AP
01a03136-84a5-76c7-940b-21ce5a75aa0f,68906634,travessa,Travessa Soldado Deondino dos Santos Coelho,Alvorada,572484b1-1e48-4d7a-8864-2304f1a0f611,AP
01a02d5f-b36e-7134-a0e2-b6fe859f3739,68906664,travessa,Travessa Soldado José dos Santos,Alvorada,572484b1-1e48-4d7a-8864-2304f1a0f611,AP
01a03136-84d7-7021-9d7b-069d40c34923,68906664,travessa,Travessa Soldado José dos Santos,Alvorada,572484b1-1e48-4d7a-8864-2304f1a0f611,AP
01a02d5f-aaa9-7e53-9c31-40945a7b9c73,68903502,travessa,Travessa Solimões,Universidade,572484b1-1e48-4d7a-8864-2304f1a0f611,AP
01a03136-767c-7746-9ebb-8e4d9f744cbf,68903502,travessa,Travessa Solimões,Universidade,572484b1-1e48-4d7a-8864-2304f1a0f611,AP
01a02d5f-ca04-7e38-baab-f2993570e9d6,68927015,travessa,Travessa Souza Fundão,Remedios,324f5453-20fa-4565-9dd4-6c6514f449bf,AP
01a03136-ac76-7610-9380-75f1a7acb0cf,68927015,travessa,Travessa Souza Fundão,Remedios,324f5453-20fa-4565-9dd4-6c6514f449bf,AP
01a02d5f-cc19-7563-a013-02a030021146,68927263,travessa,Travessa Stélio de Oliveira,Nova Brasília,324f5453-20fa-4565-9dd4-6c6514f449bf,AP
01a03136-afa5-731d-ab57-0aec6ea71ac4,68927263,travessa,Travessa Stélio de Oliveira,Nova Brasília,324f5453-20fa-4565-9dd4-6c6514f449bf,AP
01a02d5f-c1dc-71b4-bdae-71317c2154af,68909877,travessa,Travessa São Benedito,Marabaixo,572484b1-1e48-4d7a-8864-2304f1a0f611,AP
01a02d5f-af08-7671-bc25-2118f15202aa,68905460,travessa,Travessa São Benedito,Cidade Nova,572484b1-1e48-4d7a-8864-2304f1a0f611,AP
01a03136-8100-71a9-9933-d063e8b5d955,68905460,travessa,Travessa São Benedito,Cidade Nova,572484b1-1e48-4d7a-8864-2304f1a0f611,AP
01a03136-a056-7c30-8749-b2b061320d6b,68909877,travessa,Travessa São Benedito,Marabaixo,572484b1-1e48-4d7a-8864-2304f1a0f611,AP
01a02d5f-bdb4-7e21-a29f-db33e877b6c7,68909076,travessa,Travessa São Cristovão,Jardim Felicidade,572484b1-1e48-4d7a-8864-2304f1a0f611,AP
01a03136-965e-7826-9fd1-4e0a80bf676f,68909076,travessa,Travessa São Cristovão,Jardim Felicidade,572484b1-1e48-4d7a-8864-2304f1a0f611,AP
01a02d5f-d62d-725c-b4e2-d8de5e92621d,68909541,travessa,Travessa São Francisco,Boné Azul,572484b1-1e48-4d7a-8864-2304f1a0f611,AP
01a02d5f-b36e-7134-a0ce-9244204bdef0,68906630,travessa,Travessa São Francisco,Alvorada,572484b1-1e48-4d7a-8864-2304f1a0f611,AP
01a03136-8498-711d-b614-36585cb34fbe,68906630,travessa,Travessa São Francisco,Alvorada,572484b1-1e48-4d7a-8864-2304f1a0f611,AP
01a03136-c354-781c-9bed-3af2a606c5a4,68909541,travessa,Travessa São Francisco,Boné Azul,572484b1-1e48-4d7a-8864-2304f1a0f611,AP
01a02d5f-d62b-7078-b467-a3cf77933c6a,68908456,travessa,Travessa São Jorge,São Lázaro,572484b1-1e48-4d7a-8864-2304f1a0f611,AP
01a03136-c0a8-79f5-8832-e5cfb713013a,68908456,travessa,Travessa São Jorge,São Lázaro,572484b1-1e48-4d7a-8864-2304f1a0f611,AP
01a02d5f-c1dc-71b4-bdab-6ecbbab0af6e,68909874,travessa,Travessa São José,Marabaixo,572484b1-1e48-4d7a-8864-2304f1a0f611,AP
01a03136-a04d-7811-aa69-2cb0d2585b13,68909874,travessa,Travessa São José,Marabaixo,572484b1-1e48-4d7a-8864-2304f1a0f611,AP
01a02d5f-c1dc-71b4-bdaf-3dc44c600573,68909878,travessa,Travessa São Pedro,Marabaixo,572484b1-1e48-4d7a-8864-2304f1a0f611,AP
01a03136-a05a-754f-a549-cbc03afc6754,68909878,travessa,Travessa São Pedro,Marabaixo,572484b1-1e48-4d7a-8864-2304f1a0f611,AP
01a02d5f-bfdc-7fcc-b95d-1d882b526755,68909538,travessa,Travessa São Sebastião,Boné Azul,572484b1-1e48-4d7a-8864-2304f1a0f611,AP
01a03136-9a8f-75c0-8c4e-807c753c99af,68909538,travessa,Travessa São Sebastião,Boné Azul,572484b1-1e48-4d7a-8864-2304f1a0f611,AP
01a02d5f-aaab-7206-bdb6-6c0f8924eeb1,68903627,travessa,Travessa Sétima,Universidade,572484b1-1e48-4d7a-8864-2304f1a0f611,AP
01a03136-76c2-7cfb-a2ad-ff63170bd159,68903627,travessa,Travessa Sétima,Universidade,572484b1-1e48-4d7a-8864-2304f1a0f611,AP
01a02d5f-cc18-7c9e-8763-f7596f4248c8,68927227,travessa,Travessa Sílvio Camilo,Provedor I,324f5453-20fa-4565-9dd4-6c6514f449bf,AP
01a03136-af7f-7841-aba7-abd2a0e52cc1,68927227,travessa,Travessa Sílvio Camilo,Provedor I,324f5453-20fa-4565-9dd4-6c6514f449bf,AP
01a02d5f-a877-767a-b92b-fca2a8f89587,68903206,travessa,Travessa Tantalita,Jardim Marco Zero,572484b1-1e48-4d7a-8864-2304f1a0f611,AP
01a03136-72d2-7614-bc41-2fee4060a5f8,68903206,travessa,Travessa Tantalita,Jardim Marco Zero,572484b1-1e48-4d7a-8864-2304f1a0f611,AP
01a02d5f-aaaa-79c0-808b-9d0d7a14f597,68903565,travessa,Travessa Tapajós,Universidade,572484b1-1e48-4d7a-8864-2304f1a0f611,AP
01a03136-76a4-7309-aae3-52e8d1a78463,68903565,travessa,Travessa Tapajós,Universidade,572484b1-1e48-4d7a-8864-2304f1a0f611,AP
01a02d5f-c7eb-7d57-aa3f-490a728b780f,68925306,travessa,Travessa Tapereba,Elesbão,324f5453-20fa-4565-9dd4-6c6514f449bf,AP
01a03136-a8aa-7016-8e7c-8716e7b009dd,68925306,travessa,Travessa Tapereba,Elesbão,324f5453-20fa-4565-9dd4-6c6514f449bf,AP
01a02d5f-c5ec-7c2f-8690-44733c6819e5,68925064,travessa,Travessa Tartarugalzinho,Comercial,324f5453-20fa-4565-9dd4-6c6514f449bf,AP
01a03136-a54e-7afb-8be1-4f94e609bccf,68925064,travessa,Travessa Tartarugalzinho,Comercial,324f5453-20fa-4565-9dd4-6c6514f449bf,AP
01a02d5f-b36f-72ee-a04e-6fa53d521aff,68906827,travessa,Travessa Terceira,Cabralzinho,572484b1-1e48-4d7a-8864-2304f1a0f611,AP
01a02d5f-aaaa-79c0-8090-da1594e3c183,68903610,travessa,Travessa Terceira,Universidade,572484b1-1e48-4d7a-8864-2304f1a0f611,AP
01a03136-76b5-779c-a154-b863b25d0ab5,68903610,travessa,Travessa Terceira,Universidade,572484b1-1e48-4d7a-8864-2304f1a0f611,AP
01a03136-8538-7246-b51e-13cd64b4ae58,68906827,travessa,Travessa Terceira,Cabralzinho,572484b1-1e48-4d7a-8864-2304f1a0f611,AP
01a02d5f-c5eb-7b1e-acb5-9c66d21f033d,68911464,travessa,Travessa Terceira da Castanheira,Muruci (Fazendinha),572484b1-1e48-4d7a-8864-2304f1a0f611,AP
01a03136-a4b6-784a-9797-2dea69054d8b,68911464,travessa,Travessa Terceira da Castanheira,Muruci (Fazendinha),572484b1-1e48-4d7a-8864-2304f1a0f611,AP
01a02d5f-d415-71e7-bde2-e1884053b961,68905461,travessa,Travessa Terceira da Pará,Cidade Nova,572484b1-1e48-4d7a-8864-2304f1a0f611,AP
01a03136-bd31-7ab3-aa2b-3e9c3adc9e00,68905461,travessa,Travessa Terceira da Pará,Cidade Nova,572484b1-1e48-4d7a-8864-2304f1a0f611,AP
01a02d5f-b9ae-77bd-9b70-c738cc1012ff,68908276,travessa,Travessa Terceira da Rodovia do Pacoval,Pacoval,572484b1-1e48-4d7a-8864-2304f1a0f611,AP
01a03136-8eed-73e8-bd0f-bea3e02f9379,68908276,travessa,Travessa Terceira da Rodovia do Pacoval,Pacoval,572484b1-1e48-4d7a-8864-2304f1a0f611,AP
01a02d5f-a41f-77a2-b959-41296bb449c0,68902295,travessa,Travessa Terceira daTupis,Muca,572484b1-1e48-4d7a-8864-2304f1a0f611,AP
01a03136-6ef4-7a5e-931a-5b4250910ce3,68902295,travessa,Travessa Terceira daTupis,Muca,572484b1-1e48-4d7a-8864-2304f1a0f611,AP
01a02d5f-bdb4-7e21-a289-208916ce5074,68909032,travessa,Travessa Tricolor,Jardim Felicidade,572484b1-1e48-4d7a-8864-2304f1a0f611,AP
01a03136-9610-7a61-b25f-03d868a69015,68909032,travessa,Travessa Tricolor,Jardim Felicidade,572484b1-1e48-4d7a-8864-2304f1a0f611,AP
01a02d5f-af05-707b-86bc-9c2bb1aa6a49,68904405,travessa,Travessa Trinta e Um de Julho,Novo Buritizal,572484b1-1e48-4d7a-8864-2304f1a0f611,AP
01a03136-7d28-7b7e-9af8-d836124c7964,68904405,travessa,Travessa Trinta e Um de Julho,Novo Buritizal,572484b1-1e48-4d7a-8864-2304f1a0f611,AP
01a02d5f-cc1d-71f4-a153-fdb468d11b32,68928030,travessa,Travessa Três,Paraíso,324f5453-20fa-4565-9dd4-6c6514f449bf,AP
01a03136-b090-7436-bb5b-0f14582b337f,68928030,travessa,Travessa Três,Paraíso,324f5453-20fa-4565-9dd4-6c6514f449bf,AP
01a02d5f-b36e-79f4-a0fc-db64072f1e3e,68906823,travessa,Travessa Tucanos,Cabralzinho,572484b1-1e48-4d7a-8864-2304f1a0f611,AP
01a03136-852a-7113-9b2d-43e145e615fd,68906823,travessa,Travessa Tucanos,Cabralzinho,572484b1-1e48-4d7a-8864-2304f1a0f611,AP
01a02d5f-c5eb-7b1e-acaf-77ee977aba9c,68911457,travessa,Travessa Tucumâ,Muruci (Fazendinha),572484b1-1e48-4d7a-8864-2304f1a0f611,AP
01a03136-a49d-72ed-9ba6-a0003a4278c4,68911457,travessa,Travessa Tucumâ,Muruci (Fazendinha),572484b1-1e48-4d7a-8864-2304f1a0f611,AP
01a02d5f-a877-767a-b92c-4f03f53afa0a,68903207,travessa,Travessa Turmalina,Jardim Marco Zero,572484b1-1e48-4d7a-8864-2304f1a0f611,AP
01a03136-72d5-7b3b-abc8-c5ea73981c49,68903207,travessa,Travessa Turmalina,Jardim Marco Zero,572484b1-1e48-4d7a-8864-2304f1a0f611,AP
01a02d5f-a645-7a87-9cd6-01f03a3d969f,68902878,travessa,Travessa Um,Buritizal,572484b1-1e48-4d7a-8864-2304f1a0f611,AP
01a02d5f-cc1d-71f4-a151-0d8f2cc1a98c,68928024,travessa,Travessa Um,Paraíso,324f5453-20fa-4565-9dd4-6c6514f449bf,AP
01a03136-6fc7-72c3-a6da-cddab6840a04,68902878,travessa,Travessa Um,Buritizal,572484b1-1e48-4d7a-8864-2304f1a0f611,AP
01a03136-b089-78cb-b399-9f8e30b11386,68928024,travessa,Travessa Um,Paraíso,324f5453-20fa-4565-9dd4-6c6514f449bf,AP
01a02d5f-bbb9-70e8-8624-9cef53c28794,68908872,travessa,Travessa Ururay,Infraero,572484b1-1e48-4d7a-8864-2304f1a0f611,AP
01a03136-9336-70cb-a9de-b260bc56bf2e,68908872,travessa,Travessa Ururay,Infraero,572484b1-1e48-4d7a-8864-2304f1a0f611,AP
01a02d5f-a41e-7ef5-b89c-8913c749b2d7,68902006,travessa,Travessa Vasco da Gama,Beirol,572484b1-1e48-4d7a-8864-2304f1a0f611,AP
01a03136-6c65-799e-98d7-4f4856af8e75,68902006,travessa,Travessa Vasco da Gama,Beirol,572484b1-1e48-4d7a-8864-2304f1a0f611,AP
01a02d5f-ca05-76eb-904b-6b4de966334b,68927072,travessa,Travessa Veiga Cabral,Remedios,324f5453-20fa-4565-9dd4-6c6514f449bf,AP
01a03136-acb8-7326-baa5-e7de09754847,68927072,travessa,Travessa Veiga Cabral,Remedios,324f5453-20fa-4565-9dd4-6c6514f449bf,AP
01a02d5f-cc19-7563-a014-d1a4c7567e8a,68927266,travessa,Travessa Vicente Conrado,Nova Brasília,324f5453-20fa-4565-9dd4-6c6514f449bf,AP
01a03136-afa7-7f59-88c8-29e46dc0dd6e,68927266,travessa,Travessa Vicente Conrado,Nova Brasília,324f5453-20fa-4565-9dd4-6c6514f449bf,AP
01a02d5f-d62b-78d9-b46f-fcd47017cc9e,68909001,travessa,Travessa Vinte de Novembro,Jardim Felicidade,572484b1-1e48-4d7a-8864-2304f1a0f611,AP
01a03136-c0c1-7a19-86a4-e7bd1ff9d765,68909001,travessa,Travessa Vinte de Novembro,Jardim Felicidade,572484b1-1e48-4d7a-8864-2304f1a0f611,AP
01a02d5f-cc1a-76a4-a26b-9822cdc2cee1,68927323,travessa,Travessa Zenóbia Vileta,Nova Brasília,324f5453-20fa-4565-9dd4-6c6514f449bf,AP
01a03136-afe1-76f5-8715-b444e9b7d846,68927323,travessa,Travessa Zenóbia Vileta,Nova Brasília,324f5453-20fa-4565-9dd4-6c6514f449bf,AP
01a02d5f-bbb9-7967-8634-54a3b70c82bf,68908891,travessa,Travessa Zepelim,Infraero,572484b1-1e48-4d7a-8864-2304f1a0f611,AP
01a03136-936d-7a70-82c9-f38ac78859be,68908891,travessa,Travessa Zepelim,Infraero,572484b1-1e48-4d7a-8864-2304f1a0f611,AP
01a02d5f-d207-7d87-85cf-8d05933f8c40,68906485,travessa,Travessa Zolito Nunes,Marabaixo,572484b1-1e48-4d7a-8864-2304f1a0f611,AP
01a03136-b99a-7865-a828-2c27d56b432b,68906485,travessa,Travessa Zolito Nunes,Marabaixo,572484b1-1e48-4d7a-8864-2304f1a0f611,AP
01a02d5f-bdb4-7573-a285-d58b29fd468a,68909027,travessa,Travessa da Luz,Jardim Felicidade,572484b1-1e48-4d7a-8864-2304f1a0f611,AP
01a02d5f-d821-7dff-9980-7925d2ad4701,68909797,travessa,Travessa da Luz,Novo Horizonte,572484b1-1e48-4d7a-8864-2304f1a0f611,AP
01a02d5f-c7ec-76ac-a7a3-a49476ac1fde,68926072,travessa,Travessa da Luz,Daniel,324f5453-20fa-4565-9dd4-6c6514f449bf,AP
01a03136-9603-71ae-a383-7e5054b0ff64,68909027,travessa,Travessa da Luz,Jardim Felicidade,572484b1-1e48-4d7a-8864-2304f1a0f611,AP
01a03136-a91e-7dbf-ba1b-9105ee10a87f,68926072,travessa,Travessa da Luz,Daniel,324f5453-20fa-4565-9dd4-6c6514f449bf,AP
01a03136-c3aa-762c-9aaf-acc22cabbd34,68909797,travessa,Travessa da Luz,Novo Horizonte,572484b1-1e48-4d7a-8864-2304f1a0f611,AP
01a02d5f-aaa9-7e53-9c23-a5b81f02acff,68903475,travessa,Travessa da Paz,Jardim Marco Zero,572484b1-1e48-4d7a-8864-2304f1a0f611,AP
01a03136-764b-798f-b6e4-7b778f217e3b,68903475,travessa,Travessa da Paz,Jardim Marco Zero,572484b1-1e48-4d7a-8864-2304f1a0f611,AP
01a02d5f-bdb4-7e21-a2a3-e83faca41bfd,68909091,travessa,Travessa da Raça Negra,Jardim Felicidade,572484b1-1e48-4d7a-8864-2304f1a0f611,AP
01a03136-966d-79d0-89cd-1b5eeb2f8e6a,68909091,travessa,Travessa da Raça Negra,Jardim Felicidade,572484b1-1e48-4d7a-8864-2304f1a0f611,AP
01a02d5f-d208-7631-9f05-0479de70778d,68908519,travessa,Travessa das Bacabeiras,São Lázaro,572484b1-1e48-4d7a-8864-2304f1a0f611,AP
01a03136-b9fc-7f56-9c3d-764302219cea,68908519,travessa,Travessa das Bacabeiras,São Lázaro,572484b1-1e48-4d7a-8864-2304f1a0f611,AP
01a02d5f-c5eb-7b1e-acae-21f55d74942c,68911456,travessa,Travessa das Hortas,Muruci (Fazendinha),572484b1-1e48-4d7a-8864-2304f1a0f611,AP
01a03136-a499-74a5-8194-b8e3052ac8e9,68911456,travessa,Travessa das Hortas,Muruci (Fazendinha),572484b1-1e48-4d7a-8864-2304f1a0f611,AP
01a02d5f-c7eb-7488-aa34-84a0655ce162,68925262,travessa,Travessa das Mangueiras,Elesbão,324f5453-20fa-4565-9dd4-6c6514f449bf,AP
01a03136-a885-715f-9db4-c99c0bd6db3c,68925262,travessa,Travessa das Mangueiras,Elesbão,324f5453-20fa-4565-9dd4-6c6514f449bf,AP
01a02d5f-d207-7d87-85c6-3e60e30f83ce,68906476,travessa,Travessa das Orquidias,Marabaixo,572484b1-1e48-4d7a-8864-2304f1a0f611,AP
01a03136-b97d-7861-ac24-622e60b8dd76,68906476,travessa,Travessa das Orquidias,Marabaixo,572484b1-1e48-4d7a-8864-2304f1a0f611,AP
01a02d5f-c5ea-7088-95dc-13b676cfd42c,68911360,travessa,Travessa do Goiaba,Muruci (Fazendinha),572484b1-1e48-4d7a-8864-2304f1a0f611,AP
01a03136-a42d-7230-84f5-11f851005590,68911360,travessa,Travessa do Goiaba,Muruci (Fazendinha),572484b1-1e48-4d7a-8864-2304f1a0f611,AP
01a02d5f-b36e-79f4-a0e8-372712e798d2,68906711,travessa,Travessa do Goiabal,Cabralzinho,572484b1-1e48-4d7a-8864-2304f1a0f611,AP
01a03136-84e9-75d8-853d-ac3f5b5b06da,68906711,travessa,Travessa do Goiabal,Cabralzinho,572484b1-1e48-4d7a-8864-2304f1a0f611,AP
01a02d5f-c3dd-7c24-bed4-96ab22d925ef,68911012,travessa,Travessa do Matadouro,Fazendinha,572484b1-1e48-4d7a-8864-2304f1a0f611,AP
01a03136-a0b1-7544-b462-58ac934f4e07,68911012,travessa,Travessa do Matadouro,Fazendinha,572484b1-1e48-4d7a-8864-2304f1a0f611,AP
01a02d5f-bbba-798c-b2c8-a1fd0c15a17a,68909010,travessa,Travessa do Paraíso,Jardim Felicidade,572484b1-1e48-4d7a-8864-2304f1a0f611,AP
01a03136-95cd-70e3-86f4-7cb908bb8fc1,68909010,travessa,Travessa do Paraíso,Jardim Felicidade,572484b1-1e48-4d7a-8864-2304f1a0f611,AP
01a02d5f-bdb4-7573-a280-32d89ed7c8fa,68909020,travessa,Travessa do Setentrião,Jardim Felicidade,572484b1-1e48-4d7a-8864-2304f1a0f611,AP
01a03136-95ec-779b-963e-843b193288ae,68909020,travessa,Travessa do Setentrião,Jardim Felicidade,572484b1-1e48-4d7a-8864-2304f1a0f611,AP
01a02d5f-c5eb-7b1e-acb0-7252300e946a,68911458,travessa,Travessa dos Buritis,Muruci (Fazendinha),572484b1-1e48-4d7a-8864-2304f1a0f611,AP
01a03136-a4a2-752a-8ede-61b661e7295d,68911458,travessa,Travessa dos Buritis,Muruci (Fazendinha),572484b1-1e48-4d7a-8864-2304f1a0f611,AP
01a02d5f-bdb4-7573-a288-476bf38f4f36,68909031,travessa,Travessa dos Emigrantes,Jardim Felicidade,572484b1-1e48-4d7a-8864-2304f1a0f611,AP
01a03136-960d-7130-93db-29396069cd6c,68909031,travessa,Travessa dos Emigrantes,Jardim Felicidade,572484b1-1e48-4d7a-8864-2304f1a0f611,AP
01a02d5f-b36e-79f4-a0f9-52547843a9f4,68906820,travessa,Travessa dos Guarás,Cabralzinho,572484b1-1e48-4d7a-8864-2304f1a0f611,AP
01a03136-8520-7c34-84b2-3b66c871c85d,68906820,travessa,Travessa dos Guarás,Cabralzinho,572484b1-1e48-4d7a-8864-2304f1a0f611,AP
01a02d5f-bdb5-76c2-9f0c-84f783c6cf3a,68909096,travessa,Travessa dos Mulatos,Jardim Felicidade,572484b1-1e48-4d7a-8864-2304f1a0f611,AP
01a03136-967b-7ef4-bdc2-8b47f6a0ff6e,68909096,travessa,Travessa dos Mulatos,Jardim Felicidade,572484b1-1e48-4d7a-8864-2304f1a0f611,AP
01a02d5f-aaa9-7e53-9c2d-dcee650152f7,68903497,travessa,Travessa Água Viva,Universidade,572484b1-1e48-4d7a-8864-2304f1a0f611,AP
01a03136-766e-77b7-84fa-b24cd7d3e20a,68903497,travessa,Travessa Água Viva,Universidade,572484b1-1e48-4d7a-8864-2304f1a0f611,AP
01a02d5f-d822-76b7-bf62-b774342ef2e4,68925220,travessa,Travessa Álvaro Barros,Central,324f5453-20fa-4565-9dd4-6c6514f449bf,AP
01a03136-c3f2-7180-81cc-7fdf479c9a94,68925220,travessa,Travessa Álvaro Barros,Central,324f5453-20fa-4565-9dd4-6c6514f449bf,AP
01a02d5f-d62c-7182-b6ec-b4fa36b70b04,68909349,travessa,Travessa Ás de Ouro,Brasil Novo,572484b1-1e48-4d7a-8864-2304f1a0f611,AP
01a03136-c0ea-7c3b-8d2e-05dc29caa9f8,68909349,travessa,Travessa Ás de Ouro,Brasil Novo,572484b1-1e48-4d7a-8864-2304f1a0f611,AP
01a02d5f-ca04-7e38-baac-43a6e5099d0f,68927018,travessa,Travessa Ângelo de Moraes,Remedios,324f5453-20fa-4565-9dd4-6c6514f449bf,AP
01a03136-ac7a-756d-ac48-6aee41e21d65,68927018,travessa,Travessa Ângelo de Moraes,Remedios,324f5453-20fa-4565-9dd4-6c6514f449bf,AP
01a02d5f-b9b0-71d3-ba53-0ad1ff22671f,68908782,via,Via Acesso Principal,Infraero,572484b1-1e48-4d7a-8864-2304f1a0f611,AP
01a03136-8ff2-77b7-87c6-b89fcff306f2,68908782,via,Via Acesso Principal,Infraero,572484b1-1e48-4d7a-8864-2304f1a0f611,AP
01a02d5f-b9b0-71d3-ba52-facc79b85601,68908780,via,Via Acesso Um,Infraero,572484b1-1e48-4d7a-8864-2304f1a0f611,AP
01a03136-8fee-7a1f-9e21-64fb5a962b7e,68908780,via,Via Acesso Um,Infraero,572484b1-1e48-4d7a-8864-2304f1a0f611,AP
01a02d5f-b36e-7134-a0da-f08d6cc7fc16,68906647,via,Via Dezesseis,Alvorada,572484b1-1e48-4d7a-8864-2304f1a0f611,AP
01a03136-84be-7105-8af7-0c65aac669a8,68906647,via,Via Dezesseis,Alvorada,572484b1-1e48-4d7a-8864-2304f1a0f611,AP
01a02d5f-b36f-72ee-a056-2c4656de29ba,68906836,via,Via Local Dez,Cabralzinho,572484b1-1e48-4d7a-8864-2304f1a0f611,AP
01a03136-8553-74ff-a735-543d6aa8a914,68906836,via,Via Local Dez,Cabralzinho,572484b1-1e48-4d7a-8864-2304f1a0f611,AP
01a02d5f-b36f-72ee-a055-6fc3f07d5923,68906835,via,Via Local Dois,Cabralzinho,572484b1-1e48-4d7a-8864-2304f1a0f611,AP
01a03136-854f-7df2-8c89-cff45000cd0e,68906835,via,Via Local Dois,Cabralzinho,572484b1-1e48-4d7a-8864-2304f1a0f611,AP
01a02d5f-b36e-79f4-a0ec-31cf4eee9012,68906806,via,Via Local Oito,Cabralzinho,572484b1-1e48-4d7a-8864-2304f1a0f611,AP
01a03136-84f5-7fac-a97c-160b8c92503b,68906806,via,Via Local Oito,Cabralzinho,572484b1-1e48-4d7a-8864-2304f1a0f611,AP
01a02d5f-b36f-72ee-a057-fd4463b774e3,68906837,via,Via Local Onze,Cabralzinho,572484b1-1e48-4d7a-8864-2304f1a0f611,AP
01a03136-8557-7fba-b9fe-fd965e178874,68906837,via,Via Local Onze,Cabralzinho,572484b1-1e48-4d7a-8864-2304f1a0f611,AP
01a02d5f-b36e-79f4-a0ee-aa70c80a447f,68906808,via,Via Local Seis,Cabralzinho,572484b1-1e48-4d7a-8864-2304f1a0f611,AP
01a03136-84fc-71b2-b892-9a9961b362a7,68906808,via,Via Local Seis,Cabralzinho,572484b1-1e48-4d7a-8864-2304f1a0f611,AP
01a03136-b66e-7897-b43b-581c346bfa64,68960971,vila,"Vila Carnot, s/n",Vila Carnot,3ee289ef-c6f7-4f93-8d35-a8a387b2f80e,AP
01a02d5f-d009-7956-a60e-8fe2f0ef2e17,68960971,vila,"Vila Carnot, s/n",Vila Carnot,3ee289ef-c6f7-4f93-8d35-a8a387b2f80e,AP
01a02d5f-d009-7956-a608-06a679a638ba,68940971,vila,"Vila Carvão, s/n",Vila Carvão,515ecc13-ac8d-48b8-a26d-361ece00f31e,AP
01a03136-b650-7ec5-b0c4-2f1d79154aae,68940971,vila,"Vila Carvão, s/n",Vila Carvão,515ecc13-ac8d-48b8-a26d-361ece00f31e,AP
01a02d5f-9fc2-78dc-aa81-f393b3fc24f8,68900031,vila,Vila Montese,Central,572484b1-1e48-4d7a-8864-2304f1a0f611,AP
01a03136-65e5-783f-b775-4c9008576b50,68900031,vila,Vila Montese,Central,572484b1-1e48-4d7a-8864-2304f1a0f611,AP
01a02d5f-a646-7328-894c-f24dd356ed8f,68903121,vila,Vila das Oliveiras,Pedrinhas,572484b1-1e48-4d7a-8864-2304f1a0f611,AP
01a03136-7045-7ec0-8d6c-e2ae905f44cc,68903121,vila,Vila das Oliveiras,Pedrinhas,572484b1-1e48-4d7a-8864-2304f1a0f611,AP
01a02d5f-d009-7956-a609-5321d6ffd1a3,68940972,vila,"Vila de Mazagão Velho, s/n",Vila de Mazagão Velho,515ecc13-ac8d-48b8-a26d-361ece00f31e,AP
01a03136-b654-7289-a764-d6e809964e6c,68940972,vila,"Vila de Mazagão Velho, s/n",Vila de Mazagão Velho,515ecc13-ac8d-48b8-a26d-361ece00f31e,AP
