id,cep,type,name,neighborhood,id_city,id_federative_unit
01a02d9c-cfee-78c7-b4b3-7f9c5203b1a5,49003211,acesso,Acesso Dez,17 de Março,71df064f-d17f-4cf5-ad45-93ce4e8182a5,SE
01a02d9c-d206-71b5-b374-43ac477df968,49003346,acesso,Acesso Dez,17 de Março,71df064f-d17f-4cf5-ad45-93ce4e8182a5,SE
01a02d9c-cfef-7170-80a8-c9e14b8660b9,49003292,acesso,Acesso Dezenove,17 de Março,71df064f-d17f-4cf5-ad45-93ce4e8182a5,SE
01a02d9c-cfef-7a0f-80ab-0834b4f79784,49003301,acesso,Acesso Dezesseis,17 de Março,71df064f-d17f-4cf5-ad45-93ce4e8182a5,SE
01a02d9c-cfef-7a0f-80aa-389eedaaadbc,49003298,acesso,Acesso Dezessete,17 de Março,71df064f-d17f-4cf5-ad45-93ce4e8182a5,SE
01a02d9c-cfee-78c7-b4a6-cd3e9a4c187e,49003166,acesso,Acesso Dezoito,17 de Março,71df064f-d17f-4cf5-ad45-93ce4e8182a5,SE
01a02d9c-cfef-7170-80a7-342141dbc82b,49003289,acesso,Acesso Dezoito,17 de Março,71df064f-d17f-4cf5-ad45-93ce4e8182a5,SE
01a02d9c-d206-71b5-b377-ad74c17f6db4,49003355,acesso,Acesso Doze,17 de Março,71df064f-d17f-4cf5-ad45-93ce4e8182a5,SE
01a02d9c-cfef-7a0f-80b0-a220782b4a4b,49003316,acesso,Acesso Nove,17 de Março,71df064f-d17f-4cf5-ad45-93ce4e8182a5,SE
01a02d9c-cfef-7a0f-80b1-d428eb0b807e,49003319,acesso,Acesso Oito,17 de Março,71df064f-d17f-4cf5-ad45-93ce4e8182a5,SE
01a02d9d-22a5-775a-9fe7-016e08f9d03f,49003187,acesso,Acesso Onze,17 de Março,71df064f-d17f-4cf5-ad45-93ce4e8182a5,SE
01a02d9c-d206-71b5-b375-44aed863f38c,49003349,acesso,Acesso Onze,17 de Março,71df064f-d17f-4cf5-ad45-93ce4e8182a5,SE
01a02d9d-209d-7771-baa5-cb89ccfaf30b,49400973,acesso,"Acesso Principal, s/n",Centro,55d6f5eb-4cb3-4537-a8eb-8ae03a4b1e9b,SE
01a02d9c-cfef-7170-80a0-25d4113cd97a,49003268,acesso,Acesso Quarenta e Um,17 de Março,71df064f-d17f-4cf5-ad45-93ce4e8182a5,SE
01a02d9c-cfee-78c7-b4b2-dc41366d2cc6,49003208,acesso,Acesso Quatorze,17 de Março,71df064f-d17f-4cf5-ad45-93ce4e8182a5,SE
01a02d9c-d206-71b5-b37b-f0dd19af45dd,49003364,acesso,Acesso Quatorze,17 de Março,71df064f-d17f-4cf5-ad45-93ce4e8182a5,SE
01a02d9c-cfee-78c7-b4ab-23210aba2cb9,49003181,acesso,Acesso Quinze,17 de Março,71df064f-d17f-4cf5-ad45-93ce4e8182a5,SE
01a02d9c-cfef-7a0f-80ad-15fe547d5d18,49003307,acesso,Acesso Quinze,17 de Março,71df064f-d17f-4cf5-ad45-93ce4e8182a5,SE
01a02d9c-d206-71b5-b379-0c8b4bd3b4dc,49003361,acesso,Acesso Treze,17 de Março,71df064f-d17f-4cf5-ad45-93ce4e8182a5,SE
01a02d9c-cfee-78c7-b4aa-edd184bfb71c,49003178,acesso,Acesso Trinta,17 de Março,71df064f-d17f-4cf5-ad45-93ce4e8182a5,SE
01a02d9c-cfef-7170-80a1-dcc24fecc82b,49003271,acesso,Acesso Trinta,17 de Março,71df064f-d17f-4cf5-ad45-93ce4e8182a5,SE
01a02d9c-cfef-7a0f-80ac-087f342390eb,49003304,acesso,Acesso Trinta e Nove,17 de Março,71df064f-d17f-4cf5-ad45-93ce4e8182a5,SE
01a02d9c-cfef-7170-80a9-ce34078db640,49003295,acesso,Acesso Trinta e Sete,17 de Março,71df064f-d17f-4cf5-ad45-93ce4e8182a5,SE
01a02d9c-cfee-78c7-b4a7-b9600c01eb19,49003169,acesso,Acesso Vinte,17 de Março,71df064f-d17f-4cf5-ad45-93ce4e8182a5,SE
01a02d9c-cfef-7170-8097-6a9dab82cceb,49003238,acesso,Acesso Vinte e Cinco,17 de Março,71df064f-d17f-4cf5-ad45-93ce4e8182a5,SE
01a02d9c-d206-7aa1-b384-a455bdc123ff,49003391,acesso,Acesso Vinte e Cinco,17 de Março,71df064f-d17f-4cf5-ad45-93ce4e8182a5,SE
01a02d9c-cfef-7170-809c-5ce695ea7d27,49003256,acesso,Acesso Vinte e Dois,17 de Março,71df064f-d17f-4cf5-ad45-93ce4e8182a5,SE
01a02d9d-22a5-775a-9fe8-0d58680bf8ff,49003190,acesso,Acesso Vinte e Nove,17 de Março,71df064f-d17f-4cf5-ad45-93ce4e8182a5,SE
01a02d9c-cfee-78c7-b4a9-ace107c2fc7a,49003175,acesso,Acesso Vinte e Oito,17 de Março,71df064f-d17f-4cf5-ad45-93ce4e8182a5,SE
01a02d9c-cfef-7170-80a2-04dabc6db168,49003274,acesso,Acesso Vinte e Oito,17 de Março,71df064f-d17f-4cf5-ad45-93ce4e8182a5,SE
01a02d9c-cfee-78c7-b4ae-9fca134eb6cb,49003196,acesso,Acesso Vinte e Seis,17 de Março,71df064f-d17f-4cf5-ad45-93ce4e8182a5,SE
01a02d9c-cfef-7170-809d-acd449bbff93,49003259,acesso,Acesso Vinte e Sete,17 de Março,71df064f-d17f-4cf5-ad45-93ce4e8182a5,SE
01a02d9c-cfee-78c7-b4a8-c83d6b523c03,49003172,acesso,Acesso Vinte e Três,17 de Março,71df064f-d17f-4cf5-ad45-93ce4e8182a5,SE
01a02d9c-d206-7aa1-b382-ea6264f1c3a0,49003385,acesso,Acesso Vinte e Três,17 de Março,71df064f-d17f-4cf5-ad45-93ce4e8182a5,SE
01a02d9c-cfee-78c7-b4b0-fa342c5da9ba,49003202,acesso,Acesso Vinte e Um,17 de Março,71df064f-d17f-4cf5-ad45-93ce4e8182a5,SE
01a02d9c-e3fd-7eb0-b63d-b0991bc340e9,49035010,alameda,Alameda Alberto Magno Paiva,Coroa do Meio,71df064f-d17f-4cf5-ad45-93ce4e8182a5,SE
01a02d9c-dc0b-7b5e-82c5-dc2bd7fc99b6,49025050,alameda,Alameda Celi Prado de Oliveira,Jardins,71df064f-d17f-4cf5-ad45-93ce4e8182a5,SE
01a02d9c-e001-7f49-9d5b-43a163d8dad9,49027390,alameda,Alameda Deputado Dilson Batista,Grageru,71df064f-d17f-4cf5-ad45-93ce4e8182a5,SE
01a02d9d-28a9-7bed-a60d-930766877dc9,49026106,alameda,Alameda Espanha,Jardins,71df064f-d17f-4cf5-ad45-93ce4e8182a5,SE
01a02d9d-28a9-7bed-a60c-b3c77877ef4b,49026103,alameda,Alameda F,Jardins,71df064f-d17f-4cf5-ad45-93ce4e8182a5,SE
01a02d9c-e7d5-767a-908f-45c19ac7c93a,49037526,alameda,Alameda Fábio Cardoso Ramos,Aeroporto,71df064f-d17f-4cf5-ad45-93ce4e8182a5,SE
01a02d9c-e3ff-7873-8183-5eae89159ef1,49035360,alameda,Alameda Gilberto Vieira Leite,Coroa do Meio,71df064f-d17f-4cf5-ad45-93ce4e8182a5,SE
01a02d9c-e3ff-7873-818a-5f825f1977d0,49035460,alameda,Alameda José Samuel de Almeida,Coroa do Meio,71df064f-d17f-4cf5-ad45-93ce4e8182a5,SE
01a02d9c-dc0a-7b31-a97d-ebab4303fec3,49020440,alameda,Alameda Praia Formosa,Treze de Julho,71df064f-d17f-4cf5-ad45-93ce4e8182a5,SE
01a02d9d-269e-7c85-a496-9812b95f365c,49037770,alameda,Alameda dos Abaís,Aeroporto,71df064f-d17f-4cf5-ad45-93ce4e8182a5,SE
01a02d9c-e7d5-7f0d-90aa-2c5eded36210,49037680,alameda,Alameda dos Búzios,Aeroporto,71df064f-d17f-4cf5-ad45-93ce4e8182a5,SE
01a02d9c-e9cc-7348-bc5e-1ce79a3ec003,49038050,alameda,Alameda dos José Carlos Vital,Aeroporto,71df064f-d17f-4cf5-ad45-93ce4e8182a5,SE
01a02d9d-0934-7568-8342-cbed39dbed85,49072810,avenida,Avenida 28 BC,Dezoito do Forte,71df064f-d17f-4cf5-ad45-93ce4e8182a5,SE
01a02d9d-16ee-760e-8e2c-2a1a4fec8e41,49089412,avenida,Avenida A,Soledade,71df064f-d17f-4cf5-ad45-93ce4e8182a5,SE
01a02d9d-22a8-7781-a745-ae42f5e4d4e7,49044350,avenida,Avenida A200,Santa Maria,71df064f-d17f-4cf5-ad45-93ce4e8182a5,SE
01a02d9d-1ea4-775d-8801-022e2f1c962f,49097050,avenida,Avenida Acrísio Garcez,Ponto Novo,71df064f-d17f-4cf5-ad45-93ce4e8182a5,SE
01a02d9c-e9cd-7d4c-8d35-880ad83672df,49040010,avenida,Avenida Adelbrando Franco Menezes,Inácio Barbosa,71df064f-d17f-4cf5-ad45-93ce4e8182a5,SE
01a02d9c-f574-7bf3-a692-101bfaabf919,49045010,avenida,Avenida Adelbrando Franco Menezes,Luzia,71df064f-d17f-4cf5-ad45-93ce4e8182a5,SE
01a02d9c-e1ff-743f-b152-2cb889013e0a,49031270,avenida,Avenida Adriano Prado Paes Mendonça,Farolândia,71df064f-d17f-4cf5-ad45-93ce4e8182a5,SE
01a02d9c-ddf6-7cf2-a34e-35c9b60c61fb,49027010,avenida,Avenida Adélia Franco,Grageru,71df064f-d17f-4cf5-ad45-93ce4e8182a5,SE
01a02d9c-e9cd-7d4c-8d36-5592869e7730,49040020,avenida,Avenida Adélia Franco,Inácio Barbosa,71df064f-d17f-4cf5-ad45-93ce4e8182a5,SE
01a02d9c-f949-7017-9f0f-f702082880f5,49048010,avenida,Avenida Adélia Franco,Luzia,71df064f-d17f-4cf5-ad45-93ce4e8182a5,SE
01a02d9c-f754-7e84-9e08-5d3696fa008d,49046970,avenida,Avenida Adélia Franco 3138,Luzia,71df064f-d17f-4cf5-ad45-93ce4e8182a5,SE
01a02d9c-e002-780d-9adf-c75025a162a9,49027900,avenida,Avenida Adélia Franco 3305,Grageru,71df064f-d17f-4cf5-ad45-93ce4e8182a5,SE
01a02d9c-fb69-7a00-8c0a-777640b494d5,49052010,avenida,Avenida Alan Kardec,Pereira Lobo,71df064f-d17f-4cf5-ad45-93ce4e8182a5,SE
01a02d9c-fb6b-7475-b2bc-fba231832543,49055030,avenida,Avenida Alan Kardec,Cirurgia,71df064f-d17f-4cf5-ad45-93ce4e8182a5,SE
01a02d9d-0143-7719-a5b6-1f839420bf1e,49065020,avenida,Avenida Albano Franco,Industrial,71df064f-d17f-4cf5-ad45-93ce4e8182a5,SE
01a02d9d-0f0f-7b41-b262-bb1ea08abe3d,49085020,avenida,Avenida Alcides Fontes,José Conrado de Araújo,71df064f-d17f-4cf5-ad45-93ce4e8182a5,SE
01a02d9c-e9cc-7bdb-bc5f-fbe2b89f2b63,49038060,avenida,Avenida Alexandre Alcino,Aeroporto,71df064f-d17f-4cf5-ad45-93ce4e8182a5,SE
01a02d9c-f19b-762b-a1d9-6a121e044009,49044093,avenida,Avenida Alexandre Alcino,Santa Maria,71df064f-d17f-4cf5-ad45-93ce4e8182a5,SE
01a02d9d-3439-7f6f-8acc-855858c66b28,49503162,avenida,Avenida Alípio Tavares de Menezes,Serrano,8d820d6b-d516-4628-8228-0e70dcaf08f5,SE
01a02d9d-3860-7f3e-858c-21ff64c36c7d,49505000,avenida,Avenida Alípio Tavares de Menezes,Miguel Teles de Mendonça,8d820d6b-d516-4628-8228-0e70dcaf08f5,SE
01a02d9d-3cbe-751c-8dcf-46a958137716,49507640,avenida,Avenida Alípio Tavares de Menezes,Oviedo Teixeira,8d820d6b-d516-4628-8228-0e70dcaf08f5,SE
01a02d9c-f19b-762b-a1d7-d7c83b44ec54,49044070,avenida,Avenida Amarela,Santa Maria,71df064f-d17f-4cf5-ad45-93ce4e8182a5,SE
01a02d9d-22a4-755a-bb04-721fe392225e,49820971,avenida,"Avenida Ananias Fernandes Santos, s/n",Centro,cb572662-4b0e-457e-b6cc-90079792de3c,SE
01a02d9d-22a4-755a-bb03-f1b998fc8aac,49820970,avenida,"Avenida Ananias Fernandes Santos, s/n",Centro,cb572662-4b0e-457e-b6cc-90079792de3c,SE
01a02d9d-22a4-755a-bb05-92680ca1b10a,49820972,avenida,"Avenida Ananias Fernandes Santos, s/n",Centro,cb572662-4b0e-457e-b6cc-90079792de3c,SE
01a02d9c-ef94-7247-9678-4717ca9ff8b7,49043460,avenida,Avenida Anchieta,Santa Maria,71df064f-d17f-4cf5-ad45-93ce4e8182a5,SE
01a02d9d-0933-7cce-97d7-a5fe1c3ea54b,49072630,avenida,Avenida Anizio Dário,Dezoito do Forte,71df064f-d17f-4cf5-ad45-93ce4e8182a5,SE
01a02d9c-e5f1-726d-83f7-4a4557f97530,49037050,avenida,Avenida Antônio Alves,Atalaia,71df064f-d17f-4cf5-ad45-93ce4e8182a5,SE
01a02d9d-323c-7f76-9687-191d77b80e2d,49502149,avenida,Avenida Antônio Bispo Souza,Marcela,8d820d6b-d516-4628-8228-0e70dcaf08f5,SE
01a02d9d-0143-7fcd-a5c6-58ccf2298981,49065090,avenida,Avenida Antônio Cabral,Industrial,71df064f-d17f-4cf5-ad45-93ce4e8182a5,SE
01a02d9d-22a6-7785-a717-0420b1df18ff,49026240,avenida,Avenida Antônio Carlos Leite Franco,Jardins,71df064f-d17f-4cf5-ad45-93ce4e8182a5,SE
01a02d9c-dc0a-726b-a955-a9af5f07ef04,49020070,avenida,Avenida Antônio Fagundes Santana,Treze de Julho,71df064f-d17f-4cf5-ad45-93ce4e8182a5,SE
01a02d9d-323c-76ae-9674-44be8e9f6359,49502085,avenida,Avenida Antônio Ferreira Leite,Marcela,8d820d6b-d516-4628-8228-0e70dcaf08f5,SE
01a02d9d-4120-7d78-994e-ce6962ce7408,49509620,avenida,Avenida Antônio Oliveira,Porto,8d820d6b-d516-4628-8228-0e70dcaf08f5,SE
01a02d9d-1cb6-72f1-9721-6af176b733a8,49095070,avenida,Avenida Antônio Severiano de Assis,Jabotiana,71df064f-d17f-4cf5-ad45-93ce4e8182a5,SE
01a02d9d-3624-7ba9-91fe-a077f739a8a3,49503659,avenida,Avenida Antônio Valter dos Santos,Anízio Amancio de Oliveira,8d820d6b-d516-4628-8228-0e70dcaf08f5,SE
01a02d9c-dc0a-7b31-a964-b8a0a3e04bcc,49020230,avenida,Avenida Anízio Azevedo,Salgado Filho,71df064f-d17f-4cf5-ad45-93ce4e8182a5,SE
01a02d9c-dc0a-7b31-a965-a46ee4c8c310,49020235,avenida,Avenida Anízio Azevedo,Salgado Filho,71df064f-d17f-4cf5-ad45-93ce4e8182a5,SE
01a02d9c-dc0a-7b31-a966-bdb297a26d4e,49020243,avenida,Avenida Anízio Azevedo,Treze de Julho,71df064f-d17f-4cf5-ad45-93ce4e8182a5,SE
01a02d9c-dc0a-7b31-a967-dea74b015a58,49020248,avenida,Avenida Anízio Azevedo,Treze de Julho,71df064f-d17f-4cf5-ad45-93ce4e8182a5,SE
01a02d9c-d206-7aa1-b37f-108e7827dec2,49003376,avenida,Avenida Apolônio de Carvalho,17 de Março,71df064f-d17f-4cf5-ad45-93ce4e8182a5,SE
01a02d9d-431f-7222-ae23-110ff64d90a3,49511130,avenida,Avenida Arivaldo Alves Correia,Queimadas,8d820d6b-d516-4628-8228-0e70dcaf08f5,SE
01a02d9d-269f-7db0-8488-65ff0b8dc2af,49004430,avenida,Avenida Arley Rafael Moreira de Freitas,Zona de Expansão (Robalo),71df064f-d17f-4cf5-ad45-93ce4e8182a5,SE
01a02d9c-f574-7bf3-a688-911220354209,49044523,avenida,Avenida Arrozal,Santa Maria,71df064f-d17f-4cf5-ad45-93ce4e8182a5,SE
01a02d9d-0551-7cb5-a2f6-1f0a10834f2e,49070040,avenida,Avenida Artur Fortes,Cidade Nova,71df064f-d17f-4cf5-ad45-93ce4e8182a5,SE
01a02d9d-28ac-7818-a584-020e917275ec,49060275,avenida,Avenida Artur Fortes,Palestina,71df064f-d17f-4cf5-ad45-93ce4e8182a5,SE
01a02d9d-3cbc-7ae2-a5b9-f2ce5f8f8cf4,49506436,avenida,Avenida Asa Branca,Doutor José Milton Machado,8d820d6b-d516-4628-8228-0e70dcaf08f5,SE
01a02d9d-0934-7568-834f-b2d8751b183c,49075100,avenida,Avenida Augusto Franco,Siqueira Campos,71df064f-d17f-4cf5-ad45-93ce4e8182a5,SE
01a02d9d-249f-7e26-9345-345b8d3be3a9,49050090,avenida,Avenida Augusto Franco,Pereira Lobo,71df064f-d17f-4cf5-ad45-93ce4e8182a5,SE
01a02d9d-209c-7757-afb2-57339f66d6a8,49097670,avenida,Avenida Augusto Franco,Ponto Novo,71df064f-d17f-4cf5-ad45-93ce4e8182a5,SE
01a02d9c-f754-7e84-9e12-c9e752fb312b,49047040,avenida,Avenida Augusto Franco,Ponto Novo,71df064f-d17f-4cf5-ad45-93ce4e8182a5,SE
01a02d9c-fb6a-72f9-9856-af91f2a4f1b2,49052230,avenida,Avenida Augusto Franco,Pereira Lobo,71df064f-d17f-4cf5-ad45-93ce4e8182a5,SE
01a02d9c-fb6b-7475-b2c1-a8b322487f07,49055080,avenida,Avenida Augusto Franco,Getúlio Vargas,71df064f-d17f-4cf5-ad45-93ce4e8182a5,SE
01a02d9c-fd5e-7cae-b150-1aaaf7597901,49055555,avenida,Avenida Augusto Franco,Cirurgia,71df064f-d17f-4cf5-ad45-93ce4e8182a5,SE
01a02d9c-da18-7eb2-b549-a2a351d96ddf,49015380,avenida,Avenida Augusto Maynard,São José,71df064f-d17f-4cf5-ad45-93ce4e8182a5,SE
01a02d9c-f19c-7182-821b-139d850de1e2,49044100,avenida,Avenida Auxiliar I,Santa Maria,71df064f-d17f-4cf5-ad45-93ce4e8182a5,SE
01a02d9c-f19c-7182-821d-c527e2b67534,49044115,avenida,Avenida Auxiliar VII,Santa Maria,71df064f-d17f-4cf5-ad45-93ce4e8182a5,SE
01a02d9d-12ef-73e4-bc61-cadec246370a,49087740,avenida,Avenida Ayrton Senna,Santos Dumont,71df064f-d17f-4cf5-ad45-93ce4e8182a5,SE
01a02d9d-16ee-760e-8e2d-c8cab3ed5fe0,49089415,avenida,Avenida B,Soledade,71df064f-d17f-4cf5-ad45-93ce4e8182a5,SE
01a02d9d-22a4-7e4d-bb1c-0566e2c07eec,49990970,avenida,Avenida Barão Rio Branco 63,Centro,695f95aa-2d27-4a09-a92f-1706b61bcf68,SE
01a02d9c-da17-7531-9405-f5e8ced3ea03,49015040,avenida,Avenida Barão de Maruim,São José,71df064f-d17f-4cf5-ad45-93ce4e8182a5,SE
01a02d9c-da14-7af6-8955-47cf995dd4ea,49010340,avenida,Avenida Barão de Maruim,Centro,71df064f-d17f-4cf5-ad45-93ce4e8182a5,SE
01a02d9c-dc0a-726b-a94c-aee339c3e0a8,49015972,avenida,Avenida Barão de Maruim 733,São José,71df064f-d17f-4cf5-ad45-93ce4e8182a5,SE
01a02d9c-dc0a-726b-a94d-a89820510123,49015973,avenida,Avenida Barão de Maruim 733,São José,71df064f-d17f-4cf5-ad45-93ce4e8182a5,SE
01a02d9c-e9cd-7d4c-8d39-e34f21769616,49040070,avenida,Avenida Beira Rio,Inácio Barbosa,71df064f-d17f-4cf5-ad45-93ce4e8182a5,SE
01a02d9d-24a1-7e19-9ca8-0d0a658071bc,49072400,avenida,Avenida Bela Vista,Dezoito do Forte,71df064f-d17f-4cf5-ad45-93ce4e8182a5,SE
01a02d9d-0b2c-7262-9038-c35cf21c3e77,49080215,avenida,Avenida Brasil,América,71df064f-d17f-4cf5-ad45-93ce4e8182a5,SE
01a02d9d-0d20-7d89-91b2-eb9b39fc62d2,49082065,avenida,Avenida Brasil,Novo Paraíso,71df064f-d17f-4cf5-ad45-93ce4e8182a5,SE
01a02d9d-0b2c-7ad8-9046-858ba9a78e82,49080323,avenida,Avenida Camilo Calazans,América,71df064f-d17f-4cf5-ad45-93ce4e8182a5,SE
01a02d9d-0b2c-7ad8-9047-4f7cdca88942,49080326,avenida,Avenida Camilo Calazans,América,71df064f-d17f-4cf5-ad45-93ce4e8182a5,SE
01a02d9d-0d21-75fb-8f6d-b587184fa2e3,49082093,avenida,Avenida Camilo Calazans,Novo Paraíso,71df064f-d17f-4cf5-ad45-93ce4e8182a5,SE
01a02d9d-0d21-75fb-8f6e-d1223625196b,49082096,avenida,Avenida Camilo Calazans,Novo Paraíso,71df064f-d17f-4cf5-ad45-93ce4e8182a5,SE
01a02d9d-1ac2-70e0-a655-b83ded84e34e,49092675,avenida,Avenida Canal,Olaria,71df064f-d17f-4cf5-ad45-93ce4e8182a5,SE
01a02d9c-ef94-7247-9673-5394ea8166e1,49043448,avenida,Avenida Canal 01,Santa Maria,71df064f-d17f-4cf5-ad45-93ce4e8182a5,SE
01a02d9c-ef94-7247-9672-1a8198e151c9,49043445,avenida,Avenida Canal 02,Santa Maria,71df064f-d17f-4cf5-ad45-93ce4e8182a5,SE
01a02d9c-cbc7-7bd3-9692-64a50161659e,49000629,avenida,Avenida Canal 2,Aruana,71df064f-d17f-4cf5-ad45-93ce4e8182a5,SE
01a02d9d-1ac2-70e0-a661-ee1e9b1c6874,49092720,avenida,Avenida Canal 5,Olaria,71df064f-d17f-4cf5-ad45-93ce4e8182a5,SE
01a02d9d-16ef-7744-b45e-4de6b1d0f9c6,49090279,avenida,Avenida Canal I,Jardim Centenário,71df064f-d17f-4cf5-ad45-93ce4e8182a5,SE
01a02d9d-16ef-7744-b45d-b4c36aea5e9f,49090276,avenida,Avenida Canal II,Jardim Centenário,71df064f-d17f-4cf5-ad45-93ce4e8182a5,SE
01a02d9c-f19b-762b-a1d8-cec65595385b,49044080,avenida,Avenida Canal de Santa Maria,Santa Maria,71df064f-d17f-4cf5-ad45-93ce4e8182a5,SE
01a02d9d-4122-7784-9260-3c348b16fe92,49509870,avenida,Avenida Capitulino Alves dos Santos,Porto,8d820d6b-d516-4628-8228-0e70dcaf08f5,SE
01a02d9d-4122-7784-925e-c816957a46bd,49509810,avenida,Avenida Capitão Antonio Cornélio da Fonseca,Porto,8d820d6b-d516-4628-8228-0e70dcaf08f5,SE
01a02d9d-411f-7c1f-ab3a-6cb2d0deec40,49509191,avenida,Avenida Capitão Antonio Cornélio da Fonseca,Mamede Paes Mendonça,8d820d6b-d516-4628-8228-0e70dcaf08f5,SE
01a02d9c-e1ff-7d24-b164-d9d0b1822518,49032016,avenida,Avenida Capitão Joaquim Martins Fontes,Farolândia,71df064f-d17f-4cf5-ad45-93ce4e8182a5,SE
01a02d9c-da15-7bf8-add3-ec2b9d7a453b,49010660,avenida,Avenida Carlos Burlamarqui,Centro,71df064f-d17f-4cf5-ad45-93ce4e8182a5,SE
01a02d9c-fb6b-7475-b2c7-9926f9cb0cb0,49055150,avenida,Avenida Carlos Burlamarqui,Getúlio Vargas,71df064f-d17f-4cf5-ad45-93ce4e8182a5,SE
01a02d9d-14f5-703d-bb32-525f64b702fe,49089005,avenida,Avenida Carlos Marques de Oliveira,Soledade,71df064f-d17f-4cf5-ad45-93ce4e8182a5,SE
01a02d9c-e003-70f1-9dc3-4812e7d3bfff,49030130,avenida,Avenida Caçula Barreto,Farolândia,71df064f-d17f-4cf5-ad45-93ce4e8182a5,SE
01a02d9c-e9cd-7d4c-8d3d-5e7b0a0a90d9,49040110,avenida,Avenida Cecília Meireles,Inácio Barbosa,71df064f-d17f-4cf5-ad45-93ce4e8182a5,SE
01a02d9d-16ee-7ea5-8e41-94829bb8c88d,49090040,avenida,Avenida Centenário,Bugio,71df064f-d17f-4cf5-ad45-93ce4e8182a5,SE
01a02d9d-2c76-7566-836a-b393f95476dc,49090433,avenida,Avenida Centenário,Jardim Centenário,71df064f-d17f-4cf5-ad45-93ce4e8182a5,SE
01a02d9d-1ac2-70e0-a658-463e016dc390,49092693,avenida,Avenida Central,Olaria,71df064f-d17f-4cf5-ad45-93ce4e8182a5,SE
01a02d9c-d61c-75c9-ba25-82b8df3884a6,49008405,avenida,Avenida Central,Zona de Expansão (Mosqueiro),71df064f-d17f-4cf5-ad45-93ce4e8182a5,SE
01a02d9d-0d20-7d89-919d-06d400d64142,49081050,avenida,Avenida Chanceler Osvaldo Aranha,Capucho,71df064f-d17f-4cf5-ad45-93ce4e8182a5,SE
01a02d9d-0d21-75fb-8f70-669525357b63,49082110,avenida,Avenida Chanceler Osvaldo Aranha,Novo Paraíso,71df064f-d17f-4cf5-ad45-93ce4e8182a5,SE
01a02d9d-0f0f-7b41-b26c-fab356ff4d56,49085100,avenida,Avenida Chanceler Osvaldo Aranha,José Conrado de Araújo,71df064f-d17f-4cf5-ad45-93ce4e8182a5,SE
01a02d9d-1ac0-7fdd-b3b5-77bec8b3e111,49092545,avenida,Avenida Chanceler Osvaldo Aranha,Olaria,71df064f-d17f-4cf5-ad45-93ce4e8182a5,SE
01a02d9c-da16-7460-b90b-4be0dbea55cb,49010720,avenida,Avenida Coelho e Campos,Centro,71df064f-d17f-4cf5-ad45-93ce4e8182a5,SE
01a02d9d-0746-7e92-9331-f756b47ac782,49072120,avenida,Avenida Coelho e Campos,Dezoito do Forte,71df064f-d17f-4cf5-ad45-93ce4e8182a5,SE
01a02d9c-fb6b-7475-b2ca-abb9d134a574,49055180,avenida,Avenida Coelho e Campos,Getúlio Vargas,71df064f-d17f-4cf5-ad45-93ce4e8182a5,SE
01a02d9c-fd5f-7dd9-bcf1-1851612d74c5,49060000,avenida,Avenida Coelho e Campos,Santo Antônio,71df064f-d17f-4cf5-ad45-93ce4e8182a5,SE
01a02d9d-0144-786d-8f71-7c7b4243bb9b,49065210,avenida,Avenida Coelho e Campos,Industrial,71df064f-d17f-4cf5-ad45-93ce4e8182a5,SE
01a02d9c-da16-7cc8-b91b-557346cb0f32,49010971,avenida,Avenida Coelho e Campos 604,Centro,71df064f-d17f-4cf5-ad45-93ce4e8182a5,SE
01a02d9d-209d-7771-ba85-03ea857430fe,49160971,avenida,"Avenida Coletora A, s/n",Taiçoca de Fora,11ae317c-9ff1-4755-802b-73f78055710c,SE
01a02d9d-0144-786d-8f73-aaada913bb0d,49065230,avenida,Avenida Confiança,Industrial,71df064f-d17f-4cf5-ad45-93ce4e8182a5,SE
01a02d9d-0d20-750f-9197-209420105953,49081010,avenida,Avenida Conselheiro Carlos Alberto Barros Sampaio,Capucho,71df064f-d17f-4cf5-ad45-93ce4e8182a5,SE
01a02d9d-0d20-750f-9198-1f3adc7e35f1,49081020,avenida,Avenida Conselheiro João Evangelista Maciel Porto,Capucho,71df064f-d17f-4cf5-ad45-93ce4e8182a5,SE
01a02d9d-385f-7de5-a0b2-ede0f3eb213f,49504310,avenida,Avenida Construtor Manoel Cosme dos Santos,Marianga,8d820d6b-d516-4628-8228-0e70dcaf08f5,SE
01a02d9d-0144-786d-8f74-1e2440706202,49065240,avenida,Avenida Corinto Leite,Industrial,71df064f-d17f-4cf5-ad45-93ce4e8182a5,SE
01a02d9d-209d-7771-baaa-8e18c4f47143,49480970,avenida,Avenida Coronel Loyola 19,Centro,0890a79e-950e-4896-9216-82bd97da5e02,SE
01a02d9c-cbc6-7abc-a995-b00dff423a34,49000384,avenida,Avenida Coronel Renir Reis Damaceno,Aruana,71df064f-d17f-4cf5-ad45-93ce4e8182a5,SE
01a02d9d-1cb7-7c6f-bed3-6f0a2bf4eb69,49095590,avenida,Avenida Coronel Sizino da Rocha,Jabotiana,71df064f-d17f-4cf5-ad45-93ce4e8182a5,SE
01a02d9c-cfed-7704-8ce3-d865329238d3,49001222,avenida,Avenida Coronel Tadeu Cruz,Aruana,71df064f-d17f-4cf5-ad45-93ce4e8182a5,SE
01a02d9c-e3ff-7873-818e-8d86c5123cd6,49035500,avenida,Avenida Delmiro Gouveia,Coroa do Meio,71df064f-d17f-4cf5-ad45-93ce4e8182a5,SE
01a02d9c-e5f0-7178-9253-fa15f325da6d,49035900,avenida,Avenida Delmiro Gouveia 400,Coroa do Meio,71df064f-d17f-4cf5-ad45-93ce4e8182a5,SE
01a02d9c-e5f0-79f6-9262-917b140604d1,49036970,avenida,Avenida Delmiro Gouveia 400,Coroa do Meio,71df064f-d17f-4cf5-ad45-93ce4e8182a5,SE
01a02d9c-dc0b-7b5e-82c8-2640194a84c0,49025090,avenida,Avenida Deputado Pedro Valadares,Jardins,71df064f-d17f-4cf5-ad45-93ce4e8182a5,SE
01a02d9c-ddf6-745c-a33a-2beeb381021a,49026115,avenida,Avenida Deputado Pedro Valadares,Grageru,71df064f-d17f-4cf5-ad45-93ce4e8182a5,SE
01a02d9c-dc0b-7b5e-82c9-e8e07345a38a,49025100,avenida,Avenida Deputado Sílvio Teixeira,Jardins,71df064f-d17f-4cf5-ad45-93ce4e8182a5,SE
01a02d9c-ddf5-72f5-b3f0-9f7f88ef8160,49025400,avenida,Avenida Deputado Sílvio Teixeira,Grageru,71df064f-d17f-4cf5-ad45-93ce4e8182a5,SE
01a02d9d-0351-7453-b052-2dc0580cc382,49066290,avenida,Avenida Desembargador Antônio Assis Xavier,Industrial,71df064f-d17f-4cf5-ad45-93ce4e8182a5,SE
01a02d9c-e3fe-7fee-af82-5257aa4eb0eb,49035265,avenida,Avenida Desembargador José Antonio de Andrade Goes,Atalaia,71df064f-d17f-4cf5-ad45-93ce4e8182a5,SE
01a02d9c-e400-71e8-a273-b579c848940f,49035620,avenida,Avenida Desembargador José Antonio de Andrade Goes,Coroa do Meio,71df064f-d17f-4cf5-ad45-93ce4e8182a5,SE
01a02d9c-e5f1-726d-8402-1c44ecddf974,49037130,avenida,Avenida Desembargador João Bosco de A. Lima,Atalaia,71df064f-d17f-4cf5-ad45-93ce4e8182a5,SE
01a02d9c-fb6a-72f9-9853-cca4282b13e9,49052210,avenida,Avenida Desembargador Maynard,Suíssa,71df064f-d17f-4cf5-ad45-93ce4e8182a5,SE
01a02d9c-fb6a-72f9-9860-8b37b5a3c435,49052335,avenida,Avenida Desembargador Maynard,Pereira Lobo,71df064f-d17f-4cf5-ad45-93ce4e8182a5,SE
01a02d9c-fb6b-7d73-b2cd-5756e4134f57,49055210,avenida,Avenida Desembargador Maynard,Cirurgia,71df064f-d17f-4cf5-ad45-93ce4e8182a5,SE
01a02d9c-fd5e-7442-b14a-604f33fd06d5,49055515,avenida,Avenida Desembargador Maynard,Getúlio Vargas,71df064f-d17f-4cf5-ad45-93ce4e8182a5,SE
01a02d9c-fd5f-7dd9-bcf0-20d117ec0f97,49055970,avenida,Avenida Desembargador Maynard 1082,Getúlio Vargas,71df064f-d17f-4cf5-ad45-93ce4e8182a5,SE
01a02d9c-d429-7038-aaf8-b37613b5888e,49005038,avenida,Avenida Dois,Zona de Expansão (Robalo),71df064f-d17f-4cf5-ad45-93ce4e8182a5,SE
01a02d9c-dc0b-7b5e-82ca-4d4d3a7c20f3,49025120,avenida,Avenida Dona Mariquinha Seixas Dórea,Grageru,71df064f-d17f-4cf5-ad45-93ce4e8182a5,SE
01a02d9c-e004-7268-812d-ec51369512ec,49030250,avenida,Avenida Doutor Adel Nunes,Farolândia,71df064f-d17f-4cf5-ad45-93ce4e8182a5,SE
01a02d9d-2c77-7f0f-94ed-2c22b48fd8a9,49500052,avenida,Avenida Doutor Airton Mendonça Teles,Centro,8d820d6b-d516-4628-8228-0e70dcaf08f5,SE
01a02d9c-fd60-768e-adf4-b885e7dd6b30,49060120,avenida,Avenida Doutor Airton Teles,Santo Antônio,71df064f-d17f-4cf5-ad45-93ce4e8182a5,SE
01a02d9d-0145-721d-ae1a-88bcffa0131b,49065270,avenida,Avenida Doutor Airton Teles,Industrial,71df064f-d17f-4cf5-ad45-93ce4e8182a5,SE
01a02d9c-fd60-7f18-adf8-761e6fc68266,49060160,avenida,Avenida Doutor Carlos Firpo,Santo Antônio,71df064f-d17f-4cf5-ad45-93ce4e8182a5,SE
01a02d9d-0145-721d-ae20-b49ae1604dd5,49065310,avenida,Avenida Doutor Carlos Firpo,Industrial,71df064f-d17f-4cf5-ad45-93ce4e8182a5,SE
01a02d9c-da14-728f-894c-2b1f44481f00,49010250,avenida,Avenida Doutor Carlos Firpo,Centro,71df064f-d17f-4cf5-ad45-93ce4e8182a5,SE
01a02d9d-269e-7c85-a4a2-3f24182e686c,49081015,avenida,Avenida Doutor Carlos Rodrigues da Cruz,Capucho,71df064f-d17f-4cf5-ad45-93ce4e8182a5,SE
01a02d9d-2c74-7baa-9a66-33960d93a1ec,49081902,avenida,Avenida Doutor Carlos Rodrigues da Cruz 1500,Capucho,71df064f-d17f-4cf5-ad45-93ce4e8182a5,SE
01a02d9d-2c75-7446-a5e9-5052befa8d3f,49081903,avenida,Avenida Doutor Carlos Rodrigues da Cruz 1548,Capucho,71df064f-d17f-4cf5-ad45-93ce4e8182a5,SE
01a02d9c-da18-763e-b540-b7a014cf4d2a,49015280,avenida,Avenida Doutor Edelzio Vieira de Melo,São José,71df064f-d17f-4cf5-ad45-93ce4e8182a5,SE
01a02d9d-249f-7e26-9347-b94577cf4db3,49050240,avenida,Avenida Doutor Edelzio Vieira de Melo,Suíssa,71df064f-d17f-4cf5-ad45-93ce4e8182a5,SE
01a02d9c-f94b-7b78-873c-ca860d6cad01,49050665,avenida,Avenida Doutor Edelzio Vieira de Melo,Pereira Lobo,71df064f-d17f-4cf5-ad45-93ce4e8182a5,SE
01a02d9c-fb6a-72f9-9857-12bef4462e2f,49052240,avenida,Avenida Doutor Edelzio Vieira de Melo,Suíssa,71df064f-d17f-4cf5-ad45-93ce4e8182a5,SE
01a02d9c-fb6a-7bc1-9864-272441c19efe,49052375,avenida,Avenida Doutor Edelzio Vieira de Melo,Pereira Lobo,71df064f-d17f-4cf5-ad45-93ce4e8182a5,SE
01a02d9c-f575-7be3-9758-d7df2ce98edb,49045285,avenida,Avenida Doutor Francisco Moreira,Luzia,71df064f-d17f-4cf5-ad45-93ce4e8182a5,SE
01a02d9c-f755-771f-a993-5cbe3be5595e,49047335,avenida,Avenida Doutor Francisco Moreira,Ponto Novo,71df064f-d17f-4cf5-ad45-93ce4e8182a5,SE
01a02d9d-3622-78a8-935b-3e7afe32d330,49503468,avenida,Avenida Doutor Gileno Almeida Costa,Anízio Amancio de Oliveira,8d820d6b-d516-4628-8228-0e70dcaf08f5,SE
01a02d9c-f94a-7a38-9928-143a09ce96c9,49050020,avenida,Avenida Doutor José Calumby,Suíssa,71df064f-d17f-4cf5-ad45-93ce4e8182a5,SE
01a02d9c-d813-7423-995a-8d971e3cc598,49009010,avenida,Avenida Doutor José Domingos Maia,Zona de Expansão (Mosqueiro),71df064f-d17f-4cf5-ad45-93ce4e8182a5,SE
01a02d9c-d813-7423-993f-fcd147193b85,49008680,avenida,Avenida Doutor José Emídio do Nascimento,Zona de Expansão (Mosqueiro),71df064f-d17f-4cf5-ad45-93ce4e8182a5,SE
01a02d9d-28a9-732b-a60b-424fe55ab105,49025740,avenida,Avenida Doutor José Machado de Souza,Jardins,71df064f-d17f-4cf5-ad45-93ce4e8182a5,SE
01a02d9d-2e65-7309-a826-85f578c7aa11,49500442,avenida,Avenida Doutor José Milton Machado,São Cristóvão,8d820d6b-d516-4628-8228-0e70dcaf08f5,SE
01a02d9c-e004-7268-812f-043a5135059c,49030270,avenida,Avenida Doutor José Thomas D'Ávila Nabuco,Farolândia,71df064f-d17f-4cf5-ad45-93ce4e8182a5,SE
01a02d9d-0934-7568-8356-cdbef43b1cc0,49075170,avenida,Avenida Doutor José da Silva Ribeiro Filho,Siqueira Campos,71df064f-d17f-4cf5-ad45-93ce4e8182a5,SE
01a02d9d-0b2c-7262-9034-6750c869e736,49080180,avenida,Avenida Doutor José da Silva Ribeiro Filho,América,71df064f-d17f-4cf5-ad45-93ce4e8182a5,SE
01a02d9d-2e64-7a5b-9484-a3cd9bb20be6,49500353,avenida,Avenida Doutor Leandro Maynard Maciel,São Cristóvão,8d820d6b-d516-4628-8228-0e70dcaf08f5,SE
01a02d9d-3438-7f59-9a74-973e3fe8723e,49503003,avenida,Avenida Doutor Luiz Magalhães,Serrano,8d820d6b-d516-4628-8228-0e70dcaf08f5,SE
01a02d9d-343a-7f6e-adda-385056fc7908,49503256,avenida,Avenida Doutor Luiz Magalhães,Serrano,8d820d6b-d516-4628-8228-0e70dcaf08f5,SE
01a02d9d-343a-7f6e-addd-8e154aea4561,49503300,avenida,Avenida Doutor Luiz Magalhães,Anízio Amancio de Oliveira,8d820d6b-d516-4628-8228-0e70dcaf08f5,SE
01a02d9d-385e-73f3-b532-a55cc73a522d,49504066,avenida,Avenida Doutor Luiz Magalhães,Marianga,8d820d6b-d516-4628-8228-0e70dcaf08f5,SE
01a02d9d-385e-7c9a-b53e-4b4740e3c7a1,49504102,avenida,Avenida Doutor Luiz Magalhães,Marianga,8d820d6b-d516-4628-8228-0e70dcaf08f5,SE
01a02d9d-2c77-769a-94e8-8336b3163316,49500037,avenida,Avenida Doutor Luiz Magalhães,Centro,8d820d6b-d516-4628-8228-0e70dcaf08f5,SE
01a02d9d-2c77-769a-94e7-d1de911f7dde,49500034,avenida,Avenida Doutor Luiz Magalhães,Centro,8d820d6b-d516-4628-8228-0e70dcaf08f5,SE
01a02d9d-3439-7f6f-8aba-46343ef6a142,49503108,avenida,Avenida Doutor Pedro Garcia Moreno,Serrano,8d820d6b-d516-4628-8228-0e70dcaf08f5,SE
01a02d9d-3aa9-75a7-a070-59228a61080d,49506153,avenida,Avenida Doutor Pedro Garcia Moreno,Rotary Club de Itabaiana,8d820d6b-d516-4628-8228-0e70dcaf08f5,SE
01a02d9c-da15-7399-adc2-78de1935b170,49010410,avenida,Avenida Doutor Roosewelt Dantas Cardoso de Menezes,Centro,71df064f-d17f-4cf5-ad45-93ce4e8182a5,SE
01a02d9c-e004-7268-8132-046251253966,49030290,avenida,Avenida Doutor Tarcísio Daniel dos Santos,Farolândia,71df064f-d17f-4cf5-ad45-93ce4e8182a5,SE
01a02d9c-d429-7038-aaf2-a6f4c5d03d60,49005020,avenida,Avenida Doutor Walter Pereira Bastos,Zona de Expansão (Robalo),71df064f-d17f-4cf5-ad45-93ce4e8182a5,SE
01a02d9d-3cbc-724f-a5b8-b66e2186f93b,49506433,avenida,Avenida Doutor Wellington Mendes,Doutor José Milton Machado,8d820d6b-d516-4628-8228-0e70dcaf08f5,SE
01a02d9c-f94a-719e-991d-fac3df89c696,49048430,avenida,Avenida Dulce Diniz,Luzia,71df064f-d17f-4cf5-ad45-93ce4e8182a5,SE
01a02d9d-4124-7191-838e-e9e8958d4285,49510190,avenida,Avenida Eduardo Paixão Rocha,Porto,8d820d6b-d516-4628-8228-0e70dcaf08f5,SE
01a02d9d-4320-7220-a39e-8910d775cc9b,49511390,avenida,Avenida Eduardo Paixão Rocha,Queimadas,8d820d6b-d516-4628-8228-0e70dcaf08f5,SE
01a02d9d-209d-7771-ba87-6bd2ff3909be,49160974,avenida,Avenida Eixo Estrutural A 1018,Taiçoca de Fora,11ae317c-9ff1-4755-802b-73f78055710c,SE
01a02d9c-e006-75cc-adf6-c96eac7be753,49030640,avenida,Avenida Empresário José Carlos Silva,Farolândia,71df064f-d17f-4cf5-ad45-93ce4e8182a5,SE
01a02d9c-e7d6-77a3-a997-394c2f8f819c,49037837,avenida,Avenida Empresário José Carlos Silva,Atalaia,71df064f-d17f-4cf5-ad45-93ce4e8182a5,SE
01a02d9c-e9cd-7495-8d32-e424e141f816,49038449,avenida,Avenida Empresário José Carlos Silva,Aeroporto,71df064f-d17f-4cf5-ad45-93ce4e8182a5,SE
01a02d9c-ebbe-7ce3-85f8-c019190f2e43,49040850,avenida,Avenida Empresário José Carlos Silva,Inácio Barbosa,71df064f-d17f-4cf5-ad45-93ce4e8182a5,SE
01a02d9c-eda0-7f96-a0ea-a50aa69cd423,49042190,avenida,Avenida Empresário José Carlos Silva,São Conrado,71df064f-d17f-4cf5-ad45-93ce4e8182a5,SE
01a02d9d-4120-74d5-993e-ce9de7ec4836,49509209,avenida,Avenida Emília Vigencia dos Santos,Mamede Paes Mendonça,8d820d6b-d516-4628-8228-0e70dcaf08f5,SE
01a02d9d-3aa8-748e-8eec-762872d9908a,49506000,avenida,Avenida Engenheiro Carlos Reis,Rotary Club de Itabaiana,8d820d6b-d516-4628-8228-0e70dcaf08f5,SE
01a02d9d-2e63-78f6-b35f-505721c6050b,49500145,avenida,Avenida Engenheiro Carlos Reis,Centro,8d820d6b-d516-4628-8228-0e70dcaf08f5,SE
01a02d9d-249f-7e26-934d-8f30927ee3f0,49061020,avenida,Avenida Engenheiro Gentil Tavares,Santo Antônio,71df064f-d17f-4cf5-ad45-93ce4e8182a5,SE
01a02d9c-fb6b-7475-b2bf-2061a0b15ca8,49055060,avenida,Avenida Engenheiro Gentil Tavares,Cirurgia,71df064f-d17f-4cf5-ad45-93ce4e8182a5,SE
01a02d9c-fb6b-7d73-b2d5-0cc2b99efb3d,49055260,avenida,Avenida Engenheiro Gentil Tavares,Getúlio Vargas,71df064f-d17f-4cf5-ad45-93ce4e8182a5,SE
01a02d9c-f94b-72d4-8723-be9508b1a552,49050300,avenida,Avenida Enos Sadock de Sá,Suíssa,71df064f-d17f-4cf5-ad45-93ce4e8182a5,SE
01a02d9d-1cb7-7c6f-bedd-cedcca8a9196,49095650,avenida,Avenida Escritor Graciliano Ramos,Jabotiana,71df064f-d17f-4cf5-ad45-93ce4e8182a5,SE
01a02d9d-0b2c-7262-9039-b36a73291e56,49080220,avenida,Avenida Estados Unidos,América,71df064f-d17f-4cf5-ad45-93ce4e8182a5,SE
01a02d9d-28aa-7d74-8790-dd7318971967,49042849,avenida,Avenida Etelvino Alves de Lima,São Conrado,71df064f-d17f-4cf5-ad45-93ce4e8182a5,SE
01a02d9d-28aa-7d74-878d-a6b841d1736a,49040696,avenida,Avenida Etelvino Alves de Lima,Inácio Barbosa,71df064f-d17f-4cf5-ad45-93ce4e8182a5,SE
01a02d9c-d42a-7a3b-a97c-2a04efe8a95e,49007202,avenida,Avenida F,Zona de Expansão (Areia Branca),71df064f-d17f-4cf5-ad45-93ce4e8182a5,SE
01a02d9d-1cb6-72f1-9724-62c220dc2262,49095100,avenida,Avenida Farmacêutica Cezartina Régis,Jabotiana,71df064f-d17f-4cf5-ad45-93ce4e8182a5,SE
01a02d9d-0145-7b2d-ae26-93db9ce4e9ff,49065390,avenida,Avenida Filadelfo Dórea,Industrial,71df064f-d17f-4cf5-ad45-93ce4e8182a5,SE
01a02d9d-3625-7baa-b010-5dbbcd84bdce,49503717,avenida,Avenida Francisco Alves de Carvalho Junior,Anízio Amancio de Oliveira,8d820d6b-d516-4628-8228-0e70dcaf08f5,SE
01a02d9d-3625-7baa-b015-5974a8af99e4,49503901,avenida,Avenida Francisco Alves de Carvalho Junior 46,Anízio Amancio de Oliveira,8d820d6b-d516-4628-8228-0e70dcaf08f5,SE
01a02d9c-ddf7-7587-abee-8b3f309ecae8,49027295,avenida,Avenida Francisco Freitas Bendocchi Alves,Jardins,71df064f-d17f-4cf5-ad45-93ce4e8182a5,SE
01a02d9c-ebbf-7e0b-9b07-8ded5635a223,49042000,avenida,Avenida Francisco José da Fonseca,São Conrado,71df064f-d17f-4cf5-ad45-93ce4e8182a5,SE
01a02d9c-eda3-77a9-bf61-9056904bffcc,49042971,avenida,Avenida Francisco José da Fonseca 1382,São Conrado,71df064f-d17f-4cf5-ad45-93ce4e8182a5,SE
01a02d9c-dc0a-7b31-a959-27068e0d71fb,49020120,avenida,Avenida Francisco Porto,Treze de Julho,71df064f-d17f-4cf5-ad45-93ce4e8182a5,SE
01a02d9c-dc0a-7b31-a989-e97cf5d6bd18,49020570,avenida,Avenida Francisco Porto,Salgado Filho,71df064f-d17f-4cf5-ad45-93ce4e8182a5,SE
01a02d9c-dc0b-7b5e-82d4-6db4bd942832,49025230,avenida,Avenida Francisco Porto,Jardins,71df064f-d17f-4cf5-ad45-93ce4e8182a5,SE
01a02d9c-dc0b-7b5e-82d6-499ad8e6a5b7,49025245,avenida,Avenida Francisco Porto,Grageru,71df064f-d17f-4cf5-ad45-93ce4e8182a5,SE
01a02d9c-ddf6-7cf2-a34d-3a0bac786568,49027000,avenida,Avenida Franklin de Campos Sobral,Grageru,71df064f-d17f-4cf5-ad45-93ce4e8182a5,SE
01a02d9d-2a93-769a-a1c8-c88f45d1c3c7,49071178,avenida,Avenida Frei Augusto de Santana,Dom Luciano,71df064f-d17f-4cf5-ad45-93ce4e8182a5,SE
01a02d9d-2a93-769a-a1c7-b13d7e097332,49071175,avenida,Avenida Frei Augusto de Santana,Dom Luciano,71df064f-d17f-4cf5-ad45-93ce4e8182a5,SE
01a02d9d-2a91-7c3f-863d-46e395c79bbc,49070503,avenida,Avenida Frei Augusto de Santana,Cidade Nova,71df064f-d17f-4cf5-ad45-93ce4e8182a5,SE
01a02d9d-0142-7e7c-8d37-34c5f27f3af0,49063145,avenida,Avenida Frei Augusto de Santana,Japãozinho,71df064f-d17f-4cf5-ad45-93ce4e8182a5,SE
01a02d9d-3cbc-724f-a5ae-5930fc43da70,49506340,avenida,Avenida Fulgencio José Machado,Doutor José Milton Machado,8d820d6b-d516-4628-8228-0e70dcaf08f5,SE
01a02d9d-3cbd-7c5a-bad0-9663fb787bc0,49507440,avenida,Avenida Fulgencio José Machado,Oviedo Teixeira,8d820d6b-d516-4628-8228-0e70dcaf08f5,SE
01a02d9c-e9cd-7495-8d2f-8fbf02276893,49038440,avenida,Avenida Fábio José Cardoso Ramos,Aeroporto,71df064f-d17f-4cf5-ad45-93ce4e8182a5,SE
01a02d9c-f198-7b4f-a213-033edfdfe239,49043600,avenida,Avenida Gasoduto,Santa Maria,71df064f-d17f-4cf5-ad45-93ce4e8182a5,SE
01a02d9d-0145-7b2d-ae2d-6db3a9ec7e07,49065420,avenida,Avenida General Calazans,Industrial,71df064f-d17f-4cf5-ad45-93ce4e8182a5,SE
01a02d9c-f753-74c5-94df-9eec53be9457,49045423,avenida,Avenida General Djenal Tavares de Queroz,Luzia,71df064f-d17f-4cf5-ad45-93ce4e8182a5,SE
01a02d9d-14f5-703d-bb38-3909cf73eed3,49089025,avenida,Avenida General Euclides Figueiredo,Soledade,71df064f-d17f-4cf5-ad45-93ce4e8182a5,SE
01a02d9d-12f0-7f4b-a1a2-3c5eab90b3f8,49088245,avenida,Avenida General Euclides Figueiredo,Lamarão,71df064f-d17f-4cf5-ad45-93ce4e8182a5,SE
01a02d9d-0350-7bb7-9f55-bcf156158422,49065783,avenida,Avenida General Euclides Figueiredo,Industrial,71df064f-d17f-4cf5-ad45-93ce4e8182a5,SE
01a02d9d-0350-7bb7-9f56-975672050f64,49065786,avenida,Avenida General Euclides Figueiredo,Industrial,71df064f-d17f-4cf5-ad45-93ce4e8182a5,SE
01a02d9d-0351-7cf4-b067-2a8e8ef3b63a,49067013,avenida,Avenida General Euclides Figueiredo,Porto D'Antas,71df064f-d17f-4cf5-ad45-93ce4e8182a5,SE
01a02d9d-0351-7cf4-b068-ae3e1a2212dc,49067016,avenida,Avenida General Euclides Figueiredo,Porto D'Antas,71df064f-d17f-4cf5-ad45-93ce4e8182a5,SE
01a02d9d-2a93-7f4c-a1d8-c0cb0737ea19,49071288,avenida,Avenida General Euclides Figueiredo,Dom Luciano,71df064f-d17f-4cf5-ad45-93ce4e8182a5,SE
01a02d9d-12ee-72a8-93ef-d28995855462,49087645,avenida,Avenida General Euclides Figueiredo,Santos Dumont,71df064f-d17f-4cf5-ad45-93ce4e8182a5,SE
01a02d9d-12ee-72a8-93f0-ab9720ce7d1b,49087648,avenida,Avenida General Euclides Figueiredo,Santos Dumont,71df064f-d17f-4cf5-ad45-93ce4e8182a5,SE
01a02d9c-ff4a-7a71-9c72-ecc657b24de4,49063106,avenida,Avenida General Euclides Figueiredo,Japãozinho,71df064f-d17f-4cf5-ad45-93ce4e8182a5,SE
01a02d9c-ff4a-7a71-9c73-d2c27e1b16f0,49063109,avenida,Avenida General Euclides Figueiredo,Japãozinho,71df064f-d17f-4cf5-ad45-93ce4e8182a5,SE
01a02d9d-22a4-755a-bb08-038a0368cac5,49860970,avenida,Avenida Getulio Vargas 38,Centro,7e8afcaf-46a3-4bbf-9d9d-a3325059b2a2,SE
01a02d9c-da17-7dde-9418-458f6ef8b45a,49015230,avenida,Avenida Gonçalo Prado Rolemberg,São José,71df064f-d17f-4cf5-ad45-93ce4e8182a5,SE
01a02d9c-dc0b-7b5e-82bb-20b1902144bc,49020580,avenida,Avenida Gonçalo Prado Rolemberg,Salgado Filho,71df064f-d17f-4cf5-ad45-93ce4e8182a5,SE
01a02d9c-f575-7be3-9757-6d321151ce19,49045280,avenida,Avenida Gonçalo Rolemberg Leite,Luzia,71df064f-d17f-4cf5-ad45-93ce4e8182a5,SE
01a02d9c-f755-771f-a992-7cf8db9fdc72,49047325,avenida,Avenida Gonçalo Rolemberg Leite,Ponto Novo,71df064f-d17f-4cf5-ad45-93ce4e8182a5,SE
01a02d9c-f94b-72d4-8727-3982a3fc67f5,49050370,avenida,Avenida Gonçalo Rolemberg Leite,Suíssa,71df064f-d17f-4cf5-ad45-93ce4e8182a5,SE
01a02d9c-fb6a-72f9-9855-c8d2c6ebe416,49052225,avenida,Avenida Gonçalo Rolemberg Leite,Pereira Lobo,71df064f-d17f-4cf5-ad45-93ce4e8182a5,SE
01a02d9c-dc0a-726b-a950-cf4883a02518,49020010,avenida,Avenida Governador Paulo Barreto de Menezes,Treze de Julho,71df064f-d17f-4cf5-ad45-93ce4e8182a5,SE
01a02d9c-dc0b-7b5e-82c4-da07cb1fe4f2,49025040,avenida,Avenida Governador Paulo Barreto de Menezes,Jardins,71df064f-d17f-4cf5-ad45-93ce4e8182a5,SE
01a02d9c-e1ff-7d24-b161-4ea422d04a57,49032000,avenida,Avenida Governador Paulo Barreto de Menezes,Farolândia,71df064f-d17f-4cf5-ad45-93ce4e8182a5,SE
01a02d9d-0b2c-7ad8-903e-9ebf21f253a4,49080260,avenida,Avenida Guanabara,América,71df064f-d17f-4cf5-ad45-93ce4e8182a5,SE
01a02d9d-1ea3-7ec2-852a-31d4dd85ee08,49096255,avenida,Avenida H,Jabotiana,71df064f-d17f-4cf5-ad45-93ce4e8182a5,SE
01a02d9d-3f01-70fa-855b-780f0b55427b,49508120,avenida,Avenida Hermenegildo José de Oliveira,Oviedo Teixeira,8d820d6b-d516-4628-8228-0e70dcaf08f5,SE
01a02d9c-da18-7eb2-b547-3f2e4d60c97e,49015350,avenida,Avenida Hermes Fontes,São José,71df064f-d17f-4cf5-ad45-93ce4e8182a5,SE
01a02d9c-dc0a-7b31-a988-f7f682c9e25b,49020550,avenida,Avenida Hermes Fontes,Salgado Filho,71df064f-d17f-4cf5-ad45-93ce4e8182a5,SE
01a02d9c-ddf5-7b85-b40f-4f5602109fcb,49026020,avenida,Avenida Hermes Fontes,Grageru,71df064f-d17f-4cf5-ad45-93ce4e8182a5,SE
01a02d9c-f754-75e6-9df3-1e2c5b97f326,49045760,avenida,Avenida Hermes Fontes,Luzia,71df064f-d17f-4cf5-ad45-93ce4e8182a5,SE
01a02d9c-f94a-7a38-9926-2ddad0d1f3cd,49050000,avenida,Avenida Hermes Fontes,Suíssa,71df064f-d17f-4cf5-ad45-93ce4e8182a5,SE
01a02d9c-fb69-7a00-8c09-7135168638a7,49052000,avenida,Avenida Hermes Fontes,Suíssa,71df064f-d17f-4cf5-ad45-93ce4e8182a5,SE
01a02d9c-e7d6-77a3-a996-d2d2d08c0296,49037834,avenida,Avenida Hildete Falcão Baptista,Atalaia,71df064f-d17f-4cf5-ad45-93ce4e8182a5,SE
01a02d9c-e9cd-7495-8d31-5d7a6cb3fb64,49038446,avenida,Avenida Hildete Falcão Baptista,Aeroporto,71df064f-d17f-4cf5-ad45-93ce4e8182a5,SE
01a02d9d-1ea4-7ff5-8821-b07775347aec,49097310,avenida,Avenida Hipólito da Costa,Ponto Novo,71df064f-d17f-4cf5-ad45-93ce4e8182a5,SE
01a02d9c-ddf6-745c-a346-9b455d890eac,49026209,avenida,Avenida Hélio de Souza Leão,Jardins,71df064f-d17f-4cf5-ad45-93ce4e8182a5,SE
01a02d9c-cfee-78c7-b4a2-ccd6e26a9bc5,49001374,avenida,Avenida Inácio Barbosa,Aruana,71df064f-d17f-4cf5-ad45-93ce4e8182a5,SE
01a02d9c-cfee-78c7-b4a3-8d4eed81c8b7,49001377,avenida,Avenida Inácio Barbosa,Aruana,71df064f-d17f-4cf5-ad45-93ce4e8182a5,SE
01a02d9c-d42a-719c-a95a-ffb6de75efbf,49005402,avenida,Avenida Inácio Barbosa,Zona de Expansão (Robalo),71df064f-d17f-4cf5-ad45-93ce4e8182a5,SE
01a02d9c-d42a-719c-a95b-f994b373f74f,49005405,avenida,Avenida Inácio Barbosa,Zona de Expansão (Robalo),71df064f-d17f-4cf5-ad45-93ce4e8182a5,SE
01a02d9c-d813-7423-9969-ec068d129be7,49009106,avenida,Avenida Inácio Barbosa,Zona de Expansão (Mosqueiro),71df064f-d17f-4cf5-ad45-93ce4e8182a5,SE
01a02d9c-d813-7423-996a-b31c87bf89d3,49009109,avenida,Avenida Inácio Barbosa,Zona de Expansão (Mosqueiro),71df064f-d17f-4cf5-ad45-93ce4e8182a5,SE
01a02d9c-dc0b-7b5e-82c7-a70fd22cb053,49025080,avenida,Avenida Iolanda Pinto de Jesus,Jardins,71df064f-d17f-4cf5-ad45-93ce4e8182a5,SE
01a02d9c-e001-7f49-9d57-dd2a20ef37f5,49027345,avenida,Avenida Iolanda Pinto de Jesus,Grageru,71df064f-d17f-4cf5-ad45-93ce4e8182a5,SE
01a02d9c-e3fc-7d65-92eb-c8b8619cdbe1,49032413,avenida,Avenida Isaac José Rodrigues,Farolândia,71df064f-d17f-4cf5-ad45-93ce4e8182a5,SE
01a02d9d-2c76-7e02-8378-631c01d66e28,49500001,avenida,Avenida Ivo de Carvalho,Centro,8d820d6b-d516-4628-8228-0e70dcaf08f5,SE
01a02d9d-2c77-7f0f-94f1-1724a934f8b4,49500064,avenida,Avenida Ivo de Carvalho,Centro,8d820d6b-d516-4628-8228-0e70dcaf08f5,SE
01a02d9d-209d-7771-baac-ec0898b35788,49500970,avenida,Avenida Ivo de Carvalho 336,Centro,8d820d6b-d516-4628-8228-0e70dcaf08f5,SE
01a02d9c-da17-7531-9408-0661bc9aec9a,49015070,avenida,Avenida Ivo do Prado,São José,71df064f-d17f-4cf5-ad45-93ce4e8182a5,SE
01a02d9c-d813-7423-9972-c23a43006ef9,49010050,avenida,Avenida Ivo do Prado,Centro,71df064f-d17f-4cf5-ad45-93ce4e8182a5,SE
01a02d9d-323b-7e08-8d96-d93579f4b488,49502004,avenida,Avenida Jhon Leno Cunha Mota,Marcela,8d820d6b-d516-4628-8228-0e70dcaf08f5,SE
01a02d9c-ddf5-72f5-b3e9-8ce6fc76a67f,49025330,avenida,Avenida Jorge Amado,Jardins,71df064f-d17f-4cf5-ad45-93ce4e8182a5,SE
01a02d9c-f94b-72d4-872b-a155c86ecfeb,49050430,avenida,Avenida Jorge Campos Maynard,Suíssa,71df064f-d17f-4cf5-ad45-93ce4e8182a5,SE
01a02d9d-209d-7771-ba8d-dc77b008795e,49200971,avenida,Avenida Jornalista Augusto Gomes 888,Cidade Nova,4276a34c-2c68-4ba4-a78f-2c5cb9743288,SE
01a02d9c-ef94-7247-967a-c83075596062,49043466,avenida,Avenida Jornalista Juarez Conrado Dantas,Santa Maria,71df064f-d17f-4cf5-ad45-93ce4e8182a5,SE
01a02d9d-3f01-70fa-8555-b314df21790d,49508090,avenida,Avenida Josefa Nicielma Santana,Oviedo Teixeira,8d820d6b-d516-4628-8228-0e70dcaf08f5,SE
01a02d9c-e002-780d-9ae0-946e6644c82c,49030000,avenida,Avenida Josino José de Almeida,Farolândia,71df064f-d17f-4cf5-ad45-93ce4e8182a5,SE
01a02d9d-3aa8-748e-8edf-61fed2013a17,49505330,avenida,Avenida José Amâncio Bispo,Miguel Teles de Mendonça,8d820d6b-d516-4628-8228-0e70dcaf08f5,SE
01a02d9d-3aa8-748e-8eea-5fef8bd95cce,49505900,avenida,Avenida José Amâncio Bispo 5419,Miguel Teles de Mendonça,8d820d6b-d516-4628-8228-0e70dcaf08f5,SE
01a02d9d-3624-7ba9-9207-9656b523d73d,49503686,avenida,Avenida José Aélio de Oliveira,Anízio Amancio de Oliveira,8d820d6b-d516-4628-8228-0e70dcaf08f5,SE
01a02d9d-3860-7f3e-8582-0802675998c0,49504402,avenida,Avenida José Aélio de Oliveira,Marianga,8d820d6b-d516-4628-8228-0e70dcaf08f5,SE
01a02d9d-3860-7f3e-858a-4ae658528995,49504900,avenida,Avenida José Aélio de Oliveira 118,Marianga,8d820d6b-d516-4628-8228-0e70dcaf08f5,SE
01a02d9d-0145-7b2d-ae32-a47728246a7d,49065470,avenida,Avenida José Conrado de Araújo,Industrial,71df064f-d17f-4cf5-ad45-93ce4e8182a5,SE
01a02d9c-eda1-7f9a-bf0d-8f1ebc3c2051,49042260,avenida,Avenida José Garcez Vieira,São Conrado,71df064f-d17f-4cf5-ad45-93ce4e8182a5,SE
01a02d9c-e5f2-7c46-98d4-058ad5cd8df2,49037390,avenida,Avenida José Menezes Prudente,Aeroporto,71df064f-d17f-4cf5-ad45-93ce4e8182a5,SE
01a02d9c-cfee-78c7-b4a4-279f5b515a66,49003160,avenida,Avenida José Rodrigues Sobrinho,17 de Março,71df064f-d17f-4cf5-ad45-93ce4e8182a5,SE
01a02d9c-cbc7-7bd3-9683-17ec26245ac9,49000560,avenida,Avenida José Vicente de Almeida,Aruana,71df064f-d17f-4cf5-ad45-93ce4e8182a5,SE
01a02d9d-323c-76ae-966c-137f4894f37c,49502055,avenida,Avenida José de Oliveira,Marcela,8d820d6b-d516-4628-8228-0e70dcaf08f5,SE
01a02d9d-18d6-7818-a956-306d5dedfb6a,49090830,avenida,Avenida José de Oliveira Guedes,Bugio,71df064f-d17f-4cf5-ad45-93ce4e8182a5,SE
01a02d9c-cfef-7170-809e-f7f306b17b46,49003262,avenida,Avenida João Amazonas,17 de Março,71df064f-d17f-4cf5-ad45-93ce4e8182a5,SE
01a02d9c-cfef-7170-809f-585365e48eab,49003265,avenida,Avenida João Amazonas,17 de Março,71df064f-d17f-4cf5-ad45-93ce4e8182a5,SE
01a02d9c-cfef-7170-8095-d70f6ff7b5b7,49003232,avenida,Avenida João Batista Costa,17 de Março,71df064f-d17f-4cf5-ad45-93ce4e8182a5,SE
01a02d9c-d206-71b5-b36e-748433c84379,49003328,avenida,Avenida João Batista Costa,17 de Março,71df064f-d17f-4cf5-ad45-93ce4e8182a5,SE
01a02d9c-d428-76fd-8292-724861d6e9d0,49004733,avenida,Avenida João Batista dos Santos,Zona de Expansão (Robalo),71df064f-d17f-4cf5-ad45-93ce4e8182a5,SE
01a02d9d-3623-7b7e-a117-663ca3238d53,49503592,avenida,Avenida João Correia dos Santos,Anízio Amancio de Oliveira,8d820d6b-d516-4628-8228-0e70dcaf08f5,SE
01a02d9d-385f-753d-a0a5-18a0c6d1b2f6,49504220,avenida,Avenida João Correia dos Santos,Marianga,8d820d6b-d516-4628-8228-0e70dcaf08f5,SE
01a02d9c-d429-7038-aafb-934bc7e57b8a,49005050,avenida,Avenida João José de Santana,Zona de Expansão (Robalo),71df064f-d17f-4cf5-ad45-93ce4e8182a5,SE
01a02d9d-209d-7771-ba8e-e721fa8ad3df,49200972,avenida,Avenida João Lima da Silveira 3254,Alagoas,4276a34c-2c68-4ba4-a78f-2c5cb9743288,SE
01a02d9d-3624-7ba9-91ff-ab7325d71749,49503662,avenida,Avenida João Paulo II,Anízio Amancio de Oliveira,8d820d6b-d516-4628-8228-0e70dcaf08f5,SE
01a02d9d-3860-76c1-8575-15874c5ab464,49504355,avenida,Avenida João Pereira de Andrade,Marianga,8d820d6b-d516-4628-8228-0e70dcaf08f5,SE
01a02d9c-fd61-77c5-a831-b28d26bd5d0c,49060330,avenida,Avenida João Ribeiro,Santo Antônio,71df064f-d17f-4cf5-ad45-93ce4e8182a5,SE
01a02d9d-0143-7719-a5b4-71d5c111c142,49065000,avenida,Avenida João Ribeiro,Industrial,71df064f-d17f-4cf5-ad45-93ce4e8182a5,SE
01a02d9c-ff48-76d1-9d0e-bccc48956611,49060970,avenida,Avenida João Ribeiro 1287,Santo Antônio,71df064f-d17f-4cf5-ad45-93ce4e8182a5,SE
01a02d9d-0145-7b2d-ae30-3e3a67cfa70b,49065450,avenida,Avenida João Rodrigues,Industrial,71df064f-d17f-4cf5-ad45-93ce4e8182a5,SE
01a02d9d-3cbd-7399-baa8-c6186e48fa69,49506642,avenida,Avenida João Rodrigues da Silva,Doutor José Milton Machado,8d820d6b-d516-4628-8228-0e70dcaf08f5,SE
01a02d9d-3aa9-75a7-a068-6bfbac497589,49506093,avenida,Avenida João Teixeira,Rotary Club de Itabaiana,8d820d6b-d516-4628-8228-0e70dcaf08f5,SE
01a02d9d-2e63-78f6-b352-2155ac606ec0,49500106,avenida,Avenida João Teixeira,Centro,8d820d6b-d516-4628-8228-0e70dcaf08f5,SE
01a02d9d-2e63-78f6-b351-94578d104993,49500103,avenida,Avenida João Teixeira,Centro,8d820d6b-d516-4628-8228-0e70dcaf08f5,SE
01a02d9c-e201-7faf-abca-64e6184e143a,49032300,avenida,Avenida João Vítor de Matos,Farolândia,71df064f-d17f-4cf5-ad45-93ce4e8182a5,SE
01a02d9d-12ef-73e4-bc6a-2b9c80c36650,49088000,avenida,Avenida Lamarão,Lamarão,71df064f-d17f-4cf5-ad45-93ce4e8182a5,SE
01a02d9d-1cb8-74ef-96d1-3e2b7caaffc1,49095750,avenida,Avenida Laurindo dos Santos,Jabotiana,71df064f-d17f-4cf5-ad45-93ce4e8182a5,SE
01a02d9d-0351-7cf4-b06a-4cfcd082eb4e,49067030,avenida,Avenida Lauro de Britto Porto,Porto D'Antas,71df064f-d17f-4cf5-ad45-93ce4e8182a5,SE
01a02d9c-fd61-77c5-a829-73026fbb94d3,49060240,avenida,Avenida Lauro de Britto Porto,Santo Antônio,71df064f-d17f-4cf5-ad45-93ce4e8182a5,SE
01a02d9d-209e-776f-b18b-26258d535371,49530970,avenida,Avenida Leandro Maciel 93,Centro,a25ca505-f70a-4919-8693-ee3c126f5369,SE
01a02d9d-22a7-7785-886a-5ba9cb0ad62a,49037420,avenida,Avenida Lions Club,Atalaia,71df064f-d17f-4cf5-ad45-93ce4e8182a5,SE
01a02d9d-1ac2-70e0-a660-8c93fb9b70b0,49092717,avenida,Avenida Lourival Souza Nery,Olaria,71df064f-d17f-4cf5-ad45-93ce4e8182a5,SE
01a02d9c-f755-771f-a9a0-145e6c52b329,49048000,avenida,Avenida Luciano Monteiro Sobral,Luzia,71df064f-d17f-4cf5-ad45-93ce4e8182a5,SE
01a02d9d-209d-7771-ba99-a923a50e8e90,49300971,avenida,Avenida Luiz Alves de Oliveira Filho 704,Centro,d9a82494-601a-4993-8dc6-d269d3e69a20,SE
01a02d9d-209d-7771-ba9a-9b97ae73ed96,49300972,avenida,"Avenida Luiz Alves de Oliveira Filho, s/n",Centro,d9a82494-601a-4993-8dc6-d269d3e69a20,SE
01a02d9d-2c76-7e02-8374-cab5e01dc7ce,49100992,avenida,"Avenida Luiz Bomfim Freire, Nº 1601 Povoado Alto da Colina",,8cf3f8c0-3dcd-4b8c-9193-aab530c1ece0,SE
01a02d9c-cfee-78c7-b4b6-12c1decb8110,49003220,avenida,Avenida Luiz Carlos Prestes,17 de Março,71df064f-d17f-4cf5-ad45-93ce4e8182a5,SE
01a02d9c-d206-7aa1-b386-410d8cf1e800,49003397,avenida,Avenida Luiz Carlos Prestes,17 de Março,71df064f-d17f-4cf5-ad45-93ce4e8182a5,SE
01a02d9d-3cbe-751c-8dc0-84b277b597e0,49507460,avenida,Avenida Luiz Gonzaga,Oviedo Teixeira,8d820d6b-d516-4628-8228-0e70dcaf08f5,SE
01a02d9c-d813-7423-996c-83be525766e3,49009310,avenida,Avenida Luiz Jorge Firpo Cruz,Zona de Expansão (Mosqueiro),71df064f-d17f-4cf5-ad45-93ce4e8182a5,SE
01a02d9c-da15-7bf8-add1-e42fedd0acca,49010620,avenida,Avenida Mamede Paes Mendonça,Centro,71df064f-d17f-4cf5-ad45-93ce4e8182a5,SE
01a02d9c-fd5f-7526-bce8-89a2def48d5e,49055670,avenida,Avenida Mamede Paes Mendonça,Getúlio Vargas,71df064f-d17f-4cf5-ad45-93ce4e8182a5,SE
01a02d9d-3aa8-7d39-8ef3-a5c53828d6a6,49506021,avenida,Avenida Manoel Antônio dos Santos,Rotary Club de Itabaiana,8d820d6b-d516-4628-8228-0e70dcaf08f5,SE
01a02d9d-3aa9-75a7-a067-b126ccd33080,49506090,avenida,Avenida Manoel Antônio dos Santos,Rotary Club de Itabaiana,8d820d6b-d516-4628-8228-0e70dcaf08f5,SE
01a02d9d-0933-741f-97bf-8a3ebd04b66c,49072450,avenida,Avenida Manoel Cruz,Dezoito do Forte,71df064f-d17f-4cf5-ad45-93ce4e8182a5,SE
01a02d9d-323d-7823-b7dd-14181597fd96,49502203,avenida,Avenida Manoel Francisco Cunha,Marcela,8d820d6b-d516-4628-8228-0e70dcaf08f5,SE
01a02d9d-3438-7f59-9a84-48d0f0b5d9d6,49503078,avenida,Avenida Manoel Francisco Teles,Serrano,8d820d6b-d516-4628-8228-0e70dcaf08f5,SE
01a02d9d-3438-7f59-9a85-c0ea1b4565cd,49503081,avenida,Avenida Manoel Francisco Teles,Serrano,8d820d6b-d516-4628-8228-0e70dcaf08f5,SE
01a02d9d-3439-7f6f-8ad1-87dafb09df8d,49503177,avenida,Avenida Manoel Francisco Teles,Serrano,8d820d6b-d516-4628-8228-0e70dcaf08f5,SE
01a02d9d-343a-7f6e-adcb-91f3f2f1ad5b,49503180,avenida,Avenida Manoel Francisco Teles,Serrano,8d820d6b-d516-4628-8228-0e70dcaf08f5,SE
01a02d9d-3aa9-75a7-a06d-971b488ba99e,49506108,avenida,Avenida Manoel Francisco Teles,Rotary Club de Itabaiana,8d820d6b-d516-4628-8228-0e70dcaf08f5,SE
01a02d9d-2e63-701a-b350-8d6958e5b969,49500100,avenida,Avenida Manoel Francisco Teles,Centro,8d820d6b-d516-4628-8228-0e70dcaf08f5,SE
01a02d9d-3624-7ba9-9200-a8bd7c4456c8,49503665,avenida,Avenida Manoel de Oliveira Santos,Anízio Amancio de Oliveira,8d820d6b-d516-4628-8228-0e70dcaf08f5,SE
01a02d9d-0745-7d7a-b4a1-6bf1fc4922f7,49072000,avenida,Avenida Maranhão,Dezoito do Forte,71df064f-d17f-4cf5-ad45-93ce4e8182a5,SE
01a02d9d-10fa-7b93-9610-a40e4417753d,49087420,avenida,Avenida Maranhão,Santos Dumont,71df064f-d17f-4cf5-ad45-93ce4e8182a5,SE
01a02d9c-fd62-703f-b9a0-d8542e7bee8b,49060400,avenida,Avenida Maranhão,Santo Antônio,71df064f-d17f-4cf5-ad45-93ce4e8182a5,SE
01a02d9d-26a0-761d-91dd-db59e61947f3,49005056,avenida,Avenida Mardem Oliveira Rocha,Zona de Expansão (Robalo),71df064f-d17f-4cf5-ad45-93ce4e8182a5,SE
01a02d9d-0d20-7d89-91a9-140bbb1df9fe,49081120,avenida,Avenida Marechal Cândido Mariano da Silva Rondon,Capucho,71df064f-d17f-4cf5-ad45-93ce4e8182a5,SE
01a02d9d-1cb8-74ef-96d8-70144b608cdf,49095790,avenida,Avenida Marechal Cândido Mariano da Silva Rondon,Jabotiana,71df064f-d17f-4cf5-ad45-93ce4e8182a5,SE
01a02d9d-269e-7c85-a494-06cfb7028f1e,49030358,avenida,Avenida Marginal II,Farolândia,71df064f-d17f-4cf5-ad45-93ce4e8182a5,SE
01a02d9d-209c-7757-afb9-404ca4e5320d,49100972,avenida,"Avenida Marginal, s/n",Centro,8cf3f8c0-3dcd-4b8c-9193-aab530c1ece0,SE
01a02d9d-209c-7757-afb8-88ba418366ad,49100971,avenida,"Avenida Marginal, s/n Conjunto E Gomes",Rosa Elze,8cf3f8c0-3dcd-4b8c-9193-aab530c1ece0,SE
01a02d9d-22a5-775a-9ff0-078a6ff855c6,49009222,avenida,Avenida Maria Anamira Amado Batista Neta,Zona de Expansão (Mosqueiro),71df064f-d17f-4cf5-ad45-93ce4e8182a5,SE
01a02d9d-0744-73ec-b48c-f1a08749713c,49070583,avenida,Avenida Maria Auxiliadora Mendonça Melo,Cidade Nova,71df064f-d17f-4cf5-ad45-93ce4e8182a5,SE
01a02d9c-ff49-7816-bf63-873266a3fa25,49063031,avenida,Avenida Maria Auxiliadora Mendonça Melo,Japãozinho,71df064f-d17f-4cf5-ad45-93ce4e8182a5,SE
01a02d9d-4124-7191-8394-c26116636d3b,49510470,avenida,Avenida Maria Carreira,Riacho Doce,8d820d6b-d516-4628-8228-0e70dcaf08f5,SE
01a02d9d-1ac0-7fdd-b3ae-d927fe5c3a3a,49092450,avenida,Avenida Maria Fonseca de Moraes,Olaria,71df064f-d17f-4cf5-ad45-93ce4e8182a5,SE
01a02d9d-3625-7baa-b011-9adefe812071,49503720,avenida,Avenida Maria José Santos,Anízio Amancio de Oliveira,8d820d6b-d516-4628-8228-0e70dcaf08f5,SE
01a02d9d-385f-7de5-a0ac-2ceb494622a1,49504241,avenida,Avenida Maria José Santos,Marianga,8d820d6b-d516-4628-8228-0e70dcaf08f5,SE
01a02d9d-3625-7baa-b014-b10311660402,49503900,avenida,Avenida Maria José Santos 85,Anízio Amancio de Oliveira,8d820d6b-d516-4628-8228-0e70dcaf08f5,SE
01a02d9c-d61a-75a6-bc22-be13ca742073,49008027,avenida,Avenida Maria Lima Barreto,Zona de Expansão (Mosqueiro),71df064f-d17f-4cf5-ad45-93ce4e8182a5,SE
01a02d9c-e003-79b0-9dcb-17649553aeee,49030210,avenida,Avenida Maria Pastora,Farolândia,71df064f-d17f-4cf5-ad45-93ce4e8182a5,SE
01a02d9d-4124-7a39-8399-d77ecf512d36,49510540,avenida,Avenida Maria das Graças Amorim,Riacho Doce,8d820d6b-d516-4628-8228-0e70dcaf08f5,SE
01a02d9c-ddf6-7cf2-a35f-319dac6adf6d,49027190,avenida,Avenida Marieta Leite,Grageru,71df064f-d17f-4cf5-ad45-93ce4e8182a5,SE
01a02d9c-e3fe-7765-af75-5bd0e8e858d5,49035100,avenida,Avenida Mario Jorge Menezes Vieira,Coroa do Meio,71df064f-d17f-4cf5-ad45-93ce4e8182a5,SE
01a02d9d-18d6-7818-a95a-67294028cad0,49091040,avenida,Avenida Matadouro,Jardim Centenário,71df064f-d17f-4cf5-ad45-93ce4e8182a5,SE
01a02d9c-d61b-75e8-9a6b-c976882e49c2,49008250,avenida,Avenida Matapoã,Zona de Expansão (Mosqueiro),71df064f-d17f-4cf5-ad45-93ce4e8182a5,SE
01a02d9d-3623-717c-a0ff-c1df490dd0d8,49503516,avenida,Avenida Maurício Andrade,Anízio Amancio de Oliveira,8d820d6b-d516-4628-8228-0e70dcaf08f5,SE
01a02d9d-305a-7e56-8f04-20c105b65430,49500478,avenida,Avenida Maurício Andrade,São Cristóvão,8d820d6b-d516-4628-8228-0e70dcaf08f5,SE
01a02d9c-e7d4-7de6-8110-179eedf30927,49037445,avenida,Avenida Melício Machado,Atalaia,71df064f-d17f-4cf5-ad45-93ce4e8182a5,SE
01a02d9c-e9cd-7495-8d30-d2403e411000,49038443,avenida,Avenida Melício Machado,Aeroporto,71df064f-d17f-4cf5-ad45-93ce4e8182a5,SE
01a02d9c-e7d7-700e-a267-65dd456efcbc,49037973,avenida,Avenida Melício Machado 1061,Atalaia,71df064f-d17f-4cf5-ad45-93ce4e8182a5,SE
01a02d9d-0933-741f-97c1-785d7e5d0ae9,49072470,avenida,Avenida Minas Gerais,Dezoito do Forte,71df064f-d17f-4cf5-ad45-93ce4e8182a5,SE
01a02d9c-ddf5-7b85-b40e-841f648d2068,49026010,avenida,Avenida Ministro Geraldo Barreto Sobral,Jardins,71df064f-d17f-4cf5-ad45-93ce4e8182a5,SE
01a02d9c-ddf7-7587-abe9-3939202d7c57,49027255,avenida,Avenida Ministro Geraldo Barreto Sobral,Grageru,71df064f-d17f-4cf5-ad45-93ce4e8182a5,SE
01a02d9c-ddf6-745c-a34c-85ec6c080946,49026900,avenida,Avenida Ministro Geraldo Barreto Sobral 215,Jardins,71df064f-d17f-4cf5-ad45-93ce4e8182a5,SE
01a02d9c-e7d4-7de6-8111-e341ff3dcf70,49037450,avenida,Avenida Monteiro Lobato,Atalaia,71df064f-d17f-4cf5-ad45-93ce4e8182a5,SE
01a02d9c-d429-7038-aaec-d246ec9e622b,49004766,avenida,Avenida Morada do Rio,Zona de Expansão (Robalo),71df064f-d17f-4cf5-ad45-93ce4e8182a5,SE
01a02d9c-e3fd-7eb0-b639-d35a43d8326c,49032490,avenida,Avenida Murilo Dantas,Farolândia,71df064f-d17f-4cf5-ad45-93ce4e8182a5,SE
01a02d9c-e3fd-7eb0-b63b-3e564037747f,49032971,avenida,Avenida Murilo Dantas 300,Farolândia,71df064f-d17f-4cf5-ad45-93ce4e8182a5,SE
01a02d9c-e5ef-78fb-b254-28e9b1f775d7,49035660,avenida,Avenida Mário Jorge Menezes Vieira,Atalaia,71df064f-d17f-4cf5-ad45-93ce4e8182a5,SE
01a02d9d-343b-7f7d-a38b-34a2ac0d40ba,49503396,avenida,Avenida Nivalda Lima Figueiredo,Anízio Amancio de Oliveira,8d820d6b-d516-4628-8228-0e70dcaf08f5,SE
01a02d9d-2c77-769a-94e3-ca21929e71fd,49500022,avenida,Avenida Nivalda Lima Figueiredo,Centro,8d820d6b-d516-4628-8228-0e70dcaf08f5,SE
01a02d9c-fd62-7a30-b9ab-004c2d5deaec,49060490,avenida,Avenida Novo Paraíso,Santo Antônio,71df064f-d17f-4cf5-ad45-93ce4e8182a5,SE
01a02d9d-0350-72ce-9f44-570fcf670a6b,49065610,avenida,Avenida Novo Paraíso,Industrial,71df064f-d17f-4cf5-ad45-93ce4e8182a5,SE
01a02d9c-e3fd-7eb0-b63c-8c3db9c4eda3,49035005,avenida,Avenida Oceânica,Atalaia,71df064f-d17f-4cf5-ad45-93ce4e8182a5,SE
01a02d9c-e5ef-78fb-b253-fb915a5879fe,49035655,avenida,Avenida Oceânica,Coroa do Meio,71df064f-d17f-4cf5-ad45-93ce4e8182a5,SE
01a02d9c-d429-7038-aaff-010e714f9fa8,49005089,avenida,Avenida Osvaldo Carvalho,Zona de Expansão (Robalo),71df064f-d17f-4cf5-ad45-93ce4e8182a5,SE
01a02d9c-d813-7423-996e-497393abe948,49010010,avenida,Avenida Otoniel Dórea,Centro,71df064f-d17f-4cf5-ad45-93ce4e8182a5,SE
01a02d9d-2e63-78f6-b35e-ab605af03472,49500142,avenida,Avenida Otoniel Dórea,Centro,8d820d6b-d516-4628-8228-0e70dcaf08f5,SE
01a02d9d-2e63-78f6-b35d-58fc719acde3,49500139,avenida,Avenida Otoniel Dórea,Centro,8d820d6b-d516-4628-8228-0e70dcaf08f5,SE
01a02d9c-ddf6-745c-a338-52a86dbbb2fa,49026100,avenida,Avenida Oviêdo Teixeira,Jardins,71df064f-d17f-4cf5-ad45-93ce4e8182a5,SE
01a02d9d-305b-76f3-b873-059c6b8c66da,49500543,avenida,Avenida Padre Airton Gonçalves Lima,São Cristóvão,8d820d6b-d516-4628-8228-0e70dcaf08f5,SE
01a02d9d-3624-7ba9-9208-d0a8e16af14a,49503689,avenida,Avenida Padre Francisco da Silva Lobo,Anízio Amancio de Oliveira,8d820d6b-d516-4628-8228-0e70dcaf08f5,SE
01a02d9c-ebbe-7ce3-85fb-40179f62952d,49041013,avenida,Avenida Pantanal,Inácio Barbosa,71df064f-d17f-4cf5-ad45-93ce4e8182a5,SE
01a02d9c-ddf5-72f5-b3f9-d141558f9800,49025540,avenida,Avenida Pascoal Maynard,Grageru,71df064f-d17f-4cf5-ad45-93ce4e8182a5,SE
01a02d9d-0f11-7409-b3a7-d41c7171c526,49087030,avenida,Avenida Pastor Jonas Teles da Silva,Santos Dumont,71df064f-d17f-4cf5-ad45-93ce4e8182a5,SE
01a02d9d-12ef-73e4-bc6b-eee9fbadc54b,49088010,avenida,Avenida Paulo Figueredo Barreto,Lamarão,71df064f-d17f-4cf5-ad45-93ce4e8182a5,SE
01a02d9c-e3fd-7eb0-b63a-771acbd97760,49032500,avenida,Avenida Paulo Silva,Farolândia,71df064f-d17f-4cf5-ad45-93ce4e8182a5,SE
01a02d9c-e9ce-7ec2-8c07-386c81a7900f,49040460,avenida,Avenida Paulo VI,Inácio Barbosa,71df064f-d17f-4cf5-ad45-93ce4e8182a5,SE
01a02d9c-da15-7399-adcb-63da7f473d87,49010490,avenida,Avenida Pedro Calazans,Centro,71df064f-d17f-4cf5-ad45-93ce4e8182a5,SE
01a02d9d-28ab-7e96-a406-34eee88cfad2,49055233,avenida,Avenida Pedro Calazans,Cirurgia,71df064f-d17f-4cf5-ad45-93ce4e8182a5,SE
01a02d9c-fd5e-7442-b14b-b23ab403f5e6,49055520,avenida,Avenida Pedro Calazans,Getúlio Vargas,71df064f-d17f-4cf5-ad45-93ce4e8182a5,SE
01a02d9c-fd60-7f18-adff-ba0d37ddbc58,49060210,avenida,Avenida Pedro Calazans,Santo Antônio,71df064f-d17f-4cf5-ad45-93ce4e8182a5,SE
01a02d9c-dc0a-7b31-a97e-7a28f71fa544,49020450,avenida,Avenida Pedro Paes Azevedo,Salgado Filho,71df064f-d17f-4cf5-ad45-93ce4e8182a5,SE
01a02d9c-ddf5-72f5-b3fb-d681e14eb2e0,49025570,avenida,Avenida Pedro Paes Azevedo,Grageru,71df064f-d17f-4cf5-ad45-93ce4e8182a5,SE
01a02d9d-3aa9-75a7-a064-c7f0bd05b2a4,49506054,avenida,Avenida Pedro Teles Barbosa,Rotary Club de Itabaiana,8d820d6b-d516-4628-8228-0e70dcaf08f5,SE
01a02d9d-3cbd-7c5a-bacd-40aa8e21bffb,49507094,avenida,Avenida Pedro Teles Barbosa,Doutor José Milton Machado,8d820d6b-d516-4628-8228-0e70dcaf08f5,SE
01a02d9d-3cbd-7c5a-bacc-49b0c3321015,49507091,avenida,Avenida Pedro Teles Barbosa,Doutor José Milton Machado,8d820d6b-d516-4628-8228-0e70dcaf08f5,SE
01a02d9d-4124-7191-8391-5de16387be8a,49510350,avenida,Avenida Pedro Teles Barbosa,Riacho Doce,8d820d6b-d516-4628-8228-0e70dcaf08f5,SE
01a02d9d-431f-7222-ae1d-6e32d916ad4f,49511000,avenida,Avenida Pedro Teles Barbosa,Queimadas,8d820d6b-d516-4628-8228-0e70dcaf08f5,SE
01a02d9d-4321-7221-ad1e-ca159c24f0d6,49511730,avenida,Avenida Pedro de Romão,Queimadas,8d820d6b-d516-4628-8228-0e70dcaf08f5,SE
01a02d9d-209e-776f-b19c-5edff9484e7e,49670970,avenida,Avenida Petronilio Menezes de Cotia 5,Tancredo Neves,6ccf1fdb-34bf-4cac-b9c9-8e0378cb27e8,SE
01a02d9c-d813-7423-9941-f27af953da8e,49008707,avenida,Avenida Poeta Mário de Araújo Cabral,Zona de Expansão (Mosqueiro),71df064f-d17f-4cf5-ad45-93ce4e8182a5,SE
01a02d9c-e7d5-767a-9087-aec688a6f73f,49037490,avenida,Avenida Poeta Vinícius de Morais,Atalaia,71df064f-d17f-4cf5-ad45-93ce4e8182a5,SE
01a02d9d-16ee-760e-8e3a-629f1dd9134d,49090000,avenida,Avenida Poço do Mero,Bugio,71df064f-d17f-4cf5-ad45-93ce4e8182a5,SE
01a02d9c-cbc7-7bd3-9689-8defea378026,49000602,avenida,Avenida Praia de Aruanda,Aruana,71df064f-d17f-4cf5-ad45-93ce4e8182a5,SE
01a02d9d-3aa8-7d39-8ef7-a94834894d01,49506033,avenida,Avenida Prefeito Jason Correia,Rotary Club de Itabaiana,8d820d6b-d516-4628-8228-0e70dcaf08f5,SE
01a02d9c-e3fd-7623-b636-d85399343dd4,49032480,avenida,Avenida Presbítero Antônio Rodrigues Pereira,Farolândia,71df064f-d17f-4cf5-ad45-93ce4e8182a5,SE
01a02d9d-269e-7c85-a498-a251023785c4,49040690,avenida,Avenida Presidente João Goulart,Inácio Barbosa,71df064f-d17f-4cf5-ad45-93ce4e8182a5,SE
01a02d9c-ddf5-7b85-b3fe-7a89f289d5fb,49025620,avenida,Avenida Presidente Tancredo Neves,Jardins,71df064f-d17f-4cf5-ad45-93ce4e8182a5,SE
01a02d9d-0d1f-7c95-9118-06813f98a9da,49080470,avenida,Avenida Presidente Tancredo Neves,América,71df064f-d17f-4cf5-ad45-93ce4e8182a5,SE
01a02d9d-0d20-7d89-919f-9cdb9576d00c,49081060,avenida,Avenida Presidente Tancredo Neves,Capucho,71df064f-d17f-4cf5-ad45-93ce4e8182a5,SE
01a02d9d-0d20-7d89-91ab-81ca12814cad,49082005,avenida,Avenida Presidente Tancredo Neves,Novo Paraíso,71df064f-d17f-4cf5-ad45-93ce4e8182a5,SE
01a02d9d-1ea5-788f-9d8c-7347520d63bb,49097510,avenida,Avenida Presidente Tancredo Neves,Ponto Novo,71df064f-d17f-4cf5-ad45-93ce4e8182a5,SE
01a02d9d-1ac2-70e0-a663-081653b8a18c,49095000,avenida,Avenida Presidente Tancredo Neves,Jabotiana,71df064f-d17f-4cf5-ad45-93ce4e8182a5,SE
01a02d9c-e9ce-7ec2-8c0a-1579083bb594,49040490,avenida,Avenida Presidente Tancredo Neves,Inácio Barbosa,71df064f-d17f-4cf5-ad45-93ce4e8182a5,SE
01a02d9c-e9ce-7ec2-8c0b-8db0322300d4,49040500,avenida,Avenida Presidente Tancredo Neves,Inácio Barbosa,71df064f-d17f-4cf5-ad45-93ce4e8182a5,SE
01a02d9c-f94a-7a38-9925-5fb5642368cc,49048530,avenida,Avenida Presidente Tancredo Neves,Luzia,71df064f-d17f-4cf5-ad45-93ce4e8182a5,SE
01a02d9d-2c74-7baa-9a64-f31eda734c9d,49081900,avenida,Avenida Presidente Tancredo Neves 151,Capucho,71df064f-d17f-4cf5-ad45-93ce4e8182a5,SE
01a02d9d-1ac2-70e0-a662-cc2df44c9ad1,49094970,avenida,"Avenida Presidente Tancredo Neves, s/n",Jabotiana,71df064f-d17f-4cf5-ad45-93ce4e8182a5,SE
01a02d9d-2c74-7baa-9a65-882801dc519e,49081901,avenida,"Avenida Presidente Tancredo Neves, s/n",Capucho,71df064f-d17f-4cf5-ad45-93ce4e8182a5,SE
01a02d9d-209d-7771-ba86-5d410d11f8c2,49160973,avenida,Avenida Principal 982,Piabeta,11ae317c-9ff1-4755-802b-73f78055710c,SE
01a02d9d-209c-7757-afbc-da401f221e32,49120972,avenida,"Avenida Principal, s/n",Centro,52f0881a-df3c-40ab-b948-99873eeec51d,SE
01a02d9d-209d-7771-baa4-738cdc81e2ad,49400972,avenida,"Avenida Principal, s/n",Centro,55d6f5eb-4cb3-4537-a8eb-8ae03a4b1e9b,SE
01a02d9c-dc0a-7b31-a962-179b8e66d1f3,49020210,avenida,Avenida Professor Acrísio Cruz,Salgado Filho,71df064f-d17f-4cf5-ad45-93ce4e8182a5,SE
01a02d9c-dc0b-7b5e-82be-aa2345b1c99c,49020625,avenida,Avenida Professor Acrísio Cruz,Treze de Julho,71df064f-d17f-4cf5-ad45-93ce4e8182a5,SE
01a02d9c-dc0b-7b5e-82bf-6deaf5f5386b,49020630,avenida,Avenida Professor Acrísio Cruz,Treze de Julho,71df064f-d17f-4cf5-ad45-93ce4e8182a5,SE
01a02d9d-0d20-7d89-91a1-ff3040fbafed,49081090,avenida,Avenida Professor José Bonifácio Fortes Neto,Capucho,71df064f-d17f-4cf5-ad45-93ce4e8182a5,SE
01a02d9d-0d1f-7c95-9119-6902317d388d,49080480,avenida,Avenida Professor José Olino de Lima Neto,América,71df064f-d17f-4cf5-ad45-93ce4e8182a5,SE
01a02d9c-e7d5-767a-908d-bdbd5810d415,49037520,avenida,Avenida Professora Virgínia Cardoso Souza,Aeroporto,71df064f-d17f-4cf5-ad45-93ce4e8182a5,SE
01a02d9d-1cb7-7c6f-bed4-4a0f9243db9e,49095595,avenida,Avenida Real,Jabotiana,71df064f-d17f-4cf5-ad45-93ce4e8182a5,SE
01a02d9d-0350-7bb7-9f46-a3fa94b5253f,49065640,avenida,Avenida Reis Lima,Industrial,71df064f-d17f-4cf5-ad45-93ce4e8182a5,SE
01a02d9d-28a9-732b-a5fe-604d864fe086,49008737,avenida,Avenida Reverendo Jonan Joaquim da Cruz,Zona de Expansão (Mosqueiro),71df064f-d17f-4cf5-ad45-93ce4e8182a5,SE
01a02d9d-343a-7f6e-ade2-e493808df214,49503315,avenida,Avenida Rinaldo Mota Santos,Anízio Amancio de Oliveira,8d820d6b-d516-4628-8228-0e70dcaf08f5,SE
01a02d9d-3623-7b7e-a11c-69bfc0b15b5b,49503607,avenida,Avenida Rinaldo Mota Santos,Anízio Amancio de Oliveira,8d820d6b-d516-4628-8228-0e70dcaf08f5,SE
01a02d9d-3625-7baa-b016-50c8a9484016,49504000,avenida,Avenida Rinaldo Mota Santos,Marianga,8d820d6b-d516-4628-8228-0e70dcaf08f5,SE
01a02d9d-385f-753d-a0a9-d31a1a3caddd,49504232,avenida,Avenida Rinaldo Mota Santos,Marianga,8d820d6b-d516-4628-8228-0e70dcaf08f5,SE
01a02d9c-d813-7423-9970-979a17883ac7,49010030,avenida,Avenida Rio Branco,Centro,71df064f-d17f-4cf5-ad45-93ce4e8182a5,SE
01a02d9c-da16-7cc8-b918-9e162e9ee814,49010910,avenida,Avenida Rio Branco 186,Centro,71df064f-d17f-4cf5-ad45-93ce4e8182a5,SE
01a02d9d-1cb7-7c6f-bece-e11e3aae02b9,49095545,avenida,Avenida Rio Poxim,Jabotiana,71df064f-d17f-4cf5-ad45-93ce4e8182a5,SE
01a02d9c-e5ef-78fb-b259-be8bbd1e4ae3,49035720,avenida,Avenida Roberto da Costa Barros,Coroa do Meio,71df064f-d17f-4cf5-ad45-93ce4e8182a5,SE
01a02d9d-385f-753d-a0aa-5c1fb4ec63cf,49504235,avenida,Avenida Rosalvo Alexandre de Lima,Marianga,8d820d6b-d516-4628-8228-0e70dcaf08f5,SE
01a02d9c-e7d5-767a-9096-7049fa42fd77,49037550,avenida,Avenida Rotary,Atalaia,71df064f-d17f-4cf5-ad45-93ce4e8182a5,SE
01a02d9c-cddd-7fa1-a69c-a675a34643b2,49001084,avenida,Avenida Rubens Sabino Ribeiro Chaves,Aruana,71df064f-d17f-4cf5-ad45-93ce4e8182a5,SE
01a02d9d-0f11-7409-b39a-e6213e32bd4d,49085490,avenida,Avenida Salatiel Santana,José Conrado de Araújo,71df064f-d17f-4cf5-ad45-93ce4e8182a5,SE
01a02d9d-0743-7b6e-9fa4-2fb39e972292,49070330,avenida,Avenida Sanatório,Cidade Nova,71df064f-d17f-4cf5-ad45-93ce4e8182a5,SE
01a02d9d-0f10-73f0-ba7d-781fce1483d9,49085340,avenida,Avenida Santa Gleide,José Conrado de Araújo,71df064f-d17f-4cf5-ad45-93ce4e8182a5,SE
01a02d9d-269f-751d-846b-d9589211367d,49092125,avenida,Avenida Santa Gleide,Olaria,71df064f-d17f-4cf5-ad45-93ce4e8182a5,SE
01a02d9c-e5f0-7178-924d-a3fa50bcea63,49035785,avenida,Avenida Santos Dumont,Coroa do Meio,71df064f-d17f-4cf5-ad45-93ce4e8182a5,SE
01a02d9c-e7d5-767a-9086-6851fe9ee0d2,49037475,avenida,Avenida Santos Dumont,Atalaia,71df064f-d17f-4cf5-ad45-93ce4e8182a5,SE
01a02d9c-ddf5-7b85-b40d-a114fa187711,49025850,avenida,Avenida Santos Santana,Jardins,71df064f-d17f-4cf5-ad45-93ce4e8182a5,SE
01a02d9d-385f-753d-a0a0-d2aa0949de21,49504160,avenida,Avenida Saturnina de Oliveira,Marianga,8d820d6b-d516-4628-8228-0e70dcaf08f5,SE
01a02d9c-e7d5-7f0d-909a-de8fd9278555,49037580,avenida,Avenida Senador Júlio Leite,Aeroporto,71df064f-d17f-4cf5-ad45-93ce4e8182a5,SE
01a02d9c-e7d7-700e-a265-86820793e184,49037971,avenida,"Avenida Senador Júlio Leite, s/n",Aeroporto,71df064f-d17f-4cf5-ad45-93ce4e8182a5,SE
01a02d9d-12ed-79b9-86f3-11f2cbeedb98,49087610,avenida,Avenida Serafim Bonfim,Santos Dumont,71df064f-d17f-4cf5-ad45-93ce4e8182a5,SE
01a02d9d-14f6-71e6-bb25-10bb9a49ac15,49089203,avenida,Avenida Silva,Soledade,71df064f-d17f-4cf5-ad45-93ce4e8182a5,SE
01a02d9d-3aa8-7d39-8ef1-f5e90e418774,49506015,avenida,Avenida Silvio Teixeira,Rotary Club de Itabaiana,8d820d6b-d516-4628-8228-0e70dcaf08f5,SE
01a02d9d-3aa9-75a7-a06c-3a1e73510974,49506105,avenida,Avenida Silvio Teixeira,Rotary Club de Itabaiana,8d820d6b-d516-4628-8228-0e70dcaf08f5,SE
01a02d9c-e9cc-7bdb-bc72-96b8df0d3947,49038260,avenida,Avenida Silvério Leite Fontes,Aeroporto,71df064f-d17f-4cf5-ad45-93ce4e8182a5,SE
01a02d9c-cbc5-7126-9d4c-edcce0f6a244,49000001,avenida,Avenida Silvério Leite Fontes,Aruana,71df064f-d17f-4cf5-ad45-93ce4e8182a5,SE
01a02d9d-0350-7bb7-9f53-19cd41513c94,49065770,avenida,Avenida Simeão Sobral,Industrial,71df064f-d17f-4cf5-ad45-93ce4e8182a5,SE
01a02d9d-0933-7cce-97e9-cf2105449982,49072720,avenida,Avenida Simeão Sobral,Dezoito do Forte,71df064f-d17f-4cf5-ad45-93ce4e8182a5,SE
01a02d9c-ff47-7e30-987e-ac9f6e71fdbc,49060640,avenida,Avenida Simeão Sobral,Santo Antônio,71df064f-d17f-4cf5-ad45-93ce4e8182a5,SE
01a02d9d-0350-7bb7-9f4a-63a9e75d03cc,49065680,avenida,Avenida São Carlos,Industrial,71df064f-d17f-4cf5-ad45-93ce4e8182a5,SE
01a02d9c-ebc0-76b0-bb44-055b3c0e7083,49042143,avenida,Avenida São Cristovão,São Conrado,71df064f-d17f-4cf5-ad45-93ce4e8182a5,SE
01a02d9c-ff49-7816-bf64-b0bdd70f8246,49063034,avenida,Avenida São João,Japãozinho,71df064f-d17f-4cf5-ad45-93ce4e8182a5,SE
01a02d9d-1ea4-775d-87fb-b49e0dbf6387,49097000,avenida,Avenida São João Batista,Ponto Novo,71df064f-d17f-4cf5-ad45-93ce4e8182a5,SE
01a02d9d-0932-7bae-b0f7-34f9416ba4e2,49072310,avenida,Avenida São Paulo,Dezoito do Forte,71df064f-d17f-4cf5-ad45-93ce4e8182a5,SE
01a02d9d-0933-7cce-97de-93adcdc6c55e,49072660,avenida,Avenida São Paulo,Dezoito do Forte,71df064f-d17f-4cf5-ad45-93ce4e8182a5,SE
01a02d9d-0b2b-7174-a4ff-5031292444d1,49075530,avenida,Avenida São Paulo,Siqueira Campos,71df064f-d17f-4cf5-ad45-93ce4e8182a5,SE
01a02d9d-0f10-73f0-ba81-f223dce26c9c,49085380,avenida,Avenida São Paulo,José Conrado de Araújo,71df064f-d17f-4cf5-ad45-93ce4e8182a5,SE
01a02d9d-28ab-7e96-a407-b0e3ee06b336,49055285,avenida,Avenida São Paulo,Getúlio Vargas,71df064f-d17f-4cf5-ad45-93ce4e8182a5,SE
01a02d9d-2c75-7446-a5ee-4c57a6807491,49087413,avenida,Avenida São Paulo,Santos Dumont,71df064f-d17f-4cf5-ad45-93ce4e8182a5,SE
01a02d9d-0350-7bb7-9f54-92f05ed1ade1,49065780,avenida,Avenida Tancredo Campos,Industrial,71df064f-d17f-4cf5-ad45-93ce4e8182a5,SE
01a02d9d-0f0f-72d2-b25a-d18cea052953,49082600,avenida,Avenida Tiradentes,Novo Paraíso,71df064f-d17f-4cf5-ad45-93ce4e8182a5,SE
01a02d9c-ef93-708a-91b0-ed24be7da2eb,49043400,avenida,Avenida Tiradentes,Santa Maria,71df064f-d17f-4cf5-ad45-93ce4e8182a5,SE
01a02d9d-209e-776f-b18f-9c371d250d74,49540971,avenida,"Avenida Tiradentes, s/n",Centro,2f67dd2e-f26f-4478-81e6-5235a446dfb5,SE
01a02d9d-3438-7f59-9a78-51a0229dc905,49503015,avenida,Avenida Treze de Junho,Serrano,8d820d6b-d516-4628-8228-0e70dcaf08f5,SE
01a02d9c-f19b-762b-a1d4-b6c67d96b215,49044000,avenida,Avenida Valter Barreto,Santa Maria,71df064f-d17f-4cf5-ad45-93ce4e8182a5,SE
01a02d9c-f38f-725d-b3fb-f40358a0bc30,49044240,avenida,Avenida Vasco da Gama,Santa Maria,71df064f-d17f-4cf5-ad45-93ce4e8182a5,SE
01a02d9c-e1fe-7b93-b670-978891d9f092,49031260,avenida,Avenida Vereador Manoel Dória,Farolândia,71df064f-d17f-4cf5-ad45-93ce4e8182a5,SE
01a02d9d-3aa8-7d39-8ef8-513557c48e6a,49506036,avenida,Avenida Vereador Olimpio Grande,Rotary Club de Itabaiana,8d820d6b-d516-4628-8228-0e70dcaf08f5,SE
01a02d9d-4124-7191-8390-5014f2f6be39,49510200,avenida,Avenida Vereador Olimpio Grande,Porto,8d820d6b-d516-4628-8228-0e70dcaf08f5,SE
01a02d9d-209c-7757-afbe-a637869111b4,49140970,avenida,Avenida Via Oceânica 835,Centro,e77cb83b-de9d-41cd-a51a-85bd2af78622,SE
01a02d9d-22a8-7781-a740-8e2a3f2eec1b,49043658,avenida,Avenida Vinte e Cinco,Santa Maria,71df064f-d17f-4cf5-ad45-93ce4e8182a5,SE
01a02d9d-4120-7d78-9948-631262671711,49509284,avenida,Avenida Virgilio Lourenço dos Reis,Mamede Paes Mendonça,8d820d6b-d516-4628-8228-0e70dcaf08f5,SE
01a02d9d-28ab-7e96-a402-021cc94ec270,49048095,avenida,Avenida Virgílio Figueiredo Tavares,Luzia,71df064f-d17f-4cf5-ad45-93ce4e8182a5,SE
01a02d9d-0551-7cb5-a2f8-b8e1990bd747,49070070,avenida,Avenida Visconde de Maracaju,Cidade Nova,71df064f-d17f-4cf5-ad45-93ce4e8182a5,SE
01a02d9d-0932-7bae-b0f5-e46924c58926,49072300,avenida,Avenida Visconde de Maracaju,Dezoito do Forte,71df064f-d17f-4cf5-ad45-93ce4e8182a5,SE
01a02d9d-0f11-7409-b3a6-c1eda550b044,49087020,avenida,Avenida Visconde de Maracaju,Santos Dumont,71df064f-d17f-4cf5-ad45-93ce4e8182a5,SE
01a02d9d-2a92-74f4-95f0-26f2e6289ad7,49071055,avenida,Avenida Visconde de Maracaju,Dom Luciano,71df064f-d17f-4cf5-ad45-93ce4e8182a5,SE
01a02d9c-fd61-77c5-a82b-d0d75eedafea,49060270,avenida,Avenida Visconde de Maracaju,Palestina,71df064f-d17f-4cf5-ad45-93ce4e8182a5,SE
01a02d9c-fd62-7a30-b9b1-6238715c4d56,49060530,avenida,Avenida Visconde de Maracaju,Santo Antônio,71df064f-d17f-4cf5-ad45-93ce4e8182a5,SE
01a02d9c-fd63-72e7-98bd-1a91792e0652,49060535,avenida,Avenida Visconde de Maracaju,Santo Antônio,71df064f-d17f-4cf5-ad45-93ce4e8182a5,SE
01a02d9d-3aa8-7d39-8ef2-05458772ff53,49506018,avenida,Avenida Walter Franco,Rotary Club de Itabaiana,8d820d6b-d516-4628-8228-0e70dcaf08f5,SE
01a02d9d-3aaa-7743-af9c-2143b464e6f3,49506219,avenida,Avenida Walter Franco,Rotary Club de Itabaiana,8d820d6b-d516-4628-8228-0e70dcaf08f5,SE
01a02d9c-cbc7-7342-9675-06222208abf5,49000480,avenida,Avenida Y,Aruana,71df064f-d17f-4cf5-ad45-93ce4e8182a5,SE
01a02d9c-d813-7423-996b-dfcc06fa0482,49009225,avenida,Avenida Y1,Zona de Expansão (Mosqueiro),71df064f-d17f-4cf5-ad45-93ce4e8182a5,SE
01a02d9d-4123-78e5-8e4f-d23ca4871f3a,49510145,avenida,Avenida Zefinha de Capitulino,Porto,8d820d6b-d516-4628-8228-0e70dcaf08f5,SE
01a02d9d-323c-76ae-9675-d7cdfccde7a7,49502088,avenida,Avenida Zé de Dona,Marcela,8d820d6b-d516-4628-8228-0e70dcaf08f5,SE
01a02d9c-ebbf-7575-9b00-d0347eb7d1b1,49041159,avenida,Avenida do Gari,Inácio Barbosa,71df064f-d17f-4cf5-ad45-93ce4e8182a5,SE
01a02d9c-fd5f-7dd9-bcf3-51721910631a,49060020,avenida,Avenida Álvaro Maciel,Palestina,71df064f-d17f-4cf5-ad45-93ce4e8182a5,SE
01a02d9c-e9ce-7602-8bfd-5163e3c044dd,49040350,avenida,Avenida Ângela Maria Santana Ribeiro,Inácio Barbosa,71df064f-d17f-4cf5-ad45-93ce4e8182a5,SE
01a02d9d-28ac-7818-a589-8b1fc1bff464,49067023,beco,Beco do Engenho Novo,Porto D'Antas,71df064f-d17f-4cf5-ad45-93ce4e8182a5,SE
01a02d9d-323c-76ae-9667-73cde5ca4f06,49502040,calçadão,Calçadão Antônio Pereira de Carvalho,Marcela,8d820d6b-d516-4628-8228-0e70dcaf08f5,SE
01a02d9d-4121-7623-921c-f95c57a03dc9,49509653,calçadão,Calçadão Antônio Pereira de Carvalho,Porto,8d820d6b-d516-4628-8228-0e70dcaf08f5,SE
01a02d9d-323c-76ae-9670-29a685f5d7f5,49502067,calçadão,Calçadão Marinete Tavares Feliciano,Marcela,8d820d6b-d516-4628-8228-0e70dcaf08f5,SE
01a02d9d-4121-7ecb-921e-199c21c19428,49509658,calçadão,Calçadão Marinete Tavares Feliciano,Porto,8d820d6b-d516-4628-8228-0e70dcaf08f5,SE
01a02d9d-2e64-71a7-945b-7230c4e283f7,49500211,calçadão,Calçadão Prefeito Luciano Bispo de Lima,Centro,8d820d6b-d516-4628-8228-0e70dcaf08f5,SE
01a02d9c-d206-7aa1-b38f-8bbf7cad23a0,49004213,estrada,Estrada Aguachuma,Zona de Expansão (Robalo),71df064f-d17f-4cf5-ad45-93ce4e8182a5,SE
01a02d9c-d208-74cf-bc1d-b35dda0a60e3,49004490,estrada,Estrada Curva do Rio,Zona de Expansão (Robalo),71df064f-d17f-4cf5-ad45-93ce4e8182a5,SE
01a02d9c-d207-733a-80af-74fd229a81bc,49004222,estrada,Estrada Ouro Verde,Zona de Expansão (Robalo),71df064f-d17f-4cf5-ad45-93ce4e8182a5,SE
01a02d9d-0743-72e7-9fa2-c2aedb3476cc,49070310,estrada,Estrada Palestina,Cidade Nova,71df064f-d17f-4cf5-ad45-93ce4e8182a5,SE
01a02d9d-209d-7771-baa7-4e354dc877df,49400975,estrada,"Estrada Principal, s/n",Centro,55d6f5eb-4cb3-4537-a8eb-8ae03a4b1e9b,SE
01a02d9c-d61b-75e8-9a78-8bdb28f77476,49008324,estrada,Estrada Real,Zona de Expansão (Mosqueiro),71df064f-d17f-4cf5-ad45-93ce4e8182a5,SE
01a02d9c-d207-733a-80bb-68b28a811dfc,49004403,estrada,Estrada Santo Ângelo,Zona de Expansão (Robalo),71df064f-d17f-4cf5-ad45-93ce4e8182a5,SE
01a02d9c-d619-7cb4-ac25-6f4c12745a0c,49007388,estrada,Estrada Sonho Meu,Zona de Expansão (Areia Branca),71df064f-d17f-4cf5-ad45-93ce4e8182a5,SE
01a02d9c-f19b-762b-a1d6-87ad8c3bfb1c,49044060,estrada,Estrada Terra Dura,Santa Maria,71df064f-d17f-4cf5-ad45-93ce4e8182a5,SE
01a02d9c-d207-733a-80b2-918c4f04eac4,49004261,estrada,Estrada Três Porquinhos,Zona de Expansão (Robalo),71df064f-d17f-4cf5-ad45-93ce4e8182a5,SE
01a02d9d-1cb8-7dd1-96e4-0283652d40e6,49096020,estrada,Estrada da Cabrita,Jabotiana,71df064f-d17f-4cf5-ad45-93ce4e8182a5,SE
01a02d9d-0d20-7d89-91a0-821c0541e0a2,49081083,estrada,Estrada da Endagro,Capucho,71df064f-d17f-4cf5-ad45-93ce4e8182a5,SE
01a02d9d-2c76-7566-8370-d554a1a2ad9f,49095823,estrada,Estrada da Jabotiana,Jabotiana,71df064f-d17f-4cf5-ad45-93ce4e8182a5,SE
01a02d9c-f753-7d73-94f1-a53499713aff,49045700,estrada,Estrada da Luzia,Luzia,71df064f-d17f-4cf5-ad45-93ce4e8182a5,SE
01a02d9d-24a3-7e28-88bf-7545e8deee96,49096295,estrada,Estrada do Aloc,Jabotiana,71df064f-d17f-4cf5-ad45-93ce4e8182a5,SE
01a02d9c-ff47-7e30-987c-f6b8aafe9e5e,49060620,ladeira,Ladeira Sargento Florêncio,Santo Antônio,71df064f-d17f-4cf5-ad45-93ce4e8182a5,SE
01a02d9c-da16-7460-b909-858b609f5c0e,49010690,largo,Largo Antônio Franco,Centro,71df064f-d17f-4cf5-ad45-93ce4e8182a5,SE
01a02d9c-e400-71e8-a272-c2f0f16a5168,49035615,largo,Largo Eleonor Roosevelt,Coroa do Meio,71df064f-d17f-4cf5-ad45-93ce4e8182a5,SE
01a02d9d-28a9-732b-a606-40f39aa0615a,49010193,largo,Largo Esperanto,Centro,71df064f-d17f-4cf5-ad45-93ce4e8182a5,SE
01a02d9c-fd62-703f-b9a4-f8f20a7a590f,49060443,largo,Largo Garcia Rosa,Santo Antônio,71df064f-d17f-4cf5-ad45-93ce4e8182a5,SE
01a02d9d-269e-73ce-a491-607397ad02b1,49010035,largo,Largo Jackson de Figueiredo,Centro,71df064f-d17f-4cf5-ad45-93ce4e8182a5,SE
01a02d9d-2e63-78f6-b369-054ef8d3470c,49500175,largo,Largo Joaquim da Fonseca,Centro,8d820d6b-d516-4628-8228-0e70dcaf08f5,SE
01a02d9c-e200-75c4-9b6c-b85094be8ee2,49032080,largo,Largo José Augusto Rocha Lima,Farolândia,71df064f-d17f-4cf5-ad45-93ce4e8182a5,SE
01a02d9d-2e63-78f6-b358-81b342df1878,49500124,largo,Largo José do Prado Franco,Centro,8d820d6b-d516-4628-8228-0e70dcaf08f5,SE
01a02d9d-209e-776f-b196-4455d84afbd2,49580970,largo,"Largo Manoel do Prado Franco, s/n",Centro,521e6eea-e84e-4e18-97c6-31d4d99014bb,SE
01a02d9d-2e64-71a7-9456-3644c78f68ab,49500196,largo,Largo Santo Antonio,Centro,8d820d6b-d516-4628-8228-0e70dcaf08f5,SE
01a02d9d-3aa8-748e-8eee-1471c743d40e,49506006,largo,Largo Simão Dias Francês,Rotary Club de Itabaiana,8d820d6b-d516-4628-8228-0e70dcaf08f5,SE
01a02d9c-da15-7bf8-add4-8d00986cf65f,49010670,largo,Largo Thales Ferraz,Centro,71df064f-d17f-4cf5-ad45-93ce4e8182a5,SE
01a02d9d-28a9-732b-a607-df3d2d631b20,49010253,largo,Largo dos Previdenciários,Centro,71df064f-d17f-4cf5-ad45-93ce4e8182a5,SE
01a02d9d-22a4-7e4d-bb17-c3c6e36733c6,49970970,praça,Praça 31 de Março 235,Centro,9c309e92-d65c-49e0-85e3-c7f665828e95,SE
01a02d9c-fb6a-7bc1-986c-70d844969f23,49055010,praça,Praça Accioly Porto,Getúlio Vargas,71df064f-d17f-4cf5-ad45-93ce4e8182a5,SE
01a02d9c-e002-780d-9ae1-d5da16599851,49030010,praça,Praça Acrísio Garcez,Farolândia,71df064f-d17f-4cf5-ad45-93ce4e8182a5,SE
01a02d9d-1cb8-74ef-96d0-9087722d4b3a,49095740,praça,Praça Agrinaldo Campos Lira,Jabotiana,71df064f-d17f-4cf5-ad45-93ce4e8182a5,SE
01a02d9c-e5f0-79f6-9264-a55666bda16e,49037010,praça,Praça Alcebíades Paes,Atalaia,71df064f-d17f-4cf5-ad45-93ce4e8182a5,SE
01a02d9d-0143-7fcd-a5b7-054f5f044460,49065030,praça,Praça Almirante Amintas Jorge,Industrial,71df064f-d17f-4cf5-ad45-93ce4e8182a5,SE
01a02d9c-d813-7423-9973-5b9d259eb279,49010060,praça,Praça Almirante Barroso,Centro,71df064f-d17f-4cf5-ad45-93ce4e8182a5,SE
01a02d9c-da17-7531-940b-7fcf46258753,49015100,praça,Praça Almirante Tamandaré,São José,71df064f-d17f-4cf5-ad45-93ce4e8182a5,SE
01a02d9c-f94a-719e-991c-599c2dee9719,49048420,praça,Praça Anival Dantas,Luzia,71df064f-d17f-4cf5-ad45-93ce4e8182a5,SE
01a02d9d-2c76-7566-836f-c04959aafe90,49095818,praça,Praça Antonio Newton Menezes Porto,Jabotiana,71df064f-d17f-4cf5-ad45-93ce4e8182a5,SE
01a02d9d-1cb6-72f1-972d-82b97370d6aa,49095185,praça,Praça Antônio Teixeira,Jabotiana,71df064f-d17f-4cf5-ad45-93ce4e8182a5,SE
01a02d9c-e5f2-7389-98c3-28d38c6e7bc0,49037280,praça,Praça Armando Feitosa Franco,Atalaia,71df064f-d17f-4cf5-ad45-93ce4e8182a5,SE
01a02d9c-dc0a-7b31-a974-392f30c8df6a,49020360,praça,Praça Assis Chateaubriand,Salgado Filho,71df064f-d17f-4cf5-ad45-93ce4e8182a5,SE
01a02d9c-f755-771f-a996-82829223579d,49047350,praça,Praça Aída Bispo Sucupira,Ponto Novo,71df064f-d17f-4cf5-ad45-93ce4e8182a5,SE
01a02d9c-da17-7531-9407-939e7c0ea032,49015060,praça,Praça Camerino,São José,71df064f-d17f-4cf5-ad45-93ce4e8182a5,SE
01a02d9c-da14-728f-894a-778b4c510454,49010220,praça,Praça Camerino,Centro,71df064f-d17f-4cf5-ad45-93ce4e8182a5,SE
01a02d9c-da14-728f-894b-a303bd74bebe,49010240,praça,Praça Camerino,Centro,71df064f-d17f-4cf5-ad45-93ce4e8182a5,SE
01a02d9c-da14-728f-894d-21796ae1ac57,49010260,praça,Praça Camerino,Centro,71df064f-d17f-4cf5-ad45-93ce4e8182a5,SE
01a02d9c-f574-7bf3-a69e-3c7efdbe67e3,49045130,praça,Praça Carlos Hardman,Luzia,71df064f-d17f-4cf5-ad45-93ce4e8182a5,SE
01a02d9c-e3fe-7765-af78-95a54887f04e,49035150,praça,Praça Carvalho Neto,Atalaia,71df064f-d17f-4cf5-ad45-93ce4e8182a5,SE
01a02d9c-fb6b-7475-b2cb-a4cc2a01b9d6,49055190,praça,Praça Coronel Antero José de Almeida,Cirurgia,71df064f-d17f-4cf5-ad45-93ce4e8182a5,SE
01a02d9d-209e-776f-b1a6-0203e2d023e3,49750970,praça,Praça Coronel Ernesto Muniz Barreto 15,Centro,29457f56-ffb2-4458-9755-40bf98a9cd22,SE
01a02d9d-209e-776f-b19e-365cb1acd705,49690970,praça,Praça Deputado Passos Porto 260,Centro,a50aed8f-cd5b-4bae-8a73-583a1fc94a33,SE
01a02d9c-e003-79b0-9dcd-81afbc60c710,49030220,praça,Praça Deputado Pedro Barreto de Andrade,Farolândia,71df064f-d17f-4cf5-ad45-93ce4e8182a5,SE
01a02d9c-e1ff-7d24-b160-2e3c084d09b8,49031970,praça,Praça Deputado Pedro Barreto de Andrade 75-A,Farolândia,71df064f-d17f-4cf5-ad45-93ce4e8182a5,SE
01a02d9d-269e-7c85-a49b-5323a671c046,49052333,praça,Praça Desembargador Luiz Magalhães,Pereira Lobo,71df064f-d17f-4cf5-ad45-93ce4e8182a5,SE
01a02d9d-209d-7771-baa6-3fb230bb8fb3,49400974,praça,"Praça Do Mercado, s/n",Centro,55d6f5eb-4cb3-4537-a8eb-8ae03a4b1e9b,SE
01a02d9c-f38e-79e9-8629-e1ad3c9b081b,49044230,praça,Praça Dom Helder Câmara,Santa Maria,71df064f-d17f-4cf5-ad45-93ce4e8182a5,SE
01a02d9d-0934-7e01-835a-515676ea5258,49075200,praça,Praça Dom José Thomaz,Siqueira Campos,71df064f-d17f-4cf5-ad45-93ce4e8182a5,SE
01a02d9d-209c-7757-afac-c6ba09cef438,49097620,praça,Praça Dom Mário Villas-Boas,Ponto Novo,71df064f-d17f-4cf5-ad45-93ce4e8182a5,SE
01a02d9d-209c-7757-afab-eee15f3dc64b,49097610,praça,Praça Doutor Celso Carvalho,Ponto Novo,71df064f-d17f-4cf5-ad45-93ce4e8182a5,SE
01a02d9c-fd60-7f18-adf9-3e490753a5ff,49060170,praça,Praça Doutor Juliano Simões,Santo Antônio,71df064f-d17f-4cf5-ad45-93ce4e8182a5,SE
01a02d9d-10f9-7a21-aa5c-fdd399154d63,49087160,praça,Praça Doutor Lourival Bonfim,Santos Dumont,71df064f-d17f-4cf5-ad45-93ce4e8182a5,SE
01a02d9c-ddf6-745c-a341-85bd45b99f12,49026180,praça,Praça Doutor Pedro Garcia Moreno,Grageru,71df064f-d17f-4cf5-ad45-93ce4e8182a5,SE
01a02d9c-fb6b-7d73-b2d2-fc701e08ef18,49055240,praça,Praça Doutor Ranulfo Prata,Getúlio Vargas,71df064f-d17f-4cf5-ad45-93ce4e8182a5,SE
01a02d9d-1cb6-72f1-972f-2174b8c46d85,49095200,praça,Praça Doutora Juciara Menezes Campos,Jabotiana,71df064f-d17f-4cf5-ad45-93ce4e8182a5,SE
01a02d9d-209d-7771-ba8f-57c2c3145587,49220970,praça,Praça Doutora do Maria do Carmo N. Alves 174,Centro,68b15077-1869-4c57-9957-6a40826bf6cd,SE
01a02d9c-eda3-77a9-bf4a-d4856e7c7dca,49042690,praça,Praça Dulce Menezes Dantas,São Conrado,71df064f-d17f-4cf5-ad45-93ce4e8182a5,SE
01a02d9c-e5f1-7b1d-8407-3c09646703a7,49037170,praça,Praça Durval Andrade,Atalaia,71df064f-d17f-4cf5-ad45-93ce4e8182a5,SE
01a02d9c-ebc0-76b0-bb41-88685362ac5d,49042110,praça,Praça Dário Ferreira Nunes,São Conrado,71df064f-d17f-4cf5-ad45-93ce4e8182a5,SE
01a02d9d-28a9-7bed-a614-5df16acf3425,49030673,praça,Praça Edite Menezes Lopes,Farolândia,71df064f-d17f-4cf5-ad45-93ce4e8182a5,SE
01a02d9c-ff48-76d1-9d08-1d0c41048f9f,49060720,praça,Praça Enedina Nunes Ferreira,Santo Antônio,71df064f-d17f-4cf5-ad45-93ce4e8182a5,SE
01a02d9c-dc0a-7b31-a984-92279f0a28a6,49020510,praça,Praça Eronildes de Carvalho,Salgado Filho,71df064f-d17f-4cf5-ad45-93ce4e8182a5,SE
01a02d9d-22a4-7e4d-bb14-896aacb43f8c,49950970,praça,Praça Eronildes de Carvalho 32,Centro,e78b2db3-8bd4-45eb-8d48-be8b74af5cd1,SE
01a02d9d-3aa9-75a7-a06f-ed86dcc73bf4,49506150,praça,Praça Escritor Sebrão Sobrinho,Rotary Club de Itabaiana,8d820d6b-d516-4628-8228-0e70dcaf08f5,SE
01a02d9d-2e63-701a-b34f-dfd9c397c422,49500097,praça,Praça Etelvino Mendonça,Centro,8d820d6b-d516-4628-8228-0e70dcaf08f5,SE
01a02d9c-d813-7423-9975-817425dc3d42,49010080,praça,Praça Fausto Cardoso,Centro,71df064f-d17f-4cf5-ad45-93ce4e8182a5,SE
01a02d9d-2e64-71a7-945f-d237c668d6f3,49500223,praça,Praça Fausto Cardoso,Centro,8d820d6b-d516-4628-8228-0e70dcaf08f5,SE
01a02d9c-da16-7460-b911-19cc07e58b23,49010903,praça,Praça Fausto Cardoso 112,Centro,71df064f-d17f-4cf5-ad45-93ce4e8182a5,SE
01a02d9c-da16-7cc8-b916-54bf58f0c9a0,49010908,praça,Praça Fausto Cardoso 327,Centro,71df064f-d17f-4cf5-ad45-93ce4e8182a5,SE
01a02d9c-da16-7460-b913-f73481c229be,49010905,praça,"Praça Fausto Cardoso, s/n",Centro,71df064f-d17f-4cf5-ad45-93ce4e8182a5,SE
01a02d9c-e201-7703-abc5-ae55892429b8,49032260,praça,Praça Florival Brito,Farolândia,71df064f-d17f-4cf5-ad45-93ce4e8182a5,SE
01a02d9d-0d21-75fb-8f7a-b9ca21d65c30,49082200,praça,Praça Francisco Rosa,Novo Paraíso,71df064f-d17f-4cf5-ad45-93ce4e8182a5,SE
01a02d9d-343a-7f6e-adcc-da372014fd26,49503183,praça,Praça Francisco Santiago,Serrano,8d820d6b-d516-4628-8228-0e70dcaf08f5,SE
01a02d9d-0b2c-7262-903b-e94bb7827034,49080230,praça,Praça Franklin Delano Roosevelt,América,71df064f-d17f-4cf5-ad45-93ce4e8182a5,SE
01a02d9d-0934-7568-8341-97f8bee3d82e,49072790,praça,Praça Frei Demetri,Dezoito do Forte,71df064f-d17f-4cf5-ad45-93ce4e8182a5,SE
01a02d9d-305b-76f3-b871-42a275378c27,49500537,praça,Praça Frei Fidelis,São Cristóvão,8d820d6b-d516-4628-8228-0e70dcaf08f5,SE
01a02d9d-0d1f-7c95-911f-31804884b7c0,49080510,praça,Praça Frei Miguel Serafini,América,71df064f-d17f-4cf5-ad45-93ce4e8182a5,SE
01a02d9d-2e64-7a5b-9478-03806e95ba69,49500298,praça,Praça General João Pereira,Centro,8d820d6b-d516-4628-8228-0e70dcaf08f5,SE
01a02d9c-da15-7bf8-adcd-3dac2c87ee9c,49010520,praça,Praça General Valadão,Centro,71df064f-d17f-4cf5-ad45-93ce4e8182a5,SE
01a02d9c-da16-7cc8-b914-67edd8adc0cc,49010906,praça,Praça General Valadão 377,Centro,71df064f-d17f-4cf5-ad45-93ce4e8182a5,SE
01a02d9d-209d-7771-ba84-f28cf5c4f363,49160970,praça,Praça Getulio Vargas 144,Centro,11ae317c-9ff1-4755-802b-73f78055710c,SE
01a02d9d-209d-7771-ba91-4f2c7f1ef117,49230970,praça,"Praça Getulio Vargas, s/n",Centro,71be5a06-7027-48b5-b4b9-b45c48b17103,SE
01a02d9d-22a4-7e4d-bb1e-fd4502becac1,49995970,praça,"Praça Getulio Vargas, s/n",Centro,0c9f1e52-e693-4579-b460-d02da7e18d2e,SE
01a02d9c-da18-7eb2-b546-240fbf78e543,49015340,praça,Praça Getúlio Vargas,São José,71df064f-d17f-4cf5-ad45-93ce4e8182a5,SE
01a02d9c-da14-728f-894e-e2aa660c880f,49010270,praça,Praça Godofredo Diniz,Centro,71df064f-d17f-4cf5-ad45-93ce4e8182a5,SE
01a02d9c-da17-7dde-9413-dc8ee32c0891,49015180,praça,Praça Graccho Cardoso,São José,71df064f-d17f-4cf5-ad45-93ce4e8182a5,SE
01a02d9c-ebbf-7575-9aee-4f7930351ed3,49041070,praça,Praça Guadalupe Mendonça,Inácio Barbosa,71df064f-d17f-4cf5-ad45-93ce4e8182a5,SE
01a02d9c-fb69-7a00-8c03-a383077a1793,49051020,praça,Praça Horácio Martins dos Santos,Pereira Lobo,71df064f-d17f-4cf5-ad45-93ce4e8182a5,SE
01a02d9c-e004-7b9e-8140-90d6748646d0,49030390,praça,Praça Industrial João Rodrigues da Cruz,Farolândia,71df064f-d17f-4cf5-ad45-93ce4e8182a5,SE
01a02d9d-0b2b-7174-a50a-93b20c0d4a43,49075640,praça,Praça Iracyr Silva,Siqueira Campos,71df064f-d17f-4cf5-ad45-93ce4e8182a5,SE
01a02d9d-1cb7-7406-bec8-00a6d011c8dc,49095460,praça,Praça Iselte Fernandes Azevedo,Jabotiana,71df064f-d17f-4cf5-ad45-93ce4e8182a5,SE
01a02d9c-da18-7eb2-b54a-17ac9c10a375,49015390,praça,Praça Joaquim Inácio Barbosa,São José,71df064f-d17f-4cf5-ad45-93ce4e8182a5,SE
01a02d9d-0b2a-7088-902a-28065e21b8ca,49075310,praça,Praça Joaquim Sabino Ribeiro Chaves,Siqueira Campos,71df064f-d17f-4cf5-ad45-93ce4e8182a5,SE
01a02d9d-22a4-7e4d-bb10-91cdfa11e4cc,49930970,praça,Praça Jonas Trindade 215,Centro,784b538c-b6c5-4614-86b7-f3bcd8108363,SE
01a02d9c-e005-7461-8bc3-cd4c2ca9c86f,49030450,praça,Praça Jornalista Orlando Dantas,Farolândia,71df064f-d17f-4cf5-ad45-93ce4e8182a5,SE
01a02d9d-1ac0-7fdd-b3b7-7cf9c3618e41,49092560,praça,Praça Josefa Nunes,Olaria,71df064f-d17f-4cf5-ad45-93ce4e8182a5,SE
01a02d9c-e3ff-7873-8188-6fae113d3ced,49035440,praça,Praça José Alves,Atalaia,71df064f-d17f-4cf5-ad45-93ce4e8182a5,SE
01a02d9d-1cb8-74ef-96d3-cd71f0ded959,49095770,praça,Praça José Ariel Rabelo de Almeida,Jabotiana,71df064f-d17f-4cf5-ad45-93ce4e8182a5,SE
01a02d9d-3aab-7022-8dfe-91e97bd0fe02,49506285,praça,Praça José Francisco de Mendonça,Rotary Club de Itabaiana,8d820d6b-d516-4628-8228-0e70dcaf08f5,SE
01a02d9d-2e64-7a5b-9487-a9c5a705dad5,49500362,praça,Praça José Machado,São Cristóvão,8d820d6b-d516-4628-8228-0e70dcaf08f5,SE
01a02d9d-209d-7771-ba96-79eb4b95810b,49290970,praça,Praça João Alves Filho 411,Centro,29fa9cdd-b6d8-4d7b-a7cb-2961b9546ccc,SE
01a02d9d-305b-76f3-b870-10e289665c88,49500534,praça,Praça João Marcelo de Oliveira,São Cristóvão,8d820d6b-d516-4628-8228-0e70dcaf08f5,SE
01a02d9d-2c77-7f0f-94f4-eecfe351d763,49500070,praça,Praça João Pessoa,Centro,8d820d6b-d516-4628-8228-0e70dcaf08f5,SE
01a02d9c-da15-7bf8-adcf-85a68f660949,49010580,praça,Praça João XXIII,Centro,71df064f-d17f-4cf5-ad45-93ce4e8182a5,SE
01a02d9d-343a-7f6e-addc-145c0fde71f0,49503262,praça,Praça Jubal de Carvalho,Serrano,8d820d6b-d516-4628-8228-0e70dcaf08f5,SE
01a02d9d-0743-72e7-9f9c-3d14b37c34af,49070250,praça,Praça Juiz Manoel Barbosa de Souza,Cidade Nova,71df064f-d17f-4cf5-ad45-93ce4e8182a5,SE
01a02d9d-305a-7e56-8eff-39fae5d0e4ae,49500463,praça,Praça Juviniano dos Santos,São Cristóvão,8d820d6b-d516-4628-8228-0e70dcaf08f5,SE
01a02d9d-0145-7b2d-ae35-7ed8e5cae312,49065500,praça,Praça Liberato Costa,Industrial,71df064f-d17f-4cf5-ad45-93ce4e8182a5,SE
01a02d9d-209c-7757-afae-18e5e32bb80e,49097640,praça,Praça Lourival Baptista,Ponto Novo,71df064f-d17f-4cf5-ad45-93ce4e8182a5,SE
01a02d9d-22a6-7785-a714-0a9a89efb1ed,49025335,praça,Praça Luciano Barreto Júnior,Jardins,71df064f-d17f-4cf5-ad45-93ce4e8182a5,SE
01a02d9d-22a4-755a-bb0b-478cef10c04d,49890970,praça,Praça Luiz Gonzaga 47,Centro,e3becf41-112d-4ae3-bcb1-b3c77841baba,SE
01a02d9d-22a4-7e4d-bb18-3159e50fa02d,49980970,praça,Praça Luiz Pitombo 48,Centro,08f6abe1-dbe7-444e-aca0-8f730693de9e,SE
01a02d9c-e7d7-700e-a268-4b854f0f5297,49038010,praça,Praça Major Bernardino Dantas,Atalaia,71df064f-d17f-4cf5-ad45-93ce4e8182a5,SE
01a02d9c-e005-7d15-8bc9-e9b6d1fa05b6,49030510,praça,Praça Major Edeltrudes Teles,Farolândia,71df064f-d17f-4cf5-ad45-93ce4e8182a5,SE
01a02d9c-eda1-7f9a-bf10-e13e20bda35f,49042290,praça,Praça Major Honorino Leal,São Conrado,71df064f-d17f-4cf5-ad45-93ce4e8182a5,SE
01a02d9d-0b2a-7088-902d-6eb4ace0f083,49075340,praça,Praça Manoel Barreto Filho,Siqueira Campos,71df064f-d17f-4cf5-ad45-93ce4e8182a5,SE
01a02d9d-209e-776f-b19f-17f1c07cd457,49700970,praça,Praça Manoel Cardoso Souza 25,Centro,37fb4219-989c-4ade-b318-6db69c58f9da,SE
01a02d9d-24a3-7e28-88c3-86a90410c69a,49170970,praça,Praça Marcolino Ezequiel 159,Centro,2f9042ec-6083-4dd0-a3cc-c29db7db8dfb,SE
01a02d9d-0933-741f-97c0-31cdef40ce69,49072460,praça,Praça Maria Quitéria de Jesus,Dezoito do Forte,71df064f-d17f-4cf5-ad45-93ce4e8182a5,SE
01a02d9d-24a2-7e2b-9ed6-ea727f9c1a7c,49090200,praça,Praça Minervino Correia Silva,Bugio,71df064f-d17f-4cf5-ad45-93ce4e8182a5,SE
01a02d9c-ebbe-7ce3-85f2-94697e4e22b2,49040770,praça,Praça Monteiro Lobato,Inácio Barbosa,71df064f-d17f-4cf5-ad45-93ce4e8182a5,SE
01a02d9d-209e-776f-b198-6156755d8bec,49630970,praça,Praça Mário Pinoti 344,Centro,a6c0d5c7-1a24-4cb3-8d29-3c403d987a74,SE
01a02d9d-10fa-7b93-9614-93930a685a83,49087430,praça,Praça Mário Valois,Santos Dumont,71df064f-d17f-4cf5-ad45-93ce4e8182a5,SE
01a02d9d-0f10-73f0-ba73-bdf022133982,49085250,praça,Praça Nelson Ferreira Martins,José Conrado de Araújo,71df064f-d17f-4cf5-ad45-93ce4e8182a5,SE
01a02d9c-ddf5-72f5-b3f7-336e1cf3b2df,49025520,praça,Praça Oliveira Belo,Grageru,71df064f-d17f-4cf5-ad45-93ce4e8182a5,SE
01a02d9d-209e-776f-b18d-0371a59435d6,49535970,praça,"Praça Oliveira Campos, s/n",Centro,cafe6200-9123-41a7-ad7b-2657c68d5d1f,SE
01a02d9c-d813-7423-9971-cb1ca906826d,49010040,praça,Praça Olímpio Campos,Centro,71df064f-d17f-4cf5-ad45-93ce4e8182a5,SE
01a02d9d-209e-776f-b18e-f4acfd1801cf,49540970,praça,"Praça Pedro Barbosa, s/n",Centro,2f67dd2e-f26f-4478-81e6-5235a446dfb5,SE
01a02d9c-e9ce-7ec2-8c08-c76989d3b1fb,49040470,praça,Praça Pedro Diniz Gonçalves Filho,Inácio Barbosa,71df064f-d17f-4cf5-ad45-93ce4e8182a5,SE
01a02d9d-209d-7771-ba95-6df98f8e245a,49280970,praça,"Praça Pedro Silva Costa, s/n",Centro,f293c7f1-e90f-4909-b75c-607d43303634,SE
01a02d9c-e5f0-79f6-9261-0c3299b7430e,49036270,praça,Praça Poeta Ascenso Ferreira,Atalaia,71df064f-d17f-4cf5-ad45-93ce4e8182a5,SE
01a02d9c-ddf7-7587-abe6-4bb63083500e,49027230,praça,Praça Poeta Clodoaldo de Alencar,Grageru,71df064f-d17f-4cf5-ad45-93ce4e8182a5,SE
01a02d9d-0b2b-7174-a509-0a5d8afb6b83,49075630,praça,Praça Presbítero Filemon Freire Santos,Siqueira Campos,71df064f-d17f-4cf5-ad45-93ce4e8182a5,SE
01a02d9c-fd63-72e7-98be-9788b0380f86,49060560,praça,Praça Princesa Isabel,Santo Antônio,71df064f-d17f-4cf5-ad45-93ce4e8182a5,SE
01a02d9d-10fb-742c-926a-dd7853693c8b,49087490,praça,Praça Professor Abelardo Monteiro,Santos Dumont,71df064f-d17f-4cf5-ad45-93ce4e8182a5,SE
01a02d9c-f753-7d73-94eb-99442d3cac5e,49045620,praça,Praça Professor Genaro Plech,Luzia,71df064f-d17f-4cf5-ad45-93ce4e8182a5,SE
01a02d9c-e7d5-767a-9088-816a0d4005cc,49037500,praça,Praça Professor Manoel José Belém,Aeroporto,71df064f-d17f-4cf5-ad45-93ce4e8182a5,SE
01a02d9c-e006-75cc-adf5-c0a119cdd36a,49030630,praça,Praça Promotor Marques Guimarães,Farolândia,71df064f-d17f-4cf5-ad45-93ce4e8182a5,SE
01a02d9c-eda1-7f9a-bf05-8a36f92b63ee,49042220,praça,Praça Radialista Glau Peixoto,São Conrado,71df064f-d17f-4cf5-ad45-93ce4e8182a5,SE
01a02d9c-f753-7d73-94ec-0c4982c0efba,49045630,praça,Praça Raul Batista,Luzia,71df064f-d17f-4cf5-ad45-93ce4e8182a5,SE
01a02d9c-e5f2-7c46-98cd-41a4f01f6dc9,49037353,praça,Praça Recanto da Paz,Aeroporto,71df064f-d17f-4cf5-ad45-93ce4e8182a5,SE
01a02d9d-0350-7bb7-9f48-0e7f65396cbb,49065650,praça,Praça Reverendo Eduardo Carlos Pereira,Industrial,71df064f-d17f-4cf5-ad45-93ce4e8182a5,SE
01a02d9d-269f-751d-8477-0074697e39f2,49830970,praça,Praça Rio Branco 215,Centro,69d4cb35-5bf4-4332-8750-636f142345fc,SE
01a02d9d-0f0f-72d2-b24a-03323bc0127d,49082420,praça,Praça Roberto Fonseca,Novo Paraíso,71df064f-d17f-4cf5-ad45-93ce4e8182a5,SE
01a02d9d-0f0f-72d2-b24b-00a745ddac82,49082430,praça,Praça Ronaldo Calumbi Barreto,Novo Paraíso,71df064f-d17f-4cf5-ad45-93ce4e8182a5,SE
01a02d9d-28ab-7e96-a3fe-703b30243eb5,49045103,praça,Praça Rubens Paiva,Luzia,71df064f-d17f-4cf5-ad45-93ce4e8182a5,SE
01a02d9d-305d-70c5-8c70-684010a4da64,49501115,praça,Praça Santa Clara de Assis,São Cristóvão,8d820d6b-d516-4628-8228-0e70dcaf08f5,SE
01a02d9d-209c-7757-afad-236e8d59d331,49097630,praça,Praça Santiago Dantas,Ponto Novo,71df064f-d17f-4cf5-ad45-93ce4e8182a5,SE
01a02d9c-e7d5-7f0d-9099-aa3104a54b02,49037570,praça,Praça Santos Dumont,Aeroporto,71df064f-d17f-4cf5-ad45-93ce4e8182a5,SE
01a02d9c-fd5f-7526-bce7-5cd5986db5d5,49055660,praça,Praça Saturnino de Brito,Getúlio Vargas,71df064f-d17f-4cf5-ad45-93ce4e8182a5,SE
01a02d9c-e7d6-77a3-a994-176bf791c89a,49037821,praça,Praça Selda de Vasconcelos Silveira,Aeroporto,71df064f-d17f-4cf5-ad45-93ce4e8182a5,SE
01a02d9c-f755-771f-a998-48d228ce9256,49047370,praça,Praça Senador Teotônio Vilela,Ponto Novo,71df064f-d17f-4cf5-ad45-93ce4e8182a5,SE
01a02d9c-ff47-7e30-987f-0bfc4d4df70f,49060650,praça,Praça Siqueira de Menezes,Santo Antônio,71df064f-d17f-4cf5-ad45-93ce4e8182a5,SE
01a02d9d-209d-7771-ba9f-51d8c1dfce01,49350970,praça,Praça São José 166,Centro,54920c99-d8e3-44ed-9fad-3386ef84a336,SE
01a02d9d-209d-7771-ba8a-932622bb9961,49180970,praça,Praça São José 51,Centro,e16e276b-9a87-4da5-ae88-60eba3cfae09,SE
01a02d9c-e200-7e62-9b7a-bbbb8872231c,49032190,praça,Praça Theodorico do Prado Montes,Farolândia,71df064f-d17f-4cf5-ad45-93ce4e8182a5,SE
01a02d9c-ebbe-7452-85dd-c424863aa7da,49040600,praça,Praça Tiradentes,Inácio Barbosa,71df064f-d17f-4cf5-ad45-93ce4e8182a5,SE
01a02d9c-da17-7dde-940e-b64c465d0892,49015130,praça,Praça Tobias Barreto,São José,71df064f-d17f-4cf5-ad45-93ce4e8182a5,SE
01a02d9d-0351-7cf4-b062-cd10d9357403,49066480,praça,Praça Tomaz Rodrigues Cruz,Industrial,71df064f-d17f-4cf5-ad45-93ce4e8182a5,SE
01a02d9d-12ef-73e4-bc63-0ae1a24a322e,49087810,praça,Praça Ulisses Guimarães,Santos Dumont,71df064f-d17f-4cf5-ad45-93ce4e8182a5,SE
01a02d9c-fb69-7119-8bfc-89c93249ac72,49050740,praça,Praça Valdemar Fontes Cardoso,Suíssa,71df064f-d17f-4cf5-ad45-93ce4e8182a5,SE
01a02d9d-12ee-72a8-93ec-ffbc4aaf16af,49087620,praça,Praça Valteno Menezes,Santos Dumont,71df064f-d17f-4cf5-ad45-93ce4e8182a5,SE
01a02d9c-f753-7d73-94ef-0ebdbf39a857,49045680,praça,Praça Vereador Nivaldo Teles de Menezes,Luzia,71df064f-d17f-4cf5-ad45-93ce4e8182a5,SE
01a02d9d-16ef-7fec-b465-eb2e5eb0915e,49090300,praça,Praça Vereador Osvaldo Mendonça,Bugio,71df064f-d17f-4cf5-ad45-93ce4e8182a5,SE
01a02d9c-ebbe-7452-85eb-50024440d4eb,49040710,praça,Praça Vereador Raul Ferreira de Andrade,Inácio Barbosa,71df064f-d17f-4cf5-ad45-93ce4e8182a5,SE
01a02d9d-16ef-7fec-b466-f0d59db20543,49090310,praça,Praça Zedeclias da Silva Lemos,Bugio,71df064f-d17f-4cf5-ad45-93ce4e8182a5,SE
01a02d9c-d813-7423-995c-c4c4135afc25,49009016,praça,Praça Zoroastro Rodrigues,Zona de Expansão (Mosqueiro),71df064f-d17f-4cf5-ad45-93ce4e8182a5,SE
01a02d9c-ebbf-7e0b-9b01-3cafcf7f0378,49041160,praça,Praça Zé Pretinho,Inácio Barbosa,71df064f-d17f-4cf5-ad45-93ce4e8182a5,SE
01a02d9c-da15-7399-adc9-1f4e5b78bec1,49010470,praça,Praça da Bandeira,Centro,71df064f-d17f-4cf5-ad45-93ce4e8182a5,SE
01a02d9c-da17-7531-9403-32bf216c3fc0,49015020,praça,Praça da Bandeira,São José,71df064f-d17f-4cf5-ad45-93ce4e8182a5,SE
01a02d9d-22a5-775a-9ff4-a12151989b42,49010510,praça,Praça da Bandeira,Centro,71df064f-d17f-4cf5-ad45-93ce4e8182a5,SE
01a02d9c-fb6b-7475-b2c2-fcd02d9629fa,49055090,praça,Praça da Bandeira,Cirurgia,71df064f-d17f-4cf5-ad45-93ce4e8182a5,SE
01a02d9c-da14-7af6-8954-ca8ae8eb3f59,49010320,praça,Praça da Bandeira,Centro,71df064f-d17f-4cf5-ad45-93ce4e8182a5,SE
01a02d9d-209e-776f-b1a8-1f14a445ed7f,49780970,praça,Praça da Bandeira 13,Centro,2bf2de4e-8966-4ff6-bab3-33692ab1d526,SE
01a02d9c-dc0a-7b31-a983-aea2d76764b7,49020500,praça,Praça da Imprensa,Treze de Julho,71df064f-d17f-4cf5-ad45-93ce4e8182a5,SE
01a02d9d-22a4-7e4d-bb0f-8ab44d2d1bc3,49920970,praça,"Praça da Independência, s/n",Centro,569147b4-64ef-4a92-8f28-de15098ba882,SE
01a02d9d-209e-776f-b191-8b05a1a23d61,49550971,praça,"Praça da Matriz, s/n",Centro,dd57e32d-3a4e-473d-9835-8ccbd9710772,SE
01a02d9d-0d1f-7c95-911d-fe1fa6cd25cf,49080490,praça,Praça da República,América,71df064f-d17f-4cf5-ad45-93ce4e8182a5,SE
01a02d9c-e9cc-7bdb-bc75-d3b5f7a04298,49038290,praça,Praça das Mães,Aeroporto,71df064f-d17f-4cf5-ad45-93ce4e8182a5,SE
01a02d9d-209d-7771-ba97-3fb1b462e001,49290971,praça,"Praça do Mercado, s/n",Centro,29fa9cdd-b6d8-4d7b-a7cb-2961b9546ccc,SE
01a02d9d-209d-7771-ba8b-93df493144fe,49190970,praça,"Praça dos Esportes, s/n",Centro,6cc16734-8cbc-426c-821f-9d6dc04caac1,SE
01a02d9c-fb6b-7d73-b2d7-fbff551115f8,49055280,praça,Praça dos Expedicionários,Getúlio Vargas,71df064f-d17f-4cf5-ad45-93ce4e8182a5,SE
01a02d9c-e9ce-7602-8c03-3c84b9a2a368,49040400,praça,Praça dos Nacionalistas,Inácio Barbosa,71df064f-d17f-4cf5-ad45-93ce4e8182a5,SE
01a02d9c-e200-75c4-9b72-4498b055ea65,49032110,praça,Praça dos Navegantes,Farolândia,71df064f-d17f-4cf5-ad45-93ce4e8182a5,SE
01a02d9c-d42a-7a3b-a979-5c39bbed29a3,49007190,recanto,Recanto Santo Antônio,Zona de Expansão (Areia Branca),71df064f-d17f-4cf5-ad45-93ce4e8182a5,SE
01a02d9c-e7d5-767a-9091-ccaa0f8a2ee2,49037531,residencial,Residencial Chalés,Aeroporto,71df064f-d17f-4cf5-ad45-93ce4e8182a5,SE
01a02d9c-d813-7423-9945-ff4fdd20fd6f,49008722,rodovia,Rodovia Ayrton Senna,Zona de Expansão (Mosqueiro),71df064f-d17f-4cf5-ad45-93ce4e8182a5,SE
01a02d9c-d813-7423-9946-0c86081feb77,49008725,rodovia,Rodovia Ayrton Senna,Zona de Expansão (Mosqueiro),71df064f-d17f-4cf5-ad45-93ce4e8182a5,SE
01a02d9d-269f-751d-8473-491b562d1106,49160972,rodovia,Rodovia BR-101 Km 90,Palestina,11ae317c-9ff1-4755-802b-73f78055710c,SE
01a02d9c-d42a-719c-a95d-d0a4998fd60a,49007000,rodovia,Rodovia Ecologista Chico Mendes,Zona de Expansão (Areia Branca),71df064f-d17f-4cf5-ad45-93ce4e8182a5,SE
01a02d9d-3cbc-724f-a5b7-2a1af88857bb,49506430,rodovia,Rodovia João Paulo II,Doutor José Milton Machado,8d820d6b-d516-4628-8228-0e70dcaf08f5,SE
01a02d9d-3cbe-751c-8dca-d1eb547045f3,49507510,rodovia,Rodovia João Paulo II,Oviedo Teixeira,8d820d6b-d516-4628-8228-0e70dcaf08f5,SE
01a02d9c-d208-74cf-bc24-f82bc15fb849,49004550,rodovia,Rodovia Professor Eduardo Cabral de Menezes,Zona de Expansão (Robalo),71df064f-d17f-4cf5-ad45-93ce4e8182a5,SE
01a02d9c-cbc5-7126-9d50-2ab7d9ef1835,49000013,rodovia,Rodovia dos Náufragos,Aruana,71df064f-d17f-4cf5-ad45-93ce4e8182a5,SE
01a02d9c-cbc5-7126-9d51-65d4d0176c70,49000016,rodovia,Rodovia dos Náufragos,Aruana,71df064f-d17f-4cf5-ad45-93ce4e8182a5,SE
01a02d9c-d206-7aa1-b387-0fe7b835a401,49004000,rodovia,Rodovia dos Náufragos,Zona de Expansão (Robalo),71df064f-d17f-4cf5-ad45-93ce4e8182a5,SE
01a02d9c-d206-7aa1-b388-961b62fef047,49004003,rodovia,Rodovia dos Náufragos,Zona de Expansão (Robalo),71df064f-d17f-4cf5-ad45-93ce4e8182a5,SE
01a02d9c-d619-7cb4-ac26-5dd2e5411b7a,49007430,rodovia,Rodovia dos Náufragos,Zona de Expansão (Areia Branca),71df064f-d17f-4cf5-ad45-93ce4e8182a5,SE
01a02d9c-d619-7cb4-ac27-4ad8b3c7e17e,49007433,rodovia,Rodovia dos Náufragos,Zona de Expansão (Areia Branca),71df064f-d17f-4cf5-ad45-93ce4e8182a5,SE
01a02d9c-d61a-75a6-bc30-c5e816bc4e82,49008090,rodovia,Rodovia dos Náufragos,Zona de Expansão (Mosqueiro),71df064f-d17f-4cf5-ad45-93ce4e8182a5,SE
01a02d9c-d61a-75a6-bc31-ec0ab6ed4af1,49008093,rodovia,Rodovia dos Náufragos,Zona de Expansão (Mosqueiro),71df064f-d17f-4cf5-ad45-93ce4e8182a5,SE
01a02d9d-209e-776f-b1a7-734c29f6c2f3,49760970,rua,Rua 12 de Março 356,Centro,5a409ef1-37ae-42e5-ac6a-e49a02b08f17,SE
01a02d9d-209e-776f-b199-475b9c6683f8,49640970,rua,Rua 1º de Fevereiro 26,Centro,8c7d5550-0087-4e53-bc3a-2a4e8b3fd806,SE
01a02d9d-14f6-71e6-bb26-e5556a759129,49089240,rua,Rua A,Soledade,71df064f-d17f-4cf5-ad45-93ce4e8182a5,SE
01a02d9d-14f6-7a7e-bb45-e18495f9fe6c,49089350,rua,Rua A,Soledade,71df064f-d17f-4cf5-ad45-93ce4e8182a5,SE
01a02d9d-14f5-7946-bb4e-bfaf06b42aa0,49089150,rua,Rua A,Soledade,71df064f-d17f-4cf5-ad45-93ce4e8182a5,SE
01a02d9d-14f5-7946-bb4a-bdcbf43bbf2c,49089100,rua,Rua A,Soledade,71df064f-d17f-4cf5-ad45-93ce4e8182a5,SE
01a02d9d-14f5-703d-bb2e-2a5acbaf558c,49088410,rua,Rua A,Lamarão,71df064f-d17f-4cf5-ad45-93ce4e8182a5,SE
01a02d9d-14f5-703d-bb2a-ed87a05d915d,49088400,rua,Rua A,Lamarão,71df064f-d17f-4cf5-ad45-93ce4e8182a5,SE
01a02d9d-16ed-7d6c-be1c-89ea8e6839b4,49089380,rua,Rua A,Soledade,71df064f-d17f-4cf5-ad45-93ce4e8182a5,SE
01a02d9c-e1ff-743f-b159-a0f68f477831,49031410,rua,Rua A,Farolândia,71df064f-d17f-4cf5-ad45-93ce4e8182a5,SE
01a02d9c-e201-7faf-abc8-151241d43bac,49032293,rua,Rua A,Farolândia,71df064f-d17f-4cf5-ad45-93ce4e8182a5,SE
01a02d9c-e3fd-7623-b634-103f49f948ff,49032476,rua,Rua A,Farolândia,71df064f-d17f-4cf5-ad45-93ce4e8182a5,SE
01a02d9c-e400-71e8-a274-113a80330857,49035623,rua,Rua A,Coroa do Meio,71df064f-d17f-4cf5-ad45-93ce4e8182a5,SE
01a02d9c-e5f1-726d-83f9-a92e120c8386,49037083,rua,Rua A,Aeroporto,71df064f-d17f-4cf5-ad45-93ce4e8182a5,SE
01a02d9c-e7d6-77a3-a986-3af8c2d4ea36,49037699,rua,Rua A,Aeroporto,71df064f-d17f-4cf5-ad45-93ce4e8182a5,SE
01a02d9d-0351-7453-b042-3dae2a613721,49066213,rua,Rua A,Industrial,71df064f-d17f-4cf5-ad45-93ce4e8182a5,SE
01a02d9d-0351-7453-b046-dcaeb79497ad,49066225,rua,Rua A,Industrial,71df064f-d17f-4cf5-ad45-93ce4e8182a5,SE
01a02d9d-0351-7453-b054-f57a55a483d6,49066315,rua,Rua A,Industrial,71df064f-d17f-4cf5-ad45-93ce4e8182a5,SE
01a02d9d-054f-7a85-9311-6287b13c5ad9,49067193,rua,Rua A,Porto D'Antas,71df064f-d17f-4cf5-ad45-93ce4e8182a5,SE
01a02d9d-0550-7312-8990-b74c69092d3b,49067218,rua,Rua A,Porto D'Antas,71df064f-d17f-4cf5-ad45-93ce4e8182a5,SE
01a02d9d-0550-7312-8999-66d6b0dbc767,49071203,rua,Rua A,Dom Luciano,71df064f-d17f-4cf5-ad45-93ce4e8182a5,SE
01a02d9d-0551-7cb5-a2f9-d38f541d6bb4,49070073,rua,Rua A,Cidade Nova,71df064f-d17f-4cf5-ad45-93ce4e8182a5,SE
01a02d9d-0552-7541-8878-64f518851ade,49070093,rua,Rua A,Cidade Nova,71df064f-d17f-4cf5-ad45-93ce4e8182a5,SE
01a02d9d-0742-7a5d-a7d2-a438466adc36,49070193,rua,Rua A,Cidade Nova,71df064f-d17f-4cf5-ad45-93ce4e8182a5,SE
01a02d9d-0743-7b6e-9fab-fb9ec9b24b10,49070483,rua,Rua A,Cidade Nova,71df064f-d17f-4cf5-ad45-93ce4e8182a5,SE
01a02d9d-0744-73ec-b48d-b97c6aa47e09,49070781,rua,Rua A,Cidade Nova,71df064f-d17f-4cf5-ad45-93ce4e8182a5,SE
01a02d9d-0744-7c65-b497-4fa0048a228b,49070823,rua,Rua A,Cidade Nova,71df064f-d17f-4cf5-ad45-93ce4e8182a5,SE
01a02d9d-0933-741f-97bc-24712367baf9,49072423,rua,Rua A,Dezoito do Forte,71df064f-d17f-4cf5-ad45-93ce4e8182a5,SE
01a02d9d-0933-741f-97cd-1eccce3b3ec6,49072573,rua,Rua A,Dezoito do Forte,71df064f-d17f-4cf5-ad45-93ce4e8182a5,SE
01a02d9d-0933-7cce-97d6-9f683723af4e,49072629,rua,Rua A,Dezoito do Forte,71df064f-d17f-4cf5-ad45-93ce4e8182a5,SE
01a02d9d-0933-7cce-97e0-18acd3d3761f,49072673,rua,Rua A,Dezoito do Forte,71df064f-d17f-4cf5-ad45-93ce4e8182a5,SE
01a02d9d-0d20-750f-9188-fe220c98f3b9,49080620,rua,Rua A,América,71df064f-d17f-4cf5-ad45-93ce4e8182a5,SE
01a02d9d-10fa-72fb-95ee-3daafe41820c,49087216,rua,Rua A,Santos Dumont,71df064f-d17f-4cf5-ad45-93ce4e8182a5,SE
01a02d9d-10fa-72fb-95fb-9ecc4b2d7608,49087296,rua,Rua A,Santos Dumont,71df064f-d17f-4cf5-ad45-93ce4e8182a5,SE
01a02d9d-10fb-742c-9267-8024b5ee2d1d,49087473,rua,Rua A,Santos Dumont,71df064f-d17f-4cf5-ad45-93ce4e8182a5,SE
01a02d9d-2a93-7f4c-a1db-79336234a860,49071323,rua,Rua A,Dom Luciano,71df064f-d17f-4cf5-ad45-93ce4e8182a5,SE
01a02d9d-2a93-769a-a1d2-2dd1d7f5d594,49071270,rua,Rua A,Dom Luciano,71df064f-d17f-4cf5-ad45-93ce4e8182a5,SE
01a02d9d-2a93-769a-a1cb-1b42423f377b,49071232,rua,Rua A,Dom Luciano,71df064f-d17f-4cf5-ad45-93ce4e8182a5,SE
01a02d9d-2a93-769a-a1c4-cc8bac87b93e,49071126,rua,Rua A,Dom Luciano,71df064f-d17f-4cf5-ad45-93ce4e8182a5,SE
01a02d9d-2a93-769a-a1c2-2e9fc651d4b9,49071120,rua,Rua A,Dom Luciano,71df064f-d17f-4cf5-ad45-93ce4e8182a5,SE
01a02d9d-2a93-769a-a1bf-210f8f8bf19f,49071111,rua,Rua A,Dom Luciano,71df064f-d17f-4cf5-ad45-93ce4e8182a5,SE
01a02d9d-2a92-74f4-95eb-f80b2f5220cf,49071028,rua,Rua A,Dom Luciano,71df064f-d17f-4cf5-ad45-93ce4e8182a5,SE
01a02d9d-28ab-75f8-a3ee-3ab098e838fb,49043861,rua,Rua A,Santa Maria,71df064f-d17f-4cf5-ad45-93ce4e8182a5,SE
01a02d9d-28aa-74b7-8786-e2edd2df65d6,49038461,rua,Rua A,Aeroporto,71df064f-d17f-4cf5-ad45-93ce4e8182a5,SE
01a02d9d-26a0-761d-91df-f4a6dcc1e4d7,49005560,rua,Rua A,Zona de Expansão (Robalo),71df064f-d17f-4cf5-ad45-93ce4e8182a5,SE
01a02d9d-24a1-7e19-9ca9-a5134eb424fb,49072639,rua,Rua A,Dezoito do Forte,71df064f-d17f-4cf5-ad45-93ce4e8182a5,SE
01a02d9d-24a0-7e28-9b53-02089dde022d,49069219,rua,Rua A,Porto D'Antas,71df064f-d17f-4cf5-ad45-93ce4e8182a5,SE
01a02d9d-249f-7e26-9352-b061d9d0752d,49061124,rua,Rua A,Santo Antônio,71df064f-d17f-4cf5-ad45-93ce4e8182a5,SE
01a02d9d-22a8-7781-a746-f9e00ee499c7,49044532,rua,Rua A,Santa Maria,71df064f-d17f-4cf5-ad45-93ce4e8182a5,SE
01a02d9d-1ea4-775d-87f3-ad1f43bb5dae,49096270,rua,Rua A,Jabotiana,71df064f-d17f-4cf5-ad45-93ce4e8182a5,SE
01a02d9d-1cb7-7c6f-bed9-7503e036f47c,49095618,rua,Rua A,Jabotiana,71df064f-d17f-4cf5-ad45-93ce4e8182a5,SE
01a02d9d-1cb7-7c6f-bed8-826df4e4b4bb,49095615,rua,Rua A,Jabotiana,71df064f-d17f-4cf5-ad45-93ce4e8182a5,SE
01a02d9d-1cb7-7c6f-bed6-f22f030b6665,49095603,rua,Rua A,Jabotiana,71df064f-d17f-4cf5-ad45-93ce4e8182a5,SE
01a02d9d-1cb6-7b9c-9737-660e6977f76a,49095280,rua,Rua A,Jabotiana,71df064f-d17f-4cf5-ad45-93ce4e8182a5,SE
01a02d9d-1ac2-70e0-a65a-b730fa05c567,49092699,rua,Rua A,Olaria,71df064f-d17f-4cf5-ad45-93ce4e8182a5,SE
01a02d9d-1ac1-7870-9d92-c597dc92a2b7,49092660,rua,Rua A,Olaria,71df064f-d17f-4cf5-ad45-93ce4e8182a5,SE
01a02d9d-18d5-76cf-9b1a-30920aec8987,49090493,rua,Rua A,Jardim Centenário,71df064f-d17f-4cf5-ad45-93ce4e8182a5,SE
01a02d9d-16ef-7744-b451-1323ecac7335,49090230,rua,Rua A,Bugio,71df064f-d17f-4cf5-ad45-93ce4e8182a5,SE
01a02d9c-e7d7-700e-a25e-92eb84d7424d,49037858,rua,Rua A,Aeroporto,71df064f-d17f-4cf5-ad45-93ce4e8182a5,SE
01a02d9c-e7d7-700e-a269-f6aae37f2451,49038013,rua,Rua A,Atalaia,71df064f-d17f-4cf5-ad45-93ce4e8182a5,SE
01a02d9c-ebc0-76b0-bb4a-f400134f2a18,49042163,rua,Rua A,São Conrado,71df064f-d17f-4cf5-ad45-93ce4e8182a5,SE
01a02d9c-f573-7bcb-b751-fd427c580fa6,49044412,rua,Rua A,Santa Maria,71df064f-d17f-4cf5-ad45-93ce4e8182a5,SE
01a02d9c-f754-7e84-9e0e-2f773a038c1a,49047026,rua,Rua A,Ponto Novo,71df064f-d17f-4cf5-ad45-93ce4e8182a5,SE
01a02d9c-ff48-76d1-9cfe-1850610d5607,49060673,rua,Rua A,Palestina,71df064f-d17f-4cf5-ad45-93ce4e8182a5,SE
01a02d9c-ff48-7f69-9d23-e0a807f3c7d4,49061092,rua,Rua A,Santo Antônio,71df064f-d17f-4cf5-ad45-93ce4e8182a5,SE
01a02d9c-ff49-7816-bf5f-6b3b01adfdf7,49063019,rua,Rua A,Japãozinho,71df064f-d17f-4cf5-ad45-93ce4e8182a5,SE
01a02d9c-ff4a-7a71-9c75-f62e1808ae0f,49063115,rua,Rua A,Japãozinho,71df064f-d17f-4cf5-ad45-93ce4e8182a5,SE
01a02d9d-0143-7fcd-a5b8-e9a9ce88e908,49065033,rua,Rua A,Industrial,71df064f-d17f-4cf5-ad45-93ce4e8182a5,SE
01a02d9c-cbc6-7abc-a98e-ec9c0ba940c5,49000305,rua,Rua A,Aruana,71df064f-d17f-4cf5-ad45-93ce4e8182a5,SE
01a02d9c-cbc8-74ad-9539-ed684733effc,49000695,rua,Rua A,Aruana,71df064f-d17f-4cf5-ad45-93ce4e8182a5,SE
01a02d9c-cdde-781b-b078-8012b1ae218d,49001096,rua,Rua A,Aruana,71df064f-d17f-4cf5-ad45-93ce4e8182a5,SE
01a02d9c-cddf-70da-89a7-e05d0743bff1,49001123,rua,Rua A,Aruana,71df064f-d17f-4cf5-ad45-93ce4e8182a5,SE
01a02d9c-cfee-7020-b49b-3eb56c39f0c1,49001353,rua,Rua A,Aruana,71df064f-d17f-4cf5-ad45-93ce4e8182a5,SE
01a02d9c-d207-733a-80ba-821785af1350,49004400,rua,Rua A,Zona de Expansão (Robalo),71df064f-d17f-4cf5-ad45-93ce4e8182a5,SE
01a02d9c-d208-7d54-bc2c-f81925e65c5d,49004577,rua,Rua A,Zona de Expansão (Robalo),71df064f-d17f-4cf5-ad45-93ce4e8182a5,SE
01a02d9c-d429-7038-aaed-a8f7a2b93841,49004784,rua,Rua A,Zona de Expansão (Robalo),71df064f-d17f-4cf5-ad45-93ce4e8182a5,SE
01a02d9c-d429-7038-aafd-52d62da2ef96,49005083,rua,Rua A,Zona de Expansão (Robalo),71df064f-d17f-4cf5-ad45-93ce4e8182a5,SE
01a02d9c-d42a-719c-a961-407279f543b7,49007015,rua,Rua A,Zona de Expansão (Areia Branca),71df064f-d17f-4cf5-ad45-93ce4e8182a5,SE
01a02d9c-d42a-7a3b-a97a-4d22cf65889d,49007196,rua,Rua A,Zona de Expansão (Areia Branca),71df064f-d17f-4cf5-ad45-93ce4e8182a5,SE
01a02d9c-d42a-7a3b-a980-2146408ce9b6,49007250,rua,Rua A,Zona de Expansão (Areia Branca),71df064f-d17f-4cf5-ad45-93ce4e8182a5,SE
01a02d9c-d619-7cb4-ac2c-57c5fb2e94c1,49008015,rua,Rua A,Zona de Expansão (Mosqueiro),71df064f-d17f-4cf5-ad45-93ce4e8182a5,SE
01a02d9c-d61b-75e8-9a69-c99c08458768,49008205,rua,Rua A,Zona de Expansão (Mosqueiro),71df064f-d17f-4cf5-ad45-93ce4e8182a5,SE
01a02d9c-d61b-75e8-9a71-c83c79be5e5d,49008303,rua,Rua A,Zona de Expansão (Mosqueiro),71df064f-d17f-4cf5-ad45-93ce4e8182a5,SE
01a02d9c-d61c-75c9-ba1c-8d1eb4105cb8,49008366,rua,Rua A,Zona de Expansão (Mosqueiro),71df064f-d17f-4cf5-ad45-93ce4e8182a5,SE
01a02d9c-d812-73f5-bb9f-dbd94ef75bf0,49008519,rua,Rua A,Zona de Expansão (Mosqueiro),71df064f-d17f-4cf5-ad45-93ce4e8182a5,SE
01a02d9c-d812-73f5-bbae-e5ca4ad225af,49008596,rua,Rua A,Zona de Expansão (Mosqueiro),71df064f-d17f-4cf5-ad45-93ce4e8182a5,SE
01a02d9c-d813-7423-9942-17ea7fe816dc,49008710,rua,Rua A,Zona de Expansão (Mosqueiro),71df064f-d17f-4cf5-ad45-93ce4e8182a5,SE
01a02d9d-305b-76f3-b883-912c78a2d276,49500591,rua,Rua A,São Cristóvão,8d820d6b-d516-4628-8228-0e70dcaf08f5,SE
01a02d9d-305b-7f8f-b886-076210a13056,49500600,rua,Rua A,São Cristóvão,8d820d6b-d516-4628-8228-0e70dcaf08f5,SE
01a02d9d-305c-7827-b05d-86d9d26b8e42,49500684,rua,Rua A,São Cristóvão,8d820d6b-d516-4628-8228-0e70dcaf08f5,SE
01a02d9d-3860-7f3e-8585-505fe6388e03,49504450,rua,Rua A,Marianga,8d820d6b-d516-4628-8228-0e70dcaf08f5,SE
01a02d9d-3f01-70fa-8554-0aac4953e1ee,49507855,rua,Rua A,Oviedo Teixeira,8d820d6b-d516-4628-8228-0e70dcaf08f5,SE
01a02d9d-3cbc-7ae2-a5c0-2af72da7026c,49506519,rua,Rua A Triste Partida,Doutor José Milton Machado,8d820d6b-d516-4628-8228-0e70dcaf08f5,SE
01a02d9d-3cbc-7ae2-a5c8-6a046d0b3e99,49506609,rua,Rua A Volta da Asa Branca,Doutor José Milton Machado,8d820d6b-d516-4628-8228-0e70dcaf08f5,SE
01a02d9c-f197-7a23-b42d-9243239eae5d,49043510,rua,Rua A1,Santa Maria,71df064f-d17f-4cf5-ad45-93ce4e8182a5,SE
01a02d9c-f572-7141-aa0a-f464d9ec3b84,49044356,rua,Rua A1,Santa Maria,71df064f-d17f-4cf5-ad45-93ce4e8182a5,SE
01a02d9c-cddd-772b-a68d-cc2efba6d244,49001036,rua,Rua A1,Aruana,71df064f-d17f-4cf5-ad45-93ce4e8182a5,SE
01a02d9c-d813-7423-993e-9926b2cbc020,49008652,rua,Rua A1,Zona de Expansão (Mosqueiro),71df064f-d17f-4cf5-ad45-93ce4e8182a5,SE
01a02d9c-f198-72b8-a206-10ac7800e8a5,49043537,rua,Rua A10,Santa Maria,71df064f-d17f-4cf5-ad45-93ce4e8182a5,SE
01a02d9c-f574-7bf3-a683-395f6f649d15,49044508,rua,Rua A10,Santa Maria,71df064f-d17f-4cf5-ad45-93ce4e8182a5,SE
01a02d9c-f574-7bf3-a684-628310b882c8,49044511,rua,Rua A11,Santa Maria,71df064f-d17f-4cf5-ad45-93ce4e8182a5,SE
01a02d9c-f574-7bf3-a685-98114bd3e8dd,49044514,rua,Rua A12,Santa Maria,71df064f-d17f-4cf5-ad45-93ce4e8182a5,SE
01a02d9c-f574-7bf3-a686-cdcbf2446402,49044517,rua,Rua A13,Santa Maria,71df064f-d17f-4cf5-ad45-93ce4e8182a5,SE
01a02d9c-f574-7bf3-a687-0acd1dd7a9e5,49044520,rua,Rua A14,Santa Maria,71df064f-d17f-4cf5-ad45-93ce4e8182a5,SE
01a02d9d-26a0-761d-91e6-18f32ddef907,49008531,rua,Rua A2,Zona de Expansão (Mosqueiro),71df064f-d17f-4cf5-ad45-93ce4e8182a5,SE
01a02d9d-18d4-7e38-ad81-c19cd4daa700,49090393,rua,Rua A2,Bugio,71df064f-d17f-4cf5-ad45-93ce4e8182a5,SE
01a02d9c-f197-7a23-b42e-b1ea3fcc2a12,49043513,rua,Rua A2,Santa Maria,71df064f-d17f-4cf5-ad45-93ce4e8182a5,SE
01a02d9c-f573-7bcb-b76c-43d8e919bae4,49044478,rua,Rua A2,Santa Maria,71df064f-d17f-4cf5-ad45-93ce4e8182a5,SE
01a02d9d-0143-7719-a5a2-529ad20209f3,49063169,rua,Rua A2,Japãozinho,71df064f-d17f-4cf5-ad45-93ce4e8182a5,SE
01a02d9d-0745-7510-b48f-e6adbf9715a6,49070848,rua,Rua A3,Cidade Nova,71df064f-d17f-4cf5-ad45-93ce4e8182a5,SE
01a02d9c-f197-7a23-b42f-01e2a260fad4,49043516,rua,Rua A3,Santa Maria,71df064f-d17f-4cf5-ad45-93ce4e8182a5,SE
01a02d9d-22a8-7781-a73f-8c6f82513a67,49043519,rua,Rua A4,Santa Maria,71df064f-d17f-4cf5-ad45-93ce4e8182a5,SE
01a02d9d-16ee-7ea5-8e55-5f1da37f4bbe,49090132,rua,Rua A4,Bugio,71df064f-d17f-4cf5-ad45-93ce4e8182a5,SE
01a02d9d-16ef-7744-b453-991a0726bea9,49090236,rua,Rua A5,Bugio,71df064f-d17f-4cf5-ad45-93ce4e8182a5,SE
01a02d9c-f197-7a23-b430-0209d310ab64,49043522,rua,Rua A5,Santa Maria,71df064f-d17f-4cf5-ad45-93ce4e8182a5,SE
01a02d9c-e003-70f1-9dbe-369807e5e00d,49030083,rua,Rua A6,Farolândia,71df064f-d17f-4cf5-ad45-93ce4e8182a5,SE
01a02d9c-f198-72b8-a202-77577a72c01c,49043525,rua,Rua A6,Santa Maria,71df064f-d17f-4cf5-ad45-93ce4e8182a5,SE
01a02d9c-f574-7bf3-a67f-22e136f1169e,49044496,rua,Rua A6,Santa Maria,71df064f-d17f-4cf5-ad45-93ce4e8182a5,SE
01a02d9c-f574-7bf3-a680-17e76a0b6c9f,49044499,rua,Rua A7,Santa Maria,71df064f-d17f-4cf5-ad45-93ce4e8182a5,SE
01a02d9c-f198-72b8-a204-1413b3f073c3,49043531,rua,Rua A8,Santa Maria,71df064f-d17f-4cf5-ad45-93ce4e8182a5,SE
01a02d9c-f574-7bf3-a681-ebbbaed6cb18,49044502,rua,Rua A8,Santa Maria,71df064f-d17f-4cf5-ad45-93ce4e8182a5,SE
01a02d9c-f574-7bf3-a682-3130600f3750,49044505,rua,Rua A9,Santa Maria,71df064f-d17f-4cf5-ad45-93ce4e8182a5,SE
01a02d9d-3cbc-7ae2-a5ba-25495148d1d7,49506439,rua,Rua ABC do Sertão,Doutor José Milton Machado,8d820d6b-d516-4628-8228-0e70dcaf08f5,SE
01a02d9c-f754-7e84-9e0d-e27fd219f7c1,49047023,rua,Rua AD,Ponto Novo,71df064f-d17f-4cf5-ad45-93ce4e8182a5,SE
01a02d9d-28aa-7d74-8793-a5d50c76cf57,49043392,rua,Rua AL,São Conrado,71df064f-d17f-4cf5-ad45-93ce4e8182a5,SE
01a02d9c-fd5f-7dd9-bcf2-f3b89365da4b,49060010,rua,Rua Abdias Bezerra,Palestina,71df064f-d17f-4cf5-ad45-93ce4e8182a5,SE
01a02d9c-f754-7e84-9e03-c6bb029275a9,49046050,rua,Rua Abdias Nascimento,Luzia,71df064f-d17f-4cf5-ad45-93ce4e8182a5,SE
01a02d9d-3439-7f6f-8ab7-5a16aec17251,49503099,rua,Rua Abdias Venancio Neto,Serrano,8d820d6b-d516-4628-8228-0e70dcaf08f5,SE
01a02d9d-3aa9-7e4f-a07d-bccc7f7eac26,49506195,rua,Rua Abdon Pinto Monteiro,Rotary Club de Itabaiana,8d820d6b-d516-4628-8228-0e70dcaf08f5,SE
01a02d9c-d206-71b5-b37c-eba2bb964376,49003367,rua,Rua Abelardo Romero,17 de Março,71df064f-d17f-4cf5-ad45-93ce4e8182a5,SE
01a02d9d-3f01-70fa-8552-441fbeefe23f,49507845,rua,Rua Abner Alves de Almeida,Oviedo Teixeira,8d820d6b-d516-4628-8228-0e70dcaf08f5,SE
01a02d9d-0d20-7d89-91ac-410c9c8dbc30,49082010,rua,Rua Abolição,Novo Paraíso,71df064f-d17f-4cf5-ad45-93ce4e8182a5,SE
01a02d9c-e004-7268-8133-1434c63c8bd8,49030293,rua,Rua Abrahão Crispim de Souza,Farolândia,71df064f-d17f-4cf5-ad45-93ce4e8182a5,SE
01a02d9c-ebbf-7e0b-9b08-a7708e219497,49042010,rua,Rua Abílio Ferreira,São Conrado,71df064f-d17f-4cf5-ad45-93ce4e8182a5,SE
01a02d9d-3439-7f6f-8abf-119f812833b2,49503123,rua,Rua Abílio de Oliveira,Serrano,8d820d6b-d516-4628-8228-0e70dcaf08f5,SE
01a02d9c-cbc6-721d-a987-5edef9994375,49000230,rua,Rua Acadêmica Núbia Marques,Aruana,71df064f-d17f-4cf5-ad45-93ce4e8182a5,SE
01a02d9d-3cbc-7ae2-a5c1-7af09238da1e,49506522,rua,Rua Acauã,Doutor José Milton Machado,8d820d6b-d516-4628-8228-0e70dcaf08f5,SE
01a02d9d-1ac2-70e0-a664-97337af1354b,49095010,rua,Rua Accioly Porto,Jabotiana,71df064f-d17f-4cf5-ad45-93ce4e8182a5,SE
01a02d9d-323d-7823-b7e1-d87380a0a398,49502246,rua,Rua Acindino Amaro de Araújo,Marcela,8d820d6b-d516-4628-8228-0e70dcaf08f5,SE
01a02d9d-0745-7d7a-b4a2-dff6dd6193ee,49072010,rua,Rua Acre,Dezoito do Forte,71df064f-d17f-4cf5-ad45-93ce4e8182a5,SE
01a02d9d-0934-7568-8345-64d8c20d7c68,49075010,rua,Rua Acre,Siqueira Campos,71df064f-d17f-4cf5-ad45-93ce4e8182a5,SE
01a02d9d-0934-7568-8347-2ad0b79d9fc1,49075020,rua,Rua Acre,Siqueira Campos,71df064f-d17f-4cf5-ad45-93ce4e8182a5,SE
01a02d9d-0b2b-79eb-a512-576e2e50f4d7,49080010,rua,Rua Acre,América,71df064f-d17f-4cf5-ad45-93ce4e8182a5,SE
01a02d9d-1ea4-775d-87fc-4aa1fb7776be,49097010,rua,Rua Acre,Ponto Novo,71df064f-d17f-4cf5-ad45-93ce4e8182a5,SE
01a02d9d-0b2b-7174-a50c-a77a7033076f,49075970,rua,Rua Acre 1084,Siqueira Campos,71df064f-d17f-4cf5-ad45-93ce4e8182a5,SE
01a02d9d-0b2b-7174-a50d-584b9bdf4854,49075971,rua,Rua Acre 1084,Siqueira Campos,71df064f-d17f-4cf5-ad45-93ce4e8182a5,SE
01a02d9d-0b2b-79eb-a50e-d676e6e2a904,49075972,rua,Rua Acre 1084,Siqueira Campos,71df064f-d17f-4cf5-ad45-93ce4e8182a5,SE
01a02d9d-0b2b-79eb-a50f-be359925b68c,49075975,rua,Rua Acre 1084,Siqueira Campos,71df064f-d17f-4cf5-ad45-93ce4e8182a5,SE
01a02d9d-2c74-7baa-9a63-7b0bc5643b3b,49080904,rua,Rua Acre 2504,América,71df064f-d17f-4cf5-ad45-93ce4e8182a5,SE
01a02d9c-ddf5-72f5-b3ea-ea28774a28f6,49025340,rua,Rua Acrísio Moreira Siqueira,Jardins,71df064f-d17f-4cf5-ad45-93ce4e8182a5,SE
01a02d9c-cbc6-7abc-a997-3d49eb9e2808,49000393,rua,Rua Adalberto Fonseca,Aruana,71df064f-d17f-4cf5-ad45-93ce4e8182a5,SE
01a02d9d-305b-7f8f-b88d-5c4e2fa67665,49500621,rua,Rua Adalberto Silva,São Cristóvão,8d820d6b-d516-4628-8228-0e70dcaf08f5,SE
01a02d9c-cddf-795a-89b6-a6bef517a2d6,49001168,rua,Rua Adalgisa de Oliveira,Aruana,71df064f-d17f-4cf5-ad45-93ce4e8182a5,SE
01a02d9d-18d5-7f7e-9b39-55b352dc4ffc,49090730,rua,Rua Adalto Barbosa da Costa,Bugio,71df064f-d17f-4cf5-ad45-93ce4e8182a5,SE
01a02d9d-0f0f-7b41-b261-ac1b173d58bc,49085010,rua,Rua Adelaide de Souza Ferraz,José Conrado de Araújo,71df064f-d17f-4cf5-ad45-93ce4e8182a5,SE
01a02d9c-f574-7bf3-a694-de753b908e46,49045020,rua,Rua Adelermo Brito Bomfim,Luzia,71df064f-d17f-4cf5-ad45-93ce4e8182a5,SE
01a02d9c-f199-73e4-a679-edbd9d84e81b,49043663,rua,Rua Adelino Nascimento,Santa Maria,71df064f-d17f-4cf5-ad45-93ce4e8182a5,SE
01a02d9d-323b-7e08-8d9a-e2e6e92d7938,49502019,rua,Rua Ademir Marinheiro da Silva,Marcela,8d820d6b-d516-4628-8228-0e70dcaf08f5,SE
01a02d9c-e1fe-72c4-b662-1677dbeef1dd,49031076,rua,Rua Adenilde da Conceição Francisca,Farolândia,71df064f-d17f-4cf5-ad45-93ce4e8182a5,SE
01a02d9d-0143-7719-a5b5-fbace50d1c24,49065010,rua,Rua Adezinho da Costa Pinto,Industrial,71df064f-d17f-4cf5-ad45-93ce4e8182a5,SE
01a02d9d-3624-7ba9-9205-f46f65ffbc33,49503680,rua,Rua Adhemar de Carvalho,Anízio Amancio de Oliveira,8d820d6b-d516-4628-8228-0e70dcaf08f5,SE
01a02d9c-e9cd-7d4c-8d37-42f059767f33,49040030,rua,Rua Adroaldo Campos,Inácio Barbosa,71df064f-d17f-4cf5-ad45-93ce4e8182a5,SE
01a02d9d-3f00-7855-9ae1-e17bd7f10c2d,49507790,rua,Rua Aduilson de Jesus,Oviedo Teixeira,8d820d6b-d516-4628-8228-0e70dcaf08f5,SE
01a02d9d-0d20-7d89-91ad-0d37b386709f,49082020,rua,Rua Afonso Pena,Novo Paraíso,71df064f-d17f-4cf5-ad45-93ce4e8182a5,SE
01a02d9d-24a3-7e28-88be-5ba9680607c3,49096273,rua,Rua Agapito Silva,Jabotiana,71df064f-d17f-4cf5-ad45-93ce4e8182a5,SE
01a02d9d-3aab-7022-8dfd-d44c2c410c28,49506282,rua,Rua Agdo Oliveira Santos,Rotary Club de Itabaiana,8d820d6b-d516-4628-8228-0e70dcaf08f5,SE
01a02d9c-e5f0-79f6-9267-124ed24e394a,49037026,rua,Rua Agenor Costa Vieira,Aeroporto,71df064f-d17f-4cf5-ad45-93ce4e8182a5,SE
01a02d9c-e7d7-700e-a266-66eb1b62352e,49037972,rua,Rua Agenor Costa Vieira 70,Aeroporto,71df064f-d17f-4cf5-ad45-93ce4e8182a5,SE
01a02d9c-e002-780d-9ae3-ffe397f52c23,49030020,rua,Rua Agenor Machado de Freitas,Farolândia,71df064f-d17f-4cf5-ad45-93ce4e8182a5,SE
01a02d9d-3623-7b7e-a11d-cd6c800b7261,49503610,rua,Rua Agenário Pereira de Carvalho,Anízio Amancio de Oliveira,8d820d6b-d516-4628-8228-0e70dcaf08f5,SE
01a02d9c-e7d6-77a3-a98a-b6495f4d6cfc,49037720,rua,Rua Agnaldo José Brito,Aeroporto,71df064f-d17f-4cf5-ad45-93ce4e8182a5,SE
01a02d9d-323b-7e08-8d98-3dea7c148894,49502013,rua,Rua Agnaldo Oliveira de Jesus,Marcela,8d820d6b-d516-4628-8228-0e70dcaf08f5,SE
01a02d9c-e002-780d-9ae4-c82559b2b71a,49030030,rua,Rua Agrônomo Tenisson Freire,Farolândia,71df064f-d17f-4cf5-ad45-93ce4e8182a5,SE
01a02d9c-f19b-762b-a1c4-86964045a0b5,49043803,rua,Rua Aguinaldo Dantas,Santa Maria,71df064f-d17f-4cf5-ad45-93ce4e8182a5,SE
01a02d9c-ebbf-7e0b-9b09-11e77cfa223a,49042020,rua,Rua Airton Santana,São Conrado,71df064f-d17f-4cf5-ad45-93ce4e8182a5,SE
01a02d9d-3cbd-7c5a-babe-0de0c34514bc,49506858,rua,Rua Airton dos Santos,Doutor José Milton Machado,8d820d6b-d516-4628-8228-0e70dcaf08f5,SE
01a02d9d-0934-7568-8348-61a64d1528d7,49075030,rua,Rua Alagoas,Siqueira Campos,71df064f-d17f-4cf5-ad45-93ce4e8182a5,SE
01a02d9d-0f0f-7b41-b260-01436bf70a09,49085000,rua,Rua Alagoas,José Conrado de Araújo,71df064f-d17f-4cf5-ad45-93ce4e8182a5,SE
01a02d9d-0f11-7409-b3a1-513e6c23b9ac,49085970,rua,Rua Alagoas 1316,José Conrado de Araújo,71df064f-d17f-4cf5-ad45-93ce4e8182a5,SE
01a02d9d-0f11-7409-b3a2-c42b8bba5108,49085972,rua,Rua Alagoas 1316,José Conrado de Araújo,71df064f-d17f-4cf5-ad45-93ce4e8182a5,SE
01a02d9d-2c75-7446-a5ed-86feb17457c2,49085971,rua,Rua Alagoas 1316,José Conrado de Araújo,71df064f-d17f-4cf5-ad45-93ce4e8182a5,SE
01a02d9d-2a92-74f4-95e8-0c77941b3835,49071019,rua,Rua Alagoinhas,Dom Luciano,71df064f-d17f-4cf5-ad45-93ce4e8182a5,SE
01a02d9d-269f-7db0-847f-098b0a7ce0ee,49004240,rua,Rua Alameda dos Ipês,Zona de Expansão (Robalo),71df064f-d17f-4cf5-ad45-93ce4e8182a5,SE
01a02d9d-3622-78a8-9357-883720d74ad1,49503444,rua,Rua Alan Kardec,Anízio Amancio de Oliveira,8d820d6b-d516-4628-8228-0e70dcaf08f5,SE
01a02d9d-0b2b-79eb-a513-d7c125c2886d,49080020,rua,Rua Alaska,América,71df064f-d17f-4cf5-ad45-93ce4e8182a5,SE
01a02d9d-305c-7827-b06e-26532cbcc643,49500885,rua,Rua Alaíde Maria Machado,São Cristóvão,8d820d6b-d516-4628-8228-0e70dcaf08f5,SE
01a02d9d-3cbc-724f-a5b6-94d86effdcce,49506364,rua,Rua Alaíde de Rezende Prado,Doutor José Milton Machado,8d820d6b-d516-4628-8228-0e70dcaf08f5,SE
01a02d9d-0550-7312-89a0-dc217b7decd8,49069024,rua,Rua Albano Franco,Porto D'Antas,71df064f-d17f-4cf5-ad45-93ce4e8182a5,SE
01a02d9c-fb69-7a00-8c0e-33cba68e247d,49052060,rua,Rua Alberto Azevedo,Pereira Lobo,71df064f-d17f-4cf5-ad45-93ce4e8182a5,SE
01a02d9c-e7d5-7f0d-90a3-2e47f75c346d,49037630,rua,Rua Alberto Bragança de Azevedo,Atalaia,71df064f-d17f-4cf5-ad45-93ce4e8182a5,SE
01a02d9c-d207-733a-80b6-b459c9b2770d,49004273,rua,Rua Alberto Dias de Matos,Zona de Expansão (Robalo),71df064f-d17f-4cf5-ad45-93ce4e8182a5,SE
01a02d9c-e002-780d-9ae5-77978b5ad9f4,49030040,rua,Rua Albino Rufino de Santana,Farolândia,71df064f-d17f-4cf5-ad45-93ce4e8182a5,SE
01a02d9c-e5f0-79f6-9265-4fc075627c40,49037020,rua,Rua Alceu Amoroso Lima,Aeroporto,71df064f-d17f-4cf5-ad45-93ce4e8182a5,SE
01a02d9d-0934-7568-8340-a02eb56594fa,49072780,rua,Rua Alcides Ferreira,Dezoito do Forte,71df064f-d17f-4cf5-ad45-93ce4e8182a5,SE
01a02d9c-dc0a-726b-a947-8f9181549190,49015420,rua,Rua Alcides Leite,São José,71df064f-d17f-4cf5-ad45-93ce4e8182a5,SE
01a02d9c-f754-75e6-9df9-e4c1902df3ed,49045800,rua,Rua Alcino Oliveira Neto,Luzia,71df064f-d17f-4cf5-ad45-93ce4e8182a5,SE
01a02d9d-323c-76ae-967a-0e47b8cb76b9,49502103,rua,Rua Alcídes Mendonça Mota,Marcela,8d820d6b-d516-4628-8228-0e70dcaf08f5,SE
01a02d9c-f754-7e84-9e0c-e7e59641b301,49047010,rua,Rua Alda Aguiar Lima,Ponto Novo,71df064f-d17f-4cf5-ad45-93ce4e8182a5,SE
01a02d9c-e5f0-79f6-925f-67660004a1bc,49036240,rua,Rua Alda Mesquita Teixeira,Coroa do Meio,71df064f-d17f-4cf5-ad45-93ce4e8182a5,SE
01a02d9d-2a91-7c3f-8641-459ede6b52bb,49071004,rua,Rua Aldemar Andrade Boto,Dom Luciano,71df064f-d17f-4cf5-ad45-93ce4e8182a5,SE
01a02d9c-f574-7bf3-a69b-32c6be6feb4b,49045100,rua,Rua Aldjebran Garcia Moreno,Luzia,71df064f-d17f-4cf5-ad45-93ce4e8182a5,SE
01a02d9c-fb69-7a00-8c0c-e5ca4d9c978d,49052040,rua,Rua Aldon Figueiredo,Pereira Lobo,71df064f-d17f-4cf5-ad45-93ce4e8182a5,SE
01a02d9c-da15-7399-adc5-23cf603bd08f,49010440,rua,Rua Alecrim,Centro,71df064f-d17f-4cf5-ad45-93ce4e8182a5,SE
01a02d9d-269f-7db0-8482-9acb18983221,49004249,rua,Rua Alecrim,Zona de Expansão (Robalo),71df064f-d17f-4cf5-ad45-93ce4e8182a5,SE
01a02d9d-385f-753d-a09e-b587f52c4168,49504117,rua,Rua Alemar Batista de Andrade,Marianga,8d820d6b-d516-4628-8228-0e70dcaf08f5,SE
01a02d9d-3861-7807-bf8f-778a02daf8a9,49505100,rua,Rua Alemar Batista de Andrade,Miguel Teles de Mendonça,8d820d6b-d516-4628-8228-0e70dcaf08f5,SE
01a02d9d-3860-7f3e-858b-0d12e860e304,49504901,rua,Rua Alemar Batista de Andrade 201,Marianga,8d820d6b-d516-4628-8228-0e70dcaf08f5,SE
01a02d9c-f754-75e6-9df2-75f857cc9ef5,49045750,rua,Rua Alessandro Oliveira Porto,Luzia,71df064f-d17f-4cf5-ad45-93ce4e8182a5,SE
01a02d9d-209c-7757-afb3-5a8d73b5ba28,49097680,rua,Rua Alessandro Santos de Santana,Ponto Novo,71df064f-d17f-4cf5-ad45-93ce4e8182a5,SE
01a02d9c-eda1-7f9a-bf1c-9348ea0cfcd2,49042405,rua,Rua Alexandre Belano Vieira Alves,São Conrado,71df064f-d17f-4cf5-ad45-93ce4e8182a5,SE
01a02d9d-18d7-70ae-8e3f-59c16203d386,49092070,rua,Rua Alexandre Bispo de Andrade,Olaria,71df064f-d17f-4cf5-ad45-93ce4e8182a5,SE
01a02d9c-e3fe-7765-af77-502c05918d03,49035140,rua,Rua Alexandre Freitas Barros,Coroa do Meio,71df064f-d17f-4cf5-ad45-93ce4e8182a5,SE
01a02d9d-22a7-7785-886e-688d9bef418f,49040040,rua,Rua Alexandre Gusmão,Inácio Barbosa,71df064f-d17f-4cf5-ad45-93ce4e8182a5,SE
01a02d9c-e7d5-7f0d-90ae-e598c3312a31,49037693,rua,Rua Alexandro Mota Prado,Aeroporto,71df064f-d17f-4cf5-ad45-93ce4e8182a5,SE
01a02d9d-0551-7cb5-a2ec-8cbb623a91e8,49069198,rua,Rua Alfa,Porto D'Antas,71df064f-d17f-4cf5-ad45-93ce4e8182a5,SE
01a02d9c-e1ff-7d24-b162-39083c77d8dd,49032010,rua,Rua Alferes José Pedro de Brito,Farolândia,71df064f-d17f-4cf5-ad45-93ce4e8182a5,SE
01a02d9d-1ea4-775d-87fd-f4722109e9ab,49097020,rua,Rua Alfredo Lucas,Ponto Novo,71df064f-d17f-4cf5-ad45-93ce4e8182a5,SE
01a02d9c-cbc7-7342-9679-d6e731e81691,49000492,rua,Rua Aline Santos França,Aruana,71df064f-d17f-4cf5-ad45-93ce4e8182a5,SE
01a02d9d-323a-7366-813a-810096a5bc62,49501398,rua,Rua Aloisio Santana,Bananeiras,8d820d6b-d516-4628-8228-0e70dcaf08f5,SE
01a02d9c-f94a-7a38-992b-987c254407a1,49050050,rua,Rua Aloísio Braga,Suíssa,71df064f-d17f-4cf5-ad45-93ce4e8182a5,SE
01a02d9c-e3fd-7eb0-b63e-469fe4468cba,49035020,rua,Rua Aloísio Campos,Atalaia,71df064f-d17f-4cf5-ad45-93ce4e8182a5,SE
01a02d9c-ddf5-7b85-b409-ce1e8b901153,49025800,rua,Rua Aloísio Rodrigo Teti Filho,Jardins,71df064f-d17f-4cf5-ad45-93ce4e8182a5,SE
01a02d9d-0551-742a-a2e2-4dad646b5d1b,49069168,rua,Rua Altamira,Porto D'Antas,71df064f-d17f-4cf5-ad45-93ce4e8182a5,SE
01a02d9d-0143-7fcd-a5be-5114c6a72ee9,49065050,rua,Rua Altamira,Industrial,71df064f-d17f-4cf5-ad45-93ce4e8182a5,SE
01a02d9c-e5f2-7c46-98d0-e4c7f6cf8dd0,49037360,rua,Rua Alto da Bela Vista,Atalaia,71df064f-d17f-4cf5-ad45-93ce4e8182a5,SE
01a02d9d-0551-7cb5-a2f3-bbdd4396b6b8,49070020,rua,Rua Alto do Morro da TV,Cidade Nova,71df064f-d17f-4cf5-ad45-93ce4e8182a5,SE
01a02d9d-0745-7510-b495-18e5ce52588c,49070900,rua,Rua Alto do Morro da TV 65,Cidade Nova,71df064f-d17f-4cf5-ad45-93ce4e8182a5,SE
01a02d9c-e3fc-74b0-92dd-98651fff706f,49032350,rua,Rua Alu Campos,Farolândia,71df064f-d17f-4cf5-ad45-93ce4e8182a5,SE
01a02d9d-3f02-7289-baeb-17fc5528e8d1,49509091,rua,Rua Aluízio Almeida Silva,Mamede Paes Mendonça,8d820d6b-d516-4628-8228-0e70dcaf08f5,SE
01a02d9d-305d-70c5-8c7f-9e6415f64e35,49501365,rua,Rua Aluízio Lima dos Santos,Bananeiras,8d820d6b-d516-4628-8228-0e70dcaf08f5,SE
01a02d9d-323a-7366-8135-6203568dab2b,49501375,rua,Rua Aluízio de Almeida e Silva,Bananeiras,8d820d6b-d516-4628-8228-0e70dcaf08f5,SE
01a02d9d-4320-7220-a395-ee18f2e24d7c,49511240,rua,Rua Alvino Tavares de Jesus,Queimadas,8d820d6b-d516-4628-8228-0e70dcaf08f5,SE
01a02d9c-d619-73e3-ac23-a6a9f70366cb,49007376,rua,Rua Alvino dos Santos,Zona de Expansão (Areia Branca),71df064f-d17f-4cf5-ad45-93ce4e8182a5,SE
01a02d9d-0b2b-79eb-a518-f395e7208164,49080050,rua,Rua Alzira Rezende,América,71df064f-d17f-4cf5-ad45-93ce4e8182a5,SE
01a02d9c-e003-70f1-9dbb-12eb3d8147d7,49030060,rua,Rua Alziro Zarur,Farolândia,71df064f-d17f-4cf5-ad45-93ce4e8182a5,SE
01a02d9d-0b2b-79eb-a514-156af1070e40,49080030,rua,Rua Alípio José dos Santos,América,71df064f-d17f-4cf5-ad45-93ce4e8182a5,SE
01a02d9d-0d20-7d89-91af-f848d086cbf5,49082030,rua,Rua Amador Bueno,Novo Paraíso,71df064f-d17f-4cf5-ad45-93ce4e8182a5,SE
01a02d9d-4120-7d78-9950-4bb92c60a498,49509626,rua,Rua Amanda Santos Rezende,Porto,8d820d6b-d516-4628-8228-0e70dcaf08f5,SE
01a02d9d-12ef-7d86-bc78-60d5aca1317e,49088090,rua,Rua Amando Fontes,Lamarão,71df064f-d17f-4cf5-ad45-93ce4e8182a5,SE
01a02d9d-0934-7568-834a-a9a86343c28f,49075050,rua,Rua Amapá,Siqueira Campos,71df064f-d17f-4cf5-ad45-93ce4e8182a5,SE
01a02d9d-0b2b-79eb-a516-d549b16b95e2,49080040,rua,Rua Amapá,América,71df064f-d17f-4cf5-ad45-93ce4e8182a5,SE
01a02d9c-d206-71b5-b37a-7f10089eaeb6,49032030,rua,Rua Amaralina,Farolândia,71df064f-d17f-4cf5-ad45-93ce4e8182a5,SE
01a02d9d-3aab-78cb-8e03-598db5c38f30,49506300,rua,Rua Amazilde Menezes Sampaio,Rotary Club de Itabaiana,8d820d6b-d516-4628-8228-0e70dcaf08f5,SE
01a02d9d-0934-7568-834c-812099ab3bd4,49075070,rua,Rua Amazonas,Siqueira Campos,71df064f-d17f-4cf5-ad45-93ce4e8182a5,SE
01a02d9c-ddf6-7cf2-a350-221c95af6872,49027020,rua,Rua Amintas Diniz de Aguiar Dantas,Grageru,71df064f-d17f-4cf5-ad45-93ce4e8182a5,SE
01a02d9c-fd5f-7dd9-bced-130b83fab0ab,49055740,rua,Rua Amintas de Souza Bonfim,Getúlio Vargas,71df064f-d17f-4cf5-ad45-93ce4e8182a5,SE
01a02d9c-dc0a-7b31-a980-09b872a99584,49020470,rua,Rua Américo Curvelo,Salgado Filho,71df064f-d17f-4cf5-ad45-93ce4e8182a5,SE
01a02d9c-dc0b-7b5e-82c3-641c6736a10c,49025020,rua,Rua Américo Curvelo,Grageru,71df064f-d17f-4cf5-ad45-93ce4e8182a5,SE
01a02d9d-1cb7-7c6f-bed2-5eaa4015be3b,49095580,rua,Rua Ana Cristina Matheus Silva,Jabotiana,71df064f-d17f-4cf5-ad45-93ce4e8182a5,SE
01a02d9c-e201-7703-abc3-f25d0e33e014,49032246,rua,Rua Ana Célia Santos Barroso,Farolândia,71df064f-d17f-4cf5-ad45-93ce4e8182a5,SE
01a02d9d-3cbd-7399-bab0-64a1f703846b,49506728,rua,Rua Ana Silva Leal,Doutor José Milton Machado,8d820d6b-d516-4628-8228-0e70dcaf08f5,SE
01a02d9d-3f02-7b6c-baf7-5b72e295da19,49509152,rua,Rua Ana Souza de Jesus,Mamede Paes Mendonça,8d820d6b-d516-4628-8228-0e70dcaf08f5,SE
01a02d9d-4321-7221-ad16-0c2061305b80,49511628,rua,Rua Anacleto Antônio da Silva,Queimadas,8d820d6b-d516-4628-8228-0e70dcaf08f5,SE
01a02d9c-ddf6-745c-a348-be2a3092f2c9,49026220,rua,Rua Analice Oliveira de Sá,Jardins,71df064f-d17f-4cf5-ad45-93ce4e8182a5,SE
01a02d9c-ef94-7247-9677-90f441999997,49043457,rua,Rua Analú,Santa Maria,71df064f-d17f-4cf5-ad45-93ce4e8182a5,SE
01a02d9d-305b-7f8f-b892-9ffaec492cd0,49500636,rua,Rua Ananias Antonio Machado,São Cristóvão,8d820d6b-d516-4628-8228-0e70dcaf08f5,SE
01a02d9c-dc0a-726b-a956-e0c125e21c74,49020085,rua,Rua Ananias Azevedo,Treze de Julho,71df064f-d17f-4cf5-ad45-93ce4e8182a5,SE
01a02d9c-dc0a-7b31-a986-ca0342187f3f,49020535,rua,Rua Ananias Azevedo,Salgado Filho,71df064f-d17f-4cf5-ad45-93ce4e8182a5,SE
01a02d9c-f752-7be7-82d6-9cecaeb4a585,49045376,rua,Rua Ananias Ferreira,Luzia,71df064f-d17f-4cf5-ad45-93ce4e8182a5,SE
01a02d9d-14f6-71e6-bb2d-983e092b7c89,49089264,rua,Rua Anatália Carvalho Santos,Soledade,71df064f-d17f-4cf5-ad45-93ce4e8182a5,SE
01a02d9d-0143-7fcd-a5c8-85796d0c60bd,49065100,rua,Rua Anatólio Garcia Moreno,Industrial,71df064f-d17f-4cf5-ad45-93ce4e8182a5,SE
01a02d9d-3860-76c1-8573-7a83a5ddee84,49504349,rua,Rua Anatólio Garcia Moreno Sobrinho,Marianga,8d820d6b-d516-4628-8228-0e70dcaf08f5,SE
01a02d9d-24a3-7e28-88b7-d23c4d033c8f,49091100,rua,Rua Anchieta,Bugio,71df064f-d17f-4cf5-ad45-93ce4e8182a5,SE
01a02d9c-ebbe-7ce3-85f1-25f68339b10f,49040760,rua,Rua Andrezina Vieira Dória,Inácio Barbosa,71df064f-d17f-4cf5-ad45-93ce4e8182a5,SE
01a02d9c-e7d6-77a3-a98c-082a81b50250,49037740,rua,Rua André Ramos,Atalaia,71df064f-d17f-4cf5-ad45-93ce4e8182a5,SE
01a02d9d-14f4-778d-8865-ce89e6325a61,49088320,rua,Rua André Teles de Menezes,Lamarão,71df064f-d17f-4cf5-ad45-93ce4e8182a5,SE
01a02d9c-fd5e-7442-b144-6dc978adba51,49055443,rua,Rua Andréia Oliveira Passos,Cirurgia,71df064f-d17f-4cf5-ad45-93ce4e8182a5,SE
01a02d9c-ebbf-7e0b-9b0a-01debc1b4943,49042030,rua,Rua Anita Vasconcelos Tavares,São Conrado,71df064f-d17f-4cf5-ad45-93ce4e8182a5,SE
01a02d9d-28a9-7bed-a60f-ced95e0fd2f6,49026196,rua,Rua Anna Dulce Vieira de Carvalho,Jardins,71df064f-d17f-4cf5-ad45-93ce4e8182a5,SE
01a02d9d-4123-7039-8e42-3d67e7d961fa,49509890,rua,Rua Antonio Alves do Amorim,Porto,8d820d6b-d516-4628-8228-0e70dcaf08f5,SE
01a02d9d-4321-7221-ad20-f681cea178c2,49511740,rua,Rua Antonio Alves dos Santos,Queimadas,8d820d6b-d516-4628-8228-0e70dcaf08f5,SE
01a02d9d-4124-7a39-839f-3d625b4ee659,49510570,rua,Rua Antonio Bispo,Riacho Doce,8d820d6b-d516-4628-8228-0e70dcaf08f5,SE
01a02d9d-2e64-7a5b-9480-33cf6d23dce9,49500341,rua,Rua Antonio Diniz Santana,São Cristóvão,8d820d6b-d516-4628-8228-0e70dcaf08f5,SE
01a02d9d-2e64-71a7-9462-01fc3a0e25c4,49500232,rua,Rua Antonio Dultra,Centro,8d820d6b-d516-4628-8228-0e70dcaf08f5,SE
01a02d9d-2e63-78f6-b361-5a6652adbe33,49500151,rua,Rua Antonio Dultra,Centro,8d820d6b-d516-4628-8228-0e70dcaf08f5,SE
01a02d9d-305a-7e56-8efc-8103a8c99f42,49500454,rua,Rua Antonio Félix Barros,São Cristóvão,8d820d6b-d516-4628-8228-0e70dcaf08f5,SE
01a02d9d-3439-7f6f-8ab5-8a358f08b0b6,49503093,rua,Rua Antonio Germano Oliveira,Serrano,8d820d6b-d516-4628-8228-0e70dcaf08f5,SE
01a02d9d-343b-7f7d-a38a-9a5a5594297f,49503393,rua,Rua Antonio Higino dos Santos,Anízio Amancio de Oliveira,8d820d6b-d516-4628-8228-0e70dcaf08f5,SE
01a02d9d-343b-7f7d-a38d-4aa4d3798408,49503402,rua,Rua Antonio Higino dos Santos,Anízio Amancio de Oliveira,8d820d6b-d516-4628-8228-0e70dcaf08f5,SE
01a02d9d-2c77-769a-94e6-dfebf446fe81,49500031,rua,Rua Antonio Higino dos Santos,Centro,8d820d6b-d516-4628-8228-0e70dcaf08f5,SE
01a02d9d-2e63-78f6-b35c-cca0aa1f7c3a,49500136,rua,Rua Antonio Joaquim da Silva,Centro,8d820d6b-d516-4628-8228-0e70dcaf08f5,SE
01a02d9d-4320-7220-a3a5-4e0750d29896,49511530,rua,Rua Antonio José Messias,Queimadas,8d820d6b-d516-4628-8228-0e70dcaf08f5,SE
01a02d9d-3438-7f59-9a87-bbcaef5c1454,49503087,rua,Rua Antonio Santana,Serrano,8d820d6b-d516-4628-8228-0e70dcaf08f5,SE
01a02d9d-3aaa-7743-afa4-917acdb8eb20,49506243,rua,Rua Antonio Santana,Rotary Club de Itabaiana,8d820d6b-d516-4628-8228-0e70dcaf08f5,SE
01a02d9d-385f-753d-a09f-cdb1d6079668,49504120,rua,Rua Antonio dos Reis,Marianga,8d820d6b-d516-4628-8228-0e70dcaf08f5,SE
01a02d9d-3861-7807-bf89-93c498343271,49505070,rua,Rua Antonio dos Reis,Miguel Teles de Mendonça,8d820d6b-d516-4628-8228-0e70dcaf08f5,SE
01a02d9c-f949-7017-9f10-09099e650e2a,49048020,rua,Rua Antônio Alexandre Menezes,Luzia,71df064f-d17f-4cf5-ad45-93ce4e8182a5,SE
01a02d9d-1ac2-7956-a666-fe9c29c4b298,49095030,rua,Rua Antônio Alves Aragão,Jabotiana,71df064f-d17f-4cf5-ad45-93ce4e8182a5,SE
01a02d9d-323c-76ae-9676-bdf610ee1991,49502091,rua,Rua Antônio Alves Sobrinho,Marcela,8d820d6b-d516-4628-8228-0e70dcaf08f5,SE
01a02d9d-3cbd-7c5a-bace-ace2ecedfafb,49507097,rua,Rua Antônio Alves dos Santos,Doutor José Milton Machado,8d820d6b-d516-4628-8228-0e70dcaf08f5,SE
01a02d9c-e3fd-7eb0-b641-073b070210c0,49035050,rua,Rua Antônio Andrade,Coroa do Meio,71df064f-d17f-4cf5-ad45-93ce4e8182a5,SE
01a02d9c-d208-7d54-bc37-ad129e993818,49004709,rua,Rua Antônio Barbosa,Zona de Expansão (Robalo),71df064f-d17f-4cf5-ad45-93ce4e8182a5,SE
01a02d9c-e1fe-72c4-b664-da462cc3d084,49031090,rua,Rua Antônio Barbosa de Araújo,Farolândia,71df064f-d17f-4cf5-ad45-93ce4e8182a5,SE
01a02d9d-1cb7-7406-bec2-9abb1827c2f1,49095400,rua,Rua Antônio Cabral Tavares,Jabotiana,71df064f-d17f-4cf5-ad45-93ce4e8182a5,SE
01a02d9d-3622-78a8-935f-ed8432770086,49503483,rua,Rua Antônio Caetano da Cunha,Anízio Amancio de Oliveira,8d820d6b-d516-4628-8228-0e70dcaf08f5,SE
01a02d9c-e201-7703-abc7-07000624821d,49032290,rua,Rua Antônio Carlos Dias Soares,Farolândia,71df064f-d17f-4cf5-ad45-93ce4e8182a5,SE
01a02d9d-12ef-7d86-bc73-2ae0c429a573,49088070,rua,Rua Antônio Carlos Viana,Lamarão,71df064f-d17f-4cf5-ad45-93ce4e8182a5,SE
01a02d9d-3622-78a8-9364-3beefe79b8d1,49503498,rua,Rua Antônio Carlos de Almeida Alves,Anízio Amancio de Oliveira,8d820d6b-d516-4628-8228-0e70dcaf08f5,SE
01a02d9c-ddf7-7587-abef-69b6e8bfa7e9,49027300,rua,Rua Antônio Conde Dias,Jardins,71df064f-d17f-4cf5-ad45-93ce4e8182a5,SE
01a02d9d-1cb6-72f1-971f-3bb42101ebda,49095050,rua,Rua Antônio Dória da Silva,Jabotiana,71df064f-d17f-4cf5-ad45-93ce4e8182a5,SE
01a02d9d-16ee-7ea5-8e49-15e737906a71,49090093,rua,Rua Antônio Farias Costa,Jardim Centenário,71df064f-d17f-4cf5-ad45-93ce4e8182a5,SE
01a02d9c-d61a-75a6-bc2e-9e011338769d,49008063,rua,Rua Antônio Fernandes Santos,Zona de Expansão (Mosqueiro),71df064f-d17f-4cf5-ad45-93ce4e8182a5,SE
01a02d9d-269f-751d-8471-0da09353333d,49096291,rua,Rua Antônio Fernando dos Reis Ribeiro,Jabotiana,71df064f-d17f-4cf5-ad45-93ce4e8182a5,SE
01a02d9c-e1ff-743f-b153-6b02a3ea27da,49031280,rua,Rua Antônio Fonseca Neto,Farolândia,71df064f-d17f-4cf5-ad45-93ce4e8182a5,SE
01a02d9d-12ed-79b9-86f2-715df7e39f44,49087606,rua,Rua Antônio Francisco Bastos,Santos Dumont,71df064f-d17f-4cf5-ad45-93ce4e8182a5,SE
01a02d9d-3623-7b7e-a122-d7aa77118439,49503623,rua,Rua Antônio Francisco da Cunha,Anízio Amancio de Oliveira,8d820d6b-d516-4628-8228-0e70dcaf08f5,SE
01a02d9d-3860-76c1-8571-9d9633b67b32,49504343,rua,Rua Antônio Francisco da Cunha,Marianga,8d820d6b-d516-4628-8228-0e70dcaf08f5,SE
01a02d9d-385f-7de5-a0ae-b5140cb51281,49504247,rua,Rua Antônio Francisco de Jesus,Marianga,8d820d6b-d516-4628-8228-0e70dcaf08f5,SE
01a02d9d-3860-7f3e-857d-d59e6b747616,49504379,rua,Rua Antônio Francisco dos Santos,Marianga,8d820d6b-d516-4628-8228-0e70dcaf08f5,SE
01a02d9d-3625-7baa-b00f-1b766a3f9d74,49503714,rua,Rua Antônio Joaquim da Silva,Anízio Amancio de Oliveira,8d820d6b-d516-4628-8228-0e70dcaf08f5,SE
01a02d9d-323c-76ae-9669-8d4b17c4c2a4,49502046,rua,Rua Antônio Joaquim de Santana,Marcela,8d820d6b-d516-4628-8228-0e70dcaf08f5,SE
01a02d9d-18d5-7f7e-9b3d-01b54875913f,49090760,rua,Rua Antônio José da Conceição,Jardim Centenário,71df064f-d17f-4cf5-ad45-93ce4e8182a5,SE
01a02d9d-3aa8-7d39-8ef5-2fc7d6f4688f,49506027,rua,Rua Antônio José da Costa,Rotary Club de Itabaiana,8d820d6b-d516-4628-8228-0e70dcaf08f5,SE
01a02d9d-3f01-70fa-8561-5abd0460ca67,49508145,rua,Rua Antônio José de Almeida Filho,Oviedo Teixeira,8d820d6b-d516-4628-8228-0e70dcaf08f5,SE
01a02d9d-431f-7222-ae20-1b04d24a7dcc,49511118,rua,Rua Antônio José de Andrade,Queimadas,8d820d6b-d516-4628-8228-0e70dcaf08f5,SE
01a02d9c-dc0a-7b31-a987-e11ca12c3819,49020540,rua,Rua Antônio José de Carvalho,Salgado Filho,71df064f-d17f-4cf5-ad45-93ce4e8182a5,SE
01a02d9c-f753-74c5-94e1-dab392c238f9,49045440,rua,Rua Antônio José de Souza,Luzia,71df064f-d17f-4cf5-ad45-93ce4e8182a5,SE
01a02d9d-1cb8-74ef-96d5-b5890ad7c880,49095783,rua,Rua Antônio José dos Santos,Jabotiana,71df064f-d17f-4cf5-ad45-93ce4e8182a5,SE
01a02d9c-e003-70f1-9dbc-db2d6e83c8f7,49030070,rua,Rua Antônio Leite Guimarães,Farolândia,71df064f-d17f-4cf5-ad45-93ce4e8182a5,SE
01a02d9d-3aab-7022-8dfb-f3e5002c3738,49506276,rua,Rua Antônio Leite Sampaio,Rotary Club de Itabaiana,8d820d6b-d516-4628-8228-0e70dcaf08f5,SE
01a02d9d-0f0f-7b41-b265-8106ab18da52,49085030,rua,Rua Antônio Lima de Farias,José Conrado de Araújo,71df064f-d17f-4cf5-ad45-93ce4e8182a5,SE
01a02d9c-d61c-75c9-ba1e-3913c7056ab1,49008372,rua,Rua Antônio Lisboa,Zona de Expansão (Mosqueiro),71df064f-d17f-4cf5-ad45-93ce4e8182a5,SE
01a02d9c-e3fd-7eb0-b642-ff645bb03695,49035070,rua,Rua Antônio Maia,Coroa do Meio,71df064f-d17f-4cf5-ad45-93ce4e8182a5,SE
01a02d9d-14f6-71e6-bb24-f5789b8d86b0,49089200,rua,Rua Antônio Marcos,Soledade,71df064f-d17f-4cf5-ad45-93ce4e8182a5,SE
01a02d9d-3624-7ba9-9209-9f8b9be86864,49503692,rua,Rua Antônio Melo,Anízio Amancio de Oliveira,8d820d6b-d516-4628-8228-0e70dcaf08f5,SE
01a02d9d-4124-7a39-8398-863d37d6df54,49510535,rua,Rua Antônio Menezes,Riacho Doce,8d820d6b-d516-4628-8228-0e70dcaf08f5,SE
01a02d9d-385f-7de5-a0b7-20fad25d555c,49504325,rua,Rua Antônio Menezes Santos,Marianga,8d820d6b-d516-4628-8228-0e70dcaf08f5,SE
01a02d9d-1ea4-775d-8802-aa8e08e64808,49097060,rua,Rua Antônio Militão Bragança,Ponto Novo,71df064f-d17f-4cf5-ad45-93ce4e8182a5,SE
01a02d9c-ef94-7af9-9683-5824abfdb0c1,49043493,rua,Rua Antônio Monteiro,Santa Maria,71df064f-d17f-4cf5-ad45-93ce4e8182a5,SE
01a02d9c-ef91-7eae-912f-5ba5d9ab1325,49043236,rua,Rua Antônio Monteiro de Jesus,São Conrado,71df064f-d17f-4cf5-ad45-93ce4e8182a5,SE
01a02d9d-209d-7771-ba98-3db41192ef31,49300970,rua,Rua Antônio Mota Amado 444,Centro,d9a82494-601a-4993-8dc6-d269d3e69a20,SE
01a02d9c-e3fe-7765-af73-6c979caea43d,49035080,rua,Rua Antônio Oliva Paiva,Atalaia,71df064f-d17f-4cf5-ad45-93ce4e8182a5,SE
01a02d9d-4122-7784-9259-713ebafb5ff1,49509785,rua,Rua Antônio Oliveira,Porto,8d820d6b-d516-4628-8228-0e70dcaf08f5,SE
01a02d9c-cbc5-79b6-9d53-761d6dfd32e7,49000173,rua,Rua Antônio Oliveira Freire Piuga,Aruana,71df064f-d17f-4cf5-ad45-93ce4e8182a5,SE
01a02d9d-1cb6-72f1-9720-98600fe5119d,49095060,rua,Rua Antônio Oliveira Lima,Jabotiana,71df064f-d17f-4cf5-ad45-93ce4e8182a5,SE
01a02d9d-3f01-799d-8565-597361b6fd53,49508163,rua,Rua Antônio Passos Menezes,Oviedo Teixeira,8d820d6b-d516-4628-8228-0e70dcaf08f5,SE
01a02d9c-e1fe-7b93-b66b-461cc441e07d,49031210,rua,Rua Antônio Ramos Mendonça,Farolândia,71df064f-d17f-4cf5-ad45-93ce4e8182a5,SE
01a02d9c-ff48-76d1-9cfd-9888dab7c0ce,49060670,rua,Rua Antônio Reis,Palestina,71df064f-d17f-4cf5-ad45-93ce4e8182a5,SE
01a02d9c-ebbf-7e0b-9b0c-7a11e37cc715,49042050,rua,Rua Antônio Romoaldo Viana dos Santos,São Conrado,71df064f-d17f-4cf5-ad45-93ce4e8182a5,SE
01a02d9d-3f01-799d-856a-541ce3a20e55,49508178,rua,Rua Antônio Santana,Oviedo Teixeira,8d820d6b-d516-4628-8228-0e70dcaf08f5,SE
01a02d9d-2e64-7a5b-9488-8b9a33782be7,49500397,rua,Rua Antônio Santana Ferreira,São Cristóvão,8d820d6b-d516-4628-8228-0e70dcaf08f5,SE
01a02d9d-28aa-7d74-8798-eb762bd3ff74,49043652,rua,Rua Antônio Severo de Oliveira,Santa Maria,71df064f-d17f-4cf5-ad45-93ce4e8182a5,SE
01a02d9c-ebbf-7e0b-9b0f-404e3ddc3e38,49042060,rua,"Rua Antônio Souza Montes, 279",São Conrado,71df064f-d17f-4cf5-ad45-93ce4e8182a5,SE
01a02d9d-323c-76ae-9679-00468f42c2da,49502100,rua,Rua Antônio Tavares de Menezes,Marcela,8d820d6b-d516-4628-8228-0e70dcaf08f5,SE
01a02d9d-0f11-7409-b3a8-b214dccf5bbc,49087033,rua,Rua Antônio Tavares dos Santos,Santos Dumont,71df064f-d17f-4cf5-ad45-93ce4e8182a5,SE
01a02d9d-0351-7453-b04f-ed87e124477e,49066250,rua,Rua Antônio Teixeira,Industrial,71df064f-d17f-4cf5-ad45-93ce4e8182a5,SE
01a02d9c-e1fe-72c4-b660-f2d374a3225c,49031070,rua,Rua Antônio Teixeira Gonçalves,Farolândia,71df064f-d17f-4cf5-ad45-93ce4e8182a5,SE
01a02d9d-3aab-7022-8dfc-3f650a9688e3,49506279,rua,Rua Antônio Teixeira Lobo,Rotary Club de Itabaiana,8d820d6b-d516-4628-8228-0e70dcaf08f5,SE
01a02d9c-f574-7bf3-a697-a5197c2c84dc,49045070,rua,Rua Antônio Teles da Costa,Luzia,71df064f-d17f-4cf5-ad45-93ce4e8182a5,SE
01a02d9d-0745-7d7a-b4a3-9f0ec719094b,49072020,rua,Rua Antônio Teodoro,Dezoito do Forte,71df064f-d17f-4cf5-ad45-93ce4e8182a5,SE
01a02d9c-e004-7268-8131-0fc02338dad1,49030283,rua,Rua Antônio Valença Monteiro,Farolândia,71df064f-d17f-4cf5-ad45-93ce4e8182a5,SE
01a02d9c-eda3-77a9-bf45-283e708efab4,49042670,rua,Rua Antônio Valença Monteiro,São Conrado,71df064f-d17f-4cf5-ad45-93ce4e8182a5,SE
01a02d9d-16ef-7fec-b470-9479861b922e,49090370,rua,Rua Antônio Ventura Santos,Bugio,71df064f-d17f-4cf5-ad45-93ce4e8182a5,SE
01a02d9c-ef93-708a-91a6-e769cd783154,49043356,rua,Rua Antônio Venâncio Sobrinho,São Conrado,71df064f-d17f-4cf5-ad45-93ce4e8182a5,SE
01a02d9c-f949-7900-9f27-2d31bfb1b67e,49048260,rua,Rua Antônio Vieira de Menezes,Luzia,71df064f-d17f-4cf5-ad45-93ce4e8182a5,SE
01a02d9c-ebbf-7e0b-9b0b-fe0b59453085,49042040,rua,Rua Antônio da Cruz Filho,São Conrado,71df064f-d17f-4cf5-ad45-93ce4e8182a5,SE
01a02d9d-3623-7b7e-a124-6b2f8aa7b4dc,49503629,rua,Rua Antônio da Mota Costa,Anízio Amancio de Oliveira,8d820d6b-d516-4628-8228-0e70dcaf08f5,SE
01a02d9c-e001-7f49-9d5c-8de8dbaf6dcc,49027400,rua,Rua Antônio de Pádua Araújo,Grageru,71df064f-d17f-4cf5-ad45-93ce4e8182a5,SE
01a02d9d-1cb6-72f1-971e-3b24f14471c3,49095040,rua,Rua Antônio do Nascimento Rodrigues,Jabotiana,71df064f-d17f-4cf5-ad45-93ce4e8182a5,SE
01a02d9d-0351-7cf4-b069-7d18d18f3947,49067020,rua,Rua Antônio dos Santos,Porto D'Antas,71df064f-d17f-4cf5-ad45-93ce4e8182a5,SE
01a02d9c-f754-75e6-9df5-8472b2d6fa9c,49045770,rua,Rua Anália Pinha de Assis,Luzia,71df064f-d17f-4cf5-ad45-93ce4e8182a5,SE
01a02d9c-d61a-75a6-bc2f-0a48ebf8d500,49008066,rua,Rua Anísio Santana,Zona de Expansão (Mosqueiro),71df064f-d17f-4cf5-ad45-93ce4e8182a5,SE
01a02d9d-3438-7f59-9a86-5bc46c72b476,49503084,rua,Rua Anízio Amancio de Oliveira,Serrano,8d820d6b-d516-4628-8228-0e70dcaf08f5,SE
01a02d9d-3aaa-7743-afa3-5cf2c8afba7a,49506240,rua,Rua Anízio Amancio de Oliveira,Rotary Club de Itabaiana,8d820d6b-d516-4628-8228-0e70dcaf08f5,SE
01a02d9d-0933-7cce-97d8-e212a7b8e66c,49072633,rua,Rua Anízio Souza,Dezoito do Forte,71df064f-d17f-4cf5-ad45-93ce4e8182a5,SE
01a02d9d-16ef-7744-b448-ccc8651ee604,49090160,rua,Rua Aparecida Góes,Bugio,71df064f-d17f-4cf5-ad45-93ce4e8182a5,SE
01a02d9d-305d-70c5-8c6e-777639925682,49501109,rua,Rua Aprígio Fereira Passos,São Cristóvão,8d820d6b-d516-4628-8228-0e70dcaf08f5,SE
01a02d9d-22a5-775a-9ff1-f63d217b9280,49010230,rua,Rua Apulcro Mota,Centro,71df064f-d17f-4cf5-ad45-93ce4e8182a5,SE
01a02d9c-f94a-7a38-992c-fc0152201cd3,49050070,rua,Rua Aquidabã,Suíssa,71df064f-d17f-4cf5-ad45-93ce4e8182a5,SE
01a02d9c-fb6a-72f9-9852-85cf4b0eb3b3,49052200,rua,Rua Aquidabã,Suíssa,71df064f-d17f-4cf5-ad45-93ce4e8182a5,SE
01a02d9c-e003-70f1-9dbd-9cd32942d0e0,49030080,rua,Rua Aquilino Massena,Farolândia,71df064f-d17f-4cf5-ad45-93ce4e8182a5,SE
01a02d9d-249f-7e26-9354-374953cdfe33,49065110,rua,Rua Aracajuzinho,Industrial,71df064f-d17f-4cf5-ad45-93ce4e8182a5,SE
01a02d9c-da18-763e-b53c-097df83a3598,49015250,rua,Rua Arauá,São José,71df064f-d17f-4cf5-ad45-93ce4e8182a5,SE
01a02d9d-22a5-775a-9ff3-1ba28e568b4b,49010330,rua,Rua Arauá,Centro,71df064f-d17f-4cf5-ad45-93ce4e8182a5,SE
01a02d9c-dc0a-726b-a94b-0b688bce0f33,49015970,rua,Rua Arauá 600,São José,71df064f-d17f-4cf5-ad45-93ce4e8182a5,SE
01a02d9c-f198-72b8-a208-8986c6e546b4,49043543,rua,Rua Arcanjo Vitória,Santa Maria,71df064f-d17f-4cf5-ad45-93ce4e8182a5,SE
01a02d9d-0b2b-79eb-a51a-8f064b39903c,49080080,rua,Rua Argentina,América,71df064f-d17f-4cf5-ad45-93ce4e8182a5,SE
01a02d9d-3622-78a8-9358-f713b0613164,49503447,rua,Rua Argentina,Anízio Amancio de Oliveira,8d820d6b-d516-4628-8228-0e70dcaf08f5,SE
01a02d9c-e9cd-7d4c-8d38-c2d824181f87,49040050,rua,Rua Ari Barroso,Inácio Barbosa,71df064f-d17f-4cf5-ad45-93ce4e8182a5,SE
01a02d9c-cddd-772b-a68a-f3e98fd4240f,49001027,rua,Rua Ariano Suassuna,Aruana,71df064f-d17f-4cf5-ad45-93ce4e8182a5,SE
01a02d9c-cbc5-79b6-9d55-378731d3579f,49000185,rua,Rua Ariosvaldo Menezes Santos,Aruana,71df064f-d17f-4cf5-ad45-93ce4e8182a5,SE
01a02d9c-e5f2-7389-98be-1fadb6cdc3c9,49037260,rua,Rua Ariovaldo de Matos,Aeroporto,71df064f-d17f-4cf5-ad45-93ce4e8182a5,SE
01a02d9d-4120-74d5-993d-93eecb54114e,49509206,rua,Rua Aristela Santos Lima Oliveira,Mamede Paes Mendonça,8d820d6b-d516-4628-8228-0e70dcaf08f5,SE
01a02d9c-fb6b-7475-b2c0-546ba46151c8,49055070,rua,Rua Aristides Bispo,Getúlio Vargas,71df064f-d17f-4cf5-ad45-93ce4e8182a5,SE
01a02d9d-22a6-7785-a718-42cbf8f6a71c,49027030,rua,Rua Aristotelino Cruz,Grageru,71df064f-d17f-4cf5-ad45-93ce4e8182a5,SE
01a02d9d-16ee-7ea5-8e44-c86198432cf3,49090065,rua,Rua Aristóteles P de Almeida,Bugio,71df064f-d17f-4cf5-ad45-93ce4e8182a5,SE
01a02d9d-0f0f-7b41-b266-e0d5946e738a,49085040,rua,Rua Arivaldo Pita Falcão,José Conrado de Araújo,71df064f-d17f-4cf5-ad45-93ce4e8182a5,SE
01a02d9c-cbc6-7abc-a994-3a93ae4545dd,49000323,rua,Rua Arlindo Santos,Aruana,71df064f-d17f-4cf5-ad45-93ce4e8182a5,SE
01a02d9c-d813-7423-995e-c3bada12b271,49009022,rua,Rua Arlington,Zona de Expansão (Mosqueiro),71df064f-d17f-4cf5-ad45-93ce4e8182a5,SE
01a02d9c-f574-7bf3-a698-ce55984fe9e6,49045080,rua,Rua Armando Barros,Luzia,71df064f-d17f-4cf5-ad45-93ce4e8182a5,SE
01a02d9d-0934-7568-834d-bacb35c83f35,49075080,rua,Rua Armando Fontes,Siqueira Campos,71df064f-d17f-4cf5-ad45-93ce4e8182a5,SE
01a02d9d-3f01-70fa-855a-83f7a31ba61d,49508115,rua,Rua Armando Paes da Costa,Oviedo Teixeira,8d820d6b-d516-4628-8228-0e70dcaf08f5,SE
01a02d9c-fb69-7a00-8c10-bf25954431f5,49052080,rua,Rua Armando Prado Smith,Pereira Lobo,71df064f-d17f-4cf5-ad45-93ce4e8182a5,SE
01a02d9c-fd5f-7dd9-bcf5-358750443102,49060030,rua,Rua Armindo Guaraná,Santo Antônio,71df064f-d17f-4cf5-ad45-93ce4e8182a5,SE
01a02d9c-fd5f-7dd9-bcf6-e0a36e736ec7,49060040,rua,Rua Arnaldo Dantas,Santo Antônio,71df064f-d17f-4cf5-ad45-93ce4e8182a5,SE
01a02d9c-e003-70f1-9dc0-e43f950fc0dc,49030090,rua,Rua Arnaldo Maciel de Andrade,Farolândia,71df064f-d17f-4cf5-ad45-93ce4e8182a5,SE
01a02d9c-f754-7e84-9e0a-e4bfc2192164,49047006,rua,Rua Arnaldo Pereira de Souza,Ponto Novo,71df064f-d17f-4cf5-ad45-93ce4e8182a5,SE
01a02d9d-3cbd-7399-baac-f095f723c3d6,49506716,rua,Rua Arnaldo Silveira,Doutor José Milton Machado,8d820d6b-d516-4628-8228-0e70dcaf08f5,SE
01a02d9d-269e-7c85-a49f-5543324eb820,49061127,rua,Rua Arnaldo de Mendonça Morais,Santo Antônio,71df064f-d17f-4cf5-ad45-93ce4e8182a5,SE
01a02d9c-ddf6-745c-a337-8003b7552b51,49026080,rua,Rua Arnóbio Alves Nunes,Grageru,71df064f-d17f-4cf5-ad45-93ce4e8182a5,SE
01a02d9c-cbc7-7342-966f-8a01b29443df,49000462,rua,Rua Arquiteto Oscar Niemeyer,Aruana,71df064f-d17f-4cf5-ad45-93ce4e8182a5,SE
01a02d9c-ef93-708a-91a4-f6bd32a3d751,49043350,rua,Rua Arquiteto Willians Campos Santana,São Conrado,71df064f-d17f-4cf5-ad45-93ce4e8182a5,SE
01a02d9c-f574-7bf3-a689-73c7375e680d,49044526,rua,Rua Arrozal,Santa Maria,71df064f-d17f-4cf5-ad45-93ce4e8182a5,SE
01a02d9d-1cb8-7dd1-96e7-e1652434ac65,49096070,rua,Rua Arthur Carvalho,Jabotiana,71df064f-d17f-4cf5-ad45-93ce4e8182a5,SE
01a02d9d-3860-76c1-8579-a0673a4b4d53,49504367,rua,Rua Artur Lourenço dos Reis,Marianga,8d820d6b-d516-4628-8228-0e70dcaf08f5,SE
01a02d9c-f754-75e6-9dfa-1abb1fb0c52b,49045810,rua,Rua Artur Porfírio de Farias,Luzia,71df064f-d17f-4cf5-ad45-93ce4e8182a5,SE
01a02d9c-eda2-7f95-9c07-83e440a349c4,49042470,rua,Rua Artur Rodrigues da Silva,São Conrado,71df064f-d17f-4cf5-ad45-93ce4e8182a5,SE
01a02d9c-e5f1-726d-83f8-67058b48a7eb,49037060,rua,Rua Arício Guimarães Fortes,Atalaia,71df064f-d17f-4cf5-ad45-93ce4e8182a5,SE
01a02d9c-f94a-7a38-991e-5add78c1a219,49048440,rua,Rua Ascendino Ângelo dos Reis,Luzia,71df064f-d17f-4cf5-ad45-93ce4e8182a5,SE
01a02d9d-3cbc-7ae2-a5c5-d8f379d9caf5,49506600,rua,Rua Assum Preto,Doutor José Milton Machado,8d820d6b-d516-4628-8228-0e70dcaf08f5,SE
01a02d9d-0934-7568-834e-d8a907cfc876,49075090,rua,Rua Astrogésilo Santana Souza Filho,Siqueira Campos,71df064f-d17f-4cf5-ad45-93ce4e8182a5,SE
01a02d9d-0f0f-7b41-b268-1f7b0e9da1ec,49085050,rua,Rua Ataíde Menezes Melo,José Conrado de Araújo,71df064f-d17f-4cf5-ad45-93ce4e8182a5,SE
01a02d9c-cddb-7de0-8dba-2eeb59ddbe62,49000768,rua,Rua Augusto Correia de Andrade,Aruana,71df064f-d17f-4cf5-ad45-93ce4e8182a5,SE
01a02d9c-f94a-7a38-992e-1a180eb4d5b8,49050100,rua,Rua Augusto Luz,Suíssa,71df064f-d17f-4cf5-ad45-93ce4e8182a5,SE
01a02d9d-2e64-71a7-945c-e17d07b503d0,49500214,rua,Rua Augusto Maynard,Centro,8d820d6b-d516-4628-8228-0e70dcaf08f5,SE
01a02d9d-431f-7222-ae25-f07377631121,49511140,rua,Rua Augusto Pereira Costa,Queimadas,8d820d6b-d516-4628-8228-0e70dcaf08f5,SE
01a02d9d-431f-7222-ae27-01ce34e897f6,49511146,rua,Rua Augusto Tavares de Jesus,Queimadas,8d820d6b-d516-4628-8228-0e70dcaf08f5,SE
01a02d9d-323c-7f76-9685-46efaecb92f1,49502142,rua,Rua Aureliano Dionízio Carvalho,Marcela,8d820d6b-d516-4628-8228-0e70dcaf08f5,SE
01a02d9d-3623-7b7e-a115-7f48cca615f8,49503586,rua,Rua Aurelina do Espírito Santo Oliveira,Anízio Amancio de Oliveira,8d820d6b-d516-4628-8228-0e70dcaf08f5,SE
01a02d9d-3cbe-751c-8dc6-c177cfa5ed66,49507490,rua,Rua Aurelino José de Santana,Oviedo Teixeira,8d820d6b-d516-4628-8228-0e70dcaf08f5,SE
01a02d9d-3624-7ba9-920d-75cc4244d076,49503705,rua,Rua Aurora Rosa de Góis,Anízio Amancio de Oliveira,8d820d6b-d516-4628-8228-0e70dcaf08f5,SE
01a02d9d-4320-7220-a398-63f1e648a013,49511255,rua,Rua Aurora Rosa de Góis,Queimadas,8d820d6b-d516-4628-8228-0e70dcaf08f5,SE
01a02d9d-16ef-7fec-b46e-bfc84c418cb9,49090356,rua,Rua Aurélio Buarque de Holanda Ferreira,Jardim Centenário,71df064f-d17f-4cf5-ad45-93ce4e8182a5,SE
01a02d9c-f572-7141-aa05-04647045408c,49044340,rua,Rua Auxiliar II,Santa Maria,71df064f-d17f-4cf5-ad45-93ce4e8182a5,SE
01a02d9d-1ac0-7746-b3a4-e433cbec0f84,49092350,rua,Rua Avanir Lima Freitas,Olaria,71df064f-d17f-4cf5-ad45-93ce4e8182a5,SE
01a02d9c-ef94-7247-967c-0096edb55294,49043472,rua,Rua Ayrton Senna,Santa Maria,71df064f-d17f-4cf5-ad45-93ce4e8182a5,SE
01a02d9d-0351-7453-b04b-c6f8c0c2acd9,49066239,rua,Rua Azul do Mar,Industrial,71df064f-d17f-4cf5-ad45-93ce4e8182a5,SE
01a02d9d-0b2d-734e-87bf-ad2d26743d31,49080403,rua,Rua B,América,71df064f-d17f-4cf5-ad45-93ce4e8182a5,SE
01a02d9d-14f6-71e6-bb1b-0922c90456e7,49089173,rua,Rua B,Soledade,71df064f-d17f-4cf5-ad45-93ce4e8182a5,SE
01a02d9d-14f5-7946-bb4f-23566a646e35,49089153,rua,Rua B,Soledade,71df064f-d17f-4cf5-ad45-93ce4e8182a5,SE
01a02d9d-14f5-7946-bb4b-9b5f9aafba57,49089103,rua,Rua B,Soledade,71df064f-d17f-4cf5-ad45-93ce4e8182a5,SE
01a02d9d-14f5-703d-bb2f-1e8a0c910aa5,49088413,rua,Rua B,Lamarão,71df064f-d17f-4cf5-ad45-93ce4e8182a5,SE
01a02d9d-16ed-7d6c-be1d-529861a9f359,49089383,rua,Rua B,Soledade,71df064f-d17f-4cf5-ad45-93ce4e8182a5,SE
01a02d9d-14f7-72ea-ab94-78db1e6c6d29,49089353,rua,Rua B,Soledade,71df064f-d17f-4cf5-ad45-93ce4e8182a5,SE
01a02d9c-e1fd-7a28-8c4b-15c53980e749,49030836,rua,Rua B,Farolândia,71df064f-d17f-4cf5-ad45-93ce4e8182a5,SE
01a02d9c-e1ff-743f-b15a-7179a3d6d422,49031413,rua,Rua B,Farolândia,71df064f-d17f-4cf5-ad45-93ce4e8182a5,SE
01a02d9c-e201-7faf-abc9-36831ba920b3,49032296,rua,Rua B,Farolândia,71df064f-d17f-4cf5-ad45-93ce4e8182a5,SE
01a02d9c-e3fc-74b0-92e3-19aa16145ab1,49032389,rua,Rua B,Farolândia,71df064f-d17f-4cf5-ad45-93ce4e8182a5,SE
01a02d9c-e400-71e8-a275-6fbc4511be6a,49035626,rua,Rua B,Coroa do Meio,71df064f-d17f-4cf5-ad45-93ce4e8182a5,SE
01a02d9c-e5f1-7b1d-840b-83e1b8fdd6d1,49037196,rua,Rua B,Aeroporto,71df064f-d17f-4cf5-ad45-93ce4e8182a5,SE
01a02d9c-e7d5-7f0d-90a0-5baa52165dd3,49037606,rua,Rua B,Aeroporto,71df064f-d17f-4cf5-ad45-93ce4e8182a5,SE
01a02d9c-e7d6-77a3-a987-e57a330a434a,49037713,rua,Rua B,Aeroporto,71df064f-d17f-4cf5-ad45-93ce4e8182a5,SE
01a02d9d-0351-7453-b043-98d306e4adbf,49066216,rua,Rua B,Industrial,71df064f-d17f-4cf5-ad45-93ce4e8182a5,SE
01a02d9d-0351-7453-b047-de3d73e09ad7,49066228,rua,Rua B,Industrial,71df064f-d17f-4cf5-ad45-93ce4e8182a5,SE
01a02d9d-0351-7453-b053-8591d3f0f7a6,49066310,rua,Rua B,Industrial,71df064f-d17f-4cf5-ad45-93ce4e8182a5,SE
01a02d9d-054f-7a85-9312-6db2ccd6903e,49067198,rua,Rua B,Porto D'Antas,71df064f-d17f-4cf5-ad45-93ce4e8182a5,SE
01a02d9d-0550-7312-8991-a36ec295b762,49067223,rua,Rua B,Porto D'Antas,71df064f-d17f-4cf5-ad45-93ce4e8182a5,SE
01a02d9d-0551-7cb5-a2fa-c6ed73e9aea2,49070076,rua,Rua B,Cidade Nova,71df064f-d17f-4cf5-ad45-93ce4e8182a5,SE
01a02d9d-0552-7541-8879-e02e03f51cc2,49070096,rua,Rua B,Cidade Nova,71df064f-d17f-4cf5-ad45-93ce4e8182a5,SE
01a02d9d-0743-7b6e-9fac-e23a4aff9e3b,49070486,rua,Rua B,Cidade Nova,71df064f-d17f-4cf5-ad45-93ce4e8182a5,SE
01a02d9d-0744-73ec-b48e-12cfc5bfbe2b,49070784,rua,Rua B,Cidade Nova,71df064f-d17f-4cf5-ad45-93ce4e8182a5,SE
01a02d9d-0745-7510-b490-38a0222ac254,49070850,rua,Rua B,Cidade Nova,71df064f-d17f-4cf5-ad45-93ce4e8182a5,SE
01a02d9d-0745-7d7a-b49a-cff2ec6e3a25,49071206,rua,Rua B,Dom Luciano,71df064f-d17f-4cf5-ad45-93ce4e8182a5,SE
01a02d9d-0933-741f-97ce-ee71337c1550,49072576,rua,Rua B,Dezoito do Forte,71df064f-d17f-4cf5-ad45-93ce4e8182a5,SE
01a02d9d-0933-7cce-97e1-5cbbbcc33ff2,49072676,rua,Rua B,Dezoito do Forte,71df064f-d17f-4cf5-ad45-93ce4e8182a5,SE
01a02d9d-0d20-750f-919a-82b2f5812692,49081040,rua,Rua B,Capucho,71df064f-d17f-4cf5-ad45-93ce4e8182a5,SE
01a02d9d-0f11-7409-b39c-ec080ba8ab5b,49085496,rua,Rua B,José Conrado de Araújo,71df064f-d17f-4cf5-ad45-93ce4e8182a5,SE
01a02d9d-0f11-7409-b3a0-24c83985dd2a,49085520,rua,Rua B,José Conrado de Araújo,71df064f-d17f-4cf5-ad45-93ce4e8182a5,SE
01a02d9d-10f9-7a21-aa4f-03f91be81c43,49087096,rua,Rua B,Santos Dumont,71df064f-d17f-4cf5-ad45-93ce4e8182a5,SE
01a02d9d-10fa-7b93-960c-89f58ff6a722,49087403,rua,Rua B,Santos Dumont,71df064f-d17f-4cf5-ad45-93ce4e8182a5,SE
01a02d9d-10fa-7b93-9611-351d22047dee,49087423,rua,Rua B,Santos Dumont,71df064f-d17f-4cf5-ad45-93ce4e8182a5,SE
01a02d9d-2a93-7f4c-a1dc-740f465731a8,49071326,rua,Rua B,Dom Luciano,71df064f-d17f-4cf5-ad45-93ce4e8182a5,SE
01a02d9d-2a93-769a-a1d3-e2f739c7b20c,49071273,rua,Rua B,Dom Luciano,71df064f-d17f-4cf5-ad45-93ce4e8182a5,SE
01a02d9d-2a93-769a-a1cc-712fafb16020,49071235,rua,Rua B,Dom Luciano,71df064f-d17f-4cf5-ad45-93ce4e8182a5,SE
01a02d9d-2a93-769a-a1c5-2f9d583d5ce2,49071129,rua,Rua B,Dom Luciano,71df064f-d17f-4cf5-ad45-93ce4e8182a5,SE
01a02d9d-2a93-769a-a1c3-dbba346b5164,49071123,rua,Rua B,Dom Luciano,71df064f-d17f-4cf5-ad45-93ce4e8182a5,SE
01a02d9d-2a93-769a-a1c1-393dcfc14700,49071117,rua,Rua B,Dom Luciano,71df064f-d17f-4cf5-ad45-93ce4e8182a5,SE
01a02d9d-2a92-7d5b-95fa-5ba2fd049df4,49071084,rua,Rua B,Dom Luciano,71df064f-d17f-4cf5-ad45-93ce4e8182a5,SE
01a02d9d-2a92-74f4-95ec-29f557825bda,49071031,rua,Rua B,Dom Luciano,71df064f-d17f-4cf5-ad45-93ce4e8182a5,SE
01a02d9d-28aa-7d74-8799-a95216ec961b,49043856,rua,Rua B,Santa Maria,71df064f-d17f-4cf5-ad45-93ce4e8182a5,SE
01a02d9d-28aa-74b7-8787-2d2fe57a0478,49038464,rua,Rua B,Aeroporto,71df064f-d17f-4cf5-ad45-93ce4e8182a5,SE
01a02d9d-28a9-732b-a602-68aec5d28d7e,49008814,rua,Rua B,Zona de Expansão (Mosqueiro),71df064f-d17f-4cf5-ad45-93ce4e8182a5,SE
01a02d9d-269f-751d-846a-5fed15868fc3,49089423,rua,Rua B,Soledade,71df064f-d17f-4cf5-ad45-93ce4e8182a5,SE
01a02d9d-269e-7c85-a497-0043dfcfe68f,49038093,rua,Rua B,Atalaia,71df064f-d17f-4cf5-ad45-93ce4e8182a5,SE
01a02d9d-24a2-7e2b-9ed2-517bf82bbbc1,49089243,rua,Rua B,Soledade,71df064f-d17f-4cf5-ad45-93ce4e8182a5,SE
01a02d9d-24a2-7e2b-9ed1-50f253300a2d,49089217,rua,Rua B,Soledade,71df064f-d17f-4cf5-ad45-93ce4e8182a5,SE
01a02d9d-24a1-7e19-9cae-972aaa139f01,49080623,rua,Rua B,América,71df064f-d17f-4cf5-ad45-93ce4e8182a5,SE
01a02d9d-24a1-7e19-9ca6-eb032dcc17ab,49070826,rua,Rua B,Cidade Nova,71df064f-d17f-4cf5-ad45-93ce4e8182a5,SE
01a02d9d-24a0-7e28-9b58-1d93b00bf4f0,49069234,rua,Rua B,Porto D'Antas,71df064f-d17f-4cf5-ad45-93ce4e8182a5,SE
01a02d9d-249f-7e26-934f-edbdb20fb4fb,49061109,rua,Rua B,Santo Antônio,71df064f-d17f-4cf5-ad45-93ce4e8182a5,SE
01a02d9d-22a7-7785-8869-cf3002a54016,49037106,rua,Rua B,Aeroporto,71df064f-d17f-4cf5-ad45-93ce4e8182a5,SE
01a02d9d-22a5-775a-9fec-846389e7e554,49007397,rua,Rua B,Zona de Expansão (Areia Branca),71df064f-d17f-4cf5-ad45-93ce4e8182a5,SE
01a02d9d-1ea4-775d-87f5-350cee9fe251,49096276,rua,Rua B,Jabotiana,71df064f-d17f-4cf5-ad45-93ce4e8182a5,SE
01a02d9d-1ea3-7ec2-8523-5d707389c4bf,49096230,rua,Rua B,Jabotiana,71df064f-d17f-4cf5-ad45-93ce4e8182a5,SE
01a02d9d-1cb8-74ef-96de-3b1c42b0c764,49095830,rua,Rua B,Jabotiana,71df064f-d17f-4cf5-ad45-93ce4e8182a5,SE
01a02d9d-1cb6-7b9c-9738-931beca84c14,49095283,rua,Rua B,Jabotiana,71df064f-d17f-4cf5-ad45-93ce4e8182a5,SE
01a02d9d-1ac2-70e0-a65b-7f837de566d7,49092702,rua,Rua B,Olaria,71df064f-d17f-4cf5-ad45-93ce4e8182a5,SE
01a02d9d-18d7-70ae-8e34-fca232bce677,49091106,rua,Rua B,Bugio,71df064f-d17f-4cf5-ad45-93ce4e8182a5,SE
01a02d9d-18d5-76cf-9b1b-a6b0b171dc23,49090496,rua,Rua B,Jardim Centenário,71df064f-d17f-4cf5-ad45-93ce4e8182a5,SE
01a02d9d-18d4-7e38-ad86-07448502d88d,49090413,rua,Rua B,Bugio,71df064f-d17f-4cf5-ad45-93ce4e8182a5,SE
01a02d9d-16ef-7744-b452-50c15cf58219,49090233,rua,Rua B,Bugio,71df064f-d17f-4cf5-ad45-93ce4e8182a5,SE
01a02d9d-16ee-7ea5-8e56-13c1644b007d,49090135,rua,Rua B,Bugio,71df064f-d17f-4cf5-ad45-93ce4e8182a5,SE
01a02d9d-16ee-760e-8e3d-bb7fb0737fb7,49090026,rua,Rua B,Jardim Centenário,71df064f-d17f-4cf5-ad45-93ce4e8182a5,SE
01a02d9c-e7d7-700e-a25f-15ef25ed4ff5,49037861,rua,Rua B,Aeroporto,71df064f-d17f-4cf5-ad45-93ce4e8182a5,SE
01a02d9c-e7d7-700e-a26a-0457ef1f0be3,49038016,rua,Rua B,Atalaia,71df064f-d17f-4cf5-ad45-93ce4e8182a5,SE
01a02d9c-eda2-7f95-9c0b-71283d5afc6f,49043672,rua,Rua B,Santa Maria,71df064f-d17f-4cf5-ad45-93ce4e8182a5,SE
01a02d9c-f19b-762b-a1cd-cbc23e0c61a8,49043830,rua,Rua B,Santa Maria,71df064f-d17f-4cf5-ad45-93ce4e8182a5,SE
01a02d9c-f573-7bcb-b752-0e87d31a777b,49044415,rua,Rua B,Santa Maria,71df064f-d17f-4cf5-ad45-93ce4e8182a5,SE
01a02d9c-f574-7bf3-a68b-48467d38a62b,49044535,rua,Rua B,Santa Maria,71df064f-d17f-4cf5-ad45-93ce4e8182a5,SE
01a02d9c-f754-75e6-9def-1ab76e28e066,49045733,rua,Rua B,Luzia,71df064f-d17f-4cf5-ad45-93ce4e8182a5,SE
01a02d9c-f754-7e84-9e0f-7654a68288dc,49047029,rua,Rua B,Ponto Novo,71df064f-d17f-4cf5-ad45-93ce4e8182a5,SE
01a02d9c-f94a-7a38-9923-0a8ccde7ca73,49048523,rua,Rua B,Luzia,71df064f-d17f-4cf5-ad45-93ce4e8182a5,SE
01a02d9c-ff48-76d1-9cff-f7c469aecea3,49060676,rua,Rua B,Palestina,71df064f-d17f-4cf5-ad45-93ce4e8182a5,SE
01a02d9c-ff48-7f69-9d1a-eeea25189c77,49061070,rua,Rua B,Santo Antônio,71df064f-d17f-4cf5-ad45-93ce4e8182a5,SE
01a02d9c-ff48-7f69-9d21-688030cb956a,49061088,rua,Rua B,Santo Antônio,71df064f-d17f-4cf5-ad45-93ce4e8182a5,SE
01a02d9c-ff49-7816-bf61-c6d5abcfb8fe,49063025,rua,Rua B,Japãozinho,71df064f-d17f-4cf5-ad45-93ce4e8182a5,SE
01a02d9c-ff4a-70c4-9c6a-0e294824b60c,49063082,rua,Rua B,Japãozinho,71df064f-d17f-4cf5-ad45-93ce4e8182a5,SE
01a02d9d-0143-7719-a5af-7cc98458453f,49063208,rua,Rua B,Japãozinho,71df064f-d17f-4cf5-ad45-93ce4e8182a5,SE
01a02d9d-0143-7719-a5b3-8477ef851e40,49063220,rua,Rua B,Japãozinho,71df064f-d17f-4cf5-ad45-93ce4e8182a5,SE
01a02d9d-0143-7fcd-a5b9-8c3297658d01,49065036,rua,Rua B,Industrial,71df064f-d17f-4cf5-ad45-93ce4e8182a5,SE
01a02d9d-0144-786d-8f6d-644918a3ee77,49065162,rua,Rua B,Industrial,71df064f-d17f-4cf5-ad45-93ce4e8182a5,SE
01a02d9c-cbc6-721d-a98b-0e54a9e92ff5,49000293,rua,Rua B,Aruana,71df064f-d17f-4cf5-ad45-93ce4e8182a5,SE
01a02d9c-cbc6-7abc-a98f-05c1888ab20f,49000308,rua,Rua B,Aruana,71df064f-d17f-4cf5-ad45-93ce4e8182a5,SE
01a02d9c-cbc7-7342-966b-77eb4ce5469e,49000450,rua,Rua B,Aruana,71df064f-d17f-4cf5-ad45-93ce4e8182a5,SE
01a02d9c-cbc7-7bd3-9684-1ff10475905b,49000584,rua,Rua B,Aruana,71df064f-d17f-4cf5-ad45-93ce4e8182a5,SE
01a02d9c-cbc8-74ad-9538-26ad0d484faf,49000692,rua,Rua B,Aruana,71df064f-d17f-4cf5-ad45-93ce4e8182a5,SE
01a02d9c-cddd-772b-a691-f4075b5b9e94,49001048,rua,Rua B,Aruana,71df064f-d17f-4cf5-ad45-93ce4e8182a5,SE
01a02d9c-cdde-781b-b079-26259d52e02e,49001099,rua,Rua B,Aruana,71df064f-d17f-4cf5-ad45-93ce4e8182a5,SE
01a02d9c-cddf-70da-89a8-e3f1ecc5c9f3,49001126,rua,Rua B,Aruana,71df064f-d17f-4cf5-ad45-93ce4e8182a5,SE
01a02d9c-cfee-7020-b49c-53be1e237d78,49001356,rua,Rua B,Aruana,71df064f-d17f-4cf5-ad45-93ce4e8182a5,SE
01a02d9c-d207-7bed-80c3-7a37a0ee76fd,49004433,rua,Rua B,Zona de Expansão (Robalo),71df064f-d17f-4cf5-ad45-93ce4e8182a5,SE
01a02d9c-d208-7d54-bc2f-00c543d93929,49004586,rua,Rua B,Zona de Expansão (Robalo),71df064f-d17f-4cf5-ad45-93ce4e8182a5,SE
01a02d9c-d429-7038-aaee-242bfbbd5376,49004790,rua,Rua B,Zona de Expansão (Robalo),71df064f-d17f-4cf5-ad45-93ce4e8182a5,SE
01a02d9c-d42a-719c-a964-78d67203940b,49007024,rua,Rua B,Zona de Expansão (Areia Branca),71df064f-d17f-4cf5-ad45-93ce4e8182a5,SE
01a02d9c-d42a-7a3b-a97e-c5a089c02ca9,49007208,rua,Rua B,Zona de Expansão (Areia Branca),71df064f-d17f-4cf5-ad45-93ce4e8182a5,SE
01a02d9c-d42a-7a3b-a981-b3f863816328,49007253,rua,Rua B,Zona de Expansão (Areia Branca),71df064f-d17f-4cf5-ad45-93ce4e8182a5,SE
01a02d9c-d61a-75a6-bc35-c987e4c9f41b,49008199,rua,Rua B,Zona de Expansão (Mosqueiro),71df064f-d17f-4cf5-ad45-93ce4e8182a5,SE
01a02d9c-d61b-75e8-9a73-b6d306403f49,49008309,rua,Rua B,Zona de Expansão (Mosqueiro),71df064f-d17f-4cf5-ad45-93ce4e8182a5,SE
01a02d9c-d61c-75c9-ba22-6fe7148249a7,49008384,rua,Rua B,Zona de Expansão (Mosqueiro),71df064f-d17f-4cf5-ad45-93ce4e8182a5,SE
01a02d9c-d812-73f5-bb99-4ddbaaf973bc,49008450,rua,Rua B,Zona de Expansão (Mosqueiro),71df064f-d17f-4cf5-ad45-93ce4e8182a5,SE
01a02d9c-d813-7423-994c-26f4f108aec7,49008793,rua,Rua B,Zona de Expansão (Mosqueiro),71df064f-d17f-4cf5-ad45-93ce4e8182a5,SE
01a02d9c-d813-7423-9955-857a0427720f,49008855,rua,Rua B,Zona de Expansão (Mosqueiro),71df064f-d17f-4cf5-ad45-93ce4e8182a5,SE
01a02d9c-d813-7423-995d-ddec10e7dd5a,49009019,rua,Rua B,Zona de Expansão (Mosqueiro),71df064f-d17f-4cf5-ad45-93ce4e8182a5,SE
01a02d9d-305b-76f3-b884-b9b9501fbb18,49500594,rua,Rua B,São Cristóvão,8d820d6b-d516-4628-8228-0e70dcaf08f5,SE
01a02d9d-305b-7f8f-b887-07c502f69fbd,49500603,rua,Rua B,São Cristóvão,8d820d6b-d516-4628-8228-0e70dcaf08f5,SE
01a02d9d-305b-7f8f-b89b-26af62e54658,49500663,rua,Rua B,São Cristóvão,8d820d6b-d516-4628-8228-0e70dcaf08f5,SE
01a02d9d-305c-7827-b066-b8521008ef2c,49500711,rua,Rua B,São Cristóvão,8d820d6b-d516-4628-8228-0e70dcaf08f5,SE
01a02d9d-385e-73f3-b52a-ac7047ab1904,49504012,rua,Rua B,Marianga,8d820d6b-d516-4628-8228-0e70dcaf08f5,SE
01a02d9d-3860-7f3e-8586-699643eef03d,49504453,rua,Rua B,Marianga,8d820d6b-d516-4628-8228-0e70dcaf08f5,SE
01a02d9c-f572-7141-aa06-cf61af033334,49044343,rua,Rua B 27,Santa Maria,71df064f-d17f-4cf5-ad45-93ce4e8182a5,SE
01a02d9d-14f6-7a7e-bb3c-f3bf3ed7e074,49089315,rua,Rua B1,Soledade,71df064f-d17f-4cf5-ad45-93ce4e8182a5,SE
01a02d9d-24a3-7e28-88c4-15bb63df4b0c,49004027,rua,Rua B1,Zona de Expansão (Robalo),71df064f-d17f-4cf5-ad45-93ce4e8182a5,SE
01a02d9c-eda3-77a9-bf5f-03e07662fe41,49042844,rua,Rua B1,São Conrado,71df064f-d17f-4cf5-ad45-93ce4e8182a5,SE
01a02d9c-f38f-7ad9-b404-1f4cd0eb3e00,49044262,rua,Rua B1,Santa Maria,71df064f-d17f-4cf5-ad45-93ce4e8182a5,SE
01a02d9d-0143-7719-a5a6-9a67d176e2c5,49063181,rua,Rua B1,Japãozinho,71df064f-d17f-4cf5-ad45-93ce4e8182a5,SE
01a02d9c-cddd-772b-a68e-2313525efd57,49001039,rua,Rua B1,Aruana,71df064f-d17f-4cf5-ad45-93ce4e8182a5,SE
01a02d9c-f390-73e4-b2a9-7cc26723610c,49044298,rua,Rua B13,Santa Maria,71df064f-d17f-4cf5-ad45-93ce4e8182a5,SE
01a02d9c-f390-73e4-b2aa-a819637f5c53,49044301,rua,Rua B14,Santa Maria,71df064f-d17f-4cf5-ad45-93ce4e8182a5,SE
01a02d9c-f390-73e4-b2ac-d0cf3b038e1a,49044304,rua,Rua B15,Santa Maria,71df064f-d17f-4cf5-ad45-93ce4e8182a5,SE
01a02d9c-f390-7cbc-b2ae-868721817a42,49044307,rua,Rua B16,Santa Maria,71df064f-d17f-4cf5-ad45-93ce4e8182a5,SE
01a02d9c-f390-7cbc-b2b0-c0d0789e8c4f,49044310,rua,Rua B17,Santa Maria,71df064f-d17f-4cf5-ad45-93ce4e8182a5,SE
01a02d9c-f390-7cbc-b2b3-c530fef92524,49044316,rua,Rua B19,Santa Maria,71df064f-d17f-4cf5-ad45-93ce4e8182a5,SE
01a02d9d-269e-73ce-a47f-12a1706b8efa,49004030,rua,Rua B2,Zona de Expansão (Robalo),71df064f-d17f-4cf5-ad45-93ce4e8182a5,SE
01a02d9c-f38f-7ad9-b405-f6bf2925efc9,49044263,rua,Rua B2,Santa Maria,71df064f-d17f-4cf5-ad45-93ce4e8182a5,SE
01a02d9c-ff4a-7a71-9c74-b81e751ebd20,49063112,rua,Rua B2,Japãozinho,71df064f-d17f-4cf5-ad45-93ce4e8182a5,SE
01a02d9c-f390-7cbc-b2b4-0068dd2a783d,49044319,rua,Rua B20,Santa Maria,71df064f-d17f-4cf5-ad45-93ce4e8182a5,SE
01a02d9c-f572-7141-aa02-3412aff263a2,49044331,rua,Rua B24,Santa Maria,71df064f-d17f-4cf5-ad45-93ce4e8182a5,SE
01a02d9c-f572-7141-aa03-77a156c6289f,49044334,rua,Rua B25,Santa Maria,71df064f-d17f-4cf5-ad45-93ce4e8182a5,SE
01a02d9c-f572-7141-aa04-985bd11e099a,49044337,rua,Rua B26,Santa Maria,71df064f-d17f-4cf5-ad45-93ce4e8182a5,SE
01a02d9d-22a8-7781-a743-bec238fc5a2e,49044268,rua,Rua B3,Santa Maria,71df064f-d17f-4cf5-ad45-93ce4e8182a5,SE
01a02d9d-16ee-7ea5-8e46-b769219d8566,49090073,rua,Rua B4,Bugio,71df064f-d17f-4cf5-ad45-93ce4e8182a5,SE
01a02d9c-f38f-7ad9-b407-2c8fc8895303,49044271,rua,Rua B4,Santa Maria,71df064f-d17f-4cf5-ad45-93ce4e8182a5,SE
01a02d9c-f38f-7ad9-b409-3aad9f5d32d4,49044277,rua,Rua B6,Santa Maria,71df064f-d17f-4cf5-ad45-93ce4e8182a5,SE
01a02d9c-f38f-7ad9-b40b-34c471aec827,49044280,rua,Rua B7,Santa Maria,71df064f-d17f-4cf5-ad45-93ce4e8182a5,SE
01a02d9c-f390-73e4-b2a2-8c270d83ab7f,49044283,rua,Rua B8,Santa Maria,71df064f-d17f-4cf5-ad45-93ce4e8182a5,SE
01a02d9c-f390-73e4-b2a4-3d2b878fada9,49044286,rua,Rua B9,Santa Maria,71df064f-d17f-4cf5-ad45-93ce4e8182a5,SE
01a02d9c-ebc0-76b0-bb4c-d1287d90b9e9,49042169,rua,Rua BA,São Conrado,71df064f-d17f-4cf5-ad45-93ce4e8182a5,SE
01a02d9c-e003-70f1-9dc2-4c4eb5f8ca2a,49030120,rua,Rua Bacharel Geraldo Gomes Martins,Farolândia,71df064f-d17f-4cf5-ad45-93ce4e8182a5,SE
01a02d9d-0550-7312-899f-c764012f2d49,49069021,rua,Rua Bahia,Porto D'Antas,71df064f-d17f-4cf5-ad45-93ce4e8182a5,SE
01a02d9d-0746-75e9-9329-48613e5fe308,49072050,rua,Rua Bahia,Dezoito do Forte,71df064f-d17f-4cf5-ad45-93ce4e8182a5,SE
01a02d9d-0934-7568-8344-7562244adcbd,49075000,rua,Rua Bahia,Siqueira Campos,71df064f-d17f-4cf5-ad45-93ce4e8182a5,SE
01a02d9d-3cbc-7ae2-a5bc-22037f3b6591,49506445,rua,Rua Baião de Dois,Doutor José Milton Machado,8d820d6b-d516-4628-8228-0e70dcaf08f5,SE
01a02d9d-0d20-7d89-91b0-f8365b3e9edb,49082040,rua,Rua Barra dos Coqueiros,Novo Paraíso,71df064f-d17f-4cf5-ad45-93ce4e8182a5,SE
01a02d9d-0f0f-7b41-b26a-fe123b8206df,49085080,rua,Rua Barra dos Coqueiros,José Conrado de Araújo,71df064f-d17f-4cf5-ad45-93ce4e8182a5,SE
01a02d9d-3860-76c1-856e-0c9f69bc490e,49504334,rua,Rua Bartolomeu de Carvalho Peixoto,Marianga,8d820d6b-d516-4628-8228-0e70dcaf08f5,SE
01a02d9d-2e64-71a7-9459-443f48aef340,49500205,rua,Rua Barão do Rio Branco,Centro,8d820d6b-d516-4628-8228-0e70dcaf08f5,SE
01a02d9d-269f-751d-8476-880cc4031ab5,49770970,rua,Rua Barão do Rio Branco 8,Centro,c295e1e0-dd75-4841-a759-224b760ce4d0,SE
01a02d9c-f198-72b8-a207-a5df89d7fe87,49043540,rua,Rua Bastos,Santa Maria,71df064f-d17f-4cf5-ad45-93ce4e8182a5,SE
01a02d9c-fb6b-7475-b2c4-dad6c61d2571,49055110,rua,Rua Basílio Rocha,Getúlio Vargas,71df064f-d17f-4cf5-ad45-93ce4e8182a5,SE
01a02d9d-2e63-78f6-b359-96c56e4378d4,49500127,rua,Rua Batista Itajaí,Centro,8d820d6b-d516-4628-8228-0e70dcaf08f5,SE
01a02d9d-0143-7fcd-a5cd-46bf3ab24728,49065150,rua,Rua Batistinha,Industrial,71df064f-d17f-4cf5-ad45-93ce4e8182a5,SE
01a02d9c-f198-72b8-a20b-a0cbad551beb,49043553,rua,Rua Beatriz Souza,Santa Maria,71df064f-d17f-4cf5-ad45-93ce4e8182a5,SE
01a02d9d-0550-7312-89a2-44e79f468919,49069030,rua,Rua Beira Rio,Porto D'Antas,71df064f-d17f-4cf5-ad45-93ce4e8182a5,SE
01a02d9d-18d7-70ae-8e35-6944d2ef397a,49091109,rua,Rua Beira Rio,Bugio,71df064f-d17f-4cf5-ad45-93ce4e8182a5,SE
01a02d9d-18d5-7f7e-9b28-f41ef961931d,49090543,rua,Rua Beira Rio,Bugio,71df064f-d17f-4cf5-ad45-93ce4e8182a5,SE
01a02d9c-eda0-7f96-a0eb-0fb3902be34f,49042193,rua,Rua Beira Rio,São Conrado,71df064f-d17f-4cf5-ad45-93ce4e8182a5,SE
01a02d9d-12f0-7662-a19a-66fc41dfb4f9,49088180,rua,Rua Bela Vista,Lamarão,71df064f-d17f-4cf5-ad45-93ce4e8182a5,SE
01a02d9d-0550-7b9d-89a4-fee474459526,49069036,rua,Rua Bela Vista,Porto D'Antas,71df064f-d17f-4cf5-ad45-93ce4e8182a5,SE
01a02d9d-0932-7bae-b100-d828924ceb40,49072390,rua,Rua Bela Vista,Dezoito do Forte,71df064f-d17f-4cf5-ad45-93ce4e8182a5,SE
01a02d9d-16ee-760e-8e3b-4b2190177966,49090020,rua,Rua Bela Vista,Jardim Centenário,71df064f-d17f-4cf5-ad45-93ce4e8182a5,SE
01a02d9c-ef93-7917-91b5-f3a201a0e238,49043415,rua,Rua Bela Vista,Santa Maria,71df064f-d17f-4cf5-ad45-93ce4e8182a5,SE
01a02d9d-22a4-7e4d-bb19-6c50d8219483,49985970,rua,Rua Belarmino Gomes 429,Centro,9998e8a7-f7d7-40b6-8a3e-ca7ac8c4a405,SE
01a02d9d-22a4-7e4d-bb1a-8b2162fed816,49985971,rua,"Rua Belarmino Gomes, s/n",Centro,9998e8a7-f7d7-40b6-8a3e-ca7ac8c4a405,SE
01a02d9d-22a4-7e4d-bb1b-071bf8921e26,49985972,rua,"Rua Belarmino Gomes, s/n",Centro,9998e8a7-f7d7-40b6-8a3e-ca7ac8c4a405,SE
01a02d9d-2e65-7309-a822-09f8be880b50,49500433,rua,Rua Beliziário Antônio de Andrade,São Cristóvão,8d820d6b-d516-4628-8228-0e70dcaf08f5,SE
01a02d9d-0144-786d-8f6c-e4282571a2ba,49065160,rua,Rua Belém,Industrial,71df064f-d17f-4cf5-ad45-93ce4e8182a5,SE
01a02d9c-ebbf-7575-9aff-80fd8c7e8d87,49041156,rua,Rua Benedita de Almeida Silva,Inácio Barbosa,71df064f-d17f-4cf5-ad45-93ce4e8182a5,SE
01a02d9d-3aa9-7e4f-a07c-627e57de5f45,49506192,rua,Rua Benedito Santana,Rotary Club de Itabaiana,8d820d6b-d516-4628-8228-0e70dcaf08f5,SE
01a02d9c-cfed-7704-8ced-9f8d247962b1,49001252,rua,Rua Benigina da Paixão Moraes,Aruana,71df064f-d17f-4cf5-ad45-93ce4e8182a5,SE
01a02d9d-2c78-77bb-8adf-163f935a9eb9,49500085,rua,Rua Benjamim Constant,Centro,8d820d6b-d516-4628-8228-0e70dcaf08f5,SE
01a02d9d-209d-7771-ba93-31bdea746661,49260970,rua,Rua Benjamim Constant 178,Centro,fe4690c5-77d3-45ac-8be9-7f6bd59137b6,SE
01a02d9d-14f5-703d-bb37-0783c988d573,49089020,rua,Rua Benjamin Constant,Soledade,71df064f-d17f-4cf5-ad45-93ce4e8182a5,SE
01a02d9d-209e-776f-b197-f21ab592b9fc,49600970,rua,Rua Benjamin Constant 33,Centro,f0dc9b0e-f962-4398-b0f3-01c522254cfd,SE
01a02d9c-f574-7bf3-a69c-bb3dd8edb728,49045110,rua,Rua Benjamin Fontes,Luzia,71df064f-d17f-4cf5-ad45-93ce4e8182a5,SE
01a02d9d-343a-7f6e-adcd-62760e45c994,49503186,rua,Rua Berilo Batista Leite,Serrano,8d820d6b-d516-4628-8228-0e70dcaf08f5,SE
01a02d9d-0351-7453-b04c-6fbacbfdf377,49066240,rua,Rua Berilo Fonseca Dória,Industrial,71df064f-d17f-4cf5-ad45-93ce4e8182a5,SE
01a02d9d-3f01-799d-8569-cd05f765d11a,49508175,rua,Rua Bernarda Tavares Cunha,Oviedo Teixeira,8d820d6b-d516-4628-8228-0e70dcaf08f5,SE
01a02d9d-0d20-7d89-91b1-49fe15c1220e,49082050,rua,Rua Bernardo Vieira de Melo,Novo Paraíso,71df064f-d17f-4cf5-ad45-93ce4e8182a5,SE
01a02d9d-0551-7cb5-a2eb-78c07560030c,49069195,rua,Rua Beta,Porto D'Antas,71df064f-d17f-4cf5-ad45-93ce4e8182a5,SE
01a02d9c-fb69-7a00-8c13-d88d08a8581a,49052120,rua,Rua Bittencourt Sampaio,Pereira Lobo,71df064f-d17f-4cf5-ad45-93ce4e8182a5,SE
01a02d9c-fb6b-7475-b2c5-151290ea501d,49055120,rua,Rua Bittencourt Sampaio,Cirurgia,71df064f-d17f-4cf5-ad45-93ce4e8182a5,SE
01a02d9d-0144-786d-8f6e-fa7169a3ea7d,49065170,rua,Rua Boa Viagem,Industrial,71df064f-d17f-4cf5-ad45-93ce4e8182a5,SE
01a02d9d-0550-7b9d-89a5-2ecc4b34f237,49069039,rua,Rua Boa Vista,Porto D'Antas,71df064f-d17f-4cf5-ad45-93ce4e8182a5,SE
01a02d9d-22a4-7e4d-bb1d-e76dd5c798f9,49990971,rua,Rua Boa Vista 207,Centro,695f95aa-2d27-4a09-a92f-1706b61bcf68,SE
01a02d9d-2e64-71a7-9464-127fca532fcc,49500238,rua,Rua Boanerges de Almeida Pinheiro,Centro,8d820d6b-d516-4628-8228-0e70dcaf08f5,SE
01a02d9d-2e63-78f6-b362-539ba5a97b4a,49500154,rua,Rua Boanerges de Almeida Pinheiro,Centro,8d820d6b-d516-4628-8228-0e70dcaf08f5,SE
01a02d9d-0551-7cb5-a2fb-eedf6bedb4c7,49070083,rua,Rua Bolívia,Cidade Nova,71df064f-d17f-4cf5-ad45-93ce4e8182a5,SE
01a02d9d-0b2b-79eb-a51b-54225d95f11d,49080090,rua,Rua Bolívia,América,71df064f-d17f-4cf5-ad45-93ce4e8182a5,SE
01a02d9c-ff49-7816-bf5d-3a60854b60bb,49063013,rua,Rua Bolívia,Japãozinho,71df064f-d17f-4cf5-ad45-93ce4e8182a5,SE
01a02d9c-d42a-719c-a968-6cd25277e885,49007060,rua,Rua Bom Jesus,Zona de Expansão (Areia Branca),71df064f-d17f-4cf5-ad45-93ce4e8182a5,SE
01a02d9c-f754-7e84-9e13-420d8ab21b51,49047060,rua,Rua Bom Jesus dos Navegantes,Ponto Novo,71df064f-d17f-4cf5-ad45-93ce4e8182a5,SE
01a02d9c-da14-728f-894f-80f1d595f462,49010280,rua,Rua Boquim,Centro,71df064f-d17f-4cf5-ad45-93ce4e8182a5,SE
01a02d9c-ebbf-7575-9aed-bd7606879d05,49041060,rua,Rua Bosco Scaffs,Inácio Barbosa,71df064f-d17f-4cf5-ad45-93ce4e8182a5,SE
01a02d9d-1cb7-7406-beca-7933f07e25cd,49095490,rua,Rua Bosco Seabra,Jabotiana,71df064f-d17f-4cf5-ad45-93ce4e8182a5,SE
01a02d9c-eda0-7f96-a0ed-60b36081dfd7,49042199,rua,Rua Brasil,São Conrado,71df064f-d17f-4cf5-ad45-93ce4e8182a5,SE
01a02d9c-ef94-7247-967e-f4f16f75c851,49043478,rua,Rua Brasil,Santa Maria,71df064f-d17f-4cf5-ad45-93ce4e8182a5,SE
01a02d9d-323d-7823-b7e0-622ba80644c7,49502243,rua,Rua Brasiliana Francisca de Araújo,Marcela,8d820d6b-d516-4628-8228-0e70dcaf08f5,SE
01a02d9d-4122-7784-9257-34d45e5297bb,49509775,rua,Rua Brasiliano Antonio Batista Santos,Porto,8d820d6b-d516-4628-8228-0e70dcaf08f5,SE
01a02d9d-305c-7827-b06a-b4cf2dcd8078,49500873,rua,Rua Brasiliano Antonio de Góis,São Cristóvão,8d820d6b-d516-4628-8228-0e70dcaf08f5,SE
01a02d9d-3624-7ba9-9201-92f3095b8a76,49503668,rua,Rua Brasiliano Antônio de Góis,Anízio Amancio de Oliveira,8d820d6b-d516-4628-8228-0e70dcaf08f5,SE
01a02d9c-e1fd-7a28-8c4f-7c7a833a560d,49031010,rua,Rua Brasílio Martinho Valle,Farolândia,71df064f-d17f-4cf5-ad45-93ce4e8182a5,SE
01a02d9d-0933-7cce-97e4-bb5268528241,49072683,rua,Rua Bruna Mayara Lopes dos Santos,Dezoito do Forte,71df064f-d17f-4cf5-ad45-93ce4e8182a5,SE
01a02d9d-1ac1-7870-9d7e-7e845295f2a0,49092597,rua,Rua Bruna Onofre dos Santos,Olaria,71df064f-d17f-4cf5-ad45-93ce4e8182a5,SE
01a02d9c-e5f1-726d-83fc-f135b032ee70,49037090,rua,Rua Bráulio Costa,Atalaia,71df064f-d17f-4cf5-ad45-93ce4e8182a5,SE
01a02d9d-14f6-71e6-bb27-4596ec384ae4,49089246,rua,Rua C,Soledade,71df064f-d17f-4cf5-ad45-93ce4e8182a5,SE
01a02d9d-14f5-7946-bb50-6f57b565f5b0,49089156,rua,Rua C,Soledade,71df064f-d17f-4cf5-ad45-93ce4e8182a5,SE
01a02d9d-16ee-760e-8e25-5fe8cd3da463,49089389,rua,Rua C,Soledade,71df064f-d17f-4cf5-ad45-93ce4e8182a5,SE
01a02d9d-14f7-72ea-ab95-71e4bab17038,49089356,rua,Rua C,Soledade,71df064f-d17f-4cf5-ad45-93ce4e8182a5,SE
01a02d9c-e1ff-743f-b15b-295c85985971,49031416,rua,Rua C,Farolândia,71df064f-d17f-4cf5-ad45-93ce4e8182a5,SE
01a02d9c-e201-7703-abc2-de2c2924f4d1,49032243,rua,Rua C,Farolândia,71df064f-d17f-4cf5-ad45-93ce4e8182a5,SE
01a02d9c-e3fc-74b0-92e1-12fcc0035146,49032383,rua,Rua C,Farolândia,71df064f-d17f-4cf5-ad45-93ce4e8182a5,SE
01a02d9c-e3fd-7623-b631-8927801e8606,49032466,rua,Rua C,Farolândia,71df064f-d17f-4cf5-ad45-93ce4e8182a5,SE
01a02d9c-e400-7a9b-a276-d9b63a60aca6,49035629,rua,Rua C,Coroa do Meio,71df064f-d17f-4cf5-ad45-93ce4e8182a5,SE
01a02d9c-e7d6-77a3-a988-073abb6e09fb,49037716,rua,Rua C,Aeroporto,71df064f-d17f-4cf5-ad45-93ce4e8182a5,SE
01a02d9d-0351-7453-b044-d38f8cdb4c62,49066219,rua,Rua C,Industrial,71df064f-d17f-4cf5-ad45-93ce4e8182a5,SE
01a02d9d-0351-7453-b056-c19d3e36d47a,49066320,rua,Rua C,Industrial,71df064f-d17f-4cf5-ad45-93ce4e8182a5,SE
01a02d9d-0351-7cf4-b05c-4d8588734300,49066350,rua,Rua C,Industrial,71df064f-d17f-4cf5-ad45-93ce4e8182a5,SE
01a02d9d-0550-7312-8992-8228d59dde5e,49067228,rua,Rua C,Porto D'Antas,71df064f-d17f-4cf5-ad45-93ce4e8182a5,SE
01a02d9d-0552-7541-887a-8f6a16167282,49070099,rua,Rua C,Cidade Nova,71df064f-d17f-4cf5-ad45-93ce4e8182a5,SE
01a02d9d-0743-7b6e-9fad-21244eca73ea,49070489,rua,Rua C,Cidade Nova,71df064f-d17f-4cf5-ad45-93ce4e8182a5,SE
01a02d9d-0744-73ec-b48f-2b2b7d7bb102,49070787,rua,Rua C,Cidade Nova,71df064f-d17f-4cf5-ad45-93ce4e8182a5,SE
01a02d9d-0744-7c65-b49e-8ae9b7cc3036,49070845,rua,Rua C,Cidade Nova,71df064f-d17f-4cf5-ad45-93ce4e8182a5,SE
01a02d9d-0745-7510-b491-1104506aa64e,49070853,rua,Rua C,Cidade Nova,71df064f-d17f-4cf5-ad45-93ce4e8182a5,SE
01a02d9d-0933-741f-97cf-3fef6ba276a6,49072579,rua,Rua C,Dezoito do Forte,71df064f-d17f-4cf5-ad45-93ce4e8182a5,SE
01a02d9d-0933-7cce-97e2-51e6ecbe1f9c,49072679,rua,Rua C,Dezoito do Forte,71df064f-d17f-4cf5-ad45-93ce4e8182a5,SE
01a02d9d-0d20-750f-9189-9953aebd3d4e,49080626,rua,Rua C,América,71df064f-d17f-4cf5-ad45-93ce4e8182a5,SE
01a02d9d-0d20-750f-919b-4bcba7abc7e4,49081043,rua,Rua C,Capucho,71df064f-d17f-4cf5-ad45-93ce4e8182a5,SE
01a02d9d-10f9-7a21-aa50-0c6c74fd0d6f,49087099,rua,Rua C,Santos Dumont,71df064f-d17f-4cf5-ad45-93ce4e8182a5,SE
01a02d9d-10fa-7b93-960a-a84bbc1cd468,49087396,rua,Rua C,Santos Dumont,71df064f-d17f-4cf5-ad45-93ce4e8182a5,SE
01a02d9d-10fa-7b93-9612-5c464e58697a,49087426,rua,Rua C,Santos Dumont,71df064f-d17f-4cf5-ad45-93ce4e8182a5,SE
01a02d9d-10fa-7b93-9617-8656228e94a7,49087443,rua,Rua C,Santos Dumont,71df064f-d17f-4cf5-ad45-93ce4e8182a5,SE
01a02d9d-2a93-7f4c-a1dd-74ac22c46e1c,49071329,rua,Rua C,Dom Luciano,71df064f-d17f-4cf5-ad45-93ce4e8182a5,SE
01a02d9d-2a93-7f4c-a1d4-845d166e2690,49071276,rua,Rua C,Dom Luciano,71df064f-d17f-4cf5-ad45-93ce4e8182a5,SE
01a02d9d-2a93-769a-a1cd-61e8552e5049,49071238,rua,Rua C,Dom Luciano,71df064f-d17f-4cf5-ad45-93ce4e8182a5,SE
01a02d9d-2a93-769a-a1c9-27b95208484f,49071210,rua,Rua C,Dom Luciano,71df064f-d17f-4cf5-ad45-93ce4e8182a5,SE
01a02d9d-2a92-7d5b-95f3-987dea6f9091,49071063,rua,Rua C,Dom Luciano,71df064f-d17f-4cf5-ad45-93ce4e8182a5,SE
01a02d9d-2a92-74f4-95ed-7bd9bc76bcc0,49071034,rua,Rua C,Dom Luciano,71df064f-d17f-4cf5-ad45-93ce4e8182a5,SE
01a02d9d-2a91-7c3f-863f-fc2fab51ea88,49070539,rua,Rua C,Cidade Nova,71df064f-d17f-4cf5-ad45-93ce4e8182a5,SE
01a02d9d-2a91-71a6-8631-020c7b0d29be,49070026,rua,Rua C,Cidade Nova,71df064f-d17f-4cf5-ad45-93ce4e8182a5,SE
01a02d9d-28ab-75f8-a3ed-a494a16803d8,49043859,rua,Rua C,Santa Maria,71df064f-d17f-4cf5-ad45-93ce4e8182a5,SE
01a02d9d-28aa-74b7-8788-205511ec3f8a,49038467,rua,Rua C,Aeroporto,71df064f-d17f-4cf5-ad45-93ce4e8182a5,SE
01a02d9d-28a9-732b-a601-0fc30b7a2752,49008811,rua,Rua C,Zona de Expansão (Mosqueiro),71df064f-d17f-4cf5-ad45-93ce4e8182a5,SE
01a02d9d-24a2-7e2b-9ec9-64a6851a189f,49089106,rua,Rua C,Soledade,71df064f-d17f-4cf5-ad45-93ce4e8182a5,SE
01a02d9d-24a2-7e2b-9ec5-5b5bcd14d2b6,49088255,rua,Rua C,Lamarão,71df064f-d17f-4cf5-ad45-93ce4e8182a5,SE
01a02d9d-10fb-742c-926d-3e6fac7e9654,49087513,rua,Rua C,Santos Dumont,71df064f-d17f-4cf5-ad45-93ce4e8182a5,SE
01a02d9d-24a0-7e28-9b5e-a6d55ff0758f,49069255,rua,Rua C,Porto D'Antas,71df064f-d17f-4cf5-ad45-93ce4e8182a5,SE
01a02d9d-22a5-775a-9fed-9879f5366781,49007400,rua,Rua C,Zona de Expansão (Areia Branca),71df064f-d17f-4cf5-ad45-93ce4e8182a5,SE
01a02d9d-1ea4-775d-87f7-883ea22b9c79,49096279,rua,Rua C,Jabotiana,71df064f-d17f-4cf5-ad45-93ce4e8182a5,SE
01a02d9d-1cb8-74ef-96df-19d8f0716f8d,49095833,rua,Rua C,Jabotiana,71df064f-d17f-4cf5-ad45-93ce4e8182a5,SE
01a02d9d-1cb6-7b9c-9739-798e8422b210,49095286,rua,Rua C,Jabotiana,71df064f-d17f-4cf5-ad45-93ce4e8182a5,SE
01a02d9d-1ac2-70e0-a65c-6747abaeb7d0,49092705,rua,Rua C,Olaria,71df064f-d17f-4cf5-ad45-93ce4e8182a5,SE
01a02d9d-18d7-70ae-8e36-ac9676ff7210,49091112,rua,Rua C,Bugio,71df064f-d17f-4cf5-ad45-93ce4e8182a5,SE
01a02d9d-18d5-76cf-9b1c-08756755122a,49090499,rua,Rua C,Jardim Centenário,71df064f-d17f-4cf5-ad45-93ce4e8182a5,SE
01a02d9d-18d4-7e38-ad87-55b33eec6b22,49090416,rua,Rua C,Bugio,71df064f-d17f-4cf5-ad45-93ce4e8182a5,SE
01a02d9d-16ee-760e-8e2e-39f8acdd5aee,49089426,rua,Rua C,Soledade,71df064f-d17f-4cf5-ad45-93ce4e8182a5,SE
01a02d9c-e7d7-700e-a260-87fff00a16c6,49037864,rua,Rua C,Aeroporto,71df064f-d17f-4cf5-ad45-93ce4e8182a5,SE
01a02d9c-e7d7-700e-a26b-1424adc18498,49038019,rua,Rua C,Atalaia,71df064f-d17f-4cf5-ad45-93ce4e8182a5,SE
01a02d9c-eda3-77a9-bf5e-2e1f225c292e,49042842,rua,Rua C,São Conrado,71df064f-d17f-4cf5-ad45-93ce4e8182a5,SE
01a02d9c-ef94-7247-9675-3c12498a51b8,49043452,rua,Rua C,Santa Maria,71df064f-d17f-4cf5-ad45-93ce4e8182a5,SE
01a02d9c-f199-73e4-a67d-fd0fa5870d66,49043678,rua,Rua C,Santa Maria,71df064f-d17f-4cf5-ad45-93ce4e8182a5,SE
01a02d9c-f19b-762b-a1ce-93dd56bd2068,49043833,rua,Rua C,Santa Maria,71df064f-d17f-4cf5-ad45-93ce4e8182a5,SE
01a02d9c-f573-7bcb-b753-3ec95c6ec6bb,49044418,rua,Rua C,Santa Maria,71df064f-d17f-4cf5-ad45-93ce4e8182a5,SE
01a02d9c-f574-7bf3-a68c-d8f85c75f5ab,49044538,rua,Rua C,Santa Maria,71df064f-d17f-4cf5-ad45-93ce4e8182a5,SE
01a02d9d-2c75-7cb2-a5f9-1091a5be536d,49089168,rua,Rua C,Soledade,71df064f-d17f-4cf5-ad45-93ce4e8182a5,SE
01a02d9c-ff48-76d1-9d00-df3e63648f1d,49060678,rua,Rua C,Palestina,71df064f-d17f-4cf5-ad45-93ce4e8182a5,SE
01a02d9c-ff48-7f69-9d22-01ff1bdaee82,49061091,rua,Rua C,Santo Antônio,71df064f-d17f-4cf5-ad45-93ce4e8182a5,SE
01a02d9c-ff49-7816-bf62-8d439b9272d2,49063028,rua,Rua C,Japãozinho,71df064f-d17f-4cf5-ad45-93ce4e8182a5,SE
01a02d9c-ff4a-70c4-9c6d-e60215e7670f,49063091,rua,Rua C,Japãozinho,71df064f-d17f-4cf5-ad45-93ce4e8182a5,SE
01a02d9c-ff4a-7a71-9c7a-43cc9064e102,49063130,rua,Rua C,Japãozinho,71df064f-d17f-4cf5-ad45-93ce4e8182a5,SE
01a02d9d-0143-7719-a5a5-7608bf343d4a,49063178,rua,Rua C,Japãozinho,71df064f-d17f-4cf5-ad45-93ce4e8182a5,SE
01a02d9d-0143-7fcd-a5ba-fde1617ef64c,49065039,rua,Rua C,Industrial,71df064f-d17f-4cf5-ad45-93ce4e8182a5,SE
01a02d9c-cbc6-7abc-a990-ddfdf0c97e74,49000311,rua,Rua C,Aruana,71df064f-d17f-4cf5-ad45-93ce4e8182a5,SE
01a02d9c-cbc7-7342-966c-a9331ee6f465,49000453,rua,Rua C,Aruana,71df064f-d17f-4cf5-ad45-93ce4e8182a5,SE
01a02d9c-cbc7-7bd3-9685-ba0513254f87,49000590,rua,Rua C,Aruana,71df064f-d17f-4cf5-ad45-93ce4e8182a5,SE
01a02d9c-cbc8-74ad-9537-aa167f427a43,49000689,rua,Rua C,Aruana,71df064f-d17f-4cf5-ad45-93ce4e8182a5,SE
01a02d9c-cddd-772b-a692-fb61ee407926,49001051,rua,Rua C,Aruana,71df064f-d17f-4cf5-ad45-93ce4e8182a5,SE
01a02d9c-cddd-7fa1-a69b-041a53e0c79c,49001081,rua,Rua C,Aruana,71df064f-d17f-4cf5-ad45-93ce4e8182a5,SE
01a02d9c-cdde-781b-b07a-a802125f7e86,49001102,rua,Rua C,Aruana,71df064f-d17f-4cf5-ad45-93ce4e8182a5,SE
01a02d9c-cddf-70da-89a9-2503adb18e9e,49001129,rua,Rua C,Aruana,71df064f-d17f-4cf5-ad45-93ce4e8182a5,SE
01a02d9c-d207-7bed-80c0-a219f72c28f1,49004421,rua,Rua C,Zona de Expansão (Robalo),71df064f-d17f-4cf5-ad45-93ce4e8182a5,SE
01a02d9c-d207-7bed-80c4-1c83a3c92813,49004445,rua,Rua C,Zona de Expansão (Robalo),71df064f-d17f-4cf5-ad45-93ce4e8182a5,SE
01a02d9c-d208-7d54-bc2d-942535f58870,49004580,rua,Rua C,Zona de Expansão (Robalo),71df064f-d17f-4cf5-ad45-93ce4e8182a5,SE
01a02d9c-d428-76fd-8294-5b1d974a60ad,49004739,rua,Rua C,Zona de Expansão (Robalo),71df064f-d17f-4cf5-ad45-93ce4e8182a5,SE
01a02d9c-d429-7038-aaef-55448e405550,49004793,rua,Rua C,Zona de Expansão (Robalo),71df064f-d17f-4cf5-ad45-93ce4e8182a5,SE
01a02d9c-d429-7038-ab00-e010eb26bd21,49005092,rua,Rua C,Zona de Expansão (Robalo),71df064f-d17f-4cf5-ad45-93ce4e8182a5,SE
01a02d9c-d42a-719c-a960-080fb32a5309,49007012,rua,Rua C,Zona de Expansão (Areia Branca),71df064f-d17f-4cf5-ad45-93ce4e8182a5,SE
01a02d9c-d42a-7a3b-a97f-ab03f3602fa9,49007211,rua,Rua C,Zona de Expansão (Areia Branca),71df064f-d17f-4cf5-ad45-93ce4e8182a5,SE
01a02d9c-d618-7b81-9864-e2de97c5c021,49007265,rua,Rua C,Zona de Expansão (Areia Branca),71df064f-d17f-4cf5-ad45-93ce4e8182a5,SE
01a02d9c-d619-7cb4-ac2d-29f23ca1f746,49008018,rua,Rua C,Zona de Expansão (Mosqueiro),71df064f-d17f-4cf5-ad45-93ce4e8182a5,SE
01a02d9c-d61a-75a6-bc29-e88020aab57a,49008048,rua,Rua C,Zona de Expansão (Mosqueiro),71df064f-d17f-4cf5-ad45-93ce4e8182a5,SE
01a02d9c-d61a-75a6-bc2c-e3f9a1cdf917,49008057,rua,Rua C,Zona de Expansão (Mosqueiro),71df064f-d17f-4cf5-ad45-93ce4e8182a5,SE
01a02d9c-d61a-75a6-bc36-d74a209ef7ec,49008202,rua,Rua C,Zona de Expansão (Mosqueiro),71df064f-d17f-4cf5-ad45-93ce4e8182a5,SE
01a02d9c-d61b-75e8-9a74-6aded090ba1c,49008312,rua,Rua C,Zona de Expansão (Mosqueiro),71df064f-d17f-4cf5-ad45-93ce4e8182a5,SE
01a02d9c-d61c-75c9-ba21-8bf92d104259,49008381,rua,Rua C,Zona de Expansão (Mosqueiro),71df064f-d17f-4cf5-ad45-93ce4e8182a5,SE
01a02d9c-d812-73f5-bb98-9ab5e32e6cfb,49008447,rua,Rua C,Zona de Expansão (Mosqueiro),71df064f-d17f-4cf5-ad45-93ce4e8182a5,SE
01a02d9c-d812-73f5-bb9d-a465c38216c9,49008504,rua,Rua C,Zona de Expansão (Mosqueiro),71df064f-d17f-4cf5-ad45-93ce4e8182a5,SE
01a02d9c-d812-73f5-bbac-bdd2e17a40cd,49008590,rua,Rua C,Zona de Expansão (Mosqueiro),71df064f-d17f-4cf5-ad45-93ce4e8182a5,SE
01a02d9d-305b-76f3-b885-8c8d8e697925,49500597,rua,Rua C,São Cristóvão,8d820d6b-d516-4628-8228-0e70dcaf08f5,SE
01a02d9d-305b-7f8f-b888-efb05ec3a6cb,49500606,rua,Rua C,São Cristóvão,8d820d6b-d516-4628-8228-0e70dcaf08f5,SE
01a02d9d-305c-7827-b067-21f0f8a8e41f,49500714,rua,Rua C,São Cristóvão,8d820d6b-d516-4628-8228-0e70dcaf08f5,SE
01a02d9d-3860-7f3e-8587-cf71d48e6498,49504456,rua,Rua C,Marianga,8d820d6b-d516-4628-8228-0e70dcaf08f5,SE
01a02d9d-10fb-742c-9271-cf55b818f1de,49087523,rua,Rua C1,Santos Dumont,71df064f-d17f-4cf5-ad45-93ce4e8182a5,SE
01a02d9d-1ea3-7ec2-8524-2398c4f34b4e,49096233,rua,Rua C1,Jabotiana,71df064f-d17f-4cf5-ad45-93ce4e8182a5,SE
01a02d9c-cfee-7020-b499-a29f0be1867f,49001347,rua,Rua C1,Aruana,71df064f-d17f-4cf5-ad45-93ce4e8182a5,SE
01a02d9d-18d5-7f7e-9b2d-305aea9239c9,49090560,rua,Rua C2,Bugio,71df064f-d17f-4cf5-ad45-93ce4e8182a5,SE
01a02d9d-18d5-7f7e-9b30-55ce9f0b84dd,49090570,rua,Rua C3,Bugio,71df064f-d17f-4cf5-ad45-93ce4e8182a5,SE
01a02d9d-18d4-7e38-ad8f-28f53054ccf2,49090473,rua,Rua C4,Bugio,71df064f-d17f-4cf5-ad45-93ce4e8182a5,SE
01a02d9c-eda1-7f9a-bf03-651d2be309dc,49042216,rua,Rua CA,São Conrado,71df064f-d17f-4cf5-ad45-93ce4e8182a5,SE
01a02d9c-fd5f-7dd9-bcfb-9bc15be62c3a,49060065,rua,Rua Cabo Costa,Santo Antônio,71df064f-d17f-4cf5-ad45-93ce4e8182a5,SE
01a02d9c-ff48-76d1-9d03-74ef0adfef11,49060685,rua,Rua Cabo Costa,Palestina,71df064f-d17f-4cf5-ad45-93ce4e8182a5,SE
01a02d9d-10f9-7a21-aa4a-ac1ca4f9882b,49087080,rua,Rua Cabo Hermenegildo,Santos Dumont,71df064f-d17f-4cf5-ad45-93ce4e8182a5,SE
01a02d9d-0746-75e9-932b-c0dc2c7ae18a,49072080,rua,Rua Cabo Jordino,Dezoito do Forte,71df064f-d17f-4cf5-ad45-93ce4e8182a5,SE
01a02d9d-0d21-75fb-8f6b-211922a3cad2,49082070,rua,Rua Cabo José Ferreira,Novo Paraíso,71df064f-d17f-4cf5-ad45-93ce4e8182a5,SE
01a02d9d-0351-7453-b040-9f2a506348cc,49066200,rua,Rua Cabo João Pereira da Silva,Industrial,71df064f-d17f-4cf5-ad45-93ce4e8182a5,SE
01a02d9d-18d4-7e38-ad80-0a476e48371a,49090390,rua,Rua Cabo Nivaldo Gomes da Silva,Bugio,71df064f-d17f-4cf5-ad45-93ce4e8182a5,SE
01a02d9d-0d21-75fb-8f6c-b399bb7301c1,49082080,rua,Rua Cabo Pedro Almeida,Novo Paraíso,71df064f-d17f-4cf5-ad45-93ce4e8182a5,SE
01a02d9c-e5f0-79f6-925e-e0b72401b2e5,49036210,rua,Rua Cabo Sylvio de Oliveira Cruz,Atalaia,71df064f-d17f-4cf5-ad45-93ce4e8182a5,SE
01a02d9c-ef90-7c36-b442-df9c9cb22ea9,49043060,rua,Rua Cabo Walbert Dias Soares,São Conrado,71df064f-d17f-4cf5-ad45-93ce4e8182a5,SE
01a02d9c-d812-73f5-bba2-742c767c1f57,49008528,rua,Rua Camarai,Zona de Expansão (Mosqueiro),71df064f-d17f-4cf5-ad45-93ce4e8182a5,SE
01a02d9c-dc0a-726b-a949-f830607ac585,49015460,rua,Rua Campo do Brito,São José,71df064f-d17f-4cf5-ad45-93ce4e8182a5,SE
01a02d9c-dc0a-7b31-a977-bc1b97704efa,49020380,rua,Rua Campo do Brito,Treze de Julho,71df064f-d17f-4cf5-ad45-93ce4e8182a5,SE
01a02d9c-dc0b-7b5e-82bc-434af19e739d,49020590,rua,Rua Campo do Brito,Salgado Filho,71df064f-d17f-4cf5-ad45-93ce4e8182a5,SE
01a02d9d-0b2b-79eb-a51d-9260b6e1f95a,49080120,rua,Rua Campo do Brito,América,71df064f-d17f-4cf5-ad45-93ce4e8182a5,SE
01a02d9d-2e63-78f6-b353-cfb6f9646704,49500109,rua,Rua Campo do Brito,Centro,8d820d6b-d516-4628-8228-0e70dcaf08f5,SE
01a02d9c-dc0a-726b-a94e-fc6520f1be83,49015974,rua,Rua Campo do Brito 1100,São José,71df064f-d17f-4cf5-ad45-93ce4e8182a5,SE
01a02d9c-da17-7dde-9417-4602653dfc3b,49015220,rua,Rua Campos,São José,71df064f-d17f-4cf5-ad45-93ce4e8182a5,SE
01a02d9d-0b2c-7262-902f-f2845802a975,49080135,rua,Rua Canadá,América,71df064f-d17f-4cf5-ad45-93ce4e8182a5,SE
01a02d9d-0f0f-72d2-b249-11c5027faf6d,49082415,rua,Rua Canadá,Novo Paraíso,71df064f-d17f-4cf5-ad45-93ce4e8182a5,SE
01a02d9c-d207-7bed-80c5-5a250e2986f6,49004448,rua,Rua Canal,Zona de Expansão (Robalo),71df064f-d17f-4cf5-ad45-93ce4e8182a5,SE
01a02d9d-1ac1-7870-9d90-4b99d5b98a74,49092654,rua,Rua Canal I,Olaria,71df064f-d17f-4cf5-ad45-93ce4e8182a5,SE
01a02d9d-1ac2-70e0-a656-ea1cee4d5d71,49092678,rua,Rua Canal II,Olaria,71df064f-d17f-4cf5-ad45-93ce4e8182a5,SE
01a02d9d-4321-7221-ad15-8be0a0e82003,49511625,rua,Rua Candeia Grande,Queimadas,8d820d6b-d516-4628-8228-0e70dcaf08f5,SE
01a02d9d-4321-7221-ad11-5e1b99668750,49511605,rua,Rua Candida Mamede,Queimadas,8d820d6b-d516-4628-8228-0e70dcaf08f5,SE
01a02d9d-4321-7221-ad13-36131b61c2d8,49511615,rua,Rua Candida Maria de Jesus,Queimadas,8d820d6b-d516-4628-8228-0e70dcaf08f5,SE
01a02d9d-343b-7f7d-a38c-558b22c8c933,49503399,rua,Rua Candido Barbosa de Jesus,Anízio Amancio de Oliveira,8d820d6b-d516-4628-8228-0e70dcaf08f5,SE
01a02d9d-2c77-769a-94e2-96ea8e8bf3c8,49500019,rua,Rua Candido Barbosa de Jesus,Centro,8d820d6b-d516-4628-8228-0e70dcaf08f5,SE
01a02d9d-269e-73ce-a48b-f3de96eb1cf8,49007322,rua,Rua Cantinho da Vovó,Zona de Expansão (Areia Branca),71df064f-d17f-4cf5-ad45-93ce4e8182a5,SE
01a02d9c-ddf6-745c-a344-62ebecab2d17,49026203,rua,Rua Cantito Menezes Lima,Jardins,71df064f-d17f-4cf5-ad45-93ce4e8182a5,SE
01a02d9c-cbc7-7342-967d-9d99225a5376,49000504,rua,Rua Cantor Ismar Barreto Dória,Aruana,71df064f-d17f-4cf5-ad45-93ce4e8182a5,SE
01a02d9d-0550-7b9d-89a9-62a1d35e23d3,49069051,rua,Rua Capela,Porto D'Antas,71df064f-d17f-4cf5-ad45-93ce4e8182a5,SE
01a02d9c-da14-7af6-8958-0e79c61000a9,49010370,rua,Rua Capela,Centro,71df064f-d17f-4cf5-ad45-93ce4e8182a5,SE
01a02d9c-f38e-7134-861b-e120aea72fd9,49044200,rua,Rua Capitanias Hereditárias,Santa Maria,71df064f-d17f-4cf5-ad45-93ce4e8182a5,SE
01a02d9c-ebbf-7e0b-9b12-1521a698928d,49042070,rua,Rua Capitão Ademário Rodrigues do Nascimento,São Conrado,71df064f-d17f-4cf5-ad45-93ce4e8182a5,SE
01a02d9c-ef91-74a3-911d-96c68aaa5c0b,49043100,rua,Rua Capitão Alberto Santos,São Conrado,71df064f-d17f-4cf5-ad45-93ce4e8182a5,SE
01a02d9c-ef91-7eae-9129-68915a015a15,49043190,rua,Rua Capitão Alberto da Silva Leite,São Conrado,71df064f-d17f-4cf5-ad45-93ce4e8182a5,SE
01a02d9d-323c-7f76-9683-a5d9e095819f,49502133,rua,Rua Capitão Altair Schmoeller,Marcela,8d820d6b-d516-4628-8228-0e70dcaf08f5,SE
01a02d9c-ef91-74a3-9126-21b70541f1d4,49043160,rua,Rua Capitão Américo Santos,São Conrado,71df064f-d17f-4cf5-ad45-93ce4e8182a5,SE
01a02d9c-e1fe-7b93-b66f-41aa86739f06,49031250,rua,Rua Capitão Antônio Tavares dos Santos,Farolândia,71df064f-d17f-4cf5-ad45-93ce4e8182a5,SE
01a02d9c-f754-7e84-9e14-1b488a615373,49047063,rua,Rua Capitão Antônio de Aquino,Ponto Novo,71df064f-d17f-4cf5-ad45-93ce4e8182a5,SE
01a02d9c-dc0a-726b-a953-c8ceefaf7390,49020050,rua,Rua Capitão Benedito Teófilo Otoni,Treze de Julho,71df064f-d17f-4cf5-ad45-93ce4e8182a5,SE
01a02d9c-eda3-77a9-bf4b-59d55cb43166,49042700,rua,Rua Capitão Elpídio Antonio Côrtes,São Conrado,71df064f-d17f-4cf5-ad45-93ce4e8182a5,SE
01a02d9d-0746-75e9-932c-db1dcbcae208,49072090,rua,Rua Capitão Irineu Cunha,Dezoito do Forte,71df064f-d17f-4cf5-ad45-93ce4e8182a5,SE
01a02d9c-ef91-7eae-9131-a6e6aab603c5,49043240,rua,Rua Capitão Isaías Alves de Souza,São Conrado,71df064f-d17f-4cf5-ad45-93ce4e8182a5,SE
01a02d9d-2e64-71a7-9463-a426c8c173df,49500235,rua,Rua Capitão José Ferreira Neto,Centro,8d820d6b-d516-4628-8228-0e70dcaf08f5,SE
01a02d9d-3f02-7b6c-baf8-31a693b3da96,49509155,rua,Rua Capitão José Ferreira Neto,Mamede Paes Mendonça,8d820d6b-d516-4628-8228-0e70dcaf08f5,SE
01a02d9d-209e-776f-b185-5cebcd1bef90,49512970,rua,"Rua Capitão José Florencio, s/n",Centro,a0fa674d-9fb7-426a-808c-a59d98d856fc,SE
01a02d9d-1ea4-775d-8805-3730c5bc2232,49097090,rua,Rua Capitão José Machado,Ponto Novo,71df064f-d17f-4cf5-ad45-93ce4e8182a5,SE
01a02d9d-10f9-7a21-aa46-77fe9df6b08b,49087040,rua,Rua Capitão Manoel Gomes,Santos Dumont,71df064f-d17f-4cf5-ad45-93ce4e8182a5,SE
01a02d9d-2a92-74f4-95e7-d730743b9d1d,49071016,rua,Rua Capitão Manoel Gomes,Dom Luciano,71df064f-d17f-4cf5-ad45-93ce4e8182a5,SE
01a02d9d-2e63-78f6-b36b-227de10621d5,49500190,rua,Rua Capitão Manoel Joaquim Mendes,Centro,8d820d6b-d516-4628-8228-0e70dcaf08f5,SE
01a02d9d-3f02-7b6c-bafb-2aee1f12cc9c,49509164,rua,Rua Capitão Manoel Joaquim Mendes,Mamede Paes Mendonça,8d820d6b-d516-4628-8228-0e70dcaf08f5,SE
01a02d9d-14f5-703d-bb31-9f08f128e87e,49088419,rua,Rua Capitão Manoel Vieira Matos,Lamarão,71df064f-d17f-4cf5-ad45-93ce4e8182a5,SE
01a02d9d-209d-7771-ba8c-ee902991e8c6,49200970,rua,Rua Capitão Salomão 191,Centro,4276a34c-2c68-4ba4-a78f-2c5cb9743288,SE
01a02d9c-e5f0-7178-924c-ccf3a37f5546,49035780,rua,Rua Capitão Tenente Edivaldo Lima Santos,Coroa do Meio,71df064f-d17f-4cf5-ad45-93ce4e8182a5,SE
01a02d9d-3861-7807-bf8d-1d8dd257c8f4,49505090,rua,Rua Cariolando Lima,Miguel Teles de Mendonça,8d820d6b-d516-4628-8228-0e70dcaf08f5,SE
01a02d9d-0f0f-7b41-b26b-131946ba99ff,49085090,rua,Rua Carira,José Conrado de Araújo,71df064f-d17f-4cf5-ad45-93ce4e8182a5,SE
01a02d9d-16ee-7ea5-8e3e-cbb666a89471,49090030,rua,Rua Carivaldo Lima,Bugio,71df064f-d17f-4cf5-ad45-93ce4e8182a5,SE
01a02d9d-3f01-70fa-855c-e82b64054be4,49508125,rua,Rua Carlito José Nascimento,Oviedo Teixeira,8d820d6b-d516-4628-8228-0e70dcaf08f5,SE
01a02d9d-0552-7541-887b-3c4da228034a,49070100,rua,Rua Carlito Melo,Cidade Nova,71df064f-d17f-4cf5-ad45-93ce4e8182a5,SE
01a02d9c-ddf6-745c-a340-95b7224bf04a,49026170,rua,Rua Carlos Alberto Chamusca Tourinho,Jardins,71df064f-d17f-4cf5-ad45-93ce4e8182a5,SE
01a02d9c-dc0a-7b31-a96f-57f22d034bca,49020310,rua,Rua Carlos Alberto Porto,Salgado Filho,71df064f-d17f-4cf5-ad45-93ce4e8182a5,SE
01a02d9d-3aaa-7743-af9d-75f0f37e3b9e,49506222,rua,Rua Carlos Alberto Silveira Lima,Rotary Club de Itabaiana,8d820d6b-d516-4628-8228-0e70dcaf08f5,SE
01a02d9d-0551-7cb5-a2f7-d51fe6684472,49070050,rua,Rua Carlos Alberto Villa Chan,Cidade Nova,71df064f-d17f-4cf5-ad45-93ce4e8182a5,SE
01a02d9c-d812-73f5-bba3-596ad03e1118,49008563,rua,Rua Carlos Alberto Zuzart,Zona de Expansão (Mosqueiro),71df064f-d17f-4cf5-ad45-93ce4e8182a5,SE
01a02d9c-eda3-77a9-bf46-f4334a67331a,49042680,rua,Rua Carlos Alberto de Freitas,São Conrado,71df064f-d17f-4cf5-ad45-93ce4e8182a5,SE
01a02d9c-e7d6-77a3-a990-c9a6964e2c6b,49037810,rua,Rua Carlos Alberto de Jesus,Aeroporto,71df064f-d17f-4cf5-ad45-93ce4e8182a5,SE
01a02d9d-343a-7f6e-ade6-dac2b9e141eb,49503327,rua,Rua Carlos Andrade Carvalho,Anízio Amancio de Oliveira,8d820d6b-d516-4628-8228-0e70dcaf08f5,SE
01a02d9c-fb69-7a00-8c17-3c64edd846ee,49052150,rua,Rua Carlos Cabral Duarte,Pereira Lobo,71df064f-d17f-4cf5-ad45-93ce4e8182a5,SE
01a02d9d-3623-717c-a101-4b51940ce97a,49503522,rua,Rua Carlos Cordeiro,Anízio Amancio de Oliveira,8d820d6b-d516-4628-8228-0e70dcaf08f5,SE
01a02d9c-e1ff-743f-b154-4020584dad43,49031290,rua,Rua Carlos Correia de Araujo,Farolândia,71df064f-d17f-4cf5-ad45-93ce4e8182a5,SE
01a02d9d-305b-76f3-b87d-81f5de2b688b,49500573,rua,Rua Carlos Drumond de Andrade,São Cristóvão,8d820d6b-d516-4628-8228-0e70dcaf08f5,SE
01a02d9d-1ac1-7870-9d87-bead7be0abfe,49092627,rua,Rua Carlos Eduardo Pereira dos Santos,Olaria,71df064f-d17f-4cf5-ad45-93ce4e8182a5,SE
01a02d9d-0934-7568-8352-7b29fd522e3b,49075130,rua,Rua Carlos Garcia,Siqueira Campos,71df064f-d17f-4cf5-ad45-93ce4e8182a5,SE
01a02d9c-e1ff-7d24-b166-3c96d8785557,49032050,rua,Rua Carlos Gomes,Farolândia,71df064f-d17f-4cf5-ad45-93ce4e8182a5,SE
01a02d9c-e9cd-7d4c-8d3a-e0f48831cb1a,49040080,rua,Rua Carlos Gomes,Inácio Barbosa,71df064f-d17f-4cf5-ad45-93ce4e8182a5,SE
01a02d9c-f754-7e84-9e15-d88c7cb09272,49047070,rua,Rua Carlos Gomes,Ponto Novo,71df064f-d17f-4cf5-ad45-93ce4e8182a5,SE
01a02d9c-ebbe-7ce3-8602-68fb45e59e2e,49041040,rua,Rua Carlos Hamilton Silva Gomes,Inácio Barbosa,71df064f-d17f-4cf5-ad45-93ce4e8182a5,SE
01a02d9c-e1ff-743f-b155-14c9a8835c50,49031300,rua,Rua Carlos Henrique Carvalho de Melo,Farolândia,71df064f-d17f-4cf5-ad45-93ce4e8182a5,SE
01a02d9d-24a3-7e28-88b6-d19b69caa9dd,49090770,rua,Rua Carlos Henrique de Oliveira Porto,Bugio,71df064f-d17f-4cf5-ad45-93ce4e8182a5,SE
01a02d9c-f754-7e84-9e16-1c670588d7c0,49047080,rua,Rua Carlos Marques,Ponto Novo,71df064f-d17f-4cf5-ad45-93ce4e8182a5,SE
01a02d9d-0743-72e7-9f9e-054bda13a72d,49070265,rua,Rua Carlos Menezes,Cidade Nova,71df064f-d17f-4cf5-ad45-93ce4e8182a5,SE
01a02d9d-0746-75e9-932e-e7715a813d8f,49072106,rua,Rua Carlos Menezes,Dezoito do Forte,71df064f-d17f-4cf5-ad45-93ce4e8182a5,SE
01a02d9c-e003-70f1-9dc4-2de5216d131f,49030140,rua,Rua Carlos Menezes Faro,Farolândia,71df064f-d17f-4cf5-ad45-93ce4e8182a5,SE
01a02d9c-ff48-7f69-9d1b-4fe74cef9a1d,49061073,rua,Rua Carlos Murilo Bastos,Santo Antônio,71df064f-d17f-4cf5-ad45-93ce4e8182a5,SE
01a02d9c-e003-79b0-9dc5-eb2c188e0dbe,49030150,rua,Rua Carlos Pereira de Melo,Farolândia,71df064f-d17f-4cf5-ad45-93ce4e8182a5,SE
01a02d9c-f198-7b4f-a210-3dda8fca3ced,49043568,rua,Rua Carlos Santos Alves,Santa Maria,71df064f-d17f-4cf5-ad45-93ce4e8182a5,SE
01a02d9d-0144-786d-8f6f-2f6a66ad5efe,49065180,rua,Rua Carlos Silveira,Industrial,71df064f-d17f-4cf5-ad45-93ce4e8182a5,SE
01a02d9d-16ee-7ea5-8e57-b2fed7ee23b8,49090140,rua,Rua Carmelita Góes,Bugio,71df064f-d17f-4cf5-ad45-93ce4e8182a5,SE
01a02d9d-18d4-7e38-ad7c-46756745e90b,49090380,rua,Rua Carmelita Soares da Silva,Jardim Centenário,71df064f-d17f-4cf5-ad45-93ce4e8182a5,SE
01a02d9c-d429-78f1-ab02-a3bb88d2eb35,49005098,rua,Rua Carmelita de Sena e Silva,Zona de Expansão (Robalo),71df064f-d17f-4cf5-ad45-93ce4e8182a5,SE
01a02d9d-1cb7-7406-bec3-3da7353e4aa2,49095410,rua,Rua Carteiro Enock Cortes,Jabotiana,71df064f-d17f-4cf5-ad45-93ce4e8182a5,SE
01a02d9c-e9cd-7d4c-8d3c-f339234fa7ea,49040100,rua,Rua Castro Alves,Inácio Barbosa,71df064f-d17f-4cf5-ad45-93ce4e8182a5,SE
01a02d9c-f754-7e84-9e17-e3f0872d3933,49047090,rua,Rua Castro Alves,Ponto Novo,71df064f-d17f-4cf5-ad45-93ce4e8182a5,SE
01a02d9d-385f-7de5-a0ab-253b0f02782c,49504238,rua,Rua Catarina Oliveira Souza,Marianga,8d820d6b-d516-4628-8228-0e70dcaf08f5,SE
01a02d9d-323c-76ae-9678-6a639cfbad4e,49502097,rua,Rua Cecília Menezes Oliveira,Marcela,8d820d6b-d516-4628-8228-0e70dcaf08f5,SE
01a02d9d-3439-7f6f-8ab8-82bbdbfcf1f2,49503102,rua,Rua Cecília Vieira dos Santos,Serrano,8d820d6b-d516-4628-8228-0e70dcaf08f5,SE
01a02d9c-da17-7dde-9410-026be9e75bda,49015150,rua,Rua Cedro,São José,71df064f-d17f-4cf5-ad45-93ce4e8182a5,SE
01a02d9c-dc0a-7b31-a95e-0c5f8ca57cb9,49020170,rua,Rua Cedro,Treze de Julho,71df064f-d17f-4cf5-ad45-93ce4e8182a5,SE
01a02d9c-e9cd-7d4c-8d3e-c34014ba73ae,49040120,rua,Rua Ceicinha Vieira,Inácio Barbosa,71df064f-d17f-4cf5-ad45-93ce4e8182a5,SE
01a02d9d-385e-7c9a-b533-f847970d1414,49504069,rua,Rua Celina Andrade de Menezes,Marianga,8d820d6b-d516-4628-8228-0e70dcaf08f5,SE
01a02d9d-2a90-790f-8cde-0066adf8bc03,49067347,rua,Rua Central,Porto D'Antas,71df064f-d17f-4cf5-ad45-93ce4e8182a5,SE
01a02d9c-ebc0-76b0-bb46-0614fd1549bf,49042149,rua,Rua Central II,São Conrado,71df064f-d17f-4cf5-ad45-93ce4e8182a5,SE
01a02d9c-eda1-7f9a-bf0c-ee62cf8783cb,49042256,rua,Rua Central IV,São Conrado,71df064f-d17f-4cf5-ad45-93ce4e8182a5,SE
01a02d9c-f949-7017-9f11-0dae16e16713,49048040,rua,Rua Cesário de Gois Pessoa,Luzia,71df064f-d17f-4cf5-ad45-93ce4e8182a5,SE
01a02d9c-e7d7-700e-a26c-719da4ebbca4,49038023,rua,Rua Charles Nascimento Monteiro,Atalaia,71df064f-d17f-4cf5-ad45-93ce4e8182a5,SE
01a02d9c-ddf5-7b85-b40a-3f7a07bd96c8,49025820,rua,Rua Cherobina de Carvalho Pinto,Jardins,71df064f-d17f-4cf5-ad45-93ce4e8182a5,SE
01a02d9d-0551-742a-a2dd-190ffed71294,49069146,rua,Rua Chico Mendes,Porto D'Antas,71df064f-d17f-4cf5-ad45-93ce4e8182a5,SE
01a02d9d-3623-717c-a10a-45cf98993e58,49503553,rua,Rua Chile,Anízio Amancio de Oliveira,8d820d6b-d516-4628-8228-0e70dcaf08f5,SE
01a02d9d-0350-7bb7-9f5f-7d889535116c,49066050,rua,Rua Christian Santana Correia,Industrial,71df064f-d17f-4cf5-ad45-93ce4e8182a5,SE
01a02d9d-14f6-7a7e-bb41-33bcbca9ca72,49089332,rua,Rua Cinco,Soledade,71df064f-d17f-4cf5-ad45-93ce4e8182a5,SE
01a02d9c-e7d5-767a-908a-66181daddbfd,49037506,rua,Rua Cinco,Aeroporto,71df064f-d17f-4cf5-ad45-93ce4e8182a5,SE
01a02d9d-0351-7453-b041-0fdb0954367b,49066210,rua,Rua Cinco,Industrial,71df064f-d17f-4cf5-ad45-93ce4e8182a5,SE
01a02d9d-0351-7cf4-b05b-3abe74dd2a7e,49066332,rua,Rua Cinco,Industrial,71df064f-d17f-4cf5-ad45-93ce4e8182a5,SE
01a02d9d-0743-72e7-9f9a-99e624fb9037,49070197,rua,Rua Cinco,Cidade Nova,71df064f-d17f-4cf5-ad45-93ce4e8182a5,SE
01a02d9d-28ad-711d-b25f-bdce87b54cdf,49067314,rua,Rua Cinco,Porto D'Antas,71df064f-d17f-4cf5-ad45-93ce4e8182a5,SE
01a02d9d-269f-751d-846c-d76b362e872b,49095803,rua,Rua Cinco,Jabotiana,71df064f-d17f-4cf5-ad45-93ce4e8182a5,SE
01a02d9d-269f-751d-8465-05e654da1f83,49088479,rua,Rua Cinco,Lamarão,71df064f-d17f-4cf5-ad45-93ce4e8182a5,SE
01a02d9d-24a2-7e2b-9ed5-c6982eec02e0,49090119,rua,Rua Cinco,Jardim Centenário,71df064f-d17f-4cf5-ad45-93ce4e8182a5,SE
01a02d9c-cbc7-7bd3-9690-e0f4eaa78061,49000623,rua,Rua Cinco,Aruana,71df064f-d17f-4cf5-ad45-93ce4e8182a5,SE
01a02d9c-cbc7-7bd3-9697-cd429892b82c,49000644,rua,Rua Cinco,Aruana,71df064f-d17f-4cf5-ad45-93ce4e8182a5,SE
01a02d9c-cddf-795a-89b9-3712c85f02ab,49001177,rua,Rua Cinco,Aruana,71df064f-d17f-4cf5-ad45-93ce4e8182a5,SE
01a02d9c-d42a-719c-a967-115bc5920d9c,49007057,rua,Rua Cinco,Zona de Expansão (Areia Branca),71df064f-d17f-4cf5-ad45-93ce4e8182a5,SE
01a02d9c-d619-73e3-ac1e-81b355979199,49007355,rua,Rua Cinco,Zona de Expansão (Areia Branca),71df064f-d17f-4cf5-ad45-93ce4e8182a5,SE
01a02d9d-3f01-799d-856f-61720d0a63ab,49508275,rua,Rua Cinco,Oviedo Teixeira,8d820d6b-d516-4628-8228-0e70dcaf08f5,SE
01a02d9d-0746-7e92-932f-493bd197d5cf,49072110,rua,Rua Cinco de Julho,Dezoito do Forte,71df064f-d17f-4cf5-ad45-93ce4e8182a5,SE
01a02d9c-fd60-768e-adef-7c3e869712a2,49060090,rua,Rua Cinco de Julho,Palestina,71df064f-d17f-4cf5-ad45-93ce4e8182a5,SE
01a02d9d-26a0-761d-91e1-d8d6d61046ae,49007078,rua,Rua Cinco de Outubro,Zona de Expansão (Areia Branca),71df064f-d17f-4cf5-ad45-93ce4e8182a5,SE
01a02d9c-e5f1-726d-83fd-d2a47628e59d,49037100,rua,Rua Cinegrafista Pinheiro,Aeroporto,71df064f-d17f-4cf5-ad45-93ce4e8182a5,SE
01a02d9c-f573-7bcb-b76d-303bca9266a0,49044482,rua,Rua Cinquenta e Cinco,Santa Maria,71df064f-d17f-4cf5-ad45-93ce4e8182a5,SE
01a02d9c-f573-7bcb-b750-8931372cf6a8,49044368,rua,Rua Cinquenta e Nove,Santa Maria,71df064f-d17f-4cf5-ad45-93ce4e8182a5,SE
01a02d9c-f572-7141-aa0d-c7f82fcb9ba5,49044365,rua,Rua Cinquenta e Oito,Santa Maria,71df064f-d17f-4cf5-ad45-93ce4e8182a5,SE
01a02d9c-f574-7bf3-a67e-6efc15c510ff,49044495,rua,Rua Cinquenta e Quatro,Santa Maria,71df064f-d17f-4cf5-ad45-93ce4e8182a5,SE
01a02d9c-f573-7bcb-b76f-2f2794439259,49044486,rua,Rua Cinquenta e Seis,Santa Maria,71df064f-d17f-4cf5-ad45-93ce4e8182a5,SE
01a02d9c-f572-7141-aa0c-3c29bda531eb,49044362,rua,Rua Cinquenta e Sete,Santa Maria,71df064f-d17f-4cf5-ad45-93ce4e8182a5,SE
01a02d9c-f573-7bcb-b772-5570a6068f55,49044491,rua,Rua Cinquenta e Três,Santa Maria,71df064f-d17f-4cf5-ad45-93ce4e8182a5,SE
01a02d9c-f573-7bcb-b76e-1297d13f6397,49044484,rua,Rua Cinqüenta,Santa Maria,71df064f-d17f-4cf5-ad45-93ce4e8182a5,SE
01a02d9c-f573-7bcb-b771-3407b8a3ad42,49044490,rua,Rua Cinqüenta e Dois,Santa Maria,71df064f-d17f-4cf5-ad45-93ce4e8182a5,SE
01a02d9c-f573-7bcb-b770-65bca27ca178,49044487,rua,Rua Cinqüenta e Um,Santa Maria,71df064f-d17f-4cf5-ad45-93ce4e8182a5,SE
01a02d9d-3cbc-7ae2-a5c2-0dc2ca490efa,49506525,rua,Rua Cintura Fina,Doutor José Milton Machado,8d820d6b-d516-4628-8228-0e70dcaf08f5,SE
01a02d9c-f94a-7a38-9930-8ad3b7a0133b,49050170,rua,Rua Clara Almeida,Suíssa,71df064f-d17f-4cf5-ad45-93ce4e8182a5,SE
01a02d9c-f94b-72d4-872f-77a30ac32562,49050449,rua,Rua Clara Almeida,Pereira Lobo,71df064f-d17f-4cf5-ad45-93ce4e8182a5,SE
01a02d9c-e3fc-74b0-92dc-d922a6a87a6a,49032340,rua,Rua Claudionor Leite,Farolândia,71df064f-d17f-4cf5-ad45-93ce4e8182a5,SE
01a02d9c-e004-7b9e-813a-438d1c3eb8db,49030333,rua,Rua Claudionor da Silva Tupinambá,Farolândia,71df064f-d17f-4cf5-ad45-93ce4e8182a5,SE
01a02d9d-1ac0-7fdd-b3b9-773f0e7518b8,49092573,rua,Rua Cleidiane Teles Cardoso,Olaria,71df064f-d17f-4cf5-ad45-93ce4e8182a5,SE
01a02d9c-cddc-764c-b1b6-153e2ec0545d,49000813,rua,Rua Clemilda Ferreira da Silva,Aruana,71df064f-d17f-4cf5-ad45-93ce4e8182a5,SE
01a02d9d-0934-7568-8353-295e2ed91f59,49075140,rua,Rua Cleomenes Campos,Siqueira Campos,71df064f-d17f-4cf5-ad45-93ce4e8182a5,SE
01a02d9c-d813-7423-994d-9b32360a7dc1,49008796,rua,Rua Cleonice Monteiro Santos,Zona de Expansão (Mosqueiro),71df064f-d17f-4cf5-ad45-93ce4e8182a5,SE
01a02d9d-18d5-7f7e-9b32-671a43f119bc,49090620,rua,Rua Cleovansóstenes dos Santos,Bugio,71df064f-d17f-4cf5-ad45-93ce4e8182a5,SE
01a02d9d-4122-7784-925a-388793fd84e6,49509790,rua,Rua Clotildes Silveira,Porto,8d820d6b-d516-4628-8228-0e70dcaf08f5,SE
01a02d9c-ddf5-7b85-b40c-ef0d31a83564,49025840,rua,Rua Clovis Mozart Teixeira,Jardins,71df064f-d17f-4cf5-ad45-93ce4e8182a5,SE
01a02d9d-3623-7b7e-a11b-0bf03c12117c,49503604,rua,Rua Cláudia Jeane Andrade Carneiro,Anízio Amancio de Oliveira,8d820d6b-d516-4628-8228-0e70dcaf08f5,SE
01a02d9d-14f6-71e6-bb1d-f02977d30f90,49089179,rua,Rua Cláudia Oliveira Silva,Soledade,71df064f-d17f-4cf5-ad45-93ce4e8182a5,SE
01a02d9c-fd5f-7dd9-bcf4-544bb1a86463,49060025,rua,Rua Cláudio Batista,Palestina,71df064f-d17f-4cf5-ad45-93ce4e8182a5,SE
01a02d9c-fd60-768e-adf0-d95f23d306cc,49060102,rua,Rua Cláudio Batista,Santo Antônio,71df064f-d17f-4cf5-ad45-93ce4e8182a5,SE
01a02d9c-fd60-768e-adf2-6a02befbea51,49060108,rua,Rua Cláudio Batista,Santo Antônio,71df064f-d17f-4cf5-ad45-93ce4e8182a5,SE
01a02d9c-ff48-76d1-9d0d-2119faf01a08,49060900,rua,Rua Cláudio Batista 122,Santo Antônio,71df064f-d17f-4cf5-ad45-93ce4e8182a5,SE
01a02d9d-0351-7cf4-b065-66604f7289bb,49066900,rua,Rua Cláudio Batista 334,Santo Antônio,71df064f-d17f-4cf5-ad45-93ce4e8182a5,SE
01a02d9c-eda1-7f9a-bf0b-4639838e873e,49042253,rua,Rua Cláudio Messias Barreto,São Conrado,71df064f-d17f-4cf5-ad45-93ce4e8182a5,SE
01a02d9c-f19b-762b-a1d5-51e5b049f8cd,49044020,rua,Rua Coelho Neto,Santa Maria,71df064f-d17f-4cf5-ad45-93ce4e8182a5,SE
01a02d9d-0b2c-7262-903a-7f636f099d0a,49080225,rua,Rua Colômbia,América,71df064f-d17f-4cf5-ad45-93ce4e8182a5,SE
01a02d9d-0d21-75fb-8f72-7958096afe72,49082125,rua,Rua Colômbia,Novo Paraíso,71df064f-d17f-4cf5-ad45-93ce4e8182a5,SE
01a02d9c-f572-7141-aa09-232e2519cbf4,49044353,rua,Rua Colômbia,Santa Maria,71df064f-d17f-4cf5-ad45-93ce4e8182a5,SE
01a02d9c-e9cc-7bdb-bc62-d23aa4e7336b,49038090,rua,Rua Comandante Guy Ulbricht,Atalaia,71df064f-d17f-4cf5-ad45-93ce4e8182a5,SE
01a02d9d-10f9-7a21-aa47-682cd9e7ca93,49087050,rua,Rua Comandante Miranda,Santos Dumont,71df064f-d17f-4cf5-ad45-93ce4e8182a5,SE
01a02d9d-0746-7e92-9332-319550e37be8,49072130,rua,Rua Comandante Poti,Dezoito do Forte,71df064f-d17f-4cf5-ad45-93ce4e8182a5,SE
01a02d9d-10f9-7a21-aa48-977c7c2e65f8,49087060,rua,Rua Comandante Poti,Santos Dumont,71df064f-d17f-4cf5-ad45-93ce4e8182a5,SE
01a02d9d-2e63-78f6-b35b-f1731dad2389,49500133,rua,Rua Comendador Francisco José da Cunha,Centro,8d820d6b-d516-4628-8228-0e70dcaf08f5,SE
01a02d9c-ddf6-7cf2-a352-7559aec463dc,49027050,rua,Rua Comendador Manoel Gonçalves,Grageru,71df064f-d17f-4cf5-ad45-93ce4e8182a5,SE
01a02d9c-e9cc-7bdb-bc6b-7aa26cefda7c,49038190,rua,Rua Comerciante Ananias Nascimento,Aeroporto,71df064f-d17f-4cf5-ad45-93ce4e8182a5,SE
01a02d9d-2a93-7f4c-a1da-dae2a55b43a9,49071320,rua,Rua Comunitária Acioli Santos,Dom Luciano,71df064f-d17f-4cf5-ad45-93ce4e8182a5,SE
01a02d9d-18d5-76cf-9b18-8215140fa7e4,49090480,rua,Rua Comércio 1,Bugio,71df064f-d17f-4cf5-ad45-93ce4e8182a5,SE
01a02d9d-18d5-7f7e-9b31-345b1f999674,49090580,rua,Rua Comércio 5,Jardim Centenário,71df064f-d17f-4cf5-ad45-93ce4e8182a5,SE
01a02d9d-4123-78e5-8e4e-71d7f08909f8,49510140,rua,Rua Conceição Ana,Porto,8d820d6b-d516-4628-8228-0e70dcaf08f5,SE
01a02d9d-10f9-7a21-aa49-9e092eabd13e,49087070,rua,Rua Conde D'Eu,Santos Dumont,71df064f-d17f-4cf5-ad45-93ce4e8182a5,SE
01a02d9c-ef94-7af9-9681-2fc929851220,49043487,rua,Rua Conquista,Santa Maria,71df064f-d17f-4cf5-ad45-93ce4e8182a5,SE
01a02d9d-4123-7039-8e43-92996877a93f,49509895,rua,Rua Constantino Alves do Amorim,Porto,8d820d6b-d516-4628-8228-0e70dcaf08f5,SE
01a02d9c-e5f0-7178-9256-2e0f5c2058dd,49036080,rua,Rua Constantino Gomes,Atalaia,71df064f-d17f-4cf5-ad45-93ce4e8182a5,SE
01a02d9d-28aa-74b7-877f-577205ce55d8,49035131,rua,Rua Constantino Gomes,Coroa do Meio,71df064f-d17f-4cf5-ad45-93ce4e8182a5,SE
01a02d9d-0934-7568-8354-eb20f6db4b2a,49075150,rua,Rua Constantino Gomes de Souza,Siqueira Campos,71df064f-d17f-4cf5-ad45-93ce4e8182a5,SE
01a02d9c-eda3-77a9-bf41-a817e64997e1,49042630,rua,Rua Constantino Tavares,São Conrado,71df064f-d17f-4cf5-ad45-93ce4e8182a5,SE
01a02d9d-385e-7c9a-b536-5902a3f388af,49504078,rua,Rua Construtor Antonio Ferreira Santana,Marianga,8d820d6b-d516-4628-8228-0e70dcaf08f5,SE
01a02d9d-3623-717c-a105-a935d975fd21,49503537,rua,Rua Construtor Antônio Costa Lima,Anízio Amancio de Oliveira,8d820d6b-d516-4628-8228-0e70dcaf08f5,SE
01a02d9d-3623-7b7e-a123-61c5427f896e,49503626,rua,Rua Construtor Antônio Lauro Moura,Anízio Amancio de Oliveira,8d820d6b-d516-4628-8228-0e70dcaf08f5,SE
01a02d9d-3623-717c-a108-c3fb00d17dff,49503546,rua,Rua Construtor Antônio Pereira de Andrade,Anízio Amancio de Oliveira,8d820d6b-d516-4628-8228-0e70dcaf08f5,SE
01a02d9c-e5f0-7178-9257-cd0d928ba4c8,49036090,rua,Rua Construtor Genival Maciel,Coroa do Meio,71df064f-d17f-4cf5-ad45-93ce4e8182a5,SE
01a02d9d-3624-7ba9-91fb-b3f1efe438e2,49503650,rua,Rua Construtor José Oliveira,Anízio Amancio de Oliveira,8d820d6b-d516-4628-8228-0e70dcaf08f5,SE
01a02d9c-dc0a-7b31-a972-ee7d8d5aa4ff,49020345,rua,Rua Construtor João Alves,Treze de Julho,71df064f-d17f-4cf5-ad45-93ce4e8182a5,SE
01a02d9c-dc0a-7b31-a975-4b3534cb30eb,49020365,rua,Rua Construtor João Alves,Salgado Filho,71df064f-d17f-4cf5-ad45-93ce4e8182a5,SE
01a02d9c-ddf7-7587-abf3-0db9c394ea42,49027340,rua,Rua Construtora Cunha,Grageru,71df064f-d17f-4cf5-ad45-93ce4e8182a5,SE
01a02d9d-0350-7bb7-9f5e-71d9b656ab1a,49066040,rua,Rua Constâncio Vieira,Industrial,71df064f-d17f-4cf5-ad45-93ce4e8182a5,SE
01a02d9c-e9cc-7bdb-bc6a-27d4c1f425bf,49038180,rua,Rua Contador Juraci Santana Pereira,Aeroporto,71df064f-d17f-4cf5-ad45-93ce4e8182a5,SE
01a02d9d-1ac0-7fdd-b3b1-606f5dd02146,49092490,rua,Rua Contorno,Olaria,71df064f-d17f-4cf5-ad45-93ce4e8182a5,SE
01a02d9c-f38f-7ad9-b406-f3ddb352a4a8,49044266,rua,Rua Contorno,Santa Maria,71df064f-d17f-4cf5-ad45-93ce4e8182a5,SE
01a02d9d-2a90-790f-8cd8-e423ff196fe1,49067329,rua,Rua Contorno 01,Porto D'Antas,71df064f-d17f-4cf5-ad45-93ce4e8182a5,SE
01a02d9d-28ac-7818-a58c-38052575ceed,49067300,rua,Rua Contorno 02,Porto D'Antas,71df064f-d17f-4cf5-ad45-93ce4e8182a5,SE
01a02d9d-2a91-71a6-8630-dae7120fad27,49067365,rua,Rua Contorno 03,Porto D'Antas,71df064f-d17f-4cf5-ad45-93ce4e8182a5,SE
01a02d9c-f390-73e4-b2a7-7612e66c109c,49044293,rua,Rua Contorno 2,Santa Maria,71df064f-d17f-4cf5-ad45-93ce4e8182a5,SE
01a02d9d-1cb8-7dd1-96e2-d6240f5090fd,49095840,rua,Rua Contorno F,Jabotiana,71df064f-d17f-4cf5-ad45-93ce4e8182a5,SE
01a02d9c-f38c-7e64-b0a5-60c467b94939,49044148,rua,Rua Contorno I,Santa Maria,71df064f-d17f-4cf5-ad45-93ce4e8182a5,SE
01a02d9c-e9cd-7d4c-8d3f-5dd7537e38af,49040130,rua,Rua Copérnico,Inácio Barbosa,71df064f-d17f-4cf5-ad45-93ce4e8182a5,SE
01a02d9c-e003-79b0-9dc6-3f27dcda39d0,49030160,rua,Rua Coronel Adelino Domingos da Silva,Farolândia,71df064f-d17f-4cf5-ad45-93ce4e8182a5,SE
01a02d9d-1ea4-775d-8806-e20fe7c4f12d,49097110,rua,Rua Coronel Américo Batalha,Ponto Novo,71df064f-d17f-4cf5-ad45-93ce4e8182a5,SE
01a02d9d-0b2c-7262-9031-9c48142ae1fa,49080150,rua,Rua Coronel Andrade,América,71df064f-d17f-4cf5-ad45-93ce4e8182a5,SE
01a02d9d-1ea4-775d-87fe-1cfe6af5ca22,49097023,rua,Rua Coronel Andrade,Ponto Novo,71df064f-d17f-4cf5-ad45-93ce4e8182a5,SE
01a02d9c-ebc0-76b0-bb3f-f4a8a2e4867c,49042090,rua,Rua Coronel Antônio Oliveira,São Conrado,71df064f-d17f-4cf5-ad45-93ce4e8182a5,SE
01a02d9c-f949-7900-9f13-bdad9a3eff59,49048060,rua,Rua Coronel Armando Mendes,Luzia,71df064f-d17f-4cf5-ad45-93ce4e8182a5,SE
01a02d9d-0933-741f-97c9-e91455dd8a5b,49072540,rua,Rua Coronel Elias Gonzaga,Dezoito do Forte,71df064f-d17f-4cf5-ad45-93ce4e8182a5,SE
01a02d9d-16ee-7ea5-8e42-2b77e45e4456,49090050,rua,Rua Coronel Ernani Carvalho Menezes,Bugio,71df064f-d17f-4cf5-ad45-93ce4e8182a5,SE
01a02d9c-ebc0-76b0-bb40-1d65eb0169eb,49042100,rua,Rua Coronel Fausto Alves Feitosa,São Conrado,71df064f-d17f-4cf5-ad45-93ce4e8182a5,SE
01a02d9d-1ea4-775d-8807-342909099bba,49097120,rua,Rua Coronel Jacinto Ribeiro,Ponto Novo,71df064f-d17f-4cf5-ad45-93ce4e8182a5,SE
01a02d9c-e7d5-7f0d-90ac-93bad8500984,49037691,rua,Rua Coronel Jaime Simões,Aeroporto,71df064f-d17f-4cf5-ad45-93ce4e8182a5,SE
01a02d9d-2c78-77bb-8ade-7edab5f93b3a,49500082,rua,Rua Coronel José Cavalcante,Centro,8d820d6b-d516-4628-8228-0e70dcaf08f5,SE
01a02d9c-e3fe-7765-af7a-b6a3d3917c88,49035180,rua,Rua Coronel José Figueiredo de Albuquerque,Coroa do Meio,71df064f-d17f-4cf5-ad45-93ce4e8182a5,SE
01a02d9c-e5f0-79f6-925c-99ae43177f8d,49036180,rua,Rua Coronel José Figueiredo de Albuquerque,Atalaia,71df064f-d17f-4cf5-ad45-93ce4e8182a5,SE
01a02d9d-1ea4-775d-8809-98f39ff4c849,49097140,rua,Rua Coronel José Menezes Filho,Ponto Novo,71df064f-d17f-4cf5-ad45-93ce4e8182a5,SE
01a02d9d-0552-7541-887c-48a69aed9e85,49070110,rua,Rua Coronel José Pacheco Lima,Cidade Nova,71df064f-d17f-4cf5-ad45-93ce4e8182a5,SE
01a02d9d-2e64-7a5b-9481-32657b0d3634,49500344,rua,Rua Coronel José Ribeiro,São Cristóvão,8d820d6b-d516-4628-8228-0e70dcaf08f5,SE
01a02d9d-1ea4-775d-8808-c0159bcce185,49097130,rua,Rua Coronel João Gonçalves,Ponto Novo,71df064f-d17f-4cf5-ad45-93ce4e8182a5,SE
01a02d9c-e003-79b0-9dc8-48c60b73f91e,49030180,rua,Rua Coronel Manoel Machado dos Santos,Farolândia,71df064f-d17f-4cf5-ad45-93ce4e8182a5,SE
01a02d9c-e003-79b0-9dc9-dce5bb6f56b8,49030190,rua,Rua Coronel Manoel Ramos dos Santos,Farolândia,71df064f-d17f-4cf5-ad45-93ce4e8182a5,SE
01a02d9d-0746-7e92-9333-6dd048ccb145,49072140,rua,Rua Coronel Padilha,Dezoito do Forte,71df064f-d17f-4cf5-ad45-93ce4e8182a5,SE
01a02d9c-eda3-77a9-bf5c-02adec288c77,49042830,rua,Rua Coronel Reinaldo Torres,São Conrado,71df064f-d17f-4cf5-ad45-93ce4e8182a5,SE
01a02d9d-1ea4-7ff5-880b-9550f1712bbc,49097160,rua,Rua Coronel Rivaldo Brito,Ponto Novo,71df064f-d17f-4cf5-ad45-93ce4e8182a5,SE
01a02d9c-eda3-77a9-bf5d-6c63caacfa42,49042840,rua,Rua Coronel Roque Simas,São Conrado,71df064f-d17f-4cf5-ad45-93ce4e8182a5,SE
01a02d9d-2e64-7a5b-9485-0929a6233c05,49500356,rua,Rua Coronel Sebrão,São Cristóvão,8d820d6b-d516-4628-8228-0e70dcaf08f5,SE
01a02d9d-2e64-71a7-946e-2b175a38d8db,49500268,rua,Rua Coronel Sebrão,Centro,8d820d6b-d516-4628-8228-0e70dcaf08f5,SE
01a02d9c-dc0a-726b-a946-f485b1bfdfb9,49015400,rua,Rua Coronel Stanley Fernandes da Silveira,São José,71df064f-d17f-4cf5-ad45-93ce4e8182a5,SE
01a02d9c-ef90-7c36-b43f-d72cdfa0772e,49043030,rua,Rua Coronel Sílvio Silveira,São Conrado,71df064f-d17f-4cf5-ad45-93ce4e8182a5,SE
01a02d9d-28aa-74b7-8785-84ebb3c9160c,49038455,rua,Rua Corretor Manoel Gregório Santos,Aeroporto,71df064f-d17f-4cf5-ad45-93ce4e8182a5,SE
01a02d9d-10f9-7a21-aa51-82b40623e0d3,49087100,rua,Rua Corretor Otoniel,Santos Dumont,71df064f-d17f-4cf5-ad45-93ce4e8182a5,SE
01a02d9d-0b2c-7262-9032-d6d062183479,49080160,rua,Rua Costa Rica,América,71df064f-d17f-4cf5-ad45-93ce4e8182a5,SE
01a02d9d-3861-7807-bf8a-7e2fef39b42b,49505075,rua,Rua Crislaine dos Santos,Miguel Teles de Mendonça,8d820d6b-d516-4628-8228-0e70dcaf08f5,SE
01a02d9d-4121-7623-9215-2b42d32a0610,49509632,rua,Rua Cristiano Teles de Andrade,Porto,8d820d6b-d516-4628-8228-0e70dcaf08f5,SE
01a02d9c-dc0a-7b31-a95f-89c18eb326d9,49020180,rua,Rua Cristóvão de Barros,Treze de Julho,71df064f-d17f-4cf5-ad45-93ce4e8182a5,SE
01a02d9d-323a-7366-8139-4a81bb34317d,49501395,rua,Rua Cristóvão de Barros,Bananeiras,8d820d6b-d516-4628-8228-0e70dcaf08f5,SE
01a02d9d-323a-7ce1-8149-061ef3e52e20,49501615,rua,Rua Cristóvão de Barros,Bananeiras,8d820d6b-d516-4628-8228-0e70dcaf08f5,SE
01a02d9d-3f02-7289-bad8-a1513175a037,49509006,rua,Rua Cristóvão de Barros,Mamede Paes Mendonça,8d820d6b-d516-4628-8228-0e70dcaf08f5,SE
01a02d9c-d207-7bed-80cb-57a7d33af0ea,49004475,rua,Rua Cruzeiro do Sul,Zona de Expansão (Robalo),71df064f-d17f-4cf5-ad45-93ce4e8182a5,SE
01a02d9d-0b2c-7262-9036-ee89e491f49f,49080205,rua,Rua Cuba,América,71df064f-d17f-4cf5-ad45-93ce4e8182a5,SE
01a02d9d-0d21-75fb-8f74-27cebea5750e,49082145,rua,Rua Cuba,Novo Paraíso,71df064f-d17f-4cf5-ad45-93ce4e8182a5,SE
01a02d9d-2e63-78f6-b354-65c57a9efb60,49500112,rua,Rua Cupertino Dórea,Centro,8d820d6b-d516-4628-8228-0e70dcaf08f5,SE
01a02d9d-0144-786d-8f75-222e141f6ae3,49065250,rua,Rua Curitiba,Industrial,71df064f-d17f-4cf5-ad45-93ce4e8182a5,SE
01a02d9d-24a0-7e28-9b4e-c8cb00d0f4fd,49065600,rua,Rua Curitiba 02,Industrial,71df064f-d17f-4cf5-ad45-93ce4e8182a5,SE
01a02d9c-d208-74cf-bc1f-edf1d8bc6f50,49004496,rua,Rua Curva do Rio I,Zona de Expansão (Robalo),71df064f-d17f-4cf5-ad45-93ce4e8182a5,SE
01a02d9c-d208-74cf-bc20-868554cd5f3e,49004499,rua,Rua Curva do Rio II,Zona de Expansão (Robalo),71df064f-d17f-4cf5-ad45-93ce4e8182a5,SE
01a02d9c-d208-74cf-bc21-70657d91bda3,49004502,rua,Rua Curva do Rio III,Zona de Expansão (Robalo),71df064f-d17f-4cf5-ad45-93ce4e8182a5,SE
01a02d9c-d208-74cf-bc22-0d465ee5e61f,49004505,rua,Rua Curva do Rio IV,Zona de Expansão (Robalo),71df064f-d17f-4cf5-ad45-93ce4e8182a5,SE
01a02d9c-d208-74cf-bc23-0bedae2d4d20,49004508,rua,Rua Curva do Rio V,Zona de Expansão (Robalo),71df064f-d17f-4cf5-ad45-93ce4e8182a5,SE
01a02d9c-ddf6-745c-a345-f0a3737d9700,49026206,rua,Rua Cândida Alves Carvalho,Jardins,71df064f-d17f-4cf5-ad45-93ce4e8182a5,SE
01a02d9c-f94a-7a38-992f-a5f8de0daf66,49050140,rua,Rua Cândido Almeida,Pereira Lobo,71df064f-d17f-4cf5-ad45-93ce4e8182a5,SE
01a02d9d-1ea4-775d-8804-1d05bdc9ffdc,49097080,rua,Rua Cândido Batista Itajaí,Ponto Novo,71df064f-d17f-4cf5-ad45-93ce4e8182a5,SE
01a02d9c-e7d5-767a-9097-43eb268d6349,49037563,rua,Rua Cândido Inácio,Aeroporto,71df064f-d17f-4cf5-ad45-93ce4e8182a5,SE
01a02d9c-f574-7bf3-a69d-f966fe493359,49045120,rua,Rua Cândido Portinari,Luzia,71df064f-d17f-4cf5-ad45-93ce4e8182a5,SE
01a02d9c-f198-7b4f-a20e-312098709f78,49043562,rua,Rua César Augusto Leite,Santa Maria,71df064f-d17f-4cf5-ad45-93ce4e8182a5,SE
01a02d9c-cbc5-79b6-9d56-cda7ed1e5a77,49000188,rua,Rua César Macieira,Aruana,71df064f-d17f-4cf5-ad45-93ce4e8182a5,SE
01a02d9c-fb69-7a00-8c18-72977001a282,49052160,rua,Rua Cícero Bezerra Lemos,Pereira Lobo,71df064f-d17f-4cf5-ad45-93ce4e8182a5,SE
01a02d9d-323b-7552-8d8a-9e0666441c53,49501830,rua,Rua Cícero José de Marcela,Marcela,8d820d6b-d516-4628-8228-0e70dcaf08f5,SE
01a02d9c-f754-7e84-9e0b-c2f4e42d975c,49047009,rua,Rua Cícero Monteiro Filho,Ponto Novo,71df064f-d17f-4cf5-ad45-93ce4e8182a5,SE
01a02d9d-0744-7c65-b496-90b7fc4049a2,49070820,rua,Rua Cícero Soares Santos,Cidade Nova,71df064f-d17f-4cf5-ad45-93ce4e8182a5,SE
01a02d9c-f949-7900-9f12-a10fd9ee428f,49048050,rua,Rua Cônego José Ferreira Machado,Luzia,71df064f-d17f-4cf5-ad45-93ce4e8182a5,SE
01a02d9c-e3fe-7765-af79-dc9ba3c8737f,49035170,rua,Rua Cônego José Félix de Oliveira,Coroa do Meio,71df064f-d17f-4cf5-ad45-93ce4e8182a5,SE
01a02d9d-0144-786d-8f72-3095e1e5cf5c,49065220,rua,Rua Cônego Serapião Machado,Industrial,71df064f-d17f-4cf5-ad45-93ce4e8182a5,SE
01a02d9d-14f6-71e6-bb28-be09e264bd75,49089249,rua,Rua D,Soledade,71df064f-d17f-4cf5-ad45-93ce4e8182a5,SE
01a02d9d-14f6-71e6-bb18-9491baa32c99,49089159,rua,Rua D,Soledade,71df064f-d17f-4cf5-ad45-93ce4e8182a5,SE
01a02d9d-14f5-7946-bb4c-bb79e06a6007,49089109,rua,Rua D,Soledade,71df064f-d17f-4cf5-ad45-93ce4e8182a5,SE
01a02d9d-14f7-72ea-ab96-11f49e7ac474,49089359,rua,Rua D,Soledade,71df064f-d17f-4cf5-ad45-93ce4e8182a5,SE
01a02d9c-e1ff-7d24-b15f-d49771792a7a,49031428,rua,Rua D,Farolândia,71df064f-d17f-4cf5-ad45-93ce4e8182a5,SE
01a02d9c-e3fc-74b0-92e2-2ce0024a58de,49032386,rua,Rua D,Farolândia,71df064f-d17f-4cf5-ad45-93ce4e8182a5,SE
01a02d9c-e3fd-7eb0-b638-509ff73832e8,49032489,rua,Rua D,Farolândia,71df064f-d17f-4cf5-ad45-93ce4e8182a5,SE
01a02d9c-e400-7a9b-a278-32556fc076e8,49035633,rua,Rua D,Coroa do Meio,71df064f-d17f-4cf5-ad45-93ce4e8182a5,SE
01a02d9c-e5f1-7b1d-8411-9e1aa6e79237,49037219,rua,Rua D,Aeroporto,71df064f-d17f-4cf5-ad45-93ce4e8182a5,SE
01a02d9c-e7d5-7f0d-909d-02de7dedccb2,49037867,rua,Rua D,Aeroporto,71df064f-d17f-4cf5-ad45-93ce4e8182a5,SE
01a02d9c-e7d6-77a3-a984-2c8769f87e37,49037695,rua,Rua D,Aeroporto,71df064f-d17f-4cf5-ad45-93ce4e8182a5,SE
01a02d9d-0351-7453-b045-9fd8ef2104b4,49066222,rua,Rua D,Industrial,71df064f-d17f-4cf5-ad45-93ce4e8182a5,SE
01a02d9d-0351-7cf4-b072-373259d44d30,49067073,rua,Rua D,Porto D'Antas,71df064f-d17f-4cf5-ad45-93ce4e8182a5,SE
01a02d9d-0550-7312-8993-40c83c4f2a29,49067233,rua,Rua D,Porto D'Antas,71df064f-d17f-4cf5-ad45-93ce4e8182a5,SE
01a02d9d-0742-7a5d-a7cf-e1213b76fd0b,49070183,rua,Rua D,Cidade Nova,71df064f-d17f-4cf5-ad45-93ce4e8182a5,SE
01a02d9d-0744-7c65-b498-f79bbe3c2570,49070829,rua,Rua D,Cidade Nova,71df064f-d17f-4cf5-ad45-93ce4e8182a5,SE
01a02d9d-0745-7510-b492-31ab0e27eff8,49070856,rua,Rua D,Cidade Nova,71df064f-d17f-4cf5-ad45-93ce4e8182a5,SE
01a02d9d-0745-7510-b497-02fd91f155b0,49071166,rua,Rua D,Dom Luciano,71df064f-d17f-4cf5-ad45-93ce4e8182a5,SE
01a02d9d-0746-75e9-9325-816462031320,49072026,rua,Rua D,Dezoito do Forte,71df064f-d17f-4cf5-ad45-93ce4e8182a5,SE
01a02d9d-0d20-750f-918a-941b7a37ae3f,49080629,rua,Rua D,América,71df064f-d17f-4cf5-ad45-93ce4e8182a5,SE
01a02d9d-0d20-750f-919c-fd295cf26464,49081046,rua,Rua D,Capucho,71df064f-d17f-4cf5-ad45-93ce4e8182a5,SE
01a02d9d-10f9-7a21-aa45-e28df5c2bc3f,49087039,rua,Rua D,Santos Dumont,71df064f-d17f-4cf5-ad45-93ce4e8182a5,SE
01a02d9d-10fb-742c-9261-986f5fef2e84,49087449,rua,Rua D,Santos Dumont,71df064f-d17f-4cf5-ad45-93ce4e8182a5,SE
01a02d9d-2a93-7f4c-a1de-8b807ba33fb8,49071332,rua,Rua D,Dom Luciano,71df064f-d17f-4cf5-ad45-93ce4e8182a5,SE
01a02d9d-2a93-7f4c-a1d5-b3f30d57ff9e,49071279,rua,Rua D,Dom Luciano,71df064f-d17f-4cf5-ad45-93ce4e8182a5,SE
01a02d9d-2a92-74f4-95ef-7d259d4c2556,49071041,rua,Rua D,Dom Luciano,71df064f-d17f-4cf5-ad45-93ce4e8182a5,SE
01a02d9d-28ab-75f8-a3ef-7decadab5e55,49043864,rua,Rua D,Santa Maria,71df064f-d17f-4cf5-ad45-93ce4e8182a5,SE
01a02d9d-28aa-74b7-8789-c341d8315efd,49038470,rua,Rua D,Aeroporto,71df064f-d17f-4cf5-ad45-93ce4e8182a5,SE
01a02d9d-28a9-732b-a600-c8a441e0a62d,49008808,rua,Rua D,Zona de Expansão (Mosqueiro),71df064f-d17f-4cf5-ad45-93ce4e8182a5,SE
01a02d9d-269f-7db0-8486-b58432b7ce6a,49004291,rua,Rua D,Zona de Expansão (Robalo),71df064f-d17f-4cf5-ad45-93ce4e8182a5,SE
01a02d9d-269e-73ce-a48f-948146d98dbe,49008274,rua,Rua D,Zona de Expansão (Mosqueiro),71df064f-d17f-4cf5-ad45-93ce4e8182a5,SE
01a02d9d-24a2-7e2b-9ed4-2f8c2d8e5d28,49089395,rua,Rua D,Soledade,71df064f-d17f-4cf5-ad45-93ce4e8182a5,SE
01a02d9d-24a0-7e28-9b54-5d664df6745b,49069222,rua,Rua D,Porto D'Antas,71df064f-d17f-4cf5-ad45-93ce4e8182a5,SE
01a02d9d-249f-7e26-934e-96180b1f672e,49061049,rua,Rua D,Santo Antônio,71df064f-d17f-4cf5-ad45-93ce4e8182a5,SE
01a02d9d-22a8-7781-a741-754dac528202,49043681,rua,Rua D,Santa Maria,71df064f-d17f-4cf5-ad45-93ce4e8182a5,SE
01a02d9d-10fb-742c-926e-d74c63a3c359,49087516,rua,Rua D,Santos Dumont,71df064f-d17f-4cf5-ad45-93ce4e8182a5,SE
01a02d9d-22a5-775a-9fee-7eebaa2f862c,49007403,rua,Rua D,Zona de Expansão (Areia Branca),71df064f-d17f-4cf5-ad45-93ce4e8182a5,SE
01a02d9d-2c74-7baa-9a60-a4c87ae288cf,49080313,rua,Rua D,América,71df064f-d17f-4cf5-ad45-93ce4e8182a5,SE
01a02d9d-1ea4-775d-87f8-61aea333a397,49096282,rua,Rua D,Jabotiana,71df064f-d17f-4cf5-ad45-93ce4e8182a5,SE
01a02d9d-1ea3-7ec2-8525-d771a837a437,49096236,rua,Rua D,Jabotiana,71df064f-d17f-4cf5-ad45-93ce4e8182a5,SE
01a02d9d-1ea3-7ec2-851e-b81e054f2697,49096170,rua,Rua D,Jabotiana,71df064f-d17f-4cf5-ad45-93ce4e8182a5,SE
01a02d9d-18d5-7f7e-9b2f-183c797e7a9b,49090566,rua,Rua D,Bugio,71df064f-d17f-4cf5-ad45-93ce4e8182a5,SE
01a02d9d-18d4-7e38-ad88-b8fa8eab33ff,49090419,rua,Rua D,Bugio,71df064f-d17f-4cf5-ad45-93ce4e8182a5,SE
01a02d9d-16ee-760e-8e2f-d53e59280500,49089429,rua,Rua D,Soledade,71df064f-d17f-4cf5-ad45-93ce4e8182a5,SE
01a02d9c-f19b-762b-a1cc-d78c0c809953,49043827,rua,Rua D,Santa Maria,71df064f-d17f-4cf5-ad45-93ce4e8182a5,SE
01a02d9c-f573-7bcb-b754-5b446a2f68d9,49044421,rua,Rua D,Santa Maria,71df064f-d17f-4cf5-ad45-93ce4e8182a5,SE
01a02d9c-fd5f-7dd9-bcf9-06f5ed032b94,49063079,rua,Rua D,Japãozinho,71df064f-d17f-4cf5-ad45-93ce4e8182a5,SE
01a02d9c-ff48-7f69-9d1c-e0782b572750,49061076,rua,Rua D,Santo Antônio,71df064f-d17f-4cf5-ad45-93ce4e8182a5,SE
01a02d9c-ff4a-7a71-9c78-5c141af904c6,49063124,rua,Rua D,Japãozinho,71df064f-d17f-4cf5-ad45-93ce4e8182a5,SE
01a02d9d-0143-7719-a5a4-25d001d71718,49063175,rua,Rua D,Japãozinho,71df064f-d17f-4cf5-ad45-93ce4e8182a5,SE
01a02d9d-0143-7fcd-a5bc-7ab985562aea,49065043,rua,Rua D,Industrial,71df064f-d17f-4cf5-ad45-93ce4e8182a5,SE
01a02d9c-cbc6-7abc-a991-c37963fc7166,49000314,rua,Rua D,Aruana,71df064f-d17f-4cf5-ad45-93ce4e8182a5,SE
01a02d9c-cbc7-7bd3-9686-42b0b896398e,49000593,rua,Rua D,Aruana,71df064f-d17f-4cf5-ad45-93ce4e8182a5,SE
01a02d9c-cbc8-74ad-9536-94400ea8c4bd,49000686,rua,Rua D,Aruana,71df064f-d17f-4cf5-ad45-93ce4e8182a5,SE
01a02d9c-cddd-772b-a693-2f4062b4d71e,49001054,rua,Rua D,Aruana,71df064f-d17f-4cf5-ad45-93ce4e8182a5,SE
01a02d9c-cdde-781b-b076-5d76ba4de3b3,49001090,rua,Rua D,Aruana,71df064f-d17f-4cf5-ad45-93ce4e8182a5,SE
01a02d9c-cdde-781b-b07b-a60df7c23460,49001105,rua,Rua D,Aruana,71df064f-d17f-4cf5-ad45-93ce4e8182a5,SE
01a02d9c-cddf-70da-89aa-4b2d7b988852,49001132,rua,Rua D,Aruana,71df064f-d17f-4cf5-ad45-93ce4e8182a5,SE
01a02d9c-cfee-78c7-b49e-80760afe1496,49001362,rua,Rua D,Aruana,71df064f-d17f-4cf5-ad45-93ce4e8182a5,SE
01a02d9c-d208-7d54-bc2e-e91ff9608475,49004583,rua,Rua D,Zona de Expansão (Robalo),71df064f-d17f-4cf5-ad45-93ce4e8182a5,SE
01a02d9c-d428-76fd-8295-8aa104fa4eb0,49004742,rua,Rua D,Zona de Expansão (Robalo),71df064f-d17f-4cf5-ad45-93ce4e8182a5,SE
01a02d9c-d429-7038-aaf0-00ec7a245f0c,49004796,rua,Rua D,Zona de Expansão (Robalo),71df064f-d17f-4cf5-ad45-93ce4e8182a5,SE
01a02d9c-d429-78f1-ab01-8cc1d6b00802,49005095,rua,Rua D,Zona de Expansão (Robalo),71df064f-d17f-4cf5-ad45-93ce4e8182a5,SE
01a02d9c-d429-78f1-ab0f-caa7da2f3d7e,49005218,rua,Rua D,Zona de Expansão (Robalo),71df064f-d17f-4cf5-ad45-93ce4e8182a5,SE
01a02d9c-d42a-719c-a963-ef2f9e36b218,49007021,rua,Rua D,Zona de Expansão (Areia Branca),71df064f-d17f-4cf5-ad45-93ce4e8182a5,SE
01a02d9c-d42a-7a3b-a97b-a7c2eff92bac,49007199,rua,Rua D,Zona de Expansão (Areia Branca),71df064f-d17f-4cf5-ad45-93ce4e8182a5,SE
01a02d9c-d42a-7a3b-a982-11af9c30095a,49007256,rua,Rua D,Zona de Expansão (Areia Branca),71df064f-d17f-4cf5-ad45-93ce4e8182a5,SE
01a02d9c-d618-7b81-9866-bb61705cc565,49007298,rua,Rua D,Zona de Expansão (Areia Branca),71df064f-d17f-4cf5-ad45-93ce4e8182a5,SE
01a02d9c-d619-7cb4-ac2b-adf7d2c8259b,49008009,rua,Rua D,Zona de Expansão (Mosqueiro),71df064f-d17f-4cf5-ad45-93ce4e8182a5,SE
01a02d9c-d61a-75a6-bc24-eeb179d39781,49008033,rua,Rua D,Zona de Expansão (Mosqueiro),71df064f-d17f-4cf5-ad45-93ce4e8182a5,SE
01a02d9c-d61a-75a6-bc2a-dbcb0c8fa94e,49008051,rua,Rua D,Zona de Expansão (Mosqueiro),71df064f-d17f-4cf5-ad45-93ce4e8182a5,SE
01a02d9c-d61b-75e8-9a75-a8f5b99498af,49008315,rua,Rua D,Zona de Expansão (Mosqueiro),71df064f-d17f-4cf5-ad45-93ce4e8182a5,SE
01a02d9c-d61d-75ce-9743-55b13532da9b,49008426,rua,Rua D,Zona de Expansão (Mosqueiro),71df064f-d17f-4cf5-ad45-93ce4e8182a5,SE
01a02d9c-d61d-75ce-9748-ae5f2ecb67cc,49008444,rua,Rua D,Zona de Expansão (Mosqueiro),71df064f-d17f-4cf5-ad45-93ce4e8182a5,SE
01a02d9c-d812-73f5-bb9c-16def7a482dd,49008486,rua,Rua D,Zona de Expansão (Mosqueiro),71df064f-d17f-4cf5-ad45-93ce4e8182a5,SE
01a02d9c-d813-7423-9944-334bbe0b929b,49008716,rua,Rua D,Zona de Expansão (Mosqueiro),71df064f-d17f-4cf5-ad45-93ce4e8182a5,SE
01a02d9c-d813-7423-9948-0939cc94d1a0,49008766,rua,Rua D,Zona de Expansão (Mosqueiro),71df064f-d17f-4cf5-ad45-93ce4e8182a5,SE
01a02d9c-d813-7423-9951-88e55b394b4f,49008843,rua,Rua D,Zona de Expansão (Mosqueiro),71df064f-d17f-4cf5-ad45-93ce4e8182a5,SE
01a02d9d-305b-7f8f-b88f-8cc312149e21,49500627,rua,Rua D,São Cristóvão,8d820d6b-d516-4628-8228-0e70dcaf08f5,SE
01a02d9d-305c-7827-b065-2cf6d36c1a70,49500708,rua,Rua D,São Cristóvão,8d820d6b-d516-4628-8228-0e70dcaf08f5,SE
01a02d9d-385e-73f3-b52e-0593ddd6168b,49504024,rua,Rua D,Marianga,8d820d6b-d516-4628-8228-0e70dcaf08f5,SE
01a02d9d-3860-7f3e-8588-9145845555fd,49504459,rua,Rua D,Marianga,8d820d6b-d516-4628-8228-0e70dcaf08f5,SE
01a02d9d-0351-7cf4-b073-92986cfefa13,49067076,rua,Rua D1,Porto D'Antas,71df064f-d17f-4cf5-ad45-93ce4e8182a5,SE
01a02d9d-2a92-7d5b-95fb-eae0dbbfa553,49071087,rua,Rua D1,Dom Luciano,71df064f-d17f-4cf5-ad45-93ce4e8182a5,SE
01a02d9c-cfee-7020-b498-782bf934b40a,49001344,rua,Rua D1,Aruana,71df064f-d17f-4cf5-ad45-93ce4e8182a5,SE
01a02d9d-0351-7cf4-b075-c462c51195f9,49067083,rua,Rua D2,Porto D'Antas,71df064f-d17f-4cf5-ad45-93ce4e8182a5,SE
01a02d9d-24a0-7e28-9b60-e729fbfbc8c4,49070790,rua,Rua D2,Cidade Nova,71df064f-d17f-4cf5-ad45-93ce4e8182a5,SE
01a02d9c-e003-79b0-9dca-876436a7bfee,49030200,rua,Rua Dalvo da Silva Barbosa,Farolândia,71df064f-d17f-4cf5-ad45-93ce4e8182a5,SE
01a02d9d-323c-7f76-967b-bcb7eab37fd5,49502106,rua,Rua Daniel Lima da Cunha,Marcela,8d820d6b-d516-4628-8228-0e70dcaf08f5,SE
01a02d9d-0142-7e7c-8d3a-76f6fd42b193,49063154,rua,Rua Daniel Maia,Japãozinho,71df064f-d17f-4cf5-ad45-93ce4e8182a5,SE
01a02d9c-f198-7b4f-a214-ea99aff71fee,49043603,rua,Rua Daniel Menezes,Santa Maria,71df064f-d17f-4cf5-ad45-93ce4e8182a5,SE
01a02d9c-f198-7b4f-a217-cdd22122f545,49043612,rua,Rua Danilo Menezes,Santa Maria,71df064f-d17f-4cf5-ad45-93ce4e8182a5,SE
01a02d9d-18d4-7e38-ad89-3bca2f9efb0d,49090420,rua,Rua Danteia Bezerra Melo,Bugio,71df064f-d17f-4cf5-ad45-93ce4e8182a5,SE
01a02d9d-3cbc-724f-a5b3-bed78793822a,49506355,rua,Rua Davi Nascimento Cunha,Doutor José Milton Machado,8d820d6b-d516-4628-8228-0e70dcaf08f5,SE
01a02d9c-ff48-7f69-9d12-61d05f7c62fa,49061043,rua,Rua David Jonathan Barbosa,Santo Antônio,71df064f-d17f-4cf5-ad45-93ce4e8182a5,SE
01a02d9d-305d-70c5-8c79-1b366d731eb9,49501142,rua,Rua Dayse da Silva Menezes,São Cristóvão,8d820d6b-d516-4628-8228-0e70dcaf08f5,SE
01a02d9c-e5f0-7178-9251-ed433826456a,49035810,rua,Rua Delmiro Gouveia,Coroa do Meio,71df064f-d17f-4cf5-ad45-93ce4e8182a5,SE
01a02d9d-0551-7cb5-a2f2-1b62bbbbe84f,49069216,rua,Rua Delta,Porto D'Antas,71df064f-d17f-4cf5-ad45-93ce4e8182a5,SE
01a02d9d-18d6-7818-a959-db69493d1dbc,49091030,rua,Rua Denisia Cristina Bastos,Bugio,71df064f-d17f-4cf5-ad45-93ce4e8182a5,SE
01a02d9d-18d5-7f7e-9b38-26baebe691f8,49090720,rua,Rua Denisson Xavier de Andrade,Bugio,71df064f-d17f-4cf5-ad45-93ce4e8182a5,SE
01a02d9d-18d6-7818-a954-582ba6c26591,49090826,rua,Rua Deoclides Vasconcelos,Jardim Centenário,71df064f-d17f-4cf5-ad45-93ce4e8182a5,SE
01a02d9d-0746-7e92-9334-6711772b52ff,49072150,rua,Rua Deodato Maia,Dezoito do Forte,71df064f-d17f-4cf5-ad45-93ce4e8182a5,SE
01a02d9c-ddf5-7b85-b411-8884cd28d99a,49026040,rua,Rua Deosane Vieira Freitas,Grageru,71df064f-d17f-4cf5-ad45-93ce4e8182a5,SE
01a02d9d-2e63-78f6-b357-5144961d549b,49500121,rua,Rua Deputado Antonio Oliveira Mendonça,Centro,8d820d6b-d516-4628-8228-0e70dcaf08f5,SE
01a02d9c-fb69-7a00-8c0d-78c5af47569d,49052050,rua,Rua Deputado Antônio Torres,Pereira Lobo,71df064f-d17f-4cf5-ad45-93ce4e8182a5,SE
01a02d9c-fb6b-7475-b2cc-259e1bbbf50b,49055200,rua,Rua Deputado Antônio Torres,Cirurgia,71df064f-d17f-4cf5-ad45-93ce4e8182a5,SE
01a02d9d-0550-7312-899a-2977afd2e266,49069006,rua,Rua Deputado Augusto Bezerra,Porto D'Antas,71df064f-d17f-4cf5-ad45-93ce4e8182a5,SE
01a02d9d-0934-7568-8355-da5c7abcda83,49075160,rua,Rua Deputado Carlos Correia,Siqueira Campos,71df064f-d17f-4cf5-ad45-93ce4e8182a5,SE
01a02d9d-0b2b-79eb-a510-57c81e1754e5,49075976,rua,Rua Deputado Carlos Correia 357,Siqueira Campos,71df064f-d17f-4cf5-ad45-93ce4e8182a5,SE
01a02d9c-dc0b-7b5e-82c0-2e043363391f,49020680,rua,Rua Deputado Carvalho Deda,Treze de Julho,71df064f-d17f-4cf5-ad45-93ce4e8182a5,SE
01a02d9c-e5f1-726d-8401-97cfce2ea123,49037120,rua,Rua Deputado Clóvis Rollemberg,Atalaia,71df064f-d17f-4cf5-ad45-93ce4e8182a5,SE
01a02d9d-22a6-7785-a721-230651559385,49030780,rua,Rua Deputado Durval Militão de Araújo,Farolândia,71df064f-d17f-4cf5-ad45-93ce4e8182a5,SE
01a02d9c-d813-7423-9950-ee8bcdf5f9e7,49008840,rua,Rua Deputado Eraldo Machado de Lemos,Zona de Expansão (Mosqueiro),71df064f-d17f-4cf5-ad45-93ce4e8182a5,SE
01a02d9c-dc0a-726b-a94f-b1dbf5142c46,49020005,rua,Rua Deputado Euclides Paes Mendonça,Treze de Julho,71df064f-d17f-4cf5-ad45-93ce4e8182a5,SE
01a02d9c-dc0a-7b31-a97f-ad63c883a4b2,49020460,rua,Rua Deputado Euclides Paes Mendonça,Salgado Filho,71df064f-d17f-4cf5-ad45-93ce4e8182a5,SE
01a02d9d-0d21-75fb-8f75-97dcde1ea321,49082150,rua,Rua Deputado Euvaldo Diniz,Novo Paraíso,71df064f-d17f-4cf5-ad45-93ce4e8182a5,SE
01a02d9c-ddf7-7587-abeb-62a0a4718a1b,49027270,rua,Rua Deputado Francisco Guedes Melo,Grageru,71df064f-d17f-4cf5-ad45-93ce4e8182a5,SE
01a02d9c-f949-7900-9f14-211705b8541a,49048070,rua,Rua Deputado Matos Teles,Luzia,71df064f-d17f-4cf5-ad45-93ce4e8182a5,SE
01a02d9c-e003-79b0-9dce-2791e06d19fd,49030230,rua,Rua Deputado Pedro Batalha de Gois,Farolândia,71df064f-d17f-4cf5-ad45-93ce4e8182a5,SE
01a02d9c-e9cd-7495-8d21-2167cd58f521,49038310,rua,Rua Deputado Raimundo Diniz,Atalaia,71df064f-d17f-4cf5-ad45-93ce4e8182a5,SE
01a02d9c-ddf6-7cf2-a351-636459b497fe,49027040,rua,Rua Deputado Zeca Pereira,Grageru,71df064f-d17f-4cf5-ad45-93ce4e8182a5,SE
01a02d9d-28aa-7d74-878e-d70339c35b15,49041087,rua,Rua Dermeval Carvalho Costa,Inácio Barbosa,71df064f-d17f-4cf5-ad45-93ce4e8182a5,SE
01a02d9d-28a9-7bed-a611-42db7dbd2114,49026218,rua,Rua Dermeval Carvalho Costa,Jardins,71df064f-d17f-4cf5-ad45-93ce4e8182a5,SE
01a02d9c-d206-71b5-b37e-47de7243d3dd,49003373,rua,Rua Desembargador Antônio Teixeira Fontes,17 de Março,71df064f-d17f-4cf5-ad45-93ce4e8182a5,SE
01a02d9d-0d21-75fb-8f76-40d47e2fa5cc,49082160,rua,Rua Desembargador Enock Santiago,Novo Paraíso,71df064f-d17f-4cf5-ad45-93ce4e8182a5,SE
01a02d9d-1ea4-7ff5-880d-e03abbc168b2,49097180,rua,Rua Desembargador Evangelino José de Faro,Ponto Novo,71df064f-d17f-4cf5-ad45-93ce4e8182a5,SE
01a02d9d-1ea4-7ff5-8810-bb166df2a0be,49097190,rua,Rua Desembargador Gervásio Prata,Ponto Novo,71df064f-d17f-4cf5-ad45-93ce4e8182a5,SE
01a02d9c-e3fc-7d65-92ed-66eb676cbec4,49032430,rua,Rua Desembargador José Rodrigues Nou,Farolândia,71df064f-d17f-4cf5-ad45-93ce4e8182a5,SE
01a02d9c-f949-7900-9f20-91b56de97c98,49048176,rua,Rua Desembargador José Rodrigues Nou,Luzia,71df064f-d17f-4cf5-ad45-93ce4e8182a5,SE
01a02d9c-dc0a-726b-a958-a70ba339a55e,49020110,rua,Rua Desembargador José Sotero,Treze de Julho,71df064f-d17f-4cf5-ad45-93ce4e8182a5,SE
01a02d9c-ddf6-745c-a342-fa3151fc5b47,49026190,rua,Rua Desembargador Luiz Pereira de Melo,Jardins,71df064f-d17f-4cf5-ad45-93ce4e8182a5,SE
01a02d9c-e3fe-7765-af7d-2835349dc542,49035210,rua,Rua Desembargador Otávio Souza Leite,Atalaia,71df064f-d17f-4cf5-ad45-93ce4e8182a5,SE
01a02d9d-10fb-742c-9266-57983ce31fd9,49087469,rua,Rua Desportista Sabasto,Santos Dumont,71df064f-d17f-4cf5-ad45-93ce4e8182a5,SE
01a02d9d-3cbd-7399-baaa-63010cc8e897,49506710,rua,Rua Deuzinha Tavares dos Santos,Doutor José Milton Machado,8d820d6b-d516-4628-8228-0e70dcaf08f5,SE
01a02d9c-cbc7-7342-967e-42d7348b2de4,49000507,rua,Rua Deuzinha Vieira,Aruana,71df064f-d17f-4cf5-ad45-93ce4e8182a5,SE
01a02d9d-2a90-790f-8cdd-c1b87a160ce2,49067344,rua,Rua Dez,Porto D'Antas,71df064f-d17f-4cf5-ad45-93ce4e8182a5,SE
01a02d9d-269e-7c85-a49e-74ffbec5dba7,49061115,rua,Rua Dez,Santo Antônio,71df064f-d17f-4cf5-ad45-93ce4e8182a5,SE
01a02d9d-1ac1-7870-9d86-37ea08a306ae,49092624,rua,Rua Dez,Olaria,71df064f-d17f-4cf5-ad45-93ce4e8182a5,SE
01a02d9c-f199-7c7c-a686-15083079fbd0,49043718,rua,Rua Dez,Santa Maria,71df064f-d17f-4cf5-ad45-93ce4e8182a5,SE
01a02d9c-cfed-7704-8cde-b33acc0856ef,49001207,rua,Rua Dez,Aruana,71df064f-d17f-4cf5-ad45-93ce4e8182a5,SE
01a02d9c-d429-7038-aae7-b7b688b8497d,49004748,rua,Rua Dez,Zona de Expansão (Robalo),71df064f-d17f-4cf5-ad45-93ce4e8182a5,SE
01a02d9d-2a91-71a6-862f-a21bf49aa9cf,49067362,rua,Rua Dezenove,Porto D'Antas,71df064f-d17f-4cf5-ad45-93ce4e8182a5,SE
01a02d9d-12ee-72a8-93f2-b37a844f9b3b,49087660,rua,Rua Dezenove,Santos Dumont,71df064f-d17f-4cf5-ad45-93ce4e8182a5,SE
01a02d9c-f19a-751a-87d9-40c54ae0600b,49043745,rua,Rua Dezenove,Santa Maria,71df064f-d17f-4cf5-ad45-93ce4e8182a5,SE
01a02d9c-f38c-7e64-b0b0-2a2181cff11a,49044169,rua,Rua Dezenove,Santa Maria,71df064f-d17f-4cf5-ad45-93ce4e8182a5,SE
01a02d9d-0746-7e92-9335-5f9a34b45a82,49072160,rua,Rua Dezenove de Janeiro,Dezoito do Forte,71df064f-d17f-4cf5-ad45-93ce4e8182a5,SE
01a02d9d-0932-7bae-b0ff-c49ceddb46d0,49072386,rua,Rua Dezenove de Março,Dezoito do Forte,71df064f-d17f-4cf5-ad45-93ce4e8182a5,SE
01a02d9d-2a90-790f-8cd9-d462a6df1b6d,49067332,rua,Rua Dezesseis,Porto D'Antas,71df064f-d17f-4cf5-ad45-93ce4e8182a5,SE
01a02d9d-1ac1-7870-9d8c-67dac9cf0507,49092642,rua,Rua Dezesseis,Olaria,71df064f-d17f-4cf5-ad45-93ce4e8182a5,SE
01a02d9c-fd60-768e-adf6-bd8fef880ded,49060140,rua,Rua Dezesseis de Julho,Palestina,71df064f-d17f-4cf5-ad45-93ce4e8182a5,SE
01a02d9d-24a1-7e19-9cb3-eac07bd0c751,49087110,rua,Rua Dezesseis de Novembro,Santos Dumont,71df064f-d17f-4cf5-ad45-93ce4e8182a5,SE
01a02d9d-2a90-790f-8cda-e37aec3e093c,49067335,rua,Rua Dezessete,Porto D'Antas,71df064f-d17f-4cf5-ad45-93ce4e8182a5,SE
01a02d9d-1ac1-7870-9d8d-46892a858794,49092645,rua,Rua Dezessete,Olaria,71df064f-d17f-4cf5-ad45-93ce4e8182a5,SE
01a02d9c-f38d-77c1-bf67-251a47475330,49044176,rua,Rua Dezessete,Santa Maria,71df064f-d17f-4cf5-ad45-93ce4e8182a5,SE
01a02d9c-d619-73e3-ac1a-20b4ff8308d6,49007331,rua,Rua Dezessete,Zona de Expansão (Areia Branca),71df064f-d17f-4cf5-ad45-93ce4e8182a5,SE
01a02d9d-2a90-790f-8ce2-99a4d1c66eb1,49067359,rua,Rua Dezoito,Porto D'Antas,71df064f-d17f-4cf5-ad45-93ce4e8182a5,SE
01a02d9d-1ac1-7870-9d8e-5eb31aa4e3f6,49092648,rua,Rua Dezoito,Olaria,71df064f-d17f-4cf5-ad45-93ce4e8182a5,SE
01a02d9c-f19a-751a-87d8-27596c5216ba,49043742,rua,Rua Dezoito,Santa Maria,71df064f-d17f-4cf5-ad45-93ce4e8182a5,SE
01a02d9c-f38d-77c1-bf68-cce755cc3dc4,49044179,rua,Rua Dezoito,Santa Maria,71df064f-d17f-4cf5-ad45-93ce4e8182a5,SE
01a02d9c-cde0-7213-b930-2176c0225ccf,49001195,rua,Rua Dezoito,Aruana,71df064f-d17f-4cf5-ad45-93ce4e8182a5,SE
01a02d9d-1ac0-7746-b39c-2fd5f5d3d624,49092273,rua,Rua Dezoito de Maio,Olaria,71df064f-d17f-4cf5-ad45-93ce4e8182a5,SE
01a02d9d-0746-7e92-9336-f47768beac38,49072170,rua,Rua Dezoito do Forte,Dezoito do Forte,71df064f-d17f-4cf5-ad45-93ce4e8182a5,SE
01a02d9d-1ea4-7ff5-880c-dfe44a601304,49097170,rua,Rua Deóclides Azevedo,Ponto Novo,71df064f-d17f-4cf5-ad45-93ce4e8182a5,SE
01a02d9c-f754-7e84-9e18-7c8d409c309a,49047100,rua,Rua Diamante Negro,Ponto Novo,71df064f-d17f-4cf5-ad45-93ce4e8182a5,SE
01a02d9d-305d-70c5-8c7a-8b8ad0a14087,49501145,rua,Rua Diego da Silva Menezes,São Cristóvão,8d820d6b-d516-4628-8228-0e70dcaf08f5,SE
01a02d9d-0746-7e92-9337-6102d7c36727,49072180,rua,Rua Diretora Maria Marques,Dezoito do Forte,71df064f-d17f-4cf5-ad45-93ce4e8182a5,SE
01a02d9d-10f9-7a21-aa55-48fb72199f5b,49087120,rua,Rua Diretora Maria Marques,Santos Dumont,71df064f-d17f-4cf5-ad45-93ce4e8182a5,SE
01a02d9d-0934-7568-8358-5b68bab36297,49075190,rua,Rua Distrito Federal,Siqueira Campos,71df064f-d17f-4cf5-ad45-93ce4e8182a5,SE
01a02d9c-da15-7bf8-add0-d082d3443192,49010600,rua,Rua Divina Pastora,Centro,71df064f-d17f-4cf5-ad45-93ce4e8182a5,SE
01a02d9d-0550-7b9d-89af-13d7a5c4bf66,49069069,rua,Rua Divina Pastora,Porto D'Antas,71df064f-d17f-4cf5-ad45-93ce4e8182a5,SE
01a02d9c-fb6b-7d73-b2ce-a7099364f296,49055220,rua,Rua Divina Pastora,Getúlio Vargas,71df064f-d17f-4cf5-ad45-93ce4e8182a5,SE
01a02d9d-0550-7b9d-89aa-e48a69e17e89,49069054,rua,Rua Divinópolis,Porto D'Antas,71df064f-d17f-4cf5-ad45-93ce4e8182a5,SE
01a02d9c-f754-75e6-9df7-d6294710f62e,49045780,rua,Rua Diácono Atanázio Alves dos Reis,Luzia,71df064f-d17f-4cf5-ad45-93ce4e8182a5,SE
01a02d9c-cbc7-7342-9673-77dfdb36df9b,49000474,rua,Rua Diácono José Aloísio Menezes,Aruana,71df064f-d17f-4cf5-ad45-93ce4e8182a5,SE
01a02d9d-1ac0-7fdd-b3ab-5a52272da9d6,49092420,rua,Rua Djalmira Freitas,Olaria,71df064f-d17f-4cf5-ad45-93ce4e8182a5,SE
01a02d9d-4120-7d78-994a-a19c2987ee7b,49509600,rua,Rua Djenal Rocha,Porto,8d820d6b-d516-4628-8228-0e70dcaf08f5,SE
01a02d9d-14f6-7a7e-bb3e-ffe222dcafe1,49089323,rua,Rua Dois,Soledade,71df064f-d17f-4cf5-ad45-93ce4e8182a5,SE
01a02d9d-12ef-7d86-bc6d-5b8f520c7e78,49088040,rua,Rua Dois,Lamarão,71df064f-d17f-4cf5-ad45-93ce4e8182a5,SE
01a02d9c-e004-7268-8134-18b6181f5038,49030296,rua,Rua Dois,Farolândia,71df064f-d17f-4cf5-ad45-93ce4e8182a5,SE
01a02d9c-e3ff-7873-8190-fa5039f7b4dd,49035506,rua,Rua Dois,Coroa do Meio,71df064f-d17f-4cf5-ad45-93ce4e8182a5,SE
01a02d9c-e7d4-7de6-810c-bf5a3b020218,49037396,rua,Rua Dois,Aeroporto,71df064f-d17f-4cf5-ad45-93ce4e8182a5,SE
01a02d9d-0351-7453-b03e-9aa098dcf1ea,49066180,rua,Rua Dois,Industrial,71df064f-d17f-4cf5-ad45-93ce4e8182a5,SE
01a02d9d-0351-7453-b057-9c5e45a3b4a3,49066323,rua,Rua Dois,Industrial,71df064f-d17f-4cf5-ad45-93ce4e8182a5,SE
01a02d9d-28ad-711d-b25c-e40de1345845,49067306,rua,Rua Dois,Porto D'Antas,71df064f-d17f-4cf5-ad45-93ce4e8182a5,SE
01a02d9d-1ac1-7870-9d7f-35b7f2b25bce,49092600,rua,Rua Dois,Olaria,71df064f-d17f-4cf5-ad45-93ce4e8182a5,SE
01a02d9d-16ee-7ea5-8e4e-83eedad26029,49090109,rua,Rua Dois,Jardim Centenário,71df064f-d17f-4cf5-ad45-93ce4e8182a5,SE
01a02d9c-e7d7-700e-a264-fed90a4ba8af,49037879,rua,Rua Dois,Aeroporto,71df064f-d17f-4cf5-ad45-93ce4e8182a5,SE
01a02d9c-f199-7c7c-a680-00eec2a0a7be,49043700,rua,Rua Dois,Santa Maria,71df064f-d17f-4cf5-ad45-93ce4e8182a5,SE
01a02d9c-f38f-725d-b400-147785b8c677,49044256,rua,Rua Dois,Santa Maria,71df064f-d17f-4cf5-ad45-93ce4e8182a5,SE
01a02d9d-2c76-7566-836e-9f5561481631,49095683,rua,Rua Dois,Jabotiana,71df064f-d17f-4cf5-ad45-93ce4e8182a5,SE
01a02d9d-2c76-7566-836c-838b388d3d99,49095183,rua,Rua Dois,Jabotiana,71df064f-d17f-4cf5-ad45-93ce4e8182a5,SE
01a02d9c-cbc6-7abc-a998-ba0dff5512ee,49000396,rua,Rua Dois,Aruana,71df064f-d17f-4cf5-ad45-93ce4e8182a5,SE
01a02d9c-cbc7-7bd3-9694-97e101a579fb,49000635,rua,Rua Dois,Aruana,71df064f-d17f-4cf5-ad45-93ce4e8182a5,SE
01a02d9c-cddf-70da-89ac-3c2d88dbf277,49001138,rua,Rua Dois,Aruana,71df064f-d17f-4cf5-ad45-93ce4e8182a5,SE
01a02d9c-cfed-7704-8ce4-a4281faedb0b,49001225,rua,Rua Dois,Aruana,71df064f-d17f-4cf5-ad45-93ce4e8182a5,SE
01a02d9c-d429-7038-aaf6-5551a860fd8c,49005032,rua,Rua Dois,Zona de Expansão (Robalo),71df064f-d17f-4cf5-ad45-93ce4e8182a5,SE
01a02d9c-d619-73e3-ac22-9d2a5b5d4273,49007373,rua,Rua Dois,Zona de Expansão (Areia Branca),71df064f-d17f-4cf5-ad45-93ce4e8182a5,SE
01a02d9d-305d-70c5-8c77-90b7e350267f,49501136,rua,Rua Dois,São Cristóvão,8d820d6b-d516-4628-8228-0e70dcaf08f5,SE
01a02d9d-3f01-799d-8574-e5d890f26b71,49508300,rua,Rua Dois,Oviedo Teixeira,8d820d6b-d516-4628-8228-0e70dcaf08f5,SE
01a02d9d-249f-7e26-9346-7af48bb0abd2,49050220,rua,Rua Dom Bosco,Suíssa,71df064f-d17f-4cf5-ad45-93ce4e8182a5,SE
01a02d9c-fb69-7a00-8c16-7ebb5dccf496,49052140,rua,Rua Dom Bosco,Suíssa,71df064f-d17f-4cf5-ad45-93ce4e8182a5,SE
01a02d9c-fb6b-7d73-b2d0-1bcd6a048d5a,49055230,rua,Rua Dom Bosco,Cirurgia,71df064f-d17f-4cf5-ad45-93ce4e8182a5,SE
01a02d9c-da17-7531-940a-b45948e71b6f,49015090,rua,Rua Dom José Thomaz,São José,71df064f-d17f-4cf5-ad45-93ce4e8182a5,SE
01a02d9d-0550-7312-8998-5e9c1c8dc54d,49069003,rua,Rua Dom Luciano,Porto D'Antas,71df064f-d17f-4cf5-ad45-93ce4e8182a5,SE
01a02d9d-1ea4-7ff5-8811-6d2bf68b2987,49097200,rua,Rua Dom Pedro I,Ponto Novo,71df064f-d17f-4cf5-ad45-93ce4e8182a5,SE
01a02d9d-24a1-7e19-9cb5-7e74b9c9f1ee,49087140,rua,Rua Dom Pedro II,Santos Dumont,71df064f-d17f-4cf5-ad45-93ce4e8182a5,SE
01a02d9d-1ea4-7ff5-8813-fe8c6d3d3c92,49097210,rua,Rua Dom Pedro II,Ponto Novo,71df064f-d17f-4cf5-ad45-93ce4e8182a5,SE
01a02d9d-249f-7e26-9355-eb595073e9ea,49065290,rua,Rua Dom Quirino,Industrial,71df064f-d17f-4cf5-ad45-93ce4e8182a5,SE
01a02d9c-fd60-7f18-adf7-62e2ef2d1045,49060150,rua,Rua Dom Quirino,Santo Antônio,71df064f-d17f-4cf5-ad45-93ce4e8182a5,SE
01a02d9d-431f-7222-ae1f-dbf9000c093f,49511115,rua,Rua Domingos Alves dos Santos,Queimadas,8d820d6b-d516-4628-8228-0e70dcaf08f5,SE
01a02d9d-431f-7222-ae2b-9471ff459e54,49511230,rua,Rua Domingos Francisco de Lima,Queimadas,8d820d6b-d516-4628-8228-0e70dcaf08f5,SE
01a02d9d-249f-7e26-9342-841ff8cd730a,49047459,rua,Rua Domingos Rodrigues,Ponto Novo,71df064f-d17f-4cf5-ad45-93ce4e8182a5,SE
01a02d9c-d61b-75e8-9a70-fbef4884498b,49008300,rua,Rua Domingos Sávio Vieira,Zona de Expansão (Mosqueiro),71df064f-d17f-4cf5-ad45-93ce4e8182a5,SE
01a02d9c-e9cc-7bdb-bc69-08b9f320d4eb,49038173,rua,Rua Domingos Vasconcelos,Atalaia,71df064f-d17f-4cf5-ad45-93ce4e8182a5,SE
01a02d9d-209e-776f-b190-dd60653b1361,49550970,rua,Rua Domingos Venâncio Neto 62,Centro,dd57e32d-3a4e-473d-9835-8ccbd9710772,SE
01a02d9d-249e-7e00-a4e7-b803cad9f30b,49047440,rua,Rua Dona Abgail Ferreira Araújo Ramos,Ponto Novo,71df064f-d17f-4cf5-ad45-93ce4e8182a5,SE
01a02d9d-28ab-7e96-a3ff-588fcd369323,49045256,rua,Rua Dona Abigail Ferreira Araújo Ramos,Luzia,71df064f-d17f-4cf5-ad45-93ce4e8182a5,SE
01a02d9c-e201-7703-abc0-841924054221,49032235,rua,Rua Dona Emerita Mendonça de Araújo,Farolândia,71df064f-d17f-4cf5-ad45-93ce4e8182a5,SE
01a02d9d-0f10-73f0-ba7c-e0bcd5a0e541,49085330,rua,Rua Dona Rubina,José Conrado de Araújo,71df064f-d17f-4cf5-ad45-93ce4e8182a5,SE
01a02d9d-0f10-73f0-ba60-a973f9aa8f89,49085120,rua,Rua Dona Zizi Moreira,José Conrado de Araújo,71df064f-d17f-4cf5-ad45-93ce4e8182a5,SE
01a02d9d-0f10-73f0-ba61-3a6de67511cb,49085130,rua,Rua Doutor Alexandre Freire,José Conrado de Araújo,71df064f-d17f-4cf5-ad45-93ce4e8182a5,SE
01a02d9c-ff48-76d1-9d0b-30fbf7ad716a,49060800,rua,Rua Doutor Antônio Correia,Palestina,71df064f-d17f-4cf5-ad45-93ce4e8182a5,SE
01a02d9c-d61c-75c9-ba20-638786317ac0,49008378,rua,Rua Doutor Antônio Garcia Filho,Zona de Expansão (Mosqueiro),71df064f-d17f-4cf5-ad45-93ce4e8182a5,SE
01a02d9c-e7d5-7f0d-90a5-59b7eb3c299b,49037650,rua,Rua Doutor Aristóteles Augusto da Silva,Aeroporto,71df064f-d17f-4cf5-ad45-93ce4e8182a5,SE
01a02d9d-343b-7f7d-a38f-edd443664221,49503408,rua,Rua Doutor Augusto Cesar Leite,Anízio Amancio de Oliveira,8d820d6b-d516-4628-8228-0e70dcaf08f5,SE
01a02d9d-2c77-769a-94e1-4a44684b43e1,49500016,rua,Rua Doutor Augusto Cesar Leite,Centro,8d820d6b-d516-4628-8228-0e70dcaf08f5,SE
01a02d9c-ddf5-72f5-b3f3-10838fb2e5a6,49025450,rua,Rua Doutor Augusto César Leite,Grageru,71df064f-d17f-4cf5-ad45-93ce4e8182a5,SE
01a02d9c-e5f0-7178-9255-2f1c8f9f2257,49036070,rua,Rua Doutor Benedito Guedes,Coroa do Meio,71df064f-d17f-4cf5-ad45-93ce4e8182a5,SE
01a02d9d-22a6-7785-a725-7d410f3b7b45,49035240,rua,Rua Doutor Bezerra de Menezes,Coroa do Meio,71df064f-d17f-4cf5-ad45-93ce4e8182a5,SE
01a02d9c-fb69-7a00-8c0f-0faf8c6590d3,49052070,rua,Rua Doutor Bráulio Cabral Vieira,Pereira Lobo,71df064f-d17f-4cf5-ad45-93ce4e8182a5,SE
01a02d9c-f949-7900-9f17-c7dd6614c62d,49048100,rua,Rua Doutor Canuto Garcia Moreno,Luzia,71df064f-d17f-4cf5-ad45-93ce4e8182a5,SE
01a02d9c-f949-7900-9f18-09ab41584fc7,49048110,rua,Rua Doutor Carlos Alberto Rolla,Luzia,71df064f-d17f-4cf5-ad45-93ce4e8182a5,SE
01a02d9d-0145-721d-ae1f-8ff2f56f9c1d,49065300,rua,Rua Doutor Carlos Firpo,Industrial,71df064f-d17f-4cf5-ad45-93ce4e8182a5,SE
01a02d9c-f949-7900-9f19-33dd5f1a96e5,49048120,rua,Rua Doutor Carlos Henrique de Carvalho,Luzia,71df064f-d17f-4cf5-ad45-93ce4e8182a5,SE
01a02d9d-269e-7c85-a492-043e20497d08,49020090,rua,Rua Doutor Celso Oliva,Treze de Julho,71df064f-d17f-4cf5-ad45-93ce4e8182a5,SE
01a02d9d-0550-7312-899b-262a3c771049,49069009,rua,Rua Doutor Conrado,Porto D'Antas,71df064f-d17f-4cf5-ad45-93ce4e8182a5,SE
01a02d9c-ddf6-7cf2-a353-443e85910a30,49027060,rua,Rua Doutor Derivaldo de Figueiredo,Jardins,71df064f-d17f-4cf5-ad45-93ce4e8182a5,SE
01a02d9c-d206-71b5-b36f-3341250c043a,49003331,rua,Rua Doutor Felisbelo Firmino de Oliveira Freire,17 de Março,71df064f-d17f-4cf5-ad45-93ce4e8182a5,SE
01a02d9c-e3fe-7765-af74-33e8e4fc1c63,49035090,rua,Rua Doutor Fernando Sampaio,Atalaia,71df064f-d17f-4cf5-ad45-93ce4e8182a5,SE
01a02d9d-1cb6-72f1-9722-1a64a190f132,49095080,rua,Rua Doutor Humberto Mourão Guimarães,Jabotiana,71df064f-d17f-4cf5-ad45-93ce4e8182a5,SE
01a02d9d-1cb6-72f1-9723-71a0217c9e2f,49095090,rua,Rua Doutor Joaquim Ribeiro Chaves,Jabotiana,71df064f-d17f-4cf5-ad45-93ce4e8182a5,SE
01a02d9c-e3fc-7d65-92ec-a0685dbc6f6f,49032420,rua,Rua Doutor Jorge Cabral,Farolândia,71df064f-d17f-4cf5-ad45-93ce4e8182a5,SE
01a02d9c-e5f1-7b1d-8413-036d0e264457,49037230,rua,Rua Doutor Jorge Ricardo Rocha,Aeroporto,71df064f-d17f-4cf5-ad45-93ce4e8182a5,SE
01a02d9d-2a91-7c3f-8643-50735776e81c,49071010,rua,Rua Doutor José Almeida,Dom Luciano,71df064f-d17f-4cf5-ad45-93ce4e8182a5,SE
01a02d9d-28aa-74b7-8782-fb81774a42e8,49036234,rua,Rua Doutor José Augusto Santos Barreto,Coroa do Meio,71df064f-d17f-4cf5-ad45-93ce4e8182a5,SE
01a02d9c-f94b-7b78-8737-de893608e27e,49050566,rua,Rua Doutor José Luciano Siqueira,Suíssa,71df064f-d17f-4cf5-ad45-93ce4e8182a5,SE
01a02d9c-cbc5-79b6-9d52-16f551263160,49000170,rua,Rua Doutor José Maria Rodrigues Santos,Aruana,71df064f-d17f-4cf5-ad45-93ce4e8182a5,SE
01a02d9c-ddf6-7cf2-a356-bee1fc3ff5db,49027090,rua,Rua Doutor José Roberto Ribeiro,Grageru,71df064f-d17f-4cf5-ad45-93ce4e8182a5,SE
01a02d9c-ddf6-745c-a33d-7ab69531a616,49026140,rua,Rua Doutor José de Faro Menezes,Jardins,71df064f-d17f-4cf5-ad45-93ce4e8182a5,SE
01a02d9c-f949-7900-9f21-85bcdf46acd8,49048180,rua,Rua Doutor João Santana,Luzia,71df064f-d17f-4cf5-ad45-93ce4e8182a5,SE
01a02d9c-f94a-7a38-992d-ffd9a7843f92,49050080,rua,Rua Doutor Lauro Dantas Hora,Suíssa,71df064f-d17f-4cf5-ad45-93ce4e8182a5,SE
01a02d9c-eda2-7f95-9c09-425f50452af1,49042490,rua,Rua Doutor Lauro Maia,São Conrado,71df064f-d17f-4cf5-ad45-93ce4e8182a5,SE
01a02d9d-323a-7ce1-813e-72adc3ee5551,49501560,rua,Rua Doutor Leandro Maynard Maciel,Bananeiras,8d820d6b-d516-4628-8228-0e70dcaf08f5,SE
01a02d9d-3860-76c1-8578-df911a8062d6,49504364,rua,Rua Doutor Luciano Alves dos Santos,Marianga,8d820d6b-d516-4628-8228-0e70dcaf08f5,SE
01a02d9c-f949-7900-9f1a-3d2c1fe24877,49048130,rua,Rua Doutor Luiz Antônio de Farias,Luzia,71df064f-d17f-4cf5-ad45-93ce4e8182a5,SE
01a02d9d-2c76-7e02-8376-42b995890b07,49400978,rua,Rua Doutor Lupicinio Barros 94,Centro,55d6f5eb-4cb3-4537-a8eb-8ae03a4b1e9b,SE
01a02d9d-209d-7771-baa2-e49b35330c19,49400970,rua,Rua Doutor Lupicinio Barros 94,Centro,55d6f5eb-4cb3-4537-a8eb-8ae03a4b1e9b,SE
01a02d9c-e3fc-7d65-92e9-6a19ad54f3bd,49032406,rua,Rua Doutor Lélio Fortes,Farolândia,71df064f-d17f-4cf5-ad45-93ce4e8182a5,SE
01a02d9c-e201-7703-abc4-150060b217eb,49032250,rua,Rua Doutor Lúcio Prado,Farolândia,71df064f-d17f-4cf5-ad45-93ce4e8182a5,SE
01a02d9c-f754-7e84-9e19-2dfbbfb900d4,49047130,rua,Rua Doutor Manoel Barbosa,Ponto Novo,71df064f-d17f-4cf5-ad45-93ce4e8182a5,SE
01a02d9c-f753-7d73-94f2-c4008440575b,49045710,rua,Rua Doutor Manoel Cândido Pereira,Luzia,71df064f-d17f-4cf5-ad45-93ce4e8182a5,SE
01a02d9c-fd60-7f18-adfa-0894b83b0326,49060180,rua,Rua Doutor Manoel Ferreira da Silva Neto,Santo Antônio,71df064f-d17f-4cf5-ad45-93ce4e8182a5,SE
01a02d9c-ddf6-7cf2-a358-72738ae44a12,49027110,rua,Rua Doutor Manoel Tavares de Menezes,Grageru,71df064f-d17f-4cf5-ad45-93ce4e8182a5,SE
01a02d9c-d206-71b5-b370-a0412ab47ef8,49003334,rua,Rua Doutor Militino Pinto de Carvalho,17 de Março,71df064f-d17f-4cf5-ad45-93ce4e8182a5,SE
01a02d9c-e3fe-7fee-af81-6e280528e413,49035260,rua,Rua Doutor Milton Dortas Mendonça,Atalaia,71df064f-d17f-4cf5-ad45-93ce4e8182a5,SE
01a02d9c-dc0a-7b31-a96b-cd06193170bb,49020285,rua,Rua Doutor Moacyr Leite,Treze de Julho,71df064f-d17f-4cf5-ad45-93ce4e8182a5,SE
01a02d9c-dc0a-7b31-a96d-9ac283c6fa89,49020295,rua,Rua Doutor Moacyr Leite,Salgado Filho,71df064f-d17f-4cf5-ad45-93ce4e8182a5,SE
01a02d9c-f574-7bf3-a6a2-844ce9a14c92,49045190,rua,Rua Doutor Márcio Rollemberg Leite,Luzia,71df064f-d17f-4cf5-ad45-93ce4e8182a5,SE
01a02d9c-ddf6-7cf2-a359-4d8b7782e122,49027120,rua,Rua Doutor Olavo Ferreira Leite,Grageru,71df064f-d17f-4cf5-ad45-93ce4e8182a5,SE
01a02d9c-e9cd-7d4c-8d45-b54e4f05b945,49040180,rua,Rua Doutor Osvaldo Cruz,Inácio Barbosa,71df064f-d17f-4cf5-ad45-93ce4e8182a5,SE
01a02d9c-dc0b-7b5e-82c1-cb237ce5843f,49020700,rua,Rua Doutor Osório de Araújo Ramos,Treze de Julho,71df064f-d17f-4cf5-ad45-93ce4e8182a5,SE
01a02d9c-ddf5-72f5-b3ef-a77564b07e43,49025395,rua,Rua Doutor Paulo Amaral,Grageru,71df064f-d17f-4cf5-ad45-93ce4e8182a5,SE
01a02d9d-22a7-7785-8874-f472df3b799c,49042120,rua,Rua Doutor Renato Mazzi Lucas,São Conrado,71df064f-d17f-4cf5-ad45-93ce4e8182a5,SE
01a02d9c-f94a-7a38-9920-8029160dd61c,49048500,rua,Rua Doutor Sancho de Barros Pimentel,Luzia,71df064f-d17f-4cf5-ad45-93ce4e8182a5,SE
01a02d9c-cbc6-721d-a989-112e74a0a421,49000239,rua,Rua Doutor Silvio Cabral de Santana,Aruana,71df064f-d17f-4cf5-ad45-93ce4e8182a5,SE
01a02d9c-fb69-7a00-8c11-1c804a21cf60,49052090,rua,Rua Doutor Silvério Fontes,Pereira Lobo,71df064f-d17f-4cf5-ad45-93ce4e8182a5,SE
01a02d9c-fb6b-7d73-b2d3-d520af1f7e5c,49055250,rua,Rua Doutor Silvério Fontes,Cirurgia,71df064f-d17f-4cf5-ad45-93ce4e8182a5,SE
01a02d9c-f574-7bf3-a6a5-1bd2f6a6b2b8,49045230,rua,Rua Doutor Thieres Gonçalves Santana,Luzia,71df064f-d17f-4cf5-ad45-93ce4e8182a5,SE
01a02d9c-f754-7e84-9e1b-ad1d3b9a508e,49047150,rua,Rua Doutor Toledo de Moraes,Ponto Novo,71df064f-d17f-4cf5-ad45-93ce4e8182a5,SE
01a02d9c-dc0b-7b5e-82cc-67c8ed6f059f,49025130,rua,Rua Doutor Wilson Rocha,Grageru,71df064f-d17f-4cf5-ad45-93ce4e8182a5,SE
01a02d9c-e3fe-7fee-af84-8db813e520c0,49035270,rua,Rua Doutor Yohn,Atalaia,71df064f-d17f-4cf5-ad45-93ce4e8182a5,SE
01a02d9c-e5f0-79f6-925d-a4a451b7650a,49036190,rua,Rua Doutor Yolando Vieira de Melo,Atalaia,71df064f-d17f-4cf5-ad45-93ce4e8182a5,SE
01a02d9c-e3fe-7765-af7c-527ab996ed01,49035200,rua,Rua Doutor Álvaro Santana,Coroa do Meio,71df064f-d17f-4cf5-ad45-93ce4e8182a5,SE
01a02d9c-f949-7900-9f16-8c8b96b156e5,49048090,rua,Rua Doutor Álvaro da Silva Brito,Luzia,71df064f-d17f-4cf5-ad45-93ce4e8182a5,SE
01a02d9c-ebbe-7ce3-85f4-a9403ef6f2aa,49040790,rua,Rua Doutor Áureo Dias Galvão,Inácio Barbosa,71df064f-d17f-4cf5-ad45-93ce4e8182a5,SE
01a02d9d-3f01-70fa-854c-5d1ecf5731b7,49507815,rua,Rua Doutora Wedna Mendes Rodrigues,Oviedo Teixeira,8d820d6b-d516-4628-8228-0e70dcaf08f5,SE
01a02d9d-12f0-7662-a195-e303ae8f8cf2,49088130,rua,Rua Doze,Lamarão,71df064f-d17f-4cf5-ad45-93ce4e8182a5,SE
01a02d9d-2a90-790f-8cdc-39548eeb6b85,49067341,rua,Rua Doze,Porto D'Antas,71df064f-d17f-4cf5-ad45-93ce4e8182a5,SE
01a02d9c-f38c-7e64-b0ae-b443b38fc1d8,49044166,rua,Rua Doze,Santa Maria,71df064f-d17f-4cf5-ad45-93ce4e8182a5,SE
01a02d9c-cfed-7704-8ce7-19a87815f4b6,49001234,rua,Rua Doze,Aruana,71df064f-d17f-4cf5-ad45-93ce4e8182a5,SE
01a02d9c-d429-7038-aae9-c01b540ac12d,49004754,rua,Rua Doze,Zona de Expansão (Robalo),71df064f-d17f-4cf5-ad45-93ce4e8182a5,SE
01a02d9c-f199-73e4-a675-1d94cd24ad5d,49043624,rua,Rua Doze A,Santa Maria,71df064f-d17f-4cf5-ad45-93ce4e8182a5,SE
01a02d9d-0746-7e92-9339-a0115bb0cb43,49072210,rua,Rua Doze de Outubro,Dezoito do Forte,71df064f-d17f-4cf5-ad45-93ce4e8182a5,SE
01a02d9c-eda3-77a9-bf42-e4bc92e875d1,49042640,rua,Rua Dudu Viana,São Conrado,71df064f-d17f-4cf5-ad45-93ce4e8182a5,SE
01a02d9c-d429-78f1-ab05-3b34280c2e32,49005110,rua,Rua Dulcinéia Nunes de Melo,Zona de Expansão (Robalo),71df064f-d17f-4cf5-ad45-93ce4e8182a5,SE
01a02d9c-da18-763e-b544-5a4bd6fcf856,49015320,rua,Rua Duque de Caxias,São José,71df064f-d17f-4cf5-ad45-93ce4e8182a5,SE
01a02d9c-f949-7900-9f1b-0a1251c6055b,49048140,rua,Rua Durval Madureira Freire,Luzia,71df064f-d17f-4cf5-ad45-93ce4e8182a5,SE
01a02d9c-e5f1-7b1d-8408-eea83767a023,49037180,rua,Rua Durval Maynard,Atalaia,71df064f-d17f-4cf5-ad45-93ce4e8182a5,SE
01a02d9d-1cb8-74ef-96cf-3590fce33040,49095730,rua,Rua Décio Garcez,Jabotiana,71df064f-d17f-4cf5-ad45-93ce4e8182a5,SE
01a02d9d-10f9-7a21-aa56-217157309966,49087123,rua,Rua Dílson Santos Costa,Santos Dumont,71df064f-d17f-4cf5-ad45-93ce4e8182a5,SE
01a02d9d-14f6-71e6-bb29-b23f92f7af04,49089252,rua,Rua E,Soledade,71df064f-d17f-4cf5-ad45-93ce4e8182a5,SE
01a02d9d-14f5-7946-bb4d-33a127ab3a44,49089112,rua,Rua E,Soledade,71df064f-d17f-4cf5-ad45-93ce4e8182a5,SE
01a02d9d-14f5-703d-bb30-35381946eb6f,49088416,rua,Rua E,Lamarão,71df064f-d17f-4cf5-ad45-93ce4e8182a5,SE
01a02d9d-14f7-72ea-ab97-c674b3480d80,49089362,rua,Rua E,Soledade,71df064f-d17f-4cf5-ad45-93ce4e8182a5,SE
01a02d9c-e1ff-743f-b15c-ff0893cc3166,49031419,rua,Rua E,Farolândia,71df064f-d17f-4cf5-ad45-93ce4e8182a5,SE
01a02d9c-e5f2-7389-98b9-7a08fc1e4d85,49037233,rua,Rua E,Aeroporto,71df064f-d17f-4cf5-ad45-93ce4e8182a5,SE
01a02d9c-e7d6-77a3-a985-471849c4eccb,49037696,rua,Rua E,Aeroporto,71df064f-d17f-4cf5-ad45-93ce4e8182a5,SE
01a02d9d-0351-7453-b049-46c2af13775f,49066233,rua,Rua E,Industrial,71df064f-d17f-4cf5-ad45-93ce4e8182a5,SE
01a02d9d-0550-7312-8994-63917f094d64,49067238,rua,Rua E,Porto D'Antas,71df064f-d17f-4cf5-ad45-93ce4e8182a5,SE
01a02d9d-0744-73ec-b490-63b2823dd37a,49070793,rua,Rua E,Cidade Nova,71df064f-d17f-4cf5-ad45-93ce4e8182a5,SE
01a02d9d-0744-7c65-b49a-ee1cc1590a19,49070832,rua,Rua E,Cidade Nova,71df064f-d17f-4cf5-ad45-93ce4e8182a5,SE
01a02d9d-0745-7510-b493-2e2ff5b3a5a0,49070859,rua,Rua E,Cidade Nova,71df064f-d17f-4cf5-ad45-93ce4e8182a5,SE
01a02d9d-0746-75e9-9326-37412af95011,49072029,rua,Rua E,Dezoito do Forte,71df064f-d17f-4cf5-ad45-93ce4e8182a5,SE
01a02d9d-0d20-750f-918b-f0bf06d9c327,49080632,rua,Rua E,América,71df064f-d17f-4cf5-ad45-93ce4e8182a5,SE
01a02d9d-0d20-7d89-91a6-b136dee65d9c,49081105,rua,Rua E,Capucho,71df064f-d17f-4cf5-ad45-93ce4e8182a5,SE
01a02d9d-10fa-7b93-95fd-5aa736f554fa,49087306,rua,Rua E,Santos Dumont,71df064f-d17f-4cf5-ad45-93ce4e8182a5,SE
01a02d9d-2a93-7f4c-a1df-43b28771211f,49071335,rua,Rua E,Dom Luciano,71df064f-d17f-4cf5-ad45-93ce4e8182a5,SE
01a02d9d-2a93-7f4c-a1d6-711088f40275,49071282,rua,Rua E,Dom Luciano,71df064f-d17f-4cf5-ad45-93ce4e8182a5,SE
01a02d9d-2a93-769a-a1ce-e87d94c8ad36,49071241,rua,Rua E,Dom Luciano,71df064f-d17f-4cf5-ad45-93ce4e8182a5,SE
01a02d9d-2a92-7d5b-95fc-2c403c692358,49071090,rua,Rua E,Dom Luciano,71df064f-d17f-4cf5-ad45-93ce4e8182a5,SE
01a02d9d-2a92-7d5b-95f2-e320f718c316,49071060,rua,Rua E,Dom Luciano,71df064f-d17f-4cf5-ad45-93ce4e8182a5,SE
01a02d9d-28ac-7818-a58a-6d8c5a42243a,49067185,rua,Rua E,Porto D'Antas,71df064f-d17f-4cf5-ad45-93ce4e8182a5,SE
01a02d9d-28ab-75f8-a3f1-8dd88fc612a4,49043869,rua,Rua E,Santa Maria,71df064f-d17f-4cf5-ad45-93ce4e8182a5,SE
01a02d9d-28aa-74b7-878a-4af2e6fdb14b,49038473,rua,Rua E,Aeroporto,71df064f-d17f-4cf5-ad45-93ce4e8182a5,SE
01a02d9d-28a9-732b-a5ff-a3e31d6ddc1d,49008805,rua,Rua E,Zona de Expansão (Mosqueiro),71df064f-d17f-4cf5-ad45-93ce4e8182a5,SE
01a02d9d-269e-73ce-a48e-3f0b499f351c,49008271,rua,Rua E,Zona de Expansão (Mosqueiro),71df064f-d17f-4cf5-ad45-93ce4e8182a5,SE
01a02d9d-24a2-7e2b-9ed7-d0d847baf127,49090407,rua,Rua E,Bugio,71df064f-d17f-4cf5-ad45-93ce4e8182a5,SE
01a02d9d-24a0-7e28-9b55-bc28f17cdd56,49069225,rua,Rua E,Porto D'Antas,71df064f-d17f-4cf5-ad45-93ce4e8182a5,SE
01a02d9d-10fb-742c-926f-059fe8c6fb32,49087519,rua,Rua E,Santos Dumont,71df064f-d17f-4cf5-ad45-93ce4e8182a5,SE
01a02d9d-22a6-7785-a724-4c387d4f2195,49032486,rua,Rua E,Farolândia,71df064f-d17f-4cf5-ad45-93ce4e8182a5,SE
01a02d9d-22a5-775a-9fef-b192603363de,49007406,rua,Rua E,Zona de Expansão (Areia Branca),71df064f-d17f-4cf5-ad45-93ce4e8182a5,SE
01a02d9d-1ea4-775d-87f9-c681570f1797,49096285,rua,Rua E,Jabotiana,71df064f-d17f-4cf5-ad45-93ce4e8182a5,SE
01a02d9d-1ea3-7ec2-8526-6ecdce4a7761,49096239,rua,Rua E,Jabotiana,71df064f-d17f-4cf5-ad45-93ce4e8182a5,SE
01a02d9d-1cb8-7dd1-96e1-961c46721daa,49095839,rua,Rua E,Jabotiana,71df064f-d17f-4cf5-ad45-93ce4e8182a5,SE
01a02d9d-18d5-7f7e-9b2c-61255c17c345,49090556,rua,Rua E,Bugio,71df064f-d17f-4cf5-ad45-93ce4e8182a5,SE
01a02d9d-16ee-760e-8e30-f35a11f6eea3,49089432,rua,Rua E,Soledade,71df064f-d17f-4cf5-ad45-93ce4e8182a5,SE
01a02d9d-16ee-760e-8e27-74a6404c0c47,49089398,rua,Rua E,Soledade,71df064f-d17f-4cf5-ad45-93ce4e8182a5,SE
01a02d9c-e7d7-700e-a261-1ac66dcd5a23,49037870,rua,Rua E,Aeroporto,71df064f-d17f-4cf5-ad45-93ce4e8182a5,SE
01a02d9c-f573-7bcb-b755-8a8c32a1c7c8,49044424,rua,Rua E,Santa Maria,71df064f-d17f-4cf5-ad45-93ce4e8182a5,SE
01a02d9c-f574-7bf3-a68d-0dacaa78b19e,49044541,rua,Rua E,Santa Maria,71df064f-d17f-4cf5-ad45-93ce4e8182a5,SE
01a02d9c-f755-771f-a98d-d9e9634964f1,49047250,rua,Rua E,Ponto Novo,71df064f-d17f-4cf5-ad45-93ce4e8182a5,SE
01a02d9c-f755-771f-a99d-315d06ac4f57,49047453,rua,Rua E,Ponto Novo,71df064f-d17f-4cf5-ad45-93ce4e8182a5,SE
01a02d9d-0143-7719-a5a3-1c73c91c4480,49063172,rua,Rua E,Japãozinho,71df064f-d17f-4cf5-ad45-93ce4e8182a5,SE
01a02d9d-0145-7b2d-ae25-c036cdef96f6,49065375,rua,Rua E,Industrial,71df064f-d17f-4cf5-ad45-93ce4e8182a5,SE
01a02d9c-cbc6-7abc-a992-b2afc66c41ac,49000317,rua,Rua E,Aruana,71df064f-d17f-4cf5-ad45-93ce4e8182a5,SE
01a02d9c-cbc7-7342-966e-8c6e86536117,49000459,rua,Rua E,Aruana,71df064f-d17f-4cf5-ad45-93ce4e8182a5,SE
01a02d9c-cbc8-74ad-953b-d75085ecbf0e,49000701,rua,Rua E,Aruana,71df064f-d17f-4cf5-ad45-93ce4e8182a5,SE
01a02d9c-cddb-7546-8db2-1c113a009672,49000713,rua,Rua E,Aruana,71df064f-d17f-4cf5-ad45-93ce4e8182a5,SE
01a02d9c-cddc-764c-b1b3-a33d6bc0ff90,49000804,rua,Rua E,Aruana,71df064f-d17f-4cf5-ad45-93ce4e8182a5,SE
01a02d9c-cddd-7fa1-a694-6f38c4352afd,49001057,rua,Rua E,Aruana,71df064f-d17f-4cf5-ad45-93ce4e8182a5,SE
01a02d9c-cdde-781b-b07c-77c3b55c553e,49001108,rua,Rua E,Aruana,71df064f-d17f-4cf5-ad45-93ce4e8182a5,SE
01a02d9c-cddf-70da-89ab-05479b1ed1ba,49001135,rua,Rua E,Aruana,71df064f-d17f-4cf5-ad45-93ce4e8182a5,SE
01a02d9c-cfee-7020-b497-142f8b44cd5c,49001341,rua,Rua E,Aruana,71df064f-d17f-4cf5-ad45-93ce4e8182a5,SE
01a02d9c-cfee-7020-b49a-33d8c680417b,49001350,rua,Rua E,Aruana,71df064f-d17f-4cf5-ad45-93ce4e8182a5,SE
01a02d9c-d207-7bed-80c1-6eeb5c3a74c7,49004424,rua,Rua E,Zona de Expansão (Robalo),71df064f-d17f-4cf5-ad45-93ce4e8182a5,SE
01a02d9c-d429-7038-aaf1-8e0bff232f02,49004799,rua,Rua E,Zona de Expansão (Robalo),71df064f-d17f-4cf5-ad45-93ce4e8182a5,SE
01a02d9c-d42a-719c-a962-989aba125520,49007018,rua,Rua E,Zona de Expansão (Areia Branca),71df064f-d17f-4cf5-ad45-93ce4e8182a5,SE
01a02d9c-d42a-7a3b-a97d-82c0b7747dac,49007205,rua,Rua E,Zona de Expansão (Areia Branca),71df064f-d17f-4cf5-ad45-93ce4e8182a5,SE
01a02d9c-d618-7b81-9862-a853cdf065e6,49007259,rua,Rua E,Zona de Expansão (Areia Branca),71df064f-d17f-4cf5-ad45-93ce4e8182a5,SE
01a02d9c-d618-7b81-9867-1836df5c42ea,49007304,rua,Rua E,Zona de Expansão (Areia Branca),71df064f-d17f-4cf5-ad45-93ce4e8182a5,SE
01a02d9c-d61a-75a6-bc28-5d0ec48402c2,49008045,rua,Rua E,Zona de Expansão (Mosqueiro),71df064f-d17f-4cf5-ad45-93ce4e8182a5,SE
01a02d9c-d61a-75a6-bc2d-dd470283f15f,49008060,rua,Rua E,Zona de Expansão (Mosqueiro),71df064f-d17f-4cf5-ad45-93ce4e8182a5,SE
01a02d9c-d61b-75e8-9a76-e39516b58972,49008318,rua,Rua E,Zona de Expansão (Mosqueiro),71df064f-d17f-4cf5-ad45-93ce4e8182a5,SE
01a02d9c-d61c-75c9-ba1f-70c9ed8055fa,49008375,rua,Rua E,Zona de Expansão (Mosqueiro),71df064f-d17f-4cf5-ad45-93ce4e8182a5,SE
01a02d9c-d61d-75ce-9744-089b2beb7763,49008429,rua,Rua E,Zona de Expansão (Mosqueiro),71df064f-d17f-4cf5-ad45-93ce4e8182a5,SE
01a02d9c-d812-73f5-bb9b-99c149e0bb4f,49008483,rua,Rua E,Zona de Expansão (Mosqueiro),71df064f-d17f-4cf5-ad45-93ce4e8182a5,SE
01a02d9c-d813-7423-993c-e331f13aa042,49008646,rua,Rua E,Zona de Expansão (Mosqueiro),71df064f-d17f-4cf5-ad45-93ce4e8182a5,SE
01a02d9c-d813-7423-9953-93afffb4c4d3,49008849,rua,Rua E,Zona de Expansão (Mosqueiro),71df064f-d17f-4cf5-ad45-93ce4e8182a5,SE
01a02d9d-305b-7f8f-b89a-da786fd5c59f,49500660,rua,Rua E,São Cristóvão,8d820d6b-d516-4628-8228-0e70dcaf08f5,SE
01a02d9d-305c-7827-b063-552ca54ff6b3,49500702,rua,Rua E,São Cristóvão,8d820d6b-d516-4628-8228-0e70dcaf08f5,SE
01a02d9d-3860-7f3e-8589-dac84240ec72,49504462,rua,Rua E,Marianga,8d820d6b-d516-4628-8228-0e70dcaf08f5,SE
01a02d9d-2c76-7e02-8373-2037c19f92fe,49100991,rua,"Rua E, S/N - Loteamento Lauro Rocha",,8cf3f8c0-3dcd-4b8c-9193-aab530c1ece0,SE
01a02d9d-18d5-7f7e-9b34-9cca4bf90eb1,49090650,rua,Rua E1,Bugio,71df064f-d17f-4cf5-ad45-93ce4e8182a5,SE
01a02d9d-24a3-7e28-88b5-0bbf3491d02b,49090670,rua,Rua E3,Bugio,71df064f-d17f-4cf5-ad45-93ce4e8182a5,SE
01a02d9c-e005-7d15-8bce-8efaeb29867b,49030543,rua,Rua E6,Farolândia,71df064f-d17f-4cf5-ad45-93ce4e8182a5,SE
01a02d9c-e201-7703-abc6-a936f25d14b1,49032280,rua,Rua Ecologista Chico Mendes,Farolândia,71df064f-d17f-4cf5-ad45-93ce4e8182a5,SE
01a02d9d-249f-7e26-9348-750b4382ce67,49052100,rua,Rua Edgar Barroso,Pereira Lobo,71df064f-d17f-4cf5-ad45-93ce4e8182a5,SE
01a02d9c-f574-7bf3-a6a6-04dc13cc25fd,49045240,rua,Rua Edgar Leite,Luzia,71df064f-d17f-4cf5-ad45-93ce4e8182a5,SE
01a02d9d-0144-786d-8f77-be241acae4ae,49065256,rua,Rua Ediluze Santos,Industrial,71df064f-d17f-4cf5-ad45-93ce4e8182a5,SE
01a02d9d-323c-7f76-968a-28aaf00b399c,49502167,rua,Rua Edinaldo José Alexandre,Marcela,8d820d6b-d516-4628-8228-0e70dcaf08f5,SE
01a02d9d-323c-76ae-966e-97a1d1aa2cbb,49502061,rua,Rua Edinaldo Tavares Góis,Marcela,8d820d6b-d516-4628-8228-0e70dcaf08f5,SE
01a02d9d-3f01-799d-8564-e87307b22e45,49508160,rua,Rua Edison Nascimento Santos,Oviedo Teixeira,8d820d6b-d516-4628-8228-0e70dcaf08f5,SE
01a02d9c-ebc0-76b0-bb42-b828fc25bc6d,49042130,rua,Rua Edite Lopes de Menezes,São Conrado,71df064f-d17f-4cf5-ad45-93ce4e8182a5,SE
01a02d9d-4121-7ecb-9224-d64f17ed8897,49509755,rua,Rua Edith Maria da Costa,Porto,8d820d6b-d516-4628-8228-0e70dcaf08f5,SE
01a02d9d-4123-7039-8e46-5a637c21e460,49510095,rua,Rua Edivaldo Alves de Andrade,Porto,8d820d6b-d516-4628-8228-0e70dcaf08f5,SE
01a02d9c-f574-7bf3-a6a1-8fb9037f4644,49045139,rua,Rua Edivaldo Simões Cruz,Luzia,71df064f-d17f-4cf5-ad45-93ce4e8182a5,SE
01a02d9c-eda2-7f95-9c04-0853f63dccf7,49042450,rua,Rua Edla Fraga da Rocha,São Conrado,71df064f-d17f-4cf5-ad45-93ce4e8182a5,SE
01a02d9c-fd60-7f18-adfd-1705efb72d93,49060190,rua,Rua Edmilson Souza,Santo Antônio,71df064f-d17f-4cf5-ad45-93ce4e8182a5,SE
01a02d9c-e1ff-7d24-b165-fadbcb6abf99,49032020,rua,Rua Edmundo Prado Maia,Farolândia,71df064f-d17f-4cf5-ad45-93ce4e8182a5,SE
01a02d9d-1ea3-7ec2-8521-8c77ccf5349a,49096200,rua,Rua Edmundo da Silveira Coelho,Jabotiana,71df064f-d17f-4cf5-ad45-93ce4e8182a5,SE
01a02d9d-0745-7510-b499-6cf12e93c7df,49071200,rua,Rua Edson Andrade,Dom Luciano,71df064f-d17f-4cf5-ad45-93ce4e8182a5,SE
01a02d9c-fd60-7f18-adfe-65c49cbf9404,49060200,rua,Rua Edson Costa,Santo Antônio,71df064f-d17f-4cf5-ad45-93ce4e8182a5,SE
01a02d9d-0933-7cce-97db-69759862c52e,49072646,rua,Rua Edson Dantas da Silva,Dezoito do Forte,71df064f-d17f-4cf5-ad45-93ce4e8182a5,SE
01a02d9d-3623-717c-a10d-5aedfe22a92c,49503562,rua,Rua Edson Oliveira,Anízio Amancio de Oliveira,8d820d6b-d516-4628-8228-0e70dcaf08f5,SE
01a02d9d-0145-721d-ae19-5edd3cf7b6dd,49065259,rua,Rua Edson Santos Matos,Industrial,71df064f-d17f-4cf5-ad45-93ce4e8182a5,SE
01a02d9c-e1fe-72c4-b65d-6880d2f8158e,49031050,rua,Rua Edson da Cunha Lima,Farolândia,71df064f-d17f-4cf5-ad45-93ce4e8182a5,SE
01a02d9c-e1fd-7190-8c45-bd26a271308f,49030790,rua,Rua Edson de Oliveira,Farolândia,71df064f-d17f-4cf5-ad45-93ce4e8182a5,SE
01a02d9c-e006-75cc-adf0-8d77a109d223,49030570,rua,Rua Edson de Oliveira Santana,Farolândia,71df064f-d17f-4cf5-ad45-93ce4e8182a5,SE
01a02d9c-f390-7cbc-b2b6-8e6b6eab0304,49044325,rua,Rua Edth Gomes de Oliveira,Santa Maria,71df064f-d17f-4cf5-ad45-93ce4e8182a5,SE
01a02d9c-e7d5-7f0d-90a4-b5fa653ba2f9,49037640,rua,Rua Eduardo Abreu,Atalaia,71df064f-d17f-4cf5-ad45-93ce4e8182a5,SE
01a02d9d-3cbc-724f-a5b0-1286de6b7dcc,49506346,rua,Rua Eduardo Albuquerque,Doutor José Milton Machado,8d820d6b-d516-4628-8228-0e70dcaf08f5,SE
01a02d9d-0142-7e7c-8d3d-13698019eca0,49063163,rua,Rua Eduardo Bonfim,Japãozinho,71df064f-d17f-4cf5-ad45-93ce4e8182a5,SE
01a02d9d-22a3-7c84-a913-fb5de52a8ef0,49790970,rua,Rua Eduardo Chaves 195,Centro,edbfa01f-3121-459a-82fd-805a6c8c7d97,SE
01a02d9d-0145-721d-ae21-6181a05a2528,49065330,rua,Rua Eduardo Cruz,Industrial,71df064f-d17f-4cf5-ad45-93ce4e8182a5,SE
01a02d9c-ebc0-76b0-bb43-427f74dd3d3a,49042140,rua,Rua Eduardo Dantas do Espírito Santo,São Conrado,71df064f-d17f-4cf5-ad45-93ce4e8182a5,SE
01a02d9d-1abf-7e9d-b0bb-10387f2ddd70,49092150,rua,Rua Eduardo Honório de Souza,Olaria,71df064f-d17f-4cf5-ad45-93ce4e8182a5,SE
01a02d9c-ddf7-7587-abf2-ca48fa6346da,49027330,rua,Rua Edymee de Azevedo Figueiredo,Grageru,71df064f-d17f-4cf5-ad45-93ce4e8182a5,SE
01a02d9d-10fa-72fb-95e3-2e14a54e20d1,49087170,rua,Rua Edésio Mesquita,Santos Dumont,71df064f-d17f-4cf5-ad45-93ce4e8182a5,SE
01a02d9d-10fa-72fb-95e5-1d46b7e4da25,49087180,rua,Rua Efren Fernando Fontes,Santos Dumont,71df064f-d17f-4cf5-ad45-93ce4e8182a5,SE
01a02d9d-2a92-74f4-95ea-52f032b0f576,49071025,rua,Rua Efren Fernando Fontes,Dom Luciano,71df064f-d17f-4cf5-ad45-93ce4e8182a5,SE
01a02d9d-3622-78a8-9355-00771ddc65dd,49503438,rua,Rua Egidio dos Santos,Anízio Amancio de Oliveira,8d820d6b-d516-4628-8228-0e70dcaf08f5,SE
01a02d9d-0f11-7409-b39e-c7d4d86386f7,49085500,rua,Rua Eglatina Menezes Portugal,José Conrado de Araújo,71df064f-d17f-4cf5-ad45-93ce4e8182a5,SE
01a02d9d-3860-76c1-856f-4258d90b087b,49504337,rua,Rua Eleandro do Nascimento Silva,Marianga,8d820d6b-d516-4628-8228-0e70dcaf08f5,SE
01a02d9c-e5f1-7b1d-8409-2c6cba663743,49037190,rua,Rua Elenita Nery Gomes,Aeroporto,71df064f-d17f-4cf5-ad45-93ce4e8182a5,SE
01a02d9d-3623-7b7e-a116-f09aca969bce,49503589,rua,Rua Eliana Rosa Lima,Anízio Amancio de Oliveira,8d820d6b-d516-4628-8228-0e70dcaf08f5,SE
01a02d9d-0143-7fcd-a5bd-b281c1edceab,49065049,rua,Rua Elias Andrade,Industrial,71df064f-d17f-4cf5-ad45-93ce4e8182a5,SE
01a02d9d-1ac0-7fdd-b3ba-780b15a66cd5,49092576,rua,Rua Eliene Francisca de Jesus,Olaria,71df064f-d17f-4cf5-ad45-93ce4e8182a5,SE
01a02d9d-3cbd-7399-bab9-393d33a57a68,49506843,rua,Rua Eliotério Alves dos Santos,Doutor José Milton Machado,8d820d6b-d516-4628-8228-0e70dcaf08f5,SE
01a02d9d-0747-76f7-b197-e14609dab21f,49072230,rua,Rua Eliseu Santos,Dezoito do Forte,71df064f-d17f-4cf5-ad45-93ce4e8182a5,SE
01a02d9c-cbc7-7bd3-9687-856d105cd21e,49000596,rua,Rua Eliza Correia Oliveira,Aruana,71df064f-d17f-4cf5-ad45-93ce4e8182a5,SE
01a02d9d-0143-7fcd-a5bf-0e6b7078ee55,49065053,rua,Rua Elizangela Santos,Industrial,71df064f-d17f-4cf5-ad45-93ce4e8182a5,SE
01a02d9c-ebbf-7575-9afc-331a6dd347a3,49041149,rua,Rua Elizete Aragão Cabral,Inácio Barbosa,71df064f-d17f-4cf5-ad45-93ce4e8182a5,SE
01a02d9c-dc0b-7b5e-82ce-ab09f9646e8e,49025160,rua,Rua Elizio Araújo,Grageru,71df064f-d17f-4cf5-ad45-93ce4e8182a5,SE
01a02d9d-0934-7e01-835b-ef3cb2dd2242,49075210,rua,Rua Eliziário da Lapa Pinto,Siqueira Campos,71df064f-d17f-4cf5-ad45-93ce4e8182a5,SE
01a02d9c-fb69-7a00-8c12-04e7af360fa7,49052110,rua,Rua Eládio Modesto,Pereira Lobo,71df064f-d17f-4cf5-ad45-93ce4e8182a5,SE
01a02d9c-f94b-72d4-8722-bb237e485425,49050290,rua,Rua Elísio Azevedo,Suíssa,71df064f-d17f-4cf5-ad45-93ce4e8182a5,SE
01a02d9d-2e64-7a5b-947e-e3d8a12f252c,49500335,rua,Rua Elízio Araújo,São Cristóvão,8d820d6b-d516-4628-8228-0e70dcaf08f5,SE
01a02d9d-0d20-7d89-91a2-ab87d99946df,49081093,rua,Rua Emerson Bonfim,Capucho,71df064f-d17f-4cf5-ad45-93ce4e8182a5,SE
01a02d9d-323c-76ae-9677-4b828d5a2f6b,49502094,rua,Rua Emilio Mota,Marcela,8d820d6b-d516-4628-8228-0e70dcaf08f5,SE
01a02d9d-209c-7757-afba-bb00093116a1,49120970,rua,Rua Emídio Max Neto 60,Centro,52f0881a-df3c-40ab-b948-99873eeec51d,SE
01a02d9c-e9ce-7602-8bff-5d3d8644bf9f,49040356,rua,Rua Emília Anchieta Santos,Inácio Barbosa,71df064f-d17f-4cf5-ad45-93ce4e8182a5,SE
01a02d9d-0f11-7409-b398-c106f2855a5a,49085470,rua,Rua Enedina Santos,José Conrado de Araújo,71df064f-d17f-4cf5-ad45-93ce4e8182a5,SE
01a02d9c-ebbf-7575-9af8-a3ad1a8ed0a1,49041130,rua,Rua Engenheiro Antônio Alves de Souza,Inácio Barbosa,71df064f-d17f-4cf5-ad45-93ce4e8182a5,SE
01a02d9c-f574-7bf3-a6a7-e4c0bbf155bd,49045250,rua,Rua Engenheiro Antônio Gonçalves Soares,Luzia,71df064f-d17f-4cf5-ad45-93ce4e8182a5,SE
01a02d9c-e3fd-7eb0-b640-8a1616b18e5d,49035040,rua,Rua Engenheiro Braz Melo Costa,Atalaia,71df064f-d17f-4cf5-ad45-93ce4e8182a5,SE
01a02d9d-28a9-732b-a60a-e557a22ef731,49025338,rua,Rua Engenheiro Carlos Roberto de Rezende,Jardins,71df064f-d17f-4cf5-ad45-93ce4e8182a5,SE
01a02d9c-e004-7b9e-8136-7d0fc5197002,49030310,rua,Rua Engenheiro Fook Mau,Farolândia,71df064f-d17f-4cf5-ad45-93ce4e8182a5,SE
01a02d9c-e3fe-7765-af76-460674ba43c5,49035110,rua,Rua Engenheiro Francisco Manoel da Costa,Atalaia,71df064f-d17f-4cf5-ad45-93ce4e8182a5,SE
01a02d9c-dc0b-7b5e-82cf-f3fb64dd5ec5,49025170,rua,Rua Engenheiro Hernan Centurion,Jardins,71df064f-d17f-4cf5-ad45-93ce4e8182a5,SE
01a02d9c-e3fe-7fee-af85-b10b04748eca,49035300,rua,Rua Engenheiro Jorge de Oliveira Neto,Coroa do Meio,71df064f-d17f-4cf5-ad45-93ce4e8182a5,SE
01a02d9c-ddf6-745c-a347-19739abdfe2c,49026215,rua,Rua Engenheiro Marcondes Ferraz,Jardins,71df064f-d17f-4cf5-ad45-93ce4e8182a5,SE
01a02d9c-ebbf-7575-9aef-43bbdb302759,49041090,rua,Rua Engenheiro Marcondes Ferraz,Inácio Barbosa,71df064f-d17f-4cf5-ad45-93ce4e8182a5,SE
01a02d9c-dc0b-7b5e-82d0-55455a277046,49025180,rua,Rua Engenheiro Miguel Valverde Filho,Jardins,71df064f-d17f-4cf5-ad45-93ce4e8182a5,SE
01a02d9c-fd60-7f18-ae01-9c1961b51e8d,49060230,rua,Rua Engenheiro Pirro,Santo Antônio,71df064f-d17f-4cf5-ad45-93ce4e8182a5,SE
01a02d9c-d206-71b5-b372-6f9a7f1553db,49003340,rua,Rua Engenheiro Sebastião Basílio Pirro,17 de Março,71df064f-d17f-4cf5-ad45-93ce4e8182a5,SE
01a02d9d-3f00-7855-9ae5-aa8134558246,49507810,rua,Rua Enivaldo Araújo,Oviedo Teixeira,8d820d6b-d516-4628-8228-0e70dcaf08f5,SE
01a02d9d-0b29-77d7-bc38-af843ab2a6ea,49075230,rua,Rua Enock Santiago Filho,Siqueira Campos,71df064f-d17f-4cf5-ad45-93ce4e8182a5,SE
01a02d9d-16ef-7744-b461-3de489973163,49090289,rua,Rua Enézio Pinto Filho,Jardim Centenário,71df064f-d17f-4cf5-ad45-93ce4e8182a5,SE
01a02d9d-10f9-7a21-aa44-9d0a52308050,49087036,rua,Rua Epaminondas Guimarães,Santos Dumont,71df064f-d17f-4cf5-ad45-93ce4e8182a5,SE
01a02d9d-0145-7b2d-ae22-ac09d3cb8ecb,49065340,rua,Rua Epaminondas Salmeron,Industrial,71df064f-d17f-4cf5-ad45-93ce4e8182a5,SE
01a02d9d-249f-7e26-9356-1f858d9b5fc0,49065350,rua,Rua Epaminondas Sant'Ana,Industrial,71df064f-d17f-4cf5-ad45-93ce4e8182a5,SE
01a02d9c-d206-71b5-b371-96cae200b030,49003337,rua,Rua Epifânio Dória,17 de Março,71df064f-d17f-4cf5-ad45-93ce4e8182a5,SE
01a02d9d-3cbe-751c-8dc1-89533912698d,49507465,rua,Rua Eptácio José da Silva,Oviedo Teixeira,8d820d6b-d516-4628-8228-0e70dcaf08f5,SE
01a02d9d-0f0f-7b41-b25c-e60396f7461f,49082620,rua,Rua Equador,Novo Paraíso,71df064f-d17f-4cf5-ad45-93ce4e8182a5,SE
01a02d9d-2e65-7309-a821-01504e21e89c,49500430,rua,Rua Ercília Costa de Oliveira,São Cristóvão,8d820d6b-d516-4628-8228-0e70dcaf08f5,SE
01a02d9d-18d5-7f7e-9b2e-17a39452a1ab,49090563,rua,Rua Erivaldo da Silva,Bugio,71df064f-d17f-4cf5-ad45-93ce4e8182a5,SE
01a02d9c-e004-7b9e-8139-8090294ebf85,49030330,rua,Rua Erivaldo de Almeida Gama,Farolândia,71df064f-d17f-4cf5-ad45-93ce4e8182a5,SE
01a02d9d-10fa-72fb-95e8-859d2b2d395f,49087200,rua,Rua Erondina Lopes,Santos Dumont,71df064f-d17f-4cf5-ad45-93ce4e8182a5,SE
01a02d9c-eda3-77a9-bf4c-754a97cb77fb,49042710,rua,Rua Eronildes Fontes Barreto,São Conrado,71df064f-d17f-4cf5-ad45-93ce4e8182a5,SE
01a02d9c-f575-7be3-9755-fee9c33ebd16,49045260,rua,Rua Erundina Nobre Santos,Luzia,71df064f-d17f-4cf5-ad45-93ce4e8182a5,SE
01a02d9c-d812-73f5-bbad-2ce556ed05d9,49008593,rua,Rua Erundino Simão dos Reis,Zona de Expansão (Mosqueiro),71df064f-d17f-4cf5-ad45-93ce4e8182a5,SE
01a02d9c-f38e-7134-8620-127b0de69984,49044210,rua,Rua Escola de Sagres,Santa Maria,71df064f-d17f-4cf5-ad45-93ce4e8182a5,SE
01a02d9d-3624-7ba9-920e-7b8e4f431a4c,49503708,rua,Rua Escritor Sebrão Sobrinho,Anízio Amancio de Oliveira,8d820d6b-d516-4628-8228-0e70dcaf08f5,SE
01a02d9d-1ea4-7ff5-8815-02e096391d53,49097220,rua,Rua Escrivão Antônio Henrique,Ponto Novo,71df064f-d17f-4cf5-ad45-93ce4e8182a5,SE
01a02d9d-26a0-761d-91e4-f8d166366933,49008247,rua,Rua Esperança,Zona de Expansão (Mosqueiro),71df064f-d17f-4cf5-ad45-93ce4e8182a5,SE
01a02d9d-2e63-78f6-b36c-d01c669833bf,49500193,rua,Rua Esperidião Noronha,Centro,8d820d6b-d516-4628-8228-0e70dcaf08f5,SE
01a02d9d-3f02-7b6c-baf9-54aaf1d07161,49509158,rua,Rua Esperidião Noronha,Mamede Paes Mendonça,8d820d6b-d516-4628-8228-0e70dcaf08f5,SE
01a02d9d-0742-7a5d-a7cd-ea996b09117a,49070179,rua,Rua Espírito Santo,Cidade Nova,71df064f-d17f-4cf5-ad45-93ce4e8182a5,SE
01a02d9d-0b2a-7088-9023-36a20565ea03,49075240,rua,Rua Espírito Santo,Siqueira Campos,71df064f-d17f-4cf5-ad45-93ce4e8182a5,SE
01a02d9d-0d21-75fb-8f77-d920486ca670,49082170,rua,Rua Espírito Santo,Novo Paraíso,71df064f-d17f-4cf5-ad45-93ce4e8182a5,SE
01a02d9c-ff49-7816-bf5e-5a88365320c2,49063016,rua,Rua Espírito Santo,Japãozinho,71df064f-d17f-4cf5-ad45-93ce4e8182a5,SE
01a02d9d-0550-7b9d-89b4-34d3bec60a06,49069087,rua,Rua Estrela do Oriente,Porto D'Antas,71df064f-d17f-4cf5-ad45-93ce4e8182a5,SE
01a02d9d-1cb8-74ef-96d2-f100fe3229b8,49095760,rua,Rua Estudante Jailton Mário O. da Silva,Jabotiana,71df064f-d17f-4cf5-ad45-93ce4e8182a5,SE
01a02d9c-fb6a-7bc1-986b-187da10fd70f,49055000,rua,Rua Estância,Cirurgia,71df064f-d17f-4cf5-ad45-93ce4e8182a5,SE
01a02d9c-d814-7c40-a25b-f69ae76a0403,49010180,rua,Rua Estância,Centro,71df064f-d17f-4cf5-ad45-93ce4e8182a5,SE
01a02d9c-f949-7900-9f1c-b3e64629acea,49048150,rua,Rua Estêvão Pereira Coelho,Luzia,71df064f-d17f-4cf5-ad45-93ce4e8182a5,SE
01a02d9c-e5f1-7b1d-840c-f462f63e4595,49037200,rua,Rua Etelvino Alves Lima,Atalaia,71df064f-d17f-4cf5-ad45-93ce4e8182a5,SE
01a02d9d-3f00-7855-9adc-c12e63fa60ed,49507680,rua,Rua Euclides Bispo dos Santos,Oviedo Teixeira,8d820d6b-d516-4628-8228-0e70dcaf08f5,SE
01a02d9c-e3fe-7fee-af86-37e04c7369d5,49035310,rua,Rua Euclides Góis,Coroa do Meio,71df064f-d17f-4cf5-ad45-93ce4e8182a5,SE
01a02d9d-2e63-78f6-b368-8eb954572cec,49500172,rua,Rua Euclides Paes Mendonça,Centro,8d820d6b-d516-4628-8228-0e70dcaf08f5,SE
01a02d9d-4120-7d78-9949-f92ce14e0a1d,49509590,rua,Rua Euclides Paes Mendonça,Porto,8d820d6b-d516-4628-8228-0e70dcaf08f5,SE
01a02d9d-3f02-7b6c-bafe-62e3a274b322,49509173,rua,Rua Euclides Paes Mendonça,Mamede Paes Mendonça,8d820d6b-d516-4628-8228-0e70dcaf08f5,SE
01a02d9c-e9cd-7d4c-8d46-e758e205cdec,49040190,rua,Rua Euclides da Cunha,Inácio Barbosa,71df064f-d17f-4cf5-ad45-93ce4e8182a5,SE
01a02d9d-305c-7827-b069-5e3c67d42cbc,49500870,rua,Rua Eudalio Gouveia,São Cristóvão,8d820d6b-d516-4628-8228-0e70dcaf08f5,SE
01a02d9c-e1fe-72c4-b665-a2043ccb1ff7,49031100,rua,Rua Eugídia Rodrigues dos Santos,Farolândia,71df064f-d17f-4cf5-ad45-93ce4e8182a5,SE
01a02d9d-1ac0-7fdd-b3b6-45468199e79d,49092550,rua,Rua Eulina Lima dos Santos,Olaria,71df064f-d17f-4cf5-ad45-93ce4e8182a5,SE
01a02d9d-269f-7db0-848a-456c9d98d237,49004481,rua,Rua Eulina das Dores,Zona de Expansão (Robalo),71df064f-d17f-4cf5-ad45-93ce4e8182a5,SE
01a02d9c-e200-75c4-9b71-f223a1c09bb9,49032103,rua,Rua Eunaldo José da Costa,Farolândia,71df064f-d17f-4cf5-ad45-93ce4e8182a5,SE
01a02d9c-d206-71b5-b37d-9ad3dc507226,49003370,rua,Rua Eurico Luiz,17 de Março,71df064f-d17f-4cf5-ad45-93ce4e8182a5,SE
01a02d9c-f390-7cbc-b2b5-35108c337b3f,49044322,rua,Rua Eurico Luiz dos Santos,Santa Maria,71df064f-d17f-4cf5-ad45-93ce4e8182a5,SE
01a02d9d-16ef-7744-b44d-fa3f05b53015,49090196,rua,Rua Eurídice Mota Santa Rosa,Bugio,71df064f-d17f-4cf5-ad45-93ce4e8182a5,SE
01a02d9c-d206-7aa1-b380-4d4e44d08401,49003379,rua,Rua Eustáchio Pinto da Costa,17 de Março,71df064f-d17f-4cf5-ad45-93ce4e8182a5,SE
01a02d9c-ddf7-7587-abf1-385957ef90eb,49027320,rua,Rua Evaldo Alcides Pereira,Jardins,71df064f-d17f-4cf5-ad45-93ce4e8182a5,SE
01a02d9c-cbc5-79b6-9d5a-af6db852c53e,49000203,rua,Rua Evaldo Campos Júnior,Aruana,71df064f-d17f-4cf5-ad45-93ce4e8182a5,SE
01a02d9d-28a9-7bed-a616-919746deff69,49032283,rua,Rua Evandro Arrais Alves,Farolândia,71df064f-d17f-4cf5-ad45-93ce4e8182a5,SE
01a02d9d-0550-7b9d-89ae-3f45178869af,49069066,rua,Rua Evandro Ribeiro,Porto D'Antas,71df064f-d17f-4cf5-ad45-93ce4e8182a5,SE
01a02d9d-1ac0-7fdd-b3b2-b773c4dfbcfe,49092510,rua,Rua Evangelino da Paixão,Olaria,71df064f-d17f-4cf5-ad45-93ce4e8182a5,SE
01a02d9d-10fa-72fb-95ec-b6c1a7b590e0,49087210,rua,Rua Evangelista Bispo dos Santos,Santos Dumont,71df064f-d17f-4cf5-ad45-93ce4e8182a5,SE
01a02d9c-cddc-764c-b1b5-32cf690335e5,49000810,rua,Rua Everaldo Gonçalves da Silva,Aruana,71df064f-d17f-4cf5-ad45-93ce4e8182a5,SE
01a02d9d-3623-717c-a10c-eddbf3b1dea7,49503559,rua,Rua Everaldo Oliveira,Anízio Amancio de Oliveira,8d820d6b-d516-4628-8228-0e70dcaf08f5,SE
01a02d9d-3f01-70fa-8560-40701f64bb2d,49508142,rua,Rua Everton Araújo,Oviedo Teixeira,8d820d6b-d516-4628-8228-0e70dcaf08f5,SE
01a02d9d-0747-76f7-b198-7950168737aa,49072240,rua,Rua Everton Coelho,Dezoito do Forte,71df064f-d17f-4cf5-ad45-93ce4e8182a5,SE
01a02d9d-10fa-72fb-95f0-755bb0fff266,49087220,rua,Rua Everton Coelho,Santos Dumont,71df064f-d17f-4cf5-ad45-93ce4e8182a5,SE
01a02d9c-d429-7038-aafe-b43d836386da,49005086,rua,Rua Ewerton Felipe Santos Prudente,Zona de Expansão (Robalo),71df064f-d17f-4cf5-ad45-93ce4e8182a5,SE
01a02d9c-cfed-7704-8ce2-4d97cc1d038b,49001219,rua,Rua Ex-Combatente João Pereira dos Santos,Aruana,71df064f-d17f-4cf5-ad45-93ce4e8182a5,SE
01a02d9c-e5f1-7b1d-840e-1cd6af5094f4,49037210,rua,Rua Exator Ernesto José Francisco,Aeroporto,71df064f-d17f-4cf5-ad45-93ce4e8182a5,SE
01a02d9c-cddc-7eb9-b1bd-7d4cb6a177fb,49000861,rua,Rua Existente,Aruana,71df064f-d17f-4cf5-ad45-93ce4e8182a5,SE
01a02d9c-cde0-7213-b931-d241eaf4900b,49001198,rua,Rua Existente,Aruana,71df064f-d17f-4cf5-ad45-93ce4e8182a5,SE
01a02d9c-cfee-78c7-b4a1-095183b8053d,49001371,rua,Rua Existente,Aruana,71df064f-d17f-4cf5-ad45-93ce4e8182a5,SE
01a02d9d-28a9-7bed-a615-2fcf78c7be09,49031431,rua,Rua Existente I,Farolândia,71df064f-d17f-4cf5-ad45-93ce4e8182a5,SE
01a02d9c-ef91-74a3-9128-1ae211e11f61,49043180,rua,Rua Expedicionário Adolfo Rosendo Santos,São Conrado,71df064f-d17f-4cf5-ad45-93ce4e8182a5,SE
01a02d9c-ef91-7eae-912b-0c973ecfdfe3,49043210,rua,Rua Expedicionário Alfredo Antônio da Silva,São Conrado,71df064f-d17f-4cf5-ad45-93ce4e8182a5,SE
01a02d9c-ef91-7eae-912a-32d9a35a6dfd,49043200,rua,Rua Expedicionário Antônio Barros Alves,São Conrado,71df064f-d17f-4cf5-ad45-93ce4e8182a5,SE
01a02d9c-ef91-74a3-911c-4828d01abca4,49043090,rua,Rua Expedicionário Brasiliano Oliveira Gomes,São Conrado,71df064f-d17f-4cf5-ad45-93ce4e8182a5,SE
01a02d9c-ef92-7777-9c2c-10f35abe500c,49043260,rua,Rua Expedicionário Egídio Alves de Oliveira,São Conrado,71df064f-d17f-4cf5-ad45-93ce4e8182a5,SE
01a02d9c-ef90-7c36-b446-756dc320ae63,49043070,rua,Rua Expedicionário Gilberto Cardoso Oliveira,São Conrado,71df064f-d17f-4cf5-ad45-93ce4e8182a5,SE
01a02d9c-ef90-7c36-b441-472c5e2ce257,49043050,rua,Rua Expedicionário José Matos Teles,São Conrado,71df064f-d17f-4cf5-ad45-93ce4e8182a5,SE
01a02d9c-ef91-74a3-911a-bb786d66f3c4,49043080,rua,Rua Expedicionário José Moreira Barbosa,São Conrado,71df064f-d17f-4cf5-ad45-93ce4e8182a5,SE
01a02d9c-cddf-795a-89b7-34d21a031bcb,49001171,rua,Rua Expedicionário Lourival Silva,Aruana,71df064f-d17f-4cf5-ad45-93ce4e8182a5,SE
01a02d9d-249f-7e26-934c-ba1a8c7fff68,49060250,rua,Rua Expedicionário Pedro Hilário,Santo Antônio,71df064f-d17f-4cf5-ad45-93ce4e8182a5,SE
01a02d9d-18d6-7818-a95f-6d50feacde18,49091080,rua,Rua Ezequias Pinto dos Santos,Bugio,71df064f-d17f-4cf5-ad45-93ce4e8182a5,SE
01a02d9c-ebc0-76b0-bb47-21e18fcadd43,49042150,rua,Rua Ezequiel Profeta Melo,São Conrado,71df064f-d17f-4cf5-ad45-93ce4e8182a5,SE
01a02d9d-4121-7ecb-9222-7db73e788b3f,49509745,rua,Rua Ezídia Alves de Carvalho,Porto,8d820d6b-d516-4628-8228-0e70dcaf08f5,SE
01a02d9d-14f6-71e6-bb2a-838429733f34,49089255,rua,Rua F,Soledade,71df064f-d17f-4cf5-ad45-93ce4e8182a5,SE
01a02d9d-14f5-703d-bb24-bf66917c9d86,49088382,rua,Rua F,Lamarão,71df064f-d17f-4cf5-ad45-93ce4e8182a5,SE
01a02d9d-16ed-7d6c-be18-9ca974c23691,49089365,rua,Rua F,Soledade,71df064f-d17f-4cf5-ad45-93ce4e8182a5,SE
01a02d9c-e1ff-7d24-b15d-14132522f816,49031422,rua,Rua F,Farolândia,71df064f-d17f-4cf5-ad45-93ce4e8182a5,SE
01a02d9c-e3fd-7623-b637-8db827ed56b2,49032483,rua,Rua F,Farolândia,71df064f-d17f-4cf5-ad45-93ce4e8182a5,SE
01a02d9c-e7d5-7f0d-90a1-ac1f5a8c9f57,49037609,rua,Rua F,Aeroporto,71df064f-d17f-4cf5-ad45-93ce4e8182a5,SE
01a02d9c-e7d6-77a3-a989-98a137889f12,49037719,rua,Rua F,Aeroporto,71df064f-d17f-4cf5-ad45-93ce4e8182a5,SE
01a02d9d-054f-7a85-9310-3c6b5d2b235c,49067188,rua,Rua F,Porto D'Antas,71df064f-d17f-4cf5-ad45-93ce4e8182a5,SE
01a02d9d-0550-7312-8995-cf2aa3fc28d8,49067243,rua,Rua F,Porto D'Antas,71df064f-d17f-4cf5-ad45-93ce4e8182a5,SE
01a02d9d-0551-742a-a2dc-2b2a1d555129,49069144,rua,Rua F,Porto D'Antas,71df064f-d17f-4cf5-ad45-93ce4e8182a5,SE
01a02d9d-0744-73ec-b491-682660567401,49070796,rua,Rua F,Cidade Nova,71df064f-d17f-4cf5-ad45-93ce4e8182a5,SE
01a02d9d-0744-7c65-b49b-ecd347118cfd,49070836,rua,Rua F,Cidade Nova,71df064f-d17f-4cf5-ad45-93ce4e8182a5,SE
01a02d9d-0745-7510-b494-7e7a8f1347f6,49070862,rua,Rua F,Cidade Nova,71df064f-d17f-4cf5-ad45-93ce4e8182a5,SE
01a02d9d-0d20-750f-918c-647784e13b03,49080635,rua,Rua F,América,71df064f-d17f-4cf5-ad45-93ce4e8182a5,SE
01a02d9d-10f9-7a21-aa4c-4ec2eb13b427,49087085,rua,Rua F,Santos Dumont,71df064f-d17f-4cf5-ad45-93ce4e8182a5,SE
01a02d9d-2a93-7f4c-a1e1-2f595f8744ff,49071341,rua,Rua F,Dom Luciano,71df064f-d17f-4cf5-ad45-93ce4e8182a5,SE
01a02d9d-2a93-7f4c-a1d7-982e44765d24,49071285,rua,Rua F,Dom Luciano,71df064f-d17f-4cf5-ad45-93ce4e8182a5,SE
01a02d9d-2a93-769a-a1cf-f1e8506d3970,49071244,rua,Rua F,Dom Luciano,71df064f-d17f-4cf5-ad45-93ce4e8182a5,SE
01a02d9d-2a92-7d5b-95fd-434824b11e11,49071093,rua,Rua F,Dom Luciano,71df064f-d17f-4cf5-ad45-93ce4e8182a5,SE
01a02d9d-2a92-7d5b-95f4-0e506f5b35d8,49071066,rua,Rua F,Dom Luciano,71df064f-d17f-4cf5-ad45-93ce4e8182a5,SE
01a02d9d-2a91-71a6-8639-b70345ecf85d,49070465,rua,Rua F,Cidade Nova,71df064f-d17f-4cf5-ad45-93ce4e8182a5,SE
01a02d9d-28ab-75f8-a3f2-43c9b05b9011,49043872,rua,Rua F,Santa Maria,71df064f-d17f-4cf5-ad45-93ce4e8182a5,SE
01a02d9d-28a9-732b-a603-9a47171ab2a4,49008817,rua,Rua F,Zona de Expansão (Mosqueiro),71df064f-d17f-4cf5-ad45-93ce4e8182a5,SE
01a02d9d-26a0-761d-91e5-82e4962d5bba,49008489,rua,Rua F,Zona de Expansão (Mosqueiro),71df064f-d17f-4cf5-ad45-93ce4e8182a5,SE
01a02d9d-24a0-7e28-9b56-9297a9113733,49069228,rua,Rua F,Porto D'Antas,71df064f-d17f-4cf5-ad45-93ce4e8182a5,SE
01a02d9d-12ed-7156-86e7-354cbcb3dca3,49087553,rua,Rua F,Santos Dumont,71df064f-d17f-4cf5-ad45-93ce4e8182a5,SE
01a02d9d-1ea4-775d-87fa-7abc847ba278,49096288,rua,Rua F,Jabotiana,71df064f-d17f-4cf5-ad45-93ce4e8182a5,SE
01a02d9d-1ea3-7ec2-8527-501fc385cba4,49096241,rua,Rua F,Jabotiana,71df064f-d17f-4cf5-ad45-93ce4e8182a5,SE
01a02d9d-1ea3-7ec2-851f-440cd42cfb2b,49096173,rua,Rua F,Jabotiana,71df064f-d17f-4cf5-ad45-93ce4e8182a5,SE
01a02d9d-18d6-7818-a952-c51975d4c170,49090821,rua,Rua F,Jardim Centenário,71df064f-d17f-4cf5-ad45-93ce4e8182a5,SE
01a02d9d-16ee-760e-8e31-330c280c1c0a,49089435,rua,Rua F,Soledade,71df064f-d17f-4cf5-ad45-93ce4e8182a5,SE
01a02d9d-16ed-7d6c-be1e-2aa29b2b4c4d,49089386,rua,Rua F,Soledade,71df064f-d17f-4cf5-ad45-93ce4e8182a5,SE
01a02d9c-ef93-7917-91bd-f4e87606e115,49043439,rua,Rua F,Santa Maria,71df064f-d17f-4cf5-ad45-93ce4e8182a5,SE
01a02d9c-f573-7bcb-b756-6facd96962b4,49044427,rua,Rua F,Santa Maria,71df064f-d17f-4cf5-ad45-93ce4e8182a5,SE
01a02d9c-f574-7bf3-a68e-ca063ac38f84,49044543,rua,Rua F,Santa Maria,71df064f-d17f-4cf5-ad45-93ce4e8182a5,SE
01a02d9c-f754-75e6-9df4-550f31e2f120,49045763,rua,Rua F,Luzia,71df064f-d17f-4cf5-ad45-93ce4e8182a5,SE
01a02d9c-ff48-7f69-9d1d-4ab6bfacdf40,49061079,rua,Rua F,Santo Antônio,71df064f-d17f-4cf5-ad45-93ce4e8182a5,SE
01a02d9c-bf7b-731b-a297-91633e4fca00,49000587,rua,Rua F,Aruana,71df064f-d17f-4cf5-ad45-93ce4e8182a5,SE
01a02d9c-cbc8-74ad-953c-7688acb211f7,49000704,rua,Rua F,Aruana,71df064f-d17f-4cf5-ad45-93ce4e8182a5,SE
01a02d9c-cddb-7546-8db8-48cdc12bfd58,49000762,rua,Rua F,Aruana,71df064f-d17f-4cf5-ad45-93ce4e8182a5,SE
01a02d9c-cddb-7de0-8dc3-b8854992da99,49000795,rua,Rua F,Aruana,71df064f-d17f-4cf5-ad45-93ce4e8182a5,SE
01a02d9c-cddc-764c-b1b4-c5683991dca8,49000807,rua,Rua F,Aruana,71df064f-d17f-4cf5-ad45-93ce4e8182a5,SE
01a02d9c-cddd-7fa1-a695-9d04a2b7ccfb,49001060,rua,Rua F,Aruana,71df064f-d17f-4cf5-ad45-93ce4e8182a5,SE
01a02d9c-cdde-781b-b07d-b3882f3588bc,49001111,rua,Rua F,Aruana,71df064f-d17f-4cf5-ad45-93ce4e8182a5,SE
01a02d9c-cfee-7020-b488-da624b90da85,49001267,rua,Rua F,Aruana,71df064f-d17f-4cf5-ad45-93ce4e8182a5,SE
01a02d9c-cfee-7020-b495-6f1ad471ee37,49001335,rua,Rua F,Aruana,71df064f-d17f-4cf5-ad45-93ce4e8182a5,SE
01a02d9c-d428-76fd-8293-08cb3b8b49b5,49004736,rua,Rua F,Zona de Expansão (Robalo),71df064f-d17f-4cf5-ad45-93ce4e8182a5,SE
01a02d9c-d618-7b81-9863-f2858013b7e1,49007262,rua,Rua F,Zona de Expansão (Areia Branca),71df064f-d17f-4cf5-ad45-93ce4e8182a5,SE
01a02d9c-d618-7b81-9868-795de86545cd,49007307,rua,Rua F,Zona de Expansão (Areia Branca),71df064f-d17f-4cf5-ad45-93ce4e8182a5,SE
01a02d9c-d61a-75a6-bc27-86f1d9cb2be6,49008042,rua,Rua F,Zona de Expansão (Mosqueiro),71df064f-d17f-4cf5-ad45-93ce4e8182a5,SE
01a02d9c-d61b-75e8-9a77-687e35bd3d35,49008321,rua,Rua F,Zona de Expansão (Mosqueiro),71df064f-d17f-4cf5-ad45-93ce4e8182a5,SE
01a02d9c-d61d-75ce-9747-079c6867c928,49008441,rua,Rua F,Zona de Expansão (Mosqueiro),71df064f-d17f-4cf5-ad45-93ce4e8182a5,SE
01a02d9c-d812-73f5-bb9a-debd3a441932,49008480,rua,Rua F,Zona de Expansão (Mosqueiro),71df064f-d17f-4cf5-ad45-93ce4e8182a5,SE
01a02d9c-d813-7423-994e-553c35d26918,49008799,rua,Rua F,Zona de Expansão (Mosqueiro),71df064f-d17f-4cf5-ad45-93ce4e8182a5,SE
01a02d9d-305b-7f8f-b897-625a22ef3a46,49500651,rua,Rua F,São Cristóvão,8d820d6b-d516-4628-8228-0e70dcaf08f5,SE
01a02d9d-305c-7827-b062-cf5dbd9b89b8,49500699,rua,Rua F,São Cristóvão,8d820d6b-d516-4628-8228-0e70dcaf08f5,SE
01a02d9d-385e-73f3-b52d-05c3b9ef4a5a,49504021,rua,Rua F,Marianga,8d820d6b-d516-4628-8228-0e70dcaf08f5,SE
01a02d9d-18d5-7f7e-9b37-68c2375389d3,49090710,rua,Rua F1,Bugio,71df064f-d17f-4cf5-ad45-93ce4e8182a5,SE
01a02d9d-24a2-7e2b-9ecc-26722c20051b,49089123,rua,Rua F3,Soledade,71df064f-d17f-4cf5-ad45-93ce4e8182a5,SE
01a02d9d-4320-7220-a3a2-318dce8752de,49511515,rua,Rua Faixa,Queimadas,8d820d6b-d516-4628-8228-0e70dcaf08f5,SE
01a02d9d-0145-7b2d-ae23-b37bd15af778,49065370,rua,Rua Farmacêutico Marcos Ferreira de Jesus,Industrial,71df064f-d17f-4cf5-ad45-93ce4e8182a5,SE
01a02d9d-18d5-76cf-9b22-1bd14e47e1d6,49090520,rua,Rua Faustina Araújo Lima,Bugio,71df064f-d17f-4cf5-ad45-93ce4e8182a5,SE
01a02d9d-2c76-7566-8367-7dfc67297050,49090286,rua,Rua Faustina Araújo Lima,Jardim Centenário,71df064f-d17f-4cf5-ad45-93ce4e8182a5,SE
01a02d9d-3aa9-7e4f-a074-134119763405,49506165,rua,Rua Faustino José Machado,Rotary Club de Itabaiana,8d820d6b-d516-4628-8228-0e70dcaf08f5,SE
01a02d9d-209d-7771-baa1-a78ab1a8e409,49390970,rua,Rua Felinto Alves Teixeira 57,Centro,06ff93f2-6b8e-4596-928c-4cd07caa79fb,SE
01a02d9d-323b-7e08-8d94-3b4341917b24,49501869,rua,Rua Felinto Tavares de Jesus,Marcela,8d820d6b-d516-4628-8228-0e70dcaf08f5,SE
01a02d9d-4120-7d78-9947-9ee57612f13d,49509272,rua,Rua Felinto Tavares de Jesus,Mamede Paes Mendonça,8d820d6b-d516-4628-8228-0e70dcaf08f5,SE
01a02d9d-0f0f-7b41-b25d-4b02e1203c36,49082640,rua,Rua Felipe dos Santos,Novo Paraíso,71df064f-d17f-4cf5-ad45-93ce4e8182a5,SE
01a02d9d-1cb6-72f1-9725-d0f32f8826d8,49095110,rua,Rua Felisbelo Gomes dos Santos,Jabotiana,71df064f-d17f-4cf5-ad45-93ce4e8182a5,SE
01a02d9d-4122-7784-925f-76547b55313d,49509815,rua,Rua Felisbelo Machado Menezes,Porto,8d820d6b-d516-4628-8228-0e70dcaf08f5,SE
01a02d9d-0747-76f7-b19a-95cab286bb34,49072260,rua,Rua Felisberto Freire,Dezoito do Forte,71df064f-d17f-4cf5-ad45-93ce4e8182a5,SE
01a02d9d-343a-7f6e-add0-652e9ca30a41,49503226,rua,Rua Felismino Pereira Andrade,Serrano,8d820d6b-d516-4628-8228-0e70dcaf08f5,SE
01a02d9d-3625-7baa-b012-fc2063ba3879,49503723,rua,Rua Felícia da Graça Costa,Anízio Amancio de Oliveira,8d820d6b-d516-4628-8228-0e70dcaf08f5,SE
01a02d9c-dc0a-7b31-a973-44ea674e3cba,49020350,rua,Rua Fenelon Santos,Salgado Filho,71df064f-d17f-4cf5-ad45-93ce4e8182a5,SE
01a02d9d-3cbd-7399-bab4-f8a7837f6fe0,49506740,rua,Rua Fernando Barbosa de Jesus,Doutor José Milton Machado,8d820d6b-d516-4628-8228-0e70dcaf08f5,SE
01a02d9c-e004-7b9e-813b-f6dfae194e70,49030340,rua,Rua Fernando Gomes Ferreira,Farolândia,71df064f-d17f-4cf5-ad45-93ce4e8182a5,SE
01a02d9c-f390-73e4-b2a8-81a9f1b0bbb4,49044295,rua,Rua Fernando José Guedes Fontes,Santa Maria,71df064f-d17f-4cf5-ad45-93ce4e8182a5,SE
01a02d9d-1ea4-7ff5-8817-ef77fa846aee,49097240,rua,Rua Fernando Madureira,Ponto Novo,71df064f-d17f-4cf5-ad45-93ce4e8182a5,SE
01a02d9c-ebbe-7452-85ea-8a2d94548313,49040706,rua,Rua Fernando Xavier de Oliveira,Inácio Barbosa,71df064f-d17f-4cf5-ad45-93ce4e8182a5,SE
01a02d9d-0f10-73f0-ba62-5937f8c73648,49085140,rua,Rua Fernando de Noronha,José Conrado de Araújo,71df064f-d17f-4cf5-ad45-93ce4e8182a5,SE
01a02d9c-eda3-77a9-bf4e-a9e75a3d2431,49042720,rua,Rua Ferroviário José Matias de Siqueira,São Conrado,71df064f-d17f-4cf5-ad45-93ce4e8182a5,SE
01a02d9c-f755-771f-a988-2e2083e6027c,49047180,rua,Rua Filemon Franco Freire,Ponto Novo,71df064f-d17f-4cf5-ad45-93ce4e8182a5,SE
01a02d9d-3aab-7022-8df8-21a742850374,49506264,rua,Rua Filomena Pereira de Andrade,Rotary Club de Itabaiana,8d820d6b-d516-4628-8228-0e70dcaf08f5,SE
01a02d9d-14f5-703d-bb35-cd8239f57a74,49089016,rua,Rua Filomena Rosa de Andrade Silva,Soledade,71df064f-d17f-4cf5-ad45-93ce4e8182a5,SE
01a02d9d-323b-7e08-8d97-769f989b4c43,49502007,rua,Rua Firmina Maria Pereira,Marcela,8d820d6b-d516-4628-8228-0e70dcaf08f5,SE
01a02d9d-4321-7221-ad1c-b1578f1ee23e,49511646,rua,Rua Firmino Celestino da Cunha,Queimadas,8d820d6b-d516-4628-8228-0e70dcaf08f5,SE
01a02d9c-e5f1-7b1d-8412-72c8c1a72978,49037220,rua,Rua Firmino Fontes,Atalaia,71df064f-d17f-4cf5-ad45-93ce4e8182a5,SE
01a02d9d-305a-7e56-8f03-5b3924c8c54f,49500475,rua,Rua Firmino José de Oliveira,São Cristóvão,8d820d6b-d516-4628-8228-0e70dcaf08f5,SE
01a02d9c-e004-7b9e-813c-afd393a18a26,49030350,rua,Rua Fiscal Adalberto Menezes de Andrade,Farolândia,71df064f-d17f-4cf5-ad45-93ce4e8182a5,SE
01a02d9d-323c-7f76-9684-01a08c43ae76,49502136,rua,Rua Flavio Menezes Santos,Marcela,8d820d6b-d516-4628-8228-0e70dcaf08f5,SE
01a02d9d-1cb6-72f1-9726-6cc3fbcf3bb7,49095130,rua,Rua Flodualdo Rodrigues Dória,Jabotiana,71df064f-d17f-4cf5-ad45-93ce4e8182a5,SE
01a02d9c-cfed-7704-8cea-5d2b9ac6bf65,49001243,rua,Rua Flodualdo Vieira Moura,Aruana,71df064f-d17f-4cf5-ad45-93ce4e8182a5,SE
01a02d9c-f19b-762b-a1d2-4f5185255315,49043844,rua,Rua Flor de Lis,Santa Maria,71df064f-d17f-4cf5-ad45-93ce4e8182a5,SE
01a02d9d-0b2a-7088-9024-bd829f87eab0,49075250,rua,Rua Florianópolis,Siqueira Campos,71df064f-d17f-4cf5-ad45-93ce4e8182a5,SE
01a02d9d-0d21-75fb-8f78-1f6568560682,49082180,rua,Rua Florianópolis,Novo Paraíso,71df064f-d17f-4cf5-ad45-93ce4e8182a5,SE
01a02d9d-4320-7220-a39c-9d1d965bb8f7,49511380,rua,Rua Florêncio José dos Santos,Queimadas,8d820d6b-d516-4628-8228-0e70dcaf08f5,SE
01a02d9c-dc0b-7b5e-82d1-1e5c7f040485,49025200,rua,Rua Flávia Menezes Prado,Jardins,71df064f-d17f-4cf5-ad45-93ce4e8182a5,SE
01a02d9c-d813-7423-9960-2517ee7cfb1d,49009028,rua,Rua Flávio Osvaldo Aranha,Zona de Expansão (Mosqueiro),71df064f-d17f-4cf5-ad45-93ce4e8182a5,SE
01a02d9d-3438-7f59-9a70-3cd99010e2f0,49502261,rua,Rua Flávio Pereira dos Anjos,Marcela,8d820d6b-d516-4628-8228-0e70dcaf08f5,SE
01a02d9d-3cbc-7ae2-a5cb-1c8acd132e37,49506618,rua,Rua Fogo Pagô,Doutor José Milton Machado,8d820d6b-d516-4628-8228-0e70dcaf08f5,SE
01a02d9d-3860-7f3e-8580-1d6627a8ef1f,49504388,rua,Rua Fortunato Machado de Oliveira,Marianga,8d820d6b-d516-4628-8228-0e70dcaf08f5,SE
01a02d9d-2c77-769a-94e0-4131cb605ea7,49500013,rua,Rua Francisca Menezes Porto,Centro,8d820d6b-d516-4628-8228-0e70dcaf08f5,SE
01a02d9d-323b-7552-8d8f-6d7d84af8da8,49501851,rua,Rua Francisca Xavier Nunes,Marcela,8d820d6b-d516-4628-8228-0e70dcaf08f5,SE
01a02d9d-0d1f-7c95-911c-a96d27c74ad0,49080486,rua,Rua Francisco Alves Lima,América,71df064f-d17f-4cf5-ad45-93ce4e8182a5,SE
01a02d9d-323a-7ce1-8146-4feaf60a1961,49501600,rua,Rua Francisco Alves de Oliveira,Bananeiras,8d820d6b-d516-4628-8228-0e70dcaf08f5,SE
01a02d9c-eda0-7f96-a0e8-ff9f5f18e001,49042170,rua,Rua Francisco Andrade Sales,São Conrado,71df064f-d17f-4cf5-ad45-93ce4e8182a5,SE
01a02d9d-3f00-7855-9ae2-e43b7ad125e3,49507795,rua,Rua Francisco Antonio de Lima,Oviedo Teixeira,8d820d6b-d516-4628-8228-0e70dcaf08f5,SE
01a02d9c-cfed-7704-8ce6-86591b4f003b,49001231,rua,Rua Francisco Antônio Santos,Aruana,71df064f-d17f-4cf5-ad45-93ce4e8182a5,SE
01a02d9c-d206-7aa1-b385-d97d8b6095b0,49003394,rua,Rua Francisco Antônio de Carvalho Lima Junior,17 de Março,71df064f-d17f-4cf5-ad45-93ce4e8182a5,SE
01a02d9d-323a-7ce1-8144-0414060d2e85,49501590,rua,Rua Francisco Bragança,Bananeiras,8d820d6b-d516-4628-8228-0e70dcaf08f5,SE
01a02d9d-2e64-7a5b-947b-8e6b4ed1d0f9,49500326,rua,Rua Francisco Bragança,São Cristóvão,8d820d6b-d516-4628-8228-0e70dcaf08f5,SE
01a02d9d-2e64-7a5b-947c-f322df30ab6d,49500329,rua,Rua Francisco Bragança,São Cristóvão,8d820d6b-d516-4628-8228-0e70dcaf08f5,SE
01a02d9d-0747-76f7-b195-bfdd80295df9,49072216,rua,Rua Francisco Cardoso da Silva,Dezoito do Forte,71df064f-d17f-4cf5-ad45-93ce4e8182a5,SE
01a02d9d-16ee-7ea5-8e45-edff2e5d5a96,49090070,rua,Rua Francisco Cardoso de Oliveira,Bugio,71df064f-d17f-4cf5-ad45-93ce4e8182a5,SE
01a02d9d-0351-7cf4-b06d-3c9482aa1237,49067040,rua,Rua Francisco Carlos dos Santos,Porto D'Antas,71df064f-d17f-4cf5-ad45-93ce4e8182a5,SE
01a02d9d-3438-7f59-9a6f-578831f6ecb6,49502260,rua,Rua Francisco Cavalcanti de Nascimento,Marcela,8d820d6b-d516-4628-8228-0e70dcaf08f5,SE
01a02d9d-0145-721d-ae1c-fb5d6ef2bfca,49065286,rua,Rua Francisco Cláudio Cruz,Industrial,71df064f-d17f-4cf5-ad45-93ce4e8182a5,SE
01a02d9c-dc0b-7b5e-82d2-8072d2982dad,49025210,rua,Rua Francisco Duarte Ramos,Jardins,71df064f-d17f-4cf5-ad45-93ce4e8182a5,SE
01a02d9c-f755-771f-a989-16f3c61d9faa,49047190,rua,Rua Francisco Ferreira de Andrade,Ponto Novo,71df064f-d17f-4cf5-ad45-93ce4e8182a5,SE
01a02d9c-e9cd-7495-8d2b-a3df5398446a,49038400,rua,Rua Francisco Ferreira de Oliveira,Aeroporto,71df064f-d17f-4cf5-ad45-93ce4e8182a5,SE
01a02d9c-f754-7e84-9e02-c41098e4462b,49046030,rua,Rua Francisco Ferreira de Oliveira,Luzia,71df064f-d17f-4cf5-ad45-93ce4e8182a5,SE
01a02d9c-f94b-72d4-8724-e0d27614ea09,49050320,rua,Rua Francisco Félix Silva,Suíssa,71df064f-d17f-4cf5-ad45-93ce4e8182a5,SE
01a02d9c-dc0b-7b5e-82d3-55541142afaa,49025220,rua,Rua Francisco Gumercindo Bessa,Grageru,71df064f-d17f-4cf5-ad45-93ce4e8182a5,SE
01a02d9d-4321-7221-ad1b-8af746ab48fa,49511643,rua,Rua Francisco Joaquim de Santana,Queimadas,8d820d6b-d516-4628-8228-0e70dcaf08f5,SE
01a02d9d-3623-717c-a112-3df473d45b21,49503577,rua,Rua Francisco Menezes Santos,Anízio Amancio de Oliveira,8d820d6b-d516-4628-8228-0e70dcaf08f5,SE
01a02d9d-3f02-7b6c-bafc-a5ed392491ea,49509167,rua,Rua Francisco Oliveira,Mamede Paes Mendonça,8d820d6b-d516-4628-8228-0e70dcaf08f5,SE
01a02d9d-3f02-7289-baea-6522471b124e,49509088,rua,Rua Francisco Oliveira,Mamede Paes Mendonça,8d820d6b-d516-4628-8228-0e70dcaf08f5,SE
01a02d9d-3625-7baa-b013-7b7c1f852dd3,49503726,rua,Rua Francisco Paes da Costa,Anízio Amancio de Oliveira,8d820d6b-d516-4628-8228-0e70dcaf08f5,SE
01a02d9c-dc0a-7b31-a978-0c5da88daca2,49020390,rua,Rua Francisco Portugal,Salgado Filho,71df064f-d17f-4cf5-ad45-93ce4e8182a5,SE
01a02d9c-dc0b-7b5e-82d5-c3dd251c9156,49025240,rua,Rua Francisco Portugal,Grageru,71df064f-d17f-4cf5-ad45-93ce4e8182a5,SE
01a02d9c-e5f2-7389-98bc-18f52612cfe3,49037240,rua,Rua Francisco Rabelo Leite Neto,Atalaia,71df064f-d17f-4cf5-ad45-93ce4e8182a5,SE
01a02d9d-22a7-7785-8876-42ebf7e486a0,49042590,rua,Rua Francisco Rollemberg Ramos,São Conrado,71df064f-d17f-4cf5-ad45-93ce4e8182a5,SE
01a02d9c-cbc6-721d-a98a-30801bd0c27d,49000290,rua,Rua Francisco Roque dos Santos,Aruana,71df064f-d17f-4cf5-ad45-93ce4e8182a5,SE
01a02d9d-2c77-7f0f-94f2-1122561c73f5,49500067,rua,Rua Francisco Santos,Centro,8d820d6b-d516-4628-8228-0e70dcaf08f5,SE
01a02d9d-269f-751d-8475-caa5bf955827,49500972,rua,Rua Francisco Santos 274,Centro,8d820d6b-d516-4628-8228-0e70dcaf08f5,SE
01a02d9d-22a7-7785-8867-9cae4b420ee0,49035800,rua,Rua Francisco Soares Nascimento,Coroa do Meio,71df064f-d17f-4cf5-ad45-93ce4e8182a5,SE
01a02d9d-3f00-7855-9ae3-4a88e54c3983,49507800,rua,Rua Francisco Teles,Oviedo Teixeira,8d820d6b-d516-4628-8228-0e70dcaf08f5,SE
01a02d9d-2e65-7309-a81f-b988f0aa051d,49500424,rua,Rua Francisco Teles Andrade,São Cristóvão,8d820d6b-d516-4628-8228-0e70dcaf08f5,SE
01a02d9d-323c-7f76-9690-5be332283ecd,49502188,rua,Rua Francisco Teles de Andrade,Marcela,8d820d6b-d516-4628-8228-0e70dcaf08f5,SE
01a02d9c-ef91-7eae-9132-d2c8570d8bc4,49043250,rua,Rua Francisco Veiga,São Conrado,71df064f-d17f-4cf5-ad45-93ce4e8182a5,SE
01a02d9d-18d7-70ae-8e3b-78de78cdd8cf,49092030,rua,Rua Francisco Xavier da Paixão,Olaria,71df064f-d17f-4cf5-ad45-93ce4e8182a5,SE
01a02d9d-0f11-7409-b39d-5b819b11f013,49085499,rua,Rua Francisco da Paixão Cruz,José Conrado de Araújo,71df064f-d17f-4cf5-ad45-93ce4e8182a5,SE
01a02d9d-1ea4-7ff5-8819-6de534ffb59c,49097260,rua,Rua Francisco de Araújo Macedo,Ponto Novo,71df064f-d17f-4cf5-ad45-93ce4e8182a5,SE
01a02d9d-209c-7757-afb6-243d39de1e51,49097710,rua,Rua Francisco de Assis Delmondes Pereira Freitas,Ponto Novo,71df064f-d17f-4cf5-ad45-93ce4e8182a5,SE
01a02d9d-1cb6-72f1-9727-3f3be2ef0fed,49095140,rua,Rua Francisco de Paula Silva,Jabotiana,71df064f-d17f-4cf5-ad45-93ce4e8182a5,SE
01a02d9d-0744-7c65-b49c-23627f400f01,49070839,rua,Rua Francisco dos Santos,Cidade Nova,71df064f-d17f-4cf5-ad45-93ce4e8182a5,SE
01a02d9d-3f03-7418-8793-b2e383e83a32,49509185,rua,Rua Francolino Alves dos Santos,Mamede Paes Mendonça,8d820d6b-d516-4628-8228-0e70dcaf08f5,SE
01a02d9c-e004-7b9e-813e-e2cf293f983f,49030360,rua,Rua Francolino Rodrigues Lima,Farolândia,71df064f-d17f-4cf5-ad45-93ce4e8182a5,SE
01a02d9c-e5f0-79f6-9263-8936595124b5,49037000,rua,Rua François Hoald,Atalaia,71df064f-d17f-4cf5-ad45-93ce4e8182a5,SE
01a02d9c-f575-7be3-9756-6bced8e97d84,49045270,rua,Rua Frederico Ozanam,Luzia,71df064f-d17f-4cf5-ad45-93ce4e8182a5,SE
01a02d9d-10fa-72fb-95ed-b12fe1789c2b,49087213,rua,Rua Frei Augusto de Santana,Santos Dumont,71df064f-d17f-4cf5-ad45-93ce4e8182a5,SE
01a02d9c-e003-70f1-9dba-9a2ab173f36e,49030050,rua,Rua Frei Damião,Farolândia,71df064f-d17f-4cf5-ad45-93ce4e8182a5,SE
01a02d9c-ef94-7af9-9680-6f4e661736c5,49043484,rua,Rua Frei Damião,Santa Maria,71df064f-d17f-4cf5-ad45-93ce4e8182a5,SE
01a02d9d-0550-7b9d-89a3-c08fefe85e80,49069033,rua,Rua Frei Enoque,Porto D'Antas,71df064f-d17f-4cf5-ad45-93ce4e8182a5,SE
01a02d9d-10fa-72fb-95f1-c6055a93ff92,49087230,rua,Rua Frei Henrique de Coimbra,Santos Dumont,71df064f-d17f-4cf5-ad45-93ce4e8182a5,SE
01a02d9d-0b2a-7088-9025-1579b8b54f7a,49075260,rua,Rua Frei José de Santa Cecília,Siqueira Campos,71df064f-d17f-4cf5-ad45-93ce4e8182a5,SE
01a02d9d-0b2a-7088-9026-cc8b0311915c,49075270,rua,Rua Frei Luiz Canolo de Noronha,Siqueira Campos,71df064f-d17f-4cf5-ad45-93ce4e8182a5,SE
01a02d9d-1ea4-7ff5-881a-277c34d77818,49097270,rua,Rua Frei Luiz Canolo de Noronha,Ponto Novo,71df064f-d17f-4cf5-ad45-93ce4e8182a5,SE
01a02d9c-da18-763e-b53d-346863baa183,49015260,rua,Rua Frei Paulo,São José,71df064f-d17f-4cf5-ad45-93ce4e8182a5,SE
01a02d9d-0551-742a-a2d9-37ae0094a22b,49069135,rua,Rua Frei Paulo,Porto D'Antas,71df064f-d17f-4cf5-ad45-93ce4e8182a5,SE
01a02d9c-fb6a-72f9-985a-f87069374790,49052270,rua,Rua Frei Paulo,Suíssa,71df064f-d17f-4cf5-ad45-93ce4e8182a5,SE
01a02d9d-385e-73f3-b52c-51d627794649,49504018,rua,Rua Frei Sireno Machado,Marianga,8d820d6b-d516-4628-8228-0e70dcaf08f5,SE
01a02d9d-0351-7453-b051-22bb1039ecc4,49066280,rua,Rua Frontal,Industrial,71df064f-d17f-4cf5-ad45-93ce4e8182a5,SE
01a02d9c-f198-72b8-a20a-c790deed0783,49043550,rua,Rua Fábio Anchieta,Santa Maria,71df064f-d17f-4cf5-ad45-93ce4e8182a5,SE
01a02d9c-e5f1-7b1d-8406-9150c08e7321,49037160,rua,Rua Fábio Fortes,Atalaia,71df064f-d17f-4cf5-ad45-93ce4e8182a5,SE
01a02d9d-0747-76f7-b199-c1b5aaabde4d,49072250,rua,Rua Fábio Souza Santos,Dezoito do Forte,71df064f-d17f-4cf5-ad45-93ce4e8182a5,SE
01a02d9d-1cb8-74ef-96d9-bdc5640293e5,49095793,rua,Rua Fátima Maria Chagas,Jabotiana,71df064f-d17f-4cf5-ad45-93ce4e8182a5,SE
01a02d9c-e5f1-726d-83fa-8337904d7d30,49037086,rua,Rua Félix Mendes Rodrigues,Aeroporto,71df064f-d17f-4cf5-ad45-93ce4e8182a5,SE
01a02d9c-ddf6-745c-a34b-d763cc05e398,49026236,rua,Rua Félix Pereira de Oliveira,Jardins,71df064f-d17f-4cf5-ad45-93ce4e8182a5,SE
01a02d9d-14f6-7a7e-bb34-8b662de8dfdd,49089288,rua,Rua G,Soledade,71df064f-d17f-4cf5-ad45-93ce4e8182a5,SE
01a02d9d-14f6-71e6-bb2b-ec79a7209e5e,49089258,rua,Rua G,Soledade,71df064f-d17f-4cf5-ad45-93ce4e8182a5,SE
01a02d9d-14f5-7946-bb48-7ee351be96f3,49089092,rua,Rua G,Soledade,71df064f-d17f-4cf5-ad45-93ce4e8182a5,SE
01a02d9d-14f5-7946-bb40-6e395d2a8e82,49089050,rua,Rua G,Soledade,71df064f-d17f-4cf5-ad45-93ce4e8182a5,SE
01a02d9c-e1ff-7d24-b15e-1d71ca1fcd93,49031425,rua,Rua G,Farolândia,71df064f-d17f-4cf5-ad45-93ce4e8182a5,SE
01a02d9c-e5f1-7b1d-840d-bc9e3dece381,49037203,rua,Rua G,Atalaia,71df064f-d17f-4cf5-ad45-93ce4e8182a5,SE
01a02d9c-e5f1-7b1d-840f-7917544d2869,49037213,rua,Rua G,Aeroporto,71df064f-d17f-4cf5-ad45-93ce4e8182a5,SE
01a02d9d-054f-7a85-9315-8cc272626652,49067208,rua,Rua G,Porto D'Antas,71df064f-d17f-4cf5-ad45-93ce4e8182a5,SE
01a02d9d-0744-73ec-b492-5743ec4a5a3e,49070799,rua,Rua G,Cidade Nova,71df064f-d17f-4cf5-ad45-93ce4e8182a5,SE
01a02d9d-0744-7c65-b49d-a8336cb7f267,49070842,rua,Rua G,Cidade Nova,71df064f-d17f-4cf5-ad45-93ce4e8182a5,SE
01a02d9d-0d20-750f-918d-afac763c7d2c,49080638,rua,Rua G,América,71df064f-d17f-4cf5-ad45-93ce4e8182a5,SE
01a02d9d-0d20-7d89-919e-db3079087577,49081055,rua,Rua G,Capucho,71df064f-d17f-4cf5-ad45-93ce4e8182a5,SE
01a02d9d-10fa-72fb-95e9-caa116673ff5,49087203,rua,Rua G,Santos Dumont,71df064f-d17f-4cf5-ad45-93ce4e8182a5,SE
01a02d9d-2c73-7a46-9e93-fb1a1a8baa61,49071344,rua,Rua G,Dom Luciano,71df064f-d17f-4cf5-ad45-93ce4e8182a5,SE
01a02d9d-2a93-769a-a1d0-a8730c09c261,49071247,rua,Rua G,Dom Luciano,71df064f-d17f-4cf5-ad45-93ce4e8182a5,SE
01a02d9d-2a92-7d5b-95fe-4ab816682907,49071096,rua,Rua G,Dom Luciano,71df064f-d17f-4cf5-ad45-93ce4e8182a5,SE
01a02d9d-2a92-7d5b-95f5-0afb6321e277,49071069,rua,Rua G,Dom Luciano,71df064f-d17f-4cf5-ad45-93ce4e8182a5,SE
01a02d9d-28ac-7818-a58b-7207df140e3a,49067253,rua,Rua G,Porto D'Antas,71df064f-d17f-4cf5-ad45-93ce4e8182a5,SE
01a02d9d-28ab-75f8-a3f5-5ff1a9b2348c,49043879,rua,Rua G,Santa Maria,71df064f-d17f-4cf5-ad45-93ce4e8182a5,SE
01a02d9d-28a9-732b-a605-67a4c316da01,49008823,rua,Rua G,Zona de Expansão (Mosqueiro),71df064f-d17f-4cf5-ad45-93ce4e8182a5,SE
01a02d9d-269e-73ce-a48d-918874f9145b,49008268,rua,Rua G,Zona de Expansão (Mosqueiro),71df064f-d17f-4cf5-ad45-93ce4e8182a5,SE
01a02d9d-24a2-7e2b-9ec7-238a58d4ce25,49088393,rua,Rua G,Lamarão,71df064f-d17f-4cf5-ad45-93ce4e8182a5,SE
01a02d9d-24a1-7e19-9cb8-672a611414f0,49087556,rua,Rua G,Santos Dumont,71df064f-d17f-4cf5-ad45-93ce4e8182a5,SE
01a02d9d-24a0-7e28-9b57-1437da30c8d1,49069231,rua,Rua G,Porto D'Antas,71df064f-d17f-4cf5-ad45-93ce4e8182a5,SE
01a02d9d-1ea3-7ec2-8528-35fff93451e8,49096243,rua,Rua G,Jabotiana,71df064f-d17f-4cf5-ad45-93ce4e8182a5,SE
01a02d9d-16ee-7ea5-8e3f-2e9c4d8b9af0,49090033,rua,Rua G,Bugio,71df064f-d17f-4cf5-ad45-93ce4e8182a5,SE
01a02d9d-16ee-760e-8e32-f1bc99501e61,49089438,rua,Rua G,Soledade,71df064f-d17f-4cf5-ad45-93ce4e8182a5,SE
01a02d9d-16ee-760e-8e26-5e2a5b9eb673,49089392,rua,Rua G,Soledade,71df064f-d17f-4cf5-ad45-93ce4e8182a5,SE
01a02d9c-e7d7-700e-a26f-94610a5a15b3,49038032,rua,Rua G,Atalaia,71df064f-d17f-4cf5-ad45-93ce4e8182a5,SE
01a02d9c-ef92-7777-9c2f-e992a8c563d6,49043269,rua,Rua G,São Conrado,71df064f-d17f-4cf5-ad45-93ce4e8182a5,SE
01a02d9c-f574-7bf3-a68f-f8dfd7537639,49044544,rua,Rua G,Santa Maria,71df064f-d17f-4cf5-ad45-93ce4e8182a5,SE
01a02d9d-2c75-7cb2-a5fc-96ee35bd470b,49089377,rua,Rua G,Soledade,71df064f-d17f-4cf5-ad45-93ce4e8182a5,SE
01a02d9c-ff48-7f69-9d1f-0dacc0ea5f9e,49061084,rua,Rua G,Santo Antônio,71df064f-d17f-4cf5-ad45-93ce4e8182a5,SE
01a02d9c-ff48-7f69-9d28-1d941e084fdd,49061106,rua,Rua G,Santo Antônio,71df064f-d17f-4cf5-ad45-93ce4e8182a5,SE
01a02d9d-0143-7719-a5a1-cd8ce1da9f30,49063166,rua,Rua G,Japãozinho,71df064f-d17f-4cf5-ad45-93ce4e8182a5,SE
01a02d9d-0143-7719-a5ac-7cf1ce310d62,49063199,rua,Rua G,Japãozinho,71df064f-d17f-4cf5-ad45-93ce4e8182a5,SE
01a02d9c-cbc7-7342-9670-56286937f3c3,49000465,rua,Rua G,Aruana,71df064f-d17f-4cf5-ad45-93ce4e8182a5,SE
01a02d9c-cbc7-7bd3-9688-38c0314d9d0c,49000599,rua,Rua G,Aruana,71df064f-d17f-4cf5-ad45-93ce4e8182a5,SE
01a02d9c-cddb-7546-8db0-aa440603bc97,49000707,rua,Rua G,Aruana,71df064f-d17f-4cf5-ad45-93ce4e8182a5,SE
01a02d9c-cddb-7546-8db3-5e8c2cf9ac44,49000716,rua,Rua G,Aruana,71df064f-d17f-4cf5-ad45-93ce4e8182a5,SE
01a02d9c-cddb-7de0-8dbb-d622e35005fb,49000771,rua,Rua G,Aruana,71df064f-d17f-4cf5-ad45-93ce4e8182a5,SE
01a02d9c-cddb-7de0-8dc1-4a361fc0347b,49000789,rua,Rua G,Aruana,71df064f-d17f-4cf5-ad45-93ce4e8182a5,SE
01a02d9c-cddd-7fa1-a696-22082687033a,49001063,rua,Rua G,Aruana,71df064f-d17f-4cf5-ad45-93ce4e8182a5,SE
01a02d9c-cdde-781b-b07e-c7dea45724c6,49001114,rua,Rua G,Aruana,71df064f-d17f-4cf5-ad45-93ce4e8182a5,SE
01a02d9c-cfee-7020-b496-81054aa54081,49001338,rua,Rua G,Aruana,71df064f-d17f-4cf5-ad45-93ce4e8182a5,SE
01a02d9c-d618-7b81-986b-339237c1a94c,49007319,rua,Rua G,Zona de Expansão (Areia Branca),71df064f-d17f-4cf5-ad45-93ce4e8182a5,SE
01a02d9c-d61a-75a6-bc26-e68c774c6928,49008039,rua,Rua G,Zona de Expansão (Mosqueiro),71df064f-d17f-4cf5-ad45-93ce4e8182a5,SE
01a02d9c-d61b-75e8-9a72-83fa85479416,49008306,rua,Rua G,Zona de Expansão (Mosqueiro),71df064f-d17f-4cf5-ad45-93ce4e8182a5,SE
01a02d9c-d61c-75c9-ba1d-668d145ce27b,49008369,rua,Rua G,Zona de Expansão (Mosqueiro),71df064f-d17f-4cf5-ad45-93ce4e8182a5,SE
01a02d9c-d61d-75ce-9745-5e6bc96b71cd,49008432,rua,Rua G,Zona de Expansão (Mosqueiro),71df064f-d17f-4cf5-ad45-93ce4e8182a5,SE
01a02d9c-d813-7423-994f-e4f7ff228195,49008802,rua,Rua G,Zona de Expansão (Mosqueiro),71df064f-d17f-4cf5-ad45-93ce4e8182a5,SE
01a02d9d-305b-7f8f-b895-2446a966d4e9,49500645,rua,Rua G,São Cristóvão,8d820d6b-d516-4628-8228-0e70dcaf08f5,SE
01a02d9d-305c-7827-b061-2c3ff1f49fc4,49500696,rua,Rua G,São Cristóvão,8d820d6b-d516-4628-8228-0e70dcaf08f5,SE
01a02d9d-28ac-7818-a588-e0b5a584077b,49065046,rua,Rua Gabriel Anchieta,Industrial,71df064f-d17f-4cf5-ad45-93ce4e8182a5,SE
01a02d9d-3f02-7289-bae6-8559984a989c,49509076,rua,Rua Gabriel Hilário Sobrinho,Mamede Paes Mendonça,8d820d6b-d516-4628-8228-0e70dcaf08f5,SE
01a02d9d-22a6-7785-a720-d0ae652c2b59,49030663,rua,Rua Gabriela França dos Reis Jesus,Farolândia,71df064f-d17f-4cf5-ad45-93ce4e8182a5,SE
01a02d9c-d207-7bed-80cd-5616512fcb34,49004487,rua,Rua Galdino Marques,Zona de Expansão (Robalo),71df064f-d17f-4cf5-ad45-93ce4e8182a5,SE
01a02d9d-0551-7cb5-a2ed-afc1db381b46,49069201,rua,Rua Gama,Porto D'Antas,71df064f-d17f-4cf5-ad45-93ce4e8182a5,SE
01a02d9c-fb6a-7bc1-986a-ec0261b359f1,49052430,rua,Rua Gararu,Suíssa,71df064f-d17f-4cf5-ad45-93ce4e8182a5,SE
01a02d9c-fb6b-7d73-b2d1-a9a50a48f25c,49055235,rua,Rua Gararu,Cirurgia,71df064f-d17f-4cf5-ad45-93ce4e8182a5,SE
01a02d9c-fb6b-7d73-b2d9-262514f0dff3,49055300,rua,Rua Gararu,Getúlio Vargas,71df064f-d17f-4cf5-ad45-93ce4e8182a5,SE
01a02d9c-fd61-77c5-a82a-d5877c33d491,49060260,rua,Rua Garcia Moreno,Palestina,71df064f-d17f-4cf5-ad45-93ce4e8182a5,SE
01a02d9d-0f10-73f0-ba7e-b50a9aba75fc,49085350,rua,Rua Gean Carlos dos Santos,José Conrado de Araújo,71df064f-d17f-4cf5-ad45-93ce4e8182a5,SE
01a02d9d-14f5-703d-bb33-74a5c75b8565,49089010,rua,Rua Geferson Ferreira da Silva,Soledade,71df064f-d17f-4cf5-ad45-93ce4e8182a5,SE
01a02d9c-cfef-7170-80a5-32fcfc0ce78b,49003283,rua,Rua General Aristides Armínio Guaraná,17 de Março,71df064f-d17f-4cf5-ad45-93ce4e8182a5,SE
01a02d9c-da18-763e-b543-2e78f5e72ac4,49015310,rua,Rua General Chaves,São José,71df064f-d17f-4cf5-ad45-93ce4e8182a5,SE
01a02d9d-1ea4-7ff5-881d-e868514e1a4e,49097280,rua,Rua General Firmo Freire,Ponto Novo,71df064f-d17f-4cf5-ad45-93ce4e8182a5,SE
01a02d9d-0932-7bae-b0f0-79922f500fec,49072280,rua,Rua General Firmo Freire do Nascimento,Dezoito do Forte,71df064f-d17f-4cf5-ad45-93ce4e8182a5,SE
01a02d9d-0932-7bae-b0f2-a77c9e65ed11,49072290,rua,Rua General Joaquim Inácio,Dezoito do Forte,71df064f-d17f-4cf5-ad45-93ce4e8182a5,SE
01a02d9d-2c77-7f0f-94ec-f89aae5654bb,49500049,rua,Rua General José Calazans,Centro,8d820d6b-d516-4628-8228-0e70dcaf08f5,SE
01a02d9c-ef90-7c36-b440-e53d1f0bf3d2,49043040,rua,Rua General João Augusto dos Reis,São Conrado,71df064f-d17f-4cf5-ad45-93ce4e8182a5,SE
01a02d9c-eda3-77a9-bf52-a143540f6a5e,49042730,rua,Rua General João Melo Rezende,São Conrado,71df064f-d17f-4cf5-ad45-93ce4e8182a5,SE
01a02d9d-0d21-75fb-8f7b-d3e4540ccb27,49082210,rua,Rua General Osório,Novo Paraíso,71df064f-d17f-4cf5-ad45-93ce4e8182a5,SE
01a02d9d-0f11-7409-b391-453d8c9d45c8,49085413,rua,Rua General Osório,José Conrado de Araújo,71df064f-d17f-4cf5-ad45-93ce4e8182a5,SE
01a02d9d-0742-7a5d-a7ce-6578ebb91bd1,49070180,rua,Rua General Prado,Cidade Nova,71df064f-d17f-4cf5-ad45-93ce4e8182a5,SE
01a02d9d-10fa-72fb-95f3-ff5fef9e2a1e,49087245,rua,Rua General Prado,Santos Dumont,71df064f-d17f-4cf5-ad45-93ce4e8182a5,SE
01a02d9d-0743-7b6e-9fa8-403455d55684,49070415,rua,Rua General Seroa da Mota,Cidade Nova,71df064f-d17f-4cf5-ad45-93ce4e8182a5,SE
01a02d9d-0747-76f7-b19b-3dc9e587c4d2,49072275,rua,Rua General Seroa da Mota,Dezoito do Forte,71df064f-d17f-4cf5-ad45-93ce4e8182a5,SE
01a02d9d-2e64-71a7-9461-08bd66ac075b,49500229,rua,Rua General Siqueira,Centro,8d820d6b-d516-4628-8228-0e70dcaf08f5,SE
01a02d9d-2e64-71a7-946a-d256411351ea,49500256,rua,Rua General Valadão,Centro,8d820d6b-d516-4628-8228-0e70dcaf08f5,SE
01a02d9d-0552-7541-887e-c8c022ba0169,49070130,rua,Rua General Valença,Cidade Nova,71df064f-d17f-4cf5-ad45-93ce4e8182a5,SE
01a02d9d-0743-7b6e-9fae-352216e2333e,49070530,rua,Rua General Walter de Menezes Paes,Cidade Nova,71df064f-d17f-4cf5-ad45-93ce4e8182a5,SE
01a02d9c-ef93-7917-91bc-581a52d9ccb5,49043436,rua,Rua Genipapo,Santa Maria,71df064f-d17f-4cf5-ad45-93ce4e8182a5,SE
01a02d9d-3cbe-751c-8dc7-7adb82b58bb4,49507495,rua,Rua Genivaldo Araújo,Oviedo Teixeira,8d820d6b-d516-4628-8228-0e70dcaf08f5,SE
01a02d9d-3439-7f6f-8ac4-a892571ebdd3,49503138,rua,Rua Genivaldo Rosa dos Santos,Serrano,8d820d6b-d516-4628-8228-0e70dcaf08f5,SE
01a02d9c-e9cd-7495-8d2c-fdb68fdae4b4,49038410,rua,Rua Gentil Barbosa de Jesus,Aeroporto,71df064f-d17f-4cf5-ad45-93ce4e8182a5,SE
01a02d9d-323b-7e08-8d95-b3db329cd5d3,49502001,rua,Rua Gentil Fonseca Lobo,Marcela,8d820d6b-d516-4628-8228-0e70dcaf08f5,SE
01a02d9d-4120-7d78-994f-9f7c2291b74c,49509623,rua,Rua Gentil Fonseca Lobo,Porto,8d820d6b-d516-4628-8228-0e70dcaf08f5,SE
01a02d9d-3cbd-7c5a-bac9-2058e89b2f5b,49507082,rua,Rua Gentil Santana,Doutor José Milton Machado,8d820d6b-d516-4628-8228-0e70dcaf08f5,SE
01a02d9d-18d5-76cf-9b16-06c5b356c742,49090476,rua,Rua Geny da Silva Dias,Bugio,71df064f-d17f-4cf5-ad45-93ce4e8182a5,SE
01a02d9d-2c76-7566-836b-e5625de659fd,49090436,rua,Rua Geny da Silva Dias,Jardim Centenário,71df064f-d17f-4cf5-ad45-93ce4e8182a5,SE
01a02d9d-2c76-7566-8366-596b9a34d977,49090043,rua,Rua Geny da Silva Dias,Bugio,71df064f-d17f-4cf5-ad45-93ce4e8182a5,SE
01a02d9d-431f-7222-ae29-c2bac29baff9,49511152,rua,Rua Genário Alves dos Santos,Queimadas,8d820d6b-d516-4628-8228-0e70dcaf08f5,SE
01a02d9d-3aa8-7d39-8efa-4523c1744566,49506042,rua,Rua Genário José dos Santos,Rotary Club de Itabaiana,8d820d6b-d516-4628-8228-0e70dcaf08f5,SE
01a02d9d-3cbd-7399-bab3-16b30871d422,49506737,rua,Rua Genário de Oliveira,Doutor José Milton Machado,8d820d6b-d516-4628-8228-0e70dcaf08f5,SE
01a02d9d-1cb7-7c6f-bedf-2ea4dad6bb93,49095670,rua,Rua George Melo de Oliveira,Jabotiana,71df064f-d17f-4cf5-ad45-93ce4e8182a5,SE
01a02d9c-f94b-72d4-8726-df45aa619fba,49050360,rua,Rua Geraldo Menezes Carvalho,Suíssa,71df064f-d17f-4cf5-ad45-93ce4e8182a5,SE
01a02d9d-0d20-7d89-91a7-10923952f213,49081108,rua,Rua Geraldo Moura Diniz,Capucho,71df064f-d17f-4cf5-ad45-93ce4e8182a5,SE
01a02d9c-ef92-7777-9c34-e09725c4c28b,49043310,rua,Rua Geraldo Pina,São Conrado,71df064f-d17f-4cf5-ad45-93ce4e8182a5,SE
01a02d9c-cfed-7704-8cdd-8463d7f43bcf,49001204,rua,Rua Geraldo dos Santos Filho,Aruana,71df064f-d17f-4cf5-ad45-93ce4e8182a5,SE
01a02d9d-305b-76f3-b872-bae6ac3f8841,49500540,rua,Rua Germano Pereira Santos,São Cristóvão,8d820d6b-d516-4628-8228-0e70dcaf08f5,SE
01a02d9c-dc0a-726b-a952-3cbb378c959b,49020040,rua,Rua Germiniano Maia,Salgado Filho,71df064f-d17f-4cf5-ad45-93ce4e8182a5,SE
01a02d9d-0351-7cf4-b06f-5cf478cf0c86,49067050,rua,Rua Gerson Farias dos Santos,Porto D'Antas,71df064f-d17f-4cf5-ad45-93ce4e8182a5,SE
01a02d9c-eda0-7f96-a0e9-a9cd5a27ab2f,49042180,rua,Rua Gerson Martins Penna,São Conrado,71df064f-d17f-4cf5-ad45-93ce4e8182a5,SE
01a02d9c-e9ce-7602-8bf7-98db074de9b0,49040293,rua,Rua Gerson dos Santos,Inácio Barbosa,71df064f-d17f-4cf5-ad45-93ce4e8182a5,SE
01a02d9c-da15-7399-adc8-bf6379dba9c9,49010460,rua,Rua Geru,Centro,71df064f-d17f-4cf5-ad45-93ce4e8182a5,SE
01a02d9c-da15-7399-adc3-f38151b9dc89,49010420,rua,Rua Geruzinho,Centro,71df064f-d17f-4cf5-ad45-93ce4e8182a5,SE
01a02d9c-fb6b-7d73-b2da-e821d2667799,49055310,rua,Rua Geruzinho,Getúlio Vargas,71df064f-d17f-4cf5-ad45-93ce4e8182a5,SE
01a02d9d-1cb6-72f1-9728-2e8fe2772646,49095150,rua,Rua Gervásio Pereira de Almeida,Jabotiana,71df064f-d17f-4cf5-ad45-93ce4e8182a5,SE
01a02d9c-e3ff-7873-8182-cfed466b481a,49035355,rua,Rua Gervásio de Araújo Souza,Atalaia,71df064f-d17f-4cf5-ad45-93ce4e8182a5,SE
01a02d9c-e400-7a9b-a27a-9a57220d5eb5,49035645,rua,Rua Gervásio de Araújo Souza,Coroa do Meio,71df064f-d17f-4cf5-ad45-93ce4e8182a5,SE
01a02d9d-22a4-7e4d-bb15-059e686230f8,49960970,rua,Rua Getulio Vargas 114,Centro,1ac37ac7-7adf-4119-b838-680618912bd6,SE
01a02d9d-22a4-755a-bb0c-ba6e7125fc36,49900970,rua,Rua Getulio Vargas 80,Centro,80a57d12-60eb-4387-8ee5-40502f621868,SE
01a02d9c-eda3-77a9-bf53-98982c4bc1ba,49042740,rua,Rua Gidalvo Dionízio dos Santos,São Conrado,71df064f-d17f-4cf5-ad45-93ce4e8182a5,SE
01a02d9c-e001-7f49-9d58-6929bfb02c11,49027350,rua,Rua Gilberto Almeida,Grageru,71df064f-d17f-4cf5-ad45-93ce4e8182a5,SE
01a02d9d-24a1-7e19-9cb2-d69337477554,49085560,rua,Rua Gilberto Carnaúba,José Conrado de Araújo,71df064f-d17f-4cf5-ad45-93ce4e8182a5,SE
01a02d9d-1cb7-7406-bec4-3e045e286f81,49095420,rua,Rua Gilberto Teles de Menezes,Jabotiana,71df064f-d17f-4cf5-ad45-93ce4e8182a5,SE
01a02d9c-cfef-7170-80a3-5d1c1a631f15,49003277,rua,Rua Gilberto de Lima Azevedo Souza Ferreira Amado de Farias,17 de Março,71df064f-d17f-4cf5-ad45-93ce4e8182a5,SE
01a02d9d-3f01-799d-856e-59b134716e69,49508273,rua,Rua Gileno Nunes de Carvalho,Oviedo Teixeira,8d820d6b-d516-4628-8228-0e70dcaf08f5,SE
01a02d9c-cddb-7546-8db9-016527d9feae,49000765,rua,Rua Gilma Moraes Amaral,Aruana,71df064f-d17f-4cf5-ad45-93ce4e8182a5,SE
01a02d9d-3aa9-75a7-a06a-bca1aae438c6,49506099,rua,Rua Gilmar Santos Costa,Rotary Club de Itabaiana,8d820d6b-d516-4628-8228-0e70dcaf08f5,SE
01a02d9d-3f01-70fa-8556-f592d2ee2dfe,49508095,rua,Rua Gilson Menezes Santos,Oviedo Teixeira,8d820d6b-d516-4628-8228-0e70dcaf08f5,SE
01a02d9c-f752-7be7-82d5-afaedf092352,49045373,rua,Rua Gilson Pereira de Almeida,Luzia,71df064f-d17f-4cf5-ad45-93ce4e8182a5,SE
01a02d9c-e3ff-7873-8184-cf3452054c2d,49035370,rua,Rua Gilson Rolemberg,Aeroporto,71df064f-d17f-4cf5-ad45-93ce4e8182a5,SE
01a02d9d-16ef-7744-b460-aa4064d3fbd7,49090283,rua,Rua Gilvam Garangau,Jardim Centenário,71df064f-d17f-4cf5-ad45-93ce4e8182a5,SE
01a02d9d-3f01-70fa-855e-ab22b609c9e4,49508135,rua,Rua Givaldo Menezes Santos,Oviedo Teixeira,8d820d6b-d516-4628-8228-0e70dcaf08f5,SE
01a02d9d-3cbd-7c5a-baba-bab31df3e254,49506846,rua,Rua Givaldo Teixeira de Oliveira,Doutor José Milton Machado,8d820d6b-d516-4628-8228-0e70dcaf08f5,SE
01a02d9d-10fb-742c-9274-4413f3e0682d,49087530,rua,Rua Gleide Fonseca de Almeida Silva,Santos Dumont,71df064f-d17f-4cf5-ad45-93ce4e8182a5,SE
01a02d9d-3cbe-751c-8dc4-c9dbf5d8bd3c,49507480,rua,Rua Gleide Selma Alexandra de Brito,Oviedo Teixeira,8d820d6b-d516-4628-8228-0e70dcaf08f5,SE
01a02d9d-0b2a-7088-9027-0c10af513278,49075280,rua,Rua Goiás,Siqueira Campos,71df064f-d17f-4cf5-ad45-93ce4e8182a5,SE
01a02d9d-0f10-73f0-ba64-63182bcffb0c,49085150,rua,Rua Goiás,José Conrado de Araújo,71df064f-d17f-4cf5-ad45-93ce4e8182a5,SE
01a02d9d-0b2c-7262-903c-29842f65d621,49080240,rua,Rua Goiânia,América,71df064f-d17f-4cf5-ad45-93ce4e8182a5,SE
01a02d9d-0551-742a-a2de-824e2a705505,49069156,rua,Rua Gonzagão,Porto D'Antas,71df064f-d17f-4cf5-ad45-93ce4e8182a5,SE
01a02d9c-e9ce-7602-8bf1-21694be59e1d,49040220,rua,Rua Gonçalves Dias,Inácio Barbosa,71df064f-d17f-4cf5-ad45-93ce4e8182a5,SE
01a02d9c-ef93-7917-91b6-a6bfd7aa0d7c,49043418,rua,Rua Gonçalves Dias,Santa Maria,71df064f-d17f-4cf5-ad45-93ce4e8182a5,SE
01a02d9c-cbc6-721d-a983-83f17996501e,49000215,rua,Rua Gonçalves Panza,Aruana,71df064f-d17f-4cf5-ad45-93ce4e8182a5,SE
01a02d9d-0142-7e7c-8d35-878accbc466f,49063139,rua,Rua Goré,Japãozinho,71df064f-d17f-4cf5-ad45-93ce4e8182a5,SE
01a02d9d-269f-7db0-847a-cce33948aee7,49000756,rua,Rua Governador João de Seixas Dória,Aruana,71df064f-d17f-4cf5-ad45-93ce4e8182a5,SE
01a02d9d-1ea4-7ff5-881f-b0abdd69d6d8,49097300,rua,Rua Governador Manoel Dantas,Ponto Novo,71df064f-d17f-4cf5-ad45-93ce4e8182a5,SE
01a02d9d-14f4-778d-8866-80498e3cf584,49088376,rua,Rua Grace Kelly dos Santos Silva,Lamarão,71df064f-d17f-4cf5-ad45-93ce4e8182a5,SE
01a02d9c-fd60-7f18-adfc-a94dd727435d,49060186,rua,Rua Granja Altamira,Santo Antônio,71df064f-d17f-4cf5-ad45-93ce4e8182a5,SE
01a02d9c-ff49-7816-bf5c-8fd022d449c2,49063010,rua,Rua Granja Altamira,Japãozinho,71df064f-d17f-4cf5-ad45-93ce4e8182a5,SE
01a02d9c-ff49-7816-bf5b-4d083f4b2f8c,49063007,rua,Rua Granja Altamira II,Japãozinho,71df064f-d17f-4cf5-ad45-93ce4e8182a5,SE
01a02d9d-0b2c-7262-903d-eb6cb2bb6b8f,49080250,rua,Rua Groelândia,América,71df064f-d17f-4cf5-ad45-93ce4e8182a5,SE
01a02d9d-2c77-7f0f-94f3-d2a0d1d93294,49500069,rua,Rua Grumete Alcides Cavalcante,Centro,8d820d6b-d516-4628-8228-0e70dcaf08f5,SE
01a02d9c-ebbf-7e0b-9b06-b8fe5750da1b,49041190,rua,Rua Gráfico José Benedito dos Santos,Inácio Barbosa,71df064f-d17f-4cf5-ad45-93ce4e8182a5,SE
01a02d9d-0b2c-7ad8-9042-65058dace6f1,49080280,rua,Rua Guaporé,América,71df064f-d17f-4cf5-ad45-93ce4e8182a5,SE
01a02d9c-e3fc-74b0-92e0-2b77196ab586,49032370,rua,Rua Guarapari,Farolândia,71df064f-d17f-4cf5-ad45-93ce4e8182a5,SE
01a02d9c-e3fc-74b0-92e4-5cce36c6d74d,49032390,rua,Rua Guarujá,Farolândia,71df064f-d17f-4cf5-ad45-93ce4e8182a5,SE
01a02d9d-0b2c-7ad8-9043-d4314f33a118,49080290,rua,Rua Guatemala,América,71df064f-d17f-4cf5-ad45-93ce4e8182a5,SE
01a02d9c-e5ef-78fb-b25d-9a749c8c45eb,49035765,rua,Rua Guilherme Figueiredo,Atalaia,71df064f-d17f-4cf5-ad45-93ce4e8182a5,SE
01a02d9d-0d21-75fb-8f7c-53a730c0c5b7,49082220,rua,Rua Guilherme José Martins,Novo Paraíso,71df064f-d17f-4cf5-ad45-93ce4e8182a5,SE
01a02d9d-2c74-7baa-9a5e-b9dbc48bd834,49080278,rua,Rua Guilherme José Martins,América,71df064f-d17f-4cf5-ad45-93ce4e8182a5,SE
01a02d9c-f949-7900-9f1d-ce5ed0a2e208,49048160,rua,Rua Guilherme José Vieira,Luzia,71df064f-d17f-4cf5-ad45-93ce4e8182a5,SE
01a02d9d-16ee-7ea5-8e47-cf5853bdb38f,49090080,rua,Rua Guilhermino José Barbosa,Bugio,71df064f-d17f-4cf5-ad45-93ce4e8182a5,SE
01a02d9c-da17-7dde-9412-42ce87111a5b,49015170,rua,Rua Guilhermino Rezende,São José,71df064f-d17f-4cf5-ad45-93ce4e8182a5,SE
01a02d9c-dc0a-7b31-a96a-af7158d7cac1,49020270,rua,Rua Guilhermino Rezende,Salgado Filho,71df064f-d17f-4cf5-ad45-93ce4e8182a5,SE
01a02d9d-269e-7c85-a493-5cc1e331fd5b,49020635,rua,Rua Guilhermino Rezende,Treze de Julho,71df064f-d17f-4cf5-ad45-93ce4e8182a5,SE
01a02d9c-fd61-77c5-a82c-53e5f75ad052,49060280,rua,Rua Gumercindo Bessa,Santo Antônio,71df064f-d17f-4cf5-ad45-93ce4e8182a5,SE
01a02d9d-0143-7fcd-a5cb-1d1177938c25,49065130,rua,Rua Gumercindo Bessa,Industrial,71df064f-d17f-4cf5-ad45-93ce4e8182a5,SE
01a02d9d-2e64-7a5b-9477-178cdff6e2cf,49500295,rua,Rua Gumercindo de Oliveira,Centro,8d820d6b-d516-4628-8228-0e70dcaf08f5,SE
01a02d9d-2e64-7a5b-9479-bfc514c99a35,49500320,rua,Rua Gumercindo de Oliveira,São Cristóvão,8d820d6b-d516-4628-8228-0e70dcaf08f5,SE
01a02d9c-ebbe-7ce3-85f3-74bec4db266a,49040780,rua,Rua Gutemberg Chagas,Inácio Barbosa,71df064f-d17f-4cf5-ad45-93ce4e8182a5,SE
01a02d9c-e001-7f49-9d5a-384290e4a1e3,49027380,rua,Rua Gérson Martins,Grageru,71df064f-d17f-4cf5-ad45-93ce4e8182a5,SE
01a02d9d-14f6-7a7e-bb35-d46953c78f27,49089291,rua,Rua H,Soledade,71df064f-d17f-4cf5-ad45-93ce4e8182a5,SE
01a02d9d-14f6-71e6-bb2c-1a0ab43d9bfc,49089261,rua,Rua H,Soledade,71df064f-d17f-4cf5-ad45-93ce4e8182a5,SE
01a02d9d-14f5-703d-bb2b-7ff532bbc4a9,49088403,rua,Rua H,Lamarão,71df064f-d17f-4cf5-ad45-93ce4e8182a5,SE
01a02d9d-12f1-77f2-b974-b0cdb2e1ac54,49088303,rua,Rua H,Lamarão,71df064f-d17f-4cf5-ad45-93ce4e8182a5,SE
01a02d9d-16ed-7d6c-be19-ffd137aac62a,49089368,rua,Rua H,Soledade,71df064f-d17f-4cf5-ad45-93ce4e8182a5,SE
01a02d9c-e5f1-7b1d-8410-64745708092b,49037216,rua,Rua H,Aeroporto,71df064f-d17f-4cf5-ad45-93ce4e8182a5,SE
01a02d9d-0352-759b-b6f8-4fee1a6c2749,49067163,rua,Rua H,Porto D'Antas,71df064f-d17f-4cf5-ad45-93ce4e8182a5,SE
01a02d9d-054f-7a85-9314-3d2886a4a356,49067206,rua,Rua H,Porto D'Antas,71df064f-d17f-4cf5-ad45-93ce4e8182a5,SE
01a02d9d-0550-7312-8996-ddbf11450774,49067246,rua,Rua H,Porto D'Antas,71df064f-d17f-4cf5-ad45-93ce4e8182a5,SE
01a02d9d-2c73-7a46-9e94-6e3a4de430b9,49071347,rua,Rua H,Dom Luciano,71df064f-d17f-4cf5-ad45-93ce4e8182a5,SE
01a02d9d-0744-73ec-b493-d9f6696f5019,49070802,rua,Rua H,Cidade Nova,71df064f-d17f-4cf5-ad45-93ce4e8182a5,SE
01a02d9d-0745-7d7a-b49d-e4815c40239a,49071218,rua,Rua H,Dom Luciano,71df064f-d17f-4cf5-ad45-93ce4e8182a5,SE
01a02d9d-0d20-750f-918e-60076e2edc91,49080641,rua,Rua H,América,71df064f-d17f-4cf5-ad45-93ce4e8182a5,SE
01a02d9d-2a93-769a-a1be-3d6f73a9e1e4,49071108,rua,Rua H,Dom Luciano,71df064f-d17f-4cf5-ad45-93ce4e8182a5,SE
01a02d9d-2a92-7d5b-95f6-e39028d4254f,49071072,rua,Rua H,Dom Luciano,71df064f-d17f-4cf5-ad45-93ce4e8182a5,SE
01a02d9d-28ab-75f8-a3f6-2df98a8f9aa4,49043882,rua,Rua H,Santa Maria,71df064f-d17f-4cf5-ad45-93ce4e8182a5,SE
01a02d9d-28a9-732b-a604-1770e5299a31,49008820,rua,Rua H,Zona de Expansão (Mosqueiro),71df064f-d17f-4cf5-ad45-93ce4e8182a5,SE
01a02d9d-24a2-7e2b-9ecf-2e46420ba1ba,49089211,rua,Rua H,Soledade,71df064f-d17f-4cf5-ad45-93ce4e8182a5,SE
01a02d9d-24a0-7e28-9b5d-3748094e8e50,49069252,rua,Rua H,Porto D'Antas,71df064f-d17f-4cf5-ad45-93ce4e8182a5,SE
01a02d9d-22a5-775a-9fe6-6b794bc388b8,49001066,rua,Rua H,Aruana,71df064f-d17f-4cf5-ad45-93ce4e8182a5,SE
01a02d9d-1ea3-7ec2-8529-b9fa7e1733d4,49096246,rua,Rua H,Jabotiana,71df064f-d17f-4cf5-ad45-93ce4e8182a5,SE
01a02d9d-16ee-7ea5-8e52-bceb43b31ece,49090123,rua,Rua H,Bugio,71df064f-d17f-4cf5-ad45-93ce4e8182a5,SE
01a02d9d-16ee-760e-8e33-1654bc2797d1,49089441,rua,Rua H,Soledade,71df064f-d17f-4cf5-ad45-93ce4e8182a5,SE
01a02d9d-16ee-760e-8e28-de5aa9b42193,49089401,rua,Rua H,Soledade,71df064f-d17f-4cf5-ad45-93ce4e8182a5,SE
01a02d9c-e7d7-700e-a270-0ec522d2c11a,49038035,rua,Rua H,Atalaia,71df064f-d17f-4cf5-ad45-93ce4e8182a5,SE
01a02d9c-ebbf-7575-9af0-295435dbb284,49041092,rua,Rua H,Inácio Barbosa,71df064f-d17f-4cf5-ad45-93ce4e8182a5,SE
01a02d9c-eda1-7f9a-bf06-23460e3e96cd,49042233,rua,Rua H,São Conrado,71df064f-d17f-4cf5-ad45-93ce4e8182a5,SE
01a02d9c-f754-7e84-9e1a-b6336d3499e0,49047140,rua,Rua H,Ponto Novo,71df064f-d17f-4cf5-ad45-93ce4e8182a5,SE
01a02d9c-ff48-7f69-9d20-a8d52db2786c,49061085,rua,Rua H,Santo Antônio,71df064f-d17f-4cf5-ad45-93ce4e8182a5,SE
01a02d9c-cbc7-7342-9671-2b3da2135ae8,49000468,rua,Rua H,Aruana,71df064f-d17f-4cf5-ad45-93ce4e8182a5,SE
01a02d9c-cddb-7de0-8dbc-f849caba1f85,49000774,rua,Rua H,Aruana,71df064f-d17f-4cf5-ad45-93ce4e8182a5,SE
01a02d9c-cddb-7de0-8dbe-f8a43e0f7ec3,49000780,rua,Rua H,Aruana,71df064f-d17f-4cf5-ad45-93ce4e8182a5,SE
01a02d9c-cddb-7de0-8dc2-498058f647d9,49000792,rua,Rua H,Aruana,71df064f-d17f-4cf5-ad45-93ce4e8182a5,SE
01a02d9c-cddc-764c-b1b7-2ebb36d565af,49000840,rua,Rua H,Aruana,71df064f-d17f-4cf5-ad45-93ce4e8182a5,SE
01a02d9c-cdde-781b-b07f-f31b6a351c6d,49001117,rua,Rua H,Aruana,71df064f-d17f-4cf5-ad45-93ce4e8182a5,SE
01a02d9c-cfee-7020-b494-d4ebd79c2d63,49001332,rua,Rua H,Aruana,71df064f-d17f-4cf5-ad45-93ce4e8182a5,SE
01a02d9c-d207-7bed-80c2-57c9aa1c7bd1,49004427,rua,Rua H,Zona de Expansão (Robalo),71df064f-d17f-4cf5-ad45-93ce4e8182a5,SE
01a02d9c-d208-7d54-bc35-b9ae7198f416,49004703,rua,Rua H,Zona de Expansão (Robalo),71df064f-d17f-4cf5-ad45-93ce4e8182a5,SE
01a02d9c-d619-73e3-ac19-1c575f0b1f43,49007328,rua,Rua H,Zona de Expansão (Areia Branca),71df064f-d17f-4cf5-ad45-93ce4e8182a5,SE
01a02d9c-d61a-75a6-bc25-efe922eeae3b,49008036,rua,Rua H,Zona de Expansão (Mosqueiro),71df064f-d17f-4cf5-ad45-93ce4e8182a5,SE
01a02d9c-d61d-75ce-9746-74ac6fadf750,49008435,rua,Rua H,Zona de Expansão (Mosqueiro),71df064f-d17f-4cf5-ad45-93ce4e8182a5,SE
01a02d9c-d813-7423-9956-5d35bc5ca1d3,49008858,rua,Rua H,Zona de Expansão (Mosqueiro),71df064f-d17f-4cf5-ad45-93ce4e8182a5,SE
01a02d9d-305b-7f8f-b898-5717028e35b4,49500654,rua,Rua H,São Cristóvão,8d820d6b-d516-4628-8228-0e70dcaf08f5,SE
01a02d9d-305c-7827-b068-2b9242f3690a,49500717,rua,Rua H,São Cristóvão,8d820d6b-d516-4628-8228-0e70dcaf08f5,SE
01a02d9d-3f01-70fa-8550-0c62c3290a09,49507835,rua,Rua H,Oviedo Teixeira,8d820d6b-d516-4628-8228-0e70dcaf08f5,SE
01a02d9c-f94a-719e-990d-f79b37f2b4bc,49048306,rua,Rua H1,Luzia,71df064f-d17f-4cf5-ad45-93ce4e8182a5,SE
01a02d9d-24a1-7e19-9cac-5cde1e9afecd,49080300,rua,Rua Haiti,América,71df064f-d17f-4cf5-ad45-93ce4e8182a5,SE
01a02d9d-2c74-7baa-9a5f-5dd732f032ab,49080305,rua,Rua Haiti,América,71df064f-d17f-4cf5-ad45-93ce4e8182a5,SE
01a02d9d-2c75-7446-a5eb-9a4160d690ff,49082225,rua,Rua Haiti,Novo Paraíso,71df064f-d17f-4cf5-ad45-93ce4e8182a5,SE
01a02d9d-14f6-71e6-bb1e-eb4ce05b8f22,49089182,rua,Rua Hamilton César Leite,Soledade,71df064f-d17f-4cf5-ad45-93ce4e8182a5,SE
01a02d9c-e004-7b9e-813f-23e02fdf90fb,49030370,rua,Rua Hamilton Lopes Galvão,Farolândia,71df064f-d17f-4cf5-ad45-93ce4e8182a5,SE
01a02d9c-ddf6-745c-a34a-54d8eb988968,49026233,rua,Rua Hamilton Luduvice,Jardins,71df064f-d17f-4cf5-ad45-93ce4e8182a5,SE
01a02d9c-f754-75e6-9dfd-9f50cdcb343f,49045843,rua,Rua Hamilton Monteiro Freire,Luzia,71df064f-d17f-4cf5-ad45-93ce4e8182a5,SE
01a02d9d-10fa-72fb-95f7-9de0e448a36f,49087276,rua,Rua Helenita Mangueira da Silva,Santos Dumont,71df064f-d17f-4cf5-ad45-93ce4e8182a5,SE
01a02d9d-3861-7807-bf91-f43884f4638a,49505108,rua,Rua Heleno Luiz da Silva,Miguel Teles de Mendonça,8d820d6b-d516-4628-8228-0e70dcaf08f5,SE
01a02d9d-3aa9-7e4f-a07f-3789ab323414,49506201,rua,Rua Heleno da Cunha Melo,Rotary Club de Itabaiana,8d820d6b-d516-4628-8228-0e70dcaf08f5,SE
01a02d9c-dc0b-7b5e-82d7-a7c86580953d,49025290,rua,Rua Helvécio Maia,Grageru,71df064f-d17f-4cf5-ad45-93ce4e8182a5,SE
01a02d9d-0d21-75fb-8f7d-8f8534b663da,49082230,rua,Rua Henrique Dias,Novo Paraíso,71df064f-d17f-4cf5-ad45-93ce4e8182a5,SE
01a02d9d-16ee-760e-8e3c-52461da799d3,49090023,rua,Rua Herbert José de Souza,Jardim Centenário,71df064f-d17f-4cf5-ad45-93ce4e8182a5,SE
01a02d9c-cddc-7eb9-b1c0-62102abfee9a,49001003,rua,Rua Hercílio Francisco da Silva,Aruana,71df064f-d17f-4cf5-ad45-93ce4e8182a5,SE
01a02d9c-fd61-77c5-a82d-9825a42711b8,49060290,rua,Rua Heribaldo José de Barros,Santo Antônio,71df064f-d17f-4cf5-ad45-93ce4e8182a5,SE
01a02d9d-3f01-799d-856c-334adb8430c4,49508184,rua,Rua Heribaldo Pereira de Andrade,Oviedo Teixeira,8d820d6b-d516-4628-8228-0e70dcaf08f5,SE
01a02d9d-0552-7541-887f-c27c190fed31,49070140,rua,Rua Heribaldo da Silva Melo,Cidade Nova,71df064f-d17f-4cf5-ad45-93ce4e8182a5,SE
01a02d9c-e3ff-7873-8185-6b9c48abf44c,49035380,rua,Rua Heriberto Rezende Gois,Coroa do Meio,71df064f-d17f-4cf5-ad45-93ce4e8182a5,SE
01a02d9d-24a1-7e19-9cb6-036f66abdc23,49087250,rua,Rua Herildo Brito,Santos Dumont,71df064f-d17f-4cf5-ad45-93ce4e8182a5,SE
01a02d9c-f574-7bf3-a6a3-e36bca06f081,49045200,rua,Rua Heráclito Muniz Barreto,Luzia,71df064f-d17f-4cf5-ad45-93ce4e8182a5,SE
01a02d9d-1cb8-7dd1-96e6-4fc36b2e7f57,49096060,rua,Rua Hilda Arcanjo Santos,Jabotiana,71df064f-d17f-4cf5-ad45-93ce4e8182a5,SE
01a02d9d-24a3-7e28-88bc-559cb85cbfe7,49095470,rua,Rua Hildete Falcão Baptista,Jabotiana,71df064f-d17f-4cf5-ad45-93ce4e8182a5,SE
01a02d9d-24a2-7e2b-9ec3-42c1fb4d204e,49088053,rua,Rua Hildete Santos Freitas,Lamarão,71df064f-d17f-4cf5-ad45-93ce4e8182a5,SE
01a02d9c-cfed-7704-8ce8-bdcf7ce84f7a,49001237,rua,Rua Hilma Moraes Menezes,Aruana,71df064f-d17f-4cf5-ad45-93ce4e8182a5,SE
01a02d9d-305c-7827-b05c-0565e1240981,49500681,rua,Rua Hipólito José de Oliveira,São Cristóvão,8d820d6b-d516-4628-8228-0e70dcaf08f5,SE
01a02d9c-dc0a-7b31-a960-1d129de33bdf,49020190,rua,Rua Homero de Oliveira,Treze de Julho,71df064f-d17f-4cf5-ad45-93ce4e8182a5,SE
01a02d9d-0b2c-7ad8-9045-b91c9a12d591,49080320,rua,Rua Honduras,América,71df064f-d17f-4cf5-ad45-93ce4e8182a5,SE
01a02d9c-ddf6-7cf2-a35a-19ce780d9b00,49027130,rua,Rua Honor Gregório Santos,Grageru,71df064f-d17f-4cf5-ad45-93ce4e8182a5,SE
01a02d9d-16ee-7ea5-8e48-1841a8ae9b85,49090090,rua,Rua Hormezinda dos Santos,Jardim Centenário,71df064f-d17f-4cf5-ad45-93ce4e8182a5,SE
01a02d9d-3cbd-7399-baa7-511a7f5f1407,49506639,rua,Rua Hudson Matheus Almeida de Oliveira,Doutor José Milton Machado,8d820d6b-d516-4628-8228-0e70dcaf08f5,SE
01a02d9c-cbc7-7342-967a-06d53c0eb5be,49000495,rua,Rua Humberto Levita,Aruana,71df064f-d17f-4cf5-ad45-93ce4e8182a5,SE
01a02d9c-f752-7be7-82d8-c2b66be2d6ae,49045390,rua,Rua Humberto Peixoto,Luzia,71df064f-d17f-4cf5-ad45-93ce4e8182a5,SE
01a02d9c-dc0b-7b5e-82cb-76bfed37c107,49025125,rua,Rua Humberto Pinto Maia,Grageru,71df064f-d17f-4cf5-ad45-93ce4e8182a5,SE
01a02d9c-dc0b-7b5e-82d9-a3976d11107a,49025310,rua,Rua Humberto Pinto do Valle,Grageru,71df064f-d17f-4cf5-ad45-93ce4e8182a5,SE
01a02d9c-f949-7900-9f1e-c92ac69046ac,49048170,rua,Rua Humberto Porto Dória,Luzia,71df064f-d17f-4cf5-ad45-93ce4e8182a5,SE
01a02d9d-1ac0-7fdd-b3bc-ed8e432c1264,49092582,rua,Rua Hélcio Baptista de Araújo,Olaria,71df064f-d17f-4cf5-ad45-93ce4e8182a5,SE
01a02d9d-0b2c-7ad8-9044-ecef3acf23c5,49080310,rua,Rua Hélio Cardoso,América,71df064f-d17f-4cf5-ad45-93ce4e8182a5,SE
01a02d9d-22a6-7785-a71d-4c8266c35577,49030380,rua,Rua Hélio Fontes de Araújo Góes,Farolândia,71df064f-d17f-4cf5-ad45-93ce4e8182a5,SE
01a02d9d-16ee-7ea5-8e4a-eb749513405d,49090096,rua,Rua Hélio José dos Santos,Jardim Centenário,71df064f-d17f-4cf5-ad45-93ce4e8182a5,SE
01a02d9c-f575-7be3-9759-6061ad8fb4d5,49045290,rua,Rua Hélio Maranhão,Luzia,71df064f-d17f-4cf5-ad45-93ce4e8182a5,SE
01a02d9d-0742-7a5d-a7d1-54050c7d26cc,49070190,rua,Rua Hélio Santana,Cidade Nova,71df064f-d17f-4cf5-ad45-93ce4e8182a5,SE
01a02d9d-14f6-7a7e-bb36-86ca17611d17,49089294,rua,Rua I,Soledade,71df064f-d17f-4cf5-ad45-93ce4e8182a5,SE
01a02d9d-14f5-703d-bb2d-a4de5336114d,49088408,rua,Rua I,Lamarão,71df064f-d17f-4cf5-ad45-93ce4e8182a5,SE
01a02d9d-0744-73ec-b494-0a29085d1bb4,49070805,rua,Rua I,Cidade Nova,71df064f-d17f-4cf5-ad45-93ce4e8182a5,SE
01a02d9d-2a93-769a-a1ca-1f8852c864fa,49071221,rua,Rua I,Dom Luciano,71df064f-d17f-4cf5-ad45-93ce4e8182a5,SE
01a02d9d-28ab-75f8-a3f8-8ab60180bcac,49043888,rua,Rua I,Santa Maria,71df064f-d17f-4cf5-ad45-93ce4e8182a5,SE
01a02d9d-269e-7c85-a4a0-3f54e251f45c,49067250,rua,Rua I,Porto D'Antas,71df064f-d17f-4cf5-ad45-93ce4e8182a5,SE
01a02d9d-24a3-7e28-88bd-50ffa32559e0,49096252,rua,Rua I,Jabotiana,71df064f-d17f-4cf5-ad45-93ce4e8182a5,SE
01a02d9d-24a2-7e2b-9ece-88c3a46c8fca,49089206,rua,Rua I,Soledade,71df064f-d17f-4cf5-ad45-93ce4e8182a5,SE
01a02d9d-24a1-7e19-9caf-55ad8b2ecbee,49080644,rua,Rua I,América,71df064f-d17f-4cf5-ad45-93ce4e8182a5,SE
01a02d9d-24a0-7e28-9b5c-a07d7eb1c220,49069249,rua,Rua I,Porto D'Antas,71df064f-d17f-4cf5-ad45-93ce4e8182a5,SE
01a02d9d-1cb8-7dd1-96e3-f4e1c29ab5a1,49096010,rua,Rua I,Jabotiana,71df064f-d17f-4cf5-ad45-93ce4e8182a5,SE
01a02d9d-16ee-7ea5-8e53-d3d4bb3515e9,49090126,rua,Rua I,Bugio,71df064f-d17f-4cf5-ad45-93ce4e8182a5,SE
01a02d9d-16ee-760e-8e34-8c1e5dad4e05,49089444,rua,Rua I,Soledade,71df064f-d17f-4cf5-ad45-93ce4e8182a5,SE
01a02d9d-16ee-760e-8e29-2752f4b9e1dd,49089403,rua,Rua I,Soledade,71df064f-d17f-4cf5-ad45-93ce4e8182a5,SE
01a02d9c-e7d7-700e-a271-9c16b2c62140,49038038,rua,Rua I,Atalaia,71df064f-d17f-4cf5-ad45-93ce4e8182a5,SE
01a02d9c-ebbf-7e0b-9b05-61cfb7a265af,49041170,rua,Rua I,Inácio Barbosa,71df064f-d17f-4cf5-ad45-93ce4e8182a5,SE
01a02d9c-ef92-7777-9c37-b67a9331f9aa,49043316,rua,Rua I,São Conrado,71df064f-d17f-4cf5-ad45-93ce4e8182a5,SE
01a02d9d-2c75-7cb2-a5fa-6f1b5763b9f0,49089344,rua,Rua I,Soledade,71df064f-d17f-4cf5-ad45-93ce4e8182a5,SE
01a02d9c-f755-771f-a99c-f7d5bd8af118,49047433,rua,Rua I,Ponto Novo,71df064f-d17f-4cf5-ad45-93ce4e8182a5,SE
01a02d9c-cbc7-7342-9674-9373f3d48ada,49000477,rua,Rua I,Aruana,71df064f-d17f-4cf5-ad45-93ce4e8182a5,SE
01a02d9c-cddb-7546-8db6-b56a3dd23c90,49000753,rua,Rua I,Aruana,71df064f-d17f-4cf5-ad45-93ce4e8182a5,SE
01a02d9c-cddc-7eb9-b1be-96d14c6a8c75,49000864,rua,Rua I,Aruana,71df064f-d17f-4cf5-ad45-93ce4e8182a5,SE
01a02d9c-cddd-7fa1-a697-8cc30512e718,49001069,rua,Rua I,Aruana,71df064f-d17f-4cf5-ad45-93ce4e8182a5,SE
01a02d9c-cfee-7020-b485-1c63e1fc1bee,49001255,rua,Rua I,Aruana,71df064f-d17f-4cf5-ad45-93ce4e8182a5,SE
01a02d9c-cfee-7020-b490-2d41dc0e7da9,49001291,rua,Rua I,Aruana,71df064f-d17f-4cf5-ad45-93ce4e8182a5,SE
01a02d9c-cfee-7020-b493-cbbd20f76d79,49001329,rua,Rua I,Aruana,71df064f-d17f-4cf5-ad45-93ce4e8182a5,SE
01a02d9c-d429-78f1-ab08-3df521ee5608,49005119,rua,Rua I,Zona de Expansão (Robalo),71df064f-d17f-4cf5-ad45-93ce4e8182a5,SE
01a02d9c-d619-73e3-ac1b-a208fbe38182,49007337,rua,Rua I,Zona de Expansão (Areia Branca),71df064f-d17f-4cf5-ad45-93ce4e8182a5,SE
01a02d9c-d61a-75a6-bc23-6bd9cf8ad3b2,49008030,rua,Rua I,Zona de Expansão (Mosqueiro),71df064f-d17f-4cf5-ad45-93ce4e8182a5,SE
01a02d9c-d61c-75c9-ba1b-a854e29e7af3,49008363,rua,Rua I,Zona de Expansão (Mosqueiro),71df064f-d17f-4cf5-ad45-93ce4e8182a5,SE
01a02d9c-d61d-75ce-9742-db9c44cfae51,49008423,rua,Rua I,Zona de Expansão (Mosqueiro),71df064f-d17f-4cf5-ad45-93ce4e8182a5,SE
01a02d9c-d813-7423-9958-97ec09b11104,49008876,rua,Rua I,Zona de Expansão (Mosqueiro),71df064f-d17f-4cf5-ad45-93ce4e8182a5,SE
01a02d9d-305b-76f3-b882-923c5e582c3b,49500588,rua,Rua I,São Cristóvão,8d820d6b-d516-4628-8228-0e70dcaf08f5,SE
01a02d9d-18d5-76cf-9b21-1f033065846f,49090513,rua,Rua I3,Bugio,71df064f-d17f-4cf5-ad45-93ce4e8182a5,SE
01a02d9c-cbc5-79b6-9d59-79a334d97af1,49000200,rua,Rua ITacy Aparecido Marques,Aruana,71df064f-d17f-4cf5-ad45-93ce4e8182a5,SE
01a02d9c-ff48-76d1-9d06-8089fbe9e257,49060703,rua,Rua Iago Augusto,Palestina,71df064f-d17f-4cf5-ad45-93ce4e8182a5,SE
01a02d9d-385e-73f3-b52b-c482e7be0319,49504015,rua,Rua Iana Monteiro de Carvalho,Marianga,8d820d6b-d516-4628-8228-0e70dcaf08f5,SE
01a02d9d-10fb-742c-9263-1b1aa6fd54bd,49087460,rua,Rua Iara Cristina,Santos Dumont,71df064f-d17f-4cf5-ad45-93ce4e8182a5,SE
01a02d9d-3f01-799d-8572-64a724dab57a,49508290,rua,Rua Iata Anderson Alves de Oliveira,Oviedo Teixeira,8d820d6b-d516-4628-8228-0e70dcaf08f5,SE
01a02d9c-d42a-7a3b-a972-f74b83ddaf6a,49007137,rua,Rua Ibama,Zona de Expansão (Areia Branca),71df064f-d17f-4cf5-ad45-93ce4e8182a5,SE
01a02d9c-d813-7423-9959-8df96c273e3a,49032380,rua,Rua Icaraí,Farolândia,71df064f-d17f-4cf5-ad45-93ce4e8182a5,SE
01a02d9d-10fa-72fb-95f4-a71d7dab78eb,49087260,rua,Rua Idalina Bonfim,Santos Dumont,71df064f-d17f-4cf5-ad45-93ce4e8182a5,SE
01a02d9d-1ac0-7fdd-b3b3-8dae6aa67d4b,49092520,rua,Rua Idalício Soares,Olaria,71df064f-d17f-4cf5-ad45-93ce4e8182a5,SE
01a02d9c-e7d7-700e-a26d-c95ca0706727,49038026,rua,Rua Igor de Faro Franco,Atalaia,71df064f-d17f-4cf5-ad45-93ce4e8182a5,SE
01a02d9d-10fa-72fb-95f5-cbbf880def32,49087270,rua,Rua Imperatriz Tereza Cristina,Santos Dumont,71df064f-d17f-4cf5-ad45-93ce4e8182a5,SE
01a02d9d-0d21-75fb-8f7e-3a93e58aee30,49082240,rua,Rua Inconfidência,Novo Paraíso,71df064f-d17f-4cf5-ad45-93ce4e8182a5,SE
01a02d9d-0351-7cf4-b071-6aca742f5e8b,49067070,rua,Rua Industrial Basto Coelho,Porto D'Antas,71df064f-d17f-4cf5-ad45-93ce4e8182a5,SE
01a02d9c-e005-7461-8bbc-e1b3a8f4a90b,49030400,rua,Rua Industrial José Orestes dos Santos,Farolândia,71df064f-d17f-4cf5-ad45-93ce4e8182a5,SE
01a02d9d-0142-7e7c-8d39-2f99a68ce99d,49063151,rua,Rua Invasão da Jetimana,Japãozinho,71df064f-d17f-4cf5-ad45-93ce4e8182a5,SE
01a02d9d-2a91-71a6-8635-5bfb3c93d65a,49070453,rua,Rua Inácio Joaquim Barbosa,Cidade Nova,71df064f-d17f-4cf5-ad45-93ce4e8182a5,SE
01a02d9d-305b-76f3-b875-abbae4a6244c,49500549,rua,Rua Inácio José Machado,São Cristóvão,8d820d6b-d516-4628-8228-0e70dcaf08f5,SE
01a02d9c-f755-771f-a99a-794ecfa74009,49047410,rua,Rua Inês Etienne Romeu,Ponto Novo,71df064f-d17f-4cf5-ad45-93ce4e8182a5,SE
01a02d9c-f754-7e84-9e07-e23812680c48,49046100,rua,Rua Iolanda Leite Moura,Luzia,71df064f-d17f-4cf5-ad45-93ce4e8182a5,SE
01a02d9c-f19b-762b-a1d1-8682caf66fbd,49043841,rua,Rua Ipê Amarelo,Santa Maria,71df064f-d17f-4cf5-ad45-93ce4e8182a5,SE
01a02d9c-ef92-7777-9c35-b6804731063c,49043837,rua,Rua Ipê Rosa,Santa Maria,71df064f-d17f-4cf5-ad45-93ce4e8182a5,SE
01a02d9d-3cbc-724f-a5b1-ea817b21bb6a,49506349,rua,Rua Iracema Andrade,Doutor José Milton Machado,8d820d6b-d516-4628-8228-0e70dcaf08f5,SE
01a02d9c-e006-75cc-adf4-0a08802c68dd,49030620,rua,Rua Irmã Clotildes de Oliveira,Farolândia,71df064f-d17f-4cf5-ad45-93ce4e8182a5,SE
01a02d9d-18d7-70ae-8e43-6006f8141c16,49092110,rua,Rua Irmã Dulce,Olaria,71df064f-d17f-4cf5-ad45-93ce4e8182a5,SE
01a02d9c-f38d-77c1-bf69-f37e0db07080,49044180,rua,Rua Irmã Dulce,Santa Maria,71df064f-d17f-4cf5-ad45-93ce4e8182a5,SE
01a02d9d-3aaa-7743-af9b-b04a5dd886a9,49506216,rua,Rua Isaac Antônio de Jesus,Rotary Club de Itabaiana,8d820d6b-d516-4628-8228-0e70dcaf08f5,SE
01a02d9c-e004-7268-8135-52ef772295e2,49030300,rua,Rua Isaac Correia Barreto,Farolândia,71df064f-d17f-4cf5-ad45-93ce4e8182a5,SE
01a02d9c-e9cd-7495-8d33-a1afd0424b94,49038452,rua,Rua Isaac José Rodrigues,Aeroporto,71df064f-d17f-4cf5-ad45-93ce4e8182a5,SE
01a02d9c-e9ce-7602-8bf2-a1e506586859,49040250,rua,Rua Isaac Schuster,Inácio Barbosa,71df064f-d17f-4cf5-ad45-93ce4e8182a5,SE
01a02d9d-12ee-7b48-93fd-22a9edaab9b5,49087699,rua,Rua Isabel,Santos Dumont,71df064f-d17f-4cf5-ad45-93ce4e8182a5,SE
01a02d9d-0351-7cf4-b074-41bf73d6a7c0,49067080,rua,Rua Isabel Coleta,Porto D'Antas,71df064f-d17f-4cf5-ad45-93ce4e8182a5,SE
01a02d9c-e7d6-77a3-a992-0cb16be686be,49037819,rua,Rua Isabel Dória Leite,Aeroporto,71df064f-d17f-4cf5-ad45-93ce4e8182a5,SE
01a02d9d-10fa-72fb-95ea-1fc3a8ee29c9,49087206,rua,Rua Isabel Samanara,Santos Dumont,71df064f-d17f-4cf5-ad45-93ce4e8182a5,SE
01a02d9d-3860-76c1-857a-8f1376c92784,49504370,rua,Rua Isaltina Oliveira da Silva,Marianga,8d820d6b-d516-4628-8228-0e70dcaf08f5,SE
01a02d9d-28ab-7e96-a401-d78ed1cec3bc,49047443,rua,Rua Isaías Amâncio de Jesus,Ponto Novo,71df064f-d17f-4cf5-ad45-93ce4e8182a5,SE
01a02d9d-10fa-72fb-95f9-11fb0aa160ab,49087290,rua,Rua Ismael Pereira,Santos Dumont,71df064f-d17f-4cf5-ad45-93ce4e8182a5,SE
01a02d9c-da17-7531-940c-bf440cedacad,49015110,rua,Rua Itabaiana,São José,71df064f-d17f-4cf5-ad45-93ce4e8182a5,SE
01a02d9c-d814-7c40-a25a-c2edf0e39fe0,49010170,rua,Rua Itabaiana,Centro,71df064f-d17f-4cf5-ad45-93ce4e8182a5,SE
01a02d9c-d814-7c40-a25d-f38f20c4ef58,49010190,rua,Rua Itabaianinha,Centro,71df064f-d17f-4cf5-ad45-93ce4e8182a5,SE
01a02d9c-cbc6-721d-a985-daafea3e1413,49000224,rua,Rua Itabyra Marques de Barros,Aruana,71df064f-d17f-4cf5-ad45-93ce4e8182a5,SE
01a02d9c-eda3-77a9-bf54-799d132c0e49,49042750,rua,Rua Itamar Sulz Rocha,São Conrado,71df064f-d17f-4cf5-ad45-93ce4e8182a5,SE
01a02d9c-fb6b-7d73-b2db-6775d1cb263f,49055330,rua,Rua Itaporanga,Getúlio Vargas,71df064f-d17f-4cf5-ad45-93ce4e8182a5,SE
01a02d9c-d813-7423-997b-a556738fe268,49010140,rua,Rua Itaporanga,Centro,71df064f-d17f-4cf5-ad45-93ce4e8182a5,SE
01a02d9d-3438-7f59-9a79-a06316d5d012,49503018,rua,Rua Itaporanga,Serrano,8d820d6b-d516-4628-8228-0e70dcaf08f5,SE
01a02d9d-2c77-769a-94ea-a59953217e4a,49500043,rua,Rua Itaporanga,Centro,8d820d6b-d516-4628-8228-0e70dcaf08f5,SE
01a02d9c-ebbe-7ce3-8603-d2f65477d96b,49041050,rua,Rua Ivo Gomes,Inácio Barbosa,71df064f-d17f-4cf5-ad45-93ce4e8182a5,SE
01a02d9d-4121-7623-921b-0c214f450afc,49509650,rua,Rua Izael Vieira de Jesus,Porto,8d820d6b-d516-4628-8228-0e70dcaf08f5,SE
01a02d9d-14f6-7a7e-bb37-7d53172101ec,49089297,rua,Rua J,Soledade,71df064f-d17f-4cf5-ad45-93ce4e8182a5,SE
01a02d9d-14f6-7a7e-bb2f-af2b2348716b,49089270,rua,Rua J,Soledade,71df064f-d17f-4cf5-ad45-93ce4e8182a5,SE
01a02d9d-14f6-71e6-bb1f-75a93cc2dd52,49089185,rua,Rua J,Soledade,71df064f-d17f-4cf5-ad45-93ce4e8182a5,SE
01a02d9d-2c73-7a46-9e95-19a6a54a4625,49071350,rua,Rua J,Dom Luciano,71df064f-d17f-4cf5-ad45-93ce4e8182a5,SE
01a02d9d-0744-7c65-b495-710df1c51c5a,49070819,rua,Rua J,Cidade Nova,71df064f-d17f-4cf5-ad45-93ce4e8182a5,SE
01a02d9d-0745-7d7a-b49c-fce066f34a0d,49071215,rua,Rua J,Dom Luciano,71df064f-d17f-4cf5-ad45-93ce4e8182a5,SE
01a02d9d-0745-7d7a-b4a0-946910f7c368,49071229,rua,Rua J,Dom Luciano,71df064f-d17f-4cf5-ad45-93ce4e8182a5,SE
01a02d9d-10f9-7a21-aa5b-2c31f9512836,49087149,rua,Rua J,Santos Dumont,71df064f-d17f-4cf5-ad45-93ce4e8182a5,SE
01a02d9d-28ab-75f8-a3f9-fa73e8d971e0,49043891,rua,Rua J,Santa Maria,71df064f-d17f-4cf5-ad45-93ce4e8182a5,SE
01a02d9d-24a2-7e2b-9ed0-dff1b50df5c4,49089214,rua,Rua J,Soledade,71df064f-d17f-4cf5-ad45-93ce4e8182a5,SE
01a02d9d-24a0-7e28-9b5b-70bcf21fbf96,49069246,rua,Rua J,Porto D'Antas,71df064f-d17f-4cf5-ad45-93ce4e8182a5,SE
01a02d9d-1ea3-7ec2-852b-1ea7d96b2653,49096258,rua,Rua J,Jabotiana,71df064f-d17f-4cf5-ad45-93ce4e8182a5,SE
01a02d9d-16ee-7ea5-8e54-2597ccf9b712,49090129,rua,Rua J,Bugio,71df064f-d17f-4cf5-ad45-93ce4e8182a5,SE
01a02d9d-16ee-760e-8e35-079f822cbcda,49089447,rua,Rua J,Soledade,71df064f-d17f-4cf5-ad45-93ce4e8182a5,SE
01a02d9d-16ee-760e-8e2a-7b1d847b9b59,49089406,rua,Rua J,Soledade,71df064f-d17f-4cf5-ad45-93ce4e8182a5,SE
01a02d9c-e9cc-7348-bc5d-3e03b1e1dc40,49038043,rua,Rua J,Atalaia,71df064f-d17f-4cf5-ad45-93ce4e8182a5,SE
01a02d9c-eda3-77a9-bf4f-55b2f3d3598f,49042723,rua,Rua J,São Conrado,71df064f-d17f-4cf5-ad45-93ce4e8182a5,SE
01a02d9d-2c75-7cb2-a5fb-0e762ce61075,49089347,rua,Rua J,Soledade,71df064f-d17f-4cf5-ad45-93ce4e8182a5,SE
01a02d9c-cddd-7fa1-a698-e42b293ee412,49001072,rua,Rua J,Aruana,71df064f-d17f-4cf5-ad45-93ce4e8182a5,SE
01a02d9c-cfed-7704-8ceb-a597792bbd08,49001246,rua,Rua J,Aruana,71df064f-d17f-4cf5-ad45-93ce4e8182a5,SE
01a02d9c-cfee-7020-b48f-54148cc74001,49001288,rua,Rua J,Aruana,71df064f-d17f-4cf5-ad45-93ce4e8182a5,SE
01a02d9c-d429-78f1-ab09-a3d39afb8e42,49005122,rua,Rua J,Zona de Expansão (Robalo),71df064f-d17f-4cf5-ad45-93ce4e8182a5,SE
01a02d9c-d61c-75c9-ba19-8f5a99737986,49008357,rua,Rua J,Zona de Expansão (Mosqueiro),71df064f-d17f-4cf5-ad45-93ce4e8182a5,SE
01a02d9c-d61d-75ce-9741-b99dfa36f0d0,49008420,rua,Rua J,Zona de Expansão (Mosqueiro),71df064f-d17f-4cf5-ad45-93ce4e8182a5,SE
01a02d9c-eda3-77a9-bf50-8edf75c5e18e,49042726,rua,Rua JA,São Conrado,71df064f-d17f-4cf5-ad45-93ce4e8182a5,SE
01a02d9c-eda3-77a9-bf51-9e69d0f2a6b5,49042729,rua,Rua JE,São Conrado,71df064f-d17f-4cf5-ad45-93ce4e8182a5,SE
01a02d9c-ebbf-7e0b-9b10-ef34b8eef2f9,49042063,rua,Rua JN,São Conrado,71df064f-d17f-4cf5-ad45-93ce4e8182a5,SE
01a02d9c-ef91-7eae-912e-e3d7cd630dcc,49043233,rua,Rua JR,São Conrado,71df064f-d17f-4cf5-ad45-93ce4e8182a5,SE
01a02d9d-2a92-7d5b-95f7-684061d52d9c,49071075,rua,Rua Jaci Oliveira dos Reis,Dom Luciano,71df064f-d17f-4cf5-ad45-93ce4e8182a5,SE
01a02d9c-ddf6-745c-a33f-539f64f185c2,49026160,rua,Rua Jacinto Uchoa de Mendonça,Grageru,71df064f-d17f-4cf5-ad45-93ce4e8182a5,SE
01a02d9d-1ac1-7870-9d7c-cd4c1cf147f2,49092591,rua,Rua Jacira Maria da Conceição Alves,Olaria,71df064f-d17f-4cf5-ad45-93ce4e8182a5,SE
01a02d9d-14f6-71e6-bb20-6b3aedf9085f,49089188,rua,Rua Jackson Barreto,Soledade,71df064f-d17f-4cf5-ad45-93ce4e8182a5,SE
01a02d9d-10fa-72fb-95fc-1546d3498fa9,49087300,rua,Rua Jackson Figueiredo,Santos Dumont,71df064f-d17f-4cf5-ad45-93ce4e8182a5,SE
01a02d9d-2c77-7f0f-94ef-cf8ca0bdcc3e,49500058,rua,Rua Jackson de Figueiredo,Centro,8d820d6b-d516-4628-8228-0e70dcaf08f5,SE
01a02d9c-d206-7aa1-b381-ad66515fc6b0,49003382,rua,Rua Jackson de Figueiredo Martins,17 de Março,71df064f-d17f-4cf5-ad45-93ce4e8182a5,SE
01a02d9d-209d-7771-ba9e-52369f4b33f3,49320973,rua,"Rua Jackson de Figueiredo, s/n",Centro,fb3f689a-e41b-4907-900b-69f61ab50d58,SE
01a02d9d-323a-7366-8138-ca85d3102d62,49501390,rua,Rua Jaconias Ferreira de Lima,Bananeiras,8d820d6b-d516-4628-8228-0e70dcaf08f5,SE
01a02d9d-18d5-7f7e-9b33-fc93f61f9a86,49090630,rua,Rua Jacy Andrade de Jesus,Bugio,71df064f-d17f-4cf5-ad45-93ce4e8182a5,SE
01a02d9d-3439-7f6f-8abd-78179d08d4dd,49503117,rua,Rua Jailton Andrade Machado,Serrano,8d820d6b-d516-4628-8228-0e70dcaf08f5,SE
01a02d9d-4123-7039-8e40-602655afdf5d,49509880,rua,Rua Jailton de Melo Rezende,Porto,8d820d6b-d516-4628-8228-0e70dcaf08f5,SE
01a02d9c-eda2-7f95-9c0d-3f807809f04f,49042505,rua,Rua Jaime Araújo,São Conrado,71df064f-d17f-4cf5-ad45-93ce4e8182a5,SE
01a02d9d-3aa7-7bdf-876c-1e52f964cbd6,49505123,rua,Rua Jaime Francisco dos Santos,Miguel Teles de Mendonça,8d820d6b-d516-4628-8228-0e70dcaf08f5,SE
01a02d9d-16ef-7744-b45b-b1b8b3767bf3,49090266,rua,Rua Jaime José dos Santos,Bugio,71df064f-d17f-4cf5-ad45-93ce4e8182a5,SE
01a02d9d-10fa-7b93-95ff-7507465ff104,49087310,rua,Rua Jaime Paulo,Santos Dumont,71df064f-d17f-4cf5-ad45-93ce4e8182a5,SE
01a02d9c-e5f2-7389-98c4-f5932ae08b39,49037290,rua,Rua Jaime de Souza Lima,Aeroporto,71df064f-d17f-4cf5-ad45-93ce4e8182a5,SE
01a02d9c-eda2-7f95-9c08-4c633cb6df2e,49042480,rua,Rua Jairo Andrade Macedo,São Conrado,71df064f-d17f-4cf5-ad45-93ce4e8182a5,SE
01a02d9d-1ea3-7ec2-851b-508cca952610,49096135,rua,Rua Jairo Piassá Fernandes,Jabotiana,71df064f-d17f-4cf5-ad45-93ce4e8182a5,SE
01a02d9d-14f6-71e6-bb21-de3ccbf310da,49089191,rua,Rua Jamisson Silva,Soledade,71df064f-d17f-4cf5-ad45-93ce4e8182a5,SE
01a02d9c-d61b-75e8-9a6f-7ba6fba74163,49008262,rua,Rua Jamisson de Oliveira,Zona de Expansão (Mosqueiro),71df064f-d17f-4cf5-ad45-93ce4e8182a5,SE
01a02d9d-10fa-7b93-9600-a382d2e1f28a,49087320,rua,Rua Jane Bonfim,Santos Dumont,71df064f-d17f-4cf5-ad45-93ce4e8182a5,SE
01a02d9c-e005-7461-8bbd-0fc1b72d9c42,49030410,rua,Rua Janete Brandão,Farolândia,71df064f-d17f-4cf5-ad45-93ce4e8182a5,SE
01a02d9d-0932-7bae-b0fb-8775aa760b67,49072350,rua,Rua Jansen Melo,Dezoito do Forte,71df064f-d17f-4cf5-ad45-93ce4e8182a5,SE
01a02d9c-fd61-77c5-a82e-487c5f6da917,49060300,rua,Rua Japaratuba,Santo Antônio,71df064f-d17f-4cf5-ad45-93ce4e8182a5,SE
01a02d9c-f94b-72d4-8729-1949e5dd6cf1,49050390,rua,Rua Japoatã,Suíssa,71df064f-d17f-4cf5-ad45-93ce4e8182a5,SE
01a02d9c-e1ff-743f-b158-3c5ba7d6ae31,49031400,rua,Rua Jardel Anderson Machado dos Santos,Farolândia,71df064f-d17f-4cf5-ad45-93ce4e8182a5,SE
01a02d9d-1cb8-74ef-96d4-5cfe3f770c15,49095780,rua,Rua Jasiel de Brito Côrtes,Jabotiana,71df064f-d17f-4cf5-ad45-93ce4e8182a5,SE
01a02d9c-cfee-7020-b487-777488140ea9,49001261,rua,Rua Jason dos Santos,Aruana,71df064f-d17f-4cf5-ad45-93ce4e8182a5,SE
01a02d9d-4123-78e5-8e4d-d4fd32e015c0,49510135,rua,Rua Jean Carlos Santos Lima,Porto,8d820d6b-d516-4628-8228-0e70dcaf08f5,SE
01a02d9d-18d5-7f7e-9b3c-82b285c7df05,49090750,rua,Rua Jehovah Ribeiro Couto,Jardim Centenário,71df064f-d17f-4cf5-ad45-93ce4e8182a5,SE
01a02d9d-0350-7bb7-9f5d-aa937062ef5d,49066030,rua,Rua Jeilson dos Santos,Industrial,71df064f-d17f-4cf5-ad45-93ce4e8182a5,SE
01a02d9c-ddf6-745c-a343-0e239c3452d2,49026200,rua,Rua Jenner Augusto,Jardins,71df064f-d17f-4cf5-ad45-93ce4e8182a5,SE
01a02d9c-f19b-762b-a1cf-de800a043840,49043835,rua,Rua Jequitibá,Santa Maria,71df064f-d17f-4cf5-ad45-93ce4e8182a5,SE
01a02d9d-0550-7b9d-89b1-eaeaa1b175c1,49069078,rua,Rua Jerusalém,Porto D'Antas,71df064f-d17f-4cf5-ad45-93ce4e8182a5,SE
01a02d9d-1abf-7e9d-b0bc-b671f3e85b62,49092160,rua,Rua Jerusalém,Olaria,71df064f-d17f-4cf5-ad45-93ce4e8182a5,SE
01a02d9d-3f00-7855-9ae4-1a6fc208efb0,49507805,rua,Rua Jerônimo Faria,Oviedo Teixeira,8d820d6b-d516-4628-8228-0e70dcaf08f5,SE
01a02d9c-f94a-719e-9919-c6bca9d005b5,49048400,rua,Rua Jessé Pereira Nunes,Luzia,71df064f-d17f-4cf5-ad45-93ce4e8182a5,SE
01a02d9c-ff48-7f69-9d25-36b1dd3c78ea,49061097,rua,Rua Joaldo Silva,Santo Antônio,71df064f-d17f-4cf5-ad45-93ce4e8182a5,SE
01a02d9d-1ac2-70e0-a653-6a1d26ec2cc9,49092672,rua,Rua Joana Calixta dos Santos Fontes,Olaria,71df064f-d17f-4cf5-ad45-93ce4e8182a5,SE
01a02d9c-d42a-719c-a95e-887c4ef3d749,49007003,rua,Rua Joana Leal,Zona de Expansão (Areia Branca),71df064f-d17f-4cf5-ad45-93ce4e8182a5,SE
01a02d9d-18d7-70ae-8e3c-738e945decac,49092040,rua,Rua Joana Maria dos Prazeres,Olaria,71df064f-d17f-4cf5-ad45-93ce4e8182a5,SE
01a02d9d-2e64-7a5b-948f-5164077fc43a,49500418,rua,Rua Joana Perpetua Cunha,São Cristóvão,8d820d6b-d516-4628-8228-0e70dcaf08f5,SE
01a02d9d-0145-7b2d-ae2f-829252da0128,49065440,rua,Rua Joana Ribeiro,Industrial,71df064f-d17f-4cf5-ad45-93ce4e8182a5,SE
01a02d9d-323a-7ce1-8145-4fbb01d39c6b,49501595,rua,Rua Joana da Anunciação Borges,Bananeiras,8d820d6b-d516-4628-8228-0e70dcaf08f5,SE
01a02d9d-1abf-7e9d-b0b9-e0d43a94250c,49092130,rua,Rua Joana de Angelis,Olaria,71df064f-d17f-4cf5-ad45-93ce4e8182a5,SE
01a02d9c-e9ce-7602-8bf3-6188bcfed962,49040260,rua,Rua Joana de Souza Bonfim,Inácio Barbosa,71df064f-d17f-4cf5-ad45-93ce4e8182a5,SE
01a02d9c-e1fd-7a28-8c4c-17a6823d2955,49030839,rua,Rua Joana dos Santos Aragão,Farolândia,71df064f-d17f-4cf5-ad45-93ce4e8182a5,SE
01a02d9c-cfee-7020-b491-2cd3450bfbec,49001320,rua,Rua Joaquim Batista Pacheco,Aruana,71df064f-d17f-4cf5-ad45-93ce4e8182a5,SE
01a02d9c-eda1-7f9a-bf14-11111c0873a3,49042325,rua,Rua Joaquim Dias da Silva,São Conrado,71df064f-d17f-4cf5-ad45-93ce4e8182a5,SE
01a02d9c-dc0a-7b31-a95a-470a325f121c,49020130,rua,Rua Joaquim Góes,Treze de Julho,71df064f-d17f-4cf5-ad45-93ce4e8182a5,SE
01a02d9c-e201-7faf-abcb-4d39b65aee31,49032303,rua,Rua Joaquim Lins de Andrade,Farolândia,71df064f-d17f-4cf5-ad45-93ce4e8182a5,SE
01a02d9c-e3fd-7623-b62f-95bf669bb912,49032460,rua,Rua Joaquim Soares Bezerra,Farolândia,71df064f-d17f-4cf5-ad45-93ce4e8182a5,SE
01a02d9c-d206-7aa1-b383-9b54e137ac4a,49003388,rua,Rua Joaquim do Prado Sampaio Leite,17 de Março,71df064f-d17f-4cf5-ad45-93ce4e8182a5,SE
01a02d9d-3f02-7289-bada-594cd2eb0e5e,49509012,rua,Rua Joel Venceslau de Souza,Mamede Paes Mendonça,8d820d6b-d516-4628-8228-0e70dcaf08f5,SE
01a02d9d-10fa-7b93-9602-1a288d63e60f,49087350,rua,Rua Jonaldo Bonfim,Santos Dumont,71df064f-d17f-4cf5-ad45-93ce4e8182a5,SE
01a02d9c-d813-7423-9962-72b0b76f218f,49009034,rua,Rua Jonas Soares Reis,Zona de Expansão (Mosqueiro),71df064f-d17f-4cf5-ad45-93ce4e8182a5,SE
01a02d9c-e5f2-7c46-98ca-e439d5f7fc5d,49037330,rua,Rua Jordão de Oliveira,Atalaia,71df064f-d17f-4cf5-ad45-93ce4e8182a5,SE
01a02d9d-3624-7ba9-9202-c6b818796169,49503671,rua,Rua Jorge Americano Rêgo,Anízio Amancio de Oliveira,8d820d6b-d516-4628-8228-0e70dcaf08f5,SE
01a02d9d-0352-759b-b6f2-d37fca4bf764,49067090,rua,Rua Jorge Henrique da Silva,Porto D'Antas,71df064f-d17f-4cf5-ad45-93ce4e8182a5,SE
01a02d9d-1abf-7e9d-b0be-e533e0732cfa,49092170,rua,Rua Jorge Joaquim Santana,Olaria,71df064f-d17f-4cf5-ad45-93ce4e8182a5,SE
01a02d9d-0743-7b6e-9faa-8fa0fb3aa809,49070480,rua,Rua Jorge Luiz de Almeida Gois,Cidade Nova,71df064f-d17f-4cf5-ad45-93ce4e8182a5,SE
01a02d9c-cddd-772b-a690-d6c70d50a75a,49001045,rua,Rua Jorge Mangueira Lobão,Aruana,71df064f-d17f-4cf5-ad45-93ce4e8182a5,SE
01a02d9c-dc0a-7b31-a95b-bc3ccd084c1d,49020140,rua,Rua Jorge Pereira Porto,Salgado Filho,71df064f-d17f-4cf5-ad45-93ce4e8182a5,SE
01a02d9c-eda1-7f9a-bf23-9cebbec845fa,49042430,rua,Rua Jorge Ramos da Silva,São Conrado,71df064f-d17f-4cf5-ad45-93ce4e8182a5,SE
01a02d9c-e1fe-7b93-b66d-bce891cf6d59,49031230,rua,Rua Jorge dos Santos Mendonça,Farolândia,71df064f-d17f-4cf5-ad45-93ce4e8182a5,SE
01a02d9c-e9cc-7bdb-bc63-9f46871b98b6,49038110,rua,Rua Jorgeval Francisco dos Santos,Atalaia,71df064f-d17f-4cf5-ad45-93ce4e8182a5,SE
01a02d9c-e005-7d15-8bd0-b5128fdfbc47,49030549,rua,Rua Jornaleiro Gervásio dos Santos,Farolândia,71df064f-d17f-4cf5-ad45-93ce4e8182a5,SE
01a02d9d-0f0f-7b41-b267-6bc7f82b0f30,49085045,rua,Rua Jornalista Amphiloquio do Vale Filho,José Conrado de Araújo,71df064f-d17f-4cf5-ad45-93ce4e8182a5,SE
01a02d9d-16ef-7fec-b467-2d60613aad25,49090320,rua,Rua Jornalista Antônio Carlos Mendonça,Bugio,71df064f-d17f-4cf5-ad45-93ce4e8182a5,SE
01a02d9c-f752-7be7-82d3-ba36ddf74e88,49045360,rua,Rua Jornalista Deolindo Nascimento,Luzia,71df064f-d17f-4cf5-ad45-93ce4e8182a5,SE
01a02d9c-f752-7be7-82d4-c9c9d7255322,49045370,rua,Rua Jornalista Evandro Barros,Luzia,71df064f-d17f-4cf5-ad45-93ce4e8182a5,SE
01a02d9c-e7d7-700e-a25d-a55ad6e819fe,49037856,rua,Rua Jornalista Fernando Souza,Aeroporto,71df064f-d17f-4cf5-ad45-93ce4e8182a5,SE
01a02d9c-ebbe-7452-85e3-b9f7464f797c,49040643,rua,Rua Jornalista Fernando Sávio,Inácio Barbosa,71df064f-d17f-4cf5-ad45-93ce4e8182a5,SE
01a02d9c-e7d5-7f0d-909f-033c95d1ca53,49037603,rua,Rua Jornalista José Eugênio de Jesus,Aeroporto,71df064f-d17f-4cf5-ad45-93ce4e8182a5,SE
01a02d9c-e3ff-7873-8187-c1bf8aae2051,49035430,rua,Rua Jornalista João Batista de Sant'Anna,Coroa do Meio,71df064f-d17f-4cf5-ad45-93ce4e8182a5,SE
01a02d9c-e3fd-7eb0-b63f-446ac692ce1d,49035030,rua,Rua Jornalista João Moreira,Atalaia,71df064f-d17f-4cf5-ad45-93ce4e8182a5,SE
01a02d9c-f574-7bf3-a6a8-89c4b0d8a7e4,49045253,rua,Rua Jornalista João de Menezes Barros Filho,Luzia,71df064f-d17f-4cf5-ad45-93ce4e8182a5,SE
01a02d9c-eda1-7f9a-bf1f-83a0f4883ffd,49042420,rua,Rua Jornalista Luiz Trindade,São Conrado,71df064f-d17f-4cf5-ad45-93ce4e8182a5,SE
01a02d9c-e5f2-7c46-98cb-b3add2b4189d,49037340,rua,Rua Jornalista Paulo Costa,Atalaia,71df064f-d17f-4cf5-ad45-93ce4e8182a5,SE
01a02d9c-f94b-72d4-872c-25824e18882e,49050440,rua,Rua Jornalista Raimundo Almeida,Pereira Lobo,71df064f-d17f-4cf5-ad45-93ce4e8182a5,SE
01a02d9d-1cb7-7c6f-becd-a72b7ea8bf06,49095540,rua,Rua Josadack Albuquerque,Jabotiana,71df064f-d17f-4cf5-ad45-93ce4e8182a5,SE
01a02d9c-f754-75e6-9df8-13f66bf080c0,49045790,rua,Rua Josafá Simões Mariu,Luzia,71df064f-d17f-4cf5-ad45-93ce4e8182a5,SE
01a02d9d-305a-7e56-8efd-c1222c67499b,49500457,rua,Rua Josefa Adalula Noronha,São Cristóvão,8d820d6b-d516-4628-8228-0e70dcaf08f5,SE
01a02d9d-3cbd-7399-baae-0b905a08cf4e,49506722,rua,Rua Josefa Alves dos Santos,Doutor José Milton Machado,8d820d6b-d516-4628-8228-0e70dcaf08f5,SE
01a02d9c-cddb-7de0-8dbd-52cc90e0a9f2,49000777,rua,Rua Josefa Alvina de Almeida Siqueira,Aruana,71df064f-d17f-4cf5-ad45-93ce4e8182a5,SE
01a02d9d-305c-7827-b06b-bec659d20aba,49500876,rua,Rua Josefa Arinda de Oliveira,São Cristóvão,8d820d6b-d516-4628-8228-0e70dcaf08f5,SE
01a02d9d-3f01-799d-856b-4cf98f25008f,49508181,rua,Rua Josefa Bispo de Santana,Oviedo Teixeira,8d820d6b-d516-4628-8228-0e70dcaf08f5,SE
01a02d9d-343b-7f7d-a388-ccc5bef1a7d7,49503387,rua,Rua Josefa Carvalho,Anízio Amancio de Oliveira,8d820d6b-d516-4628-8228-0e70dcaf08f5,SE
01a02d9d-3aab-7022-8e00-5fbf68e21b50,49506291,rua,Rua Josefa Cipriano de Carvalho,Rotary Club de Itabaiana,8d820d6b-d516-4628-8228-0e70dcaf08f5,SE
01a02d9d-3cbd-7399-bab1-dc5315d99e97,49506731,rua,Rua Josefa Cordélia de Góis,Doutor José Milton Machado,8d820d6b-d516-4628-8228-0e70dcaf08f5,SE
01a02d9d-2e63-78f6-b365-075d0527874b,49500163,rua,Rua Josefa Gomes de Santana,Centro,8d820d6b-d516-4628-8228-0e70dcaf08f5,SE
01a02d9d-305d-70c5-8c6d-6545f7e2c980,49501106,rua,Rua Josefa Maria dos Santos,São Cristóvão,8d820d6b-d516-4628-8228-0e70dcaf08f5,SE
01a02d9c-e1ff-743f-b157-1df85ef9f7f5,49031350,rua,Rua Josefa Marinez Leite de Oliveira,Farolândia,71df064f-d17f-4cf5-ad45-93ce4e8182a5,SE
01a02d9d-3861-7807-bf90-25df0c30c6b6,49505103,rua,Rua Josefa Maximina dos Santos,Miguel Teles de Mendonça,8d820d6b-d516-4628-8228-0e70dcaf08f5,SE
01a02d9d-3f00-7855-9add-08157f3f6e62,49507770,rua,Rua Josefa Santana Monteiro,Oviedo Teixeira,8d820d6b-d516-4628-8228-0e70dcaf08f5,SE
01a02d9d-4124-7191-838d-91f691da4cf0,49510185,rua,Rua Josefa Santos Santana,Porto,8d820d6b-d516-4628-8228-0e70dcaf08f5,SE
01a02d9d-3622-78a8-935e-2306fb65d69b,49503480,rua,Rua Josefa Vieira dos Santos,Anízio Amancio de Oliveira,8d820d6b-d516-4628-8228-0e70dcaf08f5,SE
01a02d9d-385e-73f3-b529-615dc6130076,49504009,rua,Rua Josefa Vieira dos Santos,Marianga,8d820d6b-d516-4628-8228-0e70dcaf08f5,SE
01a02d9d-2e64-7a5b-9482-a7bc9668e6db,49500347,rua,Rua Josefa Vieira dos Santos,São Cristóvão,8d820d6b-d516-4628-8228-0e70dcaf08f5,SE
01a02d9c-ff48-76d1-9d07-435c3a346d87,49060706,rua,Rua Josefina Fagundes Pereira,Palestina,71df064f-d17f-4cf5-ad45-93ce4e8182a5,SE
01a02d9d-26a0-761d-91e2-f7f9e9f537d4,49007268,rua,Rua Josefina Leite,Zona de Expansão (Areia Branca),71df064f-d17f-4cf5-ad45-93ce4e8182a5,SE
01a02d9d-1cb8-74ef-96d6-0718bf495fcc,49095786,rua,Rua Josefina Ribeiro de Carvalho,Jabotiana,71df064f-d17f-4cf5-ad45-93ce4e8182a5,SE
01a02d9d-0143-7fcd-a5c2-cfdfdc9b7c44,49065060,rua,Rua Josefina da Conceição Cruz,Industrial,71df064f-d17f-4cf5-ad45-93ce4e8182a5,SE
01a02d9d-3f01-799d-8563-7be91a9fbfbb,49508157,rua,Rua Joselito Santana,Oviedo Teixeira,8d820d6b-d516-4628-8228-0e70dcaf08f5,SE
01a02d9c-d42a-719c-a96c-1d146a87d259,49007110,rua,Rua Joseph Delano,Zona de Expansão (Areia Branca),71df064f-d17f-4cf5-ad45-93ce4e8182a5,SE
01a02d9d-3623-7b7e-a126-c0684be9dccc,49503635,rua,Rua Josepha Melo Novaes,Anízio Amancio de Oliveira,8d820d6b-d516-4628-8228-0e70dcaf08f5,SE
01a02d9d-14f5-7946-bb3e-cc817a51c4ea,49089043,rua,Rua Josepha Santos,Soledade,71df064f-d17f-4cf5-ad45-93ce4e8182a5,SE
01a02d9d-4320-7220-a3a1-99ad0bab3673,49511510,rua,Rua Josias,Queimadas,8d820d6b-d516-4628-8228-0e70dcaf08f5,SE
01a02d9d-4123-78e5-8e54-0970e085e53e,49510170,rua,Rua Josias Costa,Porto,8d820d6b-d516-4628-8228-0e70dcaf08f5,SE
01a02d9c-e3ff-7873-818c-1b0064107fc8,49035480,rua,Rua Josias Vieira Dantas,Coroa do Meio,71df064f-d17f-4cf5-ad45-93ce4e8182a5,SE
01a02d9d-4120-74d5-9941-491ac899a759,49509218,rua,Rua Josias da Silva Nunes,Mamede Paes Mendonça,8d820d6b-d516-4628-8228-0e70dcaf08f5,SE
01a02d9d-4320-7220-a3a7-37cb8cc56b13,49511595,rua,Rua Josias de Souza,Queimadas,8d820d6b-d516-4628-8228-0e70dcaf08f5,SE
01a02d9d-3cbe-751c-8dcc-056ade1ca569,49507520,rua,Rua Josina Epfania de Oliveira,Oviedo Teixeira,8d820d6b-d516-4628-8228-0e70dcaf08f5,SE
01a02d9c-f755-771f-a98a-cca9322eba69,49047210,rua,Rua Josino Menezes,Ponto Novo,71df064f-d17f-4cf5-ad45-93ce4e8182a5,SE
01a02d9d-3861-7807-bf8c-9730f888f71d,49505085,rua,Rua Josival Nunes dos Santos,Miguel Teles de Mendonça,8d820d6b-d516-4628-8228-0e70dcaf08f5,SE
01a02d9d-4124-7a39-839b-4f0d7c5e54d3,49510550,rua,Rua Josivaldo dos Santos,Riacho Doce,8d820d6b-d516-4628-8228-0e70dcaf08f5,SE
01a02d9d-343a-7f6e-add3-d8d86a46130d,49503235,rua,Rua Josué Passos,Serrano,8d820d6b-d516-4628-8228-0e70dcaf08f5,SE
01a02d9c-e3ff-7873-818d-6a6ad518bfcd,49035490,rua,Rua Josué de Carvalho Cunha,Coroa do Meio,71df064f-d17f-4cf5-ad45-93ce4e8182a5,SE
01a02d9c-eda2-7f95-9c05-90da46717245,49042455,rua,Rua Josué de Carvalho Cunha,São Conrado,71df064f-d17f-4cf5-ad45-93ce4e8182a5,SE
01a02d9d-3cbe-751c-8dcb-4b9920b5abab,49507515,rua,Rua Josué de Jesus Oliveira,Oviedo Teixeira,8d820d6b-d516-4628-8228-0e70dcaf08f5,SE
01a02d9d-305d-70c5-8c78-00fb84d2bfae,49501139,rua,Rua José Abraão,São Cristóvão,8d820d6b-d516-4628-8228-0e70dcaf08f5,SE
01a02d9d-323a-7366-813c-43c7f7c286b9,49501550,rua,Rua José Adalberto de Menezes,Bananeiras,8d820d6b-d516-4628-8228-0e70dcaf08f5,SE
01a02d9d-3624-7ba9-91f9-8534b31a3eae,49503644,rua,Rua José Ademar de Carvalho Sobrinho,Anízio Amancio de Oliveira,8d820d6b-d516-4628-8228-0e70dcaf08f5,SE
01a02d9d-18d7-70ae-8e3e-64affa772925,49092060,rua,Rua José Adriano dos Santos,Olaria,71df064f-d17f-4cf5-ad45-93ce4e8182a5,SE
01a02d9d-4124-7a39-8397-0f7dcb6ddbe1,49510530,rua,Rua José Airton Fraga Rocha,Riacho Doce,8d820d6b-d516-4628-8228-0e70dcaf08f5,SE
01a02d9d-323c-7f76-967d-f6812ebeeb53,49502112,rua,Rua José Almeida Santos,Marcela,8d820d6b-d516-4628-8228-0e70dcaf08f5,SE
01a02d9d-0933-741f-97bb-b1da488be44d,49072420,rua,Rua José Almeida de Souza,Dezoito do Forte,71df064f-d17f-4cf5-ad45-93ce4e8182a5,SE
01a02d9c-d812-73f5-bba7-59fcf3d617fc,49008575,rua,Rua José Almerindo dos Santos,Zona de Expansão (Mosqueiro),71df064f-d17f-4cf5-ad45-93ce4e8182a5,SE
01a02d9c-ef92-7777-9c32-5d1bcfa87bfa,49043290,rua,Rua José Almicar de Azevedo,São Conrado,71df064f-d17f-4cf5-ad45-93ce4e8182a5,SE
01a02d9c-e005-7461-8bc4-9929ef879777,49030460,rua,Rua José Alves Pereira,Farolândia,71df064f-d17f-4cf5-ad45-93ce4e8182a5,SE
01a02d9c-d619-7cb4-ac2e-530cc480b7be,49008024,rua,Rua José Alves Pinto Sobrinho,Zona de Expansão (Mosqueiro),71df064f-d17f-4cf5-ad45-93ce4e8182a5,SE
01a02d9d-10fa-72fb-95e4-fe888677eb8a,49087173,rua,Rua José Alves Santos,Santos Dumont,71df064f-d17f-4cf5-ad45-93ce4e8182a5,SE
01a02d9d-18d5-76cf-9b20-16fb5ad57765,49090510,rua,Rua José Alves Santos,Bugio,71df064f-d17f-4cf5-ad45-93ce4e8182a5,SE
01a02d9c-f752-7be7-82d7-ed8bf368c592,49045380,rua,Rua José Alves das Neves,Luzia,71df064f-d17f-4cf5-ad45-93ce4e8182a5,SE
01a02d9d-2c77-7f0f-94f0-228ef2b3eb91,49500061,rua,Rua José Alves de Lima,Centro,8d820d6b-d516-4628-8228-0e70dcaf08f5,SE
01a02d9d-343b-7f7d-a387-cc176ea3a35b,49503384,rua,Rua José Alves de Menezes,Anízio Amancio de Oliveira,8d820d6b-d516-4628-8228-0e70dcaf08f5,SE
01a02d9d-323a-7ce1-8140-89e4ff11867d,49501570,rua,Rua José Alves de Oliveira,Bananeiras,8d820d6b-d516-4628-8228-0e70dcaf08f5,SE
01a02d9d-4320-7220-a39a-3eb5eb095cfa,49511370,rua,Rua José Alves dos Santos,Queimadas,8d820d6b-d516-4628-8228-0e70dcaf08f5,SE
01a02d9d-323d-7823-b7e2-e79f3cf238ef,49502249,rua,Rua José Américo Santana,Marcela,8d820d6b-d516-4628-8228-0e70dcaf08f5,SE
01a02d9d-3f01-799d-8568-8d82205b28a7,49508172,rua,Rua José Américo de Jesus,Oviedo Teixeira,8d820d6b-d516-4628-8228-0e70dcaf08f5,SE
01a02d9c-fd60-768e-adf1-bceb1c18559a,49060105,rua,Rua José Andrade Filho,Santo Antônio,71df064f-d17f-4cf5-ad45-93ce4e8182a5,SE
01a02d9d-4123-7039-8e49-e6050ef7ef7f,49510115,rua,Rua José Antonio Moura,Porto,8d820d6b-d516-4628-8228-0e70dcaf08f5,SE
01a02d9d-323a-7ce1-8147-cc4ce41591b9,49501605,rua,Rua José Antonio de Jesus,Bananeiras,8d820d6b-d516-4628-8228-0e70dcaf08f5,SE
01a02d9d-3f01-70fa-854f-39c4515adb5c,49507830,rua,Rua José Antonio de Santana,Oviedo Teixeira,8d820d6b-d516-4628-8228-0e70dcaf08f5,SE
01a02d9d-2e65-7309-a81e-63409360929b,49500421,rua,Rua José Antonio dos Santos,São Cristóvão,8d820d6b-d516-4628-8228-0e70dcaf08f5,SE
01a02d9c-eda1-7f9a-bf00-aefacbb479ad,49042207,rua,Rua José Antônio Barros da Silva,São Conrado,71df064f-d17f-4cf5-ad45-93ce4e8182a5,SE
01a02d9d-3860-76c1-8577-c2779a32f3ca,49504361,rua,Rua José Antônio Rodrigues Santos,Marianga,8d820d6b-d516-4628-8228-0e70dcaf08f5,SE
01a02d9d-0352-759b-b6f3-79c05d0451f9,49067100,rua,Rua José Antônio dos Santos,Porto D'Antas,71df064f-d17f-4cf5-ad45-93ce4e8182a5,SE
01a02d9c-fb69-7a00-8c0b-5f902d1b048e,49052020,rua,Rua José Apóstolo de Oliveira Neto,Pereira Lobo,71df064f-d17f-4cf5-ad45-93ce4e8182a5,SE
01a02d9d-4122-7784-925b-098f7ddf9f94,49509795,rua,Rua José Araújo Ferreira Junior,Porto,8d820d6b-d516-4628-8228-0e70dcaf08f5,SE
01a02d9d-4120-74d5-993f-287e4e4c2bab,49509212,rua,Rua José Araújo Ferreira Junior,Mamede Paes Mendonça,8d820d6b-d516-4628-8228-0e70dcaf08f5,SE
01a02d9c-eda1-7f9a-bf0a-b99c12fef2d8,49042250,rua,Rua José Araújo Neto,São Conrado,71df064f-d17f-4cf5-ad45-93ce4e8182a5,SE
01a02d9c-e7d6-77a3-a98e-9df6455f68c6,49037780,rua,Rua José Argemiro Reis,Atalaia,71df064f-d17f-4cf5-ad45-93ce4e8182a5,SE
01a02d9d-18d6-7818-a951-61ee0ca34df0,49090810,rua,Rua José Armando Costa,Bugio,71df064f-d17f-4cf5-ad45-93ce4e8182a5,SE
01a02d9d-3623-717c-a0fe-6ad7a3641d30,49503513,rua,Rua José Assis de Góis,Anízio Amancio de Oliveira,8d820d6b-d516-4628-8228-0e70dcaf08f5,SE
01a02d9d-4121-7623-9219-274ad3e84553,49509644,rua,Rua José Augusto Araújo,Porto,8d820d6b-d516-4628-8228-0e70dcaf08f5,SE
01a02d9c-e005-7461-8bc5-c0be42e13eef,49030470,rua,Rua José Augusto Costa,Farolândia,71df064f-d17f-4cf5-ad45-93ce4e8182a5,SE
01a02d9c-e1fd-7a28-8c50-9021436ce6f4,49031020,rua,Rua José Augusto dos Santos,Farolândia,71df064f-d17f-4cf5-ad45-93ce4e8182a5,SE
01a02d9d-3f01-70fa-854d-346e6b65a5d9,49507820,rua,Rua José Augusto dos Santos,Oviedo Teixeira,8d820d6b-d516-4628-8228-0e70dcaf08f5,SE
01a02d9d-3439-7f6f-8ad0-eac64e88fb17,49503174,rua,Rua José Auto de Oliveira,Serrano,8d820d6b-d516-4628-8228-0e70dcaf08f5,SE
01a02d9c-eda1-7f9a-bf09-bac0efabe9c0,49042240,rua,Rua José Aílton de Souza,São Conrado,71df064f-d17f-4cf5-ad45-93ce4e8182a5,SE
01a02d9d-18d4-7e38-ad83-1c80c15c307c,49090400,rua,Rua José Barbosa de Carvalho,Bugio,71df064f-d17f-4cf5-ad45-93ce4e8182a5,SE
01a02d9d-3f01-70fa-8562-958295e8e995,49508154,rua,Rua José Barbosa de Mendonça,Oviedo Teixeira,8d820d6b-d516-4628-8228-0e70dcaf08f5,SE
01a02d9c-e7d5-7f0d-90a7-14e141137770,49037659,rua,Rua José Barreto Fontes,Aeroporto,71df064f-d17f-4cf5-ad45-93ce4e8182a5,SE
01a02d9c-eda3-77a9-bf44-01dd91711b84,49042660,rua,Rua José Batalha de Góes,São Conrado,71df064f-d17f-4cf5-ad45-93ce4e8182a5,SE
01a02d9d-0143-7fcd-a5ca-7e2b3fffa99e,49065123,rua,Rua José Batista Filho,Industrial,71df064f-d17f-4cf5-ad45-93ce4e8182a5,SE
01a02d9d-3cbe-751c-8dce-762bcd444ccc,49507530,rua,Rua José Belo Araújo,Oviedo Teixeira,8d820d6b-d516-4628-8228-0e70dcaf08f5,SE
01a02d9d-1cb8-7dd1-96e0-682949061632,49095836,rua,Rua José Bezerra Nascimento,Jabotiana,71df064f-d17f-4cf5-ad45-93ce4e8182a5,SE
01a02d9d-4120-7d78-994b-79aa61fb1e98,49509605,rua,Rua José Bispo de Góis,Porto,8d820d6b-d516-4628-8228-0e70dcaf08f5,SE
01a02d9d-323c-76ae-966d-724b2a2cd292,49502058,rua,Rua José Bispo de Mecenas,Marcela,8d820d6b-d516-4628-8228-0e70dcaf08f5,SE
01a02d9d-4124-7a39-839e-94f91b88665f,49510565,rua,Rua José Bispo de Souza,Riacho Doce,8d820d6b-d516-4628-8228-0e70dcaf08f5,SE
01a02d9d-323c-7f76-9686-25220654c59f,49502145,rua,Rua José Bispo dos Santos,Marcela,8d820d6b-d516-4628-8228-0e70dcaf08f5,SE
01a02d9d-305b-7f8f-b890-23ce4bd238db,49500630,rua,Rua José Braz Santos Oliveira,São Cristóvão,8d820d6b-d516-4628-8228-0e70dcaf08f5,SE
01a02d9d-3cbd-7399-bab5-c93117347794,49506743,rua,Rua José Braz de Oliveira,Doutor José Milton Machado,8d820d6b-d516-4628-8228-0e70dcaf08f5,SE
01a02d9c-e5f2-7c46-98cc-e4389c11771b,49037350,rua,Rua José Calumby Barreto,Aeroporto,71df064f-d17f-4cf5-ad45-93ce4e8182a5,SE
01a02d9c-e9ce-7602-8bf4-2699bdc94d62,49040270,rua,Rua José Campos,Inácio Barbosa,71df064f-d17f-4cf5-ad45-93ce4e8182a5,SE
01a02d9c-eda1-7f9a-bf1e-a2b28300e735,49042410,rua,Rua José Campos de Moraes,São Conrado,71df064f-d17f-4cf5-ad45-93ce4e8182a5,SE
01a02d9d-0f10-73f0-ba65-89a100aab488,49085160,rua,Rua José Campos de Souza,José Conrado de Araújo,71df064f-d17f-4cf5-ad45-93ce4e8182a5,SE
01a02d9d-3cbc-7ae2-a5cf-3ad692e4b612,49506630,rua,Rua José Candido Bispo,Doutor José Milton Machado,8d820d6b-d516-4628-8228-0e70dcaf08f5,SE
01a02d9d-343b-7f7d-a385-676927b1776a,49503333,rua,Rua José Cardoso dos Santos,Anízio Amancio de Oliveira,8d820d6b-d516-4628-8228-0e70dcaf08f5,SE
01a02d9d-343a-7f6e-add5-a94fb6f3f4ff,49503241,rua,Rua José Carlos,Serrano,8d820d6b-d516-4628-8228-0e70dcaf08f5,SE
01a02d9d-1cb7-7406-bec7-6687c516a47c,49095450,rua,Rua José Carlos Barbosa de Faro,Jabotiana,71df064f-d17f-4cf5-ad45-93ce4e8182a5,SE
01a02d9d-3623-717c-a10b-6e6a50a789cc,49503556,rua,Rua José Carlos Bispo,Anízio Amancio de Oliveira,8d820d6b-d516-4628-8228-0e70dcaf08f5,SE
01a02d9d-3622-78a8-9366-564d067dc612,49503504,rua,Rua José Carlos da Conceição,Anízio Amancio de Oliveira,8d820d6b-d516-4628-8228-0e70dcaf08f5,SE
01a02d9c-d207-733a-80be-66df694c28f3,49004415,rua,Rua José Carlos de Almeida,Zona de Expansão (Robalo),71df064f-d17f-4cf5-ad45-93ce4e8182a5,SE
01a02d9d-24a2-7e2b-9ed3-2f5a37fb062b,49089273,rua,Rua José Carlos do Nascimento,Soledade,71df064f-d17f-4cf5-ad45-93ce4e8182a5,SE
01a02d9c-ddf6-745c-a33e-728e410059b9,49026150,rua,Rua José Carvalho Pinto,Jardins,71df064f-d17f-4cf5-ad45-93ce4e8182a5,SE
01a02d9d-431f-7222-ae28-40e08cef3782,49511149,rua,Rua José Celestino da Cunha,Queimadas,8d820d6b-d516-4628-8228-0e70dcaf08f5,SE
01a02d9c-e3fc-7d65-92e7-4edd0bc22754,49032400,rua,Rua José Conrado de Araújo,Farolândia,71df064f-d17f-4cf5-ad45-93ce4e8182a5,SE
01a02d9d-2c74-7baa-9a62-ee65e0e1231e,49080318,rua,Rua José Conrado de Araújo,América,71df064f-d17f-4cf5-ad45-93ce4e8182a5,SE
01a02d9c-d42a-7a3b-a973-a9cc3b2c2013,49007140,rua,Rua José Correia,Zona de Expansão (Areia Branca),71df064f-d17f-4cf5-ad45-93ce4e8182a5,SE
01a02d9d-1ea4-7ff5-8823-1b41f92d1342,49097330,rua,Rua José Correia Paes,Ponto Novo,71df064f-d17f-4cf5-ad45-93ce4e8182a5,SE
01a02d9d-3623-717c-a103-8c15a8471ebd,49503528,rua,Rua José Costa Carvalho,Anízio Amancio de Oliveira,8d820d6b-d516-4628-8228-0e70dcaf08f5,SE
01a02d9d-385e-7c9a-b534-b9cb25477c68,49504072,rua,Rua José Costa Lima,Marianga,8d820d6b-d516-4628-8228-0e70dcaf08f5,SE
01a02d9c-fd61-77c5-a832-871299901fa3,49060340,rua,Rua José Coutinho,Palestina,71df064f-d17f-4cf5-ad45-93ce4e8182a5,SE
01a02d9c-e005-7d15-8bc6-887663e3cc2e,49030480,rua,Rua José Cunha Alcântara,Farolândia,71df064f-d17f-4cf5-ad45-93ce4e8182a5,SE
01a02d9c-f754-7e84-9e01-380be56a4978,49046020,rua,Rua José David Menezes,Luzia,71df064f-d17f-4cf5-ad45-93ce4e8182a5,SE
01a02d9d-1ea4-7ff5-8824-86e603fd460c,49097340,rua,Rua José Deodato Soares,Ponto Novo,71df064f-d17f-4cf5-ad45-93ce4e8182a5,SE
01a02d9c-f94a-719e-9918-6f6f4d7a4714,49048390,rua,Rua José Deodoro Santos,Luzia,71df064f-d17f-4cf5-ad45-93ce4e8182a5,SE
01a02d9d-3f01-70fa-855d-dfbb679a786b,49508130,rua,Rua José Dernival dos Santos,Oviedo Teixeira,8d820d6b-d516-4628-8228-0e70dcaf08f5,SE
01a02d9c-d813-7423-9965-7c4f70f41295,49009073,rua,Rua José Domingos Maia III,Zona de Expansão (Mosqueiro),71df064f-d17f-4cf5-ad45-93ce4e8182a5,SE
01a02d9d-3622-78a8-9363-cfdf8e113020,49503495,rua,Rua José Dórea dos Santos,Anízio Amancio de Oliveira,8d820d6b-d516-4628-8228-0e70dcaf08f5,SE
01a02d9c-e001-7f49-9d59-76f9efd52923,49027370,rua,Rua José Edivaldo dos Santos,Grageru,71df064f-d17f-4cf5-ad45-93ce4e8182a5,SE
01a02d9c-f752-7be7-82d9-f0f80d60bd9d,49045400,rua,Rua José Elson Fontes,Luzia,71df064f-d17f-4cf5-ad45-93ce4e8182a5,SE
01a02d9d-0b2c-7ad8-9041-b1f5a8c30c9b,49080275,rua,Rua José Emídio da Costa,América,71df064f-d17f-4cf5-ad45-93ce4e8182a5,SE
01a02d9d-0d21-75fb-8f80-2a45f3642c89,49082275,rua,Rua José Emídio da Costa,Novo Paraíso,71df064f-d17f-4cf5-ad45-93ce4e8182a5,SE
01a02d9d-4321-7221-ad1d-6c3605d08f78,49511649,rua,Rua José Enock de Oliveira,Queimadas,8d820d6b-d516-4628-8228-0e70dcaf08f5,SE
01a02d9d-323b-7552-8d8e-bf24c3eb422f,49501842,rua,Rua José Eraldo dos Santos,Marcela,8d820d6b-d516-4628-8228-0e70dcaf08f5,SE
01a02d9d-3438-7f59-9a7c-4a3ff7ed6e34,49503027,rua,Rua José Evangelista dos Santos,Serrano,8d820d6b-d516-4628-8228-0e70dcaf08f5,SE
01a02d9d-269e-73ce-a481-eeafd128dfce,49004060,rua,Rua José Faustino,Zona de Expansão (Robalo),71df064f-d17f-4cf5-ad45-93ce4e8182a5,SE
01a02d9d-3cbd-7c5a-bacb-4f29f2c97ddd,49507088,rua,Rua José Fernando Peixoto,Doutor José Milton Machado,8d820d6b-d516-4628-8228-0e70dcaf08f5,SE
01a02d9d-4124-7191-8392-9d9cb38575fe,49510355,rua,Rua José Fernando Peixoto,Riacho Doce,8d820d6b-d516-4628-8228-0e70dcaf08f5,SE
01a02d9d-3438-7f59-9a81-e3f6226824f9,49503069,rua,Rua José Ferreira Araujo,Serrano,8d820d6b-d516-4628-8228-0e70dcaf08f5,SE
01a02d9d-2c78-77bb-8ae1-36985b9203af,49500091,rua,Rua José Ferreira Araujo,Centro,8d820d6b-d516-4628-8228-0e70dcaf08f5,SE
01a02d9d-3438-7f59-9a88-a5cde28c2454,49503090,rua,Rua José Ferreira Costa,Serrano,8d820d6b-d516-4628-8228-0e70dcaf08f5,SE
01a02d9d-343a-7f6e-add1-c7723a78af12,49503229,rua,Rua José Ferreira Lima,Serrano,8d820d6b-d516-4628-8228-0e70dcaf08f5,SE
01a02d9d-3622-78a8-9356-9c434d1a2647,49503441,rua,Rua José Ferreira Nascimento,Anízio Amancio de Oliveira,8d820d6b-d516-4628-8228-0e70dcaf08f5,SE
01a02d9c-f754-7e84-9e00-33a70636204f,49046010,rua,Rua José Ferreira Silva,Ponto Novo,71df064f-d17f-4cf5-ad45-93ce4e8182a5,SE
01a02d9d-3439-7f6f-8acb-eff5b1b8eba1,49503159,rua,Rua José Filadelfo Araújo,Serrano,8d820d6b-d516-4628-8228-0e70dcaf08f5,SE
01a02d9d-10f9-7a21-aa58-60ded2b1a9a5,49087129,rua,Rua José Francisco Daniel,Santos Dumont,71df064f-d17f-4cf5-ad45-93ce4e8182a5,SE
01a02d9c-d813-7423-993d-0fb31bfd30c0,49008649,rua,Rua José Francisco Matias,Zona de Expansão (Mosqueiro),71df064f-d17f-4cf5-ad45-93ce4e8182a5,SE
01a02d9c-d813-7423-994a-db549f4a7a52,49008787,rua,Rua José Francisco Matos,Zona de Expansão (Mosqueiro),71df064f-d17f-4cf5-ad45-93ce4e8182a5,SE
01a02d9d-269e-7c85-a495-938a03ab762f,49030513,rua,Rua José Francisco Prejuízo,Farolândia,71df064f-d17f-4cf5-ad45-93ce4e8182a5,SE
01a02d9d-4124-7191-838f-9a0d93c501d0,49510195,rua,Rua José Francisco de Andrade,Porto,8d820d6b-d516-4628-8228-0e70dcaf08f5,SE
01a02d9d-3623-7b7e-a11f-e6c12a05653d,49503616,rua,Rua José Francisco de Góis,Anízio Amancio de Oliveira,8d820d6b-d516-4628-8228-0e70dcaf08f5,SE
01a02d9d-3aa9-7e4f-a075-958545e22ab3,49506168,rua,Rua José Francisco de Menezes,Rotary Club de Itabaiana,8d820d6b-d516-4628-8228-0e70dcaf08f5,SE
01a02d9d-385f-753d-a09d-f9864e40e475,49504114,rua,Rua José Francisco de Morais,Marianga,8d820d6b-d516-4628-8228-0e70dcaf08f5,SE
01a02d9d-3861-7807-bf87-1b67dbffeb3e,49505015,rua,Rua José Francisco de Morais,Miguel Teles de Mendonça,8d820d6b-d516-4628-8228-0e70dcaf08f5,SE
01a02d9d-28ab-7e96-a3fd-400017fa03cb,49045086,rua,Rua José Francisco de Oliveira,Luzia,71df064f-d17f-4cf5-ad45-93ce4e8182a5,SE
01a02d9d-3aa9-7e4f-a073-8cbc2a836940,49506162,rua,Rua José Francisco de Oliveira,Rotary Club de Itabaiana,8d820d6b-d516-4628-8228-0e70dcaf08f5,SE
01a02d9d-305b-76f3-b87a-b8f15391ff3f,49500564,rua,Rua José Francisco de Oliveira,São Cristóvão,8d820d6b-d516-4628-8228-0e70dcaf08f5,SE
01a02d9d-305d-70c5-8c7d-b411214c1db4,49501154,rua,Rua José Francisco dos Santos,São Cristóvão,8d820d6b-d516-4628-8228-0e70dcaf08f5,SE
01a02d9d-323b-7552-8d89-8efbe269bf17,49501635,rua,Rua José Francisco dos Santos,Bananeiras,8d820d6b-d516-4628-8228-0e70dcaf08f5,SE
01a02d9c-dc0a-7b31-a97a-ee45aecab001,49020410,rua,Rua José Freire,Salgado Filho,71df064f-d17f-4cf5-ad45-93ce4e8182a5,SE
01a02d9d-323c-76ae-9673-b82c6b025286,49502079,rua,Rua José Furgênsio da Costa,Marcela,8d820d6b-d516-4628-8228-0e70dcaf08f5,SE
01a02d9c-cddb-7546-8db4-c39f45ad2c52,49000719,rua,Rua José Félix Santana,Aruana,71df064f-d17f-4cf5-ad45-93ce4e8182a5,SE
01a02d9d-3624-7ba9-91fc-6a010a7364c7,49503653,rua,Rua José Gentil de Oliveira,Anízio Amancio de Oliveira,8d820d6b-d516-4628-8228-0e70dcaf08f5,SE
01a02d9d-323c-7f76-967c-621a95621874,49502109,rua,Rua José Geraldo Carvalho,Marcela,8d820d6b-d516-4628-8228-0e70dcaf08f5,SE
01a02d9c-e5f2-7c46-98d2-145ffa80d080,49037373,rua,Rua José Gilberto santos da Silva,Aeroporto,71df064f-d17f-4cf5-ad45-93ce4e8182a5,SE
01a02d9d-18d5-76cf-9b27-3a27f04630bb,49090540,rua,Rua José Gilvando Carvalho,Bugio,71df064f-d17f-4cf5-ad45-93ce4e8182a5,SE
01a02d9d-323a-7366-813d-05dc59291f2c,49501555,rua,Rua José Gleidiomar de Santana,Bananeiras,8d820d6b-d516-4628-8228-0e70dcaf08f5,SE
01a02d9d-10fa-7b93-9604-1e3f253d32a3,49087360,rua,Rua José Gomes de Almeida,Santos Dumont,71df064f-d17f-4cf5-ad45-93ce4e8182a5,SE
01a02d9c-ebbe-7ce3-85f0-93a52e42d26f,49040750,rua,Rua José Gonçalves Valença,Inácio Barbosa,71df064f-d17f-4cf5-ad45-93ce4e8182a5,SE
01a02d9d-385f-753d-a0a2-d3533ca089ca,49504168,rua,Rua José Gustavo de Menezes,Marianga,8d820d6b-d516-4628-8228-0e70dcaf08f5,SE
01a02d9d-3aa8-748e-8ee1-6775f38c80c5,49505340,rua,Rua José Henrique da Silveira,Miguel Teles de Mendonça,8d820d6b-d516-4628-8228-0e70dcaf08f5,SE
01a02d9c-fd62-703f-b99c-e8ddf7ef7956,49060350,rua,Rua José Henrique dos Santos,Palestina,71df064f-d17f-4cf5-ad45-93ce4e8182a5,SE
01a02d9d-305c-7827-b06d-ea01b2110f23,49500882,rua,Rua José Hora de Oliveira,São Cristóvão,8d820d6b-d516-4628-8228-0e70dcaf08f5,SE
01a02d9d-3f01-70fa-8551-54c59547a8ba,49507840,rua,Rua José Hênio Araújo,Oviedo Teixeira,8d820d6b-d516-4628-8228-0e70dcaf08f5,SE
01a02d9c-cddf-795a-89b3-a7636eb8dc5b,49001159,rua,Rua José Invenção da Cruz,Aruana,71df064f-d17f-4cf5-ad45-93ce4e8182a5,SE
01a02d9d-12ee-7b48-93ff-720300fa8ddd,49087730,rua,Rua José Isidio de Oliveira Filho,Santos Dumont,71df064f-d17f-4cf5-ad45-93ce4e8182a5,SE
01a02d9c-e9ce-7602-8bf6-c635a27d32d5,49040290,rua,Rua José Jacob Dias Polito,Inácio Barbosa,71df064f-d17f-4cf5-ad45-93ce4e8182a5,SE
01a02d9c-fd5f-7dd9-bcef-f63aa909954a,49055770,rua,Rua José Jesus Lima,Getúlio Vargas,71df064f-d17f-4cf5-ad45-93ce4e8182a5,SE
01a02d9d-0b2a-7088-902b-b3df73740e97,49075320,rua,Rua José Jorge de Siqueira Filho,Siqueira Campos,71df064f-d17f-4cf5-ad45-93ce4e8182a5,SE
01a02d9d-0550-7312-8997-e7577044bda5,49069001,rua,Rua José Laudelino Leal,Porto D'Antas,71df064f-d17f-4cf5-ad45-93ce4e8182a5,SE
01a02d9d-3cbd-7c5a-babd-e877c297176e,49506855,rua,Rua José Laércio dos Santos,Doutor José Milton Machado,8d820d6b-d516-4628-8228-0e70dcaf08f5,SE
01a02d9d-4123-7039-8e45-15593f030ee3,49510005,rua,Rua José Leilson dos Santos,Porto,8d820d6b-d516-4628-8228-0e70dcaf08f5,SE
01a02d9c-e5f2-7c46-98d3-b66decd119df,49037380,rua,Rua José Leite Prado,Atalaia,71df064f-d17f-4cf5-ad45-93ce4e8182a5,SE
01a02d9d-323b-7e08-8d92-2cf33b18ebb1,49501860,rua,Rua José Lima,Marcela,8d820d6b-d516-4628-8228-0e70dcaf08f5,SE
01a02d9d-3f01-70fa-854e-81632d45803a,49507825,rua,Rua José Lisboa dos Anjos,Oviedo Teixeira,8d820d6b-d516-4628-8228-0e70dcaf08f5,SE
01a02d9c-fd62-7a30-b9a8-11a3f35f9e3d,49060465,rua,Rua José Lisboa dos Santos,Santo Antônio,71df064f-d17f-4cf5-ad45-93ce4e8182a5,SE
01a02d9c-f19b-762b-a1d0-6ec7696d2e62,49043839,rua,Rua José Luciano Cruz,Santa Maria,71df064f-d17f-4cf5-ad45-93ce4e8182a5,SE
01a02d9d-3aa8-7d39-8ef4-a3ebf4a052c9,49506024,rua,Rua José Luciano Siqueira,Rotary Club de Itabaiana,8d820d6b-d516-4628-8228-0e70dcaf08f5,SE
01a02d9c-fd62-703f-b99d-96e93ee0818d,49060360,rua,Rua José Ludovice,Palestina,71df064f-d17f-4cf5-ad45-93ce4e8182a5,SE
01a02d9d-14f5-7946-bb3d-ff51ee3a64e2,49089040,rua,Rua José Luis Santos,Soledade,71df064f-d17f-4cf5-ad45-93ce4e8182a5,SE
01a02d9c-ddf5-7b85-b40b-6ea63da43324,49025830,rua,Rua José Luiz da Conceição,Jardins,71df064f-d17f-4cf5-ad45-93ce4e8182a5,SE
01a02d9d-3860-76c1-857c-0a6eddf7ccc9,49504376,rua,Rua José Luiz dos Santos,Marianga,8d820d6b-d516-4628-8228-0e70dcaf08f5,SE
01a02d9d-431f-7222-ae2a-6641ad40da35,49511155,rua,Rua José Machado,Queimadas,8d820d6b-d516-4628-8228-0e70dcaf08f5,SE
01a02d9d-22a6-7785-a719-72e9f62e3f59,49027170,rua,Rua José Machado Tojal,Grageru,71df064f-d17f-4cf5-ad45-93ce4e8182a5,SE
01a02d9c-d61c-75c9-ba1a-7c18e4f9e81a,49008360,rua,Rua José Machado de Souza,Zona de Expansão (Mosqueiro),71df064f-d17f-4cf5-ad45-93ce4e8182a5,SE
01a02d9c-fd62-703f-b99e-103432a1dccb,49060370,rua,Rua José Manoel dos Santos,Santo Antônio,71df064f-d17f-4cf5-ad45-93ce4e8182a5,SE
01a02d9c-cfef-7170-80a6-82175fa3e829,49003286,rua,Rua José Maria Gomes de Souza,17 de Março,71df064f-d17f-4cf5-ad45-93ce4e8182a5,SE
01a02d9d-4124-7a39-83a0-502e2e3a8248,49510575,rua,Rua José Meireles Teles,Riacho Doce,8d820d6b-d516-4628-8228-0e70dcaf08f5,SE
01a02d9d-431f-7222-ae19-bffa52461f81,49510580,rua,Rua José Meireles Teles I,Riacho Doce,8d820d6b-d516-4628-8228-0e70dcaf08f5,SE
01a02d9d-431f-7222-ae1a-b9fa37c57d46,49510585,rua,Rua José Meireles Teles II,Riacho Doce,8d820d6b-d516-4628-8228-0e70dcaf08f5,SE
01a02d9d-431f-7222-ae1b-f7a387329802,49510590,rua,Rua José Meireles Teles III,Riacho Doce,8d820d6b-d516-4628-8228-0e70dcaf08f5,SE
01a02d9d-431f-7222-ae1c-ad757de9c1ed,49510595,rua,Rua José Meireles Teles IV,Riacho Doce,8d820d6b-d516-4628-8228-0e70dcaf08f5,SE
01a02d9d-249f-7e26-9343-751380d85410,49048210,rua,Rua José Mendonça,Luzia,71df064f-d17f-4cf5-ad45-93ce4e8182a5,SE
01a02d9c-d813-7423-9967-79fb7819fa88,49009079,rua,Rua José Meneses Santos,Zona de Expansão (Mosqueiro),71df064f-d17f-4cf5-ad45-93ce4e8182a5,SE
01a02d9d-323c-7f76-9691-f836b62391d7,49502191,rua,Rua José Menezes Neto,Marcela,8d820d6b-d516-4628-8228-0e70dcaf08f5,SE
01a02d9d-3f01-70fa-8557-e212ab9d3596,49508100,rua,Rua José Menezes Santos,Oviedo Teixeira,8d820d6b-d516-4628-8228-0e70dcaf08f5,SE
01a02d9d-323d-7823-b7df-0dd810206429,49502236,rua,Rua José Menezes da Cunha,Marcela,8d820d6b-d516-4628-8228-0e70dcaf08f5,SE
01a02d9c-ebbe-7ce3-8601-fee62490b767,49041030,rua,Rua José Mesquita Neto,Inácio Barbosa,71df064f-d17f-4cf5-ad45-93ce4e8182a5,SE
01a02d9d-3621-7fd1-99e3-755a093dd2ec,49503429,rua,Rua José Mesquita da Silveira,Anízio Amancio de Oliveira,8d820d6b-d516-4628-8228-0e70dcaf08f5,SE
01a02d9d-2e64-71a7-9471-4ff36d966d3d,49500277,rua,Rua José Mesquita da Silveira,Centro,8d820d6b-d516-4628-8228-0e70dcaf08f5,SE
01a02d9d-2e64-7a5b-9489-f032771734fb,49500400,rua,Rua José Mesquita da Silveira,São Cristóvão,8d820d6b-d516-4628-8228-0e70dcaf08f5,SE
01a02d9d-2e64-7a5b-948e-92623672d5b0,49500415,rua,Rua José Mesquita da Silveira,São Cristóvão,8d820d6b-d516-4628-8228-0e70dcaf08f5,SE
01a02d9d-2e64-71a7-9470-e3a70a8c43b8,49500274,rua,Rua José Mesquita da Silveira,Centro,8d820d6b-d516-4628-8228-0e70dcaf08f5,SE
01a02d9d-0743-72e7-9f9b-ea79f315b654,49070240,rua,Rua José Moacir Sobral,Cidade Nova,71df064f-d17f-4cf5-ad45-93ce4e8182a5,SE
01a02d9d-3860-76c1-8576-144ec0f77060,49504358,rua,Rua José Moisés Santana,Marianga,8d820d6b-d516-4628-8228-0e70dcaf08f5,SE
01a02d9d-3860-7f3e-857f-16b04ce6ccc9,49504385,rua,Rua José Mota da Costa,Marianga,8d820d6b-d516-4628-8228-0e70dcaf08f5,SE
01a02d9c-cfed-7704-8ce0-2194577714e8,49001213,rua,Rua José Mário de Campos,Aruana,71df064f-d17f-4cf5-ad45-93ce4e8182a5,SE
01a02d9d-3623-717c-a110-f7571b767d4a,49503571,rua,Rua José Máximo,Anízio Amancio de Oliveira,8d820d6b-d516-4628-8228-0e70dcaf08f5,SE
01a02d9d-3cbe-751c-8dbe-56f874ae6f30,49507450,rua,Rua José Nicolau da Silveira,Oviedo Teixeira,8d820d6b-d516-4628-8228-0e70dcaf08f5,SE
01a02d9d-3f00-7855-9adb-7797e1754b0d,49507675,rua,Rua José Nilton Santos,Oviedo Teixeira,8d820d6b-d516-4628-8228-0e70dcaf08f5,SE
01a02d9d-0933-7cce-97d5-cefb94131de6,49072623,rua,Rua José Novais,Dezoito do Forte,71df064f-d17f-4cf5-ad45-93ce4e8182a5,SE
01a02d9d-10fa-7b93-9605-da1a2122e0e4,49087370,rua,Rua José Novais,Santos Dumont,71df064f-d17f-4cf5-ad45-93ce4e8182a5,SE
01a02d9d-323b-7552-8d85-4789126e7209,49501620,rua,Rua José Nunes de Mendonça,Bananeiras,8d820d6b-d516-4628-8228-0e70dcaf08f5,SE
01a02d9d-26a0-761d-91e7-0d74533f9165,49008719,rua,Rua José Oliveira,Zona de Expansão (Mosqueiro),71df064f-d17f-4cf5-ad45-93ce4e8182a5,SE
01a02d9d-14f6-71e6-bb1a-25464c5018cc,49089170,rua,Rua José Oliveira Conceição,Soledade,71df064f-d17f-4cf5-ad45-93ce4e8182a5,SE
01a02d9c-e5f1-726d-83fb-d7b77a14d6d5,49037089,rua,Rua José Oliveira Lima,Aeroporto,71df064f-d17f-4cf5-ad45-93ce4e8182a5,SE
01a02d9d-343b-7f7d-a38e-37faa14cc214,49503405,rua,Rua José Oliveira Machado,Anízio Amancio de Oliveira,8d820d6b-d516-4628-8228-0e70dcaf08f5,SE
01a02d9d-22a6-7785-a715-f8afb0934439,49025730,rua,Rua José Olivio do Nascimento,Jardins,71df064f-d17f-4cf5-ad45-93ce4e8182a5,SE
01a02d9d-3624-7ba9-9206-aaff4242d77d,49503683,rua,Rua José Olyntho de Oliveira,Anízio Amancio de Oliveira,8d820d6b-d516-4628-8228-0e70dcaf08f5,SE
01a02d9d-18d6-7818-a950-30cbd290839e,49090800,rua,Rua José Olímpio dos Santos,Jardim Centenário,71df064f-d17f-4cf5-ad45-93ce4e8182a5,SE
01a02d9d-3aaa-7743-afa0-63b92bc21783,49506231,rua,Rua José Osvaldo Tavares,Rotary Club de Itabaiana,8d820d6b-d516-4628-8228-0e70dcaf08f5,SE
01a02d9d-305b-76f3-b87e-6842bbf8b340,49500576,rua,Rua José Otacílio Santos,São Cristóvão,8d820d6b-d516-4628-8228-0e70dcaf08f5,SE
01a02d9d-1cb6-72f1-972e-6ce0b5190925,49095190,rua,Rua José Pacheco,Jabotiana,71df064f-d17f-4cf5-ad45-93ce4e8182a5,SE
01a02d9d-3622-78a8-9367-2eee878e2d36,49503507,rua,Rua José Paixão de Oliveira,Anízio Amancio de Oliveira,8d820d6b-d516-4628-8228-0e70dcaf08f5,SE
01a02d9d-3f02-7289-bae8-5d66be47d623,49509082,rua,Rua José Paulo Vieira,Mamede Paes Mendonça,8d820d6b-d516-4628-8228-0e70dcaf08f5,SE
01a02d9d-3aa8-7d39-8ef9-3fd11ed5f442,49506039,rua,Rua José Paulo de Santana,Rotary Club de Itabaiana,8d820d6b-d516-4628-8228-0e70dcaf08f5,SE
01a02d9d-24a2-7e2b-9ec6-75510a47c861,49088263,rua,Rua José Pereira Costa,Lamarão,71df064f-d17f-4cf5-ad45-93ce4e8182a5,SE
01a02d9d-431f-7222-ae1e-0c1c92dc6f28,49511110,rua,Rua José Pereira Rosa,Queimadas,8d820d6b-d516-4628-8228-0e70dcaf08f5,SE
01a02d9c-f754-75e6-9df6-83b942341e36,49045773,rua,Rua José Pereira da Silva,Luzia,71df064f-d17f-4cf5-ad45-93ce4e8182a5,SE
01a02d9d-3f01-70fa-855f-f6fd13a3a79a,49508138,rua,Rua José Pereira da Silva,Oviedo Teixeira,8d820d6b-d516-4628-8228-0e70dcaf08f5,SE
01a02d9d-22a4-755a-bb0e-283033f12359,49910970,rua,Rua José Pereira da Silva 165,Centro,658c13b6-d054-46aa-861d-1e0efd8b0e0f,SE
01a02d9d-323c-7f76-9681-9be69cee363e,49502127,rua,Rua José Pereira de Carvalho,Marcela,8d820d6b-d516-4628-8228-0e70dcaf08f5,SE
01a02d9d-323c-76ae-966b-d6becfa4a621,49502052,rua,Rua José Pereira de Jesus,Marcela,8d820d6b-d516-4628-8228-0e70dcaf08f5,SE
01a02d9d-0b2c-7ad8-9048-1eb97e57aea4,49080330,rua,Rua José Pereira de Oliveira,América,71df064f-d17f-4cf5-ad45-93ce4e8182a5,SE
01a02d9d-1cb7-7406-becc-8d3b4eacae48,49095530,rua,Rua José Pereira de Souza,Jabotiana,71df064f-d17f-4cf5-ad45-93ce4e8182a5,SE
01a02d9c-d429-78f1-ab0d-f8b7dfb6f202,49005212,rua,Rua José Pereira dos Santos,Zona de Expansão (Robalo),71df064f-d17f-4cf5-ad45-93ce4e8182a5,SE
01a02d9c-d206-71b5-b36d-71979d1758e7,49003325,rua,Rua José Pinheiro Lobão,17 de Março,71df064f-d17f-4cf5-ad45-93ce4e8182a5,SE
01a02d9c-fb6a-72f9-985b-499a2ca2a9d6,49052290,rua,Rua José Pires Winne,Suíssa,71df064f-d17f-4cf5-ad45-93ce4e8182a5,SE
01a02d9d-1ac0-7fdd-b3ad-1640eb60da55,49092440,rua,Rua José Procópio,Olaria,71df064f-d17f-4cf5-ad45-93ce4e8182a5,SE
01a02d9c-e5f1-726d-8403-78571c400058,49037143,rua,Rua José Quirino dos Santos,Aeroporto,71df064f-d17f-4cf5-ad45-93ce4e8182a5,SE
01a02d9c-e5f2-7389-98c7-d4627a40074e,49037299,rua,Rua José Raimundo da Silva,Aeroporto,71df064f-d17f-4cf5-ad45-93ce4e8182a5,SE
01a02d9c-f949-7900-9f15-c8b57994e9b3,49048080,rua,Rua José Ramos Figueiredo,Luzia,71df064f-d17f-4cf5-ad45-93ce4e8182a5,SE
01a02d9c-dc0a-7b31-a961-34fbc799f212,49020200,rua,Rua José Ramos da Silva,Treze de Julho,71df064f-d17f-4cf5-ad45-93ce4e8182a5,SE
01a02d9c-fb6a-72f9-985c-883a9d23f803,49052300,rua,Rua José Ribeiro Bonfim,Pereira Lobo,71df064f-d17f-4cf5-ad45-93ce4e8182a5,SE
01a02d9c-e7d5-767a-9093-c9d1224d41e2,49037543,rua,Rua José Ricardo Unger Maynart,Atalaia,71df064f-d17f-4cf5-ad45-93ce4e8182a5,SE
01a02d9d-0350-7bb7-9f61-9c9e6f072178,49066070,rua,Rua José Ricardo de Melo,Industrial,71df064f-d17f-4cf5-ad45-93ce4e8182a5,SE
01a02d9d-18d7-70ae-8e3a-e6974b335935,49092020,rua,Rua José Rivaldo Souza Góes,Olaria,71df064f-d17f-4cf5-ad45-93ce4e8182a5,SE
01a02d9d-10fa-7b93-95fe-969b09169eb4,49087309,rua,Rua José Rivaldo dos Santos,Santos Dumont,71df064f-d17f-4cf5-ad45-93ce4e8182a5,SE
01a02d9d-14f4-778d-8867-347ac96e192a,49088379,rua,Rua José Roberto Vieira,Lamarão,71df064f-d17f-4cf5-ad45-93ce4e8182a5,SE
01a02d9d-4121-7ecb-9223-6a5a0a852f80,49509750,rua,Rua José Rodomarques Alves Santos,Porto,8d820d6b-d516-4628-8228-0e70dcaf08f5,SE
01a02d9c-e002-780d-9ade-ead4052c293c,49027425,rua,Rua José Rodrigues Lima,Grageru,71df064f-d17f-4cf5-ad45-93ce4e8182a5,SE
01a02d9c-d429-7038-aae6-500e66d0f324,49004745,rua,Rua José Rodrigues Lima,Zona de Expansão (Robalo),71df064f-d17f-4cf5-ad45-93ce4e8182a5,SE
01a02d9d-1ea3-7ec2-8516-71165a871e28,49096090,rua,Rua José Rosendo Fontes Teles,Jabotiana,71df064f-d17f-4cf5-ad45-93ce4e8182a5,SE
01a02d9d-385e-73f3-b528-52cf6e03a125,49504006,rua,Rua José Rufino de Santana,Marianga,8d820d6b-d516-4628-8228-0e70dcaf08f5,SE
01a02d9d-3aa9-75a7-a065-ed59ca1a015a,49506057,rua,Rua José Santana,Rotary Club de Itabaiana,8d820d6b-d516-4628-8228-0e70dcaf08f5,SE
01a02d9d-1ea4-7ff5-881b-194f58132368,49097273,rua,Rua José Santos da Cruz,Ponto Novo,71df064f-d17f-4cf5-ad45-93ce4e8182a5,SE
01a02d9c-e5f0-7178-9254-bf841e69b069,49036030,rua,Rua José Saturnino de Oliveira,Atalaia,71df064f-d17f-4cf5-ad45-93ce4e8182a5,SE
01a02d9c-ddf5-7b85-b404-f378cc0a8a8e,49025750,rua,Rua José Seabra Batista,Jardins,71df064f-d17f-4cf5-ad45-93ce4e8182a5,SE
01a02d9c-cfef-7a0f-80ae-f63649f9aa2f,49003310,rua,Rua José Sebrão de Carvalho,17 de Março,71df064f-d17f-4cf5-ad45-93ce4e8182a5,SE
01a02d9d-2e64-7a5b-9475-9488a446e65b,49500289,rua,Rua José Sizino de Almeida,Centro,8d820d6b-d516-4628-8228-0e70dcaf08f5,SE
01a02d9d-3f02-7289-bae0-cad133c38327,49509030,rua,Rua José Sizino de Almeida,Mamede Paes Mendonça,8d820d6b-d516-4628-8228-0e70dcaf08f5,SE
01a02d9c-e3ff-7873-818b-613c0f348517,49035470,rua,Rua José Steremberg,Atalaia,71df064f-d17f-4cf5-ad45-93ce4e8182a5,SE
01a02d9d-209e-776f-b195-eec1bd515760,49570970,rua,"Rua José Sá Barreto, s/n",Centro,cf0f03ab-f7bb-49f8-b17b-29a40413957a,SE
01a02d9d-385f-7de5-a0b0-906e35d9b780,49504253,rua,Rua José Tavares de Jesus,Marianga,8d820d6b-d516-4628-8228-0e70dcaf08f5,SE
01a02d9c-e7d4-7de6-810e-1237194a36ed,49037400,rua,Rua José Teles Prudente,Aeroporto,71df064f-d17f-4cf5-ad45-93ce4e8182a5,SE
01a02d9d-0932-7bae-b0f4-dc1356a6460d,49072296,rua,Rua José Teles Santos,Dezoito do Forte,71df064f-d17f-4cf5-ad45-93ce4e8182a5,SE
01a02d9d-28ac-7818-a586-ebeb2a36da63,49060770,rua,Rua José Teles Santos,Palestina,71df064f-d17f-4cf5-ad45-93ce4e8182a5,SE
01a02d9d-323c-7f76-968b-c6b120bb245e,49502170,rua,Rua José Teles de Mendonça,Marcela,8d820d6b-d516-4628-8228-0e70dcaf08f5,SE
01a02d9c-cbc7-7342-967c-e0ad153d593c,49000501,rua,Rua José Valdir Ferreira Lira,Aruana,71df064f-d17f-4cf5-ad45-93ce4e8182a5,SE
01a02d9d-3aa9-7e4f-a077-7763cf689038,49506174,rua,Rua José Valdir Mendonça,Rotary Club de Itabaiana,8d820d6b-d516-4628-8228-0e70dcaf08f5,SE
01a02d9d-3f02-7289-bad9-0d9c8826ce05,49509009,rua,Rua José Venceslau,Mamede Paes Mendonça,8d820d6b-d516-4628-8228-0e70dcaf08f5,SE
01a02d9c-f94b-72d4-8730-365e91ab6a49,49050470,rua,Rua José Vernior,Pereira Lobo,71df064f-d17f-4cf5-ad45-93ce4e8182a5,SE
01a02d9d-4320-7220-a39f-050bef5123dd,49511500,rua,Rua José Vicente Monteiro,Queimadas,8d820d6b-d516-4628-8228-0e70dcaf08f5,SE
01a02d9d-323b-7552-8d90-59c509b420ec,49501854,rua,Rua José Vicente de Almeida,Marcela,8d820d6b-d516-4628-8228-0e70dcaf08f5,SE
01a02d9d-3f02-7b6c-baf5-bc2dc5edbe07,49509146,rua,Rua José Vicente de Oliveira,Mamede Paes Mendonça,8d820d6b-d516-4628-8228-0e70dcaf08f5,SE
01a02d9c-f754-7e84-9e09-81cbfc10c7d8,49047003,rua,Rua José Vicente dos Santos Filho,Ponto Novo,71df064f-d17f-4cf5-ad45-93ce4e8182a5,SE
01a02d9c-eda1-7f9a-bf0e-6516acc311e0,49042270,rua,Rua José Vieira Dantas,São Conrado,71df064f-d17f-4cf5-ad45-93ce4e8182a5,SE
01a02d9d-3aa8-7d39-8efb-42ebcd3e75d3,49506045,rua,Rua José Vieira Lima,Rotary Club de Itabaiana,8d820d6b-d516-4628-8228-0e70dcaf08f5,SE
01a02d9d-3aa9-7e4f-a078-678be789d1eb,49506177,rua,Rua José Vieira Lima,Rotary Club de Itabaiana,8d820d6b-d516-4628-8228-0e70dcaf08f5,SE
01a02d9d-3f00-7855-9ad9-f06c1280210e,49507665,rua,Rua José Vieira Menezes,Oviedo Teixeira,8d820d6b-d516-4628-8228-0e70dcaf08f5,SE
01a02d9d-0352-759b-b6f7-0f732e994a0c,49067150,rua,Rua José Vieira Neto,Porto D'Antas,71df064f-d17f-4cf5-ad45-93ce4e8182a5,SE
01a02d9d-12ed-79b9-86f1-e525d95556b3,49087603,rua,Rua José Vieira Santos,Santos Dumont,71df064f-d17f-4cf5-ad45-93ce4e8182a5,SE
01a02d9d-0f10-73f0-ba67-5b1d236d3615,49085180,rua,Rua José Vieira de Andrade,José Conrado de Araújo,71df064f-d17f-4cf5-ad45-93ce4e8182a5,SE
01a02d9c-d813-7423-9961-b31e28b31ed6,49009031,rua,Rua José Vieira de Andrade,Zona de Expansão (Mosqueiro),71df064f-d17f-4cf5-ad45-93ce4e8182a5,SE
01a02d9c-e1fe-7b93-b66e-f9c0a360ae71,49031240,rua,Rua José Vieira de Jesus,Farolândia,71df064f-d17f-4cf5-ad45-93ce4e8182a5,SE
01a02d9d-0747-76f7-b194-1b068598c032,49072213,rua,Rua José Vieira de Matos,Dezoito do Forte,71df064f-d17f-4cf5-ad45-93ce4e8182a5,SE
01a02d9d-3623-7b7e-a113-184a56f26419,49503580,rua,Rua José Wilson Santos,Anízio Amancio de Oliveira,8d820d6b-d516-4628-8228-0e70dcaf08f5,SE
01a02d9d-305b-76f3-b876-cbf914ad971f,49500552,rua,Rua José Wilson dos Reis,São Cristóvão,8d820d6b-d516-4628-8228-0e70dcaf08f5,SE
01a02d9d-305d-70c5-8c74-590ecee7ff75,49501127,rua,Rua José Wilton Santos,São Cristóvão,8d820d6b-d516-4628-8228-0e70dcaf08f5,SE
01a02d9d-0b2c-7ad8-904a-097c6bfdc22a,49080350,rua,Rua José Zuckman,América,71df064f-d17f-4cf5-ad45-93ce4e8182a5,SE
01a02d9c-e004-7b9e-8138-60be2ed9b8c6,49030323,rua,Rua José da Amarante,Farolândia,71df064f-d17f-4cf5-ad45-93ce4e8182a5,SE
01a02d9d-209d-7771-ba94-7a8ded5436c4,49270970,rua,Rua José da Costa Dórea 16,Centro,0ac32364-0c42-4bcc-922d-8e18e497037a,SE
01a02d9d-305c-7827-b06f-60aa4cbca230,49501100,rua,Rua José da Fonseca de Brito,São Cristóvão,8d820d6b-d516-4628-8228-0e70dcaf08f5,SE
01a02d9d-343a-7f6e-add9-f3eb95776b94,49503253,rua,Rua José da Paixão,Serrano,8d820d6b-d516-4628-8228-0e70dcaf08f5,SE
01a02d9d-385f-753d-a0a6-efaf9378b494,49504223,rua,Rua José da Paixão de Oliveira,Marianga,8d820d6b-d516-4628-8228-0e70dcaf08f5,SE
01a02d9c-ff48-7f69-9d13-b1b477c86220,49061046,rua,Rua José da Silva,Santo Antônio,71df064f-d17f-4cf5-ad45-93ce4e8182a5,SE
01a02d9d-1ac2-70e0-a650-b5d919cbd666,49092663,rua,Rua José da Silva Carvalho,Olaria,71df064f-d17f-4cf5-ad45-93ce4e8182a5,SE
01a02d9c-ddf7-7587-abec-6365156460d6,49027280,rua,Rua José da Silva Peixoto,Grageru,71df064f-d17f-4cf5-ad45-93ce4e8182a5,SE
01a02d9c-d207-7bed-80c9-8d05d80921a8,49004463,rua,Rua José da Vitória,Zona de Expansão (Robalo),71df064f-d17f-4cf5-ad45-93ce4e8182a5,SE
01a02d9c-d813-7423-9949-60e4c19eebb1,49008769,rua,Rua José de Agripino,Zona de Expansão (Mosqueiro),71df064f-d17f-4cf5-ad45-93ce4e8182a5,SE
01a02d9c-e3ff-7873-8189-f06e0b05f0c3,49035450,rua,Rua José de Albuquerque Feijó,Coroa do Meio,71df064f-d17f-4cf5-ad45-93ce4e8182a5,SE
01a02d9c-e9ce-7602-8bf5-016aca3c2188,49040280,rua,Rua José de Alencar,Inácio Barbosa,71df064f-d17f-4cf5-ad45-93ce4e8182a5,SE
01a02d9c-ddf5-7b85-b405-cb7b81a2e881,49025770,rua,Rua José de Alencar Cardoso Neto,Grageru,71df064f-d17f-4cf5-ad45-93ce4e8182a5,SE
01a02d9c-e1ff-743f-b156-86d0371610f4,49031340,rua,Rua José de Almeida Pinheiro,Farolândia,71df064f-d17f-4cf5-ad45-93ce4e8182a5,SE
01a02d9d-14f5-703d-bb34-61bee51301ca,49089013,rua,Rua José de Barbosa Ramos,Soledade,71df064f-d17f-4cf5-ad45-93ce4e8182a5,SE
01a02d9c-e200-75c4-9b6d-7fb7e3a102d9,49032090,rua,Rua José de Dome,Farolândia,71df064f-d17f-4cf5-ad45-93ce4e8182a5,SE
01a02d9c-dc0a-726b-a951-ea7413fff4b4,49020020,rua,Rua José de Faro Rolemberg,Salgado Filho,71df064f-d17f-4cf5-ad45-93ce4e8182a5,SE
01a02d9c-f94a-7a38-9929-f3950b5ffaa1,49050030,rua,Rua José de Faro Rolemberg,Suíssa,71df064f-d17f-4cf5-ad45-93ce4e8182a5,SE
01a02d9d-2a91-7c3f-8644-2a350ee03a94,49071013,rua,Rua José de Melo,Dom Luciano,71df064f-d17f-4cf5-ad45-93ce4e8182a5,SE
01a02d9c-d813-7423-993a-fca8667f3552,49008640,rua,Rua José de Menezes Santos,Zona de Expansão (Mosqueiro),71df064f-d17f-4cf5-ad45-93ce4e8182a5,SE
01a02d9d-0f10-73f0-ba66-00535eb2fce7,49085170,rua,Rua José de Oliveira,José Conrado de Araújo,71df064f-d17f-4cf5-ad45-93ce4e8182a5,SE
01a02d9c-e5f2-7c46-98d1-860264040974,49037370,rua,Rua José de Oliveira Barros,Aeroporto,71df064f-d17f-4cf5-ad45-93ce4e8182a5,SE
01a02d9c-d61a-75a6-bc2b-8eb00b5c8ae8,49008054,rua,Rua José de Souza Batista,Zona de Expansão (Mosqueiro),71df064f-d17f-4cf5-ad45-93ce4e8182a5,SE
01a02d9d-323b-7552-8d91-8295b5611bde,49501857,rua,Rua José de Souza Dantas,Marcela,8d820d6b-d516-4628-8228-0e70dcaf08f5,SE
01a02d9c-e005-7d15-8bc7-912923679b5f,49030490,rua,Rua José de Souza Filho,Farolândia,71df064f-d17f-4cf5-ad45-93ce4e8182a5,SE
01a02d9c-e201-7faf-abcf-145e3b6334c9,49032330,rua,Rua José do Prado Barreto,Farolândia,71df064f-d17f-4cf5-ad45-93ce4e8182a5,SE
01a02d9c-d813-7423-9978-0b15481ded44,49010110,rua,Rua José do Prado Franco,Centro,71df064f-d17f-4cf5-ad45-93ce4e8182a5,SE
01a02d9d-4320-7220-a396-6a4336e1fdae,49511245,rua,Rua José dos Santos,Queimadas,8d820d6b-d516-4628-8228-0e70dcaf08f5,SE
01a02d9c-dc0a-7b31-a971-7a6432bef2b2,49020330,rua,Rua Joventina Alves,Salgado Filho,71df064f-d17f-4cf5-ad45-93ce4e8182a5,SE
01a02d9c-ddf5-72f5-b3eb-143a1933fd3d,49025360,rua,Rua Joventina Alves,Grageru,71df064f-d17f-4cf5-ad45-93ce4e8182a5,SE
01a02d9d-1cb8-7dd1-96e5-ed5d1bc70a01,49096040,rua,Rua Jovina Santana,Jabotiana,71df064f-d17f-4cf5-ad45-93ce4e8182a5,SE
01a02d9c-f752-7be7-82da-ef5eb52e60d3,49045410,rua,Rua Jovino Silva,Luzia,71df064f-d17f-4cf5-ad45-93ce4e8182a5,SE
01a02d9d-0f10-73f0-ba76-ce94523bfdcc,49085270,rua,Rua João Adalberto do Nascimento,José Conrado de Araújo,71df064f-d17f-4cf5-ad45-93ce4e8182a5,SE
01a02d9d-10fa-7b93-9601-39dde7da3f38,49087340,rua,Rua João Alfredo,Santos Dumont,71df064f-d17f-4cf5-ad45-93ce4e8182a5,SE
01a02d9d-305b-76f3-b87f-2131e10cd5cd,49500579,rua,Rua João Alves de Souza,São Cristóvão,8d820d6b-d516-4628-8228-0e70dcaf08f5,SE
01a02d9d-0932-7bae-b0fc-9dcb30de7280,49072360,rua,Rua João Andrade,Dezoito do Forte,71df064f-d17f-4cf5-ad45-93ce4e8182a5,SE
01a02d9c-fd61-77c5-a82f-add4f07455fe,49060310,rua,Rua João Andrade,Santo Antônio,71df064f-d17f-4cf5-ad45-93ce4e8182a5,SE
01a02d9c-fd61-77c5-a830-e7e4ae354425,49060320,rua,Rua João Andrade,Santo Antônio,71df064f-d17f-4cf5-ad45-93ce4e8182a5,SE
01a02d9d-3aab-7022-8dff-17d5cec7e91e,49506288,rua,Rua João Andrade,Rotary Club de Itabaiana,8d820d6b-d516-4628-8228-0e70dcaf08f5,SE
01a02d9d-209e-776f-b194-b060b72c3b69,49565970,rua,Rua João Aves Filho 1,Centro,fc8cef1d-939f-4d44-af72-ef02c087ab6a,SE
01a02d9c-eda1-7f9a-bf1b-26e70f7f663b,49042400,rua,Rua João Barbosa,São Conrado,71df064f-d17f-4cf5-ad45-93ce4e8182a5,SE
01a02d9d-4321-7221-ad10-d1176d6ca407,49511600,rua,Rua João Basilio Cunha,Queimadas,8d820d6b-d516-4628-8228-0e70dcaf08f5,SE
01a02d9d-0351-7cf4-b06b-ecc8d692458e,49067033,rua,Rua João Batista Cabral,Porto D'Antas,71df064f-d17f-4cf5-ad45-93ce4e8182a5,SE
01a02d9c-ff4a-70c4-9c67-948b6cefde4a,49063070,rua,Rua João Batista Cabral,Japãozinho,71df064f-d17f-4cf5-ad45-93ce4e8182a5,SE
01a02d9d-305d-70c5-8c75-8f5ef0382427,49501130,rua,Rua João Batista Corcínio,São Cristóvão,8d820d6b-d516-4628-8228-0e70dcaf08f5,SE
01a02d9d-3cbd-7c5a-bac0-e86137a7b019,49506864,rua,Rua João Batista Dias,Doutor José Milton Machado,8d820d6b-d516-4628-8228-0e70dcaf08f5,SE
01a02d9c-cddf-795a-89b2-966b4ac6342b,49001156,rua,Rua João Batista Figueiredo,Aruana,71df064f-d17f-4cf5-ad45-93ce4e8182a5,SE
01a02d9d-0350-7bb7-9f59-41fc13cb9fe5,49065820,rua,Rua João Batista Filho,Industrial,71df064f-d17f-4cf5-ad45-93ce4e8182a5,SE
01a02d9d-3cbd-7c5a-bac1-33736168bcac,49506867,rua,Rua João Batista Filho,Doutor José Milton Machado,8d820d6b-d516-4628-8228-0e70dcaf08f5,SE
01a02d9d-1cb6-72f1-9729-e9414d866ae3,49095160,rua,Rua João Batista Freire,Jabotiana,71df064f-d17f-4cf5-ad45-93ce4e8182a5,SE
01a02d9c-eda1-7f9a-bf01-718eabd2f8ee,49042210,rua,Rua João Batista Machado,São Conrado,71df064f-d17f-4cf5-ad45-93ce4e8182a5,SE
01a02d9c-d206-71b5-b376-5b9e29329c08,49003352,rua,Rua João Batista Perez Garcia Moreno,17 de Março,71df064f-d17f-4cf5-ad45-93ce4e8182a5,SE
01a02d9c-e5f2-7c46-98c8-4323f0b71e2f,49037310,rua,Rua João Batista Pimentel,Aeroporto,71df064f-d17f-4cf5-ad45-93ce4e8182a5,SE
01a02d9c-e004-7b9e-813d-2d1a7c461161,49030355,rua,Rua João Batista Ribeiro,Farolândia,71df064f-d17f-4cf5-ad45-93ce4e8182a5,SE
01a02d9d-3438-7f59-9a6e-54a00badd6b7,49502258,rua,Rua João Batista Santana,Marcela,8d820d6b-d516-4628-8228-0e70dcaf08f5,SE
01a02d9d-4321-7221-ad19-b197a8075320,49511637,rua,Rua João Batista da Fonseca,Queimadas,8d820d6b-d516-4628-8228-0e70dcaf08f5,SE
01a02d9c-eda1-7f9a-beff-53a2d9e0b9c1,49042200,rua,Rua João Batista da Silva,São Conrado,71df064f-d17f-4cf5-ad45-93ce4e8182a5,SE
01a02d9d-3cbe-751c-8dc9-c52fceba87f2,49507505,rua,Rua João Batista de Jesus Oliveira,Oviedo Teixeira,8d820d6b-d516-4628-8228-0e70dcaf08f5,SE
01a02d9d-1cb6-72f1-972b-e86d08d75300,49095173,rua,Rua João Batista de Melo,Jabotiana,71df064f-d17f-4cf5-ad45-93ce4e8182a5,SE
01a02d9d-209c-7757-afb7-f9bc03de0000,49100970,rua,Rua João Bebe Agua 20,Centro,8cf3f8c0-3dcd-4b8c-9193-aab530c1ece0,SE
01a02d9d-305a-7e56-8f05-285bee7d730c,49500481,rua,Rua João Belizário de Andrade,São Cristóvão,8d820d6b-d516-4628-8228-0e70dcaf08f5,SE
01a02d9d-24a1-7e19-9ca7-e4bf653888ff,49072380,rua,Rua João Benevides Marques,Dezoito do Forte,71df064f-d17f-4cf5-ad45-93ce4e8182a5,SE
01a02d9c-ebbe-7ce3-85fa-675cdcc6c592,49041010,rua,Rua João Bezerra Diniz,Inácio Barbosa,71df064f-d17f-4cf5-ad45-93ce4e8182a5,SE
01a02d9c-f754-75e6-9dff-ad8b0644f147,49046000,rua,Rua João Bispo Menezes,Luzia,71df064f-d17f-4cf5-ad45-93ce4e8182a5,SE
01a02d9c-f94a-7a38-9922-a361529d6204,49048520,rua,Rua João Carlos de Oliveira,Luzia,71df064f-d17f-4cf5-ad45-93ce4e8182a5,SE
01a02d9c-e3fc-7d65-92ea-25a8dd00a15c,49032410,rua,Rua João Carneiro de Melo,Farolândia,71df064f-d17f-4cf5-ad45-93ce4e8182a5,SE
01a02d9c-e7d5-7f0d-90a2-dbcb9ba1e7d7,49037620,rua,Rua João Carvalho de Aragão,Atalaia,71df064f-d17f-4cf5-ad45-93ce4e8182a5,SE
01a02d9d-14f5-7946-bb3b-91046d261d28,49089036,rua,Rua João Conceição de Menezes,Soledade,71df064f-d17f-4cf5-ad45-93ce4e8182a5,SE
01a02d9d-3438-7f59-9a72-d143491ae29c,49502267,rua,Rua João Costa Lima Neto,Marcela,8d820d6b-d516-4628-8228-0e70dcaf08f5,SE
01a02d9c-cddd-7fa1-a69d-1e91726c9428,49001087,rua,Rua João Dias Moraes,Aruana,71df064f-d17f-4cf5-ad45-93ce4e8182a5,SE
01a02d9c-d42a-719c-a95c-016c5e475787,49005408,rua,Rua João Dias de Matos,Zona de Expansão (Robalo),71df064f-d17f-4cf5-ad45-93ce4e8182a5,SE
01a02d9c-d42a-719c-a96d-3bca1995b016,49007113,rua,Rua João Dionízio dos Santos,Zona de Expansão (Areia Branca),71df064f-d17f-4cf5-ad45-93ce4e8182a5,SE
01a02d9c-ddf7-7587-abed-3427012308e2,49027290,rua,Rua João Ednaldo Alves dos Santos,Jardins,71df064f-d17f-4cf5-ad45-93ce4e8182a5,SE
01a02d9c-cbc7-7342-966d-f3edbf7da118,49000456,rua,Rua João Felipe da Silva,Aruana,71df064f-d17f-4cf5-ad45-93ce4e8182a5,SE
01a02d9d-0d21-75fb-8f7f-ac2f664f1dd2,49082250,rua,Rua João Ferreira,Novo Paraíso,71df064f-d17f-4cf5-ad45-93ce4e8182a5,SE
01a02d9d-1ac0-7fdd-b3b4-607b777fa032,49092530,rua,Rua João Ferreira Lima,Olaria,71df064f-d17f-4cf5-ad45-93ce4e8182a5,SE
01a02d9d-12ef-73e4-bc65-1b44dcc80b08,49087830,rua,Rua João Figueiroa Neto,Santos Dumont,71df064f-d17f-4cf5-ad45-93ce4e8182a5,SE
01a02d9d-0933-741f-97ba-cab87fb67b91,49072410,rua,Rua João Florêncio,Dezoito do Forte,71df064f-d17f-4cf5-ad45-93ce4e8182a5,SE
01a02d9d-385f-753d-a0a3-0bab357ae2a2,49504171,rua,Rua João Florêncio de Souza,Marianga,8d820d6b-d516-4628-8228-0e70dcaf08f5,SE
01a02d9d-343a-7f6e-add2-80bae7c86c9e,49503232,rua,Rua João Francisco da Cunha,Serrano,8d820d6b-d516-4628-8228-0e70dcaf08f5,SE
01a02d9d-0352-759b-b6f6-8e095eaa01f4,49067140,rua,Rua João Francisco de Oliveira,Porto D'Antas,71df064f-d17f-4cf5-ad45-93ce4e8182a5,SE
01a02d9c-ff48-7f69-9d18-dac00233b3d6,49061064,rua,Rua João Francisco de Oliveira,Santo Antônio,71df064f-d17f-4cf5-ad45-93ce4e8182a5,SE
01a02d9d-3cbd-7399-baab-176fd0f9eace,49506713,rua,Rua João Francisco de Oliveira,Doutor José Milton Machado,8d820d6b-d516-4628-8228-0e70dcaf08f5,SE
01a02d9d-4320-7220-a399-61ba8b9a160f,49511260,rua,Rua João Francisco de Souza,Queimadas,8d820d6b-d516-4628-8228-0e70dcaf08f5,SE
01a02d9d-323c-7f76-968d-f0f3250501ba,49502179,rua,Rua João Francisco dos Reis,Marcela,8d820d6b-d516-4628-8228-0e70dcaf08f5,SE
01a02d9c-e200-75c4-9b6b-c069ac0e97d4,49032070,rua,Rua João Gama da Silva,Farolândia,71df064f-d17f-4cf5-ad45-93ce4e8182a5,SE
01a02d9c-e5f2-7c46-98c9-721122434dbb,49037320,rua,Rua João Garcez Vieira,Aeroporto,71df064f-d17f-4cf5-ad45-93ce4e8182a5,SE
01a02d9d-269e-7c85-a499-c5964d8c6408,49043850,rua,Rua João Gerônimo Crispim,Santa Maria,71df064f-d17f-4cf5-ad45-93ce4e8182a5,SE
01a02d9c-f949-7900-9f23-60033055af01,49048200,rua,Rua João Gomes,Luzia,71df064f-d17f-4cf5-ad45-93ce4e8182a5,SE
01a02d9d-1cb8-74ef-96da-bb633849dd14,49095796,rua,Rua João Gêniton da Costa,Jabotiana,71df064f-d17f-4cf5-ad45-93ce4e8182a5,SE
01a02d9c-cddb-7546-8db7-ed50dc08843d,49000759,rua,Rua João Henrique Meneses Fonseca,Aruana,71df064f-d17f-4cf5-ad45-93ce4e8182a5,SE
01a02d9c-e3fc-7d65-92f0-6f5fd9c362c7,49032446,rua,Rua João Honorato Santana,Farolândia,71df064f-d17f-4cf5-ad45-93ce4e8182a5,SE
01a02d9c-e3ff-7873-8186-a09eb692ab43,49035410,rua,Rua João Hora de Oliveira,Coroa do Meio,71df064f-d17f-4cf5-ad45-93ce4e8182a5,SE
01a02d9d-14f5-7946-bb42-105dad3b3596,49089069,rua,Rua João Isaias,Soledade,71df064f-d17f-4cf5-ad45-93ce4e8182a5,SE
01a02d9c-f390-7cbc-b2b2-3c813383f8da,49044313,rua,Rua João Jones Sevidanes,Santa Maria,71df064f-d17f-4cf5-ad45-93ce4e8182a5,SE
01a02d9d-1cb6-72f1-972a-86aa9e2b08cb,49095170,rua,Rua João Leal Soares,Jabotiana,71df064f-d17f-4cf5-ad45-93ce4e8182a5,SE
01a02d9d-385f-7de5-a0b8-0765c4891216,49504328,rua,Rua João Leite de Andrade,Marianga,8d820d6b-d516-4628-8228-0e70dcaf08f5,SE
01a02d9d-3aa8-748e-8ee7-2fc62b808997,49505370,rua,Rua João Lima,Miguel Teles de Mendonça,8d820d6b-d516-4628-8228-0e70dcaf08f5,SE
01a02d9c-ddf5-7b85-b403-3042dff92f1f,49025745,rua,Rua João Lins Carneiro Albuquerque Filho,Jardins,71df064f-d17f-4cf5-ad45-93ce4e8182a5,SE
01a02d9c-f949-7900-9f22-bce54407ac66,49048190,rua,Rua João Mascarenhas,Luzia,71df064f-d17f-4cf5-ad45-93ce4e8182a5,SE
01a02d9c-e201-7703-abc1-1ec5006e3815,49032240,rua,Rua João Matos Carvalho,Farolândia,71df064f-d17f-4cf5-ad45-93ce4e8182a5,SE
01a02d9c-f753-7d73-94ee-25258dd2b5cc,49045670,rua,Rua João Melo,Luzia,71df064f-d17f-4cf5-ad45-93ce4e8182a5,SE
01a02d9c-d429-7038-aafc-e9ef1503f685,49005080,rua,Rua João Menezes de Andrade,Zona de Expansão (Robalo),71df064f-d17f-4cf5-ad45-93ce4e8182a5,SE
01a02d9c-d206-7aa1-b389-356cd4b0a0e7,49004021,rua,Rua João Mota dos Santos,Zona de Expansão (Robalo),71df064f-d17f-4cf5-ad45-93ce4e8182a5,SE
01a02d9c-e005-7461-8bc1-26cc8a2fab42,49030430,rua,Rua João Muniz Barreto,Farolândia,71df064f-d17f-4cf5-ad45-93ce4e8182a5,SE
01a02d9c-e200-7e62-9b7b-0f0f7e66a368,49032200,rua,Rua João Nelson de Melo,Farolândia,71df064f-d17f-4cf5-ad45-93ce4e8182a5,SE
01a02d9c-e5f0-7178-9258-308d1bf75b70,49036110,rua,Rua João Nunes de Andrade,Atalaia,71df064f-d17f-4cf5-ad45-93ce4e8182a5,SE
01a02d9d-4121-7ecb-9227-a0146d4637be,49509770,rua,Rua João Nunes de Rezende,Porto,8d820d6b-d516-4628-8228-0e70dcaf08f5,SE
01a02d9d-4120-7d78-994d-2f97e534483e,49509616,rua,Rua João Nunes de Rezende,Porto,8d820d6b-d516-4628-8228-0e70dcaf08f5,SE
01a02d9d-4120-7d78-9946-4d6c25cb6996,49509269,rua,Rua João Nunes de Rezende,Mamede Paes Mendonça,8d820d6b-d516-4628-8228-0e70dcaf08f5,SE
01a02d9d-4120-74d5-9943-8b44e85979af,49509260,rua,Rua João Nunes de Rezende,Mamede Paes Mendonça,8d820d6b-d516-4628-8228-0e70dcaf08f5,SE
01a02d9d-3cbd-7c5a-bac3-507822db8254,49506873,rua,Rua João Oliveira Santos,Doutor José Milton Machado,8d820d6b-d516-4628-8228-0e70dcaf08f5,SE
01a02d9d-1cb6-72f1-972c-ced1f6a25719,49095180,rua,Rua João Ouro,Jabotiana,71df064f-d17f-4cf5-ad45-93ce4e8182a5,SE
01a02d9d-18d7-70ae-8e39-86c111a878fc,49092010,rua,Rua João Passos,Olaria,71df064f-d17f-4cf5-ad45-93ce4e8182a5,SE
01a02d9c-ebbf-7575-9af2-ab4c130862e0,49041110,rua,Rua João Pereira Feitosa,Inácio Barbosa,71df064f-d17f-4cf5-ad45-93ce4e8182a5,SE
01a02d9d-3cbd-7c5a-bac6-e966eff4bb27,49507073,rua,Rua João Pereira da Silva,Doutor José Milton Machado,8d820d6b-d516-4628-8228-0e70dcaf08f5,SE
01a02d9c-d813-7423-997a-a0c676d8787e,49010130,rua,Rua João Pessoa,Centro,71df064f-d17f-4cf5-ad45-93ce4e8182a5,SE
01a02d9d-209e-776f-b189-d4161ed012b8,49520970,rua,Rua João Pessoa 29,Centro,f27d5243-a243-400a-a384-6a95c20e487d,SE
01a02d9c-da16-7cc8-b919-d954891ce74a,49010911,rua,Rua João Pessoa 320,Centro,71df064f-d17f-4cf5-ad45-93ce4e8182a5,SE
01a02d9d-305b-76f3-b879-1859ebff0db3,49500561,rua,Rua João Retratista,São Cristóvão,8d820d6b-d516-4628-8228-0e70dcaf08f5,SE
01a02d9d-0551-742a-a2d5-f0982eb743ee,49069120,rua,Rua João Ribeiro,Porto D'Antas,71df064f-d17f-4cf5-ad45-93ce4e8182a5,SE
01a02d9c-d207-7bed-80c8-fd0711a0e75e,49004460,rua,Rua João Ribeiro de Almeida,Zona de Expansão (Robalo),71df064f-d17f-4cf5-ad45-93ce4e8182a5,SE
01a02d9c-f94b-72d4-872a-dd65fa3270d8,49050420,rua,Rua João Rocha Sobrinho,Pereira Lobo,71df064f-d17f-4cf5-ad45-93ce4e8182a5,SE
01a02d9c-f94a-719e-991b-da174532b109,49048410,rua,Rua João Rodrigues de Miranda,Luzia,71df064f-d17f-4cf5-ad45-93ce4e8182a5,SE
01a02d9c-ddf5-72f5-b3f5-0994859f610b,49025480,rua,Rua João Santana,Grageru,71df064f-d17f-4cf5-ad45-93ce4e8182a5,SE
01a02d9d-3cbe-751c-8dd2-e22030e73629,49507655,rua,Rua João Silveira,Oviedo Teixeira,8d820d6b-d516-4628-8228-0e70dcaf08f5,SE
01a02d9c-e005-7461-8bc2-691aa04a8997,49030440,rua,Rua João Smith,Farolândia,71df064f-d17f-4cf5-ad45-93ce4e8182a5,SE
01a02d9d-1ea4-7ff5-8822-07a0234ca07d,49097320,rua,Rua João Soares Nascimento,Ponto Novo,71df064f-d17f-4cf5-ad45-93ce4e8182a5,SE
01a02d9d-3cbe-751c-8dc5-bf7b0a7f7ce8,49507485,rua,Rua João Tavares de Jesus,Oviedo Teixeira,8d820d6b-d516-4628-8228-0e70dcaf08f5,SE
01a02d9d-3624-7ba9-9203-2c8ab25287a6,49503674,rua,Rua João Teixeira Lobo,Anízio Amancio de Oliveira,8d820d6b-d516-4628-8228-0e70dcaf08f5,SE
01a02d9c-ddf6-7cf2-a35b-41495e77f133,49027140,rua,Rua João Teles da Costa,Grageru,71df064f-d17f-4cf5-ad45-93ce4e8182a5,SE
01a02d9d-12f0-7662-a19e-3171e4507801,49088220,rua,Rua João Ubaldo Ribeiro,Lamarão,71df064f-d17f-4cf5-ad45-93ce4e8182a5,SE
01a02d9c-ddf6-7cf2-a35c-fcee22db8bd9,49027150,rua,Rua João Vieira de Aquino,Grageru,71df064f-d17f-4cf5-ad45-93ce4e8182a5,SE
01a02d9c-d42a-7a3b-a976-c2a2cb666b4c,49007149,rua,Rua João de Deus,Zona de Expansão (Areia Branca),71df064f-d17f-4cf5-ad45-93ce4e8182a5,SE
01a02d9d-4320-7220-a39b-1f3dbe6c94ea,49511375,rua,Rua João de Deus Freitas,Queimadas,8d820d6b-d516-4628-8228-0e70dcaf08f5,SE
01a02d9d-18d4-7e38-ad8a-56547f69f347,49090430,rua,Rua João de Deus Oliveira,Jardim Centenário,71df064f-d17f-4cf5-ad45-93ce4e8182a5,SE
01a02d9d-3aab-7022-8df4-0b9ba461a9ab,49506252,rua,Rua João de Melo Rezende,Rotary Club de Itabaiana,8d820d6b-d516-4628-8228-0e70dcaf08f5,SE
01a02d9d-1cb7-7406-bec5-405e10106f48,49095430,rua,Rua João de Souza Leal,Jabotiana,71df064f-d17f-4cf5-ad45-93ce4e8182a5,SE
01a02d9c-f575-7be3-975c-c3fbfc70ab93,49045330,rua,Rua João do Sacramento,Luzia,71df064f-d17f-4cf5-ad45-93ce4e8182a5,SE
01a02d9d-305b-76f3-b877-1444f7622d3c,49500555,rua,Rua João dos Santos,São Cristóvão,8d820d6b-d516-4628-8228-0e70dcaf08f5,SE
01a02d9d-18d5-7f7e-9b2a-9b5d67dc1898,49090549,rua,Rua João dos Santos Cunha,Bugio,71df064f-d17f-4cf5-ad45-93ce4e8182a5,SE
01a02d9c-ebbf-7575-9af6-f407195e5987,49041120,rua,Rua João Ávila Neto,Inácio Barbosa,71df064f-d17f-4cf5-ad45-93ce4e8182a5,SE
01a02d9c-ddf5-72f5-b3ec-1fae66389c5c,49025370,rua,Rua Juarez Carvalho,Jardins,71df064f-d17f-4cf5-ad45-93ce4e8182a5,SE
01a02d9c-f754-7e84-9e04-04ad260b9a94,49046070,rua,Rua Juarez Gomes da Rocha,Luzia,71df064f-d17f-4cf5-ad45-93ce4e8182a5,SE
01a02d9c-eda1-7f9a-bf0f-6c9b50c4c685,49042280,rua,Rua Juarez Oliveira Leal,São Conrado,71df064f-d17f-4cf5-ad45-93ce4e8182a5,SE
01a02d9c-e1fe-7b93-b66c-4beed078b57c,49031220,rua,Rua Juarez de Oliveira Ribeiro,Farolândia,71df064f-d17f-4cf5-ad45-93ce4e8182a5,SE
01a02d9d-3cbc-7ae2-a5be-ae0010bc4b14,49506513,rua,Rua Juazeiro,Doutor José Milton Machado,8d820d6b-d516-4628-8228-0e70dcaf08f5,SE
01a02d9d-343a-7f6e-ade3-944fd9b412f4,49503318,rua,Rua Juca Monteiro,Anízio Amancio de Oliveira,8d820d6b-d516-4628-8228-0e70dcaf08f5,SE
01a02d9d-343b-7f7d-a389-a5ffef6a158f,49503390,rua,Rua Juca Monteiro,Anízio Amancio de Oliveira,8d820d6b-d516-4628-8228-0e70dcaf08f5,SE
01a02d9d-385e-73f3-b530-75ff3f2a6268,49504060,rua,Rua Juca Monteiro,Marianga,8d820d6b-d516-4628-8228-0e70dcaf08f5,SE
01a02d9d-385e-7c9a-b53d-a604a986267e,49504099,rua,Rua Juca Monteiro,Marianga,8d820d6b-d516-4628-8228-0e70dcaf08f5,SE
01a02d9d-3861-7807-bf86-05e8e9deac44,49505010,rua,Rua Juca Monteiro,Miguel Teles de Mendonça,8d820d6b-d516-4628-8228-0e70dcaf08f5,SE
01a02d9d-2c77-769a-94e4-65c09033a59d,49500025,rua,Rua Juca Monteiro,Centro,8d820d6b-d516-4628-8228-0e70dcaf08f5,SE
01a02d9d-1ea5-788f-9d7e-78dc3c6d71f4,49097360,rua,Rua Juca Prado,Ponto Novo,71df064f-d17f-4cf5-ad45-93ce4e8182a5,SE
01a02d9d-4120-74d5-9940-729a56fa5e29,49509215,rua,Rua Judite Dantas de Andrade,Mamede Paes Mendonça,8d820d6b-d516-4628-8228-0e70dcaf08f5,SE
01a02d9c-dc0b-7b5e-82c6-fde8961a1876,49025070,rua,Rua Juiz José Emídio da Costa Sobrinho,Jardins,71df064f-d17f-4cf5-ad45-93ce4e8182a5,SE
01a02d9c-e7d4-7de6-810f-e02b0ceda8f0,49037410,rua,Rua Juiz Moacir Sobral,Atalaia,71df064f-d17f-4cf5-ad45-93ce4e8182a5,SE
01a02d9d-0f10-73f0-ba6b-90cc6006d879,49085190,rua,Rua Juiz Mário Almeida Lobão,José Conrado de Araújo,71df064f-d17f-4cf5-ad45-93ce4e8182a5,SE
01a02d9c-e5f0-79f6-9266-ea4beb6c5290,49037023,rua,Rua Jules Norman de Souza,Aeroporto,71df064f-d17f-4cf5-ad45-93ce4e8182a5,SE
01a02d9d-3f00-7855-9adf-03dcb1cc1714,49507780,rua,Rua Julia Marssola Faria,Oviedo Teixeira,8d820d6b-d516-4628-8228-0e70dcaf08f5,SE
01a02d9d-3f01-70fa-8553-8bdec4d9f178,49507850,rua,Rua Julia Mendonça Almeida,Oviedo Teixeira,8d820d6b-d516-4628-8228-0e70dcaf08f5,SE
01a02d9d-0145-7b2d-ae34-c99afcd293b3,49065490,rua,Rua Julieta Pereira Alves,Industrial,71df064f-d17f-4cf5-ad45-93ce4e8182a5,SE
01a02d9d-1ea4-7ff5-8814-d13a05f227b7,49097215,rua,Rua Jurandi Gomes de Santana,Ponto Novo,71df064f-d17f-4cf5-ad45-93ce4e8182a5,SE
01a02d9c-f755-771f-a98b-dc4b0bd94056,49047220,rua,Rua Juscelino Kubitschek,Ponto Novo,71df064f-d17f-4cf5-ad45-93ce4e8182a5,SE
01a02d9d-4123-7039-8e41-67bfc7709f1b,49509885,rua,Rua Juvencio Francisco de Lima,Porto,8d820d6b-d516-4628-8228-0e70dcaf08f5,SE
01a02d9d-18d5-7f7e-9b2b-c4a67e927773,49090550,rua,Rua Juvêncio Hilário de Santana,Bugio,71df064f-d17f-4cf5-ad45-93ce4e8182a5,SE
01a02d9c-e5f2-7c46-98cf-c8d9f2e10999,49037359,rua,Rua Júlia Maria dos Santos,Aeroporto,71df064f-d17f-4cf5-ad45-93ce4e8182a5,SE
01a02d9d-3623-7b7e-a118-e38bed49951e,49503595,rua,Rua Júlia de Oliveira dos Santos,Anízio Amancio de Oliveira,8d820d6b-d516-4628-8228-0e70dcaf08f5,SE
01a02d9c-e7d6-77a3-a999-b3456a7d8597,49037843,rua,Rua Júlio César Leite,Aeroporto,71df064f-d17f-4cf5-ad45-93ce4e8182a5,SE
01a02d9c-d61a-75a6-bc33-e35b5a40cd62,49008193,rua,Rua Júlio César Pinto,Zona de Expansão (Mosqueiro),71df064f-d17f-4cf5-ad45-93ce4e8182a5,SE
01a02d9d-3aab-7022-8df5-c840cc9c2fab,49506255,rua,Rua Júlio Rezende,Rotary Club de Itabaiana,8d820d6b-d516-4628-8228-0e70dcaf08f5,SE
01a02d9c-dc0a-7b31-a96e-4a692244f117,49020300,rua,Rua Júlio Santana,Treze de Julho,71df064f-d17f-4cf5-ad45-93ce4e8182a5,SE
01a02d9d-3aa7-7bdf-876d-4b14330f48fb,49505126,rua,Rua Júlio Soares da Silva,Miguel Teles de Mendonça,8d820d6b-d516-4628-8228-0e70dcaf08f5,SE
01a02d9c-ddf5-7b85-b406-feca476d87be,49025780,rua,Rua Júlio Sobral Prado,Grageru,71df064f-d17f-4cf5-ad45-93ce4e8182a5,SE
01a02d9c-e9ce-7602-8bf8-a478a79755de,49040300,rua,Rua Júpiter,Inácio Barbosa,71df064f-d17f-4cf5-ad45-93ce4e8182a5,SE
01a02d9d-0550-7312-898f-90047d364b1e,49067211,rua,Rua K,Porto D'Antas,71df064f-d17f-4cf5-ad45-93ce4e8182a5,SE
01a02d9d-2c73-7a46-9e96-b59581058bcd,49071353,rua,Rua K,Dom Luciano,71df064f-d17f-4cf5-ad45-93ce4e8182a5,SE
01a02d9d-24a0-7e28-9b5a-da0435dce90c,49069243,rua,Rua K,Porto D'Antas,71df064f-d17f-4cf5-ad45-93ce4e8182a5,SE
01a02d9d-18d5-76cf-9b17-340a19caff07,49090479,rua,Rua K,Bugio,71df064f-d17f-4cf5-ad45-93ce4e8182a5,SE
01a02d9c-e7d7-700e-a272-9a4f631aadef,49038040,rua,Rua K,Atalaia,71df064f-d17f-4cf5-ad45-93ce4e8182a5,SE
01a02d9d-2c76-7566-8365-c5fa3b1fc04c,49089421,rua,Rua K,Soledade,71df064f-d17f-4cf5-ad45-93ce4e8182a5,SE
01a02d9d-0143-7719-a5ab-1208ff8b28ae,49063196,rua,Rua K,Japãozinho,71df064f-d17f-4cf5-ad45-93ce4e8182a5,SE
01a02d9c-cbc7-7342-9672-71c3fa3be4a7,49000471,rua,Rua K,Aruana,71df064f-d17f-4cf5-ad45-93ce4e8182a5,SE
01a02d9c-cddb-7de0-8dbf-9d866906a1ee,49000783,rua,Rua K,Aruana,71df064f-d17f-4cf5-ad45-93ce4e8182a5,SE
01a02d9c-cddc-764c-b1b8-50cd1b0739e4,49000843,rua,Rua K,Aruana,71df064f-d17f-4cf5-ad45-93ce4e8182a5,SE
01a02d9c-d61c-75c9-ba18-9c994397f223,49008354,rua,Rua K,Zona de Expansão (Mosqueiro),71df064f-d17f-4cf5-ad45-93ce4e8182a5,SE
01a02d9c-d61c-75c9-ba29-f21bef51dc4e,49008417,rua,Rua K,Zona de Expansão (Mosqueiro),71df064f-d17f-4cf5-ad45-93ce4e8182a5,SE
01a02d9d-3cbc-7ae2-a5bd-fc40f2849fca,49506510,rua,Rua Karolina com K,Doutor José Milton Machado,8d820d6b-d516-4628-8228-0e70dcaf08f5,SE
01a02d9d-12ef-73e4-bc66-768a996f5344,49087836,rua,Rua Kelly Cristina Santana,Santos Dumont,71df064f-d17f-4cf5-ad45-93ce4e8182a5,SE
01a02d9d-2c73-7a46-9e97-32987372d3b0,49071356,rua,Rua L,Dom Luciano,71df064f-d17f-4cf5-ad45-93ce4e8182a5,SE
01a02d9d-0745-7d7a-b49b-c1bfd9fdd650,49071212,rua,Rua L,Dom Luciano,71df064f-d17f-4cf5-ad45-93ce4e8182a5,SE
01a02d9d-269f-751d-8469-106baf16eb28,49089209,rua,Rua L,Soledade,71df064f-d17f-4cf5-ad45-93ce4e8182a5,SE
01a02d9d-22a7-7785-8877-636bccb8cff7,49069240,rua,Rua L,Porto D'Antas,71df064f-d17f-4cf5-ad45-93ce4e8182a5,SE
01a02d9d-1ea3-7ec2-852c-7812361b2d11,49096261,rua,Rua L,Jabotiana,71df064f-d17f-4cf5-ad45-93ce4e8182a5,SE
01a02d9d-16ee-760e-8e2b-8e4a74931b21,49089409,rua,Rua L,Soledade,71df064f-d17f-4cf5-ad45-93ce4e8182a5,SE
01a02d9c-ebbf-7575-9af1-4ff9c66aa203,49041094,rua,Rua L,Inácio Barbosa,71df064f-d17f-4cf5-ad45-93ce4e8182a5,SE
01a02d9c-ef93-708a-91a1-00809330b481,49043343,rua,Rua L,São Conrado,71df064f-d17f-4cf5-ad45-93ce4e8182a5,SE
01a02d9c-cbc7-7342-9676-c86f63056195,49000483,rua,Rua L,Aruana,71df064f-d17f-4cf5-ad45-93ce4e8182a5,SE
01a02d9c-cddb-7de0-8dc0-3fde169a99cd,49000786,rua,Rua L,Aruana,71df064f-d17f-4cf5-ad45-93ce4e8182a5,SE
01a02d9c-cddc-764c-b1b9-e6535ead8c06,49000846,rua,Rua L,Aruana,71df064f-d17f-4cf5-ad45-93ce4e8182a5,SE
01a02d9c-cddd-7fa1-a699-18a5bec0b9e8,49001075,rua,Rua L,Aruana,71df064f-d17f-4cf5-ad45-93ce4e8182a5,SE
01a02d9c-cfee-7020-b48e-afc8ebe84e4b,49001285,rua,Rua L,Aruana,71df064f-d17f-4cf5-ad45-93ce4e8182a5,SE
01a02d9c-d429-78f1-ab0a-2f96675529e4,49005125,rua,Rua L,Zona de Expansão (Robalo),71df064f-d17f-4cf5-ad45-93ce4e8182a5,SE
01a02d9c-d61b-75e8-9a7c-2bafe46e24c4,49008336,rua,Rua L,Zona de Expansão (Mosqueiro),71df064f-d17f-4cf5-ad45-93ce4e8182a5,SE
01a02d9d-305c-7827-b064-67beb9bd1340,49500705,rua,Rua L,São Cristóvão,8d820d6b-d516-4628-8228-0e70dcaf08f5,SE
01a02d9c-e400-71e8-a26e-c52fa31e3806,49035536,rua,Rua L 5,Coroa do Meio,71df064f-d17f-4cf5-ad45-93ce4e8182a5,SE
01a02d9d-3cbd-7c5a-bac4-84b1509e120b,49506876,rua,Rua L Oliveira,Doutor José Milton Machado,8d820d6b-d516-4628-8228-0e70dcaf08f5,SE
01a02d9d-14f6-71e6-bb22-db68c883b65a,49089194,rua,Rua L1,Soledade,71df064f-d17f-4cf5-ad45-93ce4e8182a5,SE
01a02d9c-f38c-7493-b09e-03a8e8917ab1,49044133,rua,Rua L2,Santa Maria,71df064f-d17f-4cf5-ad45-93ce4e8182a5,SE
01a02d9c-e400-71e8-a26d-9d81ed4224b8,49035533,rua,Rua L4,Coroa do Meio,71df064f-d17f-4cf5-ad45-93ce4e8182a5,SE
01a02d9c-f754-7e84-9e10-035600aebccc,49047033,rua,Rua Laerte da Fonseca Hora,Ponto Novo,71df064f-d17f-4cf5-ad45-93ce4e8182a5,SE
01a02d9c-da14-7af6-895a-69ed361d00da,49010390,rua,Rua Lagarto,Centro,71df064f-d17f-4cf5-ad45-93ce4e8182a5,SE
01a02d9c-da18-763e-b53e-2911a0724b41,49015270,rua,Rua Lagarto,São José,71df064f-d17f-4cf5-ad45-93ce4e8182a5,SE
01a02d9c-dc0a-7b31-a96c-9d88c43ebacb,49020290,rua,Rua Lagarto,Salgado Filho,71df064f-d17f-4cf5-ad45-93ce4e8182a5,SE
01a02d9c-d429-78f1-ab11-c3d69e30cba9,49005290,rua,Rua Lago Azul,Zona de Expansão (Robalo),71df064f-d17f-4cf5-ad45-93ce4e8182a5,SE
01a02d9d-0551-742a-a2d8-aec08e73bea5,49069129,rua,Rua Lagoa Santa,Porto D'Antas,71df064f-d17f-4cf5-ad45-93ce4e8182a5,SE
01a02d9c-fb6b-7d73-b2de-ca0f2d5cf1d5,49055380,rua,Rua Laranjeiras,Getúlio Vargas,71df064f-d17f-4cf5-ad45-93ce4e8182a5,SE
01a02d9c-d813-7423-996d-b2c226f629be,49010000,rua,Rua Laranjeiras,Centro,71df064f-d17f-4cf5-ad45-93ce4e8182a5,SE
01a02d9c-da16-7460-b910-bd7061601090,49010902,rua,Rua Laranjeiras 229,Centro,71df064f-d17f-4cf5-ad45-93ce4e8182a5,SE
01a02d9c-da16-7cc8-b91a-4935afc551c6,49010970,rua,Rua Laranjeiras 229,Centro,71df064f-d17f-4cf5-ad45-93ce4e8182a5,SE
01a02d9c-da16-7cc8-b91c-ed8d717dc920,49010972,rua,Rua Laranjeiras 229,Centro,71df064f-d17f-4cf5-ad45-93ce4e8182a5,SE
01a02d9d-0743-72e7-9f9d-1c9ab056d769,49070260,rua,Rua Laudelino Freire,Cidade Nova,71df064f-d17f-4cf5-ad45-93ce4e8182a5,SE
01a02d9d-16ef-7744-b449-5a579b6b5151,49090170,rua,Rua Laudelino José dos Santos,Bugio,71df064f-d17f-4cf5-ad45-93ce4e8182a5,SE
01a02d9d-18d5-76cf-9b1d-d80439144cf7,49090500,rua,Rua Laudelino Raimundo Santos Filho,Jardim Centenário,71df064f-d17f-4cf5-ad45-93ce4e8182a5,SE
01a02d9c-cfef-7a0f-80af-e83d1642e777,49003313,rua,Rua Laudelino de Oliveira Freire,17 de Março,71df064f-d17f-4cf5-ad45-93ce4e8182a5,SE
01a02d9d-16ee-7ea5-8e4f-2ae101b97f77,49090113,rua,Rua Laudelino dos Santos,Jardim Centenário,71df064f-d17f-4cf5-ad45-93ce4e8182a5,SE
01a02d9c-ebbe-7452-85ed-ab16ba045020,49040730,rua,Rua Laudicea Ferreira Andrade,Inácio Barbosa,71df064f-d17f-4cf5-ad45-93ce4e8182a5,SE
01a02d9c-dc0a-7b31-a968-059d51c03067,49020250,rua,Rua Laura Fontes,Treze de Julho,71df064f-d17f-4cf5-ad45-93ce4e8182a5,SE
01a02d9d-4123-78e5-8e51-cde7e9eca705,49510155,rua,Rua Laurentino Alves dos Santos,Porto,8d820d6b-d516-4628-8228-0e70dcaf08f5,SE
01a02d9c-f949-7900-9f24-09e5c6cbdc2b,49048220,rua,Rua Laurindo Cerqueira,Luzia,71df064f-d17f-4cf5-ad45-93ce4e8182a5,SE
01a02d9d-16ef-7744-b450-676b29eb0430,49090223,rua,Rua Lauro Azevedo de Souza,Bugio,71df064f-d17f-4cf5-ad45-93ce4e8182a5,SE
01a02d9c-f390-73e4-b2a5-8e6cef215e4e,49044289,rua,Rua Laércio Morais de Miranda,Santa Maria,71df064f-d17f-4cf5-ad45-93ce4e8182a5,SE
01a02d9c-ebbf-7575-9af7-1fd7d5dc28c0,49041123,rua,Rua Laís Grangeiro de Queiroz,Inácio Barbosa,71df064f-d17f-4cf5-ad45-93ce4e8182a5,SE
01a02d9c-e005-7d15-8bc8-f9a6d95b9ff1,49030500,rua,Rua Lealdo Ferreira de Melo,Farolândia,71df064f-d17f-4cf5-ad45-93ce4e8182a5,SE
01a02d9d-3cbe-751c-8dc8-9d7360802f34,49507500,rua,Rua Leda Moura,Oviedo Teixeira,8d820d6b-d516-4628-8228-0e70dcaf08f5,SE
01a02d9c-f38c-7e64-b0a6-aede14d06cc7,49044150,rua,Rua Lei do Ventre Livre,Santa Maria,71df064f-d17f-4cf5-ad45-93ce4e8182a5,SE
01a02d9c-f38c-7493-b0a1-8475be10ff36,49044140,rua,Rua Lei Áurea,Santa Maria,71df064f-d17f-4cf5-ad45-93ce4e8182a5,SE
01a02d9c-e1fe-72c4-b65c-58cd43f2e983,49031040,rua,Rua Lenio de Moura Morais,Farolândia,71df064f-d17f-4cf5-ad45-93ce4e8182a5,SE
01a02d9c-cbc6-721d-a98c-a5b5b5b86e47,49000299,rua,Rua Leonardo José de Lima,Aruana,71df064f-d17f-4cf5-ad45-93ce4e8182a5,SE
01a02d9d-1ac0-7fdd-b3b8-b69d165c1848,49092570,rua,Rua Leonardo Teixeira Menezes,Olaria,71df064f-d17f-4cf5-ad45-93ce4e8182a5,SE
01a02d9c-f94b-72d4-8731-9ba89214f533,49050485,rua,Rua Leonel Curvelo,Suíssa,71df064f-d17f-4cf5-ad45-93ce4e8182a5,SE
01a02d9c-fb69-7a00-8c14-baf44ca0378a,49052125,rua,Rua Leonel Curvelo,Pereira Lobo,71df064f-d17f-4cf5-ad45-93ce4e8182a5,SE
01a02d9c-e3fc-7d65-92ee-15436a16da6a,49032440,rua,Rua Leonídia Rodrigues Santos,Farolândia,71df064f-d17f-4cf5-ad45-93ce4e8182a5,SE
01a02d9d-209d-7771-ba9b-ac24c990c959,49320970,rua,Rua Leopoldo Braque 6,Centro,fb3f689a-e41b-4907-900b-69f61ab50d58,SE
01a02d9c-f199-7c7c-a684-d2a498579e14,49043712,rua,Rua Leopoldo Lourenço da Silva,Santa Maria,71df064f-d17f-4cf5-ad45-93ce4e8182a5,SE
01a02d9c-ddf5-72f5-b3ed-70b61b919dd1,49025380,rua,Rua Leopoldo Mesquita,Grageru,71df064f-d17f-4cf5-ad45-93ce4e8182a5,SE
01a02d9c-e3fd-7623-b62e-4663ffd291dd,49032450,rua,Rua Leovegildo Martins Fontes,Farolândia,71df064f-d17f-4cf5-ad45-93ce4e8182a5,SE
01a02d9d-18d6-7818-a95d-f0ce43fc901c,49091049,rua,Rua Levi Alves Nogueira,Jardim Centenário,71df064f-d17f-4cf5-ad45-93ce4e8182a5,SE
01a02d9c-f38f-7ad9-b408-6d9380ffbc98,49044274,rua,Rua Leyse Regina Alves,Santa Maria,71df064f-d17f-4cf5-ad45-93ce4e8182a5,SE
01a02d9d-28aa-7d74-8795-a51537761fff,49043627,rua,Rua Liberdade,Santa Maria,71df064f-d17f-4cf5-ad45-93ce4e8182a5,SE
01a02d9c-f755-771f-a99e-622c8393fc59,49047456,rua,Rua Lindalva Silva Dantas,Ponto Novo,71df064f-d17f-4cf5-ad45-93ce4e8182a5,SE
01a02d9d-3623-7b7e-a128-9d25ce45a18e,49503641,rua,Rua Lindolfa Oliveira Góis,Anízio Amancio de Oliveira,8d820d6b-d516-4628-8228-0e70dcaf08f5,SE
01a02d9c-d61a-75a6-bc34-4afa90680418,49008196,rua,Rua Lino Bispo Maia,Zona de Expansão (Mosqueiro),71df064f-d17f-4cf5-ad45-93ce4e8182a5,SE
01a02d9d-3aab-7022-8e01-428f8aab193c,49506294,rua,Rua Lourenço Alves dos Santos,Rotary Club de Itabaiana,8d820d6b-d516-4628-8228-0e70dcaf08f5,SE
01a02d9c-e5f1-7b1d-840a-a5618f5b4e43,49037193,rua,Rua Lourenço Morais de Almeida,Aeroporto,71df064f-d17f-4cf5-ad45-93ce4e8182a5,SE
01a02d9c-e9ce-7602-8bfa-707bbecd283b,49040320,rua,Rua Lourival Andrade,Inácio Barbosa,71df064f-d17f-4cf5-ad45-93ce4e8182a5,SE
01a02d9d-22a3-7c84-a919-6d366ccdfbe6,49810970,rua,"Rua Lourival Batista, s/n",Centro,080c1aaf-d0dd-4c5e-a81f-862a81c743a4,SE
01a02d9c-ddf5-72f5-b3ee-4ba0baed3fae,49025390,rua,Rua Lourival Chagas,Grageru,71df064f-d17f-4cf5-ad45-93ce4e8182a5,SE
01a02d9c-e5f1-7b1d-8405-9289a096451e,49037150,rua,Rua Lourival Emílio Prata,Aeroporto,71df064f-d17f-4cf5-ad45-93ce4e8182a5,SE
01a02d9d-3cbc-724f-a5b4-a1dca4e0cbf3,49506358,rua,Rua Lourival Frique do Prado,Doutor José Milton Machado,8d820d6b-d516-4628-8228-0e70dcaf08f5,SE
01a02d9d-323c-7f76-967f-4c4a874bccbc,49502121,rua,Rua Lourival Nicolau,Marcela,8d820d6b-d516-4628-8228-0e70dcaf08f5,SE
01a02d9c-f94a-719e-9916-16047c0a2e1f,49048380,rua,Rua Lourival do Prado Barreto,Luzia,71df064f-d17f-4cf5-ad45-93ce4e8182a5,SE
01a02d9d-3cbc-7ae2-a5c4-094d8fe847ec,49506531,rua,Rua Luar do Sertão,Doutor José Milton Machado,8d820d6b-d516-4628-8228-0e70dcaf08f5,SE
01a02d9c-f94a-719e-9917-10fa85713d5d,49048383,rua,Rua Luciano Monteiro Sobral,Luzia,71df064f-d17f-4cf5-ad45-93ce4e8182a5,SE
01a02d9d-1ea5-788f-9d7f-e024a8b627fd,49097370,rua,Rua Luciano Nascimento,Ponto Novo,71df064f-d17f-4cf5-ad45-93ce4e8182a5,SE
01a02d9c-f199-7c7c-a685-56443dcbf8b7,49043715,rua,Rua Luciano da Silva Faustino,Santa Maria,71df064f-d17f-4cf5-ad45-93ce4e8182a5,SE
01a02d9d-1ac1-7870-9d82-d444214a4f9e,49092609,rua,Rua Lucimar de Araújo,Olaria,71df064f-d17f-4cf5-ad45-93ce4e8182a5,SE
01a02d9d-16ef-7744-b447-00909cd54a25,49090150,rua,Rua Luiz Alberto Moura,Bugio,71df064f-d17f-4cf5-ad45-93ce4e8182a5,SE
01a02d9d-3624-7ba9-920f-d2c28ead0764,49503711,rua,Rua Luiz Americano Rego,Anízio Amancio de Oliveira,8d820d6b-d516-4628-8228-0e70dcaf08f5,SE
01a02d9d-1cb8-74ef-96dc-343dda7404df,49095800,rua,Rua Luiz Antônio Silveira Teixeira,Jabotiana,71df064f-d17f-4cf5-ad45-93ce4e8182a5,SE
01a02d9c-cbc7-7342-967f-9bdac4a78827,49000510,rua,Rua Luiz Augusto Barreto,Aruana,71df064f-d17f-4cf5-ad45-93ce4e8182a5,SE
01a02d9d-323c-7f76-9692-337422ac69fd,49502194,rua,Rua Luiz Carlos Menezes,Marcela,8d820d6b-d516-4628-8228-0e70dcaf08f5,SE
01a02d9d-1ea5-788f-9d80-80a838a74f5a,49097380,rua,Rua Luiz Carlos Prestes,Ponto Novo,71df064f-d17f-4cf5-ad45-93ce4e8182a5,SE
01a02d9d-1cb7-7406-bec9-2887ab34be81,49095480,rua,Rua Luiz Carlos de Aguiar Machado,Jabotiana,71df064f-d17f-4cf5-ad45-93ce4e8182a5,SE
01a02d9d-22a7-7785-886b-122a13ff0e24,49037430,rua,Rua Luiz Chagas,Atalaia,71df064f-d17f-4cf5-ad45-93ce4e8182a5,SE
01a02d9c-f753-74c5-94de-cfe2b96383a0,49045420,rua,Rua Luiz Cordeiro Morais,Luzia,71df064f-d17f-4cf5-ad45-93ce4e8182a5,SE
01a02d9c-f753-74c5-94e0-a34605605a8d,49045430,rua,Rua Luiz Dias Mota,Luzia,71df064f-d17f-4cf5-ad45-93ce4e8182a5,SE
01a02d9d-323c-7f76-9689-27618eb9ef45,49502163,rua,Rua Luiz Francisco de Lima,Marcela,8d820d6b-d516-4628-8228-0e70dcaf08f5,SE
01a02d9d-323c-7f76-968e-4fe6b091a806,49502182,rua,Rua Luiz Galdino da Costa,Marcela,8d820d6b-d516-4628-8228-0e70dcaf08f5,SE
01a02d9d-3aa7-7bdf-876b-49f2988f3981,49505111,rua,Rua Luiz Galdino da Costa,Miguel Teles de Mendonça,8d820d6b-d516-4628-8228-0e70dcaf08f5,SE
01a02d9d-24a1-7e19-9cb7-95d79a82b77a,49087380,rua,Rua Luiz Gonzaga,Santos Dumont,71df064f-d17f-4cf5-ad45-93ce4e8182a5,SE
01a02d9d-3622-78a8-9365-0db4b68599f4,49503501,rua,Rua Luiz Gonzaga de Carvalho,Anízio Amancio de Oliveira,8d820d6b-d516-4628-8228-0e70dcaf08f5,SE
01a02d9c-cbc5-79b6-9d5b-293e4b940f31,49000209,rua,Rua Luiz Leite Monteiro de Oliveira,Aruana,71df064f-d17f-4cf5-ad45-93ce4e8182a5,SE
01a02d9c-e5f1-726d-83fe-b79621ab679b,49037103,rua,Rua Luiz Leite da Silva,Aeroporto,71df064f-d17f-4cf5-ad45-93ce4e8182a5,SE
01a02d9d-0933-741f-97bd-faef2f107b33,49072430,rua,Rua Luiz Machado,Dezoito do Forte,71df064f-d17f-4cf5-ad45-93ce4e8182a5,SE
01a02d9d-10fa-7b93-9608-85f2470db3de,49087390,rua,Rua Luiz Machado,Santos Dumont,71df064f-d17f-4cf5-ad45-93ce4e8182a5,SE
01a02d9d-209e-776f-b1a4-9b771ea7f500,49740970,rua,Rua Luiz Maciel Barreto 34,Centro,3aec96b7-9c32-4820-b776-ef86a31aaa41,SE
01a02d9d-0351-7cf4-b061-a966996f35ea,49066460,rua,Rua Luiz Moura,Industrial,71df064f-d17f-4cf5-ad45-93ce4e8182a5,SE
01a02d9c-f572-7141-aa01-b2b1189d72bd,49044328,rua,Rua Luiz Nunes Góis,Santa Maria,71df064f-d17f-4cf5-ad45-93ce4e8182a5,SE
01a02d9d-16ef-7744-b44c-596b4c97a2da,49090193,rua,Rua Luiz Pedro Silva,Bugio,71df064f-d17f-4cf5-ad45-93ce4e8182a5,SE
01a02d9c-f19a-751a-87d4-d5ceca76af43,49043730,rua,Rua Luiz Silva dos Santos,Santa Maria,71df064f-d17f-4cf5-ad45-93ce4e8182a5,SE
01a02d9d-1cb6-7b9c-9731-db421d545c20,49095220,rua,Rua Luiz Vieira Ramos,Jabotiana,71df064f-d17f-4cf5-ad45-93ce4e8182a5,SE
01a02d9c-ddf6-7cf2-a354-1d9bcb71f3a9,49027070,rua,Rua Luiz da Hora Santos,Grageru,71df064f-d17f-4cf5-ad45-93ce4e8182a5,SE
01a02d9c-e1fe-7b93-b66a-1c8cf73d9e3f,49031190,rua,Rua Luiz dos Santos Mendonça,Farolândia,71df064f-d17f-4cf5-ad45-93ce4e8182a5,SE
01a02d9d-249e-7e00-a4e6-20a21fba820c,49045426,rua,Rua Luís Ricardo Soares Freire,Luzia,71df064f-d17f-4cf5-ad45-93ce4e8182a5,SE
01a02d9c-e9cd-7495-8d23-ffbb86d14e5e,49038320,rua,Rua Lídia da Silva Oliveira,Atalaia,71df064f-d17f-4cf5-ad45-93ce4e8182a5,SE
01a02d9d-10fa-7b93-9613-b0737ec8e59f,49087429,rua,Rua Lídio dos Santos,Santos Dumont,71df064f-d17f-4cf5-ad45-93ce4e8182a5,SE
01a02d9d-0d20-750f-9199-f4845a1e3b03,49081030,rua,Rua Lúcia Ferreira de Matos,Capucho,71df064f-d17f-4cf5-ad45-93ce4e8182a5,SE
01a02d9c-e1fd-7a28-8c4a-3e5b354cf76a,49030833,rua,Rua Lúcia Maria e Silva Santana,Farolândia,71df064f-d17f-4cf5-ad45-93ce4e8182a5,SE
01a02d9c-ddf6-7cf2-a35e-66e4da17c519,49027180,rua,Rua Lúcio Mota,Grageru,71df064f-d17f-4cf5-ad45-93ce4e8182a5,SE
01a02d9d-12ee-7b48-93fc-824797a3c45b,49087696,rua,Rua M,Santos Dumont,71df064f-d17f-4cf5-ad45-93ce4e8182a5,SE
01a02d9d-2c74-72fd-9a51-045838ebe9bc,49071359,rua,Rua M,Dom Luciano,71df064f-d17f-4cf5-ad45-93ce4e8182a5,SE
01a02d9d-24a2-7e2b-9ecb-70b28aa0bc51,49089120,rua,Rua M,Soledade,71df064f-d17f-4cf5-ad45-93ce4e8182a5,SE
01a02d9d-24a0-7e28-9b59-29489220f189,49069237,rua,Rua M,Porto D'Antas,71df064f-d17f-4cf5-ad45-93ce4e8182a5,SE
01a02d9d-24a0-7e28-9b51-4de8f2396520,49067214,rua,Rua M,Porto D'Antas,71df064f-d17f-4cf5-ad45-93ce4e8182a5,SE
01a02d9d-1ea4-775d-87f1-eb60588830e8,49096264,rua,Rua M,Jabotiana,71df064f-d17f-4cf5-ad45-93ce4e8182a5,SE
01a02d9d-16ee-760e-8e37-ac685f8911ca,49089453,rua,Rua M,Soledade,71df064f-d17f-4cf5-ad45-93ce4e8182a5,SE
01a02d9c-eda1-7f9a-bf25-c7f3e46f4b27,49042436,rua,Rua M,São Conrado,71df064f-d17f-4cf5-ad45-93ce4e8182a5,SE
01a02d9c-f574-7bf3-a690-e84473d5cde4,49044547,rua,Rua M,Santa Maria,71df064f-d17f-4cf5-ad45-93ce4e8182a5,SE
01a02d9c-cbc7-7342-9677-e21addfb0c5d,49000486,rua,Rua M,Aruana,71df064f-d17f-4cf5-ad45-93ce4e8182a5,SE
01a02d9c-cddc-764c-b1ba-4e17985c1c69,49000849,rua,Rua M,Aruana,71df064f-d17f-4cf5-ad45-93ce4e8182a5,SE
01a02d9c-cfed-7704-8cec-33645b7289a5,49001249,rua,Rua M,Aruana,71df064f-d17f-4cf5-ad45-93ce4e8182a5,SE
01a02d9c-cfee-7020-b48d-7f5945b52817,49001282,rua,Rua M,Aruana,71df064f-d17f-4cf5-ad45-93ce4e8182a5,SE
01a02d9c-d208-7d54-bc38-645d2f467aec,49004712,rua,Rua M,Zona de Expansão (Robalo),71df064f-d17f-4cf5-ad45-93ce4e8182a5,SE
01a02d9c-d61b-75e8-9a7b-7cf317bb65b4,49008333,rua,Rua M,Zona de Expansão (Mosqueiro),71df064f-d17f-4cf5-ad45-93ce4e8182a5,SE
01a02d9c-d61c-75c9-ba28-8c9fee9cfb33,49008414,rua,Rua M,Zona de Expansão (Mosqueiro),71df064f-d17f-4cf5-ad45-93ce4e8182a5,SE
01a02d9d-305c-7827-b05f-2e3127f4f282,49500690,rua,Rua M,São Cristóvão,8d820d6b-d516-4628-8228-0e70dcaf08f5,SE
01a02d9c-ddf5-7b85-b407-4f9f26651069,49025790,rua,Rua Mabel Batista Santos,Jardins,71df064f-d17f-4cf5-ad45-93ce4e8182a5,SE
01a02d9c-e005-7461-8bc0-b035da993295,49030426,rua,Rua Mabel Dantas do Espírito Santo,Farolândia,71df064f-d17f-4cf5-ad45-93ce4e8182a5,SE
01a02d9c-e9ce-7602-8bfb-f564d4a42357,49040330,rua,Rua Machado de Assis,Inácio Barbosa,71df064f-d17f-4cf5-ad45-93ce4e8182a5,SE
01a02d9c-f38d-77c1-bf6e-9d697c950379,49044190,rua,Rua Madre Tereza de Calcutá,Santa Maria,71df064f-d17f-4cf5-ad45-93ce4e8182a5,SE
01a02d9c-f199-73e4-a673-8ebb85157d92,49043618,rua,Rua Madson Alves,Santa Maria,71df064f-d17f-4cf5-ad45-93ce4e8182a5,SE
01a02d9c-ddf5-72f5-b3f1-5c9e8182ad46,49025420,rua,Rua Maestro Domício Fraga,Grageru,71df064f-d17f-4cf5-ad45-93ce4e8182a5,SE
01a02d9d-3623-717c-a10f-5274b073e98d,49503568,rua,Rua Maestro João de Matos,Anízio Amancio de Oliveira,8d820d6b-d516-4628-8228-0e70dcaf08f5,SE
01a02d9d-10fa-7b93-960b-2f52c82259c6,49087400,rua,Rua Major Aureliano,Santos Dumont,71df064f-d17f-4cf5-ad45-93ce4e8182a5,SE
01a02d9d-12ef-73e4-bc69-e84d38de0457,49087970,rua,Rua Major Aureliano 265 Loja B,Santos Dumont,71df064f-d17f-4cf5-ad45-93ce4e8182a5,SE
01a02d9d-10fa-7b93-960f-0b8fac6bbdc9,49087410,rua,Rua Major Corbiniano,Santos Dumont,71df064f-d17f-4cf5-ad45-93ce4e8182a5,SE
01a02d9c-e005-7d15-8bca-eb48e55d9e36,49030520,rua,Rua Major Hunaldo dos Santos,Farolândia,71df064f-d17f-4cf5-ad45-93ce4e8182a5,SE
01a02d9c-e200-7e62-9b76-4dbd0d000cc9,49032153,rua,Rua Major José Joaquim Pereira Lobo,Farolândia,71df064f-d17f-4cf5-ad45-93ce4e8182a5,SE
01a02d9d-1cb6-7b9c-9732-7dc835e0f38f,49095230,rua,Rua Major João Teles,Jabotiana,71df064f-d17f-4cf5-ad45-93ce4e8182a5,SE
01a02d9d-12ef-73e4-bc68-75b6844cd005,49087840,rua,Rua Major Solon Ribeiro,Santos Dumont,71df064f-d17f-4cf5-ad45-93ce4e8182a5,SE
01a02d9d-269f-7db0-8483-85d7f01a5b37,49004252,rua,Rua Mandacaru,Zona de Expansão (Robalo),71df064f-d17f-4cf5-ad45-93ce4e8182a5,SE
01a02d9c-f19b-762b-a1c6-13e35f253729,49043809,rua,Rua Mangabeiras,Santa Maria,71df064f-d17f-4cf5-ad45-93ce4e8182a5,SE
01a02d9c-d42a-719c-a970-4ba28ef384c1,49007122,rua,Rua Mangabeiras,Zona de Expansão (Areia Branca),71df064f-d17f-4cf5-ad45-93ce4e8182a5,SE
01a02d9c-ef93-708a-91a2-6256ecf9aad0,49043346,rua,Rua Mangabinha,São Conrado,71df064f-d17f-4cf5-ad45-93ce4e8182a5,SE
01a02d9c-ef93-7917-91bb-5a5e30bd05a1,49043433,rua,Rua Mangabinha,Santa Maria,71df064f-d17f-4cf5-ad45-93ce4e8182a5,SE
01a02d9c-f198-72b8-a203-767c2816c6a3,49043528,rua,Rua Mangueira,Santa Maria,71df064f-d17f-4cf5-ad45-93ce4e8182a5,SE
01a02d9d-2e64-7a5b-948b-3f230764ef7d,49500406,rua,Rua Manoel Alves Ferreira,São Cristóvão,8d820d6b-d516-4628-8228-0e70dcaf08f5,SE
01a02d9d-3622-78a8-935d-4b73e70fcec6,49503474,rua,Rua Manoel Alves de Andrade,Anízio Amancio de Oliveira,8d820d6b-d516-4628-8228-0e70dcaf08f5,SE
01a02d9c-e400-71e8-a26c-db20b30ed3d6,49035530,rua,Rua Manoel Andrade,Coroa do Meio,71df064f-d17f-4cf5-ad45-93ce4e8182a5,SE
01a02d9d-18d7-70ae-8e32-de67f9cfbab7,49091090,rua,Rua Manoel André dos Santos,Bugio,71df064f-d17f-4cf5-ad45-93ce4e8182a5,SE
01a02d9d-3438-7f59-9a73-c57bccd301a9,49503000,rua,Rua Manoel Antonio de Oliveira,Serrano,8d820d6b-d516-4628-8228-0e70dcaf08f5,SE
01a02d9d-2c77-769a-94e9-33de77b196e5,49500040,rua,Rua Manoel Antonio de Oliveira,Centro,8d820d6b-d516-4628-8228-0e70dcaf08f5,SE
01a02d9d-3622-78a8-935c-01c9c3bf9fbb,49503471,rua,Rua Manoel Antônio de Farias,Anízio Amancio de Oliveira,8d820d6b-d516-4628-8228-0e70dcaf08f5,SE
01a02d9d-10fb-742c-9269-f9d6ae3af8c3,49087483,rua,Rua Manoel Aureliano da Silva,Santos Dumont,71df064f-d17f-4cf5-ad45-93ce4e8182a5,SE
01a02d9c-f754-75e6-9dfb-23f4fade19f1,49045830,rua,Rua Manoel Avelar Correia,Luzia,71df064f-d17f-4cf5-ad45-93ce4e8182a5,SE
01a02d9d-4121-7ecb-9225-eecf9cd5c9ab,49509760,rua,Rua Manoel Avelino de Souza,Porto,8d820d6b-d516-4628-8228-0e70dcaf08f5,SE
01a02d9d-0b2a-7088-902c-0a52856f72c7,49075330,rua,Rua Manoel Baiense,Siqueira Campos,71df064f-d17f-4cf5-ad45-93ce4e8182a5,SE
01a02d9d-3f02-7289-badb-f6ad50d95f38,49509015,rua,Rua Manoel Batista Maciel,Mamede Paes Mendonça,8d820d6b-d516-4628-8228-0e70dcaf08f5,SE
01a02d9d-0d21-75fb-8f81-09e17fe1d9aa,49082290,rua,Rua Manoel Beckman,Novo Paraíso,71df064f-d17f-4cf5-ad45-93ce4e8182a5,SE
01a02d9c-e5f1-7b1d-8404-ca407ae461a4,49037146,rua,Rua Manoel Bispo dos Santos,Aeroporto,71df064f-d17f-4cf5-ad45-93ce4e8182a5,SE
01a02d9d-0b2a-7088-902e-d58c37caf0c2,49075350,rua,Rua Manoel Bonfim,Siqueira Campos,71df064f-d17f-4cf5-ad45-93ce4e8182a5,SE
01a02d9c-d206-71b5-b36c-a79db47721f1,49003322,rua,Rua Manoel Cabral Machado,17 de Março,71df064f-d17f-4cf5-ad45-93ce4e8182a5,SE
01a02d9d-18d7-70ae-8e3d-3004de0b1093,49092050,rua,Rua Manoel Carlos de Jesus,Olaria,71df064f-d17f-4cf5-ad45-93ce4e8182a5,SE
01a02d9c-ff48-76d1-9d04-7c5d3c290cde,49060690,rua,Rua Manoel Cristino dos Santos,Palestina,71df064f-d17f-4cf5-ad45-93ce4e8182a5,SE
01a02d9c-e5f2-7389-98bf-eec8a2ae3703,49037263,rua,Rua Manoel Cândido dos Santos,Aeroporto,71df064f-d17f-4cf5-ad45-93ce4e8182a5,SE
01a02d9d-0f10-73f0-ba6d-dce91db83479,49085210,rua,Rua Manoel Dantas,José Conrado de Araújo,71df064f-d17f-4cf5-ad45-93ce4e8182a5,SE
01a02d9c-f754-75e6-9df1-1d3befc99465,49045740,rua,Rua Manoel Dias da Costa,Luzia,71df064f-d17f-4cf5-ad45-93ce4e8182a5,SE
01a02d9c-d429-78f1-ab0c-c2212b445054,49005209,rua,Rua Manoel Dionízio,Zona de Expansão (Robalo),71df064f-d17f-4cf5-ad45-93ce4e8182a5,SE
01a02d9d-343b-7f7d-a392-810a2a4192b4,49503417,rua,Rua Manoel Domingos Pereira,Anízio Amancio de Oliveira,8d820d6b-d516-4628-8228-0e70dcaf08f5,SE
01a02d9d-2c76-7e02-837b-e54a61ba6b19,49500010,rua,Rua Manoel Domingos Pereira,Centro,8d820d6b-d516-4628-8228-0e70dcaf08f5,SE
01a02d9c-f753-74c5-94e2-f23489bf7674,49045460,rua,Rua Manoel Donizetti Vieira,Luzia,71df064f-d17f-4cf5-ad45-93ce4e8182a5,SE
01a02d9c-cbc5-79b6-9d5c-76f5c6e9f833,49000212,rua,Rua Manoel Espinheira Fonseca,Aruana,71df064f-d17f-4cf5-ad45-93ce4e8182a5,SE
01a02d9c-ddf5-72f5-b3f2-5f8767c69dd5,49025440,rua,Rua Manoel Espírito Santo,Grageru,71df064f-d17f-4cf5-ad45-93ce4e8182a5,SE
01a02d9c-e005-7d15-8bcb-e5a742776d70,49030530,rua,Rua Manoel Euclides de Oliveira,Farolândia,71df064f-d17f-4cf5-ad45-93ce4e8182a5,SE
01a02d9c-e005-7461-8bbe-e98ce78bea3e,49030420,rua,Rua Manoel Fernandes Barbosa Santos,Farolândia,71df064f-d17f-4cf5-ad45-93ce4e8182a5,SE
01a02d9d-305c-7827-b06c-77d914b0ac2a,49500879,rua,Rua Manoel Fernandes Lima,São Cristóvão,8d820d6b-d516-4628-8228-0e70dcaf08f5,SE
01a02d9d-26a0-761d-91e0-a0ac8eeada42,49007075,rua,Rua Manoel Ferreira Canuto,Zona de Expansão (Areia Branca),71df064f-d17f-4cf5-ad45-93ce4e8182a5,SE
01a02d9d-14f5-703d-bb36-bee19f179582,49089019,rua,Rua Manoel Ferreira da Silva,Soledade,71df064f-d17f-4cf5-ad45-93ce4e8182a5,SE
01a02d9d-26a0-761d-91e3-471dd02cba00,49008211,rua,Rua Manoel Florêncio,Zona de Expansão (Mosqueiro),71df064f-d17f-4cf5-ad45-93ce4e8182a5,SE
01a02d9d-3cbe-751c-8dd1-d28c5cbf7da7,49507650,rua,Rua Manoel Francisco Cardoso,Oviedo Teixeira,8d820d6b-d516-4628-8228-0e70dcaf08f5,SE
01a02d9d-323b-7e08-8d9c-b49ea6724ffd,49502034,rua,Rua Manoel Francisco Cunha,Marcela,8d820d6b-d516-4628-8228-0e70dcaf08f5,SE
01a02d9c-f573-7bcb-b773-21d87fabf416,49044493,rua,Rua Manoel Francisco Santos,Santa Maria,71df064f-d17f-4cf5-ad45-93ce4e8182a5,SE
01a02d9c-e3fe-7fee-af87-fbd1b32b1c73,49035330,rua,Rua Manoel Freitas de Andrade,Coroa do Meio,71df064f-d17f-4cf5-ad45-93ce4e8182a5,SE
01a02d9d-431f-7222-ae2c-ebeb8602d058,49511235,rua,Rua Manoel Félix de Moura,Queimadas,8d820d6b-d516-4628-8228-0e70dcaf08f5,SE
01a02d9d-2c78-77bb-8add-63e1f860ce7c,49500079,rua,Rua Manoel Garangau,Centro,8d820d6b-d516-4628-8228-0e70dcaf08f5,SE
01a02d9c-f753-74c5-94e3-badb8550155f,49045480,rua,Rua Manoel Gomes da Rocha,Luzia,71df064f-d17f-4cf5-ad45-93ce4e8182a5,SE
01a02d9d-28aa-74b7-878b-18ea56c2f14a,49038578,rua,Rua Manoel Gratuliano dos Santos,Aeroporto,71df064f-d17f-4cf5-ad45-93ce4e8182a5,SE
01a02d9c-e5f2-7c46-98ce-0085d3e959c2,49037356,rua,Rua Manoel Henrique dos Santos,Aeroporto,71df064f-d17f-4cf5-ad45-93ce4e8182a5,SE
01a02d9c-fb69-7a00-8c07-112d888fab7e,49051060,rua,Rua Manoel Inácio Teixeira,Suíssa,71df064f-d17f-4cf5-ad45-93ce4e8182a5,SE
01a02d9c-e001-7f49-9d5d-69df1ee24691,49027410,rua,Rua Manoel Joaquim Correia,Grageru,71df064f-d17f-4cf5-ad45-93ce4e8182a5,SE
01a02d9c-e005-7d15-8bcd-606df9f89778,49030540,rua,Rua Manoel Jonas de Andrade,Farolândia,71df064f-d17f-4cf5-ad45-93ce4e8182a5,SE
01a02d9c-e006-75cc-aded-207d959b5080,49030550,rua,Rua Manoel José de Almeida,Farolândia,71df064f-d17f-4cf5-ad45-93ce4e8182a5,SE
01a02d9c-d207-7bed-80c6-1d6941deadab,49004451,rua,Rua Manoel Joventino Chagas,Zona de Expansão (Robalo),71df064f-d17f-4cf5-ad45-93ce4e8182a5,SE
01a02d9d-2e64-71a7-9465-8cd110f905d4,49500241,rua,Rua Manoel Lapa,Centro,8d820d6b-d516-4628-8228-0e70dcaf08f5,SE
01a02d9d-3f02-7b6c-baf4-9e4b44a3feb4,49509143,rua,Rua Manoel Lapa,Mamede Paes Mendonça,8d820d6b-d516-4628-8228-0e70dcaf08f5,SE
01a02d9c-e5f2-7389-98c0-fdb8bd26a568,49037266,rua,Rua Manoel Lotério da Ressurreição,Aeroporto,71df064f-d17f-4cf5-ad45-93ce4e8182a5,SE
01a02d9d-2e64-7a5b-948c-fc577ee24dce,49500409,rua,Rua Manoel Martins Ferreira,São Cristóvão,8d820d6b-d516-4628-8228-0e70dcaf08f5,SE
01a02d9d-249f-7e26-9344-7324a2579481,49048230,rua,Rua Manoel Maurício Cardoso,Luzia,71df064f-d17f-4cf5-ad45-93ce4e8182a5,SE
01a02d9d-323b-7552-8d88-0cb9053bbf99,49501630,rua,Rua Manoel Melquiades Silva,Bananeiras,8d820d6b-d516-4628-8228-0e70dcaf08f5,SE
01a02d9c-f198-7b4f-a211-eeb3e3899aac,49043571,rua,Rua Manoel Messias,Santa Maria,71df064f-d17f-4cf5-ad45-93ce4e8182a5,SE
01a02d9d-2c75-7cb2-a5f6-d896fce1eecc,49089053,rua,Rua Manoel Messias Bispo dos Santos,Soledade,71df064f-d17f-4cf5-ad45-93ce4e8182a5,SE
01a02d9c-e006-75cc-adee-b5248b8a09ad,49030560,rua,Rua Manoel Messias Leite de Andrade,Farolândia,71df064f-d17f-4cf5-ad45-93ce4e8182a5,SE
01a02d9c-cbc5-79b6-9d54-478f1e95aa69,49000179,rua,Rua Manoel Messias Melo,Aruana,71df064f-d17f-4cf5-ad45-93ce4e8182a5,SE
01a02d9c-d429-7038-aaf7-44a4c362edf2,49005035,rua,Rua Manoel Messias Mendonça,Zona de Expansão (Robalo),71df064f-d17f-4cf5-ad45-93ce4e8182a5,SE
01a02d9d-3439-7f6f-8ac3-7e05cbbb7612,49503135,rua,Rua Manoel Messias dos Santos,Serrano,8d820d6b-d516-4628-8228-0e70dcaf08f5,SE
01a02d9c-e9cd-7495-8d25-75e59140aa99,49038340,rua,Rua Manoel Motta,Aeroporto,71df064f-d17f-4cf5-ad45-93ce4e8182a5,SE
01a02d9c-eda3-77a9-bf55-d93dd023a88a,49042760,rua,Rua Manoel Nunes,São Conrado,71df064f-d17f-4cf5-ad45-93ce4e8182a5,SE
01a02d9c-f949-7900-9f1f-94427b7ee4aa,49048173,rua,Rua Manoel Nunes,Luzia,71df064f-d17f-4cf5-ad45-93ce4e8182a5,SE
01a02d9d-0d21-75fb-8f82-85468a4c0163,49082300,rua,Rua Manoel Nunes Vieira,Novo Paraíso,71df064f-d17f-4cf5-ad45-93ce4e8182a5,SE
01a02d9d-0145-7b2d-ae24-74bbb1dc430d,49065373,rua,Rua Manoel Pereira,Industrial,71df064f-d17f-4cf5-ad45-93ce4e8182a5,SE
01a02d9d-0146-742a-9f8b-7ce3a091f278,49065530,rua,Rua Manoel Pereira,Industrial,71df064f-d17f-4cf5-ad45-93ce4e8182a5,SE
01a02d9c-f949-7900-9f25-bdcdae2ed1fd,49048240,rua,Rua Manoel Pereira Guimarães,Luzia,71df064f-d17f-4cf5-ad45-93ce4e8182a5,SE
01a02d9d-0351-7453-b050-d8f539ac058f,49066260,rua,Rua Manoel Pereira Lima,Industrial,71df064f-d17f-4cf5-ad45-93ce4e8182a5,SE
01a02d9d-3cbd-7c5a-babf-c0d9b57fab02,49506861,rua,Rua Manoel Pereira da Costa,Doutor José Milton Machado,8d820d6b-d516-4628-8228-0e70dcaf08f5,SE
01a02d9d-323c-7f76-9680-a3c370e04331,49502124,rua,Rua Manoel Pinto Monteiro,Marcela,8d820d6b-d516-4628-8228-0e70dcaf08f5,SE
01a02d9d-269e-7c85-a49d-dab5578f0c8f,49060613,rua,Rua Manoel Preto,Santo Antônio,71df064f-d17f-4cf5-ad45-93ce4e8182a5,SE
01a02d9d-269e-7c85-a49c-e9dda487871f,49060610,rua,Rua Manoel Preto,Santo Antônio,71df064f-d17f-4cf5-ad45-93ce4e8182a5,SE
01a02d9d-0146-742a-9f8c-82d6d986e63a,49065540,rua,Rua Manoel Preto,Industrial,71df064f-d17f-4cf5-ad45-93ce4e8182a5,SE
01a02d9d-24a2-7e2b-9ecd-4ffc45a0bdf5,49089126,rua,Rua Manoel Prudencio,Soledade,71df064f-d17f-4cf5-ad45-93ce4e8182a5,SE
01a02d9c-e7d5-7f0d-909e-c14535e10c64,49037600,rua,Rua Manoel Rodrigues dos Santos,Aeroporto,71df064f-d17f-4cf5-ad45-93ce4e8182a5,SE
01a02d9d-209c-7757-afb4-e9fad8e8f2e4,49097690,rua,Rua Manoel Romão da Silva,Ponto Novo,71df064f-d17f-4cf5-ad45-93ce4e8182a5,SE
01a02d9d-1ea5-788f-9d82-33aaea24b79a,49097400,rua,Rua Manoel Santos Silva,Ponto Novo,71df064f-d17f-4cf5-ad45-93ce4e8182a5,SE
01a02d9d-305b-7f8f-b88b-94a5c7619811,49500615,rua,Rua Manoel Serafim de Santana,São Cristóvão,8d820d6b-d516-4628-8228-0e70dcaf08f5,SE
01a02d9c-ef92-7777-9c33-adaef49204a1,49043300,rua,Rua Manoel Souza Pereira,São Conrado,71df064f-d17f-4cf5-ad45-93ce4e8182a5,SE
01a02d9d-0350-72ce-9f41-aef0c848e15c,49065560,rua,Rua Manoel Sátiro de Menezes,Industrial,71df064f-d17f-4cf5-ad45-93ce4e8182a5,SE
01a02d9c-fd62-703f-b99f-095755c8e674,49060390,rua,Rua Manoel Teles de Gois,Palestina,71df064f-d17f-4cf5-ad45-93ce4e8182a5,SE
01a02d9d-3aa9-75a7-a071-ee41116744fc,49506156,rua,Rua Manoel Teles de Mendonça,Rotary Club de Itabaiana,8d820d6b-d516-4628-8228-0e70dcaf08f5,SE
01a02d9d-0f11-7409-b397-95590280f406,49085460,rua,Rua Manoel Valentim Pinheiro,José Conrado de Araújo,71df064f-d17f-4cf5-ad45-93ce4e8182a5,SE
01a02d9c-e200-75c4-9b70-3aa03ed09878,49032100,rua,Rua Manoel Vicente de Brito,Farolândia,71df064f-d17f-4cf5-ad45-93ce4e8182a5,SE
01a02d9d-16ee-7ea5-8e4c-f9f386530f23,49090100,rua,Rua Manoel Vieira de Melo,Jardim Centenário,71df064f-d17f-4cf5-ad45-93ce4e8182a5,SE
01a02d9d-0d20-7d89-91a8-c5cd1dc924ef,49081111,rua,Rua Manoel Vieira do Nascimento,Capucho,71df064f-d17f-4cf5-ad45-93ce4e8182a5,SE
01a02d9d-323b-7e08-8d93-440f89d7b35f,49501866,rua,Rua Manoel da Costa Lima,Marcela,8d820d6b-d516-4628-8228-0e70dcaf08f5,SE
01a02d9d-4120-74d5-9942-b4e6ef0040ec,49509225,rua,Rua Manoel da Costa Lima,Mamede Paes Mendonça,8d820d6b-d516-4628-8228-0e70dcaf08f5,SE
01a02d9d-3860-76c1-8572-9cd33124353d,49504346,rua,Rua Manoel da Cunha Melo,Marianga,8d820d6b-d516-4628-8228-0e70dcaf08f5,SE
01a02d9d-3624-7ba9-920b-23d9443103c3,49503699,rua,Rua Manoel das Neves Barreto,Anízio Amancio de Oliveira,8d820d6b-d516-4628-8228-0e70dcaf08f5,SE
01a02d9d-0351-7cf4-b064-d834c7a38a53,49066510,rua,Rua Manoel de Barros Feitosa,Industrial,71df064f-d17f-4cf5-ad45-93ce4e8182a5,SE
01a02d9c-d42a-719c-a959-12a8e19a80c5,49005320,rua,Rua Manoel de Maria,Zona de Expansão (Robalo),71df064f-d17f-4cf5-ad45-93ce4e8182a5,SE
01a02d9d-18d6-7818-a95b-dd273b351277,49091043,rua,Rua Manoel de Oliveira França,Jardim Centenário,71df064f-d17f-4cf5-ad45-93ce4e8182a5,SE
01a02d9d-0933-741f-97be-e498ddc8a51f,49072440,rua,Rua Manoel de Oliveira Martins,Dezoito do Forte,71df064f-d17f-4cf5-ad45-93ce4e8182a5,SE
01a02d9c-ebbe-7ce3-85f7-56bff4ddaba5,49040830,rua,Rua Manoel de Oliveira Martins,Inácio Barbosa,71df064f-d17f-4cf5-ad45-93ce4e8182a5,SE
01a02d9d-12f0-7662-a199-944fc144805a,49088170,rua,Rua Manoel de Souza - Maim,Lamarão,71df064f-d17f-4cf5-ad45-93ce4e8182a5,SE
01a02d9d-3cbd-7c5a-babb-2504111415d4,49506849,rua,Rua Manoel dos Santos,Doutor José Milton Machado,8d820d6b-d516-4628-8228-0e70dcaf08f5,SE
01a02d9d-0350-7bb7-9f5c-8fdbc5780b04,49066020,rua,Rua Manoel dos Santos Carvalho,Industrial,71df064f-d17f-4cf5-ad45-93ce4e8182a5,SE
01a02d9c-f38f-725d-b3fe-991ef202e947,49044253,rua,Rua Manuel Caetano de Oliveira,Santa Maria,71df064f-d17f-4cf5-ad45-93ce4e8182a5,SE
01a02d9d-24a3-7e28-88b8-405673326540,49092340,rua,Rua Manuel Muniz,Olaria,71df064f-d17f-4cf5-ad45-93ce4e8182a5,SE
01a02d9d-0350-72ce-9f42-947a17f7525a,49065570,rua,Rua Marcelino Procópio da Silva,Industrial,71df064f-d17f-4cf5-ad45-93ce4e8182a5,SE
01a02d9d-343a-7f6e-add7-49cb2a497ea0,49503247,rua,Rua Marcelino Ribeiro Bispo,Serrano,8d820d6b-d516-4628-8228-0e70dcaf08f5,SE
01a02d9d-0551-742a-a2d2-cd8422cbe89a,49069111,rua,Rua Marcelo Deda,Porto D'Antas,71df064f-d17f-4cf5-ad45-93ce4e8182a5,SE
01a02d9d-3623-7b7e-a120-17910f88955a,49503619,rua,Rua Marceneiro Antônio Almeida de Menezes,Anízio Amancio de Oliveira,8d820d6b-d516-4628-8228-0e70dcaf08f5,SE
01a02d9c-e3fd-7623-b632-badfff387df9,49032470,rua,Rua Marcolino Messias Ramos,Farolândia,71df064f-d17f-4cf5-ad45-93ce4e8182a5,SE
01a02d9d-323c-76ae-9671-d5faf7f53f75,49502070,rua,Rua Marcos Antônio Menezes da Silva,Marcela,8d820d6b-d516-4628-8228-0e70dcaf08f5,SE
01a02d9d-3f02-7b6c-baf0-fc84a423ad3a,49509109,rua,Rua Marcos Antônio de Jesus Sobral,Mamede Paes Mendonça,8d820d6b-d516-4628-8228-0e70dcaf08f5,SE
01a02d9d-209d-7771-ba92-d8cebe0adcac,49250970,rua,Rua Marcos Ferreira da Costa 442,Centro,936070ab-cdf4-488b-8831-4d8597fd6ba6,SE
01a02d9d-4320-7220-a3a3-c0ef76b8acb3,49511520,rua,Rua Marculino Cruz do Espírito Santo,Queimadas,8d820d6b-d516-4628-8228-0e70dcaf08f5,SE
01a02d9c-e3fc-74b0-92df-316eeadf7e0f,49032363,rua,Rua Marcílio Duarte Cabral,Farolândia,71df064f-d17f-4cf5-ad45-93ce4e8182a5,SE
01a02d9c-fb6c-764f-b125-22f801633ad4,49055400,rua,Rua Marechal Deodoro,Getúlio Vargas,71df064f-d17f-4cf5-ad45-93ce4e8182a5,SE
01a02d9d-2e64-71a7-946b-005ea7c64a6e,49500259,rua,Rua Marechal Deodoro da Fonseca,Centro,8d820d6b-d516-4628-8228-0e70dcaf08f5,SE
01a02d9d-3f02-7289-baed-85f36c166100,49509097,rua,Rua Marechal Deodoro da Fonseca,Mamede Paes Mendonça,8d820d6b-d516-4628-8228-0e70dcaf08f5,SE
01a02d9c-fd5d-7b95-8dc7-1444b31b5259,49055420,rua,Rua Marechal Floriano Peixoto,Getúlio Vargas,71df064f-d17f-4cf5-ad45-93ce4e8182a5,SE
01a02d9d-2e64-71a7-9469-0fbb71db13aa,49500253,rua,Rua Marechal Floriano Peixoto,Centro,8d820d6b-d516-4628-8228-0e70dcaf08f5,SE
01a02d9c-ddf5-72f5-b3f4-0619246ae15c,49025460,rua,Rua Marechal Horta Barbosa,Grageru,71df064f-d17f-4cf5-ad45-93ce4e8182a5,SE
01a02d9d-28aa-74b7-8783-a5f11951a375,49036237,rua,Rua Marginal,Coroa do Meio,71df064f-d17f-4cf5-ad45-93ce4e8182a5,SE
01a02d9c-f199-7c7c-a67e-5b3aa5ce1bda,49043684,rua,Rua Maria Acácia Pereira,Santa Maria,71df064f-d17f-4cf5-ad45-93ce4e8182a5,SE
01a02d9c-e006-75cc-adf2-14c6cfc6ef48,49030600,rua,Rua Maria Adolfina Costa,Farolândia,71df064f-d17f-4cf5-ad45-93ce4e8182a5,SE
01a02d9d-0f11-7409-b399-7e12a53fce75,49085480,rua,Rua Maria Afra Cortes Santos,José Conrado de Araújo,71df064f-d17f-4cf5-ad45-93ce4e8182a5,SE
01a02d9d-323b-7e08-8d9b-d1f715f45257,49502031,rua,Rua Maria Alaíde de Jesus Cunha,Marcela,8d820d6b-d516-4628-8228-0e70dcaf08f5,SE
01a02d9c-e5f2-7389-98c1-fa91c9112144,49037269,rua,Rua Maria Albertina de Jesus,Aeroporto,71df064f-d17f-4cf5-ad45-93ce4e8182a5,SE
01a02d9c-fb69-7a00-8c08-765b086f1921,49051240,rua,Rua Maria Alice Batista Conceição,Suíssa,71df064f-d17f-4cf5-ad45-93ce4e8182a5,SE
01a02d9c-ddf6-745c-a339-4aa7560fdc0f,49026110,rua,Rua Maria Alice O. Costa,Grageru,71df064f-d17f-4cf5-ad45-93ce4e8182a5,SE
01a02d9d-10fb-742c-9260-5ffd2d3df539,49087446,rua,Rua Maria Alves de Souza Oliveira,Santos Dumont,71df064f-d17f-4cf5-ad45-93ce4e8182a5,SE
01a02d9d-4320-7220-a397-6d132a80bb33,49511250,rua,Rua Maria Alves dos Santos,Queimadas,8d820d6b-d516-4628-8228-0e70dcaf08f5,SE
01a02d9c-e003-70f1-9dbf-39ba0fa04712,49030086,rua,Rua Maria Amélia Lima Lopes,Farolândia,71df064f-d17f-4cf5-ad45-93ce4e8182a5,SE
01a02d9c-eda3-77a9-bf57-7ef6b0e6e66d,49042770,rua,Rua Maria Amélia Souza Almeida,São Conrado,71df064f-d17f-4cf5-ad45-93ce4e8182a5,SE
01a02d9c-f19a-7db5-87e2-8cf946acd58d,49043772,rua,Rua Maria Anacleta Tavares,Santa Maria,71df064f-d17f-4cf5-ad45-93ce4e8182a5,SE
01a02d9d-3439-7f6f-8abe-7061303c0e4b,49503120,rua,Rua Maria Angelita Santana,Serrano,8d820d6b-d516-4628-8228-0e70dcaf08f5,SE
01a02d9d-0143-7719-a5a7-bc0e98013790,49063184,rua,Rua Maria Angélica,Japãozinho,71df064f-d17f-4cf5-ad45-93ce4e8182a5,SE
01a02d9d-343a-7f6e-adcf-34b3c1c6c6e8,49503223,rua,Rua Maria Angélica da Conceição,Serrano,8d820d6b-d516-4628-8228-0e70dcaf08f5,SE
01a02d9d-22a5-775a-9fe4-c66855142f2e,49000296,rua,Rua Maria Auxiliadora de Lima Oliveira,Aruana,71df064f-d17f-4cf5-ad45-93ce4e8182a5,SE
01a02d9c-e1fd-7a28-8c4d-c04f7d4101a7,49030840,rua,Rua Maria Barros,Farolândia,71df064f-d17f-4cf5-ad45-93ce4e8182a5,SE
01a02d9d-28aa-7d74-8796-73b12db1a3c8,49043646,rua,Rua Maria Batista Gomes,Santa Maria,71df064f-d17f-4cf5-ad45-93ce4e8182a5,SE
01a02d9d-28aa-7d74-8797-49ed8bc887fc,49043649,rua,Rua Maria Cacilda da Cruz Siqueira,Santa Maria,71df064f-d17f-4cf5-ad45-93ce4e8182a5,SE
01a02d9d-269e-7c85-a49a-be919e5e048e,49045703,rua,Rua Maria Carmelita Santos de Andrade,Luzia,71df064f-d17f-4cf5-ad45-93ce4e8182a5,SE
01a02d9d-4321-7221-ad17-6863f51b6864,49511631,rua,Rua Maria Celestina da Cunha,Queimadas,8d820d6b-d516-4628-8228-0e70dcaf08f5,SE
01a02d9d-18d7-70ae-8e41-029b95099c62,49092090,rua,Rua Maria Celestina da Paixão,Olaria,71df064f-d17f-4cf5-ad45-93ce4e8182a5,SE
01a02d9d-3f00-7855-9ae0-0f40af5bd974,49507785,rua,Rua Maria Claudice Corcino,Oviedo Teixeira,8d820d6b-d516-4628-8228-0e70dcaf08f5,SE
01a02d9c-d429-78f1-ab07-3dfd9889feb8,49005116,rua,Rua Maria Conceição Santos,Zona de Expansão (Robalo),71df064f-d17f-4cf5-ad45-93ce4e8182a5,SE
01a02d9d-14f6-71e6-bb23-4e7b21fb2e07,49089197,rua,Rua Maria Cristina Melo,Soledade,71df064f-d17f-4cf5-ad45-93ce4e8182a5,SE
01a02d9c-e006-75cc-adf1-c774e1787465,49030580,rua,Rua Maria Cécilia dos Santos,Farolândia,71df064f-d17f-4cf5-ad45-93ce4e8182a5,SE
01a02d9d-4320-7220-a3a0-b96a2e808547,49511505,rua,Rua Maria Damitilia da Conceição,Queimadas,8d820d6b-d516-4628-8228-0e70dcaf08f5,SE
01a02d9c-f94a-7a38-9921-c0c61f25a207,49048510,rua,Rua Maria Dantas de Mendonça,Luzia,71df064f-d17f-4cf5-ad45-93ce4e8182a5,SE
01a02d9c-e004-7268-8130-48660f864944,49030280,rua,Rua Maria Dionete Santos de Souza,Farolândia,71df064f-d17f-4cf5-ad45-93ce4e8182a5,SE
01a02d9d-3860-76c1-8574-5f9f627cee93,49504352,rua,Rua Maria Dulce de Melo,Marianga,8d820d6b-d516-4628-8228-0e70dcaf08f5,SE
01a02d9d-323c-76ae-966a-7a48861c471d,49502049,rua,Rua Maria Eunice de Jesus,Marcela,8d820d6b-d516-4628-8228-0e70dcaf08f5,SE
01a02d9c-ddf5-7b85-b408-fcc85343df11,49025795,rua,Rua Maria Eurides Almeida Souza,Jardins,71df064f-d17f-4cf5-ad45-93ce4e8182a5,SE
01a02d9d-4124-7a39-839a-457f94498015,49510545,rua,Rua Maria Felix da Silva,Riacho Doce,8d820d6b-d516-4628-8228-0e70dcaf08f5,SE
01a02d9c-e5f2-7389-98c5-42bb848646e2,49037293,rua,Rua Maria Francisca Cavalcante,Aeroporto,71df064f-d17f-4cf5-ad45-93ce4e8182a5,SE
01a02d9d-18d7-70ae-8e40-c6b3fe90fff6,49092080,rua,Rua Maria Francisca Guedes,Olaria,71df064f-d17f-4cf5-ad45-93ce4e8182a5,SE
01a02d9d-343a-7f6e-ade4-e246e714819b,49503321,rua,Rua Maria Francisca Monteiro,Anízio Amancio de Oliveira,8d820d6b-d516-4628-8228-0e70dcaf08f5,SE
01a02d9c-f38c-7493-b09f-79672479f21b,49044136,rua,Rua Maria Francisca Santos,Santa Maria,71df064f-d17f-4cf5-ad45-93ce4e8182a5,SE
01a02d9d-4321-7221-ad1f-44a1d5f521de,49511735,rua,Rua Maria Francisca dos Santos,Queimadas,8d820d6b-d516-4628-8228-0e70dcaf08f5,SE
01a02d9c-cbc6-721d-a988-1ed1e2b12ecf,49000236,rua,Rua Maria Genelícia Bomfim Costa,Aruana,71df064f-d17f-4cf5-ad45-93ce4e8182a5,SE
01a02d9c-f19a-751a-87db-4a6e4daa525f,49043751,rua,Rua Maria Geruza dos Santos,Santa Maria,71df064f-d17f-4cf5-ad45-93ce4e8182a5,SE
01a02d9c-e7d5-7f0d-90a6-1e7549e1d516,49037656,rua,Rua Maria Gilda de Oliveira,Aeroporto,71df064f-d17f-4cf5-ad45-93ce4e8182a5,SE
01a02d9d-2e63-78f6-b364-3afdcd8bd61b,49500160,rua,Rua Maria Glória de Santana,Centro,8d820d6b-d516-4628-8228-0e70dcaf08f5,SE
01a02d9c-f574-7bf3-a6a0-8c277213ec6d,49045136,rua,Rua Maria Gonçalves Lima de Azevêdo,Luzia,71df064f-d17f-4cf5-ad45-93ce4e8182a5,SE
01a02d9d-1ea3-7ec2-851c-207b5fd54dfc,49096140,rua,Rua Maria Helena Mandarino,Jabotiana,71df064f-d17f-4cf5-ad45-93ce4e8182a5,SE
01a02d9d-14f5-703d-bb26-5500e416bc78,49088388,rua,Rua Maria Helena de Farias,Lamarão,71df064f-d17f-4cf5-ad45-93ce4e8182a5,SE
01a02d9d-2e65-7309-a824-4eae49d77bbc,49500439,rua,Rua Maria Helena de Oliveira Peixoto,São Cristóvão,8d820d6b-d516-4628-8228-0e70dcaf08f5,SE
01a02d9d-1cb7-7c6f-bede-80aafebaf344,49095660,rua,Rua Maria Hortência Carvalho Sobral,Jabotiana,71df064f-d17f-4cf5-ad45-93ce4e8182a5,SE
01a02d9c-e1fe-7b93-b668-ce9e54d20e37,49031133,rua,Rua Maria Inácia Santos,Farolândia,71df064f-d17f-4cf5-ad45-93ce4e8182a5,SE
01a02d9d-1ac0-7746-b3a6-0a46eb704b18,49092360,rua,Rua Maria Inês Santos,Olaria,71df064f-d17f-4cf5-ad45-93ce4e8182a5,SE
01a02d9c-ff48-7f69-9d15-0149061ff036,49061055,rua,Rua Maria Iraci Ramos dos Santos,Santo Antônio,71df064f-d17f-4cf5-ad45-93ce4e8182a5,SE
01a02d9c-fd62-703f-b9a1-4a6ae02422b8,49060410,rua,Rua Maria Isabel de Oliveira,Santo Antônio,71df064f-d17f-4cf5-ad45-93ce4e8182a5,SE
01a02d9d-3f02-7289-bae3-e55734c65618,49509040,rua,Rua Maria Izaltina Santos,Mamede Paes Mendonça,8d820d6b-d516-4628-8228-0e70dcaf08f5,SE
01a02d9d-16ef-7fec-b464-b09b356698e5,49090296,rua,Rua Maria Jailda Aragão Barroso,Jardim Centenário,71df064f-d17f-4cf5-ad45-93ce4e8182a5,SE
01a02d9d-3623-7b7e-a11a-def45a48df58,49503601,rua,Rua Maria Josefina Menezes,Anízio Amancio de Oliveira,8d820d6b-d516-4628-8228-0e70dcaf08f5,SE
01a02d9d-4121-7ecb-921f-0b2b342593ed,49509680,rua,Rua Maria José Maciel,Porto,8d820d6b-d516-4628-8228-0e70dcaf08f5,SE
01a02d9d-323a-7366-813b-70ed1e7a0b94,49501401,rua,Rua Maria José Santana,Bananeiras,8d820d6b-d516-4628-8228-0e70dcaf08f5,SE
01a02d9d-323c-76ae-966f-55782aa6c648,49502064,rua,Rua Maria Julieta Oliveira,Marcela,8d820d6b-d516-4628-8228-0e70dcaf08f5,SE
01a02d9d-3aab-78cb-8e05-1c6e7fe29ea4,49506306,rua,Rua Maria Júlia do Espírito Santo,Rotary Club de Itabaiana,8d820d6b-d516-4628-8228-0e70dcaf08f5,SE
01a02d9d-4123-78e5-8e52-bacb6bc099c5,49510160,rua,Rua Maria Laura de Carvalho,Porto,8d820d6b-d516-4628-8228-0e70dcaf08f5,SE
01a02d9d-385e-7c9a-b541-064dac64b2b5,49504111,rua,Rua Maria Lima,Marianga,8d820d6b-d516-4628-8228-0e70dcaf08f5,SE
01a02d9d-3861-7807-bf85-57cbaf42b9c6,49505005,rua,Rua Maria Lima,Miguel Teles de Mendonça,8d820d6b-d516-4628-8228-0e70dcaf08f5,SE
01a02d9d-4122-7784-925c-72bc259689de,49509800,rua,Rua Maria Linda de Andrade,Porto,8d820d6b-d516-4628-8228-0e70dcaf08f5,SE
01a02d9d-4120-74d5-9944-6fa4e5ca02c3,49509263,rua,Rua Maria Luiza Mendonça,Mamede Paes Mendonça,8d820d6b-d516-4628-8228-0e70dcaf08f5,SE
01a02d9d-3cbe-751c-8dd0-3d011bef8089,49507645,rua,Rua Maria Luiza Nascimento,Oviedo Teixeira,8d820d6b-d516-4628-8228-0e70dcaf08f5,SE
01a02d9d-22a6-7785-a71c-cab33f10d0e9,49027422,rua,Rua Maria Luiza Pereira Santos,Grageru,71df064f-d17f-4cf5-ad45-93ce4e8182a5,SE
01a02d9d-18d5-7f7e-9b3a-d5d4aa15e852,49090733,rua,Rua Maria Lúcia Goés,Bugio,71df064f-d17f-4cf5-ad45-93ce4e8182a5,SE
01a02d9c-eda1-7f9a-bf12-897f383b921f,49042310,rua,Rua Maria Lúcia Vasconcelos Santos,São Conrado,71df064f-d17f-4cf5-ad45-93ce4e8182a5,SE
01a02d9d-14f5-7946-bb43-faf4501afc22,49089080,rua,Rua Maria Lúcia da Fonseca Matos,Soledade,71df064f-d17f-4cf5-ad45-93ce4e8182a5,SE
01a02d9d-305c-7827-b05a-e09026f82c08,49500675,rua,Rua Maria Maurícia Machado,São Cristóvão,8d820d6b-d516-4628-8228-0e70dcaf08f5,SE
01a02d9d-343a-7f6e-adde-b6851cdfa8f3,49503303,rua,Rua Maria Mendonça Teles,Anízio Amancio de Oliveira,8d820d6b-d516-4628-8228-0e70dcaf08f5,SE
01a02d9d-323b-7e08-8d99-4a8137a9666c,49502016,rua,Rua Maria Mendonça de Jesus,Marcela,8d820d6b-d516-4628-8228-0e70dcaf08f5,SE
01a02d9c-f754-7e84-9e11-5518e86cb337,49047036,rua,Rua Maria Natalia da Silva,Ponto Novo,71df064f-d17f-4cf5-ad45-93ce4e8182a5,SE
01a02d9d-3439-7f6f-8aca-d1f3b40dd744,49503156,rua,Rua Maria Natália dos Santos,Serrano,8d820d6b-d516-4628-8228-0e70dcaf08f5,SE
01a02d9c-e1fd-7a28-8c49-265052992e13,49030830,rua,Rua Maria Nazareth Barros Santos,Farolândia,71df064f-d17f-4cf5-ad45-93ce4e8182a5,SE
01a02d9d-3860-7f3e-857e-75adc2917212,49504382,rua,Rua Maria Nunes Peixoto,Marianga,8d820d6b-d516-4628-8228-0e70dcaf08f5,SE
01a02d9d-343a-7f6e-ade0-bab16b5ddc2f,49503309,rua,Rua Maria Oliveira Mendonça,Anízio Amancio de Oliveira,8d820d6b-d516-4628-8228-0e70dcaf08f5,SE
01a02d9d-3623-7b7e-a119-49679713fa31,49503598,rua,Rua Maria Oliveira Mendonça,Anízio Amancio de Oliveira,8d820d6b-d516-4628-8228-0e70dcaf08f5,SE
01a02d9d-305a-7e56-8f00-465c7b604c17,49500466,rua,Rua Maria Oliveira dos Santos,São Cristóvão,8d820d6b-d516-4628-8228-0e70dcaf08f5,SE
01a02d9d-4321-7221-ad14-c0c89b4b4683,49511620,rua,Rua Maria Pureza de Jesus,Queimadas,8d820d6b-d516-4628-8228-0e70dcaf08f5,SE
01a02d9d-0b2c-7ad8-904c-7949f3d871fb,49080360,rua,Rua Maria Pureza dos Santos,América,71df064f-d17f-4cf5-ad45-93ce4e8182a5,SE
01a02d9c-cbc6-7abc-a996-e5e5a7840284,49000387,rua,Rua Maria Ramos Mendonça,Aruana,71df064f-d17f-4cf5-ad45-93ce4e8182a5,SE
01a02d9c-e003-79b0-9dc7-7a1bd5e6ecdf,49030170,rua,Rua Maria Ramos de Menezes,Farolândia,71df064f-d17f-4cf5-ad45-93ce4e8182a5,SE
01a02d9c-f19a-751a-87d7-5e75e4d085a3,49043739,rua,Rua Maria Raulinda Dantas de Queiroz,Santa Maria,71df064f-d17f-4cf5-ad45-93ce4e8182a5,SE
01a02d9c-e3fe-7fee-af7e-839cbf456e3c,49035230,rua,Rua Maria Rezende Machado,Atalaia,71df064f-d17f-4cf5-ad45-93ce4e8182a5,SE
01a02d9d-28a9-7bed-a61b-efedd98e02f7,49035128,rua,Rua Maria Rezende Machado,Coroa do Meio,71df064f-d17f-4cf5-ad45-93ce4e8182a5,SE
01a02d9d-22a8-7781-a742-0294250e9a01,49043690,rua,Rua Maria Rita de Cácia,Santa Maria,71df064f-d17f-4cf5-ad45-93ce4e8182a5,SE
01a02d9d-3622-78a8-9359-b32421b85314,49503453,rua,Rua Maria Rosa Lapa Souza,Anízio Amancio de Oliveira,8d820d6b-d516-4628-8228-0e70dcaf08f5,SE
01a02d9c-eda1-7f9a-bf13-d896e9506fb5,49042320,rua,Rua Maria Rosa Lima,São Conrado,71df064f-d17f-4cf5-ad45-93ce4e8182a5,SE
01a02d9c-d207-733a-80bd-f724590590b3,49004412,rua,Rua Maria Rosa Oliveira,Zona de Expansão (Robalo),71df064f-d17f-4cf5-ad45-93ce4e8182a5,SE
01a02d9d-323c-7f76-968f-9e48c9a1dcc4,49502185,rua,Rua Maria Rosa de Andrade,Marcela,8d820d6b-d516-4628-8228-0e70dcaf08f5,SE
01a02d9d-3623-717c-a102-f02be0915301,49503525,rua,Rua Maria Rosa de Oliveira,Anízio Amancio de Oliveira,8d820d6b-d516-4628-8228-0e70dcaf08f5,SE
01a02d9d-14f6-71e6-bb2e-b82269b7150c,49089267,rua,Rua Maria Rozileide Teles Santos,Soledade,71df064f-d17f-4cf5-ad45-93ce4e8182a5,SE
01a02d9c-cdde-781b-b077-311a6833222a,49001093,rua,Rua Maria Ruth Wynne Cardoso,Aruana,71df064f-d17f-4cf5-ad45-93ce4e8182a5,SE
01a02d9d-18d5-7f7e-9b36-0bbcc838cb4d,49090680,rua,Rua Maria Sales Rodrigues,Bugio,71df064f-d17f-4cf5-ad45-93ce4e8182a5,SE
01a02d9d-343b-7f7d-a384-49b392922c14,49503330,rua,Rua Maria Salete da Silva Filho,Anízio Amancio de Oliveira,8d820d6b-d516-4628-8228-0e70dcaf08f5,SE
01a02d9d-14f5-703d-bb39-e57a3e3c2c8e,49089030,rua,Rua Maria Salomé Nunes Vasconcelos,Soledade,71df064f-d17f-4cf5-ad45-93ce4e8182a5,SE
01a02d9d-18d7-70ae-8e37-60eb5dd71766,49091120,rua,Rua Maria Santana,Bugio,71df064f-d17f-4cf5-ad45-93ce4e8182a5,SE
01a02d9d-3cbd-7399-baaf-b929c011b89f,49506725,rua,Rua Maria Santos de Oliveira,Doutor José Milton Machado,8d820d6b-d516-4628-8228-0e70dcaf08f5,SE
01a02d9c-cfee-7020-b492-ecc7f9cd705b,49001326,rua,Rua Maria Sinole Santos,Aruana,71df064f-d17f-4cf5-ad45-93ce4e8182a5,SE
01a02d9d-16ef-7744-b44a-26ec304cc778,49090180,rua,Rua Maria Souza Rosa,Bugio,71df064f-d17f-4cf5-ad45-93ce4e8182a5,SE
01a02d9c-fd62-703f-b9a2-da0df5bf2895,49060420,rua,Rua Maria São Pedro,Palestina,71df064f-d17f-4cf5-ad45-93ce4e8182a5,SE
01a02d9d-385e-7c9a-b539-dfb6c7f2715d,49504087,rua,Rua Maria Tavares da Costa,Marianga,8d820d6b-d516-4628-8228-0e70dcaf08f5,SE
01a02d9d-269f-751d-8472-b1ef69ad6953,49096310,rua,Rua Maria Terezinha de Carvalho,Jabotiana,71df064f-d17f-4cf5-ad45-93ce4e8182a5,SE
01a02d9d-3439-7f6f-8abb-3d3e7f5ea459,49503111,rua,Rua Maria Terezinha de Souza,Serrano,8d820d6b-d516-4628-8228-0e70dcaf08f5,SE
01a02d9d-14f5-703d-bb3a-43f1f5d0a778,49089033,rua,Rua Maria Terezinha dos Santos Menezes,Soledade,71df064f-d17f-4cf5-ad45-93ce4e8182a5,SE
01a02d9d-4123-78e5-8e50-86128712808a,49510150,rua,Rua Maria Thetis Nunes,Porto,8d820d6b-d516-4628-8228-0e70dcaf08f5,SE
01a02d9c-ddf6-745c-a33b-6cbd58f57fac,49026120,rua,Rua Maria Valdeir Nascimento Lins,Grageru,71df064f-d17f-4cf5-ad45-93ce4e8182a5,SE
01a02d9d-3f02-7289-bae7-893b03287959,49509079,rua,Rua Maria Valdete A Santos,Mamede Paes Mendonça,8d820d6b-d516-4628-8228-0e70dcaf08f5,SE
01a02d9c-cbc7-7bd3-9691-5168717f3a3a,49000626,rua,Rua Maria Vasconcelos de Andrade,Aruana,71df064f-d17f-4cf5-ad45-93ce4e8182a5,SE
01a02d9d-0743-72e7-9f9f-462f4e7d30f4,49070270,rua,Rua Maria Vera de Souza,Cidade Nova,71df064f-d17f-4cf5-ad45-93ce4e8182a5,SE
01a02d9d-18d5-7f7e-9b35-9ca38686c7bc,49090660,rua,Rua Maria Vieira Santos,Bugio,71df064f-d17f-4cf5-ad45-93ce4e8182a5,SE
01a02d9d-18d4-7e38-ad8b-c315b8a673f1,49090440,rua,Rua Maria Vitalina de Argolo,Bugio,71df064f-d17f-4cf5-ad45-93ce4e8182a5,SE
01a02d9c-ef92-7777-9c31-183feb273577,49043280,rua,Rua Maria Vitória do Nascimento,São Conrado,71df064f-d17f-4cf5-ad45-93ce4e8182a5,SE
01a02d9d-3624-7ba9-920a-d2f7b7214f80,49503695,rua,Rua Maria da Conceição,Anízio Amancio de Oliveira,8d820d6b-d516-4628-8228-0e70dcaf08f5,SE
01a02d9d-24a3-7e28-88b9-ba36ec472df0,49092400,rua,Rua Maria da Glória Andrade,Olaria,71df064f-d17f-4cf5-ad45-93ce4e8182a5,SE
01a02d9c-cbc6-721d-a98d-e8cd57704fdc,49000302,rua,Rua Maria da Glória Cruz,Aruana,71df064f-d17f-4cf5-ad45-93ce4e8182a5,SE
01a02d9d-3f01-70fa-8558-4dcb88e913e5,49508105,rua,Rua Maria da Graça Costa,Oviedo Teixeira,8d820d6b-d516-4628-8228-0e70dcaf08f5,SE
01a02d9d-0350-7bb7-9f5a-fd7ea2cb4848,49065840,rua,Rua Maria da Hora de Jesus Santos,Industrial,71df064f-d17f-4cf5-ad45-93ce4e8182a5,SE
01a02d9d-1ac1-7870-9d88-0deee5934562,49092630,rua,Rua Maria da Paz de Brito,Olaria,71df064f-d17f-4cf5-ad45-93ce4e8182a5,SE
01a02d9d-0f10-73f0-ba6a-8071173578b9,49085189,rua,Rua Maria da Penha Andrade,José Conrado de Araújo,71df064f-d17f-4cf5-ad45-93ce4e8182a5,SE
01a02d9d-0351-7cf4-b05e-92b18d80f4cb,49066410,rua,Rua Maria das Dores,Industrial,71df064f-d17f-4cf5-ad45-93ce4e8182a5,SE
01a02d9d-0352-759b-b6f5-1556c245de02,49067110,rua,Rua Maria das Dores,Porto D'Antas,71df064f-d17f-4cf5-ad45-93ce4e8182a5,SE
01a02d9c-ef93-708a-919f-dcd32f97ba47,49043330,rua,Rua Maria das Graças Menezes Moura,São Conrado,71df064f-d17f-4cf5-ad45-93ce4e8182a5,SE
01a02d9c-e002-780d-9adc-c658eb3128d7,49027415,rua,Rua Maria das Graças de Aguiar Cunha,Grageru,71df064f-d17f-4cf5-ad45-93ce4e8182a5,SE
01a02d9c-e006-75cc-adf3-fcaa83878bbb,49030610,rua,Rua Maria de Amarante,Farolândia,71df064f-d17f-4cf5-ad45-93ce4e8182a5,SE
01a02d9c-eda1-7f9a-bf11-ec8a6036dccf,49042300,rua,Rua Maria de Jesus Mendes Feitosa,São Conrado,71df064f-d17f-4cf5-ad45-93ce4e8182a5,SE
01a02d9d-3860-76c1-857b-ecbeff062dae,49504373,rua,Rua Maria de Lourdes Aquino Santos,Marianga,8d820d6b-d516-4628-8228-0e70dcaf08f5,SE
01a02d9d-0747-76f7-b196-bc0d186d0811,49072219,rua,Rua Maria de Lourdes Cardoso de Jesus,Dezoito do Forte,71df064f-d17f-4cf5-ad45-93ce4e8182a5,SE
01a02d9d-16ef-7fec-b462-bfec30186adf,49090290,rua,Rua Maria de Lourdes Cruz do Nascimento,Jardim Centenário,71df064f-d17f-4cf5-ad45-93ce4e8182a5,SE
01a02d9d-323c-76ae-9668-bedb38444512,49502043,rua,Rua Maria de Lourdes Cunha,Marcela,8d820d6b-d516-4628-8228-0e70dcaf08f5,SE
01a02d9d-16ef-7744-b45c-10ce241ba2e7,49090273,rua,Rua Maria de Lourdes Melo Dória,Jardim Centenário,71df064f-d17f-4cf5-ad45-93ce4e8182a5,SE
01a02d9c-cbc7-7bd3-9681-5efa3ad29370,49000516,rua,Rua Maria de Lourdes Papa Martins,Aruana,71df064f-d17f-4cf5-ad45-93ce4e8182a5,SE
01a02d9c-e1fe-72c4-b65e-4d6e172d2060,49031060,rua,Rua Maria de Lourdes Ramos Gonçalves,Farolândia,71df064f-d17f-4cf5-ad45-93ce4e8182a5,SE
01a02d9c-cbc5-79b6-9d58-d988054a47bf,49000197,rua,Rua Maria de Lourdes Santos,Aruana,71df064f-d17f-4cf5-ad45-93ce4e8182a5,SE
01a02d9d-0f11-7409-b39b-9f876ccb1b36,49085493,rua,Rua Maria de Lourdes Soares Cruz,José Conrado de Araújo,71df064f-d17f-4cf5-ad45-93ce4e8182a5,SE
01a02d9d-2a91-71a6-8634-a02301b11cd8,49070450,rua,Rua Maria de Lourdes Souza Santos,Cidade Nova,71df064f-d17f-4cf5-ad45-93ce4e8182a5,SE
01a02d9c-e200-7e62-9b79-d5b8075d4828,49032180,rua,Rua Maria de Oliveira Mendonça,Farolândia,71df064f-d17f-4cf5-ad45-93ce4e8182a5,SE
01a02d9d-209e-776f-b186-b45cdc81b96b,49514970,rua,Rua Maria de Oliveira Nunes 21,Centro,e60ed079-47be-45b6-b69c-f2bc28c89457,SE
01a02d9d-385f-753d-a0a1-c1dc31bf6478,49504163,rua,Rua Maria de Souza Carvalho,Marianga,8d820d6b-d516-4628-8228-0e70dcaf08f5,SE
01a02d9d-1cb6-7b9c-9733-30b08a0821c4,49095240,rua,Rua Maria do Carmo Andrade Costa,Jabotiana,71df064f-d17f-4cf5-ad45-93ce4e8182a5,SE
01a02d9d-14f5-7946-bb41-6d5441fc8f2e,49089063,rua,Rua Maria do Carmo Barros,Soledade,71df064f-d17f-4cf5-ad45-93ce4e8182a5,SE
01a02d9c-f19a-7db5-87e7-0f8c5347ed64,49043787,rua,Rua Maria do Carmo Batista Santos,Santa Maria,71df064f-d17f-4cf5-ad45-93ce4e8182a5,SE
01a02d9c-e1fe-72c4-b661-d2edd27d482f,49031073,rua,Rua Maria do Carmo Dias,Farolândia,71df064f-d17f-4cf5-ad45-93ce4e8182a5,SE
01a02d9d-14f5-7946-bb3c-47e9a32989dd,49089039,rua,Rua Maria do Carmo Santos Cavalcante,Soledade,71df064f-d17f-4cf5-ad45-93ce4e8182a5,SE
01a02d9d-385f-7de5-a0af-9e79e464639e,49504250,rua,Rua Maria do Carmo Tavares,Marianga,8d820d6b-d516-4628-8228-0e70dcaf08f5,SE
01a02d9d-0550-7b9d-89ad-dcce179538f1,49069063,rua,Rua Maria do Coqueiral,Porto D'Antas,71df064f-d17f-4cf5-ad45-93ce4e8182a5,SE
01a02d9c-e5f2-7389-98c6-5ec2d470b234,49037296,rua,Rua Maria do Rosário F Santos,Aeroporto,71df064f-d17f-4cf5-ad45-93ce4e8182a5,SE
01a02d9d-343a-7f6e-add8-8d4c8b9107ee,49503250,rua,Rua Maria dos Anjos Bispo,Serrano,8d820d6b-d516-4628-8228-0e70dcaf08f5,SE
01a02d9d-431f-7222-ae26-42c204ddb3aa,49511143,rua,Rua Maria dos Santos Rosa,Queimadas,8d820d6b-d516-4628-8228-0e70dcaf08f5,SE
01a02d9c-e5f2-7389-98ba-1e482dcf474e,49037236,rua,Rua Maria Áurea Tourinho,Aeroporto,71df064f-d17f-4cf5-ad45-93ce4e8182a5,SE
01a02d9d-0b2a-7088-9030-000f0cfa32fb,49075370,rua,Rua Mariano Salmeron,Siqueira Campos,71df064f-d17f-4cf5-ad45-93ce4e8182a5,SE
01a02d9c-e200-7e62-9b7e-823c08e065fe,49032210,rua,Rua Marieta Cabral de Andrade,Farolândia,71df064f-d17f-4cf5-ad45-93ce4e8182a5,SE
01a02d9c-e7d6-77a3-a998-275bae6f43a6,49037840,rua,Rua Marilene de Oliveira Reis,Aeroporto,71df064f-d17f-4cf5-ad45-93ce4e8182a5,SE
01a02d9c-f753-74c5-94e4-72bc111b9696,49045490,rua,Rua Marina Maciel,Luzia,71df064f-d17f-4cf5-ad45-93ce4e8182a5,SE
01a02d9c-cfed-7704-8cdf-042d744a2d82,49001210,rua,Rua Marinete Araújo Mendonça,Aruana,71df064f-d17f-4cf5-ad45-93ce4e8182a5,SE
01a02d9d-3aa8-748e-8ee9-5a215176b554,49505380,rua,Rua Marinete Barbosa,Miguel Teles de Mendonça,8d820d6b-d516-4628-8228-0e70dcaf08f5,SE
01a02d9d-0d21-7e9e-8f84-875b6668bf18,49082310,rua,Rua Marinheiro Alcides Cavalcante,Novo Paraíso,71df064f-d17f-4cf5-ad45-93ce4e8182a5,SE
01a02d9d-0d21-7e9e-8f85-fb098a11b869,49082320,rua,Rua Marinheiro Antônio Brandão,Novo Paraíso,71df064f-d17f-4cf5-ad45-93ce4e8182a5,SE
01a02d9d-0d21-7e9e-8f86-af7c3cdfb213,49082330,rua,Rua Marinheiro Carlos Campos,Novo Paraíso,71df064f-d17f-4cf5-ad45-93ce4e8182a5,SE
01a02d9d-0d21-7e9e-8f88-5c5ba5c575bc,49082340,rua,Rua Marinheiro Luiz Batista,Novo Paraíso,71df064f-d17f-4cf5-ad45-93ce4e8182a5,SE
01a02d9d-16ef-7fec-b46c-3f7224562ab7,49090340,rua,Rua Marinês Aruba Santos,Bugio,71df064f-d17f-4cf5-ad45-93ce4e8182a5,SE
01a02d9d-4122-7784-9261-6f8880b5629d,49509875,rua,Rua Mariovan Santos Brito,Porto,8d820d6b-d516-4628-8228-0e70dcaf08f5,SE
01a02d9c-eda1-7f9a-bf15-29009223d9d0,49042330,rua,Rua Marisa Messias dos Santos,São Conrado,71df064f-d17f-4cf5-ad45-93ce4e8182a5,SE
01a02d9d-3cbe-751c-8dc2-dcdc40e11c47,49507470,rua,Rua Marivalda Santos Santana,Oviedo Teixeira,8d820d6b-d516-4628-8228-0e70dcaf08f5,SE
01a02d9c-f753-74c5-94e5-1de6a20ac854,49045500,rua,Rua Marize Almeida Santos,Luzia,71df064f-d17f-4cf5-ad45-93ce4e8182a5,SE
01a02d9d-323b-7552-8d8b-a768c5fe2eb2,49501833,rua,Rua Marizete Santos Costa,Marcela,8d820d6b-d516-4628-8228-0e70dcaf08f5,SE
01a02d9d-1ac1-7870-9d81-802df5792447,49092606,rua,Rua Marlene Gomes de Souza,Olaria,71df064f-d17f-4cf5-ad45-93ce4e8182a5,SE
01a02d9d-16ef-7744-b44b-8b0488036975,49090190,rua,Rua Maroca Fonseca,Bugio,71df064f-d17f-4cf5-ad45-93ce4e8182a5,SE
01a02d9d-16ef-7fec-b46f-9dd96ba4dedc,49090360,rua,Rua Marques Leite Silva,Bugio,71df064f-d17f-4cf5-ad45-93ce4e8182a5,SE
01a02d9d-0743-72e7-9fa0-66cbc282d591,49070280,rua,Rua Marques Sobral,Cidade Nova,71df064f-d17f-4cf5-ad45-93ce4e8182a5,SE
01a02d9c-e9ce-7602-8c00-41550f57eb12,49040370,rua,Rua Marte,Inácio Barbosa,71df064f-d17f-4cf5-ad45-93ce4e8182a5,SE
01a02d9d-3cbc-724f-a5af-7097e6252937,49506343,rua,Rua Martilizano dos Santos,Doutor José Milton Machado,8d820d6b-d516-4628-8228-0e70dcaf08f5,SE
01a02d9c-f949-7900-9f26-d33b049a9ef9,49048250,rua,Rua Martinho de Melo Cardoso,Luzia,71df064f-d17f-4cf5-ad45-93ce4e8182a5,SE
01a02d9d-1cb6-7b9c-9734-1a70cc9e0af9,49095250,rua,Rua Martins Barros,Jabotiana,71df064f-d17f-4cf5-ad45-93ce4e8182a5,SE
01a02d9c-fd5e-7442-b143-55810863812c,49055440,rua,Rua Maruim,Cirurgia,71df064f-d17f-4cf5-ad45-93ce4e8182a5,SE
01a02d9c-d813-7423-997d-742ddb705c09,49010160,rua,Rua Maruim,Centro,71df064f-d17f-4cf5-ad45-93ce4e8182a5,SE
01a02d9c-e200-75c4-9b73-6d2da1000709,49032130,rua,Rua Matapoã,Farolândia,71df064f-d17f-4cf5-ad45-93ce4e8182a5,SE
01a02d9c-f574-7bf3-a699-98df3e9f928a,49045083,rua,Rua Matilde Silva Lima,Luzia,71df064f-d17f-4cf5-ad45-93ce4e8182a5,SE
01a02d9d-28ab-75f8-a3fc-4894bcbd4df1,49045077,rua,Rua Matildes Ramos Novais,Luzia,71df064f-d17f-4cf5-ad45-93ce4e8182a5,SE
01a02d9c-ff48-76d1-9d11-93343b76d08a,49061040,rua,Rua Matildes Ramos da Silva,Santo Antônio,71df064f-d17f-4cf5-ad45-93ce4e8182a5,SE
01a02d9d-0b2a-78fd-9031-5e53a5a80560,49075380,rua,Rua Mato Grosso,Siqueira Campos,71df064f-d17f-4cf5-ad45-93ce4e8182a5,SE
01a02d9d-0f10-73f0-ba6f-6f01e9dc082c,49085220,rua,Rua Mato Grosso,José Conrado de Araújo,71df064f-d17f-4cf5-ad45-93ce4e8182a5,SE
01a02d9c-f19a-751a-87d6-06c35fb09ba0,49043736,rua,Rua Mauro de Carvalho,Santa Maria,71df064f-d17f-4cf5-ad45-93ce4e8182a5,SE
01a02d9d-10fb-742c-9273-f96d6add6bcb,49087529,rua,Rua Maurício Fonseca Pereira,Santos Dumont,71df064f-d17f-4cf5-ad45-93ce4e8182a5,SE
01a02d9d-22a6-7785-a71b-80e48b7e27cf,49027418,rua,Rua Maurílio Rodrigues de Figueiredo Neto,Grageru,71df064f-d17f-4cf5-ad45-93ce4e8182a5,SE
01a02d9d-0b2b-7174-a507-863e1a677cb4,49075610,rua,Rua Maximiano Geraldo de Oliveira,Siqueira Campos,71df064f-d17f-4cf5-ad45-93ce4e8182a5,SE
01a02d9c-f574-7bf3-a695-49c4771ff918,49045030,rua,Rua Maye Bell Taylor,Luzia,71df064f-d17f-4cf5-ad45-93ce4e8182a5,SE
01a02d9d-1cb8-74ef-96ce-5a71eacf9954,49095720,rua,Rua Melchisedeck da Graça Fernandes,Jabotiana,71df064f-d17f-4cf5-ad45-93ce4e8182a5,SE
01a02d9d-385e-7c9a-b540-9f7da6c9f4e0,49504108,rua,Rua Melquiades José Mendonça,Marianga,8d820d6b-d516-4628-8228-0e70dcaf08f5,SE
01a02d9d-0d21-7e9e-8f89-46e389eb6558,49082350,rua,Rua Mem de Sá,Novo Paraíso,71df064f-d17f-4cf5-ad45-93ce4e8182a5,SE
01a02d9c-eda2-7f95-9c12-5c0c7c711658,49042550,rua,Rua Mercedes Amado,São Conrado,71df064f-d17f-4cf5-ad45-93ce4e8182a5,SE
01a02d9c-e9ce-7602-8c01-e8f6440a2414,49040380,rua,Rua Mercúrio,Inácio Barbosa,71df064f-d17f-4cf5-ad45-93ce4e8182a5,SE
01a02d9c-eda3-77a9-bf58-115ee022aeca,49042790,rua,Rua Mestre Messias de Santana,São Conrado,71df064f-d17f-4cf5-ad45-93ce4e8182a5,SE
01a02d9d-1ea5-788f-9d85-61075767c882,49097430,rua,Rua Mestre Perciliano Andrade,Ponto Novo,71df064f-d17f-4cf5-ad45-93ce4e8182a5,SE
01a02d9d-323d-7823-b7db-d27d37706474,49502197,rua,Rua Michell Evangelista Pinto,Marcela,8d820d6b-d516-4628-8228-0e70dcaf08f5,SE
01a02d9d-3aab-7022-8e02-7b28283eb942,49506297,rua,Rua Miguel Alves dos Santos,Rotary Club de Itabaiana,8d820d6b-d516-4628-8228-0e70dcaf08f5,SE
01a02d9d-4121-7623-921a-4f4c36cb09bd,49509647,rua,Rua Miguel Barreto Fereira,Porto,8d820d6b-d516-4628-8228-0e70dcaf08f5,SE
01a02d9d-385e-7c9a-b537-9f271f199129,49504081,rua,Rua Miguel Carvalho Peixoto,Marianga,8d820d6b-d516-4628-8228-0e70dcaf08f5,SE
01a02d9d-1ea5-788f-9d86-dd1dcab91476,49097440,rua,Rua Miguel Pereira,Ponto Novo,71df064f-d17f-4cf5-ad45-93ce4e8182a5,SE
01a02d9d-3622-78a8-9353-8b63684fa9a6,49503432,rua,Rua Miguel Teixeira,Anízio Amancio de Oliveira,8d820d6b-d516-4628-8228-0e70dcaf08f5,SE
01a02d9d-2e64-7a5b-9474-a089c6e586cc,49500286,rua,Rua Miguel Teixeira,Centro,8d820d6b-d516-4628-8228-0e70dcaf08f5,SE
01a02d9d-2e64-7a5b-9486-b7c7fba608af,49500359,rua,Rua Miguel Teixeira,São Cristóvão,8d820d6b-d516-4628-8228-0e70dcaf08f5,SE
01a02d9d-12ef-7d86-bc71-b9f8b59b053f,49088050,rua,Rua Milena Souza de Jesus,Lamarão,71df064f-d17f-4cf5-ad45-93ce4e8182a5,SE
01a02d9c-ddf7-7587-abea-737f7f3ddea7,49027260,rua,Rua Milton Emílio de Góes Filho,Grageru,71df064f-d17f-4cf5-ad45-93ce4e8182a5,SE
01a02d9d-1ea5-788f-9d92-6e9e604bc392,49097566,rua,Rua Milton Magalhães,Ponto Novo,71df064f-d17f-4cf5-ad45-93ce4e8182a5,SE
01a02d9d-1ea5-788f-9d87-a5185e240f30,49097450,rua,Rua Milton Maynard,Ponto Novo,71df064f-d17f-4cf5-ad45-93ce4e8182a5,SE
01a02d9c-ddf6-7cf2-a360-82b4a8f10b10,49027210,rua,Rua Milton do Prado Melo,Grageru,71df064f-d17f-4cf5-ad45-93ce4e8182a5,SE
01a02d9d-10fb-742c-9262-fa2b23a26e4c,49087450,rua,Rua Minervina Barros,Santos Dumont,71df064f-d17f-4cf5-ad45-93ce4e8182a5,SE
01a02d9d-4124-7a39-839c-ebcd85795a6c,49510555,rua,Rua Minervina dos Santos,Riacho Doce,8d820d6b-d516-4628-8228-0e70dcaf08f5,SE
01a02d9c-dc0a-7b31-a97c-0381958a5c28,49020430,rua,Rua Minervino de Souza Fontes,Salgado Filho,71df064f-d17f-4cf5-ad45-93ce4e8182a5,SE
01a02d9c-e9cd-7d4c-8d42-61d87d8528cd,49040150,rua,Rua Ministro Apolônio Sales,Inácio Barbosa,71df064f-d17f-4cf5-ad45-93ce4e8182a5,SE
01a02d9c-f753-74c5-94e6-d174165b45b0,49045510,rua,Rua Ministro Nelson Hungria,Luzia,71df064f-d17f-4cf5-ad45-93ce4e8182a5,SE
01a02d9d-3438-7f59-9a71-936440a14f7a,49502264,rua,Rua Mirian Oliveira Melo,Marcela,8d820d6b-d516-4628-8228-0e70dcaf08f5,SE
01a02d9c-cbc6-721d-a986-245c70b16473,49000227,rua,Rua Mirian de Oliveira Linhares,Aruana,71df064f-d17f-4cf5-ad45-93ce4e8182a5,SE
01a02d9c-fd62-703f-b9a3-6fc378c7b372,49060440,rua,Rua Miron de Oliveira Ribeiro,Santo Antônio,71df064f-d17f-4cf5-ad45-93ce4e8182a5,SE
01a02d9d-3cbd-7399-bab6-d46df02c9ad2,49506834,rua,Rua Mislene Santos Oliveira,Doutor José Milton Machado,8d820d6b-d516-4628-8228-0e70dcaf08f5,SE
01a02d9c-f754-75e6-9df0-24a2144e9966,49045736,rua,Rua Missionária Mundica Gomes Santana,Luzia,71df064f-d17f-4cf5-ad45-93ce4e8182a5,SE
01a02d9d-2a91-71a6-8632-7e8954fe21ea,49070125,rua,Rua Moacir Sobral,Cidade Nova,71df064f-d17f-4cf5-ad45-93ce4e8182a5,SE
01a02d9c-ddf5-72f5-b3f6-34456268375d,49025510,rua,Rua Moacir Wanderley,Jardins,71df064f-d17f-4cf5-ad45-93ce4e8182a5,SE
01a02d9c-f753-74c5-94e7-8559f9cfa324,49045520,rua,Rua Moacyr Lopes Poconé,Luzia,71df064f-d17f-4cf5-ad45-93ce4e8182a5,SE
01a02d9d-0b2a-78fd-9032-5384d5a4cb73,49075390,rua,Rua Modernistas,Siqueira Campos,71df064f-d17f-4cf5-ad45-93ce4e8182a5,SE
01a02d9c-f575-7be3-975b-42b1dac0d369,49045310,rua,Rua Moisés Costa,Luzia,71df064f-d17f-4cf5-ad45-93ce4e8182a5,SE
01a02d9d-209c-7757-afaf-f36199407a5e,49097650,rua,Rua Moizete Leite Mendonça,Ponto Novo,71df064f-d17f-4cf5-ad45-93ce4e8182a5,SE
01a02d9c-fd62-703f-b9a6-25c2f84530c9,49060450,rua,Rua Monsenhor Carlos Costa,Santo Antônio,71df064f-d17f-4cf5-ad45-93ce4e8182a5,SE
01a02d9d-2e64-71a7-946d-f6a8be4d0422,49500265,rua,Rua Monsenhor Constantino,Centro,8d820d6b-d516-4628-8228-0e70dcaf08f5,SE
01a02d9d-3f02-7289-bae5-ccbadb5a49b7,49509073,rua,Rua Monsenhor Constantino,Mamede Paes Mendonça,8d820d6b-d516-4628-8228-0e70dcaf08f5,SE
01a02d9c-e400-71e8-a270-144d8be9e7ba,49035560,rua,Rua Monsenhor Edgar Brito,Atalaia,71df064f-d17f-4cf5-ad45-93ce4e8182a5,SE
01a02d9d-3438-7f59-9a77-03a187074ee6,49503012,rua,Rua Monsenhor Eraldo Barbosa,Serrano,8d820d6b-d516-4628-8228-0e70dcaf08f5,SE
01a02d9c-ddf6-745c-a349-105fe7102b85,49026230,rua,Rua Monsenhor José Amaral de Oliveira,Jardins,71df064f-d17f-4cf5-ad45-93ce4e8182a5,SE
01a02d9d-305b-76f3-b881-8936c865bc46,49500585,rua,Rua Monsenhor Mário de Oliveira Reis,São Cristóvão,8d820d6b-d516-4628-8228-0e70dcaf08f5,SE
01a02d9d-22a6-7785-a716-684bf809361b,49026225,rua,Rua Monsenhor Olívio Teixeira,Jardins,71df064f-d17f-4cf5-ad45-93ce4e8182a5,SE
01a02d9c-da17-7531-9404-0289a3add6f7,49015030,rua,Rua Monsenhor Silveira,São José,71df064f-d17f-4cf5-ad45-93ce4e8182a5,SE
01a02d9c-ef94-7af9-967f-4e5b5ed9fa36,49043481,rua,Rua Monte Carlo,Santa Maria,71df064f-d17f-4cf5-ad45-93ce4e8182a5,SE
01a02d9d-0933-741f-97c3-641eff4657ea,49072490,rua,Rua Monte Castelo,Dezoito do Forte,71df064f-d17f-4cf5-ad45-93ce4e8182a5,SE
01a02d9c-ebbe-7ce3-85fc-127f1333d9b1,49041017,rua,Rua Monte das Oliveiras,Inácio Barbosa,71df064f-d17f-4cf5-ad45-93ce4e8182a5,SE
01a02d9d-0550-7312-899d-bd7efef7eef4,49069015,rua,Rua Montevidéu,Porto D'Antas,71df064f-d17f-4cf5-ad45-93ce4e8182a5,SE
01a02d9d-0933-741f-97c4-2b8c2884f48f,49072500,rua,Rua Moreira Guimarães,Dezoito do Forte,71df064f-d17f-4cf5-ad45-93ce4e8182a5,SE
01a02d9c-d429-7038-aafa-b693fb5f1cc4,49005044,rua,Rua Muciano Cabral,Zona de Expansão (Robalo),71df064f-d17f-4cf5-ad45-93ce4e8182a5,SE
01a02d9d-22a5-775a-9fea-08bb34b853b2,49007193,rua,Rua Muniz,Zona de Expansão (Areia Branca),71df064f-d17f-4cf5-ad45-93ce4e8182a5,SE
01a02d9d-3622-78a8-935a-8e924a15aa4d,49503465,rua,Rua Mário Dantas de Oliveira,Anízio Amancio de Oliveira,8d820d6b-d516-4628-8228-0e70dcaf08f5,SE
01a02d9d-0145-7b2d-ae2c-1f12e03af56a,49065415,rua,Rua Mário Matiotte,Industrial,71df064f-d17f-4cf5-ad45-93ce4e8182a5,SE
01a02d9c-e201-7faf-abcc-a79460095c59,49032310,rua,Rua Mário de Andrade,Farolândia,71df064f-d17f-4cf5-ad45-93ce4e8182a5,SE
01a02d9d-22a7-7785-886f-826bbbefd283,49040360,rua,Rua Mário de Andrade,Inácio Barbosa,71df064f-d17f-4cf5-ad45-93ce4e8182a5,SE
01a02d9d-0b2c-7262-9037-bda36e372b70,49080210,rua,Rua Mãe Nanã,América,71df064f-d17f-4cf5-ad45-93ce4e8182a5,SE
01a02d9d-0b2b-79eb-a511-63c8fc5836cf,49080005,rua,Rua México,América,71df064f-d17f-4cf5-ad45-93ce4e8182a5,SE
01a02d9d-0d20-7d89-91ae-6be512b812b7,49082025,rua,Rua México,Novo Paraíso,71df064f-d17f-4cf5-ad45-93ce4e8182a5,SE
01a02d9d-14f6-7a7e-bb38-44821773cef2,49089303,rua,Rua N,Soledade,71df064f-d17f-4cf5-ad45-93ce4e8182a5,SE
01a02d9d-14f6-7a7e-bb30-14c0518f4bda,49089276,rua,Rua N,Soledade,71df064f-d17f-4cf5-ad45-93ce4e8182a5,SE
01a02d9d-12f0-7f4b-a1a7-0e4e90c62360,49088269,rua,Rua N,Lamarão,71df064f-d17f-4cf5-ad45-93ce4e8182a5,SE
01a02d9d-2c74-72fd-9a52-479353fbff29,49071362,rua,Rua N,Dom Luciano,71df064f-d17f-4cf5-ad45-93ce4e8182a5,SE
01a02d9d-0745-7d7a-b49f-2d25745e6bc3,49071227,rua,Rua N,Dom Luciano,71df064f-d17f-4cf5-ad45-93ce4e8182a5,SE
01a02d9d-1ea4-775d-87f2-69897d50e75d,49096267,rua,Rua N,Jabotiana,71df064f-d17f-4cf5-ad45-93ce4e8182a5,SE
01a02d9d-16ee-760e-8e38-926d55f0b98f,49089456,rua,Rua N,Soledade,71df064f-d17f-4cf5-ad45-93ce4e8182a5,SE
01a02d9c-cddc-764c-b1bb-fbea5a863804,49000852,rua,Rua N,Aruana,71df064f-d17f-4cf5-ad45-93ce4e8182a5,SE
01a02d9c-cfee-7020-b48c-6201e89b8a8c,49001279,rua,Rua N,Aruana,71df064f-d17f-4cf5-ad45-93ce4e8182a5,SE
01a02d9c-d208-7d54-bc39-b57666244862,49004715,rua,Rua N,Zona de Expansão (Robalo),71df064f-d17f-4cf5-ad45-93ce4e8182a5,SE
01a02d9c-d61b-75e8-9a7a-83fd2312910f,49008330,rua,Rua N,Zona de Expansão (Mosqueiro),71df064f-d17f-4cf5-ad45-93ce4e8182a5,SE
01a02d9c-d61c-75c9-ba26-bad60467a328,49008408,rua,Rua N,Zona de Expansão (Mosqueiro),71df064f-d17f-4cf5-ad45-93ce4e8182a5,SE
01a02d9d-305c-7827-b058-8539b3cc9611,49500669,rua,Rua N,São Cristóvão,8d820d6b-d516-4628-8228-0e70dcaf08f5,SE
01a02d9c-ef91-74a3-9122-79a4f6017c6e,49043136,rua,Rua N2,São Conrado,71df064f-d17f-4cf5-ad45-93ce4e8182a5,SE
01a02d9c-ef93-708a-91a9-9eb5eba77051,49043365,rua,Rua NB,São Conrado,71df064f-d17f-4cf5-ad45-93ce4e8182a5,SE
01a02d9c-e7d5-767a-9084-17ee8f630e07,49037460,rua,Rua Napoleão Dórea,Atalaia,71df064f-d17f-4cf5-ad45-93ce4e8182a5,SE
01a02d9c-e9cc-7bdb-bc65-9e25a420a759,49038140,rua,Rua Napoleão Francisco de Melo,Aeroporto,71df064f-d17f-4cf5-ad45-93ce4e8182a5,SE
01a02d9c-f94a-719e-990e-4894e0b97530,49048309,rua,Rua Napoleão Teles de Oliveira,Luzia,71df064f-d17f-4cf5-ad45-93ce4e8182a5,SE
01a02d9d-0f10-73f0-ba70-9237fe1efa2e,49085230,rua,Rua Natal,José Conrado de Araújo,71df064f-d17f-4cf5-ad45-93ce4e8182a5,SE
01a02d9d-249f-7e26-9349-c3659a4b7a15,49055470,rua,Rua Natanael Santos Seabra,Cirurgia,71df064f-d17f-4cf5-ad45-93ce4e8182a5,SE
01a02d9d-18d6-7818-a95e-1cdf3cc62f74,49091050,rua,Rua Natália de Melo Andrade,Bugio,71df064f-d17f-4cf5-ad45-93ce4e8182a5,SE
01a02d9d-10f9-7a21-aa4b-7f3693151878,49087083,rua,Rua Nelson Andrade,Santos Dumont,71df064f-d17f-4cf5-ad45-93ce4e8182a5,SE
01a02d9d-16ef-7744-b44e-4519b0e17937,49090210,rua,Rua Nelson Maynard,Bugio,71df064f-d17f-4cf5-ad45-93ce4e8182a5,SE
01a02d9c-e004-7b9e-8137-e37615a3fd6d,49030320,rua,Rua Nelson Souza,Farolândia,71df064f-d17f-4cf5-ad45-93ce4e8182a5,SE
01a02d9c-e5f0-79f6-9260-14e7d807448e,49036245,rua,Rua Nely Correia de Andrade,Coroa do Meio,71df064f-d17f-4cf5-ad45-93ce4e8182a5,SE
01a02d9c-cddf-795a-89b5-356bc73b7f25,49001165,rua,Rua Nestor Souza Braz,Aruana,71df064f-d17f-4cf5-ad45-93ce4e8182a5,SE
01a02d9c-e9ce-7602-8c04-06185ef4e881,49040410,rua,Rua Netuno,Inácio Barbosa,71df064f-d17f-4cf5-ad45-93ce4e8182a5,SE
01a02d9c-e5f0-79f6-9268-016894299e3d,49037029,rua,Rua Neusa Melo de Meneses,Aeroporto,71df064f-d17f-4cf5-ad45-93ce4e8182a5,SE
01a02d9d-16ef-7744-b44f-9e68b56890ae,49090220,rua,Rua Neusisse Pereira,Bugio,71df064f-d17f-4cf5-ad45-93ce4e8182a5,SE
01a02d9c-e400-71e8-a271-cbb882dd5860,49035570,rua,Rua Newton Porto,Coroa do Meio,71df064f-d17f-4cf5-ad45-93ce4e8182a5,SE
01a02d9d-0746-7e92-9338-fd411d83f1c0,49072190,rua,Rua Neópolis,Dezoito do Forte,71df064f-d17f-4cf5-ad45-93ce4e8182a5,SE
01a02d9d-0b2a-78fd-9033-950590ea1c95,49075400,rua,Rua Neópolis,Siqueira Campos,71df064f-d17f-4cf5-ad45-93ce4e8182a5,SE
01a02d9d-1cb6-7b9c-9736-501030e51f52,49095270,rua,Rua Nicanor Teles de Andrade,Jabotiana,71df064f-d17f-4cf5-ad45-93ce4e8182a5,SE
01a02d9d-0b2d-734e-87bb-0a7871dc9b59,49080370,rua,Rua Nicarágua,América,71df064f-d17f-4cf5-ad45-93ce4e8182a5,SE
01a02d9c-e7d5-767a-9085-129095cb323d,49037470,rua,Rua Niceu Dantas,Atalaia,71df064f-d17f-4cf5-ad45-93ce4e8182a5,SE
01a02d9c-cfef-7170-80a4-059ae14d37bf,49003280,rua,Rua Nicolau Pungitori,17 de Março,71df064f-d17f-4cf5-ad45-93ce4e8182a5,SE
01a02d9d-431f-7222-ae21-e12539405273,49511120,rua,Rua Nicolau Tolentino de Lima,Queimadas,8d820d6b-d516-4628-8228-0e70dcaf08f5,SE
01a02d9d-343a-7f6e-add4-580a0857a3fa,49503238,rua,Rua Nivaldo da Cunha,Serrano,8d820d6b-d516-4628-8228-0e70dcaf08f5,SE
01a02d9d-12f0-7662-a19d-b72281371744,49088210,rua,Rua Nivaldo dos Reis da Silva,Lamarão,71df064f-d17f-4cf5-ad45-93ce4e8182a5,SE
01a02d9d-3cbd-7399-baa5-53818248b5d9,49506633,rua,Rua No meu Pé de Serra,Doutor José Milton Machado,8d820d6b-d516-4628-8228-0e70dcaf08f5,SE
01a02d9d-343a-7f6e-ade5-19b394a3b750,49503324,rua,Rua Noel Tavares de Jesus,Anízio Amancio de Oliveira,8d820d6b-d516-4628-8228-0e70dcaf08f5,SE
01a02d9c-d207-733a-80b7-bd0548aa1cf4,49004276,rua,Rua Noela Weres de Vasconcelos,Zona de Expansão (Robalo),71df064f-d17f-4cf5-ad45-93ce4e8182a5,SE
01a02d9d-3623-717c-a100-5244b0123b0f,49503519,rua,Rua Normando Tavares de Jesus,Anízio Amancio de Oliveira,8d820d6b-d516-4628-8228-0e70dcaf08f5,SE
01a02d9d-305a-7e56-8f02-909b9c4f4de9,49500472,rua,Rua Normando Tavares de Jesus,São Cristóvão,8d820d6b-d516-4628-8228-0e70dcaf08f5,SE
01a02d9d-16ef-7744-b45a-ac41018a60a9,49090263,rua,Rua Nossa Senhora Aparecida,Bugio,71df064f-d17f-4cf5-ad45-93ce4e8182a5,SE
01a02d9d-0550-7b9d-89a8-bd64418e8390,49069048,rua,Rua Nossa Senhora Menina,Porto D'Antas,71df064f-d17f-4cf5-ad45-93ce4e8182a5,SE
01a02d9d-2a91-71a6-8637-3a79d01af4ee,49070459,rua,Rua Nossa Senhora da Conceição,Cidade Nova,71df064f-d17f-4cf5-ad45-93ce4e8182a5,SE
01a02d9d-0142-7e7c-8d38-e8395bec792d,49063148,rua,Rua Nossa Senhora da Conceição,Japãozinho,71df064f-d17f-4cf5-ad45-93ce4e8182a5,SE
01a02d9d-0145-7b2d-ae28-6b8fb08d2e65,49065399,rua,Rua Nossa Senhora da Conceição,Industrial,71df064f-d17f-4cf5-ad45-93ce4e8182a5,SE
01a02d9d-0743-72e7-9fa1-e3f0c4281652,49070305,rua,Rua Nossa Senhora da Glória,Cidade Nova,71df064f-d17f-4cf5-ad45-93ce4e8182a5,SE
01a02d9d-0933-741f-97c5-3308e246c188,49072510,rua,Rua Nossa Senhora da Glória,Dezoito do Forte,71df064f-d17f-4cf5-ad45-93ce4e8182a5,SE
01a02d9c-fd62-7a30-b9aa-86b9479fd3f0,49060480,rua,Rua Nossa Senhora da Glória,Santo Antônio,71df064f-d17f-4cf5-ad45-93ce4e8182a5,SE
01a02d9c-ff49-7816-bf5a-28e52a9ebd4b,49063004,rua,Rua Nossa Senhora da Glória,Japãozinho,71df064f-d17f-4cf5-ad45-93ce4e8182a5,SE
01a02d9c-e7d7-700e-a25c-75a94c85be8e,49037852,rua,Rua Nossa Senhora da Paz,Aeroporto,71df064f-d17f-4cf5-ad45-93ce4e8182a5,SE
01a02d9d-1abf-7e9d-b0b8-190119232f05,49092120,rua,Rua Nossa Senhora das Candeias,Olaria,71df064f-d17f-4cf5-ad45-93ce4e8182a5,SE
01a02d9c-f94b-72d4-8733-847023e25f76,49050510,rua,Rua Nossa Senhora das Dores,Suíssa,71df064f-d17f-4cf5-ad45-93ce4e8182a5,SE
01a02d9c-fb69-7a00-8c19-9c1d5360ebb8,49052170,rua,Rua Nossa Senhora das Dores,Suíssa,71df064f-d17f-4cf5-ad45-93ce4e8182a5,SE
01a02d9c-fd5e-7442-b147-8e52a07f31fe,49055480,rua,Rua Nossa Senhora das Dores,Cirurgia,71df064f-d17f-4cf5-ad45-93ce4e8182a5,SE
01a02d9d-209e-776f-b193-46495c5bab17,49560970,rua,Rua Nossa Senhora das Dores 7,Centro,cff19935-58ba-4238-90e0-f846c6295aee,SE
01a02d9d-0550-7312-899c-58893f5b2561,49069012,rua,Rua Nossa Senhora de Fátima,Porto D'Antas,71df064f-d17f-4cf5-ad45-93ce4e8182a5,SE
01a02d9d-0f10-73f0-ba74-2eeca60a44a5,49085260,rua,Rua Nossa Senhora de Fátima,José Conrado de Araújo,71df064f-d17f-4cf5-ad45-93ce4e8182a5,SE
01a02d9c-f755-771f-a98e-4da2cd19e574,49047260,rua,Rua Nossa Senhora de Fátima,Ponto Novo,71df064f-d17f-4cf5-ad45-93ce4e8182a5,SE
01a02d9d-0933-7cce-97d9-14fa500d810a,49072636,rua,Rua Nossa Senhora de Lourdes,Dezoito do Forte,71df064f-d17f-4cf5-ad45-93ce4e8182a5,SE
01a02d9c-ef93-7917-91b7-2bfc3baf9ba1,49043421,rua,Rua Nossa Senhora do Carmo,Santa Maria,71df064f-d17f-4cf5-ad45-93ce4e8182a5,SE
01a02d9c-da18-763e-b542-be51129dd6bd,49015300,rua,Rua Nossa Senhora do Socorro,São José,71df064f-d17f-4cf5-ad45-93ce4e8182a5,SE
01a02d9d-269f-751d-8470-771b92b6cf60,49095815,rua,Rua Nourival da Silva,Jabotiana,71df064f-d17f-4cf5-ad45-93ce4e8182a5,SE
01a02d9d-0742-7a5d-a7d0-4856bfac5637,49070186,rua,Rua Nova Esperança,Cidade Nova,71df064f-d17f-4cf5-ad45-93ce4e8182a5,SE
01a02d9c-f19b-762b-a1c8-9080aa928615,49043815,rua,Rua Nova Esperança,Santa Maria,71df064f-d17f-4cf5-ad45-93ce4e8182a5,SE
01a02d9d-0b2d-734e-87bd-8d2dcb5413d0,49080380,rua,Rua Nova Paraíba,América,71df064f-d17f-4cf5-ad45-93ce4e8182a5,SE
01a02d9d-12f0-7662-a190-7c0ca61dbb60,49088100,rua,Rua Nove,Lamarão,71df064f-d17f-4cf5-ad45-93ce4e8182a5,SE
01a02d9c-e006-75cc-adfa-532161732aea,49030679,rua,Rua Nove,Farolândia,71df064f-d17f-4cf5-ad45-93ce4e8182a5,SE
01a02d9d-2a90-790f-8cd7-b7765749efb1,49067326,rua,Rua Nove,Porto D'Antas,71df064f-d17f-4cf5-ad45-93ce4e8182a5,SE
01a02d9d-24a3-7e28-88ba-a96349268447,49092621,rua,Rua Nove,Olaria,71df064f-d17f-4cf5-ad45-93ce4e8182a5,SE
01a02d9d-249f-7e26-9351-529571329b7f,49061121,rua,Rua Nove,Santo Antônio,71df064f-d17f-4cf5-ad45-93ce4e8182a5,SE
01a02d9d-1ac1-7870-9d7d-499a0a741910,49092594,rua,Rua Nove,Olaria,71df064f-d17f-4cf5-ad45-93ce4e8182a5,SE
01a02d9c-cfed-7704-8cdc-4aec54122731,49001201,rua,Rua Noventa e Oito,Aruana,71df064f-d17f-4cf5-ad45-93ce4e8182a5,SE
01a02d9c-f572-7141-aa08-600e486bf374,49044348,rua,Rua Novo Horizonte,Santa Maria,71df064f-d17f-4cf5-ad45-93ce4e8182a5,SE
01a02d9c-f19b-762b-a1c7-cf31a965f79d,49043812,rua,Rua Novo Paraiso,Santa Maria,71df064f-d17f-4cf5-ad45-93ce4e8182a5,SE
01a02d9d-0d21-7e9e-8f8a-034d2c5d16d2,49082360,rua,Rua Novo Paraíso,Novo Paraíso,71df064f-d17f-4cf5-ad45-93ce4e8182a5,SE
01a02d9d-0352-759b-b6fb-e93a879d2788,49067180,rua,Rua Novo Éden,Porto D'Antas,71df064f-d17f-4cf5-ad45-93ce4e8182a5,SE
01a02d9d-12f0-7662-a19b-e77b8bb207dc,49088190,rua,Rua Nélson Francisco dos Santos Filho,Lamarão,71df064f-d17f-4cf5-ad45-93ce4e8182a5,SE
01a02d9d-14f6-7a7e-bb39-783c421d3e57,49089306,rua,Rua O,Soledade,71df064f-d17f-4cf5-ad45-93ce4e8182a5,SE
01a02d9d-14f6-7a7e-bb31-6dfce51755fb,49089279,rua,Rua O,Soledade,71df064f-d17f-4cf5-ad45-93ce4e8182a5,SE
01a02d9d-2c74-72fd-9a53-a17bf0904757,49071365,rua,Rua O,Dom Luciano,71df064f-d17f-4cf5-ad45-93ce4e8182a5,SE
01a02d9d-0f0f-7b41-b263-e94dc0bb81e0,49085026,rua,Rua O,José Conrado de Araújo,71df064f-d17f-4cf5-ad45-93ce4e8182a5,SE
01a02d9d-16ee-760e-8e39-5eac32df83f3,49089459,rua,Rua O,Soledade,71df064f-d17f-4cf5-ad45-93ce4e8182a5,SE
01a02d9c-ef94-7247-9674-117f002ab241,49043450,rua,Rua O,Santa Maria,71df064f-d17f-4cf5-ad45-93ce4e8182a5,SE
01a02d9c-cbc7-7342-9680-f0aa5c84c9e2,49000513,rua,Rua O,Aruana,71df064f-d17f-4cf5-ad45-93ce4e8182a5,SE
01a02d9c-cddb-7546-8db5-c056cac45564,49000722,rua,Rua O,Aruana,71df064f-d17f-4cf5-ad45-93ce4e8182a5,SE
01a02d9c-cddc-764c-b1bc-ddec88748ec0,49000855,rua,Rua O,Aruana,71df064f-d17f-4cf5-ad45-93ce4e8182a5,SE
01a02d9c-cfee-7020-b489-24cde6ac51e8,49001270,rua,Rua O,Aruana,71df064f-d17f-4cf5-ad45-93ce4e8182a5,SE
01a02d9c-d207-733a-80bc-749e33e0eeb9,49004406,rua,Rua O,Zona de Expansão (Robalo),71df064f-d17f-4cf5-ad45-93ce4e8182a5,SE
01a02d9c-d208-7d54-bc3a-db62ac6edf3c,49004718,rua,Rua O,Zona de Expansão (Robalo),71df064f-d17f-4cf5-ad45-93ce4e8182a5,SE
01a02d9c-d61b-75e8-9a79-16c283eae058,49008327,rua,Rua O,Zona de Expansão (Mosqueiro),71df064f-d17f-4cf5-ad45-93ce4e8182a5,SE
01a02d9d-2e63-78f6-b363-cfd15ab0ff33,49500157,rua,Rua Odilon Azevedo,Centro,8d820d6b-d516-4628-8228-0e70dcaf08f5,SE
01a02d9c-cbc6-721d-a984-f286e06e4f76,49000221,rua,Rua Odilon Gonçalves da Silveira,Aruana,71df064f-d17f-4cf5-ad45-93ce4e8182a5,SE
01a02d9c-eda1-7f9a-bf16-cfc43637b6d0,49042350,rua,Rua Odílio Laureano Costa,São Conrado,71df064f-d17f-4cf5-ad45-93ce4e8182a5,SE
01a02d9d-14f6-7a7e-bb44-4ecd4ad8c3d8,49089341,rua,Rua Oito,Soledade,71df064f-d17f-4cf5-ad45-93ce4e8182a5,SE
01a02d9d-2a90-790f-8cd6-2b1fed7552e5,49067323,rua,Rua Oito,Porto D'Antas,71df064f-d17f-4cf5-ad45-93ce4e8182a5,SE
01a02d9d-269e-73ce-a483-8c7adc197399,49005047,rua,Rua Oito,Zona de Expansão (Robalo),71df064f-d17f-4cf5-ad45-93ce4e8182a5,SE
01a02d9d-16ef-7744-b458-4dd10b767f81,49090259,rua,Rua Oito,Jardim Centenário,71df064f-d17f-4cf5-ad45-93ce4e8182a5,SE
01a02d9c-f38c-7493-b09b-cdd9f03a1ff2,49044129,rua,Rua Oito,Santa Maria,71df064f-d17f-4cf5-ad45-93ce4e8182a5,SE
01a02d9c-cde0-7213-b92c-184d95e72b95,49001183,rua,Rua Oito,Aruana,71df064f-d17f-4cf5-ad45-93ce4e8182a5,SE
01a02d9d-14f5-703d-bb28-408743a79a55,49088396,rua,Rua Olaria,Lamarão,71df064f-d17f-4cf5-ad45-93ce4e8182a5,SE
01a02d9d-0143-7719-a5aa-b6f5aa943f29,49063193,rua,Rua Olaria,Japãozinho,71df064f-d17f-4cf5-ad45-93ce4e8182a5,SE
01a02d9d-3623-717c-a111-f4b7c5bb8d36,49503574,rua,Rua Olavio Eduardo Barbosa,Anízio Amancio de Oliveira,8d820d6b-d516-4628-8228-0e70dcaf08f5,SE
01a02d9c-e9ce-7ec2-8c05-1dbdf890887d,49040420,rua,Rua Olavo Bilac,Inácio Barbosa,71df064f-d17f-4cf5-ad45-93ce4e8182a5,SE
01a02d9d-0f0f-7b41-b264-d75238f18d65,49085029,rua,Rua Olavo Cunha Lima,José Conrado de Araújo,71df064f-d17f-4cf5-ad45-93ce4e8182a5,SE
01a02d9d-1ea5-788f-9d7c-d3f7886e375c,49097343,rua,Rua Olavo da Cunha Lima,Ponto Novo,71df064f-d17f-4cf5-ad45-93ce4e8182a5,SE
01a02d9d-3860-7f3e-8583-c0d373473d68,49504405,rua,Rua Olimpio Neri dos Santos,Marianga,8d820d6b-d516-4628-8228-0e70dcaf08f5,SE
01a02d9c-e1fd-7190-8c46-9249c7b373ca,49030800,rua,Rua Olinda Araújo,Farolândia,71df064f-d17f-4cf5-ad45-93ce4e8182a5,SE
01a02d9c-e3fc-7d65-92e8-6800a6a2175c,49032403,rua,Rua Olinto Fontes,Farolândia,71df064f-d17f-4cf5-ad45-93ce4e8182a5,SE
01a02d9c-f755-771f-a990-9ae2e163bb8d,49047290,rua,Rua Oliveira Barros,Ponto Novo,71df064f-d17f-4cf5-ad45-93ce4e8182a5,SE
01a02d9c-fd62-7a30-b9ae-2123736d513e,49060500,rua,Rua Oliveira Ribeiro,Santo Antônio,71df064f-d17f-4cf5-ad45-93ce4e8182a5,SE
01a02d9d-0350-72ce-9f45-1a2b63b69c67,49065620,rua,Rua Oliveira Ribeiro,Industrial,71df064f-d17f-4cf5-ad45-93ce4e8182a5,SE
01a02d9d-4320-7220-a39d-7a8a1be8c5e1,49511385,rua,Rua Olivio Pinto de Souza,Queimadas,8d820d6b-d516-4628-8228-0e70dcaf08f5,SE
01a02d9d-22a7-7785-8871-a2c0fde8078e,49040840,rua,Rua Olímpio de Souza Campos Júnior,Inácio Barbosa,71df064f-d17f-4cf5-ad45-93ce4e8182a5,SE
01a02d9c-f198-7b4f-a20f-2b9cf8e0de4d,49043565,rua,Rua Onilda Azevedo,Santa Maria,71df064f-d17f-4cf5-ad45-93ce4e8182a5,SE
01a02d9d-12f0-7662-a194-adebde99773f,49088120,rua,Rua Onze,Lamarão,71df064f-d17f-4cf5-ad45-93ce4e8182a5,SE
01a02d9d-2a90-790f-8cdf-91f02ad6755e,49067350,rua,Rua Onze,Porto D'Antas,71df064f-d17f-4cf5-ad45-93ce4e8182a5,SE
01a02d9d-269e-7c85-a4a8-45bb3e43d060,49088455,rua,Rua Onze,Lamarão,71df064f-d17f-4cf5-ad45-93ce4e8182a5,SE
01a02d9d-249f-7e26-9350-5b5c0ce90705,49061118,rua,Rua Onze,Santo Antônio,71df064f-d17f-4cf5-ad45-93ce4e8182a5,SE
01a02d9c-f199-7c7c-a687-ca13f1240a00,49043721,rua,Rua Onze,Santa Maria,71df064f-d17f-4cf5-ad45-93ce4e8182a5,SE
01a02d9c-d429-7038-aae8-5eeba2af9aac,49004751,rua,Rua Onze,Zona de Expansão (Robalo),71df064f-d17f-4cf5-ad45-93ce4e8182a5,SE
01a02d9c-d42a-719c-a965-e6cfc8c37270,49007051,rua,Rua Onze,Zona de Expansão (Areia Branca),71df064f-d17f-4cf5-ad45-93ce4e8182a5,SE
01a02d9d-3439-7f6f-8ac1-c335e676d595,49503129,rua,Rua Onélia Oliveira Santos,Serrano,8d820d6b-d516-4628-8228-0e70dcaf08f5,SE
01a02d9c-d429-78f1-ab03-6fde737de075,49005101,rua,Rua Onésia Lima Silveira,Zona de Expansão (Robalo),71df064f-d17f-4cf5-ad45-93ce4e8182a5,SE
01a02d9c-d206-7aa1-b38e-21085ba7c5e2,49004054,rua,Rua Orestes Cassiano dos Santos,Zona de Expansão (Robalo),71df064f-d17f-4cf5-ad45-93ce4e8182a5,SE
01a02d9c-fb6a-72f9-985d-77a98909aeb5,49052310,rua,Rua Orlando Bezerra Lemos,Pereira Lobo,71df064f-d17f-4cf5-ad45-93ce4e8182a5,SE
01a02d9d-0143-7fcd-a5c0-ae06f178d1fb,49065056,rua,Rua Orlando Ferreira Santos,Industrial,71df064f-d17f-4cf5-ad45-93ce4e8182a5,SE
01a02d9c-ddf5-72f5-b3f8-e06b0f43c39c,49025530,rua,Rua Orlando Magalhães Maia,Jardins,71df064f-d17f-4cf5-ad45-93ce4e8182a5,SE
01a02d9c-e9cd-7495-8d2d-c9b6b8db50a9,49038420,rua,Rua Orlando Sobral dos Santos,Aeroporto,71df064f-d17f-4cf5-ad45-93ce4e8182a5,SE
01a02d9c-cbc7-7342-966a-764aab3a2122,49000447,rua,Rua Orlando Tavares Macedo,Aruana,71df064f-d17f-4cf5-ad45-93ce4e8182a5,SE
01a02d9c-cfee-78c7-b49d-65a4d504e86d,49001359,rua,Rua Ortêncio Vieira de Melo,Aruana,71df064f-d17f-4cf5-ad45-93ce4e8182a5,SE
01a02d9d-1ea5-788f-9d88-a8730de7f71a,49097460,rua,Rua Oscar Nascimento,Ponto Novo,71df064f-d17f-4cf5-ad45-93ce4e8182a5,SE
01a02d9c-ddf7-7587-abe5-53eb0de0439a,49027220,rua,Rua Oscar Valois Galvão,Grageru,71df064f-d17f-4cf5-ad45-93ce4e8182a5,SE
01a02d9c-eda3-77a9-bf56-3c7ce27775e9,49042765,rua,Rua Osmundo Carvalho Leite,São Conrado,71df064f-d17f-4cf5-ad45-93ce4e8182a5,SE
01a02d9c-f753-74c5-94e8-26547e44725d,49045540,rua,Rua Osvaldina Rocha Rosa,Luzia,71df064f-d17f-4cf5-ad45-93ce4e8182a5,SE
01a02d9d-3623-7b7e-a121-a481c302e25c,49503620,rua,Rua Osvaldo Queiroz Correia,Anízio Amancio de Oliveira,8d820d6b-d516-4628-8228-0e70dcaf08f5,SE
01a02d9d-3860-76c1-8570-3e09e5611c73,49504340,rua,Rua Osvaldo Queiroz Correia,Marianga,8d820d6b-d516-4628-8228-0e70dcaf08f5,SE
01a02d9d-0b2d-734e-87ba-d6946e853668,49080365,rua,Rua Osvaldo Sampaio,América,71df064f-d17f-4cf5-ad45-93ce4e8182a5,SE
01a02d9d-0d21-7e9e-8f8c-21376ffb1880,49082385,rua,Rua Osvaldo Sampaio,Novo Paraíso,71df064f-d17f-4cf5-ad45-93ce4e8182a5,SE
01a02d9c-fb6a-72f9-985e-e14826dce5a2,49052320,rua,Rua Osvaldo Torres,Pereira Lobo,71df064f-d17f-4cf5-ad45-93ce4e8182a5,SE
01a02d9c-f94b-72d4-8735-68b49fdcb3d1,49050550,rua,Rua Osvanda Oliveira Vieira,Pereira Lobo,71df064f-d17f-4cf5-ad45-93ce4e8182a5,SE
01a02d9d-1cb7-7406-becb-18a3b46974e9,49095520,rua,Rua Oswaldo Garavini,Jabotiana,71df064f-d17f-4cf5-ad45-93ce4e8182a5,SE
01a02d9c-d813-7423-995f-f860fa723cc0,49009025,rua,Rua Oséias Simão dos Reis,Zona de Expansão (Mosqueiro),71df064f-d17f-4cf5-ad45-93ce4e8182a5,SE
01a02d9d-323c-7f76-968c-6fa8c865e0e1,49502176,rua,Rua Otília do Espirito Santo Rezende,Marcela,8d820d6b-d516-4628-8228-0e70dcaf08f5,SE
01a02d9d-323c-7f76-9688-bafc008d8840,49502160,rua,Rua Oviedo Pereira Lima,Marcela,8d820d6b-d516-4628-8228-0e70dcaf08f5,SE
01a02d9c-d812-73f5-bb9e-17e7a2e76b86,49008513,rua,Rua Oviêdo Santos,Zona de Expansão (Mosqueiro),71df064f-d17f-4cf5-ad45-93ce4e8182a5,SE
01a02d9d-1cb7-7c6f-beda-89e726dbf5af,49095620,rua,Rua Oziel Dória,Jabotiana,71df064f-d17f-4cf5-ad45-93ce4e8182a5,SE
01a02d9d-14f6-7a7e-bb3a-87db94598cc0,49089309,rua,Rua P,Soledade,71df064f-d17f-4cf5-ad45-93ce4e8182a5,SE
01a02d9d-14f6-7a7e-bb32-6f18e1cd7f7c,49089282,rua,Rua P,Soledade,71df064f-d17f-4cf5-ad45-93ce4e8182a5,SE
01a02d9c-e7d5-767a-9094-e9698c267347,49037546,rua,Rua P,Atalaia,71df064f-d17f-4cf5-ad45-93ce4e8182a5,SE
01a02d9d-2c74-72fd-9a55-61eec87bff43,49071371,rua,Rua P,Dom Luciano,71df064f-d17f-4cf5-ad45-93ce4e8182a5,SE
01a02d9d-0f10-73f0-ba69-7c7a3a0f4453,49085186,rua,Rua P,José Conrado de Araújo,71df064f-d17f-4cf5-ad45-93ce4e8182a5,SE
01a02d9d-24a0-7e28-9b50-707c22888bc3,49067043,rua,Rua P,Porto D'Antas,71df064f-d17f-4cf5-ad45-93ce4e8182a5,SE
01a02d9d-16ee-760e-8e36-ac31b322afc8,49089450,rua,Rua P,Soledade,71df064f-d17f-4cf5-ad45-93ce4e8182a5,SE
01a02d9c-ebbf-7575-9afa-8f328d5c3dd5,49041143,rua,Rua P,Inácio Barbosa,71df064f-d17f-4cf5-ad45-93ce4e8182a5,SE
01a02d9c-ef93-708a-91a5-9cf7ecb3d411,49043353,rua,Rua P,São Conrado,71df064f-d17f-4cf5-ad45-93ce4e8182a5,SE
01a02d9c-cbc8-74ad-953a-d498dae5dbda,49000698,rua,Rua P,Aruana,71df064f-d17f-4cf5-ad45-93ce4e8182a5,SE
01a02d9c-cddb-7546-8db1-c0cec495ceb8,49000710,rua,Rua P,Aruana,71df064f-d17f-4cf5-ad45-93ce4e8182a5,SE
01a02d9c-cddc-7eb9-b1c1-1cc3d28ef8f4,49001006,rua,Rua P,Aruana,71df064f-d17f-4cf5-ad45-93ce4e8182a5,SE
01a02d9c-cfee-7020-b48a-f7846358a820,49001273,rua,Rua P,Aruana,71df064f-d17f-4cf5-ad45-93ce4e8182a5,SE
01a02d9c-d209-75ff-8e0e-10ac1abf3ec5,49004721,rua,Rua P,Zona de Expansão (Robalo),71df064f-d17f-4cf5-ad45-93ce4e8182a5,SE
01a02d9c-d61b-75e8-9a7d-65953a8dcccd,49008348,rua,Rua P,Zona de Expansão (Mosqueiro),71df064f-d17f-4cf5-ad45-93ce4e8182a5,SE
01a02d9d-305b-7f8f-b894-c895998a8deb,49500642,rua,Rua P,São Cristóvão,8d820d6b-d516-4628-8228-0e70dcaf08f5,SE
01a02d9c-d813-7423-997c-41e4514f9e7c,49010150,rua,Rua Pacatuba,Centro,71df064f-d17f-4cf5-ad45-93ce4e8182a5,SE
01a02d9c-da16-7460-b90e-ac8833fcf82c,49010900,rua,Rua Pacatuba 254,Centro,71df064f-d17f-4cf5-ad45-93ce4e8182a5,SE
01a02d9c-f753-74c5-94e9-19bd31955be8,49045550,rua,Rua Padre Caldas,Luzia,71df064f-d17f-4cf5-ad45-93ce4e8182a5,SE
01a02d9c-e7d6-77a3-a991-e62e5464fa22,49037816,rua,Rua Padre Cícero,Aeroporto,71df064f-d17f-4cf5-ad45-93ce4e8182a5,SE
01a02d9d-3621-7fd1-99e1-beeb098017e9,49503423,rua,Rua Padre Felismino,Anízio Amancio de Oliveira,8d820d6b-d516-4628-8228-0e70dcaf08f5,SE
01a02d9d-385e-73f3-b527-155cc552324e,49504003,rua,Rua Padre Felismino,Marianga,8d820d6b-d516-4628-8228-0e70dcaf08f5,SE
01a02d9d-2e64-71a7-9472-be213ffd0979,49500280,rua,Rua Padre Felismino,Centro,8d820d6b-d516-4628-8228-0e70dcaf08f5,SE
01a02d9d-385f-753d-a0a7-f0458b1743ee,49504226,rua,Rua Padre José Luiz dos Santos,Marianga,8d820d6b-d516-4628-8228-0e70dcaf08f5,SE
01a02d9d-431f-7222-ae22-3d82992e2da1,49511125,rua,Rua Padre José Luiz dos Santos,Queimadas,8d820d6b-d516-4628-8228-0e70dcaf08f5,SE
01a02d9c-e9cd-7d4c-8d34-2ae2a962e141,49040000,rua,Rua Padre José de Anchieta,Inácio Barbosa,71df064f-d17f-4cf5-ad45-93ce4e8182a5,SE
01a02d9c-f38e-79e9-8624-ce3ab4b40c60,49044220,rua,Rua Padre Manoel da Nóbrega,Santa Maria,71df064f-d17f-4cf5-ad45-93ce4e8182a5,SE
01a02d9c-f573-7bcb-b757-e16c7809f813,49044430,rua,Rua Padre Marcelo Rossi,Santa Maria,71df064f-d17f-4cf5-ad45-93ce4e8182a5,SE
01a02d9c-f574-7bf3-a691-8ec945987060,49045000,rua,Rua Padre Nestor Sampaio,Ponto Novo,71df064f-d17f-4cf5-ad45-93ce4e8182a5,SE
01a02d9c-f574-7bf3-a693-9729c89898d9,49045015,rua,Rua Padre Nestor Sampaio,Luzia,71df064f-d17f-4cf5-ad45-93ce4e8182a5,SE
01a02d9c-f754-75e6-9dfe-6776dbabc749,49045970,rua,Rua Padre Nestor Sampaio 598,Ponto Novo,71df064f-d17f-4cf5-ad45-93ce4e8182a5,SE
01a02d9c-ef94-7247-967b-031d332ce924,49043469,rua,Rua Padre Pedro,Santa Maria,71df064f-d17f-4cf5-ad45-93ce4e8182a5,SE
01a02d9d-385e-7c9a-b53f-6616c8935a2c,49504105,rua,Rua Padre Sebastião Pedrosa Góis,Marianga,8d820d6b-d516-4628-8228-0e70dcaf08f5,SE
01a02d9d-2c78-77bb-8adb-cf69000058fc,49500073,rua,Rua Padre Vicente de Jesus,Centro,8d820d6b-d516-4628-8228-0e70dcaf08f5,SE
01a02d9d-2a91-71a6-863a-2b0540ecb041,49070468,rua,Rua Padroeiro São Benedito,Cidade Nova,71df064f-d17f-4cf5-ad45-93ce4e8182a5,SE
01a02d9d-3cbc-7ae2-a5bb-79692c08b36b,49506442,rua,Rua Pagode Russo,Doutor José Milton Machado,8d820d6b-d516-4628-8228-0e70dcaf08f5,SE
01a02d9c-e9cd-7495-8d24-692e8ceccb81,49038330,rua,Rua Palmira Machado e Silva,Atalaia,71df064f-d17f-4cf5-ad45-93ce4e8182a5,SE
01a02d9d-28ab-7e96-a400-67ca8979dc2e,49045706,rua,Rua Palmira Ramos Teles,Luzia,71df064f-d17f-4cf5-ad45-93ce4e8182a5,SE
01a02d9d-0b2d-734e-87be-1c15104d3631,49080400,rua,Rua Panamá,América,71df064f-d17f-4cf5-ad45-93ce4e8182a5,SE
01a02d9c-d812-73f5-bba1-e22ccf991833,49008525,rua,Rua Pantanal,Zona de Expansão (Mosqueiro),71df064f-d17f-4cf5-ad45-93ce4e8182a5,SE
01a02d9d-0d1f-7c95-9113-b9bb0de41dfb,49080420,rua,Rua Paraguai,América,71df064f-d17f-4cf5-ad45-93ce4e8182a5,SE
01a02d9d-3622-78a8-9361-7a982158deb8,49503489,rua,Rua Paraguai,Anízio Amancio de Oliveira,8d820d6b-d516-4628-8228-0e70dcaf08f5,SE
01a02d9d-0d1f-7c95-9112-493e318977d4,49080410,rua,Rua Paraguaçu,América,71df064f-d17f-4cf5-ad45-93ce4e8182a5,SE
01a02d9d-0933-741f-97c7-299d7488b84c,49072530,rua,Rua Paraíba,Dezoito do Forte,71df064f-d17f-4cf5-ad45-93ce4e8182a5,SE
01a02d9d-0b2a-78fd-9035-0560a78d7f2c,49075420,rua,Rua Paraíba,Siqueira Campos,71df064f-d17f-4cf5-ad45-93ce4e8182a5,SE
01a02d9d-0d1f-7c95-9114-8c0f12b48f7f,49080430,rua,Rua Paraíba,América,71df064f-d17f-4cf5-ad45-93ce4e8182a5,SE
01a02d9d-0d1f-7c95-9115-d1f15835aa31,49080440,rua,Rua Paraíba,América,71df064f-d17f-4cf5-ad45-93ce4e8182a5,SE
01a02d9d-0f0f-7b41-b25e-1d4b1079e008,49082645,rua,Rua Paraíba,Novo Paraíso,71df064f-d17f-4cf5-ad45-93ce4e8182a5,SE
01a02d9d-0f11-7409-b39f-627cb33fbea2,49085510,rua,Rua Paraíba,José Conrado de Araújo,71df064f-d17f-4cf5-ad45-93ce4e8182a5,SE
01a02d9d-2c75-7446-a5ef-588f5dcabe17,49087416,rua,Rua Paraíba,Santos Dumont,71df064f-d17f-4cf5-ad45-93ce4e8182a5,SE
01a02d9d-22a6-7785-a723-c2e9d02ede81,49032320,rua,Rua Paris,Farolândia,71df064f-d17f-4cf5-ad45-93ce4e8182a5,SE
01a02d9d-18d6-7818-a955-930dc3fa06f8,49090829,rua,Rua Parteira Ana Santos,Jardim Centenário,71df064f-d17f-4cf5-ad45-93ce4e8182a5,SE
01a02d9d-1ea5-788f-9d89-e04750cd86d8,49097480,rua,Rua Parteira Mãe Quelé,Ponto Novo,71df064f-d17f-4cf5-ad45-93ce4e8182a5,SE
01a02d9d-0933-741f-97c6-799a719234cb,49072520,rua,Rua Pará,Dezoito do Forte,71df064f-d17f-4cf5-ad45-93ce4e8182a5,SE
01a02d9c-ddf5-72f5-b3fa-ca81d315e194,49025550,rua,Rua Passos Cabral,Jardins,71df064f-d17f-4cf5-ad45-93ce4e8182a5,SE
01a02d9d-0b2a-78fd-9037-725aadd7306d,49075450,rua,Rua Passos Cabral,Siqueira Campos,71df064f-d17f-4cf5-ad45-93ce4e8182a5,SE
01a02d9c-fb6a-72f9-985f-a497efb7431b,49052330,rua,Rua Pastor Euclides Arlindo,Pereira Lobo,71df064f-d17f-4cf5-ad45-93ce4e8182a5,SE
01a02d9c-fd5e-7442-b149-68855a3fd8c9,49055500,rua,Rua Pastor Euclides Arlindo,Cirurgia,71df064f-d17f-4cf5-ad45-93ce4e8182a5,SE
01a02d9c-f754-7e84-9e06-fefbc7ade411,49046090,rua,Rua Pastor Jason Oliveira dos Anjos,Ponto Novo,71df064f-d17f-4cf5-ad45-93ce4e8182a5,SE
01a02d9c-e3fe-7fee-af7f-8b2d4ecfd08d,49035250,rua,Rua Pastor Martim Luther King,Atalaia,71df064f-d17f-4cf5-ad45-93ce4e8182a5,SE
01a02d9c-d429-78f1-ab06-96bd669faa77,49005113,rua,Rua Patrulheiro Augusto César Oliveira,Zona de Expansão (Robalo),71df064f-d17f-4cf5-ad45-93ce4e8182a5,SE
01a02d9d-1cb6-72f1-9730-d23bbc097bff,49095210,rua,Rua Patrulheiro Carlos Gonçalves Santos,Jabotiana,71df064f-d17f-4cf5-ad45-93ce4e8182a5,SE
01a02d9d-1cb6-7b9c-973a-a85532a69723,49095290,rua,Rua Patrulheiro Fausto Elói dos Santos,Jabotiana,71df064f-d17f-4cf5-ad45-93ce4e8182a5,SE
01a02d9d-1cb6-7b9c-973b-4931d34ddc30,49095300,rua,Rua Patrulheiro José Garcez de Andrade,Jabotiana,71df064f-d17f-4cf5-ad45-93ce4e8182a5,SE
01a02d9d-1cb6-7b9c-973c-ed2d91374f4c,49095310,rua,Rua Patrulheiro Pedro Leite de Oliveira,Jabotiana,71df064f-d17f-4cf5-ad45-93ce4e8182a5,SE
01a02d9d-1cb6-7b9c-973d-7a749638e94f,49095320,rua,Rua Patrulheiro Rodoviário,Jabotiana,71df064f-d17f-4cf5-ad45-93ce4e8182a5,SE
01a02d9c-ebc0-76b0-bb45-073355ac96fc,49042146,rua,Rua Patrícia Nataly,São Conrado,71df064f-d17f-4cf5-ad45-93ce4e8182a5,SE
01a02d9c-f199-73e4-a67a-00c847fb8baf,49043666,rua,Rua Patrício Barros,Santa Maria,71df064f-d17f-4cf5-ad45-93ce4e8182a5,SE
01a02d9d-3cbc-7ae2-a5cc-f073f9f65461,49506621,rua,Rua Pau de Arara,Doutor José Milton Machado,8d820d6b-d516-4628-8228-0e70dcaf08f5,SE
01a02d9c-f38c-7493-b09c-e90610e5c237,49044130,rua,Rua Pau-Brasil,Santa Maria,71df064f-d17f-4cf5-ad45-93ce4e8182a5,SE
01a02d9c-f949-7900-9f29-67f88942462c,49048270,rua,Rua Paulino Fernandes de Barros,Luzia,71df064f-d17f-4cf5-ad45-93ce4e8182a5,SE
01a02d9c-e200-75c4-9b74-41611e0919f8,49032140,rua,Rua Paulo Afonso,Farolândia,71df064f-d17f-4cf5-ad45-93ce4e8182a5,SE
01a02d9d-0f10-73f0-ba78-ba48a2c7867b,49085300,rua,Rua Paulo Barreto,José Conrado de Araújo,71df064f-d17f-4cf5-ad45-93ce4e8182a5,SE
01a02d9d-3624-7ba9-91fd-4ac9382fed18,49503656,rua,Rua Paulo Barreto Novaes,Anízio Amancio de Oliveira,8d820d6b-d516-4628-8228-0e70dcaf08f5,SE
01a02d9d-1cb6-7b9c-973e-37e10dde7194,49095330,rua,Rua Paulo César Novais,Jabotiana,71df064f-d17f-4cf5-ad45-93ce4e8182a5,SE
01a02d9c-d812-73f5-bba6-d4abf1f3d554,49008572,rua,Rua Paulo Emídio,Zona de Expansão (Mosqueiro),71df064f-d17f-4cf5-ad45-93ce4e8182a5,SE
01a02d9c-ebbe-7ce3-85ee-2f0452aedac3,49040740,rua,Rua Paulo Henrique Machado Pimentel,Inácio Barbosa,71df064f-d17f-4cf5-ad45-93ce4e8182a5,SE
01a02d9c-fd62-7a30-b9af-e80a026814de,49060510,rua,Rua Paulo Luduvice de Menezes,Palestina,71df064f-d17f-4cf5-ad45-93ce4e8182a5,SE
01a02d9d-18d5-76cf-9b1e-8af7491f2a3c,49090503,rua,Rua Paulo Oliveira Rocha,Jardim Centenário,71df064f-d17f-4cf5-ad45-93ce4e8182a5,SE
01a02d9c-d429-78f1-ab0b-e5eed0af1512,49005200,rua,Rua Paulo Pedro Coelho Freire,Zona de Expansão (Robalo),71df064f-d17f-4cf5-ad45-93ce4e8182a5,SE
01a02d9d-343a-7f6e-adce-bcd7875d8ca0,49503220,rua,Rua Paulo Pereira Silva,Serrano,8d820d6b-d516-4628-8228-0e70dcaf08f5,SE
01a02d9d-1cb7-7c6f-bedb-60a46e522d62,49095630,rua,Rua Paulo Rocha Novaes,Jabotiana,71df064f-d17f-4cf5-ad45-93ce4e8182a5,SE
01a02d9c-e005-7d15-8bcf-24c97b337b8c,49030546,rua,Rua Paulo Rodrigues da Silva,Farolândia,71df064f-d17f-4cf5-ad45-93ce4e8182a5,SE
01a02d9c-e7d7-700e-a26e-87f5632b3b59,49038029,rua,Rua Paulo Silvio Bastos,Atalaia,71df064f-d17f-4cf5-ad45-93ce4e8182a5,SE
01a02d9d-4123-7039-8e47-1179d9da4203,49510101,rua,Rua Paulo Tomé da Silva,Porto,8d820d6b-d516-4628-8228-0e70dcaf08f5,SE
01a02d9d-3aab-7022-8dfa-1620bcdd1bb9,49506273,rua,Rua Paulo Vieira da Silva,Rotary Club de Itabaiana,8d820d6b-d516-4628-8228-0e70dcaf08f5,SE
01a02d9d-4121-7ecb-9221-55afb2be6fdf,49509740,rua,Rua Paulo dos Santos,Porto,8d820d6b-d516-4628-8228-0e70dcaf08f5,SE
01a02d9d-0b2b-79eb-a515-ba1239fa0219,49080035,rua,Rua Pedra Mole,América,71df064f-d17f-4cf5-ad45-93ce4e8182a5,SE
01a02d9d-3623-717c-a107-48c541d346cf,49503543,rua,Rua Pedreiro Eliezer Mendonça Mota,Anízio Amancio de Oliveira,8d820d6b-d516-4628-8228-0e70dcaf08f5,SE
01a02d9d-3623-7b7e-a127-285f96aabbfc,49503638,rua,Rua Pedreiro José Dias de Menezes,Anízio Amancio de Oliveira,8d820d6b-d516-4628-8228-0e70dcaf08f5,SE
01a02d9d-3623-7b7e-a11e-60b61c62a494,49503613,rua,Rua Pedreiro Paulo Batista de Menezes,Anízio Amancio de Oliveira,8d820d6b-d516-4628-8228-0e70dcaf08f5,SE
01a02d9d-3623-717c-a106-57e660c95647,49503540,rua,Rua Pedreiro Petrolino de Oliveira,Anízio Amancio de Oliveira,8d820d6b-d516-4628-8228-0e70dcaf08f5,SE
01a02d9c-cde0-7213-b92b-f4463859620b,49001180,rua,Rua Pedro Alcântara Braz,Aruana,71df064f-d17f-4cf5-ad45-93ce4e8182a5,SE
01a02d9d-4121-7623-9216-be9d93961dcc,49509635,rua,Rua Pedro Alex Santos de Jesus,Porto,8d820d6b-d516-4628-8228-0e70dcaf08f5,SE
01a02d9d-209e-776f-b19d-d44d4fdeb844,49680970,rua,Rua Pedro Alves Feitosa 141,Centro,0fe9d23b-b305-4c62-bb68-46447fc7ff7d,SE
01a02d9d-0f10-73f0-ba77-145c80ae9c5b,49085280,rua,Rua Pedro Alves de Menezes,José Conrado de Araújo,71df064f-d17f-4cf5-ad45-93ce4e8182a5,SE
01a02d9d-3438-7f59-9a7e-ed147ef711be,49503060,rua,Rua Pedro Alves de Menezes,Serrano,8d820d6b-d516-4628-8228-0e70dcaf08f5,SE
01a02d9d-2e63-78f6-b366-1ea15f495a0c,49500166,rua,Rua Pedro Alves dos Santos,Centro,8d820d6b-d516-4628-8228-0e70dcaf08f5,SE
01a02d9d-323d-7823-b7dc-37080f536232,49502200,rua,Rua Pedro Antenor de Vasconcelos,Marcela,8d820d6b-d516-4628-8228-0e70dcaf08f5,SE
01a02d9d-3621-7fd1-99e0-93c7e213d06c,49503420,rua,Rua Pedro Barbosa de Jesus,Anízio Amancio de Oliveira,8d820d6b-d516-4628-8228-0e70dcaf08f5,SE
01a02d9d-4321-7221-ad12-8dc718118fb5,49511610,rua,Rua Pedro Barros,Queimadas,8d820d6b-d516-4628-8228-0e70dcaf08f5,SE
01a02d9c-d42a-719c-a966-bb3fd2787040,49007054,rua,Rua Pedro Batista,Zona de Expansão (Areia Branca),71df064f-d17f-4cf5-ad45-93ce4e8182a5,SE
01a02d9d-2c76-7e02-8371-73d32fe153f3,49096023,rua,Rua Pedro Brito dos Santos,Jabotiana,71df064f-d17f-4cf5-ad45-93ce4e8182a5,SE
01a02d9c-eda2-7f95-9c06-f42255af8851,49042460,rua,Rua Pedro Calixto,São Conrado,71df064f-d17f-4cf5-ad45-93ce4e8182a5,SE
01a02d9c-ff48-76d1-9d0a-3868fc3d0436,49060750,rua,Rua Pedro Diniz Gonçalves,Palestina,71df064f-d17f-4cf5-ad45-93ce4e8182a5,SE
01a02d9d-3439-7f6f-8ab9-afa0618c554e,49503105,rua,Rua Pedro Diniz Gonçalves,Serrano,8d820d6b-d516-4628-8228-0e70dcaf08f5,SE
01a02d9c-f94a-719e-9909-436483a7243d,49048280,rua,Rua Pedro Diniz Leite de Oliveira,Luzia,71df064f-d17f-4cf5-ad45-93ce4e8182a5,SE
01a02d9c-fd62-7a30-b9b0-38922a156d0c,49060520,rua,Rua Pedro Edson,Palestina,71df064f-d17f-4cf5-ad45-93ce4e8182a5,SE
01a02d9d-3622-78a8-9368-5890132e66b4,49503510,rua,Rua Pedro Fagundes de Lima,Anízio Amancio de Oliveira,8d820d6b-d516-4628-8228-0e70dcaf08f5,SE
01a02d9c-f94a-719e-990c-8c5bb189d8f5,49048303,rua,Rua Pedro Ferreira da Silva,Luzia,71df064f-d17f-4cf5-ad45-93ce4e8182a5,SE
01a02d9d-14f5-7946-bb3f-e192dc4067d2,49089046,rua,Rua Pedro José do Nascimento,Soledade,71df064f-d17f-4cf5-ad45-93ce4e8182a5,SE
01a02d9c-f754-7e84-9e05-7f5d8d31cbbc,49046080,rua,Rua Pedro José do Nascimento,Luzia,71df064f-d17f-4cf5-ad45-93ce4e8182a5,SE
01a02d9c-e9cd-7495-8d20-f5c5c3bad14f,49038300,rua,Rua Pedro Lazar,Aeroporto,71df064f-d17f-4cf5-ad45-93ce4e8182a5,SE
01a02d9c-ebbe-7ce3-85f5-2933c3c56a2d,49040800,rua,Rua Pedro Lisboa,Inácio Barbosa,71df064f-d17f-4cf5-ad45-93ce4e8182a5,SE
01a02d9c-d61b-75e8-9a6a-7a6b8b8d5c74,49008208,rua,Rua Pedro Luiz Brandão Pereira,Zona de Expansão (Mosqueiro),71df064f-d17f-4cf5-ad45-93ce4e8182a5,SE
01a02d9c-e400-7a9b-a277-f5e9620125b9,49035630,rua,Rua Pedro Mandarino,Coroa do Meio,71df064f-d17f-4cf5-ad45-93ce4e8182a5,SE
01a02d9d-1ac0-7fdd-b3af-51b4a443a061,49092470,rua,Rua Pedro Moura,Olaria,71df064f-d17f-4cf5-ad45-93ce4e8182a5,SE
01a02d9d-4124-7191-838c-341cc383eeeb,49510180,rua,Rua Pedro Nunes de Carvalho,Porto,8d820d6b-d516-4628-8228-0e70dcaf08f5,SE
01a02d9c-fb69-7a00-8c05-72435f1d1b4b,49051040,rua,Rua Pedro Paes Mendonça,Suíssa,71df064f-d17f-4cf5-ad45-93ce4e8182a5,SE
01a02d9d-3aab-7022-8df9-bba5a120c40b,49506267,rua,Rua Pedro Pereira de Andrade,Rotary Club de Itabaiana,8d820d6b-d516-4628-8228-0e70dcaf08f5,SE
01a02d9c-f198-7b4f-a215-325f823f6470,49043606,rua,Rua Pedro Ricardo,Santa Maria,71df064f-d17f-4cf5-ad45-93ce4e8182a5,SE
01a02d9c-cdde-781b-b080-30bfaa7d5c50,49001120,rua,Rua Pedro Rogério Cardoso Barbosa,Aruana,71df064f-d17f-4cf5-ad45-93ce4e8182a5,SE
01a02d9d-1ea5-788f-9d8b-37ba717ec128,49097500,rua,Rua Pedro Soares,Ponto Novo,71df064f-d17f-4cf5-ad45-93ce4e8182a5,SE
01a02d9d-323d-7823-b7e3-a1bb39edb003,49502252,rua,Rua Pedro Tavares de Jesus,Marcela,8d820d6b-d516-4628-8228-0e70dcaf08f5,SE
01a02d9d-4320-7220-a3a4-7d326e6b376e,49511525,rua,Rua Pedro Tavares de Jesus,Queimadas,8d820d6b-d516-4628-8228-0e70dcaf08f5,SE
01a02d9c-f94a-719e-990a-6e357ea72296,49048290,rua,Rua Pedro Teixeira Guimarães,Luzia,71df064f-d17f-4cf5-ad45-93ce4e8182a5,SE
01a02d9d-305c-7827-b05b-46d9edb97d77,49500678,rua,Rua Pedro Teles de Mendonça,São Cristóvão,8d820d6b-d516-4628-8228-0e70dcaf08f5,SE
01a02d9d-18d6-7818-a95c-fefd2c63aba7,49091046,rua,Rua Pedro Vitor da Cruz,Jardim Centenário,71df064f-d17f-4cf5-ad45-93ce4e8182a5,SE
01a02d9d-18d4-7e38-ad8d-544b06215d1c,49090460,rua,Rua Pedro de Medeiros Chaves,Bugio,71df064f-d17f-4cf5-ad45-93ce4e8182a5,SE
01a02d9c-f38d-77c1-bf64-dcb1bdcb326c,49044170,rua,Rua Pedro Álvares Cabral,Santa Maria,71df064f-d17f-4cf5-ad45-93ce4e8182a5,SE
01a02d9d-305d-70c5-8c73-6ecdef6643f2,49501124,rua,Rua Percílio Andrade,São Cristóvão,8d820d6b-d516-4628-8228-0e70dcaf08f5,SE
01a02d9d-305d-70c5-8c7e-b13ce533d71f,49501360,rua,Rua Percílio Andrade,Bananeiras,8d820d6b-d516-4628-8228-0e70dcaf08f5,SE
01a02d9d-2e64-7a5b-947a-1382e263679f,49500323,rua,Rua Percílio Andrade,São Cristóvão,8d820d6b-d516-4628-8228-0e70dcaf08f5,SE
01a02d9d-2e64-71a7-9466-bf616dc8e262,49500244,rua,Rua Percílio Andrade,Centro,8d820d6b-d516-4628-8228-0e70dcaf08f5,SE
01a02d9d-2e63-78f6-b367-9aa914d2a9f5,49500169,rua,Rua Percílio Andrade,Centro,8d820d6b-d516-4628-8228-0e70dcaf08f5,SE
01a02d9d-411f-7c1f-ab39-feb9832a12f0,49509188,rua,Rua Percílio Andrade,Mamede Paes Mendonça,8d820d6b-d516-4628-8228-0e70dcaf08f5,SE
01a02d9d-3f01-799d-8575-2269e94dadf6,49509000,rua,Rua Percílio Andrade,Mamede Paes Mendonça,8d820d6b-d516-4628-8228-0e70dcaf08f5,SE
01a02d9c-dc0b-7b5e-82bd-bc920504b90a,49020600,rua,Rua Percílio da Costa Andrade,Treze de Julho,71df064f-d17f-4cf5-ad45-93ce4e8182a5,SE
01a02d9c-fd5e-7cae-b14c-0a3c8796137d,49055530,rua,Rua Permínio de Souza,Cirurgia,71df064f-d17f-4cf5-ad45-93ce4e8182a5,SE
01a02d9d-0b2a-78fd-9038-ed871fe904c9,49075460,rua,Rua Pernambuco,Siqueira Campos,71df064f-d17f-4cf5-ad45-93ce4e8182a5,SE
01a02d9c-f38b-7c20-98f8-49a0493f3065,49044120,rua,Rua Pero Vaz de Caminha,Santa Maria,71df064f-d17f-4cf5-ad45-93ce4e8182a5,SE
01a02d9c-f753-7d73-94ea-cf1c31371720,49045580,rua,Rua Perolina Silva Lima,Luzia,71df064f-d17f-4cf5-ad45-93ce4e8182a5,SE
01a02d9d-0d1f-7c95-9116-5b4a57bbc005,49080450,rua,Rua Peru,América,71df064f-d17f-4cf5-ad45-93ce4e8182a5,SE
01a02d9d-305b-76f3-b878-82509f64f07e,49500558,rua,Rua Peto da Farmácia,São Cristóvão,8d820d6b-d516-4628-8228-0e70dcaf08f5,SE
01a02d9c-ddf5-72f5-b3fc-52a682288279,49025580,rua,Rua Petrônio Carvalho,Grageru,71df064f-d17f-4cf5-ad45-93ce4e8182a5,SE
01a02d9d-0933-741f-97ca-96a70b97c21f,49072550,rua,Rua Piauí,Dezoito do Forte,71df064f-d17f-4cf5-ad45-93ce4e8182a5,SE
01a02d9c-f94a-719e-991a-4794303e106f,49048406,rua,Rua Pina Ramos,Luzia,71df064f-d17f-4cf5-ad45-93ce4e8182a5,SE
01a02d9d-0933-741f-97cb-e1da5daf43e1,49072560,rua,Rua Pinheiro Machado,Dezoito do Forte,71df064f-d17f-4cf5-ad45-93ce4e8182a5,SE
01a02d9d-3cbd-7399-baa9-b975dd221a35,49506645,rua,Rua Plano Piloto,Doutor José Milton Machado,8d820d6b-d516-4628-8228-0e70dcaf08f5,SE
01a02d9c-e9ce-7ec2-8c09-ad9716cd928a,49040480,rua,Rua Plutão,Inácio Barbosa,71df064f-d17f-4cf5-ad45-93ce4e8182a5,SE
01a02d9d-18d6-7818-a94b-69385cd3f05d,49090780,rua,Rua Plácido Lima Teles,Bugio,71df064f-d17f-4cf5-ad45-93ce4e8182a5,SE
01a02d9c-e9cc-7bdb-bc6f-1c474366250a,49038230,rua,Rua Poeta Augusto Frederico Schimidt,Atalaia,71df064f-d17f-4cf5-ad45-93ce4e8182a5,SE
01a02d9c-e9cc-7bdb-bc66-9e381a34898a,49038150,rua,Rua Poeta Augusto dos Anjos,Atalaia,71df064f-d17f-4cf5-ad45-93ce4e8182a5,SE
01a02d9c-eda1-7f9a-bf17-723bd6eed494,49042360,rua,Rua Poeta Carlos Drummond de Andrade,São Conrado,71df064f-d17f-4cf5-ad45-93ce4e8182a5,SE
01a02d9c-e9cc-7bdb-bc71-6f55497f66d2,49038250,rua,Rua Poeta Carlos Pena Filho,Atalaia,71df064f-d17f-4cf5-ad45-93ce4e8182a5,SE
01a02d9c-e9cc-7bdb-bc70-f63b69047755,49038240,rua,Rua Poeta Garcia Rosa,Atalaia,71df064f-d17f-4cf5-ad45-93ce4e8182a5,SE
01a02d9c-e9cc-7bdb-bc6d-dc600eee0e9b,49038210,rua,Rua Poeta Jorge de Lima,Atalaia,71df064f-d17f-4cf5-ad45-93ce4e8182a5,SE
01a02d9d-3cbd-7399-baa6-1feb504f3eab,49506636,rua,Rua Poeta José Crispim de Souza,Doutor José Milton Machado,8d820d6b-d516-4628-8228-0e70dcaf08f5,SE
01a02d9c-e400-7a9b-a27b-d912d8d39eaf,49035650,rua,Rua Poeta José Salles de Campos,Coroa do Meio,71df064f-d17f-4cf5-ad45-93ce4e8182a5,SE
01a02d9d-0b2a-78fd-9039-62e4244d8f57,49075470,rua,Rua Poeta José Sampaio,Siqueira Campos,71df064f-d17f-4cf5-ad45-93ce4e8182a5,SE
01a02d9c-ddf5-7b85-b3fd-79cc89a1b3be,49025600,rua,Rua Poeta João Freire Ribeiro,Grageru,71df064f-d17f-4cf5-ad45-93ce4e8182a5,SE
01a02d9c-e9cc-7bdb-bc68-71a9ba2e2a5f,49038170,rua,Rua Poeta Manuel Bandeira,Atalaia,71df064f-d17f-4cf5-ad45-93ce4e8182a5,SE
01a02d9c-e9cc-7bdb-bc67-8d981c5f2709,49038160,rua,Rua Poeta Mário Quintana,Atalaia,71df064f-d17f-4cf5-ad45-93ce4e8182a5,SE
01a02d9c-e9cc-7bdb-bc6c-4124c412f8cc,49038200,rua,Rua Poeta Raul de Leoni,Atalaia,71df064f-d17f-4cf5-ad45-93ce4e8182a5,SE
01a02d9d-1cb7-7406-bec6-f271a16d45ac,49095440,rua,Rua Poeta Roberto Mozart,Jabotiana,71df064f-d17f-4cf5-ad45-93ce4e8182a5,SE
01a02d9c-e9cc-7bdb-bc6e-73c16f51bfdf,49038220,rua,Rua Poeta Ronaldo de Carvalho,Atalaia,71df064f-d17f-4cf5-ad45-93ce4e8182a5,SE
01a02d9c-ef94-7247-9679-dca4beaf2a2a,49043463,rua,Rua Poeta Vinícius de Moraes,Santa Maria,71df064f-d17f-4cf5-ad45-93ce4e8182a5,SE
01a02d9c-f94a-719e-990b-4f10c26f966c,49048300,rua,Rua Policarpo Diniz Rezende,Luzia,71df064f-d17f-4cf5-ad45-93ce4e8182a5,SE
01a02d9d-0b2a-78fd-903a-4627b22cebfe,49075480,rua,Rua Porto Alegre,Siqueira Campos,71df064f-d17f-4cf5-ad45-93ce4e8182a5,SE
01a02d9d-0b2a-78fd-903b-9fbf82787993,49075490,rua,Rua Porto Alegre,Siqueira Campos,71df064f-d17f-4cf5-ad45-93ce4e8182a5,SE
01a02d9d-0d1f-7c95-9117-260e3e2a9b5b,49080460,rua,Rua Porto Alegre,América,71df064f-d17f-4cf5-ad45-93ce4e8182a5,SE
01a02d9c-f94b-7b78-8739-c318416521bb,49050610,rua,Rua Porto da Folha,Suíssa,71df064f-d17f-4cf5-ad45-93ce4e8182a5,SE
01a02d9c-fb69-7a00-8c1b-851996a0296a,49052190,rua,Rua Porto da Folha,Suíssa,71df064f-d17f-4cf5-ad45-93ce4e8182a5,SE
01a02d9c-fb6b-7d73-b2dd-f26c140c5a9d,49055365,rua,Rua Porto da Folha,Cirurgia,71df064f-d17f-4cf5-ad45-93ce4e8182a5,SE
01a02d9c-fd5e-7cae-b14e-b04ff3cb0bd2,49055540,rua,Rua Porto da Folha,Getúlio Vargas,71df064f-d17f-4cf5-ad45-93ce4e8182a5,SE
01a02d9d-3622-78a8-9360-3b97727f6531,49503486,rua,Rua Portugal,Anízio Amancio de Oliveira,8d820d6b-d516-4628-8228-0e70dcaf08f5,SE
01a02d9d-0b2b-7174-a508-d210386952c3,49075620,rua,Rua Possidônio Travassos,Siqueira Campos,71df064f-d17f-4cf5-ad45-93ce4e8182a5,SE
01a02d9d-28ab-7e96-a405-1fc9d77861fe,49052063,rua,Rua Poço Verde,Pereira Lobo,71df064f-d17f-4cf5-ad45-93ce4e8182a5,SE
01a02d9d-28ab-7e96-a404-777df9576efa,49050603,rua,Rua Poço Verde,Suíssa,71df064f-d17f-4cf5-ad45-93ce4e8182a5,SE
01a02d9c-f94b-7b78-8738-a7c0ddd333c6,49050600,rua,Rua Poço Verde,Suíssa,71df064f-d17f-4cf5-ad45-93ce4e8182a5,SE
01a02d9c-cbc7-7bd3-968e-ff2688d54c12,49000617,rua,Rua Praia de Atalaia,Aruana,71df064f-d17f-4cf5-ad45-93ce4e8182a5,SE
01a02d9c-cbc7-7bd3-968f-65bd4ec63dd3,49000620,rua,Rua Praia de Atalaia Nova,Aruana,71df064f-d17f-4cf5-ad45-93ce4e8182a5,SE
01a02d9c-cbc7-7bd3-968b-8415e4ebf63c,49000608,rua,Rua Praia do Jatobá,Aruana,71df064f-d17f-4cf5-ad45-93ce4e8182a5,SE
01a02d9c-cbc7-7bd3-968a-da095ce95a38,49000605,rua,Rua Praia do Robalo,Aruana,71df064f-d17f-4cf5-ad45-93ce4e8182a5,SE
01a02d9c-cbc7-7bd3-968c-8c96f494fe0c,49000611,rua,Rua Praia dos Abaís,Aruana,71df064f-d17f-4cf5-ad45-93ce4e8182a5,SE
01a02d9c-cbc7-7bd3-968d-a11897166539,49000614,rua,Rua Praia dos Artistas,Aruana,71df064f-d17f-4cf5-ad45-93ce4e8182a5,SE
01a02d9d-3cbc-7ae2-a5cd-e2e530988b47,49506624,rua,Rua Prece Pai Exu Novo,Doutor José Milton Machado,8d820d6b-d516-4628-8228-0e70dcaf08f5,SE
01a02d9c-cbc7-7342-967b-61a18fd31e0c,49000498,rua,Rua Prefeito Gileno da Silveira Lima,Aruana,71df064f-d17f-4cf5-ad45-93ce4e8182a5,SE
01a02d9d-3439-7f6f-8ac5-56aa86d5e81c,49503141,rua,Rua Prefeito Vicente Machado de Menezes,Serrano,8d820d6b-d516-4628-8228-0e70dcaf08f5,SE
01a02d9c-e1fe-72c4-b666-46efe48fe333,49031120,rua,Rua Presbítero Adel Alves Oliveira,Farolândia,71df064f-d17f-4cf5-ad45-93ce4e8182a5,SE
01a02d9c-e006-75cc-adf7-ed5191ed2af0,49030650,rua,Rua Presbítero Aloísio Santos,Farolândia,71df064f-d17f-4cf5-ad45-93ce4e8182a5,SE
01a02d9c-e1fe-7b93-b669-804a55effca5,49031150,rua,Rua Presbítero Edson Freire Costa,Farolândia,71df064f-d17f-4cf5-ad45-93ce4e8182a5,SE
01a02d9d-12ee-72a8-93f1-49e1acaf0f7d,49087650,rua,Rua Presbítero João Malaquias do Sacramento,Santos Dumont,71df064f-d17f-4cf5-ad45-93ce4e8182a5,SE
01a02d9c-e006-75cc-adf9-8614d7540de0,49030676,rua,Rua Presbítero Pedro Rodrigues Dantas,Farolândia,71df064f-d17f-4cf5-ad45-93ce4e8182a5,SE
01a02d9d-1abf-7e9d-b0bf-b5a36c8e113c,49092180,rua,Rua Presidente Jânio Quadros,Olaria,71df064f-d17f-4cf5-ad45-93ce4e8182a5,SE
01a02d9d-209c-7757-afb1-1d31a1b6f051,49097656,rua,Rua Presidente Nelson Mandela,Ponto Novo,71df064f-d17f-4cf5-ad45-93ce4e8182a5,SE
01a02d9c-e1ff-7d24-b163-ad24ba93d2fc,49032013,rua,Rua Presídio José de Brito,Farolândia,71df064f-d17f-4cf5-ad45-93ce4e8182a5,SE
01a02d9c-d812-73f5-bba9-35004e170a07,49008581,rua,Rua Primavera Manoel Rodrigues,Zona de Expansão (Mosqueiro),71df064f-d17f-4cf5-ad45-93ce4e8182a5,SE
01a02d9d-0933-741f-97cc-cf853353463f,49072570,rua,Rua Primeiro de Maio,Dezoito do Forte,71df064f-d17f-4cf5-ad45-93ce4e8182a5,SE
01a02d9d-10fb-742c-9268-7e1acefc4327,49087480,rua,Rua Princesa Leopoldina,Santos Dumont,71df064f-d17f-4cf5-ad45-93ce4e8182a5,SE
01a02d9d-2c76-7e02-8377-846703bb89c8,49480990,rua,Rua Principal,,0890a79e-950e-4896-9216-82bd97da5e02,SE
01a02d9d-14f6-71e6-bb19-fdadca3e0bb1,49089162,rua,Rua Principal,Soledade,71df064f-d17f-4cf5-ad45-93ce4e8182a5,SE
01a02d9d-0744-7c65-b499-ca6221b73841,49070830,rua,Rua Principal,Cidade Nova,71df064f-d17f-4cf5-ad45-93ce4e8182a5,SE
01a02d9d-24a3-7e28-88c0-91c15e14e428,49096300,rua,Rua Principal,Jabotiana,71df064f-d17f-4cf5-ad45-93ce4e8182a5,SE
01a02d9d-2c75-7cb2-a5f8-98b869b2f81e,49089165,rua,Rua Principal,Soledade,71df064f-d17f-4cf5-ad45-93ce4e8182a5,SE
01a02d9d-2c76-7e02-8375-50d981730e1e,49100993,rua,"Rua Principal, Nº 10650 Povopado Pedreiras",,8cf3f8c0-3dcd-4b8c-9193-aab530c1ece0,SE
01a02d9d-22a4-7e4d-bb16-c0cb72b28657,49960971,rua,"Rua Principal, s/n",Centro,1ac37ac7-7adf-4119-b838-680618912bd6,SE
01a02d9d-209d-7771-baa3-bb1c45f2e0ce,49400971,rua,"Rua Principal, s/n",Centro,55d6f5eb-4cb3-4537-a8eb-8ae03a4b1e9b,SE
01a02d9d-209d-7771-baa9-5f6d4ce9b085,49400977,rua,"Rua Principal, s/n",Centro,55d6f5eb-4cb3-4537-a8eb-8ae03a4b1e9b,SE
01a02d9d-269f-751d-8474-c134a769b31c,49400990,rua,"Rua Principal, s/n",,55d6f5eb-4cb3-4537-a8eb-8ae03a4b1e9b,SE
01a02d9d-209d-7771-baa8-eaffa6a6379f,49400976,rua,"Rua Principal, s/n",Centro,55d6f5eb-4cb3-4537-a8eb-8ae03a4b1e9b,SE
01a02d9d-209d-7771-ba88-c9af192915d1,49170971,rua,"Rua Principal, s/n",Centro,2f9042ec-6083-4dd0-a3cc-c29db7db8dfb,SE
01a02d9d-22a4-7e4d-bb12-b5951974311d,49940971,rua,"Rua Principal, s/n",Centro,78d7012b-54d2-42e1-b5d7-d0488196c4a2,SE
01a02d9d-22a4-755a-bb0d-fcfeb9415952,49900971,rua,"Rua Principal, s/n",Centro,80a57d12-60eb-4387-8ee5-40502f621868,SE
01a02d9d-209d-7771-ba9c-564a03fded61,49320971,rua,"Rua Principal, s/n",Centro,fb3f689a-e41b-4907-900b-69f61ab50d58,SE
01a02d9d-209d-7771-ba9d-a90ba5b5ba64,49320972,rua,"Rua Principal, s/n",Centro,fb3f689a-e41b-4907-900b-69f61ab50d58,SE
01a02d9d-209e-776f-b18c-dbb72c52cfc2,49530971,rua,"Rua Principal, s/n",Centro,a25ca505-f70a-4919-8693-ee3c126f5369,SE
01a02d9d-209d-7771-ba90-653962c09a1c,49220971,rua,"Rua Principal, s/n",Centro,68b15077-1869-4c57-9957-6a40826bf6cd,SE
01a02d9d-209e-776f-b1a1-a244d8182608,49700972,rua,"Rua Principal, s/n",Centro,37fb4219-989c-4ade-b318-6db69c58f9da,SE
01a02d9d-209e-776f-b1a0-0699c854e3d5,49700971,rua,"Rua Principal, s/n",Centro,37fb4219-989c-4ade-b318-6db69c58f9da,SE
01a02d9d-209e-776f-b1a3-749c4cc9bcc9,49700974,rua,"Rua Principal, s/n",Centro,37fb4219-989c-4ade-b318-6db69c58f9da,SE
01a02d9d-209e-776f-b1a2-3c65edad452b,49700973,rua,"Rua Principal, s/n",Centro,37fb4219-989c-4ade-b318-6db69c58f9da,SE
01a02d9d-209e-776f-b192-7847d00d7fbe,49550972,rua,"Rua Principal, s/n",Centro,dd57e32d-3a4e-473d-9835-8ccbd9710772,SE
01a02d9d-209e-776f-b1a5-f0c590e60a93,49740971,rua,"Rua Principal, s/n",Centro,3aec96b7-9c32-4820-b776-ef86a31aaa41,SE
01a02d9d-209e-776f-b187-d5ae7ba84c14,49514971,rua,"Rua Principal, s/n",Centro,e60ed079-47be-45b6-b69c-f2bc28c89457,SE
01a02d9d-22a4-755a-bb07-7300fd64d4f0,49830972,rua,"Rua Principal, s/n",Centro,69d4cb35-5bf4-4332-8750-636f142345fc,SE
01a02d9d-209d-7771-baae-c4fd7f476c55,49500990,rua,"Rua Principal, s/n",,8d820d6b-d516-4628-8228-0e70dcaf08f5,SE
01a02d9d-209c-7757-afbb-d9789f826f11,49120971,rua,"Rua Principlal, s/n",Centro,52f0881a-df3c-40ab-b948-99873eeec51d,SE
01a02d9c-cfef-7170-8099-c70f162bab70,49003247,rua,Rua Procurador José Costa Cavalcante,17 de Março,71df064f-d17f-4cf5-ad45-93ce4e8182a5,SE
01a02d9c-cfee-78c7-b4b1-02b479a5e61b,49003205,rua,Rua Procurador Jugurta Barreto Lima,17 de Março,71df064f-d17f-4cf5-ad45-93ce4e8182a5,SE
01a02d9d-1cb8-74ef-96cb-c2f1e5127e85,49095690,rua,Rua Procurador Laurindo Alves Campos,Jabotiana,71df064f-d17f-4cf5-ad45-93ce4e8182a5,SE
01a02d9d-22a5-775a-9feb-5960ea9f7b72,49007394,rua,Rua Professor Antônio Tavares de Jesus,Zona de Expansão (Areia Branca),71df064f-d17f-4cf5-ad45-93ce4e8182a5,SE
01a02d9c-eda2-7f95-9c0e-2c64e7540656,49042510,rua,Rua Professor Barreto Fontes,São Conrado,71df064f-d17f-4cf5-ad45-93ce4e8182a5,SE
01a02d9c-d207-733a-80bf-71b85b3e6ef6,49004418,rua,Rua Professor Carlos Augusto dos Santos,Zona de Expansão (Robalo),71df064f-d17f-4cf5-ad45-93ce4e8182a5,SE
01a02d9d-269f-751d-846d-0525defe811a,49095806,rua,Rua Professor Damião Teles de Menezes,Jabotiana,71df064f-d17f-4cf5-ad45-93ce4e8182a5,SE
01a02d9c-dc0a-7b31-a963-e33fd701ae84,49020220,rua,Rua Professor Figueiredo Martins,Salgado Filho,71df064f-d17f-4cf5-ad45-93ce4e8182a5,SE
01a02d9c-da15-7bf8-add5-c049b72635d4,49010680,rua,Rua Professor Florentino Menezes,Centro,71df064f-d17f-4cf5-ad45-93ce4e8182a5,SE
01a02d9d-1cb7-7406-bebc-e3195c0bdf73,49095340,rua,Rua Professor Franco Freire,Jabotiana,71df064f-d17f-4cf5-ad45-93ce4e8182a5,SE
01a02d9d-16ef-7744-b454-0ed2f91eb75d,49090240,rua,Rua Professor Gileno de Freitas,Bugio,71df064f-d17f-4cf5-ad45-93ce4e8182a5,SE
01a02d9d-1cb7-7406-bebd-9aee8b6335b7,49095350,rua,Rua Professor Henrique Souza,Jabotiana,71df064f-d17f-4cf5-ad45-93ce4e8182a5,SE
01a02d9d-3438-7f59-9a80-9a29feef28cd,49503066,rua,Rua Professor Hilário de Melo Rezende,Serrano,8d820d6b-d516-4628-8228-0e70dcaf08f5,SE
01a02d9d-2c78-77bb-8ae0-260566158445,49500088,rua,Rua Professor Hilário de Melo Rezende,Centro,8d820d6b-d516-4628-8228-0e70dcaf08f5,SE
01a02d9c-f94a-719e-990f-9290203ef651,49048310,rua,Rua Professor Humberto da Silva Moura,Luzia,71df064f-d17f-4cf5-ad45-93ce4e8182a5,SE
01a02d9c-e5f0-79f6-925a-fe2bde5945b3,49036130,rua,Rua Professor Joaquim Cardoso,Coroa do Meio,71df064f-d17f-4cf5-ad45-93ce4e8182a5,SE
01a02d9c-cfee-78c7-b49f-b7e703efce3b,49001365,rua,Rua Professor Jorge Luiz Trindade dos Santos,Aruana,71df064f-d17f-4cf5-ad45-93ce4e8182a5,SE
01a02d9c-d208-7d54-bc34-4e10a3b4400b,49004700,rua,Rua Professor José Américo Batista Cardoso,Zona de Expansão (Robalo),71df064f-d17f-4cf5-ad45-93ce4e8182a5,SE
01a02d9d-1cb7-7406-bebe-b0263dd737f0,49095360,rua,Rua Professor José Antônio da Costa Melo,Jabotiana,71df064f-d17f-4cf5-ad45-93ce4e8182a5,SE
01a02d9c-eda2-7f95-9c13-a1a0fae656a5,49042560,rua,Rua Professor José Augusto Seabra Santos,São Conrado,71df064f-d17f-4cf5-ad45-93ce4e8182a5,SE
01a02d9c-cfed-7704-8ce9-a90e49cc0f03,49001240,rua,Rua Professor José Carlos de Oliveira,Aruana,71df064f-d17f-4cf5-ad45-93ce4e8182a5,SE
01a02d9d-343a-7f6e-addf-73204469c501,49503306,rua,Rua Professor José Egnaldo Vieira Santos,Anízio Amancio de Oliveira,8d820d6b-d516-4628-8228-0e70dcaf08f5,SE
01a02d9c-e5ef-78fb-b256-7203dd6aa51e,49035680,rua,Rua Professor José Freitas de Andrade,Coroa do Meio,71df064f-d17f-4cf5-ad45-93ce4e8182a5,SE
01a02d9c-ddf5-7b85-b3ff-9120f8aff5f8,49025640,rua,Rua Professor José Leônidas de Menezes,Jardins,71df064f-d17f-4cf5-ad45-93ce4e8182a5,SE
01a02d9c-e9ce-7ec2-8c0c-b0103ae457b2,49040510,rua,Rua Professor José de Lima Peixoto,Inácio Barbosa,71df064f-d17f-4cf5-ad45-93ce4e8182a5,SE
01a02d9c-e005-7d15-8bcc-3c5d1ea9bfd5,49030533,rua,Rua Professor José dos Santos,Farolândia,71df064f-d17f-4cf5-ad45-93ce4e8182a5,SE
01a02d9c-eda2-7f95-9c0f-3733c0758f3b,49042520,rua,Rua Professor João Batista,São Conrado,71df064f-d17f-4cf5-ad45-93ce4e8182a5,SE
01a02d9c-e5ef-78fb-b257-18ae9e421d1e,49035690,rua,Rua Professor Jugurta Feitosa Franco,Coroa do Meio,71df064f-d17f-4cf5-ad45-93ce4e8182a5,SE
01a02d9c-e7d6-77a3-a98f-437282ea4682,49037800,rua,Rua Professor Libêncio,Aeroporto,71df064f-d17f-4cf5-ad45-93ce4e8182a5,SE
01a02d9d-2e63-78f6-b360-ec3b40302dcf,49500148,rua,Rua Professor Lima Junior,Centro,8d820d6b-d516-4628-8228-0e70dcaf08f5,SE
01a02d9d-4120-7d78-994c-7835e5b6ce8a,49509610,rua,Rua Professor Lima Junior,Porto,8d820d6b-d516-4628-8228-0e70dcaf08f5,SE
01a02d9d-4120-74d5-9945-ba8bcbd12bad,49509266,rua,Rua Professor Lima Junior,Mamede Paes Mendonça,8d820d6b-d516-4628-8228-0e70dcaf08f5,SE
01a02d9d-3f02-7b6c-bb00-dbd9328b6fa6,49509179,rua,Rua Professor Lima Junior,Mamede Paes Mendonça,8d820d6b-d516-4628-8228-0e70dcaf08f5,SE
01a02d9c-e1fd-7a28-8c48-f5f139d62adf,49030820,rua,Rua Professor Luiz Cláudio Sobreira Correia,Farolândia,71df064f-d17f-4cf5-ad45-93ce4e8182a5,SE
01a02d9c-e7d5-767a-908c-6b3314304136,49037510,rua,Rua Professor Miguel Rezende,Atalaia,71df064f-d17f-4cf5-ad45-93ce4e8182a5,SE
01a02d9c-fd5e-7cae-b14f-00d219ce4f59,49055550,rua,Rua Professor Nunes Mendonça,Cirurgia,71df064f-d17f-4cf5-ad45-93ce4e8182a5,SE
01a02d9d-1cb7-7c6f-bed5-492eeecb7bce,49095600,rua,Rua Professor Oscar Vasconcelos,Jabotiana,71df064f-d17f-4cf5-ad45-93ce4e8182a5,SE
01a02d9c-ddf5-7b85-b400-cec79b8167ed,49025650,rua,Rua Professor Roberto Queiroz,Jardins,71df064f-d17f-4cf5-ad45-93ce4e8182a5,SE
01a02d9d-1cb7-7406-bec0-444cc37c6cac,49095370,rua,Rua Professor Ruy Eloy,Jabotiana,71df064f-d17f-4cf5-ad45-93ce4e8182a5,SE
01a02d9c-e9ce-7ec2-8c0d-4cea182b85fa,49040520,rua,Rua Professor Sebrão Sobrinho,Inácio Barbosa,71df064f-d17f-4cf5-ad45-93ce4e8182a5,SE
01a02d9c-d207-733a-80b9-f3974076d1f2,49004360,rua,Rua Professora Albertina Bezerra Ribeiro,Zona de Expansão (Robalo),71df064f-d17f-4cf5-ad45-93ce4e8182a5,SE
01a02d9c-ddf7-7587-abe7-44b62bde27aa,49027240,rua,Rua Professora Alda Piassa,Grageru,71df064f-d17f-4cf5-ad45-93ce4e8182a5,SE
01a02d9c-e9cd-7495-8d26-bd21c476b785,49038350,rua,Rua Professora Alira da Silva Carmo,Aeroporto,71df064f-d17f-4cf5-ad45-93ce4e8182a5,SE
01a02d9c-eda3-77a9-bf3e-deb606470f79,49042600,rua,Rua Professora Carlota,São Conrado,71df064f-d17f-4cf5-ad45-93ce4e8182a5,SE
01a02d9d-3aa8-748e-8ee6-a8f1bd986836,49505365,rua,Rua Professora Clara Meirelles Teles,Miguel Teles de Mendonça,8d820d6b-d516-4628-8228-0e70dcaf08f5,SE
01a02d9c-d813-7423-9957-9e6fffa26f79,49008861,rua,Rua Professora Célia Teles Gonzaga,Zona de Expansão (Mosqueiro),71df064f-d17f-4cf5-ad45-93ce4e8182a5,SE
01a02d9d-3aa8-748e-8ee8-d98c14625124,49505375,rua,Rua Professora Edilvania da Conceição,Miguel Teles de Mendonça,8d820d6b-d516-4628-8228-0e70dcaf08f5,SE
01a02d9c-d813-7423-995b-9e513d0beaab,49009013,rua,Rua Professora Guiomar,Zona de Expansão (Mosqueiro),71df064f-d17f-4cf5-ad45-93ce4e8182a5,SE
01a02d9c-e9cd-7495-8d2a-62316c9c88cd,49038390,rua,Rua Professora Iria Sá dos Santos,Aeroporto,71df064f-d17f-4cf5-ad45-93ce4e8182a5,SE
01a02d9d-22a6-7785-a71f-fafef1b53d33,49030660,rua,Rua Professora Ivany da Glória Freire,Farolândia,71df064f-d17f-4cf5-ad45-93ce4e8182a5,SE
01a02d9d-1ea3-7ec2-851a-00f5a2841c8a,49096130,rua,Rua Professora Ivete Piassá Fernandes Reis,Jabotiana,71df064f-d17f-4cf5-ad45-93ce4e8182a5,SE
01a02d9d-1cb6-7b9c-9735-0938b394935a,49095260,rua,Rua Professora Maria Esther Lima Tavares,Jabotiana,71df064f-d17f-4cf5-ad45-93ce4e8182a5,SE
01a02d9c-cfee-78c7-b4a0-dc8e738ecd5c,49001368,rua,Rua Professora Maria Eulina de Carvalho Batista,Aruana,71df064f-d17f-4cf5-ad45-93ce4e8182a5,SE
01a02d9d-10fa-72fb-95ef-b59cacfdcc22,49087219,rua,Rua Professora Maria José Santos Souza,Santos Dumont,71df064f-d17f-4cf5-ad45-93ce4e8182a5,SE
01a02d9c-e5f0-79f6-925b-155e4bf3d959,49036170,rua,Rua Professora Maria Pureza de Jesus,Atalaia,71df064f-d17f-4cf5-ad45-93ce4e8182a5,SE
01a02d9d-24a1-7e19-9cb1-7aeab67cd8f3,49082630,rua,Rua Professora Maria Santana de Jesus,Novo Paraíso,71df064f-d17f-4cf5-ad45-93ce4e8182a5,SE
01a02d9c-cddf-795a-89b4-53a59dad090d,49001162,rua,Rua Professora Maria Terezinha Pinto Siqueira,Aruana,71df064f-d17f-4cf5-ad45-93ce4e8182a5,SE
01a02d9d-18d6-7818-a957-1e8e96593858,49090840,rua,Rua Professora Maria Valdete G. Santos,Jardim Centenário,71df064f-d17f-4cf5-ad45-93ce4e8182a5,SE
01a02d9c-fb69-7a00-8c06-9ea9e0897b71,49051050,rua,Rua Professora Maria do Carmo Dias,Pereira Lobo,71df064f-d17f-4cf5-ad45-93ce4e8182a5,SE
01a02d9c-d206-7aa1-b38b-6484c6b4b71e,49004045,rua,Rua Professora Miralda V dos Santos,Zona de Expansão (Robalo),71df064f-d17f-4cf5-ad45-93ce4e8182a5,SE
01a02d9d-1ac0-7fdd-b3aa-84711306fb38,49092410,rua,Rua Professora Nair Porto,Olaria,71df064f-d17f-4cf5-ad45-93ce4e8182a5,SE
01a02d9c-e1fe-7b93-b667-2d33ad6f314e,49031130,rua,Rua Professora Nair Ribeiro Porto,Farolândia,71df064f-d17f-4cf5-ad45-93ce4e8182a5,SE
01a02d9c-d206-7aa1-b38a-0784a8f97da1,49004024,rua,Rua Professora Nair Siqueira de Menezes Costa,Zona de Expansão (Robalo),71df064f-d17f-4cf5-ad45-93ce4e8182a5,SE
01a02d9c-e003-79b0-9dcc-0cbda45d8aea,49030213,rua,Rua Professora Ofenísia Freire,Farolândia,71df064f-d17f-4cf5-ad45-93ce4e8182a5,SE
01a02d9c-ebbe-7ce3-85fe-0a4e7061a3ab,49041020,rua,Rua Professora Rosa Faria,Inácio Barbosa,71df064f-d17f-4cf5-ad45-93ce4e8182a5,SE
01a02d9c-e9ce-7ec2-8c0e-01c41dfa2e17,49040530,rua,Rua Professora Valdice Andrade,Inácio Barbosa,71df064f-d17f-4cf5-ad45-93ce4e8182a5,SE
01a02d9c-e7d5-767a-9090-1ab4351d2624,49037530,rua,Rua Professora Zely Guedes Ximenes,Aeroporto,71df064f-d17f-4cf5-ad45-93ce4e8182a5,SE
01a02d9d-12f0-7f4b-a1a6-ae313c85092f,49088266,rua,Rua Profeta Antônio Pedro,Lamarão,71df064f-d17f-4cf5-ad45-93ce4e8182a5,SE
01a02d9d-0551-7cb5-a2e8-a21361267d03,49069186,rua,Rua Profeta David,Porto D'Antas,71df064f-d17f-4cf5-ad45-93ce4e8182a5,SE
01a02d9d-28aa-7d74-878c-e8519902b4bf,49040693,rua,Rua Projetada,Inácio Barbosa,71df064f-d17f-4cf5-ad45-93ce4e8182a5,SE
01a02d9d-269f-751d-8478-05a9ddbdf334,49000728,rua,Rua Projetada,Aruana,71df064f-d17f-4cf5-ad45-93ce4e8182a5,SE
01a02d9d-12ed-79b9-86ef-12e016a6adc3,49087593,rua,Rua Projetada,Santos Dumont,71df064f-d17f-4cf5-ad45-93ce4e8182a5,SE
01a02d9d-2c76-7e02-8372-12611f0509e5,49097346,rua,Rua Projetada,Ponto Novo,71df064f-d17f-4cf5-ad45-93ce4e8182a5,SE
01a02d9d-2c75-7cb2-a5f5-12e191b31037,49089023,rua,Rua Projetada,Soledade,71df064f-d17f-4cf5-ad45-93ce4e8182a5,SE
01a02d9d-3622-78a8-9362-6f540bb3856f,49503492,rua,Rua Projetada,Anízio Amancio de Oliveira,8d820d6b-d516-4628-8228-0e70dcaf08f5,SE
01a02d9c-f197-7a23-b42b-804d4c94247e,49043502,rua,Rua Projetada 1,Santa Maria,71df064f-d17f-4cf5-ad45-93ce4e8182a5,SE
01a02d9d-269f-751d-846e-414ac63adfab,49095809,rua,Rua Projetada 2,Jabotiana,71df064f-d17f-4cf5-ad45-93ce4e8182a5,SE
01a02d9c-f197-7a23-b42c-b683ec7c48d2,49043505,rua,Rua Projetada 2,Santa Maria,71df064f-d17f-4cf5-ad45-93ce4e8182a5,SE
01a02d9d-1cb8-74ef-96db-fc1b9c55ccb2,49095799,rua,Rua Projetada 3,Jabotiana,71df064f-d17f-4cf5-ad45-93ce4e8182a5,SE
01a02d9d-2a93-769a-a1bd-48b86c9036b0,49071105,rua,Rua Projetada A,Dom Luciano,71df064f-d17f-4cf5-ad45-93ce4e8182a5,SE
01a02d9d-2c75-7446-a5ec-aac24d3e3e76,49085003,rua,Rua Projetada Ala dos Marechais,José Conrado de Araújo,71df064f-d17f-4cf5-ad45-93ce4e8182a5,SE
01a02d9d-305a-7e56-8f01-c3dad9fcb86a,49500469,rua,Rua Projetada B,São Cristóvão,8d820d6b-d516-4628-8228-0e70dcaf08f5,SE
01a02d9d-10fa-72fb-95e7-a57a2174476f,49087186,rua,Rua Projetada C,Santos Dumont,71df064f-d17f-4cf5-ad45-93ce4e8182a5,SE
01a02d9d-269f-7db0-8479-e50052da8a82,49000750,rua,Rua Projetada I,Aruana,71df064f-d17f-4cf5-ad45-93ce4e8182a5,SE
01a02d9d-1cb8-74ef-96cd-0d8c5f6e13a6,49095710,rua,Rua Promotor Alisson Porto,Jabotiana,71df064f-d17f-4cf5-ad45-93ce4e8182a5,SE
01a02d9c-cfee-78c7-b4ac-160eec3ec7b5,49003184,rua,Rua Promotor Aluisio Barbosa Porto,17 de Março,71df064f-d17f-4cf5-ad45-93ce4e8182a5,SE
01a02d9c-f94b-7b78-873a-011e5fb861ae,49050650,rua,Rua Promotor Arquibaldo Mendonça,Suíssa,71df064f-d17f-4cf5-ad45-93ce4e8182a5,SE
01a02d9c-cfef-7170-8098-f6ab93c41de2,49003241,rua,Rua Promotor Avante Amaral de Oliveira,17 de Março,71df064f-d17f-4cf5-ad45-93ce4e8182a5,SE
01a02d9c-cfef-7170-8096-f9344159c061,49003235,rua,Rua Promotor Carlos Augusto Garcez,17 de Março,71df064f-d17f-4cf5-ad45-93ce4e8182a5,SE
01a02d9c-cfee-78c7-b4b5-be3b2bf66f02,49003217,rua,Rua Promotor Fernando Barreto Nunes,17 de Março,71df064f-d17f-4cf5-ad45-93ce4e8182a5,SE
01a02d9c-e006-75cc-adf8-9b9e183cf967,49030670,rua,Rua Promotor Fernando Maia,Farolândia,71df064f-d17f-4cf5-ad45-93ce4e8182a5,SE
01a02d9d-1cb8-74ef-96cc-0cdd42fb7f84,49095700,rua,Rua Promotor Genésio Cavalcante Fróes,Jabotiana,71df064f-d17f-4cf5-ad45-93ce4e8182a5,SE
01a02d9c-e006-75cc-adfb-fb6a11d6a8b3,49030680,rua,Rua Promotor Joaquim Valença,Farolândia,71df064f-d17f-4cf5-ad45-93ce4e8182a5,SE
01a02d9c-cfef-7170-8093-c7a1d2857857,49003226,rua,Rua Promotor José Gomes de Andrade,17 de Março,71df064f-d17f-4cf5-ad45-93ce4e8182a5,SE
01a02d9c-cfef-7170-8092-01619a2ce408,49003223,rua,Rua Promotor José Luiz Melo,17 de Março,71df064f-d17f-4cf5-ad45-93ce4e8182a5,SE
01a02d9c-e006-75cc-adfe-8915c35f02b2,49030690,rua,Rua Promotor José Medeiros,Farolândia,71df064f-d17f-4cf5-ad45-93ce4e8182a5,SE
01a02d9d-1cb8-74ef-96ca-4c95c85e5b89,49095680,rua,Rua Promotor João Maynard Barreto,Jabotiana,71df064f-d17f-4cf5-ad45-93ce4e8182a5,SE
01a02d9c-cfef-7170-809a-1d1c66dc4599,49003250,rua,Rua Promotor Paulo Moura,17 de Março,71df064f-d17f-4cf5-ad45-93ce4e8182a5,SE
01a02d9c-cfef-7170-809b-3690bb1d2bea,49003253,rua,Rua Promotor Pedro Rubens dos Santos,17 de Março,71df064f-d17f-4cf5-ad45-93ce4e8182a5,SE
01a02d9d-209c-7757-afb5-5019cea61085,49097700,rua,Rua Promotor Valdir de Freitas Dantas,Ponto Novo,71df064f-d17f-4cf5-ad45-93ce4e8182a5,SE
01a02d9c-cfef-7170-8094-2dbf0fc9607c,49003229,rua,Rua Promotora Maria Anamira Amado Batalha Neta,17 de Março,71df064f-d17f-4cf5-ad45-93ce4e8182a5,SE
01a02d9c-cfee-78c7-b4ad-de3583839801,49003193,rua,Rua Promotora Maria Aparecida dos Santos,17 de Março,71df064f-d17f-4cf5-ad45-93ce4e8182a5,SE
01a02d9c-cfee-78c7-b4b4-654ed6208ad7,49003214,rua,Rua Promotora Maria José Pizzi de Menezes Moreira,17 de Março,71df064f-d17f-4cf5-ad45-93ce4e8182a5,SE
01a02d9c-cfee-78c7-b4a5-ca83df97dfc0,49003163,rua,Rua Promotora Maria Zita Pires,17 de Março,71df064f-d17f-4cf5-ad45-93ce4e8182a5,SE
01a02d9c-cfee-78c7-b4af-0c395b6ce3bf,49003199,rua,Rua Promotora Maria da Conceição Ribeiro,17 de Março,71df064f-d17f-4cf5-ad45-93ce4e8182a5,SE
01a02d9c-eda2-7f95-9c11-403f55ec2535,49042540,rua,Rua Promotora Terezinha Santos,São Conrado,71df064f-d17f-4cf5-ad45-93ce4e8182a5,SE
01a02d9c-fd5e-7cae-b151-fbb6077de090,49055560,rua,Rua Propriá,Getúlio Vargas,71df064f-d17f-4cf5-ad45-93ce4e8182a5,SE
01a02d9c-d813-7423-996f-b89575b08073,49010020,rua,Rua Propriá,Centro,71df064f-d17f-4cf5-ad45-93ce4e8182a5,SE
01a02d9d-22a4-755a-bb09-8782457d6147,49870970,rua,Rua Providência 229,Centro,8f1ba015-8418-4ce9-8c88-152b7f406d19,SE
01a02d9c-e9ce-7ec2-8c0f-fb15f02285fa,49040540,rua,Rua Ptolomeu,Inácio Barbosa,71df064f-d17f-4cf5-ad45-93ce4e8182a5,SE
01a02d9d-10fb-742c-926b-b7c56600efa1,49087500,rua,Rua Pureza Bonfim,Santos Dumont,71df064f-d17f-4cf5-ad45-93ce4e8182a5,SE
01a02d9c-fb6a-72f9-9861-0f7bf7c762e3,49052340,rua,Rua Péricles Hora,Pereira Lobo,71df064f-d17f-4cf5-ad45-93ce4e8182a5,SE
01a02d9c-dc0a-7b31-a95d-3c618431b107,49020160,rua,Rua Péricles Muniz Barreto,Salgado Filho,71df064f-d17f-4cf5-ad45-93ce4e8182a5,SE
01a02d9c-e400-7a9b-a279-a98fcfb574bc,49035640,rua,Rua Péricles Vieira de Azevedo,Coroa do Meio,71df064f-d17f-4cf5-ad45-93ce4e8182a5,SE
01a02d9d-12f0-7662-a19c-09f91027f099,49088200,rua,Rua Pôr do Sol,Lamarão,71df064f-d17f-4cf5-ad45-93ce4e8182a5,SE
01a02d9c-e7d5-767a-9095-3c0eb1f388e2,49037549,rua,Rua Q,Atalaia,71df064f-d17f-4cf5-ad45-93ce4e8182a5,SE
01a02d9d-14f6-7a7e-bb3b-713df9eacb77,49089312,rua,Rua Q,Soledade,71df064f-d17f-4cf5-ad45-93ce4e8182a5,SE
01a02d9d-14f6-7a7e-bb33-bd185443524a,49089285,rua,Rua Q,Soledade,71df064f-d17f-4cf5-ad45-93ce4e8182a5,SE
01a02d9d-0351-7cf4-b06e-e778aaa93321,49067046,rua,Rua Q,Porto D'Antas,71df064f-d17f-4cf5-ad45-93ce4e8182a5,SE
01a02d9d-2c74-72fd-9a57-9f9259e2e66b,49071377,rua,Rua Q,Dom Luciano,71df064f-d17f-4cf5-ad45-93ce4e8182a5,SE
01a02d9c-ef94-7247-9676-6ce242463907,49043454,rua,Rua Q,Santa Maria,71df064f-d17f-4cf5-ad45-93ce4e8182a5,SE
01a02d9c-cddc-7eb9-b1c2-3d1208ff8899,49001009,rua,Rua Q,Aruana,71df064f-d17f-4cf5-ad45-93ce4e8182a5,SE
01a02d9c-cfee-7020-b48b-d4f3fecbf45e,49001276,rua,Rua Q,Aruana,71df064f-d17f-4cf5-ad45-93ce4e8182a5,SE
01a02d9c-d209-75ff-8e0f-b53683cc165d,49004724,rua,Rua Q,Zona de Expansão (Robalo),71df064f-d17f-4cf5-ad45-93ce4e8182a5,SE
01a02d9c-ef93-708a-91a8-e7c1511db485,49043362,rua,Rua Q3,São Conrado,71df064f-d17f-4cf5-ad45-93ce4e8182a5,SE
01a02d9c-f573-7bcb-b762-9ced907cf771,49044457,rua,Rua Quarenta,Santa Maria,71df064f-d17f-4cf5-ad45-93ce4e8182a5,SE
01a02d9c-f573-7bcb-b75e-583aadadf3ae,49044448,rua,Rua Quarenta e Cinco,Santa Maria,71df064f-d17f-4cf5-ad45-93ce4e8182a5,SE
01a02d9c-f573-7bcb-b75d-057a37ea9f87,49044445,rua,Rua Quarenta e Dois,Santa Maria,71df064f-d17f-4cf5-ad45-93ce4e8182a5,SE
01a02d9d-28ab-75f8-a3fb-ad5167bb1243,49044432,rua,Rua Quarenta e Nove,Santa Maria,71df064f-d17f-4cf5-ad45-93ce4e8182a5,SE
01a02d9c-ebbf-7e0b-9b0d-05598c7b35d8,49042053,rua,Rua Quarenta e Oito,São Conrado,71df064f-d17f-4cf5-ad45-93ce4e8182a5,SE
01a02d9c-f573-7bcb-b758-dfa236d321b7,49044433,rua,Rua Quarenta e Oito,Santa Maria,71df064f-d17f-4cf5-ad45-93ce4e8182a5,SE
01a02d9c-f573-7bcb-b76a-35bb43c875ac,49044474,rua,Rua Quarenta e Quatro - 4,Santa Maria,71df064f-d17f-4cf5-ad45-93ce4e8182a5,SE
01a02d9c-f573-7bcb-b765-b039245401c4,49044465,rua,Rua Quarenta e Quatro - 5,Santa Maria,71df064f-d17f-4cf5-ad45-93ce4e8182a5,SE
01a02d9c-f573-7bcb-b766-d22ab0ef0a9d,49044467,rua,Rua Quarenta e Quatro - 6,Santa Maria,71df064f-d17f-4cf5-ad45-93ce4e8182a5,SE
01a02d9c-f573-7bcb-b768-c15caeb2cdc7,49044470,rua,Rua Quarenta e Quatro -7,Santa Maria,71df064f-d17f-4cf5-ad45-93ce4e8182a5,SE
01a02d9c-f573-7bcb-b764-25d6a433b617,49044463,rua,Rua Quarenta e Quatro-0,Santa Maria,71df064f-d17f-4cf5-ad45-93ce4e8182a5,SE
01a02d9c-f573-7bcb-b767-f1c224692dfa,49044469,rua,Rua Quarenta e Quatro-1,Santa Maria,71df064f-d17f-4cf5-ad45-93ce4e8182a5,SE
01a02d9c-f573-7bcb-b769-509333651791,49044472,rua,Rua Quarenta e Quatro-2,Santa Maria,71df064f-d17f-4cf5-ad45-93ce4e8182a5,SE
01a02d9c-f573-7bcb-b76b-3846f5ce241c,49044475,rua,Rua Quarenta e Quatro-3,Santa Maria,71df064f-d17f-4cf5-ad45-93ce4e8182a5,SE
01a02d9c-f573-7bcb-b75a-b0226c9cfc88,49044439,rua,Rua Quarenta e Sete,Santa Maria,71df064f-d17f-4cf5-ad45-93ce4e8182a5,SE
01a02d9c-f573-7bcb-b75b-b995eb8c520d,49044442,rua,Rua Quarenta e Três,Santa Maria,71df064f-d17f-4cf5-ad45-93ce4e8182a5,SE
01a02d9c-f573-7bcb-b763-411ddf4afbbf,49044460,rua,Rua Quarenta e Um,Santa Maria,71df064f-d17f-4cf5-ad45-93ce4e8182a5,SE
01a02d9d-12f0-7662-a197-1482c60ecb84,49088150,rua,Rua Quatorze,Lamarão,71df064f-d17f-4cf5-ad45-93ce4e8182a5,SE
01a02d9d-1ac1-7870-9d8a-6ef9258fbcd2,49092636,rua,Rua Quatorze,Olaria,71df064f-d17f-4cf5-ad45-93ce4e8182a5,SE
01a02d9c-cde0-7213-b92d-d94dcda68533,49001186,rua,Rua Quatorze,Aruana,71df064f-d17f-4cf5-ad45-93ce4e8182a5,SE
01a02d9d-14f6-7a7e-bb40-6ab7db9fbcaf,49089329,rua,Rua Quatro,Soledade,71df064f-d17f-4cf5-ad45-93ce4e8182a5,SE
01a02d9c-e006-75cc-adfd-782dde1d5ecc,49030686,rua,Rua Quatro,Farolândia,71df064f-d17f-4cf5-ad45-93ce4e8182a5,SE
01a02d9c-e7d5-767a-9089-fc4e67965128,49037503,rua,Rua Quatro,Aeroporto,71df064f-d17f-4cf5-ad45-93ce4e8182a5,SE
01a02d9d-0351-7cf4-b059-750ca43810db,49066329,rua,Rua Quatro,Industrial,71df064f-d17f-4cf5-ad45-93ce4e8182a5,SE
01a02d9d-28ad-711d-b25e-7cfd77aec249,49067311,rua,Rua Quatro,Porto D'Antas,71df064f-d17f-4cf5-ad45-93ce4e8182a5,SE
01a02d9d-24a1-7e19-9cb4-fecbcaf5b6f0,49087132,rua,Rua Quatro,Santos Dumont,71df064f-d17f-4cf5-ad45-93ce4e8182a5,SE
01a02d9d-22a7-7785-8866-92676c8bf354,49035513,rua,Rua Quatro,Coroa do Meio,71df064f-d17f-4cf5-ad45-93ce4e8182a5,SE
01a02d9d-16ee-7ea5-8e50-1a5194cee65f,49090116,rua,Rua Quatro,Jardim Centenário,71df064f-d17f-4cf5-ad45-93ce4e8182a5,SE
01a02d9c-e7d7-700e-a262-63a20c49b337,49037873,rua,Rua Quatro,Aeroporto,71df064f-d17f-4cf5-ad45-93ce4e8182a5,SE
01a02d9c-f199-7c7c-a682-ea4c21886d66,49043706,rua,Rua Quatro,Santa Maria,71df064f-d17f-4cf5-ad45-93ce4e8182a5,SE
01a02d9c-f38f-725d-b3fc-17b721b3acf4,49044250,rua,Rua Quatro,Santa Maria,71df064f-d17f-4cf5-ad45-93ce4e8182a5,SE
01a02d9d-2c76-7566-836d-72c16e27d395,49095305,rua,Rua Quatro,Jabotiana,71df064f-d17f-4cf5-ad45-93ce4e8182a5,SE
01a02d9d-0145-721d-ae1e-6b8a82094b3a,49065293,rua,Rua Quatro,Industrial,71df064f-d17f-4cf5-ad45-93ce4e8182a5,SE
01a02d9c-cbc7-7bd3-9696-10f5cdd32814,49000641,rua,Rua Quatro,Aruana,71df064f-d17f-4cf5-ad45-93ce4e8182a5,SE
01a02d9c-cddf-70da-89ae-e04c361d3ec8,49001144,rua,Rua Quatro,Aruana,71df064f-d17f-4cf5-ad45-93ce4e8182a5,SE
01a02d9c-cfed-7704-8ce5-93151412ce05,49001228,rua,Rua Quatro,Aruana,71df064f-d17f-4cf5-ad45-93ce4e8182a5,SE
01a02d9c-d429-7038-aaf5-76d29e60e66a,49005029,rua,Rua Quatro,Zona de Expansão (Robalo),71df064f-d17f-4cf5-ad45-93ce4e8182a5,SE
01a02d9c-d619-73e3-ac20-c00ae8899681,49007361,rua,Rua Quatro,Zona de Expansão (Areia Branca),71df064f-d17f-4cf5-ad45-93ce4e8182a5,SE
01a02d9d-3f01-799d-8570-d25839f72da9,49508280,rua,Rua Quatro,Oviedo Teixeira,8d820d6b-d516-4628-8228-0e70dcaf08f5,SE
01a02d9d-2a90-790f-8cdb-7c118d0b0eb3,49067338,rua,Rua Quatroze,Porto D'Antas,71df064f-d17f-4cf5-ad45-93ce4e8182a5,SE
01a02d9d-3cbc-7ae2-a5c6-8e12aa69c0ff,49506603,rua,Rua Quero Chá,Doutor José Milton Machado,8d820d6b-d516-4628-8228-0e70dcaf08f5,SE
01a02d9d-2c77-7f0f-94eb-4bacac5b96b5,49500046,rua,Rua Quintino Bocaiuva,Centro,8d820d6b-d516-4628-8228-0e70dcaf08f5,SE
01a02d9d-22a4-755a-bb0a-3eadaa0b2918,49880970,rua,Rua Quintino Bocaiuva 392,Centro,b8e4e369-81eb-45e8-be0d-36199c21de55,SE
01a02d9d-3438-7f59-9a7b-d192038b59fe,49503024,rua,Rua Quintino Bocaiúva,Serrano,8d820d6b-d516-4628-8228-0e70dcaf08f5,SE
01a02d9d-0b2a-78fd-903c-811a6bb744c5,49075500,rua,Rua Quintino Marques,Siqueira Campos,71df064f-d17f-4cf5-ad45-93ce4e8182a5,SE
01a02d9d-323b-7552-8d8d-ed4fdec1aff9,49501839,rua,Rua Quintino da Silva Nunes,Marcela,8d820d6b-d516-4628-8228-0e70dcaf08f5,SE
01a02d9d-3621-7fd1-99e2-608f0cadc614,49503426,rua,Rua Quintino de Lacerda,Anízio Amancio de Oliveira,8d820d6b-d516-4628-8228-0e70dcaf08f5,SE
01a02d9d-2c76-7e02-8379-14962898fbe1,49500004,rua,Rua Quintino de Lacerda,Centro,8d820d6b-d516-4628-8228-0e70dcaf08f5,SE
01a02d9d-12f0-7662-a198-507551cf675d,49088160,rua,Rua Quinze,Lamarão,71df064f-d17f-4cf5-ad45-93ce4e8182a5,SE
01a02d9d-2a90-790f-8ce1-6398ecd117c3,49067356,rua,Rua Quinze,Porto D'Antas,71df064f-d17f-4cf5-ad45-93ce4e8182a5,SE
01a02d9d-1ac1-7870-9d8b-1c76e58a90b6,49092639,rua,Rua Quinze,Olaria,71df064f-d17f-4cf5-ad45-93ce4e8182a5,SE
01a02d9c-f19a-751a-87d5-9d76ab5c2e04,49043733,rua,Rua Quinze,Santa Maria,71df064f-d17f-4cf5-ad45-93ce4e8182a5,SE
01a02d9c-cde0-7213-b92e-23a97e9552c2,49001189,rua,Rua Quinze,Aruana,71df064f-d17f-4cf5-ad45-93ce4e8182a5,SE
01a02d9c-d429-7038-aaeb-94c52d97162a,49004760,rua,Rua Quinze,Zona de Expansão (Robalo),71df064f-d17f-4cf5-ad45-93ce4e8182a5,SE
01a02d9d-0933-741f-97d0-80f6da273944,49072580,rua,Rua Quinze de Novembro,Dezoito do Forte,71df064f-d17f-4cf5-ad45-93ce4e8182a5,SE
01a02d9c-ebbe-7452-85e8-e44cca27b6ea,49040700,rua,Rua Quirino,Inácio Barbosa,71df064f-d17f-4cf5-ad45-93ce4e8182a5,SE
01a02d9d-3439-7f6f-8ac9-d29e3d203a06,49503153,rua,Rua Quirino Pereira da Silva,Serrano,8d820d6b-d516-4628-8228-0e70dcaf08f5,SE
01a02d9d-2c74-72fd-9a58-250de262a5dd,49071380,rua,Rua R,Dom Luciano,71df064f-d17f-4cf5-ad45-93ce4e8182a5,SE
01a02d9c-ef93-708a-919e-15d2bd763982,49043326,rua,Rua R,São Conrado,71df064f-d17f-4cf5-ad45-93ce4e8182a5,SE
01a02d9c-cddc-7eb9-b1c3-2cf122985bbc,49001012,rua,Rua R,Aruana,71df064f-d17f-4cf5-ad45-93ce4e8182a5,SE
01a02d9c-d428-76fd-8290-7c646a0b7324,49004727,rua,Rua R,Zona de Expansão (Robalo),71df064f-d17f-4cf5-ad45-93ce4e8182a5,SE
01a02d9c-d61c-75c9-ba24-73c09c319afa,49008393,rua,Rua R,Zona de Expansão (Mosqueiro),71df064f-d17f-4cf5-ad45-93ce4e8182a5,SE
01a02d9d-305b-7f8f-b899-41f086c9adaa,49500657,rua,Rua R,São Cristóvão,8d820d6b-d516-4628-8228-0e70dcaf08f5,SE
01a02d9c-f94a-7a38-991f-9cc10a78d19e,49048450,rua,Rua Radialista Cadmo Nascimento,Luzia,71df064f-d17f-4cf5-ad45-93ce4e8182a5,SE
01a02d9d-1ea5-788f-9d91-d60e42622fed,49097563,rua,Rua Radialista Carlos Rodolfo Rodrigues Gois,Ponto Novo,71df064f-d17f-4cf5-ad45-93ce4e8182a5,SE
01a02d9d-10fb-742c-926c-2068a8c74286,49087510,rua,Rua Radialista Ciro Moreira,Santos Dumont,71df064f-d17f-4cf5-ad45-93ce4e8182a5,SE
01a02d9d-0933-741f-97d1-379bac58cead,49072590,rua,Rua Radialista Geraldo Mendes,Dezoito do Forte,71df064f-d17f-4cf5-ad45-93ce4e8182a5,SE
01a02d9d-1ea5-788f-9d8f-bd5a34f36d88,49097550,rua,Rua Radialista Godofredo Chagas Ramos,Ponto Novo,71df064f-d17f-4cf5-ad45-93ce4e8182a5,SE
01a02d9c-cde0-7213-b92f-dd444f92a44d,49001192,rua,Rua Radialista J Santos,Aruana,71df064f-d17f-4cf5-ad45-93ce4e8182a5,SE
01a02d9d-16ef-7744-b455-62c552a1a618,49090250,rua,Rua Radialista José da Silva Lima,Jardim Centenário,71df064f-d17f-4cf5-ad45-93ce4e8182a5,SE
01a02d9c-f94a-719e-9910-a663b17e6cc8,49048320,rua,Rua Radialista Wolney Silva,Luzia,71df064f-d17f-4cf5-ad45-93ce4e8182a5,SE
01a02d9c-f199-7c7c-a688-b0a8f71632e2,49043724,rua,Rua Rafael Luiz Melo Santos,Santa Maria,71df064f-d17f-4cf5-ad45-93ce4e8182a5,SE
01a02d9c-ddf6-7cf2-a34f-9b21b22f4598,49027015,rua,Rua Rafael Pereira Rodrigues,Grageru,71df064f-d17f-4cf5-ad45-93ce4e8182a5,SE
01a02d9d-28ab-7e96-a403-67ce658b41d5,49050355,rua,Rua Rafael de Aguiar,Suíssa,71df064f-d17f-4cf5-ad45-93ce4e8182a5,SE
01a02d9c-f755-771f-a991-1c4d9e876c8c,49047320,rua,Rua Rafael de Aguiar,Ponto Novo,71df064f-d17f-4cf5-ad45-93ce4e8182a5,SE
01a02d9c-f94b-7b78-873b-09a647305893,49050660,rua,Rua Rafael de Aguiar,Pereira Lobo,71df064f-d17f-4cf5-ad45-93ce4e8182a5,SE
01a02d9c-fb6a-72f9-9854-47d87a0ef8e7,49052220,rua,Rua Rafael de Aguiar,Pereira Lobo,71df064f-d17f-4cf5-ad45-93ce4e8182a5,SE
01a02d9c-fd5e-7cae-b153-f8c22f1e0286,49055590,rua,Rua Rafael de Aguiar,Cirurgia,71df064f-d17f-4cf5-ad45-93ce4e8182a5,SE
01a02d9d-1ac0-7fdd-b3bb-a919b2364bb7,49092579,rua,Rua Railda Maria do Nascimento,Olaria,71df064f-d17f-4cf5-ad45-93ce4e8182a5,SE
01a02d9d-3623-717c-a104-16a98b9a63b1,49503531,rua,Rua Raimunda Santana,Anízio Amancio de Oliveira,8d820d6b-d516-4628-8228-0e70dcaf08f5,SE
01a02d9d-10f9-7a21-aa4d-74471ff4a6de,49087090,rua,Rua Raimundo Agostinho Bezerra,Santos Dumont,71df064f-d17f-4cf5-ad45-93ce4e8182a5,SE
01a02d9d-3cbd-7c5a-bacf-bbd01fa43604,49507100,rua,Rua Raimundo Andrade,Doutor José Milton Machado,8d820d6b-d516-4628-8228-0e70dcaf08f5,SE
01a02d9c-dc0a-7b31-a970-bed4be0b46db,49020320,rua,Rua Raimundo Fonseca,Treze de Julho,71df064f-d17f-4cf5-ad45-93ce4e8182a5,SE
01a02d9d-3cbc-7ae2-a5ca-2fe8b66d4cd0,49506615,rua,Rua Raimundo Jacó,Doutor José Milton Machado,8d820d6b-d516-4628-8228-0e70dcaf08f5,SE
01a02d9c-cbc7-7bd3-9682-07ff0e2ac019,49000519,rua,Rua Raimundo Moura,Aruana,71df064f-d17f-4cf5-ad45-93ce4e8182a5,SE
01a02d9c-ddf5-7b85-b412-1ebc6b660176,49026060,rua,Rua Raimundo Oliveira Filho,Grageru,71df064f-d17f-4cf5-ad45-93ce4e8182a5,SE
01a02d9c-ddf6-7cf2-a355-67f8a68a0511,49027080,rua,Rua Raimundo Oliveira Silva,Grageru,71df064f-d17f-4cf5-ad45-93ce4e8182a5,SE
01a02d9d-16ee-7ea5-8e4b-0adff3b0d8be,49090099,rua,Rua Raimundo Santana de Almeida,Jardim Centenário,71df064f-d17f-4cf5-ad45-93ce4e8182a5,SE
01a02d9d-24a2-7e2b-9ec4-1a6876e122fd,49088060,rua,Rua Raquel de Queiroz,Lamarão,71df064f-d17f-4cf5-ad45-93ce4e8182a5,SE
01a02d9d-1cb7-7c6f-bed7-85cf9c567afe,49095610,rua,Rua Raul Ribeiro Nunes,Jabotiana,71df064f-d17f-4cf5-ad45-93ce4e8182a5,SE
01a02d9c-d813-7423-9943-e915555fe74d,49008713,rua,Rua Recanto Evangélico,Zona de Expansão (Mosqueiro),71df064f-d17f-4cf5-ad45-93ce4e8182a5,SE
01a02d9d-0351-7453-b04a-73ae6ac23c59,49066236,rua,Rua Recanto dos Pássaros,Industrial,71df064f-d17f-4cf5-ad45-93ce4e8182a5,SE
01a02d9d-0f10-73f0-ba79-47198ddef73d,49085310,rua,Rua Recife,José Conrado de Araújo,71df064f-d17f-4cf5-ad45-93ce4e8182a5,SE
01a02d9c-ebbe-7452-85ec-1385e97926dc,49040720,rua,Rua Reginaldo Passos Pina,Inácio Barbosa,71df064f-d17f-4cf5-ad45-93ce4e8182a5,SE
01a02d9d-0143-7fcd-a5c1-135c6e25e4c6,49065059,rua,Rua Reginaldo Santos,Industrial,71df064f-d17f-4cf5-ad45-93ce4e8182a5,SE
01a02d9c-fd5e-7442-b148-c3c0a43f2b02,49055490,rua,Rua Rejane Maria Pureza do Rosário,Getúlio Vargas,71df064f-d17f-4cf5-ad45-93ce4e8182a5,SE
01a02d9d-3f01-70fa-8559-5bf139b2ce81,49508110,rua,Rua Renato Alves Menezes,Oviedo Teixeira,8d820d6b-d516-4628-8228-0e70dcaf08f5,SE
01a02d9c-e006-75cc-adff-1358c36a5978,49030700,rua,Rua Renato Augusto Martins,Farolândia,71df064f-d17f-4cf5-ad45-93ce4e8182a5,SE
01a02d9c-ef91-74a3-911e-e89ab277e9f5,49043110,rua,Rua Renato Barreto de Menezes,São Conrado,71df064f-d17f-4cf5-ad45-93ce4e8182a5,SE
01a02d9d-385e-7c9a-b535-adc64835a0a2,49504075,rua,Rua Renato Bispo de Lima,Marianga,8d820d6b-d516-4628-8228-0e70dcaf08f5,SE
01a02d9d-0350-7bb7-9f60-8452247a6217,49066060,rua,Rua Renato Ferreira,Industrial,71df064f-d17f-4cf5-ad45-93ce4e8182a5,SE
01a02d9c-e5ef-78fb-b258-4969ed90a71a,49035710,rua,Rua Renato Fonseca de Oliveira,Coroa do Meio,71df064f-d17f-4cf5-ad45-93ce4e8182a5,SE
01a02d9c-f753-7d73-94f3-7171f513025c,49045730,rua,Rua Renato Santos Teixeira,Luzia,71df064f-d17f-4cf5-ad45-93ce4e8182a5,SE
01a02d9d-323b-7e08-8d9d-6095a88f0046,49502037,rua,Rua Renilson Francisco Cunha,Marcela,8d820d6b-d516-4628-8228-0e70dcaf08f5,SE
01a02d9d-3f02-7289-bae4-20a43e480bb0,49509070,rua,Rua Renilton Ferreira Martins,Mamede Paes Mendonça,8d820d6b-d516-4628-8228-0e70dcaf08f5,SE
01a02d9d-3cbc-7ae2-a5ce-558ab3e1c0da,49506627,rua,Rua Respeita Januário,Doutor José Milton Machado,8d820d6b-d516-4628-8228-0e70dcaf08f5,SE
01a02d9d-0f10-73f0-ba7b-8bb859c70959,49085320,rua,Rua Reverendo Alfeu Barros de Oliveira,José Conrado de Araújo,71df064f-d17f-4cf5-ad45-93ce4e8182a5,SE
01a02d9d-3cbc-7ae2-a5c3-8f37ae02ff9b,49506528,rua,Rua Riacho do Navio,Doutor José Milton Machado,8d820d6b-d516-4628-8228-0e70dcaf08f5,SE
01a02d9c-da17-7dde-9411-7f886ef1869e,49015160,rua,Rua Riachuelo,São José,71df064f-d17f-4cf5-ad45-93ce4e8182a5,SE
01a02d9d-10fa-72fb-95eb-350e6b56864e,49087209,rua,Rua Ribeiro Silva,Santos Dumont,71df064f-d17f-4cf5-ad45-93ce4e8182a5,SE
01a02d9c-da17-7dde-940f-12f8ed8f9229,49015140,rua,Rua Ribeirópolis,São José,71df064f-d17f-4cf5-ad45-93ce4e8182a5,SE
01a02d9c-f94b-72d4-8734-6a68f4c5548c,49050525,rua,Rua Ribeirópolis,Pereira Lobo,71df064f-d17f-4cf5-ad45-93ce4e8182a5,SE
01a02d9c-fb6a-7bc1-9862-852ce5c9a6d8,49052360,rua,Rua Ribeirópolis,Suíssa,71df064f-d17f-4cf5-ad45-93ce4e8182a5,SE
01a02d9d-0933-741f-97d2-101095c4b0c9,49072600,rua,Rua Rio Grande do Norte,Dezoito do Forte,71df064f-d17f-4cf5-ad45-93ce4e8182a5,SE
01a02d9d-0b2a-78fd-903e-05787719c5c4,49075510,rua,Rua Rio Grande do Sul,Siqueira Campos,71df064f-d17f-4cf5-ad45-93ce4e8182a5,SE
01a02d9d-0d20-7d89-91aa-63c3c570cc52,49082000,rua,Rua Rio Grande do Sul,Novo Paraíso,71df064f-d17f-4cf5-ad45-93ce4e8182a5,SE
01a02d9c-ef94-7247-9671-bbb8195f6068,49043442,rua,Rua Rio Pitanga,Santa Maria,71df064f-d17f-4cf5-ad45-93ce4e8182a5,SE
01a02d9c-e1fe-72c4-b663-cb932344cf3d,49031080,rua,Rua Risoleta Rodrigues Brito,Farolândia,71df064f-d17f-4cf5-ad45-93ce4e8182a5,SE
01a02d9c-ff4a-7a71-9c77-f741858c9108,49063121,rua,Rua Rivaldo Honório dos Santos,Japãozinho,71df064f-d17f-4cf5-ad45-93ce4e8182a5,SE
01a02d9c-ff48-76d1-9d01-2e36576b6988,49060679,rua,Rua Rivaldo dos Santos,Palestina,71df064f-d17f-4cf5-ad45-93ce4e8182a5,SE
01a02d9c-ebbf-7575-9af9-ea835560a1a2,49041140,rua,Rua Roberto Fonseca,Inácio Barbosa,71df064f-d17f-4cf5-ad45-93ce4e8182a5,SE
01a02d9d-0933-741f-97d4-78f0baa8023f,49072620,rua,Rua Roberto Morais,Dezoito do Forte,71df064f-d17f-4cf5-ad45-93ce4e8182a5,SE
01a02d9d-10fb-742c-9270-fe3cfbcdc4b3,49087520,rua,Rua Roberto Morais,Santos Dumont,71df064f-d17f-4cf5-ad45-93ce4e8182a5,SE
01a02d9d-385f-753d-a0a8-5c0616e06155,49504229,rua,Rua Roberto dos Santos Carvalho,Marianga,8d820d6b-d516-4628-8228-0e70dcaf08f5,SE
01a02d9d-4121-7ecb-9226-ca9204b6abd9,49509765,rua,Rua Rodolfo Andrade,Porto,8d820d6b-d516-4628-8228-0e70dcaf08f5,SE
01a02d9c-f94a-719e-9911-a7bac792f4a2,49048330,rua,Rua Rodolfo Ramos Fontes,Luzia,71df064f-d17f-4cf5-ad45-93ce4e8182a5,SE
01a02d9c-f755-771f-a994-361cda893a78,49047340,rua,Rua Rodrigues Dórea,Ponto Novo,71df064f-d17f-4cf5-ad45-93ce4e8182a5,SE
01a02d9c-dc0a-726b-a957-042dbfd251ab,49020100,rua,Rua Romeu Santos,Salgado Filho,71df064f-d17f-4cf5-ad45-93ce4e8182a5,SE
01a02d9d-16ef-7744-b459-4531d74fad87,49090260,rua,Rua Ronaldo Calumbi Barreto,Bugio,71df064f-d17f-4cf5-ad45-93ce4e8182a5,SE
01a02d9d-3f01-799d-8567-36e6e8ef94d8,49508169,rua,Rua Ronaldo Ferreira Santos,Oviedo Teixeira,8d820d6b-d516-4628-8228-0e70dcaf08f5,SE
01a02d9d-0b2a-7088-9028-caf401563ebe,49075290,rua,Rua Rondônia,Siqueira Campos,71df064f-d17f-4cf5-ad45-93ce4e8182a5,SE
01a02d9c-e7d5-767a-9092-4cd5670e71cd,49037540,rua,Rua Roney de Luca,Atalaia,71df064f-d17f-4cf5-ad45-93ce4e8182a5,SE
01a02d9d-1ac1-7870-9d85-31c24e10d415,49092618,rua,Rua Roneydson Adriano Souza da Silva,Olaria,71df064f-d17f-4cf5-ad45-93ce4e8182a5,SE
01a02d9c-d208-7d54-bc36-7d3b0731623a,49004706,rua,Rua Roque José de Souza,Zona de Expansão (Robalo),71df064f-d17f-4cf5-ad45-93ce4e8182a5,SE
01a02d9c-f19b-762b-a1c3-90ca33a0b112,49043800,rua,Rua Rosa Azul,Santa Maria,71df064f-d17f-4cf5-ad45-93ce4e8182a5,SE
01a02d9d-269f-751d-8464-53dc63ce0669,49088476,rua,Rua Rosa Feliciana da Cruz,Lamarão,71df064f-d17f-4cf5-ad45-93ce4e8182a5,SE
01a02d9c-d42a-719c-a95f-e71e12b3d19a,49007009,rua,Rua Rosa Mística,Zona de Expansão (Areia Branca),71df064f-d17f-4cf5-ad45-93ce4e8182a5,SE
01a02d9d-4320-7220-a3a6-6c4e1fe3c558,49511590,rua,Rua Rosa Perpétua de Jesus,Queimadas,8d820d6b-d516-4628-8228-0e70dcaf08f5,SE
01a02d9c-e200-7e62-9b75-aa32c3ae5668,49032150,rua,Rua Rosalina,Farolândia,71df064f-d17f-4cf5-ad45-93ce4e8182a5,SE
01a02d9d-305c-7827-b059-a38430dde8c2,49500672,rua,Rua Roseilde Silvânia GomesMonteiro Silva,São Cristóvão,8d820d6b-d516-4628-8228-0e70dcaf08f5,SE
01a02d9c-e7d5-7f0d-90a8-69933dc2bbd0,49037660,rua,Rua Rosina Matos,Aeroporto,71df064f-d17f-4cf5-ad45-93ce4e8182a5,SE
01a02d9c-ff47-7e30-9878-003fb2440f6f,49060570,rua,Rua Rosário,Santo Antônio,71df064f-d17f-4cf5-ad45-93ce4e8182a5,SE
01a02d9d-209e-776f-b19a-4be6b96f31ab,49650970,rua,"Rua Rosário, s/n",Centro,acae0219-5f56-44cf-a079-4a5644a27a61,SE
01a02d9c-e9ce-7ec2-8c11-0d772c7874f0,49040560,rua,Rua Rui Barbosa,Inácio Barbosa,71df064f-d17f-4cf5-ad45-93ce4e8182a5,SE
01a02d9d-2c74-72fd-9a56-214d441e56cb,49071374,rua,Rua S,Dom Luciano,71df064f-d17f-4cf5-ad45-93ce4e8182a5,SE
01a02d9c-ef90-7c36-b443-11a55357e32b,49043063,rua,Rua S,São Conrado,71df064f-d17f-4cf5-ad45-93ce4e8182a5,SE
01a02d9c-cddc-7eb9-b1c4-c4143f29737b,49001015,rua,Rua S,Aruana,71df064f-d17f-4cf5-ad45-93ce4e8182a5,SE
01a02d9c-d428-76fd-8291-08f26358368c,49004730,rua,Rua S,Zona de Expansão (Robalo),71df064f-d17f-4cf5-ad45-93ce4e8182a5,SE
01a02d9c-d61c-75c9-ba23-12511f9e2e7a,49008390,rua,Rua S,Zona de Expansão (Mosqueiro),71df064f-d17f-4cf5-ad45-93ce4e8182a5,SE
01a02d9d-305b-7f8f-b896-6261e81e6b29,49500648,rua,Rua S,São Cristóvão,8d820d6b-d516-4628-8228-0e70dcaf08f5,SE
01a02d9d-24a0-7e28-9b4f-9fe65d0d1a42,49065660,rua,Rua Sabino Ribeiro,Industrial,71df064f-d17f-4cf5-ad45-93ce4e8182a5,SE
01a02d9d-18d6-7818-a94a-fcee2d0796b1,49090763,rua,Rua Sabino Vasconcelos Santos,Jardim Centenário,71df064f-d17f-4cf5-ad45-93ce4e8182a5,SE
01a02d9d-0f10-73f0-ba6c-af39c5f52e7f,49085195,rua,Rua Sagrado Coração de Jesus,José Conrado de Araújo,71df064f-d17f-4cf5-ad45-93ce4e8182a5,SE
01a02d9c-e9ce-7ec2-8c12-0fa5e079b7d7,49040570,rua,Rua Saldanha da Gama,Inácio Barbosa,71df064f-d17f-4cf5-ad45-93ce4e8182a5,SE
01a02d9c-fd5f-7526-bce2-a3779af389d2,49055610,rua,Rua Salgado,Getúlio Vargas,71df064f-d17f-4cf5-ad45-93ce4e8182a5,SE
01a02d9c-ff47-7e30-9879-39a91989bc28,49060580,rua,Rua Salgado,Santo Antônio,71df064f-d17f-4cf5-ad45-93ce4e8182a5,SE
01a02d9d-22a3-7c84-a914-c38644c11ae5,49800970,rua,Rua Salvador Nogueira 77,Centro,b081a115-f0b2-4407-905e-5aa884920670,SE
01a02d9d-22a3-7c84-a918-3670578bd1b9,49800974,rua,"Rua Salvador Nogueira, s/n",Centro,b081a115-f0b2-4407-905e-5aa884920670,SE
01a02d9d-22a3-7c84-a917-ebeeeacb0a14,49800973,rua,"Rua Salvador Nogueira, s/n",Centro,b081a115-f0b2-4407-905e-5aa884920670,SE
01a02d9d-22a3-7c84-a915-e6fdae4ddebe,49800971,rua,"Rua Salvador Nogueira, s/n",Centro,b081a115-f0b2-4407-905e-5aa884920670,SE
01a02d9d-22a3-7c84-a916-521d311ee83b,49800972,rua,"Rua Salvador Nogueira, s/n",Centro,b081a115-f0b2-4407-905e-5aa884920670,SE
01a02d9d-1ea4-7ff5-881c-e23bd557a656,49097276,rua,Rua Salvador dos Santos Melo,Ponto Novo,71df064f-d17f-4cf5-ad45-93ce4e8182a5,SE
01a02d9c-e1fd-7190-8c47-7587e19d5eaa,49030810,rua,Rua Salvelina dos Santos,Farolândia,71df064f-d17f-4cf5-ad45-93ce4e8182a5,SE
01a02d9d-3624-7ba9-920c-d9203d4df488,49503702,rua,Rua Samuel Pereira de almeida,Anízio Amancio de Oliveira,8d820d6b-d516-4628-8228-0e70dcaf08f5,SE
01a02d9c-e7d6-77a3-a995-386d4a96af70,49037831,rua,Rua Sandoval Manuel dos Santos,Atalaia,71df064f-d17f-4cf5-ad45-93ce4e8182a5,SE
01a02d9d-3cbe-751c-8dc3-f08052e84ce7,49507475,rua,Rua Sandra Moura,Oviedo Teixeira,8d820d6b-d516-4628-8228-0e70dcaf08f5,SE
01a02d9c-eda2-7f95-9c10-64c5045a8192,49042530,rua,Rua Sandro Rezende,São Conrado,71df064f-d17f-4cf5-ad45-93ce4e8182a5,SE
01a02d9c-f755-771f-a98c-22e68243a45b,49047230,rua,Rua Santa Bernadete,Ponto Novo,71df064f-d17f-4cf5-ad45-93ce4e8182a5,SE
01a02d9d-0b2b-7174-a4fe-b48d920141ac,49075520,rua,Rua Santa Catarina,Siqueira Campos,71df064f-d17f-4cf5-ad45-93ce4e8182a5,SE
01a02d9d-0551-7cb5-a2e9-d55a79b6a5d9,49069189,rua,Rua Santa Cecilia,Porto D'Antas,71df064f-d17f-4cf5-ad45-93ce4e8182a5,SE
01a02d9d-18d5-76cf-9b19-501e297c45df,49090490,rua,Rua Santa Clara,Jardim Centenário,71df064f-d17f-4cf5-ad45-93ce4e8182a5,SE
01a02d9c-ef93-7917-91b3-9eebe32ba58e,49043409,rua,Rua Santa Clara,Santa Maria,71df064f-d17f-4cf5-ad45-93ce4e8182a5,SE
01a02d9d-3438-7f59-9a83-8fc1f6366a9e,49503075,rua,Rua Santa Cruz,Serrano,8d820d6b-d516-4628-8228-0e70dcaf08f5,SE
01a02d9d-2e63-701a-b34e-b8e7730a1a4b,49500094,rua,Rua Santa Cruz,Centro,8d820d6b-d516-4628-8228-0e70dcaf08f5,SE
01a02d9d-0350-7bb7-9f49-50c332e2a649,49065670,rua,Rua Santa Cruz do Lagamar,Industrial,71df064f-d17f-4cf5-ad45-93ce4e8182a5,SE
01a02d9d-0142-7e7c-8d34-465f0bcb9ac9,49063136,rua,Rua Santa Isabel,Japãozinho,71df064f-d17f-4cf5-ad45-93ce4e8182a5,SE
01a02d9d-0550-7b9d-89a7-5aa7bab95479,49069045,rua,Rua Santa Letícia,Porto D'Antas,71df064f-d17f-4cf5-ad45-93ce4e8182a5,SE
01a02d9c-da17-7dde-9414-65eabdfa7413,49015190,rua,Rua Santa Luzia,São José,71df064f-d17f-4cf5-ad45-93ce4e8182a5,SE
01a02d9d-2a91-71a6-8638-86047f3bd447,49070462,rua,Rua Santa Luzia,Cidade Nova,71df064f-d17f-4cf5-ad45-93ce4e8182a5,SE
01a02d9c-da14-7af6-8953-037b7d3c7820,49010310,rua,Rua Santa Luzia,Centro,71df064f-d17f-4cf5-ad45-93ce4e8182a5,SE
01a02d9c-ff47-7e30-987a-faaa3842b832,49060590,rua,Rua Santa Maria,Santo Antônio,71df064f-d17f-4cf5-ad45-93ce4e8182a5,SE
01a02d9c-d42a-719c-a957-a3dcf8fd4491,49005314,rua,Rua Santa Maria,Zona de Expansão (Robalo),71df064f-d17f-4cf5-ad45-93ce4e8182a5,SE
01a02d9c-d619-73e3-ac1d-e188d8396685,49007352,rua,Rua Santa Maria,Zona de Expansão (Areia Branca),71df064f-d17f-4cf5-ad45-93ce4e8182a5,SE
01a02d9c-cddb-7de0-8dc4-8a1bfa47bf43,49000798,rua,Rua Santa Paulina do Coração Agonizante de Jesus,Aruana,71df064f-d17f-4cf5-ad45-93ce4e8182a5,SE
01a02d9d-0551-7cb5-a2e6-4a52b43b3c55,49069180,rua,Rua Santa Rita,Porto D'Antas,71df064f-d17f-4cf5-ad45-93ce4e8182a5,SE
01a02d9d-18d7-70ae-8e42-940278893fed,49092100,rua,Rua Santa Rita,Olaria,71df064f-d17f-4cf5-ad45-93ce4e8182a5,SE
01a02d9c-da15-7bf8-add2-a52d3230e0ce,49010640,rua,Rua Santa Rosa,Centro,71df064f-d17f-4cf5-ad45-93ce4e8182a5,SE
01a02d9d-0f10-73f0-ba7f-4f86a37c2781,49085360,rua,Rua Santa Rosa de Lima,José Conrado de Araújo,71df064f-d17f-4cf5-ad45-93ce4e8182a5,SE
01a02d9d-0743-7b6e-9fa6-a03aa9567ffc,49070355,rua,Rua Santa Terezinha,Cidade Nova,71df064f-d17f-4cf5-ad45-93ce4e8182a5,SE
01a02d9d-1ac0-7746-b394-8540cfca82f9,49092213,rua,Rua Santa Terezinha,Olaria,71df064f-d17f-4cf5-ad45-93ce4e8182a5,SE
01a02d9c-f755-771f-a99f-aaabfdd83601,49047460,rua,Rua Santa Terezinha,Ponto Novo,71df064f-d17f-4cf5-ad45-93ce4e8182a5,SE
01a02d9c-fd60-7f18-adfb-77f03063d6c3,49060183,rua,Rua Santa Terezinha,Santo Antônio,71df064f-d17f-4cf5-ad45-93ce4e8182a5,SE
01a02d9c-ff49-7816-bf59-7d5fbc6eb12c,49063001,rua,Rua Santa Terezinha,Japãozinho,71df064f-d17f-4cf5-ad45-93ce4e8182a5,SE
01a02d9c-d813-7423-9940-6130a2d72be7,49008683,rua,Rua Santana do Livramento,Zona de Expansão (Mosqueiro),71df064f-d17f-4cf5-ad45-93ce4e8182a5,SE
01a02d9c-f19c-7182-821c-2ae68dc08a7a,49044110,rua,Rua Santelmo Duarte Novaes,Santa Maria,71df064f-d17f-4cf5-ad45-93ce4e8182a5,SE
01a02d9d-323c-7f76-967e-ab218095c16c,49502115,rua,Rua Santino Cavalcante,Marcela,8d820d6b-d516-4628-8228-0e70dcaf08f5,SE
01a02d9c-e201-7703-abbf-7533d54d7683,49032230,rua,Rua Santo Agostinho,Farolândia,71df064f-d17f-4cf5-ad45-93ce4e8182a5,SE
01a02d9c-ff4a-70c4-9c63-15984d42a32d,49063058,rua,Rua Santo Agostinho,Japãozinho,71df064f-d17f-4cf5-ad45-93ce4e8182a5,SE
01a02d9d-22a5-775a-9ff2-044c0280add1,49010290,rua,Rua Santo Amaro,Centro,71df064f-d17f-4cf5-ad45-93ce4e8182a5,SE
01a02d9d-0550-7312-899e-d96bf5c6b140,49069018,rua,Rua Santo Antônio,Porto D'Antas,71df064f-d17f-4cf5-ad45-93ce4e8182a5,SE
01a02d9d-10fb-742c-9275-73885b9a4abe,49087540,rua,Rua Santo Antônio,Santos Dumont,71df064f-d17f-4cf5-ad45-93ce4e8182a5,SE
01a02d9c-ef90-7c36-b444-7f1787a04ed8,49043066,rua,Rua Santo Antônio,São Conrado,71df064f-d17f-4cf5-ad45-93ce4e8182a5,SE
01a02d9d-269f-7db0-8489-30b01922c02f,49004469,rua,Rua Santo Expedito,Zona de Expansão (Robalo),71df064f-d17f-4cf5-ad45-93ce4e8182a5,SE
01a02d9d-0550-7b9d-89b2-10524996cfab,49069081,rua,Rua Santos Dumont,Porto D'Antas,71df064f-d17f-4cf5-ad45-93ce4e8182a5,SE
01a02d9d-12ed-7156-86e4-25fe821476d5,49087546,rua,Rua Santos Dumont I,Santos Dumont,71df064f-d17f-4cf5-ad45-93ce4e8182a5,SE
01a02d9d-12ed-7156-86e5-f12d972635ef,49087548,rua,Rua Santos Dumont II,Santos Dumont,71df064f-d17f-4cf5-ad45-93ce4e8182a5,SE
01a02d9c-d42a-719c-a969-251a95fcb950,49007063,rua,Rua Santíssima Trindade,Zona de Expansão (Areia Branca),71df064f-d17f-4cf5-ad45-93ce4e8182a5,SE
01a02d9c-ddf7-7587-abf0-5f98e7f2aa62,49027310,rua,Rua Sara Schuster,Jardins,71df064f-d17f-4cf5-ad45-93ce4e8182a5,SE
01a02d9c-ef91-74a3-9125-092a6a776dd9,49043150,rua,Rua Sargento Antônio da Silva Vieira,São Conrado,71df064f-d17f-4cf5-ad45-93ce4e8182a5,SE
01a02d9d-0f0f-72d2-b24c-56f9b87a12de,49082440,rua,Rua Sargento Audálio Gonçalves,Novo Paraíso,71df064f-d17f-4cf5-ad45-93ce4e8182a5,SE
01a02d9d-12ed-7156-86ea-29c73fc2f1d2,49087580,rua,Rua Sargento Brasiliano,Santos Dumont,71df064f-d17f-4cf5-ad45-93ce4e8182a5,SE
01a02d9d-0f0f-72d2-b24d-5f4c2e751994,49082450,rua,Rua Sargento Cassiano Rodrigues,Novo Paraíso,71df064f-d17f-4cf5-ad45-93ce4e8182a5,SE
01a02d9c-e9ce-7602-8bfe-9e3bc0c082f3,49040353,rua,Rua Sargento Cícero Ricardo de Silva,Inácio Barbosa,71df064f-d17f-4cf5-ad45-93ce4e8182a5,SE
01a02d9d-0f0f-72d2-b24e-c99570e2e9d1,49082460,rua,Rua Sargento Domingos Sérgio,Novo Paraíso,71df064f-d17f-4cf5-ad45-93ce4e8182a5,SE
01a02d9d-0350-7bb7-9f51-40bc54c5c55b,49065750,rua,Rua Sargento Duque,Industrial,71df064f-d17f-4cf5-ad45-93ce4e8182a5,SE
01a02d9d-1cb7-7406-bec1-b4e4ca4805c7,49095380,rua,Rua Sargento Helles Nunes Oliveira,Jabotiana,71df064f-d17f-4cf5-ad45-93ce4e8182a5,SE
01a02d9c-ef91-74a3-9124-917eb5c1119a,49043140,rua,Rua Sargento José Damasceno Filho,São Conrado,71df064f-d17f-4cf5-ad45-93ce4e8182a5,SE
01a02d9c-cddc-764c-b1b2-23f0da4fe0c9,49000801,rua,Rua Sargento José Milton da Cruz,Aruana,71df064f-d17f-4cf5-ad45-93ce4e8182a5,SE
01a02d9d-0f0f-72d2-b250-932c848600ba,49082480,rua,Rua Sargento José Teodoro,Novo Paraíso,71df064f-d17f-4cf5-ad45-93ce4e8182a5,SE
01a02d9c-cbc5-79b6-9d57-dd91bb8b7b79,49000194,rua,Rua Sargento José Valença Santos Leite,Aruana,71df064f-d17f-4cf5-ad45-93ce4e8182a5,SE
01a02d9d-0f0f-72d2-b24f-5f0ff4ecb2a9,49082470,rua,Rua Sargento João Serafim,Novo Paraíso,71df064f-d17f-4cf5-ad45-93ce4e8182a5,SE
01a02d9d-0f0f-72d2-b251-661cffe474c9,49082490,rua,Rua Sargento Lauro José,Novo Paraíso,71df064f-d17f-4cf5-ad45-93ce4e8182a5,SE
01a02d9d-0743-72e7-9fa3-5025e8687be0,49070320,rua,Rua Sargento Manoel Alves Dantas,Cidade Nova,71df064f-d17f-4cf5-ad45-93ce4e8182a5,SE
01a02d9d-0f0f-72d2-b252-b5351c044304,49082500,rua,Rua Sargento Manoel Messias,Novo Paraíso,71df064f-d17f-4cf5-ad45-93ce4e8182a5,SE
01a02d9c-ef91-7eae-912c-fc7c98cc1862,49043220,rua,Rua Sargento Manoel Osvaldo das Neves,São Conrado,71df064f-d17f-4cf5-ad45-93ce4e8182a5,SE
01a02d9d-2a91-7c3f-8642-91d3d2052a70,49071007,rua,Rua Sargento Marcelino,Dom Luciano,71df064f-d17f-4cf5-ad45-93ce4e8182a5,SE
01a02d9d-0933-7cce-97df-f3ba2c7c2e6d,49072670,rua,Rua Sargento Nezinho,Dezoito do Forte,71df064f-d17f-4cf5-ad45-93ce4e8182a5,SE
01a02d9d-0f0f-72d2-b253-af34fa9a3c04,49082510,rua,Rua Sargento Osvaldo Conceição,Novo Paraíso,71df064f-d17f-4cf5-ad45-93ce4e8182a5,SE
01a02d9c-e006-75cc-ae00-01ece2b57072,49030710,rua,Rua Sargento Vasconcelos,Farolândia,71df064f-d17f-4cf5-ad45-93ce4e8182a5,SE
01a02d9c-fb69-7a00-8c04-b9cb488b6375,49051030,rua,Rua Sargento Zacarias,Suíssa,71df064f-d17f-4cf5-ad45-93ce4e8182a5,SE
01a02d9c-ebbe-7452-85db-34d63373289b,49040580,rua,Rua Saturno,Inácio Barbosa,71df064f-d17f-4cf5-ad45-93ce4e8182a5,SE
01a02d9d-2e64-7a5b-948a-53c4aa8907a6,49500403,rua,Rua Saudalina Santana Ferreira,São Cristóvão,8d820d6b-d516-4628-8228-0e70dcaf08f5,SE
01a02d9d-4321-7221-ad18-17f05a0d55a9,49511634,rua,Rua Savyo Peres Barreto,Queimadas,8d820d6b-d516-4628-8228-0e70dcaf08f5,SE
01a02d9c-e004-7268-812e-64df6353f2a6,49030260,rua,Rua Sebastião Chagas,Farolândia,71df064f-d17f-4cf5-ad45-93ce4e8182a5,SE
01a02d9d-0350-7bb7-9f52-4847d151a1f5,49065760,rua,Rua Sebastião Costa,Industrial,71df064f-d17f-4cf5-ad45-93ce4e8182a5,SE
01a02d9c-f94b-72d4-872d-f3b8374de80b,49050443,rua,Rua Sebastião Eustáquio Filho,Pereira Lobo,71df064f-d17f-4cf5-ad45-93ce4e8182a5,SE
01a02d9d-3439-7f6f-8acd-76c12eca8219,49503165,rua,Rua Sebastião José de Góis,Serrano,8d820d6b-d516-4628-8228-0e70dcaf08f5,SE
01a02d9d-3aa8-7d39-8ef0-d62f731a4940,49506012,rua,Rua Sebastião José de Góis,Rotary Club de Itabaiana,8d820d6b-d516-4628-8228-0e70dcaf08f5,SE
01a02d9d-385e-7c9a-b53b-c668a348f4aa,49504093,rua,Rua Sebastião de Oliveira,Marianga,8d820d6b-d516-4628-8228-0e70dcaf08f5,SE
01a02d9d-14f6-7a7e-bb42-ce3cd6b4aa9e,49089335,rua,Rua Seis,Soledade,71df064f-d17f-4cf5-ad45-93ce4e8182a5,SE
01a02d9c-e400-71e8-a268-a388149bbcb6,49035519,rua,Rua Seis,Coroa do Meio,71df064f-d17f-4cf5-ad45-93ce4e8182a5,SE
01a02d9c-e7d5-767a-908b-6a1083936609,49037509,rua,Rua Seis,Aeroporto,71df064f-d17f-4cf5-ad45-93ce4e8182a5,SE
01a02d9d-2a90-790f-8cd4-ebf268524942,49067317,rua,Rua Seis,Porto D'Antas,71df064f-d17f-4cf5-ad45-93ce4e8182a5,SE
01a02d9d-1ac1-7870-9d83-cc734af01a60,49092612,rua,Rua Seis,Olaria,71df064f-d17f-4cf5-ad45-93ce4e8182a5,SE
01a02d9d-16ef-7744-b456-9fa69add7b68,49090253,rua,Rua Seis,Jardim Centenário,71df064f-d17f-4cf5-ad45-93ce4e8182a5,SE
01a02d9c-f38b-7c20-98f9-9e24cffaa4c6,49044123,rua,Rua Seis,Santa Maria,71df064f-d17f-4cf5-ad45-93ce4e8182a5,SE
01a02d9c-cddf-70da-89af-ddaf291bf288,49001147,rua,Rua Seis,Aruana,71df064f-d17f-4cf5-ad45-93ce4e8182a5,SE
01a02d9c-cfed-7704-8ce1-b9b51e2d9793,49001216,rua,Rua Seis,Aruana,71df064f-d17f-4cf5-ad45-93ce4e8182a5,SE
01a02d9c-d619-73e3-ac1c-5d4a2a64facf,49007349,rua,Rua Seis,Zona de Expansão (Areia Branca),71df064f-d17f-4cf5-ad45-93ce4e8182a5,SE
01a02d9d-343a-7f6e-add6-d740442843bb,49503244,rua,Rua Seis,Serrano,8d820d6b-d516-4628-8228-0e70dcaf08f5,SE
01a02d9d-3f01-799d-8571-4e6efcce096f,49508285,rua,Rua Seis,Oviedo Teixeira,8d820d6b-d516-4628-8228-0e70dcaf08f5,SE
01a02d9d-4121-7623-9217-f1028bb4e65e,49509638,rua,Rua Senador José Passos Porto,Porto,8d820d6b-d516-4628-8228-0e70dcaf08f5,SE
01a02d9d-1ea4-7ff5-880e-2e46f9cd62c7,49097183,rua,Rua Senador Leandro Maciel,Ponto Novo,71df064f-d17f-4cf5-ad45-93ce4e8182a5,SE
01a02d9d-209c-7757-afbd-9ba99d19922e,49130970,rua,Rua Senador Leite Neto 10,Centro,d6c1b821-c1db-41cd-8f26-71f900ad39d0,SE
01a02d9c-da17-7531-940d-d6355a389d63,49015120,rua,Rua Senador Rollemberg,São José,71df064f-d17f-4cf5-ad45-93ce4e8182a5,SE
01a02d9d-14f6-71e6-bb1c-33f871dd4e6b,49089176,rua,Rua Senhor do Bomfim,Soledade,71df064f-d17f-4cf5-ad45-93ce4e8182a5,SE
01a02d9c-ff4a-70c4-9c68-32be3be89d67,49063073,rua,Rua Senhor do Bomfim,Japãozinho,71df064f-d17f-4cf5-ad45-93ce4e8182a5,SE
01a02d9d-0743-7b6e-9fa9-2bd78181fb76,49070430,rua,Rua Senhor do Bonfim,Cidade Nova,71df064f-d17f-4cf5-ad45-93ce4e8182a5,SE
01a02d9d-12ed-79b9-86f0-9ac8e4184d18,49087600,rua,Rua Senhor do Bonfim,Santos Dumont,71df064f-d17f-4cf5-ad45-93ce4e8182a5,SE
01a02d9c-f755-771f-a999-d0dbaa7fae37,49047380,rua,Rua Senhor dos Passos,Ponto Novo,71df064f-d17f-4cf5-ad45-93ce4e8182a5,SE
01a02d9d-3439-7f6f-8abc-9567bc6bae8f,49503114,rua,Rua Serapião Antonio de Góis,Serrano,8d820d6b-d516-4628-8228-0e70dcaf08f5,SE
01a02d9d-3aab-78cb-8e04-16fc7da535f8,49506303,rua,Rua Serapião Antonio de Góis,Rotary Club de Itabaiana,8d820d6b-d516-4628-8228-0e70dcaf08f5,SE
01a02d9d-0b2b-7174-a500-cb624de09789,49075540,rua,Rua Sergipe,Siqueira Campos,71df064f-d17f-4cf5-ad45-93ce4e8182a5,SE
01a02d9d-12ef-7d86-bc76-aba3197a1fd5,49088080,rua,Rua Sete,Lamarão,71df064f-d17f-4cf5-ad45-93ce4e8182a5,SE
01a02d9d-14f6-7a7e-bb43-53f0a0013a65,49089338,rua,Rua Sete,Soledade,71df064f-d17f-4cf5-ad45-93ce4e8182a5,SE
01a02d9c-e400-71e8-a269-96212507840d,49035523,rua,Rua Sete,Coroa do Meio,71df064f-d17f-4cf5-ad45-93ce4e8182a5,SE
01a02d9c-e7d5-767a-908e-02f27b9b5fb8,49037523,rua,Rua Sete,Aeroporto,71df064f-d17f-4cf5-ad45-93ce4e8182a5,SE
01a02d9d-2a90-790f-8cd5-cd645e6a59d3,49067320,rua,Rua Sete,Porto D'Antas,71df064f-d17f-4cf5-ad45-93ce4e8182a5,SE
01a02d9d-1ac0-7fdd-b3be-94fbc6458bb5,49092588,rua,Rua Sete,Olaria,71df064f-d17f-4cf5-ad45-93ce4e8182a5,SE
01a02d9d-16ef-7744-b457-b0a730e8b1f4,49090256,rua,Rua Sete,Jardim Centenário,71df064f-d17f-4cf5-ad45-93ce4e8182a5,SE
01a02d9c-f199-7c7c-a683-ceb0ff3575c3,49043709,rua,Rua Sete,Santa Maria,71df064f-d17f-4cf5-ad45-93ce4e8182a5,SE
01a02d9c-f38c-7493-b099-8e3468c27d52,49044126,rua,Rua Sete,Santa Maria,71df064f-d17f-4cf5-ad45-93ce4e8182a5,SE
01a02d9c-cddf-70da-89b0-53fda5ac253c,49001150,rua,Rua Sete,Aruana,71df064f-d17f-4cf5-ad45-93ce4e8182a5,SE
01a02d9c-d429-7038-aaf9-9764d5c86548,49005041,rua,Rua Sete,Zona de Expansão (Robalo),71df064f-d17f-4cf5-ad45-93ce4e8182a5,SE
01a02d9d-0351-7cf4-b06c-ad1583d17328,49067036,rua,Rua Sete de Setembro,Porto D'Antas,71df064f-d17f-4cf5-ad45-93ce4e8182a5,SE
01a02d9d-0933-7cce-97e7-401494c9b8f9,49072700,rua,Rua Sete de Setembro,Dezoito do Forte,71df064f-d17f-4cf5-ad45-93ce4e8182a5,SE
01a02d9d-24a0-7e28-9b5f-742d2311d9e6,49070325,rua,Rua Sete de Setembro,Cidade Nova,71df064f-d17f-4cf5-ad45-93ce4e8182a5,SE
01a02d9c-e7d6-77a3-a99b-0f5ce0cd68ee,49037849,rua,Rua Sete de Setembro,Aeroporto,71df064f-d17f-4cf5-ad45-93ce4e8182a5,SE
01a02d9c-ff49-7816-bf6b-2cce91623063,49063055,rua,Rua Sete de Setembro,Japãozinho,71df064f-d17f-4cf5-ad45-93ce4e8182a5,SE
01a02d9d-2c78-77bb-8adc-cf3827589554,49500076,rua,Rua Sete de Setembro,Centro,8d820d6b-d516-4628-8228-0e70dcaf08f5,SE
01a02d9d-0b2b-7174-a502-f2a1b459bcc0,49075550,rua,Rua Severino Cardoso,Siqueira Campos,71df064f-d17f-4cf5-ad45-93ce4e8182a5,SE
01a02d9d-3cbe-751c-8dcd-b4c56c39e17e,49507525,rua,Rua Severino Geraldo dos Santos,Oviedo Teixeira,8d820d6b-d516-4628-8228-0e70dcaf08f5,SE
01a02d9d-18d5-76cf-9b24-2e5b410f3de2,49090530,rua,Rua Severino Rodrigues Sobrinho,Bugio,71df064f-d17f-4cf5-ad45-93ce4e8182a5,SE
01a02d9d-0351-7453-b048-b8374b9b7552,49066230,rua,Rua Severo José dos Santos,Industrial,71df064f-d17f-4cf5-ad45-93ce4e8182a5,SE
01a02d9d-0551-7cb5-a2ee-533f8ef4ea43,49069204,rua,Rua Sigma,Porto D'Antas,71df064f-d17f-4cf5-ad45-93ce4e8182a5,SE
01a02d9c-cfee-7020-b486-db99dfdce5b3,49001258,rua,Rua Silvandira da Cruz Santos,Aruana,71df064f-d17f-4cf5-ad45-93ce4e8182a5,SE
01a02d9d-3438-768a-9a6d-62777c3c97d1,49502255,rua,Rua Silvestre Souza de Jesus,Marcela,8d820d6b-d516-4628-8228-0e70dcaf08f5,SE
01a02d9d-323c-7f76-9682-583c2c56392f,49502130,rua,Rua Silvia Magalhães Garcia Moreno,Marcela,8d820d6b-d516-4628-8228-0e70dcaf08f5,SE
01a02d9c-e005-7461-8bbf-3561eea006c9,49030423,rua,Rua Silvio do Espírito Santo Seixas,Farolândia,71df064f-d17f-4cf5-ad45-93ce4e8182a5,SE
01a02d9d-0f11-7409-b390-5dcf94b35114,49085410,rua,Rua Simeão Aguiar,José Conrado de Araújo,71df064f-d17f-4cf5-ad45-93ce4e8182a5,SE
01a02d9c-e003-79b0-9dcf-2527b7e2f3ca,49030240,rua,Rua Simon Bolívar,Farolândia,71df064f-d17f-4cf5-ad45-93ce4e8182a5,SE
01a02d9d-1ea5-788f-9d93-13ee01fd3602,49097570,rua,Rua Simon Bolívar,Ponto Novo,71df064f-d17f-4cf5-ad45-93ce4e8182a5,SE
01a02d9d-1ac0-7fdd-b3ac-f0616a5025da,49092430,rua,Rua Simone Lima Freire,Olaria,71df064f-d17f-4cf5-ad45-93ce4e8182a5,SE
01a02d9c-da15-7399-adc4-ba03790243d9,49010430,rua,Rua Simão Dias,Centro,71df064f-d17f-4cf5-ad45-93ce4e8182a5,SE
01a02d9c-ff48-76d1-9d0f-81e541d183d0,49061030,rua,Rua Simão Dias,Santo Antônio,71df064f-d17f-4cf5-ad45-93ce4e8182a5,SE
01a02d9d-3aa8-748e-8eed-c32fcd4f0b32,49506003,rua,Rua Simão Dias Francês,Rotary Club de Itabaiana,8d820d6b-d516-4628-8228-0e70dcaf08f5,SE
01a02d9c-eda2-7f95-9c14-1bba48e2639f,49042570,rua,Rua Sindicalista Diomedes Santos Silva,São Conrado,71df064f-d17f-4cf5-ad45-93ce4e8182a5,SE
01a02d9d-269f-751d-8466-a65a699da559,49088482,rua,Rua Sindicalista José Souza de Jesus,Lamarão,71df064f-d17f-4cf5-ad45-93ce4e8182a5,SE
01a02d9c-eda2-7f95-9c0a-e5478e9cd904,49042500,rua,Rua Sindulfo Barreto,São Conrado,71df064f-d17f-4cf5-ad45-93ce4e8182a5,SE
01a02d9d-1ea5-788f-9d94-d010ef6090b1,49097580,rua,Rua Sinésia Barreto Moura,Ponto Novo,71df064f-d17f-4cf5-ad45-93ce4e8182a5,SE
01a02d9d-10f9-7a21-aa57-c40261709aad,49087126,rua,Rua Sinésio dos Santos,Santos Dumont,71df064f-d17f-4cf5-ad45-93ce4e8182a5,SE
01a02d9c-da15-7399-adc6-ebaa62ebd561,49010450,rua,Rua Siriri,Centro,71df064f-d17f-4cf5-ad45-93ce4e8182a5,SE
01a02d9c-ff48-76d1-9d10-a17d0c6f68ac,49061035,rua,Rua Siriri,Santo Antônio,71df064f-d17f-4cf5-ad45-93ce4e8182a5,SE
01a02d9d-0f0f-72d2-b255-952a8d3d70d4,49082530,rua,Rua Soldado Jorge Costa,Novo Paraíso,71df064f-d17f-4cf5-ad45-93ce4e8182a5,SE
01a02d9d-24a1-7e19-9cb0-f2b170a69610,49082540,rua,Rua Soldado José Luiz,Novo Paraíso,71df064f-d17f-4cf5-ad45-93ce4e8182a5,SE
01a02d9c-ef92-7777-9c30-8f854db3c305,49043270,rua,Rua Soldado José da Silva Ferreira,São Conrado,71df064f-d17f-4cf5-ad45-93ce4e8182a5,SE
01a02d9c-ef91-7eae-912d-37528404d3d5,49043230,rua,Rua Soldado João Ribeiro de Andrade,São Conrado,71df064f-d17f-4cf5-ad45-93ce4e8182a5,SE
01a02d9d-0f0f-72d2-b256-88de95b85bad,49082550,rua,Rua Soldado Laurindo Santos,Novo Paraíso,71df064f-d17f-4cf5-ad45-93ce4e8182a5,SE
01a02d9d-0f0f-72d2-b257-41682b4eb8ae,49082560,rua,Rua Soldado Lino Pinto,Novo Paraíso,71df064f-d17f-4cf5-ad45-93ce4e8182a5,SE
01a02d9c-ef91-74a3-911f-811bda843fb6,49043120,rua,Rua Soldado Luiz Rodrigues da Silva,São Conrado,71df064f-d17f-4cf5-ad45-93ce4e8182a5,SE
01a02d9c-ef91-74a3-9127-01274ec00d7d,49043170,rua,Rua Soldado Manoel Ferreira de Melo,São Conrado,71df064f-d17f-4cf5-ad45-93ce4e8182a5,SE
01a02d9c-eda3-77a9-bf40-0a9059aaf06d,49042620,rua,Rua Soldado Manoel Silva,São Conrado,71df064f-d17f-4cf5-ad45-93ce4e8182a5,SE
01a02d9c-eda3-77a9-bf43-6e2cf2dd7f79,49042650,rua,Rua Soldado Manoel do Nascimento,São Conrado,71df064f-d17f-4cf5-ad45-93ce4e8182a5,SE
01a02d9c-eda3-77a9-bf59-6cdbc1bfc6a6,49042800,rua,Rua Soldado Oscar Vinhas,São Conrado,71df064f-d17f-4cf5-ad45-93ce4e8182a5,SE
01a02d9c-eda3-77a9-bf5a-d73957a36301,49042810,rua,Rua Soldado Osvaldo Ferreira,São Conrado,71df064f-d17f-4cf5-ad45-93ce4e8182a5,SE
01a02d9c-eda3-77a9-bf5b-832ebade8cf3,49042820,rua,Rua Soldado Pedro Aniceto de Souza,São Conrado,71df064f-d17f-4cf5-ad45-93ce4e8182a5,SE
01a02d9c-ef91-74a3-9120-7e73f3788a7e,49043130,rua,Rua Soldado Pedro Hilário dos Santos,São Conrado,71df064f-d17f-4cf5-ad45-93ce4e8182a5,SE
01a02d9c-f754-75e6-9dfc-1239b214a56e,49045840,rua,Rua Soldado Petronilo José dos Santos,Luzia,71df064f-d17f-4cf5-ad45-93ce4e8182a5,SE
01a02d9c-ef90-7c36-b43d-d87c38427a07,49043010,rua,Rua Soldado Salatiel Santana,São Conrado,71df064f-d17f-4cf5-ad45-93ce4e8182a5,SE
01a02d9c-ef90-7c36-b43e-58833bd1e3e7,49043020,rua,Rua Soldado Walfredo Carlos Amaral,São Conrado,71df064f-d17f-4cf5-ad45-93ce4e8182a5,SE
01a02d9d-0f0f-72d2-b258-c9724205fc4c,49082570,rua,Rua Soldado Wilson Bomfim,Novo Paraíso,71df064f-d17f-4cf5-ad45-93ce4e8182a5,SE
01a02d9d-3f01-799d-8566-4705017671fd,49508166,rua,Rua Stela Virginia Andrade Costa,Oviedo Teixeira,8d820d6b-d516-4628-8228-0e70dcaf08f5,SE
01a02d9c-d429-78f1-ab12-89f31e1bfc4a,49005293,rua,Rua Suissa,Zona de Expansão (Robalo),71df064f-d17f-4cf5-ad45-93ce4e8182a5,SE
01a02d9d-0145-7b2d-ae2a-d1cb8b169b1b,49065403,rua,Rua São Benedito,Industrial,71df064f-d17f-4cf5-ad45-93ce4e8182a5,SE
01a02d9c-ef94-7af9-9682-9fce8d92f561,49043490,rua,Rua São Carlos,Santa Maria,71df064f-d17f-4cf5-ad45-93ce4e8182a5,SE
01a02d9c-ff49-7816-bf68-8c582a110184,49063046,rua,Rua São Carlos,Japãozinho,71df064f-d17f-4cf5-ad45-93ce4e8182a5,SE
01a02d9d-0551-7cb5-a2e7-68ca9c83e1bf,49069183,rua,Rua São Crispim,Porto D'Antas,71df064f-d17f-4cf5-ad45-93ce4e8182a5,SE
01a02d9c-da14-7af6-8959-2ecec44db689,49010380,rua,Rua São Cristóvão,Centro,71df064f-d17f-4cf5-ad45-93ce4e8182a5,SE
01a02d9c-fd5f-7526-bce3-a0215caedc8a,49055620,rua,Rua São Cristóvão,Getúlio Vargas,71df064f-d17f-4cf5-ad45-93ce4e8182a5,SE
01a02d9d-305b-76f3-b874-840a9be231cd,49500546,rua,Rua São Cristóvão,São Cristóvão,8d820d6b-d516-4628-8228-0e70dcaf08f5,SE
01a02d9c-da16-7cc8-b917-1f2a3cae81a4,49010909,rua,Rua São Cristóvão 212,Centro,71df064f-d17f-4cf5-ad45-93ce4e8182a5,SE
01a02d9c-da16-7460-b912-098fb99122df,49010904,rua,Rua São Cristóvão 461,Centro,71df064f-d17f-4cf5-ad45-93ce4e8182a5,SE
01a02d9d-4123-7039-8e44-49e1502bfbfc,49510000,rua,Rua São Domingos,Porto,8d820d6b-d516-4628-8228-0e70dcaf08f5,SE
01a02d9d-411f-7c1f-ab3c-712eccee593e,49509197,rua,Rua São Domingos,Mamede Paes Mendonça,8d820d6b-d516-4628-8228-0e70dcaf08f5,SE
01a02d9d-3f02-7289-badc-32a6d9dedfa2,49509018,rua,Rua São Domingos,Mamede Paes Mendonça,8d820d6b-d516-4628-8228-0e70dcaf08f5,SE
01a02d9c-ebbe-7ce3-85ff-a39a95ddf055,49041023,rua,Rua São Expedito,Inácio Barbosa,71df064f-d17f-4cf5-ad45-93ce4e8182a5,SE
01a02d9d-2a93-7f4c-a1d9-d608d9b9634a,49071291,rua,Rua São Francisco,Dom Luciano,71df064f-d17f-4cf5-ad45-93ce4e8182a5,SE
01a02d9c-eda1-7f9a-bf04-2c1955187e34,49042219,rua,Rua São Francisco,São Conrado,71df064f-d17f-4cf5-ad45-93ce4e8182a5,SE
01a02d9c-ef93-7917-91b1-3221295b21cf,49043403,rua,Rua São Francisco,Santa Maria,71df064f-d17f-4cf5-ad45-93ce4e8182a5,SE
01a02d9c-ff47-7e30-987b-ec465649b5a8,49060600,rua,Rua São Francisco,Santo Antônio,71df064f-d17f-4cf5-ad45-93ce4e8182a5,SE
01a02d9c-ff4a-70c4-9c66-c082b2e15f04,49063067,rua,Rua São Francisco,Japãozinho,71df064f-d17f-4cf5-ad45-93ce4e8182a5,SE
01a02d9d-0f11-7409-b3a3-084962f3c091,49087000,rua,Rua São Francisco de Assis,Santos Dumont,71df064f-d17f-4cf5-ad45-93ce4e8182a5,SE
01a02d9d-2a92-74f4-95e9-c003f0316e74,49071022,rua,Rua São Francisco de Assis,Dom Luciano,71df064f-d17f-4cf5-ad45-93ce4e8182a5,SE
01a02d9d-2a91-71a6-8636-3196bdd9f1d0,49070456,rua,Rua São Francisco de Assis,Cidade Nova,71df064f-d17f-4cf5-ad45-93ce4e8182a5,SE
01a02d9d-269f-7db0-848b-3d468becf434,49004553,rua,Rua São Francisco de Assis,Zona de Expansão (Robalo),71df064f-d17f-4cf5-ad45-93ce4e8182a5,SE
01a02d9d-0933-7cce-97da-ebdcbfaee8f9,49072640,rua,Rua São Gonçalo,Dezoito do Forte,71df064f-d17f-4cf5-ad45-93ce4e8182a5,SE
01a02d9d-0145-7b2d-ae33-034bb7ac082a,49065480,rua,Rua São Januario,Industrial,71df064f-d17f-4cf5-ad45-93ce4e8182a5,SE
01a02d9c-ff4a-70c4-9c6e-897f2bf4a0ee,49063094,rua,Rua São Januário,Japãozinho,71df064f-d17f-4cf5-ad45-93ce4e8182a5,SE
01a02d9c-ff49-7816-bf69-801f9ccf0083,49063049,rua,Rua São Joaquim,Japãozinho,71df064f-d17f-4cf5-ad45-93ce4e8182a5,SE
01a02d9d-0551-742a-a2d7-d1acca2b6a80,49069126,rua,Rua São Jorge,Porto D'Antas,71df064f-d17f-4cf5-ad45-93ce4e8182a5,SE
01a02d9d-12ed-7156-86e8-464c2eb2f7b7,49087560,rua,Rua São Jorge,Santos Dumont,71df064f-d17f-4cf5-ad45-93ce4e8182a5,SE
01a02d9c-ef93-7917-91b8-01b1e28a4ccb,49043424,rua,Rua São Jorge,Santa Maria,71df064f-d17f-4cf5-ad45-93ce4e8182a5,SE
01a02d9d-3aa8-748e-8ee3-e79496b45888,49505350,rua,Rua São Jorge,Miguel Teles de Mendonça,8d820d6b-d516-4628-8228-0e70dcaf08f5,SE
01a02d9d-0f10-73f0-ba71-bfb8fb4e0972,49085235,rua,Rua São José,José Conrado de Araújo,71df064f-d17f-4cf5-ad45-93ce4e8182a5,SE
01a02d9d-2a91-71a6-863b-b05832439bce,49070471,rua,Rua São José,Cidade Nova,71df064f-d17f-4cf5-ad45-93ce4e8182a5,SE
01a02d9d-12ed-7156-86e9-dbfc2a9c61e9,49087570,rua,Rua São José,Santos Dumont,71df064f-d17f-4cf5-ad45-93ce4e8182a5,SE
01a02d9d-3aa7-7bdf-8771-5d801b2a0f3e,49505325,rua,Rua São José,Miguel Teles de Mendonça,8d820d6b-d516-4628-8228-0e70dcaf08f5,SE
01a02d9d-0350-7bb7-9f4d-a7ed1652ce01,49065710,rua,Rua São João,Industrial,71df064f-d17f-4cf5-ad45-93ce4e8182a5,SE
01a02d9c-ef93-708a-919c-31e0c6abf2e6,49043319,rua,Rua São João,São Conrado,71df064f-d17f-4cf5-ad45-93ce4e8182a5,SE
01a02d9d-3aa7-7bdf-876e-36ad92b8ee77,49505310,rua,Rua São João,Miguel Teles de Mendonça,8d820d6b-d516-4628-8228-0e70dcaf08f5,SE
01a02d9d-4122-7784-925d-7b3d8e99b6e7,49509805,rua,Rua São João,Porto,8d820d6b-d516-4628-8228-0e70dcaf08f5,SE
01a02d9c-f94b-7b78-8740-8fb4629a3b1e,49050710,rua,Rua São Judas Tadeu,Pereira Lobo,71df064f-d17f-4cf5-ad45-93ce4e8182a5,SE
01a02d9d-0145-7b2d-ae27-b5943507fdde,49065393,rua,Rua São Lucas,Industrial,71df064f-d17f-4cf5-ad45-93ce4e8182a5,SE
01a02d9c-ef93-7917-91b2-d4fc28894b6b,49043406,rua,Rua São Luis,Santa Maria,71df064f-d17f-4cf5-ad45-93ce4e8182a5,SE
01a02d9d-3aa8-748e-8eeb-47c4785a7c74,49506186,rua,Rua São Luiz,Rotary Club de Itabaiana,8d820d6b-d516-4628-8228-0e70dcaf08f5,SE
01a02d9d-0350-7bb7-9f4f-3bcbd8aa72f6,49065730,rua,Rua São Luís,Industrial,71df064f-d17f-4cf5-ad45-93ce4e8182a5,SE
01a02d9d-249f-7e26-9357-1cec1c44a918,49065396,rua,Rua São Marcos,Industrial,71df064f-d17f-4cf5-ad45-93ce4e8182a5,SE
01a02d9d-18d6-7818-a953-4d84b8279cc6,49090823,rua,Rua São Maurício,Jardim Centenário,71df064f-d17f-4cf5-ad45-93ce4e8182a5,SE
01a02d9d-1ac0-7746-b399-982a7e3556d6,49092250,rua,Rua São Paulo,Olaria,71df064f-d17f-4cf5-ad45-93ce4e8182a5,SE
01a02d9d-2e63-78f6-b356-93b7c5ee680e,49500118,rua,Rua São Paulo,Centro,8d820d6b-d516-4628-8228-0e70dcaf08f5,SE
01a02d9d-0551-742a-a2d4-659428e34418,49069117,rua,Rua São Pedro,Porto D'Antas,71df064f-d17f-4cf5-ad45-93ce4e8182a5,SE
01a02d9d-2a92-7d5b-95ff-fe23ce519ada,49071099,rua,Rua São Pedro,Dom Luciano,71df064f-d17f-4cf5-ad45-93ce4e8182a5,SE
01a02d9c-f94a-719e-9912-6a4d8c71431a,49048340,rua,Rua São Pedro,Luzia,71df064f-d17f-4cf5-ad45-93ce4e8182a5,SE
01a02d9d-3aa7-7bdf-876f-196855b096ed,49505315,rua,Rua São Pedro,Miguel Teles de Mendonça,8d820d6b-d516-4628-8228-0e70dcaf08f5,SE
01a02d9d-0550-7b9d-89b6-b04d258f2907,49069096,rua,Rua São Roque,Porto D'Antas,71df064f-d17f-4cf5-ad45-93ce4e8182a5,SE
01a02d9d-0d20-750f-9186-468288e125cd,49080590,rua,Rua São Salvador,América,71df064f-d17f-4cf5-ad45-93ce4e8182a5,SE
01a02d9c-ff48-7f69-9d19-630e43e60099,49061067,rua,Rua São Sebastião,Santo Antônio,71df064f-d17f-4cf5-ad45-93ce4e8182a5,SE
01a02d9d-0743-7b6e-9fa7-1e702580afe6,49070410,rua,Rua São Vicente,Cidade Nova,71df064f-d17f-4cf5-ad45-93ce4e8182a5,SE
01a02d9c-ef93-7917-91b4-079f5ad01d06,49043412,rua,Rua São Vicente,Santa Maria,71df064f-d17f-4cf5-ad45-93ce4e8182a5,SE
01a02d9c-f199-73e4-a678-e47a312cba17,49043660,rua,Rua São Vicente,Santa Maria,71df064f-d17f-4cf5-ad45-93ce4e8182a5,SE
01a02d9d-0742-7a5d-a7cc-4d20a7fcb51b,49070176,rua,Rua São Vicente II,Cidade Nova,71df064f-d17f-4cf5-ad45-93ce4e8182a5,SE
01a02d9d-3aa8-748e-8ee2-7b646f04e617,49505345,rua,Rua Sérgio Batista dos Santos,Miguel Teles de Mendonça,8d820d6b-d516-4628-8228-0e70dcaf08f5,SE
01a02d9c-cbc7-7342-9678-f8619a41ffbc,49000489,rua,Rua Sérgio Galindo Pinto,Aruana,71df064f-d17f-4cf5-ad45-93ce4e8182a5,SE
01a02d9d-3cbd-7399-bab7-272592e8efb9,49506837,rua,Rua Sérgio Souza Ferreira,Doutor José Milton Machado,8d820d6b-d516-4628-8228-0e70dcaf08f5,SE
01a02d9c-dc0a-726b-a954-02015f571af0,49020060,rua,Rua Sílvio Cezar Leite,Salgado Filho,71df064f-d17f-4cf5-ad45-93ce4e8182a5,SE
01a02d9c-f94a-719e-9913-a8091156d88a,49048350,rua,Rua Sílvio Fontes,Luzia,71df064f-d17f-4cf5-ad45-93ce4e8182a5,SE
01a02d9d-0933-7cce-97e8-03b20385ba57,49072710,rua,Rua Sílvio Romero,Dezoito do Forte,71df064f-d17f-4cf5-ad45-93ce4e8182a5,SE
01a02d9c-ff47-7e30-987d-45ff5dba701d,49060630,rua,Rua Sílvio Romero,Santo Antônio,71df064f-d17f-4cf5-ad45-93ce4e8182a5,SE
01a02d9c-fb6a-7bc1-9868-3a5f2bca4eb2,49052410,rua,Rua Sílvio Teófilo Guimarães,Pereira Lobo,71df064f-d17f-4cf5-ad45-93ce4e8182a5,SE
01a02d9c-e5ef-78fb-b25a-5980cfea75c9,49035740,rua,Rua Sônia Alves Lopes,Coroa do Meio,71df064f-d17f-4cf5-ad45-93ce4e8182a5,SE
01a02d9d-1ac0-7fdd-b3a9-351f373bf37e,49092380,rua,Rua Sônia Regina Araújo dos Santos,Olaria,71df064f-d17f-4cf5-ad45-93ce4e8182a5,SE
01a02d9d-2c74-72fd-9a54-6f89a5cf3328,49071368,rua,Rua T,Dom Luciano,71df064f-d17f-4cf5-ad45-93ce4e8182a5,SE
01a02d9c-cddc-7eb9-b1bf-788e27fd31de,49001000,rua,Rua T,Aruana,71df064f-d17f-4cf5-ad45-93ce4e8182a5,SE
01a02d9c-cddc-7eb9-b1c6-ca2adacf1122,49001021,rua,Rua T1,Aruana,71df064f-d17f-4cf5-ad45-93ce4e8182a5,SE
01a02d9d-0551-742a-a2da-265569d46d55,49069138,rua,Rua Tancredo Neves,Porto D'Antas,71df064f-d17f-4cf5-ad45-93ce4e8182a5,SE
01a02d9d-4124-7a39-8396-654ba8ec8087,49510475,rua,Rua Tanque Vermelho II,Riacho Doce,8d820d6b-d516-4628-8228-0e70dcaf08f5,SE
01a02d9d-3624-7ba9-91fa-e8547b00f964,49503647,rua,Rua Tarcisio Menezes Santos,Anízio Amancio de Oliveira,8d820d6b-d516-4628-8228-0e70dcaf08f5,SE
01a02d9d-305a-7e56-8efb-02778e424f97,49500451,rua,Rua Tarcísio Alves dos Santos,São Cristóvão,8d820d6b-d516-4628-8228-0e70dcaf08f5,SE
01a02d9d-12f0-7662-a192-283d9eea2d03,49088110,rua,Rua Tarsila do Amaral,Lamarão,71df064f-d17f-4cf5-ad45-93ce4e8182a5,SE
01a02d9c-ddf5-7b85-b401-acc69de41167,49025690,rua,Rua Tasso Sobral,Grageru,71df064f-d17f-4cf5-ad45-93ce4e8182a5,SE
01a02d9c-ddf6-745c-a33c-321c0e5c578b,49026130,rua,Rua Tatiana Castro,Grageru,71df064f-d17f-4cf5-ad45-93ce4e8182a5,SE
01a02d9c-d619-7cb4-ac28-e24338b6e0a9,49008000,rua,Rua Taubaté,Zona de Expansão (Mosqueiro),71df064f-d17f-4cf5-ad45-93ce4e8182a5,SE
01a02d9c-dc0a-7b31-a985-1221acbd6231,49020530,rua,Rua Teixeira de Freitas,Salgado Filho,71df064f-d17f-4cf5-ad45-93ce4e8182a5,SE
01a02d9d-4121-7ecb-9220-cd4ce809cf4c,49509685,rua,Rua Telma de Oliveira Santana,Porto,8d820d6b-d516-4628-8228-0e70dcaf08f5,SE
01a02d9d-1cb7-7c6f-bed0-ea6ef4c51a8d,49095560,rua,Rua Temístocles Diniz Gonçalves,Jabotiana,71df064f-d17f-4cf5-ad45-93ce4e8182a5,SE
01a02d9d-3860-7f3e-8581-5e296fd905ea,49504391,rua,Rua Tenente Ambrósio Ferreira Lima,Marianga,8d820d6b-d516-4628-8228-0e70dcaf08f5,SE
01a02d9c-e3fc-74b0-92de-8bb62f20346b,49032360,rua,Rua Tenente Antônio Fontes Pitanga,Farolândia,71df064f-d17f-4cf5-ad45-93ce4e8182a5,SE
01a02d9c-e1ff-7d24-b167-2af9cb9cc939,49032060,rua,Rua Tenente Aragão,Farolândia,71df064f-d17f-4cf5-ad45-93ce4e8182a5,SE
01a02d9d-0746-75e9-9328-0747556389c8,49072040,rua,Rua Tenente Aurélio Sampaio,Dezoito do Forte,71df064f-d17f-4cf5-ad45-93ce4e8182a5,SE
01a02d9d-0f11-7409-b3a5-6b036c852585,49087010,rua,Rua Tenente Aurélio Sampaio,Santos Dumont,71df064f-d17f-4cf5-ad45-93ce4e8182a5,SE
01a02d9d-0933-7cce-97ea-d24432956f37,49072730,rua,Rua Tenente Cleto Campelo,Dezoito do Forte,71df064f-d17f-4cf5-ad45-93ce4e8182a5,SE
01a02d9c-ff48-76d1-9cfc-89c0220a9348,49060660,rua,Rua Tenente Cleto Campelo,Santo Antônio,71df064f-d17f-4cf5-ad45-93ce4e8182a5,SE
01a02d9d-0f0f-72d2-b259-2f9156b16b79,49082580,rua,Rua Tenente Durval Chaves,Novo Paraíso,71df064f-d17f-4cf5-ad45-93ce4e8182a5,SE
01a02d9d-0933-7cce-97eb-e6fc3fbf9903,49072740,rua,Rua Tenente Dutra,Dezoito do Forte,71df064f-d17f-4cf5-ad45-93ce4e8182a5,SE
01a02d9c-f753-7d73-94ed-be3a6639ab6a,49045650,rua,Rua Tenente Eduardo Dantas,Luzia,71df064f-d17f-4cf5-ad45-93ce4e8182a5,SE
01a02d9d-3f00-7855-9ad8-4974464e117d,49507660,rua,Rua Tenente Honório Mendonça,Oviedo Teixeira,8d820d6b-d516-4628-8228-0e70dcaf08f5,SE
01a02d9c-ddf6-7cf2-a35d-e73fac2bf73d,49027160,rua,Rua Tenente José de Oliveira Filho,Grageru,71df064f-d17f-4cf5-ad45-93ce4e8182a5,SE
01a02d9d-0350-7bb7-9f57-00414d0d35d5,49065790,rua,Rua Tenente Tasso Martins Bezerra,Industrial,71df064f-d17f-4cf5-ad45-93ce4e8182a5,SE
01a02d9c-e1fd-7190-8c40-487769e06173,49030720,rua,Rua Tenente Waldir dos Santos,Farolândia,71df064f-d17f-4cf5-ad45-93ce4e8182a5,SE
01a02d9c-f94b-72d4-872e-daa3972dc61d,49050446,rua,Rua Tenente Wendel Quaranta dos Santos,Pereira Lobo,71df064f-d17f-4cf5-ad45-93ce4e8182a5,SE
01a02d9c-fb6a-72f9-9858-c72ece5d5c5e,49052260,rua,Rua Tenente Wendel Quaranta dos Santos,Suíssa,71df064f-d17f-4cf5-ad45-93ce4e8182a5,SE
01a02d9d-24a3-7e28-88bb-63a2a5eaffa9,49095188,rua,Rua Tenente Wilson Pereira dos Santos,Jabotiana,71df064f-d17f-4cf5-ad45-93ce4e8182a5,SE
01a02d9d-28a9-7bed-a612-f7456ce5a002,49030017,rua,Rua Tenente-Coronel Cícero Vieira Silva,Farolândia,71df064f-d17f-4cf5-ad45-93ce4e8182a5,SE
01a02d9d-385e-7c9a-b53c-9d1b9361147c,49504096,rua,Rua Tenisson Melo de Oliveira,Marianga,8d820d6b-d516-4628-8228-0e70dcaf08f5,SE
01a02d9c-f94b-7b78-8741-4cc289f40ae9,49050720,rua,Rua Teodomiro Andrade,Suíssa,71df064f-d17f-4cf5-ad45-93ce4e8182a5,SE
01a02d9d-3624-7ba9-9204-d3a07ad71e35,49503677,rua,Rua Teodorico Nunes Carvalho,Anízio Amancio de Oliveira,8d820d6b-d516-4628-8228-0e70dcaf08f5,SE
01a02d9d-4122-7784-9258-250497e7aa1f,49509780,rua,Rua Tercilia Passos de Oliveira,Porto,8d820d6b-d516-4628-8228-0e70dcaf08f5,SE
01a02d9d-209d-7771-baa0-2200f7bd3d56,49360970,rua,"Rua Terencio Carvalho, s/n",Centro,571daa0d-cddd-48c8-aa05-1a30ee792210,SE
01a02d9c-e5f2-7389-98c2-463f2f648f0f,49037270,rua,Rua Tereza Cristina Almeida Santana,Aeroporto,71df064f-d17f-4cf5-ad45-93ce4e8182a5,SE
01a02d9d-385f-753d-a0a4-8df662473dc2,49504174,rua,Rua Tereza Maria de Menezes,Marianga,8d820d6b-d516-4628-8228-0e70dcaf08f5,SE
01a02d9c-ebbe-7452-85dc-6d18c3d86292,49040590,rua,Rua Tereza Virgínia Andrade,Inácio Barbosa,71df064f-d17f-4cf5-ad45-93ce4e8182a5,SE
01a02d9d-18d5-76cf-9b1f-50e5e4557435,49090506,rua,Rua Terezinha Macedo,Jardim Centenário,71df064f-d17f-4cf5-ad45-93ce4e8182a5,SE
01a02d9d-3623-7b7e-a125-4b27ffb33f68,49503632,rua,Rua Terezinha Valadares Barreto,Anízio Amancio de Oliveira,8d820d6b-d516-4628-8228-0e70dcaf08f5,SE
01a02d9c-f574-7bf3-a69f-8d6eb6598459,49045133,rua,Rua Terezinha da Costa Santos,Luzia,71df064f-d17f-4cf5-ad45-93ce4e8182a5,SE
01a02d9d-0934-7568-834b-0eb5a03111cb,49075060,rua,Rua Território do amapá,Siqueira Campos,71df064f-d17f-4cf5-ad45-93ce4e8182a5,SE
01a02d9c-ddf5-7b85-b402-85f7f84b231e,49025700,rua,Rua Terêncio Sampaio,Grageru,71df064f-d17f-4cf5-ad45-93ce4e8182a5,SE
01a02d9d-28a9-732b-a609-bc56ea719c72,49025093,rua,Rua Terêncio Sampaio,Jardins,71df064f-d17f-4cf5-ad45-93ce4e8182a5,SE
01a02d9d-0350-7bb7-9f58-5313356784a3,49065800,rua,Rua Thales Ferraz,Industrial,71df064f-d17f-4cf5-ad45-93ce4e8182a5,SE
01a02d9c-e9cc-7bdb-bc64-c67297dfa213,49038130,rua,Rua Thaís Maria Araújo de Oliveira,Aeroporto,71df064f-d17f-4cf5-ad45-93ce4e8182a5,SE
01a02d9c-f94a-719e-9914-e461fef930e0,49048360,rua,Rua Theodomiro de Mello Barreto,Luzia,71df064f-d17f-4cf5-ad45-93ce4e8182a5,SE
01a02d9c-d429-78f1-ab04-7357325e33fe,49005104,rua,Rua Thomaz Silveira Ventura,Zona de Expansão (Robalo),71df064f-d17f-4cf5-ad45-93ce4e8182a5,SE
01a02d9c-e1fd-7a28-8c51-db9941e07b0e,49031030,rua,Rua Timóteo Calazans dos Santos,Farolândia,71df064f-d17f-4cf5-ad45-93ce4e8182a5,SE
01a02d9d-2e64-71a7-9467-ed02755038c4,49500247,rua,Rua Tobias Barreto,Centro,8d820d6b-d516-4628-8228-0e70dcaf08f5,SE
01a02d9d-3f02-7b6c-baf3-084bfdf59ec8,49509140,rua,Rua Tobias Barreto,Mamede Paes Mendonça,8d820d6b-d516-4628-8228-0e70dcaf08f5,SE
01a02d9d-3cbc-7ae2-a5c7-03152fd4c163,49506606,rua,Rua Toca Pai,Doutor José Milton Machado,8d820d6b-d516-4628-8228-0e70dcaf08f5,SE
01a02d9c-d429-78f1-ab10-acd81208b983,49005221,rua,Rua Toca da Onça,Zona de Expansão (Robalo),71df064f-d17f-4cf5-ad45-93ce4e8182a5,SE
01a02d9c-ef93-7917-91b9-e180e023d45e,49043427,rua,Rua Tom Jobim,Santa Maria,71df064f-d17f-4cf5-ad45-93ce4e8182a5,SE
01a02d9d-0f11-7409-b393-6f94b74f6a53,49085420,rua,Rua Tomar do Geru,José Conrado de Araújo,71df064f-d17f-4cf5-ad45-93ce4e8182a5,SE
01a02d9c-d206-71b5-b378-32e81da48666,49003358,rua,Rua Toney Makey do Nascimento Silva,17 de Março,71df064f-d17f-4cf5-ad45-93ce4e8182a5,SE
01a02d9c-fd5f-7526-bce9-aa40fa290779,49055680,rua,Rua Torquato Fontes,Cirurgia,71df064f-d17f-4cf5-ad45-93ce4e8182a5,SE
01a02d9c-f574-7bf3-a69a-6700133b2da0,49045090,rua,Rua Trabalhador Ailton Marques dos Santos,Luzia,71df064f-d17f-4cf5-ad45-93ce4e8182a5,SE
01a02d9c-f38c-7e64-b0aa-b7e1cf6f1f71,49044160,rua,Rua Tratado de Tordesilhas,Santa Maria,71df064f-d17f-4cf5-ad45-93ce4e8182a5,SE
01a02d9d-12f0-7662-a196-6bb773402371,49088140,rua,Rua Treze,Lamarão,71df064f-d17f-4cf5-ad45-93ce4e8182a5,SE
01a02d9c-e006-75cc-adef-1bbc0a844445,49030563,rua,Rua Treze,Farolândia,71df064f-d17f-4cf5-ad45-93ce4e8182a5,SE
01a02d9d-2a90-790f-8ce0-4d6941f93dbd,49067353,rua,Rua Treze,Porto D'Antas,71df064f-d17f-4cf5-ad45-93ce4e8182a5,SE
01a02d9d-1ac1-7870-9d89-1a15870b7b07,49092633,rua,Rua Treze,Olaria,71df064f-d17f-4cf5-ad45-93ce4e8182a5,SE
01a02d9c-f199-73e4-a677-79314516615d,49043643,rua,Rua Treze,Santa Maria,71df064f-d17f-4cf5-ad45-93ce4e8182a5,SE
01a02d9c-f19a-751a-87d3-5c244f65550f,49043727,rua,Rua Treze,Santa Maria,71df064f-d17f-4cf5-ad45-93ce4e8182a5,SE
01a02d9c-f38c-7e64-b0ac-b409ca8d1a62,49044163,rua,Rua Treze,Santa Maria,71df064f-d17f-4cf5-ad45-93ce4e8182a5,SE
01a02d9c-cddf-795a-89b1-4f37898c2027,49001153,rua,Rua Treze,Aruana,71df064f-d17f-4cf5-ad45-93ce4e8182a5,SE
01a02d9c-d429-7038-aaea-4c5cad950b99,49004757,rua,Rua Treze,Zona de Expansão (Robalo),71df064f-d17f-4cf5-ad45-93ce4e8182a5,SE
01a02d9c-d42a-719c-a96e-c69fc3fbecd2,49007116,rua,Rua Treze,Zona de Expansão (Areia Branca),71df064f-d17f-4cf5-ad45-93ce4e8182a5,SE
01a02d9c-f574-7bf3-a6a4-5e1a76d8b8e8,49045210,rua,Rua Treze de Maio,Luzia,71df064f-d17f-4cf5-ad45-93ce4e8182a5,SE
01a02d9d-2e64-71a7-945d-c4942079cf9a,49500217,rua,Rua Treze de Maio,Centro,8d820d6b-d516-4628-8228-0e70dcaf08f5,SE
01a02d9d-24a0-7e28-9b52-7841b357d7f7,49069149,rua,Rua Trinta,Porto D'Antas,71df064f-d17f-4cf5-ad45-93ce4e8182a5,SE
01a02d9d-1cb8-7dd1-96e8-c8bf36b58bbc,49096080,rua,Rua Trinta,Jabotiana,71df064f-d17f-4cf5-ad45-93ce4e8182a5,SE
01a02d9c-f19a-7db5-87e4-fe3e285438a6,49043778,rua,Rua Trinta,Santa Maria,71df064f-d17f-4cf5-ad45-93ce4e8182a5,SE
01a02d9c-f38e-79e9-862b-cf45fe85ff2b,49044233,rua,Rua Trinta,Santa Maria,71df064f-d17f-4cf5-ad45-93ce4e8182a5,SE
01a02d9c-f38e-7134-861e-5a3bd79676bb,49044206,rua,Rua Trinta e Cinco,Santa Maria,71df064f-d17f-4cf5-ad45-93ce4e8182a5,SE
01a02d9d-0551-742a-a2e1-51a5a1aa1d1b,49069165,rua,Rua Trinta e Dois,Porto D'Antas,71df064f-d17f-4cf5-ad45-93ce4e8182a5,SE
01a02d9c-f19a-7db5-87e6-50ad6d557206,49043784,rua,Rua Trinta e Dois,Santa Maria,71df064f-d17f-4cf5-ad45-93ce4e8182a5,SE
01a02d9c-f38e-7134-861c-4862dc0e7fb2,49044203,rua,Rua Trinta e Dois,Santa Maria,71df064f-d17f-4cf5-ad45-93ce4e8182a5,SE
01a02d9c-f94a-7a38-9924-7d7c04d89953,49048526,rua,Rua Trinta e Dois,Luzia,71df064f-d17f-4cf5-ad45-93ce4e8182a5,SE
01a02d9c-f573-7bcb-b759-44f334cd05df,49044436,rua,Rua Trinta e Nove,Santa Maria,71df064f-d17f-4cf5-ad45-93ce4e8182a5,SE
01a02d9c-f573-7bcb-b75f-13ebf4625267,49044451,rua,Rua Trinta e Oito,Santa Maria,71df064f-d17f-4cf5-ad45-93ce4e8182a5,SE
01a02d9c-f38c-7493-b0a4-c3b2f9afd4e4,49044146,rua,Rua Trinta e Seis,Santa Maria,71df064f-d17f-4cf5-ad45-93ce4e8182a5,SE
01a02d9d-1ea3-7ec2-8517-3411b2683048,49096100,rua,Rua Trinta e Sete,Jabotiana,71df064f-d17f-4cf5-ad45-93ce4e8182a5,SE
01a02d9c-f572-7141-aa07-681a405c21de,49044346,rua,Rua Trinta e Sete,Santa Maria,71df064f-d17f-4cf5-ad45-93ce4e8182a5,SE
01a02d9d-1ea3-7ec2-8518-3024fff144ff,49096110,rua,Rua Trinta e Um,Jabotiana,71df064f-d17f-4cf5-ad45-93ce4e8182a5,SE
01a02d9c-f19a-7db5-87e5-f753653c42fc,49043781,rua,Rua Trinta e Um,Santa Maria,71df064f-d17f-4cf5-ad45-93ce4e8182a5,SE
01a02d9c-f38e-7134-861f-3677773293d6,49044209,rua,Rua Trinta e Um,Santa Maria,71df064f-d17f-4cf5-ad45-93ce4e8182a5,SE
01a02d9c-f573-7bcb-b760-9d1f41e5f910,49044454,rua,Rua Trinta e Um,Santa Maria,71df064f-d17f-4cf5-ad45-93ce4e8182a5,SE
01a02d9d-14f6-7a7e-bb3f-cce5885ba381,49089326,rua,Rua Três,Soledade,71df064f-d17f-4cf5-ad45-93ce4e8182a5,SE
01a02d9c-e002-780d-9add-22b2ac6edce0,49027420,rua,Rua Três,Grageru,71df064f-d17f-4cf5-ad45-93ce4e8182a5,SE
01a02d9c-e006-75cc-adfc-e217656bb72d,49030683,rua,Rua Três,Farolândia,71df064f-d17f-4cf5-ad45-93ce4e8182a5,SE
01a02d9c-e3ff-7873-8191-9320e019ffea,49035509,rua,Rua Três,Coroa do Meio,71df064f-d17f-4cf5-ad45-93ce4e8182a5,SE
01a02d9c-e7d4-7de6-810d-161bc3338963,49037399,rua,Rua Três,Aeroporto,71df064f-d17f-4cf5-ad45-93ce4e8182a5,SE
01a02d9d-0351-7453-b03f-5062f4365878,49066190,rua,Rua Três,Industrial,71df064f-d17f-4cf5-ad45-93ce4e8182a5,SE
01a02d9d-0351-7453-b058-e2540eab53b8,49066326,rua,Rua Três,Industrial,71df064f-d17f-4cf5-ad45-93ce4e8182a5,SE
01a02d9d-28ad-711d-b25d-9ccec41fd002,49067309,rua,Rua Três,Porto D'Antas,71df064f-d17f-4cf5-ad45-93ce4e8182a5,SE
01a02d9d-269f-751d-8463-c3e608d0dc56,49088473,rua,Rua Três,Lamarão,71df064f-d17f-4cf5-ad45-93ce4e8182a5,SE
01a02d9d-1ac2-70e0-a659-f54e094dc964,49092696,rua,Rua Três,Olaria,71df064f-d17f-4cf5-ad45-93ce4e8182a5,SE
01a02d9d-1ac1-7870-9d80-5184a01e506a,49092603,rua,Rua Três,Olaria,71df064f-d17f-4cf5-ad45-93ce4e8182a5,SE
01a02d9c-e7d7-700e-a263-8de20c17b21b,49037876,rua,Rua Três,Aeroporto,71df064f-d17f-4cf5-ad45-93ce4e8182a5,SE
01a02d9c-f199-7c7c-a681-37503b816930,49043703,rua,Rua Três,Santa Maria,71df064f-d17f-4cf5-ad45-93ce4e8182a5,SE
01a02d9d-0145-721d-ae1d-06f6feb9d239,49065289,rua,Rua Três,Industrial,71df064f-d17f-4cf5-ad45-93ce4e8182a5,SE
01a02d9c-cbc7-7342-9669-a6ab08f770a9,49000399,rua,Rua Três,Aruana,71df064f-d17f-4cf5-ad45-93ce4e8182a5,SE
01a02d9c-cbc7-7bd3-9695-d4ea976237e9,49000638,rua,Rua Três,Aruana,71df064f-d17f-4cf5-ad45-93ce4e8182a5,SE
01a02d9c-cddf-70da-89ad-ccd28dfc6e58,49001141,rua,Rua Três,Aruana,71df064f-d17f-4cf5-ad45-93ce4e8182a5,SE
01a02d9c-d429-7038-aaf4-d2c340852947,49005026,rua,Rua Três,Zona de Expansão (Robalo),71df064f-d17f-4cf5-ad45-93ce4e8182a5,SE
01a02d9c-d619-73e3-ac21-62de575ba1d0,49007367,rua,Rua Três,Zona de Expansão (Areia Branca),71df064f-d17f-4cf5-ad45-93ce4e8182a5,SE
01a02d9d-3f01-799d-856d-73fe8381f9d6,49508270,rua,Rua Três,Oviedo Teixeira,8d820d6b-d516-4628-8228-0e70dcaf08f5,SE
01a02d9c-d429-78f1-ab0e-75f2359942a1,49005215,rua,Rua Tuta,Zona de Expansão (Robalo),71df064f-d17f-4cf5-ad45-93ce4e8182a5,SE
01a02d9d-1abf-7e9d-b0ba-6cac30c4ef32,49092140,rua,Rua Tânia da Mota Paixão,Olaria,71df064f-d17f-4cf5-ad45-93ce4e8182a5,SE
01a02d9c-dc0a-7b31-a976-692a91b958ea,49020370,rua,Rua Tênisson Ribeiro,Salgado Filho,71df064f-d17f-4cf5-ad45-93ce4e8182a5,SE
01a02d9c-dc0b-7b5e-82cd-b5d37b8bb765,49025140,rua,Rua Tênisson Ribeiro,Grageru,71df064f-d17f-4cf5-ad45-93ce4e8182a5,SE
01a02d9d-0d20-750f-9195-8a9a50e264d1,49080667,rua,Rua U,América,71df064f-d17f-4cf5-ad45-93ce4e8182a5,SE
01a02d9c-cddc-7eb9-b1c5-449bceb43243,49001018,rua,Rua U,Aruana,71df064f-d17f-4cf5-ad45-93ce4e8182a5,SE
01a02d9d-305c-7827-b060-21e95472eccf,49500693,rua,Rua U,São Cristóvão,8d820d6b-d516-4628-8228-0e70dcaf08f5,SE
01a02d9d-1cb7-7c6f-bed1-11c980b6d8d1,49095570,rua,Rua Ubaldo Vitorino,Jabotiana,71df064f-d17f-4cf5-ad45-93ce4e8182a5,SE
01a02d9c-e1fe-72c4-b65f-ef583a2b11a2,49031063,rua,Rua Ulisses Alves de Moura,Farolândia,71df064f-d17f-4cf5-ad45-93ce4e8182a5,SE
01a02d9c-fb69-7119-8bfb-03d115b19aff,49050730,rua,Rua Ulisses Maynard,Suíssa,71df064f-d17f-4cf5-ad45-93ce4e8182a5,SE
01a02d9d-0b2b-7174-a504-3164326e74eb,49075570,rua,Rua Ulisses Siqueira,Siqueira Campos,71df064f-d17f-4cf5-ad45-93ce4e8182a5,SE
01a02d9d-14f6-7a7e-bb3d-33629e398037,49089320,rua,Rua Um,Soledade,71df064f-d17f-4cf5-ad45-93ce4e8182a5,SE
01a02d9d-12ef-7d86-bc6c-9b8e81c27605,49088030,rua,Rua Um,Lamarão,71df064f-d17f-4cf5-ad45-93ce4e8182a5,SE
01a02d9c-e3ff-7873-818f-14fcb4bd59bb,49035503,rua,Rua Um,Coroa do Meio,71df064f-d17f-4cf5-ad45-93ce4e8182a5,SE
01a02d9c-e7d4-7de6-810b-09f94d52b6f6,49037393,rua,Rua Um,Aeroporto,71df064f-d17f-4cf5-ad45-93ce4e8182a5,SE
01a02d9d-0350-7bb7-9f62-eb781cc7fb04,49066170,rua,Rua Um,Industrial,71df064f-d17f-4cf5-ad45-93ce4e8182a5,SE
01a02d9d-0351-7cf4-b05a-ed3856c31012,49066330,rua,Rua Um,Industrial,71df064f-d17f-4cf5-ad45-93ce4e8182a5,SE
01a02d9d-28ac-7818-a58d-c2fcf4a996d4,49067303,rua,Rua Um,Porto D'Antas,71df064f-d17f-4cf5-ad45-93ce4e8182a5,SE
01a02d9d-28aa-74b7-8781-2a0ec90129e3,49035618,rua,Rua Um,Coroa do Meio,71df064f-d17f-4cf5-ad45-93ce4e8182a5,SE
01a02d9d-1ac2-70e0-a657-15c1642414ed,49092690,rua,Rua Um,Olaria,71df064f-d17f-4cf5-ad45-93ce4e8182a5,SE
01a02d9d-16ee-7ea5-8e4d-4e83613523f5,49090106,rua,Rua Um,Jardim Centenário,71df064f-d17f-4cf5-ad45-93ce4e8182a5,SE
01a02d9c-f38f-7ad9-b402-e9c5ac66a748,49044259,rua,Rua Um,Santa Maria,71df064f-d17f-4cf5-ad45-93ce4e8182a5,SE
01a02d9d-0145-721d-ae1b-aa4eb130ead2,49065283,rua,Rua Um,Industrial,71df064f-d17f-4cf5-ad45-93ce4e8182a5,SE
01a02d9c-cbc7-7bd3-9693-82c7fe0198f6,49000632,rua,Rua Um,Aruana,71df064f-d17f-4cf5-ad45-93ce4e8182a5,SE
01a02d9c-cddf-795a-89b8-0f932088ba79,49001174,rua,Rua Um,Aruana,71df064f-d17f-4cf5-ad45-93ce4e8182a5,SE
01a02d9c-d429-7038-aaf3-a8bced6eb487,49005023,rua,Rua Um,Zona de Expansão (Robalo),71df064f-d17f-4cf5-ad45-93ce4e8182a5,SE
01a02d9d-305d-70c5-8c76-ae34817ab6e9,49501133,rua,Rua Um,São Cristóvão,8d820d6b-d516-4628-8228-0e70dcaf08f5,SE
01a02d9d-3f01-799d-8573-53c9873674ea,49508295,rua,Rua Um,Oviedo Teixeira,8d820d6b-d516-4628-8228-0e70dcaf08f5,SE
01a02d9c-ebbe-7452-85de-8ebd69143747,49040610,rua,Rua Universo,Inácio Barbosa,71df064f-d17f-4cf5-ad45-93ce4e8182a5,SE
01a02d9c-f198-72b8-a205-c3ca7e441d9a,49043534,rua,Rua União,Santa Maria,71df064f-d17f-4cf5-ad45-93ce4e8182a5,SE
01a02d9d-2a93-769a-a1c6-f08ddd99e09d,49071172,rua,Rua Urandi Santos Figueiredo,Dom Luciano,71df064f-d17f-4cf5-ad45-93ce4e8182a5,SE
01a02d9d-2a91-7c3f-863e-9538559eb913,49070536,rua,Rua Urandi Santos Figueiredo,Cidade Nova,71df064f-d17f-4cf5-ad45-93ce4e8182a5,SE
01a02d9c-ebbe-7452-85df-1abe3a1eb4bd,49040620,rua,Rua Urano,Inácio Barbosa,71df064f-d17f-4cf5-ad45-93ce4e8182a5,SE
01a02d9c-e3fe-7765-af7b-56ab1286b115,49035190,rua,Rua Urbano Neto,Coroa do Meio,71df064f-d17f-4cf5-ad45-93ce4e8182a5,SE
01a02d9c-dc0a-7b31-a982-fd3806cc11b4,49020490,rua,Rua Urquiza Leal,Salgado Filho,71df064f-d17f-4cf5-ad45-93ce4e8182a5,SE
01a02d9c-dc0b-7b5e-82c2-a83879be7b09,49025000,rua,Rua Urquiza Leal,Grageru,71df064f-d17f-4cf5-ad45-93ce4e8182a5,SE
01a02d9d-0d1f-7c95-9120-3e9cae1227bc,49080520,rua,Rua Uruguai,América,71df064f-d17f-4cf5-ad45-93ce4e8182a5,SE
01a02d9d-3623-717c-a109-934651a6161e,49503550,rua,Rua Uruguai,Anízio Amancio de Oliveira,8d820d6b-d516-4628-8228-0e70dcaf08f5,SE
01a02d9d-2a93-7f4c-a1e0-0809ca609ac5,49071338,rua,Rua V,Dom Luciano,71df064f-d17f-4cf5-ad45-93ce4e8182a5,SE
01a02d9c-cddd-772b-a689-7f84efc32260,49001024,rua,Rua V,Aruana,71df064f-d17f-4cf5-ad45-93ce4e8182a5,SE
01a02d9c-f197-7a23-b429-3ca8e995ce05,49043496,rua,Rua V1,Santa Maria,71df064f-d17f-4cf5-ad45-93ce4e8182a5,SE
01a02d9d-3cbc-7ae2-a5bf-a2bf1e074b2d,49506516,rua,Rua Vaca Estrela Meu Boi Fubá,Doutor José Milton Machado,8d820d6b-d516-4628-8228-0e70dcaf08f5,SE
01a02d9d-16ef-7744-b45f-b040b12350f0,49090280,rua,Rua Valdeci Santos,Jardim Centenário,71df064f-d17f-4cf5-ad45-93ce4e8182a5,SE
01a02d9d-3cbd-7399-bab8-3f94d8e4a5ae,49506840,rua,Rua Valdelina Teixeira de Oliveira,Doutor José Milton Machado,8d820d6b-d516-4628-8228-0e70dcaf08f5,SE
01a02d9c-dc0b-7b5e-82d8-544573e76282,49025300,rua,Rua Valdemar Dantas,Grageru,71df064f-d17f-4cf5-ad45-93ce4e8182a5,SE
01a02d9d-18d4-7e38-ad8e-4f9b7fc9d78f,49090470,rua,Rua Valdemar Francisco das Chagas,Bugio,71df064f-d17f-4cf5-ad45-93ce4e8182a5,SE
01a02d9d-22a7-7785-8875-d16b47a41cf2,49042370,rua,Rua Valdice Braz de Jesus,São Conrado,71df064f-d17f-4cf5-ad45-93ce4e8182a5,SE
01a02d9c-e1fd-7190-8c41-cd2f2858c642,49030730,rua,Rua Valdomiro Ferreira Lima,Farolândia,71df064f-d17f-4cf5-ad45-93ce4e8182a5,SE
01a02d9d-0745-7d7a-b49e-f1b5c4e3978c,49071224,rua,Rua Valdomiro José de Souza,Dom Luciano,71df064f-d17f-4cf5-ad45-93ce4e8182a5,SE
01a02d9c-e7d5-7f0d-90ad-1fe6edb3725a,49037692,rua,Rua Valdomiro Santos Fiel,Aeroporto,71df064f-d17f-4cf5-ad45-93ce4e8182a5,SE
01a02d9d-0f11-7409-b394-2a10361e94dd,49085430,rua,Rua Valdomiro Teixeira da Silva,José Conrado de Araújo,71df064f-d17f-4cf5-ad45-93ce4e8182a5,SE
01a02d9c-e1fd-7190-8c42-dd6658d6e568,49030750,rua,Rua Valdomiro Teófilo,Farolândia,71df064f-d17f-4cf5-ad45-93ce4e8182a5,SE
01a02d9c-f19b-762b-a1cb-f277cf427c7a,49043824,rua,Rua Vale do Amanhecer,Santa Maria,71df064f-d17f-4cf5-ad45-93ce4e8182a5,SE
01a02d9d-4321-7221-ad1a-b0edd42ad96b,49511640,rua,Rua Valentim Luiz Apolinario,Queimadas,8d820d6b-d516-4628-8228-0e70dcaf08f5,SE
01a02d9c-cddd-7fa1-a69a-e891a7795b8c,49001078,rua,Rua Valmir Soares Bezerra,Aruana,71df064f-d17f-4cf5-ad45-93ce4e8182a5,SE
01a02d9c-ddf6-7cf2-a357-dfb3b48fafc3,49027100,rua,Rua Valquiria Luiza Campos Nascimento,Grageru,71df064f-d17f-4cf5-ad45-93ce4e8182a5,SE
01a02d9d-28a9-7bed-a61a-e28af8d154fc,49035125,rua,Rua Valquírio de Carvalho,Coroa do Meio,71df064f-d17f-4cf5-ad45-93ce4e8182a5,SE
01a02d9d-28a9-7bed-a619-d51bdd8ed550,49035025,rua,Rua Valquírio de Carvalho,Atalaia,71df064f-d17f-4cf5-ad45-93ce4e8182a5,SE
01a02d9d-1ac1-7870-9d84-d3f5d901afdc,49092615,rua,Rua Valterlan Messias Santos,Olaria,71df064f-d17f-4cf5-ad45-93ce4e8182a5,SE
01a02d9c-e5f1-726d-83ff-5e88e8195818,49037109,rua,Rua Vanira Bispo da Luz,Aeroporto,71df064f-d17f-4cf5-ad45-93ce4e8182a5,SE
01a02d9d-0d1f-7c95-9122-0482e4675cf1,49080530,rua,Rua Venezuela,América,71df064f-d17f-4cf5-ad45-93ce4e8182a5,SE
01a02d9d-28a9-7bed-a610-d2fe576b2116,49026212,rua,Rua Venuzia de Carvalho Rodrigues,Jardins,71df064f-d17f-4cf5-ad45-93ce4e8182a5,SE
01a02d9d-22a6-7785-a71a-4b05dcd1da3c,49027325,rua,Rua Vera Cristina Barbosa Bezerra,Jardins,71df064f-d17f-4cf5-ad45-93ce4e8182a5,SE
01a02d9d-3aa9-7e4f-a07b-a97f3eb675ce,49506189,rua,Rua Vera Cândida da Costa de Santana,Rotary Club de Itabaiana,8d820d6b-d516-4628-8228-0e70dcaf08f5,SE
01a02d9d-12f1-77f2-b971-67251b04ff4a,49088290,rua,Rua Verde Amarelo,Lamarão,71df064f-d17f-4cf5-ad45-93ce4e8182a5,SE
01a02d9d-12f0-7f4b-a1aa-b2adb2e1052f,49088276,rua,Rua Verde Azul,Lamarão,71df064f-d17f-4cf5-ad45-93ce4e8182a5,SE
01a02d9d-12f0-7f4b-a1a8-0b8bdbc9ca10,49088270,rua,Rua Verde Branco,Lamarão,71df064f-d17f-4cf5-ad45-93ce4e8182a5,SE
01a02d9d-12f1-77f2-b970-1a7dadcc4212,49088285,rua,Rua Verde Cana,Lamarão,71df064f-d17f-4cf5-ad45-93ce4e8182a5,SE
01a02d9d-12f0-7f4b-a1a4-12cd7b69d058,49088258,rua,Rua Verde Cinza,Lamarão,71df064f-d17f-4cf5-ad45-93ce4e8182a5,SE
01a02d9d-12f1-77f2-b972-d02a7cd8fcc3,49088295,rua,Rua Verde Ouro,Lamarão,71df064f-d17f-4cf5-ad45-93ce4e8182a5,SE
01a02d9d-12f0-7f4b-a1a9-d7fc05770143,49088273,rua,Rua Verde Prata,Lamarão,71df064f-d17f-4cf5-ad45-93ce4e8182a5,SE
01a02d9d-12f0-7f4b-a1ab-5a88a0ebfb06,49088280,rua,Rua Verde Rosa,Lamarão,71df064f-d17f-4cf5-ad45-93ce4e8182a5,SE
01a02d9d-12f0-7f4b-a1a5-b379388f856d,49088260,rua,Rua Verde Violeta,Lamarão,71df064f-d17f-4cf5-ad45-93ce4e8182a5,SE
01a02d9d-22a5-775a-9fe5-3887738df733,49000390,rua,Rua Vereador Agnaldo da Rocha Menezes,Aruana,71df064f-d17f-4cf5-ad45-93ce4e8182a5,SE
01a02d9c-eda1-7f9a-bf18-e581a45f417d,49042380,rua,Rua Vereador Antônio Sinval Machado,São Conrado,71df064f-d17f-4cf5-ad45-93ce4e8182a5,SE
01a02d9c-fb69-7119-8bfd-44fad301d5aa,49050750,rua,Rua Vereador Deocleciano Ramos,Suíssa,71df064f-d17f-4cf5-ad45-93ce4e8182a5,SE
01a02d9d-3cbd-7399-baad-660aff6906d2,49506719,rua,Rua Vereador Domingos Barreto,Doutor José Milton Machado,8d820d6b-d516-4628-8228-0e70dcaf08f5,SE
01a02d9c-ff48-76d1-9d0c-44a28cbf78f5,49060820,rua,Rua Vereador Emilton Santos,Palestina,71df064f-d17f-4cf5-ad45-93ce4e8182a5,SE
01a02d9c-f94a-719e-9915-3750367498c1,49048370,rua,Rua Vereador Etelvino Barreto,Luzia,71df064f-d17f-4cf5-ad45-93ce4e8182a5,SE
01a02d9c-e1fd-7190-8c43-f0dad1b6627d,49030760,rua,Rua Vereador Flávio Diniz,Farolândia,71df064f-d17f-4cf5-ad45-93ce4e8182a5,SE
01a02d9c-e5ef-78fb-b25b-bb0b953694c1,49035750,rua,Rua Vereador Joaquim Maurício Cardoso Filho,Coroa do Meio,71df064f-d17f-4cf5-ad45-93ce4e8182a5,SE
01a02d9d-18d6-7818-a958-1fca0df619cf,49091020,rua,Rua Vereador José Ferreira de Melo,Bugio,71df064f-d17f-4cf5-ad45-93ce4e8182a5,SE
01a02d9d-4121-7623-9218-e73f5cc6d2b3,49509641,rua,Rua Vereador José Severiano de Jesus,Porto,8d820d6b-d516-4628-8228-0e70dcaf08f5,SE
01a02d9d-3439-7f6f-8ac0-1be57c3e32e4,49503126,rua,Rua Vereador José Xavier Correia,Serrano,8d820d6b-d516-4628-8228-0e70dcaf08f5,SE
01a02d9d-22a8-7781-a747-1f380b2a67fc,49045413,rua,Rua Vereador João Alves da Silva,Luzia,71df064f-d17f-4cf5-ad45-93ce4e8182a5,SE
01a02d9d-22a5-775a-9ff6-134f31a236af,49020030,rua,Rua Vereador João Calazans,Treze de Julho,71df064f-d17f-4cf5-ad45-93ce4e8182a5,SE
01a02d9d-0933-7cce-97ec-db58964ed888,49072750,rua,Rua Vereador João Claro,Dezoito do Forte,71df064f-d17f-4cf5-ad45-93ce4e8182a5,SE
01a02d9d-0b2b-7174-a505-e69475642fec,49075580,rua,Rua Vereador João Claro,Siqueira Campos,71df064f-d17f-4cf5-ad45-93ce4e8182a5,SE
01a02d9d-3861-7807-bf8b-5cc4ec458715,49505080,rua,Rua Vereador João Cândido da Silva,Miguel Teles de Mendonça,8d820d6b-d516-4628-8228-0e70dcaf08f5,SE
01a02d9d-0351-7cf4-b060-13c9bccea7ce,49066450,rua,Rua Vereador João Menezes Oliveira,Industrial,71df064f-d17f-4cf5-ad45-93ce4e8182a5,SE
01a02d9c-eda1-7f9a-bf1a-552542636a7f,49042390,rua,Rua Vereador João Silvestre dos Santos,São Conrado,71df064f-d17f-4cf5-ad45-93ce4e8182a5,SE
01a02d9d-4123-78e5-8e53-40c90e08e980,49510165,rua,Rua Vereador Manoel Clemente da Rocha,Porto,8d820d6b-d516-4628-8228-0e70dcaf08f5,SE
01a02d9d-0b2b-7174-a506-57fa1f0105d1,49075590,rua,Rua Vereador Manoel Hardman,Siqueira Campos,71df064f-d17f-4cf5-ad45-93ce4e8182a5,SE
01a02d9c-fb69-7119-8bfe-d6d5f49fb5d7,49050760,rua,Rua Vereador Oscar Leal,Pereira Lobo,71df064f-d17f-4cf5-ad45-93ce4e8182a5,SE
01a02d9d-18d4-7e38-ad8c-d7664ef842ae,49090450,rua,Rua Vereador Pedro Alcântara Carvalho,Bugio,71df064f-d17f-4cf5-ad45-93ce4e8182a5,SE
01a02d9d-305d-70c5-8c7c-9e7e35ae4402,49501151,rua,Rua Vereador Pedro Teles Mendonça,São Cristóvão,8d820d6b-d516-4628-8228-0e70dcaf08f5,SE
01a02d9d-28a9-7bed-a60e-71da1f6f25c3,49026193,rua,Rua Vereador Raul Félix da Silva,Jardins,71df064f-d17f-4cf5-ad45-93ce4e8182a5,SE
01a02d9c-eda3-77a9-bf3f-55ec4fc3db5c,49042610,rua,Rua Vereador Renildo José,São Conrado,71df064f-d17f-4cf5-ad45-93ce4e8182a5,SE
01a02d9c-ddf7-7587-abe8-0b37e71ec647,49027250,rua,Rua Vereador Rosalvo Silva,Grageru,71df064f-d17f-4cf5-ad45-93ce4e8182a5,SE
01a02d9d-305b-7f8f-b889-87732d438f13,49500609,rua,Rua Vereador Vilobaldo José de Oliveira,São Cristóvão,8d820d6b-d516-4628-8228-0e70dcaf08f5,SE
01a02d9d-1ac0-7fdd-b3bd-8f04c7102142,49092585,rua,Rua Veronícia da Silva Lessa,Olaria,71df064f-d17f-4cf5-ad45-93ce4e8182a5,SE
01a02d9d-3aab-7022-8df7-2492e5077de3,49506261,rua,Rua Vesta Maria de Góis,Rotary Club de Itabaiana,8d820d6b-d516-4628-8228-0e70dcaf08f5,SE
01a02d9d-323b-7552-8d8c-55e44b870620,49501836,rua,Rua Vice-Prefeito Josias da Silva Nunes,Marcela,8d820d6b-d516-4628-8228-0e70dcaf08f5,SE
01a02d9c-fb6a-7bc1-9863-8bb259eb9e9d,49052370,rua,Rua Vicente Celestino,Pereira Lobo,71df064f-d17f-4cf5-ad45-93ce4e8182a5,SE
01a02d9d-305b-76f3-b87c-cc8811a224bc,49500570,rua,Rua Vicente Ferreira de Souza,São Cristóvão,8d820d6b-d516-4628-8228-0e70dcaf08f5,SE
01a02d9c-e5ef-78fb-b25c-c6051be15d58,49035760,rua,Rua Vicente Mesquita,Atalaia,71df064f-d17f-4cf5-ad45-93ce4e8182a5,SE
01a02d9c-e7d5-7f0d-90ab-cb048e489592,49037690,rua,Rua Vicente Ourives,Aeroporto,71df064f-d17f-4cf5-ad45-93ce4e8182a5,SE
01a02d9c-e200-7e62-9b77-d28162c62902,49032160,rua,Rua Vicente Rodrigues,Farolândia,71df064f-d17f-4cf5-ad45-93ce4e8182a5,SE
01a02d9c-ebbe-7452-85e2-5ffefc71ca77,49040640,rua,Rua Vidal Negreiros,Inácio Barbosa,71df064f-d17f-4cf5-ad45-93ce4e8182a5,SE
01a02d9c-da16-7cc8-b91d-46d6d1d6838f,49015000,rua,Rua Vila Cristina,São José,71df064f-d17f-4cf5-ad45-93ce4e8182a5,SE
01a02d9c-dc0a-7b31-a95c-595b0614e25e,49020150,rua,Rua Vila Cristina,Treze de Julho,71df064f-d17f-4cf5-ad45-93ce4e8182a5,SE
01a02d9d-0351-7cf4-b063-2eec786f5933,49066490,rua,Rua Vila Estela,Industrial,71df064f-d17f-4cf5-ad45-93ce4e8182a5,SE
01a02d9d-0f0f-7b41-b25b-494952e37a7a,49082610,rua,Rua Vila Paraíba,Novo Paraíso,71df064f-d17f-4cf5-ad45-93ce4e8182a5,SE
01a02d9d-0550-7b9d-89b5-53e8f9e80a39,49069093,rua,Rua Vilela,Porto D'Antas,71df064f-d17f-4cf5-ad45-93ce4e8182a5,SE
01a02d9d-12ee-72a8-93f3-716b2a9beb47,49087663,rua,Rua Vinte,Santos Dumont,71df064f-d17f-4cf5-ad45-93ce4e8182a5,SE
01a02d9c-f19a-751a-87da-e9e621765c73,49043748,rua,Rua Vinte,Santa Maria,71df064f-d17f-4cf5-ad45-93ce4e8182a5,SE
01a02d9c-f38d-77c1-bf6a-33ac40c41a27,49044183,rua,Rua Vinte,Santa Maria,71df064f-d17f-4cf5-ad45-93ce4e8182a5,SE
01a02d9d-0551-742a-a2e0-ca162ea9f9db,49069162,rua,Rua Vinte e Cinco,Porto D'Antas,71df064f-d17f-4cf5-ad45-93ce4e8182a5,SE
01a02d9d-12ee-7b48-93f9-25f0e075cad9,49087681,rua,Rua Vinte e Cinco,Santos Dumont,71df064f-d17f-4cf5-ad45-93ce4e8182a5,SE
01a02d9d-1ea3-7ec2-851d-3ef3094966ac,49096150,rua,Rua Vinte e Cinco,Jabotiana,71df064f-d17f-4cf5-ad45-93ce4e8182a5,SE
01a02d9c-f19a-7db5-87df-496eaa6051b5,49043763,rua,Rua Vinte e Cinco,Santa Maria,71df064f-d17f-4cf5-ad45-93ce4e8182a5,SE
01a02d9c-f38e-7134-8618-29cdec3bbdb3,49044193,rua,Rua Vinte e Cinco,Santa Maria,71df064f-d17f-4cf5-ad45-93ce4e8182a5,SE
01a02d9c-d42a-7a3b-a971-8be9a2858cb1,49007134,rua,Rua Vinte e Cinco,Zona de Expansão (Areia Branca),71df064f-d17f-4cf5-ad45-93ce4e8182a5,SE
01a02d9d-12ee-72a8-93f5-5cd5f9c0555d,49087669,rua,Rua Vinte e Dois,Santos Dumont,71df064f-d17f-4cf5-ad45-93ce4e8182a5,SE
01a02d9c-f19a-751a-87dc-80fc38eecd97,49043754,rua,Rua Vinte e Dois,Santa Maria,71df064f-d17f-4cf5-ad45-93ce4e8182a5,SE
01a02d9c-f38d-77c1-bf6d-f46c3fa14d38,49044189,rua,Rua Vinte e Dois,Santa Maria,71df064f-d17f-4cf5-ad45-93ce4e8182a5,SE
01a02d9c-f19a-7db5-87e3-319f4cf99264,49043775,rua,Rua Vinte e Nove,Santa Maria,71df064f-d17f-4cf5-ad45-93ce4e8182a5,SE
01a02d9c-f38f-725d-b3f8-12fca16c38c1,49044236,rua,Rua Vinte e Nove,Santa Maria,71df064f-d17f-4cf5-ad45-93ce4e8182a5,SE
01a02d9d-269e-73ce-a485-5b0a56083300,49007125,rua,Rua Vinte e Nove A,Zona de Expansão (Areia Branca),71df064f-d17f-4cf5-ad45-93ce4e8182a5,SE
01a02d9d-269e-73ce-a486-b9b1f17a6bcc,49007128,rua,Rua Vinte e Nove B,Zona de Expansão (Areia Branca),71df064f-d17f-4cf5-ad45-93ce4e8182a5,SE
01a02d9d-269e-73ce-a48c-c6e2152bb627,49007325,rua,Rua Vinte e Oito,Zona de Expansão (Areia Branca),71df064f-d17f-4cf5-ad45-93ce4e8182a5,SE
01a02d9c-f38f-725d-b3fa-052d55a474bb,49044239,rua,Rua Vinte e Oito,Santa Maria,71df064f-d17f-4cf5-ad45-93ce4e8182a5,SE
01a02d9c-ff49-7816-bf58-bcbdd92927f4,49061112,rua,Rua Vinte e Oito,Santo Antônio,71df064f-d17f-4cf5-ad45-93ce4e8182a5,SE
01a02d9d-343a-7f6e-ade1-5f4a6128e56a,49503312,rua,Rua Vinte e Oito de Agosto,Anízio Amancio de Oliveira,8d820d6b-d516-4628-8228-0e70dcaf08f5,SE
01a02d9d-385e-73f3-b531-333f13c40990,49504063,rua,Rua Vinte e Oito de Agosto,Marianga,8d820d6b-d516-4628-8228-0e70dcaf08f5,SE
01a02d9d-2c77-769a-94e5-4c320136289e,49500028,rua,Rua Vinte e Oito de Agosto,Centro,8d820d6b-d516-4628-8228-0e70dcaf08f5,SE
01a02d9c-eda2-7f95-9c03-ec23fab1210d,49042440,rua,Rua Vinte e Oito de Junho,São Conrado,71df064f-d17f-4cf5-ad45-93ce4e8182a5,SE
01a02d9d-12ee-7b48-93f7-770830dd18ec,49087675,rua,Rua Vinte e Quatro,Santos Dumont,71df064f-d17f-4cf5-ad45-93ce4e8182a5,SE
01a02d9c-f19a-7db5-87de-fd86f2b5efe7,49043760,rua,Rua Vinte e Quatro,Santa Maria,71df064f-d17f-4cf5-ad45-93ce4e8182a5,SE
01a02d9c-da16-7460-b90d-7499ca05ba32,49010760,rua,Rua Vinte e Quatro Horas,Centro,71df064f-d17f-4cf5-ad45-93ce4e8182a5,SE
01a02d9d-0551-742a-a2e4-0dfee5e649fa,49069174,rua,Rua Vinte e Seis,Porto D'Antas,71df064f-d17f-4cf5-ad45-93ce4e8182a5,SE
01a02d9d-12ee-7b48-93fa-026459e5bed3,49087684,rua,Rua Vinte e Seis,Santos Dumont,71df064f-d17f-4cf5-ad45-93ce4e8182a5,SE
01a02d9d-1cb7-7406-bebf-d36c605191c2,49095362,rua,Rua Vinte e Seis,Jabotiana,71df064f-d17f-4cf5-ad45-93ce4e8182a5,SE
01a02d9c-f19a-7db5-87e0-f63768cf6a48,49043766,rua,Rua Vinte e Seis,Santa Maria,71df064f-d17f-4cf5-ad45-93ce4e8182a5,SE
01a02d9c-f38e-7134-8619-fea51e0741cb,49044196,rua,Rua Vinte e Seis,Santa Maria,71df064f-d17f-4cf5-ad45-93ce4e8182a5,SE
01a02d9c-ff49-7816-bf56-9df356756250,49061108,rua,Rua Vinte e Seis,Santo Antônio,71df064f-d17f-4cf5-ad45-93ce4e8182a5,SE
01a02d9d-12ee-7b48-93fb-b338ca535043,49087687,rua,Rua Vinte e Sete,Santos Dumont,71df064f-d17f-4cf5-ad45-93ce4e8182a5,SE
01a02d9d-0551-742a-a2e5-b6f30690c1d4,49069177,rua,Rua Vinte e Sete,Porto D'Antas,71df064f-d17f-4cf5-ad45-93ce4e8182a5,SE
01a02d9d-269e-73ce-a484-f3b5fa96490a,49007119,rua,Rua Vinte e Sete,Zona de Expansão (Areia Branca),71df064f-d17f-4cf5-ad45-93ce4e8182a5,SE
01a02d9d-1ea3-7ec2-8522-9de0913e1ddf,49096210,rua,Rua Vinte e Sete,Jabotiana,71df064f-d17f-4cf5-ad45-93ce4e8182a5,SE
01a02d9c-f19a-7db5-87e1-027e1321b1a5,49043769,rua,Rua Vinte e Sete,Santa Maria,71df064f-d17f-4cf5-ad45-93ce4e8182a5,SE
01a02d9c-f38e-7134-861a-872c8662f456,49044199,rua,Rua Vinte e Sete,Santa Maria,71df064f-d17f-4cf5-ad45-93ce4e8182a5,SE
01a02d9c-ff49-7816-bf57-8f23de84dd01,49061110,rua,Rua Vinte e Sete,Santo Antônio,71df064f-d17f-4cf5-ad45-93ce4e8182a5,SE
01a02d9d-12f0-7662-a19f-d2a9786e697c,49088225,rua,Rua Vinte e Três,Lamarão,71df064f-d17f-4cf5-ad45-93ce4e8182a5,SE
01a02d9d-0551-742a-a2df-e4e83c8da3de,49069159,rua,Rua Vinte e Três,Porto D'Antas,71df064f-d17f-4cf5-ad45-93ce4e8182a5,SE
01a02d9d-12ee-72a8-93f6-75f65f719de1,49087672,rua,Rua Vinte e Três,Santos Dumont,71df064f-d17f-4cf5-ad45-93ce4e8182a5,SE
01a02d9c-f19a-751a-87dd-73d88cf305b2,49043757,rua,Rua Vinte e Três,Santa Maria,71df064f-d17f-4cf5-ad45-93ce4e8182a5,SE
01a02d9d-12ee-72a8-93f4-da0c0a8c70a4,49087666,rua,Rua Vinte e Um,Santos Dumont,71df064f-d17f-4cf5-ad45-93ce4e8182a5,SE
01a02d9c-f38d-77c1-bf6c-18ba44b77e7d,49044186,rua,Rua Vinte e Um,Santa Maria,71df064f-d17f-4cf5-ad45-93ce4e8182a5,SE
01a02d9d-0933-7cce-97ed-a523f17b1931,49072760,rua,Rua Vinte e Um de Abril,Dezoito do Forte,71df064f-d17f-4cf5-ad45-93ce4e8182a5,SE
01a02d9d-2c74-72fd-9a5b-4f958c2d8be6,49072426,rua,Rua Vinte e Um de Abril,Dezoito do Forte,71df064f-d17f-4cf5-ad45-93ce4e8182a5,SE
01a02d9d-3439-7f6f-8ace-aefab985a21b,49503168,rua,Rua Vitor Manoel de Jesus Vasconcelos,Serrano,8d820d6b-d516-4628-8228-0e70dcaf08f5,SE
01a02d9d-14f5-703d-bb27-b6cb19bcee5a,49088390,rua,Rua Vitória,Lamarão,71df064f-d17f-4cf5-ad45-93ce4e8182a5,SE
01a02d9d-0f11-7409-b395-2dd3d5acf4ea,49085450,rua,Rua Vitória,José Conrado de Araújo,71df064f-d17f-4cf5-ad45-93ce4e8182a5,SE
01a02d9c-ebbe-7ce3-8600-c0f80841888c,49041025,rua,Rua Vitória,Inácio Barbosa,71df064f-d17f-4cf5-ad45-93ce4e8182a5,SE
01a02d9c-ef93-7917-91ba-feef64884b09,49043430,rua,Rua Vitória,Santa Maria,71df064f-d17f-4cf5-ad45-93ce4e8182a5,SE
01a02d9c-ff48-7f69-9d14-84d3134a11b4,49061052,rua,Rua Vivalda de Araujo Bastos,Santo Antônio,71df064f-d17f-4cf5-ad45-93ce4e8182a5,SE
01a02d9d-4121-7623-9214-f0d644af2c80,49509629,rua,Rua Vivaldo Tavares de Almeida,Porto,8d820d6b-d516-4628-8228-0e70dcaf08f5,SE
01a02d9c-ebbe-7452-85e6-9aa504f436b6,49040670,rua,Rua Volney Loureiro Tavares,Inácio Barbosa,71df064f-d17f-4cf5-ad45-93ce4e8182a5,SE
01a02d9c-ebbe-7452-85e1-6c66ca579b9b,49040630,rua,Rua Vênus,Inácio Barbosa,71df064f-d17f-4cf5-ad45-93ce4e8182a5,SE
01a02d9c-ebbe-7452-85e5-c18b6a106a38,49040660,rua,Rua Vítor Meireles,Inácio Barbosa,71df064f-d17f-4cf5-ad45-93ce4e8182a5,SE
01a02d9d-3f01-799d-8576-757dcc3ef924,49509003,rua,Rua Wagner Mota,Mamede Paes Mendonça,8d820d6b-d516-4628-8228-0e70dcaf08f5,SE
01a02d9c-e1fd-7190-8c44-d040374c126a,49030770,rua,Rua Waldemar Monteiro,Farolândia,71df064f-d17f-4cf5-ad45-93ce4e8182a5,SE
01a02d9c-e5f0-7178-924b-d588f35543fb,49035770,rua,Rua Waldemar Silva Carvalho,Coroa do Meio,71df064f-d17f-4cf5-ad45-93ce4e8182a5,SE
01a02d9d-10f9-7a21-aa4e-66bb52fb8e04,49087093,rua,Rua Walter Donald,Santos Dumont,71df064f-d17f-4cf5-ad45-93ce4e8182a5,SE
01a02d9c-d206-71b5-b373-682408db25cd,49003343,rua,Rua Walter Mendonça,17 de Março,71df064f-d17f-4cf5-ad45-93ce4e8182a5,SE
01a02d9d-0d1f-7c95-9123-7c23f4c572f7,49080540,rua,Rua Washington Luís,América,71df064f-d17f-4cf5-ad45-93ce4e8182a5,SE
01a02d9d-323d-7823-b7de-3358db8a2b51,49502206,rua,Rua Wesley Sidney Almeida de Oliveira,Marcela,8d820d6b-d516-4628-8228-0e70dcaf08f5,SE
01a02d9c-f753-7d73-94f0-74246748a689,49045690,rua,Rua Wilson Almeida Santana,Luzia,71df064f-d17f-4cf5-ad45-93ce4e8182a5,SE
01a02d9d-3623-717c-a10e-cfcefe9f8705,49503565,rua,Rua Wilson Almeida Santana,Anízio Amancio de Oliveira,8d820d6b-d516-4628-8228-0e70dcaf08f5,SE
01a02d9c-e7d5-7f0d-909c-4180188e82e1,49037590,rua,Rua Wilson Barbosa de Melo,Atalaia,71df064f-d17f-4cf5-ad45-93ce4e8182a5,SE
01a02d9d-269f-751d-8460-21ae70c4832f,49088461,rua,Rua Wilson Garcia Ramos,Lamarão,71df064f-d17f-4cf5-ad45-93ce4e8182a5,SE
01a02d9c-d207-7bed-80ca-eeec1b8b6fc4,49004472,rua,Rua Wilson Oliveira de Jesus,Zona de Expansão (Robalo),71df064f-d17f-4cf5-ad45-93ce4e8182a5,SE
01a02d9c-fb69-7119-8bff-d879bdd33c33,49050790,rua,Rua Wilton Melo,Suíssa,71df064f-d17f-4cf5-ad45-93ce4e8182a5,SE
01a02d9d-12ee-7b48-93fe-681911e6155a,49087723,rua,Rua X,Santos Dumont,71df064f-d17f-4cf5-ad45-93ce4e8182a5,SE
01a02d9d-10fb-742c-9272-3381893c481b,49087526,rua,Rua X,Santos Dumont,71df064f-d17f-4cf5-ad45-93ce4e8182a5,SE
01a02d9d-2c74-72fd-9a5a-06a963feca75,49071386,rua,Rua X,Dom Luciano,71df064f-d17f-4cf5-ad45-93ce4e8182a5,SE
01a02d9c-f574-7bf3-a696-b9c99d20b603,49045033,rua,Rua X,Luzia,71df064f-d17f-4cf5-ad45-93ce4e8182a5,SE
01a02d9d-0142-7e7c-8d3b-2623d7bbefa4,49063157,rua,Rua X,Japãozinho,71df064f-d17f-4cf5-ad45-93ce4e8182a5,SE
01a02d9d-0143-7719-a5b1-758de8e7396e,49063214,rua,Rua X,Japãozinho,71df064f-d17f-4cf5-ad45-93ce4e8182a5,SE
01a02d9c-cddd-772b-a68b-79a6dec86365,49001030,rua,Rua X,Aruana,71df064f-d17f-4cf5-ad45-93ce4e8182a5,SE
01a02d9c-f197-7a23-b42a-6ae643a8b914,49043499,rua,Rua X1,Santa Maria,71df064f-d17f-4cf5-ad45-93ce4e8182a5,SE
01a02d9d-24a1-7e19-9caa-12252875c6d3,49072770,rua,Rua Xavier Brito,Dezoito do Forte,71df064f-d17f-4cf5-ad45-93ce4e8182a5,SE
01a02d9d-3cbc-7ae2-a5c9-f393157a4ad6,49506612,rua,Rua Xote das Meninas,Doutor José Milton Machado,8d820d6b-d516-4628-8228-0e70dcaf08f5,SE
01a02d9d-0143-7719-a5ae-8425980461e0,49063205,rua,Rua Y,Japãozinho,71df064f-d17f-4cf5-ad45-93ce4e8182a5,SE
01a02d9c-cddd-772b-a68c-41e9645ba5bb,49001033,rua,Rua Y,Aruana,71df064f-d17f-4cf5-ad45-93ce4e8182a5,SE
01a02d9c-e3ff-7873-8192-45c23c1e099c,49035516,rua,Rua Yolanda Ferrari Vargas,Coroa do Meio,71df064f-d17f-4cf5-ad45-93ce4e8182a5,SE
01a02d9c-cbc6-7abc-a993-9c7c6c2a69ae,49000320,rua,Rua Yvandira Santos da Silva,Aruana,71df064f-d17f-4cf5-ad45-93ce4e8182a5,SE
01a02d9d-2a93-769a-a1d1-d12df594b6a7,49071250,rua,Rua Z,Dom Luciano,71df064f-d17f-4cf5-ad45-93ce4e8182a5,SE
01a02d9c-ef92-7777-9c2e-40808a830603,49043266,rua,Rua Z,São Conrado,71df064f-d17f-4cf5-ad45-93ce4e8182a5,SE
01a02d9d-2c74-72fd-9a59-a807de441e06,49071383,rua,Rua Z,Dom Luciano,71df064f-d17f-4cf5-ad45-93ce4e8182a5,SE
01a02d9c-cddd-772b-a68f-db58023fa679,49001042,rua,"Rua Z, 90",Aruana,71df064f-d17f-4cf5-ad45-93ce4e8182a5,SE
01a02d9c-da18-7eb2-b545-23b9b2b05ff8,49015330,rua,Rua Zaqueu Brandão,São José,71df064f-d17f-4cf5-ad45-93ce4e8182a5,SE
01a02d9d-28a9-732b-a608-4c9dfb792d59,49020595,rua,Rua Zaqueu Brandão,Salgado Filho,71df064f-d17f-4cf5-ad45-93ce4e8182a5,SE
01a02d9c-d618-7b81-9865-d7a70153d62b,49007295,rua,Rua Zenza,Zona de Expansão (Areia Branca),71df064f-d17f-4cf5-ad45-93ce4e8182a5,SE
01a02d9c-ff48-76d1-9d02-9cac63f7ed6c,49060680,rua,Rua Zezé Gomes,Palestina,71df064f-d17f-4cf5-ad45-93ce4e8182a5,SE
01a02d9d-22a6-7785-a71e-507a34cf2627,49030516,rua,Rua Zilda Andrade Rosas,Farolândia,71df064f-d17f-4cf5-ad45-93ce4e8182a5,SE
01a02d9c-d812-73f5-bbaa-f5ffcd3cf727,49008584,rua,Rua Zilda Rodrigues Santos,Zona de Expansão (Mosqueiro),71df064f-d17f-4cf5-ad45-93ce4e8182a5,SE
01a02d9c-ebbf-7e0b-9b0e-e83178f82896,49042056,rua,Rua Zoroastro Rodrigues Santos,São Conrado,71df064f-d17f-4cf5-ad45-93ce4e8182a5,SE
01a02d9c-ebbe-7452-85e7-347a64d77690,49040680,rua,Rua Zumbi dos Palmares,Inácio Barbosa,71df064f-d17f-4cf5-ad45-93ce4e8182a5,SE
01a02d9d-12ee-72a8-93ed-b53fd51abd67,49087630,rua,Rua Zênia Bonfim,Santos Dumont,71df064f-d17f-4cf5-ad45-93ce4e8182a5,SE
01a02d9c-fb6a-7bc1-9865-cae20c7e653f,49052380,rua,Rua Zózimo Lima,Suíssa,71df064f-d17f-4cf5-ad45-93ce4e8182a5,SE
01a02d9c-e9cd-7495-8d28-de0ab0fe82d4,49038370,rua,Rua da Aurora,Aeroporto,71df064f-d17f-4cf5-ad45-93ce4e8182a5,SE
01a02d9d-269f-751d-8467-ad72e594918e,49088485,rua,Rua da Cidadania,Lamarão,71df064f-d17f-4cf5-ad45-93ce4e8182a5,SE
01a02d9c-e5f1-726d-8400-45ca52c1d0fc,49037110,rua,Rua da Concórdia,Atalaia,71df064f-d17f-4cf5-ad45-93ce4e8182a5,SE
01a02d9d-0d21-75fb-8f73-6193a43622ea,49082130,rua,Rua da Conjuração Baiana,Novo Paraíso,71df064f-d17f-4cf5-ad45-93ce4e8182a5,SE
01a02d9d-269f-751d-8468-a37ac432f003,49088488,rua,Rua da Democracia,Lamarão,71df064f-d17f-4cf5-ad45-93ce4e8182a5,SE
01a02d9c-e5f1-726d-83f5-973bf5ecf081,49037030,rua,Rua da Enseada,Aeroporto,71df064f-d17f-4cf5-ad45-93ce4e8182a5,SE
01a02d9d-22a4-755a-bb06-466a5e5bedb1,49830971,rua,Rua da Frente 13,Centro,69d4cb35-5bf4-4332-8750-636f142345fc,SE
01a02d9d-269e-7c85-a4a4-9bde78d64324,49088443,rua,Rua da Glória,Lamarão,71df064f-d17f-4cf5-ad45-93ce4e8182a5,SE
01a02d9d-209d-7771-ba89-31793c14d6dc,49170991,rua,"Rua da Igreja, 55",,2f9042ec-6083-4dd0-a3cc-c29db7db8dfb,SE
01a02d9d-2c75-7446-a5f2-76a50bb2d078,49088491,rua,Rua da Igualdade,Lamarão,71df064f-d17f-4cf5-ad45-93ce4e8182a5,SE
01a02d9d-269e-7c85-a4a3-59bd2d325aff,49088440,rua,Rua da Independência,Lamarão,71df064f-d17f-4cf5-ad45-93ce4e8182a5,SE
01a02d9c-eda1-7f9a-bf20-296aca9ea9e9,49042423,rua,Rua da Independência,São Conrado,71df064f-d17f-4cf5-ad45-93ce4e8182a5,SE
01a02d9c-f575-7be3-975a-1a5edf0edab7,49045300,rua,Rua da Integração,Luzia,71df064f-d17f-4cf5-ad45-93ce4e8182a5,SE
01a02d9d-269e-7c85-a4a6-564aaabd876b,49088449,rua,Rua da Justiça,Lamarão,71df064f-d17f-4cf5-ad45-93ce4e8182a5,SE
01a02d9c-e7d6-77a3-a98b-9d421654312e,49037730,rua,Rua da Laguna,Aeroporto,71df064f-d17f-4cf5-ad45-93ce4e8182a5,SE
01a02d9d-269e-7c85-a4a9-91e0e61c51eb,49088458,rua,Rua da Liberdade,Lamarão,71df064f-d17f-4cf5-ad45-93ce4e8182a5,SE
01a02d9d-0550-7b9d-89b8-49f62c06dc20,49069105,rua,Rua da Paz,Porto D'Antas,71df064f-d17f-4cf5-ad45-93ce4e8182a5,SE
01a02d9c-ef94-7247-967d-60a95e8fd929,49043475,rua,Rua da Paz,Santa Maria,71df064f-d17f-4cf5-ad45-93ce4e8182a5,SE
01a02d9c-f198-72b8-a209-b9239aaa336f,49043547,rua,Rua da Paz,Santa Maria,71df064f-d17f-4cf5-ad45-93ce4e8182a5,SE
01a02d9c-d42a-7a3b-a974-7737a5b8f5ea,49007143,rua,Rua da Paz,Zona de Expansão (Areia Branca),71df064f-d17f-4cf5-ad45-93ce4e8182a5,SE
01a02d9c-ff4a-70c4-9c70-ee63982b84ac,49063100,rua,Rua da Praça,Japãozinho,71df064f-d17f-4cf5-ad45-93ce4e8182a5,SE
01a02d9d-0f0f-72d2-b247-24c83f79b145,49082400,rua,Rua da Revolução Pernambucana,Novo Paraíso,71df064f-d17f-4cf5-ad45-93ce4e8182a5,SE
01a02d9d-269f-751d-8461-8b910d7d726d,49088467,rua,Rua da Solidariedade,Lamarão,71df064f-d17f-4cf5-ad45-93ce4e8182a5,SE
01a02d9d-269f-7db0-8484-ea50192d6b63,49004255,rua,Rua das Amoreiras,Zona de Expansão (Robalo),71df064f-d17f-4cf5-ad45-93ce4e8182a5,SE
01a02d9c-d207-733a-80b8-66f0f3362687,49004288,rua,Rua das Araras,Zona de Expansão (Robalo),71df064f-d17f-4cf5-ad45-93ce4e8182a5,SE
01a02d9d-269f-7db0-847e-9227d1e2dc19,49004237,rua,Rua das Aroeiras,Zona de Expansão (Robalo),71df064f-d17f-4cf5-ad45-93ce4e8182a5,SE
01a02d9c-e9cd-7495-8d2e-43901eb821c6,49038430,rua,Rua das Bromélias,Aeroporto,71df064f-d17f-4cf5-ad45-93ce4e8182a5,SE
01a02d9d-269f-7db0-8481-2577dd5689cb,49004246,rua,Rua das Castanheiras,Zona de Expansão (Robalo),71df064f-d17f-4cf5-ad45-93ce4e8182a5,SE
01a02d9c-e9cd-7495-8d27-48b11a1672d9,49038360,rua,Rua das Dunas,Aeroporto,71df064f-d17f-4cf5-ad45-93ce4e8182a5,SE
01a02d9c-e9cd-7d4c-8d44-3ca6f3760ea8,49040170,rua,Rua das Dálias,Inácio Barbosa,71df064f-d17f-4cf5-ad45-93ce4e8182a5,SE
01a02d9c-ebbe-7ce3-85f6-52e8a6ee119b,49040810,rua,Rua das Hortênsias,Inácio Barbosa,71df064f-d17f-4cf5-ad45-93ce4e8182a5,SE
01a02d9c-e5f1-726d-83f6-b7f7df72ae8c,49037040,rua,Rua das Jangadas,Aeroporto,71df064f-d17f-4cf5-ad45-93ce4e8182a5,SE
01a02d9d-14f5-7946-bb47-4483ffa2c7be,49089089,rua,Rua das Margaridas,Soledade,71df064f-d17f-4cf5-ad45-93ce4e8182a5,SE
01a02d9c-e9ce-7602-8bfc-ca8455443e89,49040340,rua,Rua das Margaridas,Inácio Barbosa,71df064f-d17f-4cf5-ad45-93ce4e8182a5,SE
01a02d9c-e7d6-77a3-a98d-1098d93051b7,49037750,rua,Rua das Medusas,Aeroporto,71df064f-d17f-4cf5-ad45-93ce4e8182a5,SE
01a02d9d-14f5-7946-bb46-2a956b1c80fd,49089086,rua,Rua das Orquídeas,Soledade,71df064f-d17f-4cf5-ad45-93ce4e8182a5,SE
01a02d9c-e9ce-7ec2-8c06-66cad02f24a9,49040430,rua,Rua das Orquídeas,Inácio Barbosa,71df064f-d17f-4cf5-ad45-93ce4e8182a5,SE
01a02d9d-269f-7db0-847b-4dcccff844b1,49004228,rua,Rua das Palmeiras,Zona de Expansão (Robalo),71df064f-d17f-4cf5-ad45-93ce4e8182a5,SE
01a02d9d-305d-70c5-8c6f-e84e669cd84e,49501112,rua,Rua das Palmeiras,São Cristóvão,8d820d6b-d516-4628-8228-0e70dcaf08f5,SE
01a02d9d-22a7-7785-8870-3e9a116946b1,49040450,rua,Rua das Papoulas,Inácio Barbosa,71df064f-d17f-4cf5-ad45-93ce4e8182a5,SE
01a02d9d-269f-7db0-8480-22be6768ab6f,49004243,rua,Rua das Pitangas,Zona de Expansão (Robalo),71df064f-d17f-4cf5-ad45-93ce4e8182a5,SE
01a02d9d-269f-7db0-847d-c81f1666ecf2,49004234,rua,Rua das Plumérias,Zona de Expansão (Robalo),71df064f-d17f-4cf5-ad45-93ce4e8182a5,SE
01a02d9d-14f5-7946-bb44-e2e232757949,49089083,rua,Rua das Rosas,Soledade,71df064f-d17f-4cf5-ad45-93ce4e8182a5,SE
01a02d9c-e9ce-7ec2-8c10-643d28d8a55a,49040550,rua,Rua das Rosas,Inácio Barbosa,71df064f-d17f-4cf5-ad45-93ce4e8182a5,SE
01a02d9c-ebbe-7452-85e4-1064a6ef1925,49040650,rua,Rua das Violetas,Inácio Barbosa,71df064f-d17f-4cf5-ad45-93ce4e8182a5,SE
01a02d9d-0145-7b2d-ae2b-16ed1974161b,49065410,rua,Rua de Fortaleza,Industrial,71df064f-d17f-4cf5-ad45-93ce4e8182a5,SE
01a02d9c-fd62-703f-b9a7-00251d0a2a4b,49060460,rua,Rua de Muribeca,Santo Antônio,71df064f-d17f-4cf5-ad45-93ce4e8182a5,SE
01a02d9c-fd62-7a30-b9a9-1db895ace559,49060470,rua,Rua de Muribeca,Santo Antônio,71df064f-d17f-4cf5-ad45-93ce4e8182a5,SE
01a02d9d-0350-72ce-9f43-1fbd8fb8b66a,49065590,rua,Rua de Muribeca,Industrial,71df064f-d17f-4cf5-ad45-93ce4e8182a5,SE
01a02d9d-249f-7e26-934a-563e2df49b0e,49055600,rua,Rua de Riachão,Getúlio Vargas,71df064f-d17f-4cf5-ad45-93ce4e8182a5,SE
01a02d9c-f94b-7b78-873d-670571cf9ac2,49050670,rua,Rua de Riachão,Suíssa,71df064f-d17f-4cf5-ad45-93ce4e8182a5,SE
01a02d9c-fb69-7a00-8c1a-b0a9d1dfc99a,49052180,rua,Rua de Riachão,Suíssa,71df064f-d17f-4cf5-ad45-93ce4e8182a5,SE
01a02d9c-fb6b-7d73-b2d4-99b32ee848a9,49055255,rua,Rua de Riachão,Cirurgia,71df064f-d17f-4cf5-ad45-93ce4e8182a5,SE
01a02d9c-ff4a-70c4-9c6f-25a54d16c571,49063097,rua,Rua do Arame,Japãozinho,71df064f-d17f-4cf5-ad45-93ce4e8182a5,SE
01a02d9c-fd60-768e-adee-93cb5314d97f,49060080,rua,Rua do Carmo,Santo Antônio,71df064f-d17f-4cf5-ad45-93ce4e8182a5,SE
01a02d9c-d618-7b81-9869-1a5e121a3103,49007310,rua,Rua do Cemitério,Zona de Expansão (Areia Branca),71df064f-d17f-4cf5-ad45-93ce4e8182a5,SE
01a02d9d-22a4-7e4d-bb11-6b10265507d7,49940970,rua,Rua do Comércio 143,Centro,78d7012b-54d2-42e1-b5d7-d0488196c4a2,SE
01a02d9d-269f-751d-846f-0216d8f8d508,49095812,rua,Rua do Horto,Jabotiana,71df064f-d17f-4cf5-ad45-93ce4e8182a5,SE
01a02d9c-e7d5-7f0d-90a9-686848d5fafc,49037670,rua,Rua do Igaruana,Aeroporto,71df064f-d17f-4cf5-ad45-93ce4e8182a5,SE
01a02d9d-3622-78a8-9354-d04c17e133b3,49503435,rua,Rua do José Braz dos Santos,Anízio Amancio de Oliveira,8d820d6b-d516-4628-8228-0e70dcaf08f5,SE
01a02d9d-269e-7c85-a4a7-ed9b0c564f95,49088452,rua,Rua do Progresso,Lamarão,71df064f-d17f-4cf5-ad45-93ce4e8182a5,SE
01a02d9c-e9cd-7495-8d29-1d83017574bc,49038380,rua,Rua do Sol,Aeroporto,71df064f-d17f-4cf5-ad45-93ce4e8182a5,SE
01a02d9c-d42a-7a3b-a977-d15854acb6e4,49007152,rua,Rua do Sossego,Zona de Expansão (Areia Branca),71df064f-d17f-4cf5-ad45-93ce4e8182a5,SE
01a02d9d-24a2-7e2b-9ec8-bb7051679384,49089095,rua,Rua do Toque,Soledade,71df064f-d17f-4cf5-ad45-93ce4e8182a5,SE
01a02d9d-269f-7db0-847c-32903663ba74,49004231,rua,Rua dos Cajueiros,Zona de Expansão (Robalo),71df064f-d17f-4cf5-ad45-93ce4e8182a5,SE
01a02d9c-e7d5-7f0d-90af-64cf17c9b8e4,49037694,rua,Rua dos Cocos,Aeroporto,71df064f-d17f-4cf5-ad45-93ce4e8182a5,SE
01a02d9d-269f-7db0-8485-a87e4d4fb71b,49004257,rua,Rua dos Coqueiros,Zona de Expansão (Robalo),71df064f-d17f-4cf5-ad45-93ce4e8182a5,SE
01a02d9c-e9cc-7bdb-bc60-978cf473d94a,49038070,rua,Rua dos Corais,Aeroporto,71df064f-d17f-4cf5-ad45-93ce4e8182a5,SE
01a02d9d-14f5-7946-bb49-96df2318087b,49089098,rua,Rua dos Cravos,Soledade,71df064f-d17f-4cf5-ad45-93ce4e8182a5,SE
01a02d9c-e9cd-7d4c-8d41-a466d6dcd322,49040140,rua,Rua dos Cravos,Inácio Barbosa,71df064f-d17f-4cf5-ad45-93ce4e8182a5,SE
01a02d9c-ebbf-7575-9afd-f6ea93f1b69a,49041150,rua,Rua dos Cravos II,Inácio Barbosa,71df064f-d17f-4cf5-ad45-93ce4e8182a5,SE
01a02d9c-e9cd-7d4c-8d43-3f1075386e13,49040160,rua,Rua dos Crisântemos,Inácio Barbosa,71df064f-d17f-4cf5-ad45-93ce4e8182a5,SE
01a02d9d-28ab-7e96-a408-393f9d8c3b84,49055447,rua,Rua dos Estudantes,Cirurgia,71df064f-d17f-4cf5-ad45-93ce4e8182a5,SE
01a02d9c-fb6b-7d73-b2d6-5dfe33c4a509,49055270,rua,Rua dos Estudantes,Getúlio Vargas,71df064f-d17f-4cf5-ad45-93ce4e8182a5,SE
01a02d9c-f19b-762b-a1d3-9d88e85d708a,49043847,rua,Rua dos Eucaliptos,Santa Maria,71df064f-d17f-4cf5-ad45-93ce4e8182a5,SE
01a02d9c-e9cd-7d4c-8d47-b187b5822fdf,49040200,rua,Rua dos Flamboyants,Inácio Barbosa,71df064f-d17f-4cf5-ad45-93ce4e8182a5,SE
01a02d9c-e9ce-7602-8bf0-292fb7aac73f,49040210,rua,Rua dos Girassóis,Inácio Barbosa,71df064f-d17f-4cf5-ad45-93ce4e8182a5,SE
01a02d9c-e9cc-7bdb-bc61-bed3aa54591a,49038080,rua,Rua dos Halibutes,Aeroporto,71df064f-d17f-4cf5-ad45-93ce4e8182a5,SE
01a02d9d-269f-751d-8462-8cbaf9360f70,49088470,rua,Rua dos Heróis,Lamarão,71df064f-d17f-4cf5-ad45-93ce4e8182a5,SE
01a02d9c-e9cc-7bdb-bc74-b59e9e639e09,49038280,rua,Rua dos Lírios,Aeroporto,71df064f-d17f-4cf5-ad45-93ce4e8182a5,SE
01a02d9c-e9ce-7602-8bf9-333743a27d34,49040310,rua,Rua dos Lírios,Inácio Barbosa,71df064f-d17f-4cf5-ad45-93ce4e8182a5,SE
01a02d9d-269e-7c85-a4a5-47c290e82cf6,49088446,rua,Rua dos Patriotas,Lamarão,71df064f-d17f-4cf5-ad45-93ce4e8182a5,SE
01a02d9d-305b-76f3-b87b-ef3f0f2c435f,49500567,rua,Rua Álvaro Andrade,São Cristóvão,8d820d6b-d516-4628-8228-0e70dcaf08f5,SE
01a02d9d-343b-7f7d-a391-d5ca266b50c8,49503414,rua,Rua Álvaro Fonseca de Oliveira,Anízio Amancio de Oliveira,8d820d6b-d516-4628-8228-0e70dcaf08f5,SE
01a02d9d-2c76-7e02-837a-33520e398614,49500007,rua,Rua Álvaro Fonseca de Oliveira,Centro,8d820d6b-d516-4628-8228-0e70dcaf08f5,SE
01a02d9c-e201-7703-abbe-36816361b03d,49032220,rua,Rua Álvaro Garcia Araújo,Farolândia,71df064f-d17f-4cf5-ad45-93ce4e8182a5,SE
01a02d9d-1ea4-775d-87ff-2b507fc4bd62,49097030,rua,Rua Álvaro Nascimento,Ponto Novo,71df064f-d17f-4cf5-ad45-93ce4e8182a5,SE
01a02d9d-1ac2-70e0-a665-4b793e306236,49095020,rua,Rua Álvaro Rodrigues,Jabotiana,71df064f-d17f-4cf5-ad45-93ce4e8182a5,SE
01a02d9d-0b2b-79eb-a517-3681b17f6fb7,49080045,rua,Rua Álvaro Santos,América,71df064f-d17f-4cf5-ad45-93ce4e8182a5,SE
01a02d9c-dc0a-7b31-a969-118036f9fe20,49020260,rua,Rua Álvaro Silva,Treze de Julho,71df064f-d17f-4cf5-ad45-93ce4e8182a5,SE
01a02d9c-dc0a-7b31-a979-42c76376ec39,49020400,rua,Rua Álvaro de Brito,Treze de Julho,71df064f-d17f-4cf5-ad45-93ce4e8182a5,SE
01a02d9c-ddf5-7b85-b410-40f79d39d975,49026030,rua,Rua Álvaro de Brito,Jardins,71df064f-d17f-4cf5-ad45-93ce4e8182a5,SE
01a02d9c-e003-70f1-9dc1-374e15d010a3,49030110,rua,Rua Áurea Costa,Farolândia,71df064f-d17f-4cf5-ad45-93ce4e8182a5,SE
01a02d9d-10fb-742c-9264-77cc2ec3a84a,49087463,rua,Rua Ângela Maria Santos Nascimento,Santos Dumont,71df064f-d17f-4cf5-ad45-93ce4e8182a5,SE
01a02d9d-385f-7de5-a0b5-e8fdcfdd2c7b,49504319,rua,Rua Ângelo Augusto Garcia Moreno,Marianga,8d820d6b-d516-4628-8228-0e70dcaf08f5,SE
01a02d9d-1cb7-7c6f-becf-7a97a6451bb0,49095550,rua,Rua Érico Alves dos Santos,Jabotiana,71df064f-d17f-4cf5-ad45-93ce4e8182a5,SE
01a02d9d-0d20-750f-9196-c162d76c3fff,49081000,setor,Setor Centro Administrativo Augusto Franco,Capucho,71df064f-d17f-4cf5-ad45-93ce4e8182a5,SE
01a02d9d-16ed-7d6c-be1a-c38bb92ba2e6,49089371,travessa,Travessa A,Soledade,71df064f-d17f-4cf5-ad45-93ce4e8182a5,SE
01a02d9c-e3fd-7623-b635-1afff99c3817,49032479,travessa,Travessa A,Farolândia,71df064f-d17f-4cf5-ad45-93ce4e8182a5,SE
01a02d9d-0351-7453-b055-ce21f8fd795c,49066318,travessa,Travessa A,Industrial,71df064f-d17f-4cf5-ad45-93ce4e8182a5,SE
01a02d9d-0933-7cce-97dc-41c98fc7f482,49072649,travessa,Travessa A,Dezoito do Forte,71df064f-d17f-4cf5-ad45-93ce4e8182a5,SE
01a02d9d-0d1f-7c95-911b-34c76188926b,49080485,travessa,Travessa A,América,71df064f-d17f-4cf5-ad45-93ce4e8182a5,SE
01a02d9d-10fa-72fb-95f8-6e425ae967bd,49087281,travessa,Travessa A,Santos Dumont,71df064f-d17f-4cf5-ad45-93ce4e8182a5,SE
01a02d9d-10fa-7b93-9615-eecac8f44f8b,49087434,travessa,Travessa A,Santos Dumont,71df064f-d17f-4cf5-ad45-93ce4e8182a5,SE
01a02d9d-2a93-769a-a1c0-4816828c4872,49071114,travessa,Travessa A,Dom Luciano,71df064f-d17f-4cf5-ad45-93ce4e8182a5,SE
01a02d9d-2a92-7d5b-95f8-daa52da9c34a,49071078,travessa,Travessa A,Dom Luciano,71df064f-d17f-4cf5-ad45-93ce4e8182a5,SE
01a02d9d-2a92-74f4-95ee-378d489c6cc2,49071037,travessa,Travessa A,Dom Luciano,71df064f-d17f-4cf5-ad45-93ce4e8182a5,SE
01a02d9d-28ab-75f8-a3fa-89c509413556,49043894,travessa,Travessa A,Santa Maria,71df064f-d17f-4cf5-ad45-93ce4e8182a5,SE
01a02d9d-1ea4-775d-87f4-a3f0b909163a,49096271,travessa,Travessa A,Jabotiana,71df064f-d17f-4cf5-ad45-93ce4e8182a5,SE
01a02d9d-1ac2-70e0-a65d-88db4f2b2c4d,49092708,travessa,Travessa A,Olaria,71df064f-d17f-4cf5-ad45-93ce4e8182a5,SE
01a02d9d-1ac1-7870-9d91-7a9c50c0119f,49092657,travessa,Travessa A,Olaria,71df064f-d17f-4cf5-ad45-93ce4e8182a5,SE
01a02d9d-18d5-76cf-9b23-bd3b616dd99d,49090523,travessa,Travessa A,Bugio,71df064f-d17f-4cf5-ad45-93ce4e8182a5,SE
01a02d9c-f199-73e4-a676-29be5a9f9779,49043640,travessa,Travessa A,Santa Maria,71df064f-d17f-4cf5-ad45-93ce4e8182a5,SE
01a02d9c-f199-73e4-a67b-da10c7e6c70f,49043669,travessa,Travessa A,Santa Maria,71df064f-d17f-4cf5-ad45-93ce4e8182a5,SE
01a02d9c-ff4a-7a71-9c76-7d919f482e99,49063118,travessa,Travessa A,Japãozinho,71df064f-d17f-4cf5-ad45-93ce4e8182a5,SE
01a02d9c-d61c-75c9-ba27-3886b7d1fdff,49008411,travessa,Travessa A,Zona de Expansão (Mosqueiro),71df064f-d17f-4cf5-ad45-93ce4e8182a5,SE
01a02d9c-d812-73f5-bba0-484924980b34,49008522,travessa,Travessa A,Zona de Expansão (Mosqueiro),71df064f-d17f-4cf5-ad45-93ce4e8182a5,SE
01a02d9c-d813-7423-9936-71767b75825d,49008602,travessa,Travessa A,Zona de Expansão (Mosqueiro),71df064f-d17f-4cf5-ad45-93ce4e8182a5,SE
01a02d9c-d813-7423-994b-f47d401f89ce,49008790,travessa,Travessa A,Zona de Expansão (Mosqueiro),71df064f-d17f-4cf5-ad45-93ce4e8182a5,SE
01a02d9d-305c-7827-b05e-f9a6b7a743b8,49500687,travessa,Travessa A,São Cristóvão,8d820d6b-d516-4628-8228-0e70dcaf08f5,SE
01a02d9d-16ee-7ea5-8e43-54447b0428c1,49090060,travessa,Travessa A 1,Bugio,71df064f-d17f-4cf5-ad45-93ce4e8182a5,SE
01a02d9d-1ac2-70e0-a651-73e2d8a503c0,49092666,travessa,Travessa A1,Olaria,71df064f-d17f-4cf5-ad45-93ce4e8182a5,SE
01a02d9d-18d4-7e38-ad85-dff9584bb063,49090410,travessa,Travessa A1,Bugio,71df064f-d17f-4cf5-ad45-93ce4e8182a5,SE
01a02d9c-ef91-74a3-9123-88a4eb1fa523,49043139,travessa,Travessa A1,São Conrado,71df064f-d17f-4cf5-ad45-93ce4e8182a5,SE
01a02d9c-f572-7141-aa0b-ec34cc225a01,49044359,travessa,Travessa A1,Santa Maria,71df064f-d17f-4cf5-ad45-93ce4e8182a5,SE
01a02d9c-d813-7423-9935-7bea4c8892a1,49008599,travessa,Travessa A1,Zona de Expansão (Mosqueiro),71df064f-d17f-4cf5-ad45-93ce4e8182a5,SE
01a02d9c-ebc0-76b0-bb4b-9a9a579070cb,49042166,travessa,Travessa A2,São Conrado,71df064f-d17f-4cf5-ad45-93ce4e8182a5,SE
01a02d9c-f198-72b8-a20c-2b54c5fc2aca,49043556,travessa,Travessa A9,Santa Maria,71df064f-d17f-4cf5-ad45-93ce4e8182a5,SE
01a02d9d-2a92-7d5b-95f9-a2df06b6cae0,49071081,travessa,Travessa AB,Dom Luciano,71df064f-d17f-4cf5-ad45-93ce4e8182a5,SE
01a02d9d-3439-7f6f-8ac7-e554de8028fd,49503147,travessa,Travessa Abílio de Oliveira,Serrano,8d820d6b-d516-4628-8228-0e70dcaf08f5,SE
01a02d9d-3f02-7b6c-baef-5be245705c9c,49509106,travessa,Travessa Aciole Mendonça Mota,Mamede Paes Mendonça,8d820d6b-d516-4628-8228-0e70dcaf08f5,SE
01a02d9d-0934-7568-8346-5e5443687e42,49075013,travessa,Travessa Acre,Siqueira Campos,71df064f-d17f-4cf5-ad45-93ce4e8182a5,SE
01a02d9c-e3fd-7623-b630-5766886584d9,49032463,travessa,Travessa Acácias,Farolândia,71df064f-d17f-4cf5-ad45-93ce4e8182a5,SE
01a02d9d-0f10-73f0-ba6e-61ec48966233,49085213,travessa,Travessa Adalberto,José Conrado de Araújo,71df064f-d17f-4cf5-ad45-93ce4e8182a5,SE
01a02d9d-305b-7f8f-b88e-aa8a4cd0988a,49500624,travessa,Travessa Adalberto Silva,São Cristóvão,8d820d6b-d516-4628-8228-0e70dcaf08f5,SE
01a02d9c-fb6a-7bc1-986d-380dfc86e577,49055020,travessa,Travessa Adalto Botelho,Getúlio Vargas,71df064f-d17f-4cf5-ad45-93ce4e8182a5,SE
01a02d9d-18d6-7818-a94f-1274ddf43eec,49090792,travessa,Travessa Adilson Matos,Bugio,71df064f-d17f-4cf5-ad45-93ce4e8182a5,SE
01a02d9c-da16-7cc8-b91e-f581abf6e2c4,49015010,travessa,Travessa Adolfo Rollemberg,São José,71df064f-d17f-4cf5-ad45-93ce4e8182a5,SE
01a02d9c-da16-7460-b90c-9296092f5eeb,49010730,travessa,Travessa Afonso Fonseca,Centro,71df064f-d17f-4cf5-ad45-93ce4e8182a5,SE
01a02d9d-24a3-7e28-88c2-d2cc1e6cf061,49097660,travessa,Travessa Alberto Azevedo,Ponto Novo,71df064f-d17f-4cf5-ad45-93ce4e8182a5,SE
01a02d9c-f94a-7a38-9927-18b19292498b,49050010,travessa,Travessa Alberto Azevedo,Pereira Lobo,71df064f-d17f-4cf5-ad45-93ce4e8182a5,SE
01a02d9d-1ac0-7746-b39d-85ebcdc59a25,49092280,travessa,Travessa Alexandre Bispo de Andradre,Olaria,71df064f-d17f-4cf5-ad45-93ce4e8182a5,SE
01a02d9c-d208-74cf-bc29-981f26e4d5df,49004568,travessa,Travessa Alexandre M Moraes,Zona de Expansão (Robalo),71df064f-d17f-4cf5-ad45-93ce4e8182a5,SE
01a02d9c-fb6b-7475-b2bd-f948a9391526,49055045,travessa,Travessa Almirante Tamandaré,Getúlio Vargas,71df064f-d17f-4cf5-ad45-93ce4e8182a5,SE
01a02d9d-0143-7fcd-a5bb-576e6c7a9db5,49065040,travessa,Travessa Altamira,Industrial,71df064f-d17f-4cf5-ad45-93ce4e8182a5,SE
01a02d9d-0932-7bae-b0fe-4702000b4bd2,49072383,travessa,Travessa Alto da Bela Vista,Dezoito do Forte,71df064f-d17f-4cf5-ad45-93ce4e8182a5,SE
01a02d9d-0551-7cb5-a2f4-efe5560a3c96,49070023,travessa,Travessa Alto do Morro da TV,Cidade Nova,71df064f-d17f-4cf5-ad45-93ce4e8182a5,SE
01a02d9c-ebbf-7575-9aec-f50b4b3192ca,49041054,travessa,Travessa Alves,Inácio Barbosa,71df064f-d17f-4cf5-ad45-93ce4e8182a5,SE
01a02d9d-0b2b-79eb-a519-5bd2e099eed1,49080070,travessa,Travessa Amapá,América,71df064f-d17f-4cf5-ad45-93ce4e8182a5,SE
01a02d9d-3aa9-7e4f-a079-44d1215a3cf5,49506180,travessa,Travessa Amâncio José Santos,Rotary Club de Itabaiana,8d820d6b-d516-4628-8228-0e70dcaf08f5,SE
01a02d9d-16ef-7fec-b46d-3783e477f7ec,49090346,travessa,Travessa Ana Célia,Bugio,71df064f-d17f-4cf5-ad45-93ce4e8182a5,SE
01a02d9d-305b-7f8f-b893-68581f753f2b,49500639,travessa,Travessa Ananias Antônio Machado,São Cristóvão,8d820d6b-d516-4628-8228-0e70dcaf08f5,SE
01a02d9d-18d7-70ae-8e33-8e45f1f429a6,49091103,travessa,Travessa Anchieta,Bugio,71df064f-d17f-4cf5-ad45-93ce4e8182a5,SE
01a02d9c-fd5f-7526-bce5-ea3c7008f7fb,49055640,travessa,Travessa Angélica Fonseca Santos,Getúlio Vargas,71df064f-d17f-4cf5-ad45-93ce4e8182a5,SE
01a02d9d-305c-7827-b070-6d08c8d3b174,49501103,travessa,Travessa Anicéia Alves dos Santos,São Cristóvão,8d820d6b-d516-4628-8228-0e70dcaf08f5,SE
01a02d9d-12ed-79b9-86ed-8ae24d74e50d,49087589,travessa,Travessa Anita Machado,Santos Dumont,71df064f-d17f-4cf5-ad45-93ce4e8182a5,SE
01a02d9d-385f-7de5-a0b3-eedf29880f1e,49504313,travessa,Travessa Anselmo Andrade,Marianga,8d820d6b-d516-4628-8228-0e70dcaf08f5,SE
01a02d9d-0143-7fcd-a5c5-758d2d8164d4,49065080,travessa,Travessa Antipas Costa,Industrial,71df064f-d17f-4cf5-ad45-93ce4e8182a5,SE
01a02d9c-fb6b-7475-b2be-fcb1eb42f729,49055050,travessa,Travessa Antonina,Cirurgia,71df064f-d17f-4cf5-ad45-93ce4e8182a5,SE
01a02d9d-4123-78e5-8e4a-8144c7e1b204,49510120,travessa,Travessa Antonio Alves dos Santos,Porto,8d820d6b-d516-4628-8228-0e70dcaf08f5,SE
01a02d9d-323a-7366-8137-13ed989719b4,49501385,travessa,Travessa Antonio Cardoso Andrade,Bananeiras,8d820d6b-d516-4628-8228-0e70dcaf08f5,SE
01a02d9d-2e65-7309-a827-ead52217d560,49500445,travessa,Travessa Antonio Marcos Nascimento,São Cristóvão,8d820d6b-d516-4628-8228-0e70dcaf08f5,SE
01a02d9d-305d-70c5-8c71-0b4a92352f97,49501118,travessa,Travessa Antonio Sales do Nascimento,São Cristóvão,8d820d6b-d516-4628-8228-0e70dcaf08f5,SE
01a02d9d-3f02-7b6c-bafa-c670b36e6dcf,49509161,travessa,Travessa Antonio Tavares da Costa,Mamede Paes Mendonça,8d820d6b-d516-4628-8228-0e70dcaf08f5,SE
01a02d9d-2e64-7a5b-9476-caf173899852,49500292,travessa,Travessa Antonio Tenório de Almeida,Centro,8d820d6b-d516-4628-8228-0e70dcaf08f5,SE
01a02d9d-28a9-7bed-a613-b0eb64b3887d,49030417,travessa,Travessa Antônio Campos de Araújo,Farolândia,71df064f-d17f-4cf5-ad45-93ce4e8182a5,SE
01a02d9d-3aa9-7e4f-a07a-ce58887ce36b,49506183,travessa,Travessa Antônio Francisco de Oliveira Filho,Rotary Club de Itabaiana,8d820d6b-d516-4628-8228-0e70dcaf08f5,SE
01a02d9c-f94a-7a38-992a-8a1bf75412dd,49050040,travessa,Travessa Antônio José Silveira Costa,Suíssa,71df064f-d17f-4cf5-ad45-93ce4e8182a5,SE
01a02d9d-3aa8-7d39-8eef-7e70ce8f91a7,49506009,travessa,Travessa Antônio José dos Santos,Rotary Club de Itabaiana,8d820d6b-d516-4628-8228-0e70dcaf08f5,SE
01a02d9d-3aaa-7743-af9e-eaec83fbed5b,49506225,travessa,Travessa Antônio Lima,Rotary Club de Itabaiana,8d820d6b-d516-4628-8228-0e70dcaf08f5,SE
01a02d9d-3aaa-7743-af9a-73490424b7a8,49506213,travessa,Travessa Antônio Pereira Júnior I,Rotary Club de Itabaiana,8d820d6b-d516-4628-8228-0e70dcaf08f5,SE
01a02d9d-3aaa-7743-af99-6b4d60941ac7,49506210,travessa,Travessa Antônio Pereira Júnior II,Rotary Club de Itabaiana,8d820d6b-d516-4628-8228-0e70dcaf08f5,SE
01a02d9d-3aaa-7743-af98-127b8c86357e,49506207,travessa,Travessa Antônio Tamanqueiro,Rotary Club de Itabaiana,8d820d6b-d516-4628-8228-0e70dcaf08f5,SE
01a02d9d-0746-75e9-9327-22908fff7f86,49072030,travessa,Travessa Antônio Teodoro,Dezoito do Forte,71df064f-d17f-4cf5-ad45-93ce4e8182a5,SE
01a02d9d-3aa9-75a7-a06b-d77d0332605e,49506102,travessa,Travessa Antônio da Costa Carvalho,Rotary Club de Itabaiana,8d820d6b-d516-4628-8228-0e70dcaf08f5,SE
01a02d9c-fb69-7119-8c00-c7950ef7b989,49050820,travessa,Travessa Aquidabã,Suíssa,71df064f-d17f-4cf5-ad45-93ce4e8182a5,SE
01a02d9d-0143-7fcd-a5c9-e4b0ca5dfc89,49065120,travessa,Travessa Aracajuzinho,Industrial,71df064f-d17f-4cf5-ad45-93ce4e8182a5,SE
01a02d9d-1ea4-775d-8803-ca3fb56cf097,49097070,travessa,Travessa Armando Sales,Ponto Novo,71df064f-d17f-4cf5-ad45-93ce4e8182a5,SE
01a02d9c-f574-7bf3-a68a-3a73cd320549,49044529,travessa,Travessa Arrozal,Santa Maria,71df064f-d17f-4cf5-ad45-93ce4e8182a5,SE
01a02d9d-2e63-78f6-b36a-335938e5810d,49500178,travessa,Travessa Artur Barbosa,Centro,8d820d6b-d516-4628-8228-0e70dcaf08f5,SE
01a02d9d-0551-7cb5-a2f5-de5f489874ce,49070030,travessa,Travessa Artur Fortes,Cidade Nova,71df064f-d17f-4cf5-ad45-93ce4e8182a5,SE
01a02d9d-0f0f-7b41-b269-ea0f31e1bb87,49085060,travessa,Travessa Atalaia,José Conrado de Araújo,71df064f-d17f-4cf5-ad45-93ce4e8182a5,SE
01a02d9d-1ac0-7fdd-b3a8-3f7f269e1331,49092370,travessa,Travessa Avanir Lima Freitas,Olaria,71df064f-d17f-4cf5-ad45-93ce4e8182a5,SE
01a02d9c-d813-7423-9947-283a98e8da2b,49008728,travessa,Travessa Ayrton Senna,Zona de Expansão (Mosqueiro),71df064f-d17f-4cf5-ad45-93ce4e8182a5,SE
01a02d9d-14f5-703d-bb2c-f6fe492eaf2d,49088405,travessa,Travessa B,Lamarão,71df064f-d17f-4cf5-ad45-93ce4e8182a5,SE
01a02d9d-16ed-7d6c-be1b-05b01ff12a0d,49089374,travessa,Travessa B,Soledade,71df064f-d17f-4cf5-ad45-93ce4e8182a5,SE
01a02d9c-e3fd-7623-b633-61b515d473f4,49032473,travessa,Travessa B,Farolândia,71df064f-d17f-4cf5-ad45-93ce4e8182a5,SE
01a02d9d-0351-7453-b04e-9a3c976f7b13,49066246,travessa,Travessa B,Industrial,71df064f-d17f-4cf5-ad45-93ce4e8182a5,SE
01a02d9d-054f-7a85-9313-4a5c53c09baf,49067203,travessa,Travessa B,Porto D'Antas,71df064f-d17f-4cf5-ad45-93ce4e8182a5,SE
01a02d9d-0d20-7d89-91a3-0b77e097dd70,49081096,travessa,Travessa B,Capucho,71df064f-d17f-4cf5-ad45-93ce4e8182a5,SE
01a02d9d-28ab-75f8-a3f0-b60812c210ed,49043866,travessa,Travessa B,Santa Maria,71df064f-d17f-4cf5-ad45-93ce4e8182a5,SE
01a02d9d-24a1-7e19-9cad-af3dbe068000,49080488,travessa,Travessa B,América,71df064f-d17f-4cf5-ad45-93ce4e8182a5,SE
01a02d9d-1ac2-70e0-a652-d3b25652b715,49092669,travessa,Travessa B,Olaria,71df064f-d17f-4cf5-ad45-93ce4e8182a5,SE
01a02d9d-1ac0-7fdd-b3b0-77a24e554fec,49092473,travessa,Travessa B,Olaria,71df064f-d17f-4cf5-ad45-93ce4e8182a5,SE
01a02d9d-16ee-7ea5-8e40-76111918034f,49090036,travessa,Travessa B,Bugio,71df064f-d17f-4cf5-ad45-93ce4e8182a5,SE
01a02d9c-e7d6-77a3-a99a-70bd66557e4d,49037846,travessa,Travessa B,Aeroporto,71df064f-d17f-4cf5-ad45-93ce4e8182a5,SE
01a02d9c-eda3-77a9-bf4d-09bc2938052f,49042717,travessa,Travessa B,São Conrado,71df064f-d17f-4cf5-ad45-93ce4e8182a5,SE
01a02d9c-f199-73e4-a67c-33a1e19a60cc,49043675,travessa,Travessa B,Santa Maria,71df064f-d17f-4cf5-ad45-93ce4e8182a5,SE
01a02d9c-ff48-7f69-9d27-2b27bad927c3,49061103,travessa,Travessa B,Santo Antônio,71df064f-d17f-4cf5-ad45-93ce4e8182a5,SE
01a02d9c-ff49-7816-bf60-ac9fd535e37a,49063022,travessa,Travessa B,Japãozinho,71df064f-d17f-4cf5-ad45-93ce4e8182a5,SE
01a02d9c-ff4a-7a71-9c7b-d50f41abcad9,49063133,travessa,Travessa B,Japãozinho,71df064f-d17f-4cf5-ad45-93ce4e8182a5,SE
01a02d9d-0143-7719-a5b0-e22cde52edf5,49063211,travessa,Travessa B,Japãozinho,71df064f-d17f-4cf5-ad45-93ce4e8182a5,SE
01a02d9d-0143-7fcd-a5c3-2e89b20919f0,49065063,travessa,Travessa B,Industrial,71df064f-d17f-4cf5-ad45-93ce4e8182a5,SE
01a02d9c-d813-7423-9937-03cd5eed180e,49008605,travessa,Travessa B,Zona de Expansão (Mosqueiro),71df064f-d17f-4cf5-ad45-93ce4e8182a5,SE
01a02d9d-16ef-7fec-b468-9a0680ebd1c1,49090323,travessa,Travessa B1,Bugio,71df064f-d17f-4cf5-ad45-93ce4e8182a5,SE
01a02d9c-f390-73e4-b2a6-0296d64d1aaa,49044291,travessa,Travessa B10,Santa Maria,71df064f-d17f-4cf5-ad45-93ce4e8182a5,SE
01a02d9c-f390-73e4-b2ab-21a8c12dc2d0,49044302,travessa,Travessa B14,Santa Maria,71df064f-d17f-4cf5-ad45-93ce4e8182a5,SE
01a02d9c-f390-7cbc-b2ad-ec3eaa5b7318,49044305,travessa,Travessa B15,Santa Maria,71df064f-d17f-4cf5-ad45-93ce4e8182a5,SE
01a02d9c-f390-7cbc-b2af-a6d326cb627a,49044308,travessa,Travessa B16,Santa Maria,71df064f-d17f-4cf5-ad45-93ce4e8182a5,SE
01a02d9c-f390-7cbc-b2b1-ad838cb75842,49044311,travessa,Travessa B17,Santa Maria,71df064f-d17f-4cf5-ad45-93ce4e8182a5,SE
01a02d9d-16ef-7fec-b469-e8a668e32b6e,49090326,travessa,Travessa B2,Bugio,71df064f-d17f-4cf5-ad45-93ce4e8182a5,SE
01a02d9d-16ef-7fec-b46a-f0d841bf4883,49090329,travessa,Travessa B3,Bugio,71df064f-d17f-4cf5-ad45-93ce4e8182a5,SE
01a02d9c-f38f-7ad9-b40a-54527f550c43,49044278,travessa,Travessa B6,Santa Maria,71df064f-d17f-4cf5-ad45-93ce4e8182a5,SE
01a02d9c-f390-73e4-b2a3-90a56a38a1fb,49044284,travessa,Travessa B8,Santa Maria,71df064f-d17f-4cf5-ad45-93ce4e8182a5,SE
01a02d9c-ebc0-76b0-bb48-c702fddd2cc8,49042156,travessa,Travessa BA 1,São Conrado,71df064f-d17f-4cf5-ad45-93ce4e8182a5,SE
01a02d9c-ebc0-76b0-bb49-d69cf43f60a4,49042159,travessa,Travessa BA 2,São Conrado,71df064f-d17f-4cf5-ad45-93ce4e8182a5,SE
01a02d9d-0934-7568-8350-90749f787725,49075110,travessa,Travessa Bahia,Siqueira Campos,71df064f-d17f-4cf5-ad45-93ce4e8182a5,SE
01a02d9c-da15-7bf8-adcc-131a6eea195a,49010500,travessa,Travessa Baltazar Góes,Centro,71df064f-d17f-4cf5-ad45-93ce4e8182a5,SE
01a02d9c-da16-7460-b90f-2d8bcbcd3315,49010901,travessa,Travessa Baltazar Góes 86,Centro,71df064f-d17f-4cf5-ad45-93ce4e8182a5,SE
01a02d9c-da16-7cc8-b915-eceb00bde874,49010907,travessa,Travessa Baltazar Góes 86,Centro,71df064f-d17f-4cf5-ad45-93ce4e8182a5,SE
01a02d9d-0143-7fcd-a5cc-35f09ca8a64b,49065140,travessa,Travessa Bastos Coelho,Industrial,71df064f-d17f-4cf5-ad45-93ce4e8182a5,SE
01a02d9d-0746-75e9-932a-e0314439b0e2,49072060,travessa,Travessa Basílio Peralva,Dezoito do Forte,71df064f-d17f-4cf5-ad45-93ce4e8182a5,SE
01a02d9c-fb6b-7475-b2c3-c0c49670114b,49055100,travessa,Travessa Basílio Rocha,Getúlio Vargas,71df064f-d17f-4cf5-ad45-93ce4e8182a5,SE
01a02d9d-0143-7fcd-a5ce-ad672910ea77,49065152,travessa,Travessa Batistinha,Industrial,71df064f-d17f-4cf5-ad45-93ce4e8182a5,SE
01a02d9d-18d5-7f7e-9b29-5d322aa07b27,49090546,travessa,Travessa Beira Rio,Bugio,71df064f-d17f-4cf5-ad45-93ce4e8182a5,SE
01a02d9d-18d4-7e38-ad82-87e3746d68c1,49090396,travessa,Travessa Beira Rio,Bugio,71df064f-d17f-4cf5-ad45-93ce4e8182a5,SE
01a02d9c-eda0-7f96-a0ec-a26ecf5e6e54,49042196,travessa,Travessa Beira Rio,São Conrado,71df064f-d17f-4cf5-ad45-93ce4e8182a5,SE
01a02d9c-d208-74cf-bc2a-84345541c903,49004571,travessa,Travessa Beira Rio,Zona de Expansão (Robalo),71df064f-d17f-4cf5-ad45-93ce4e8182a5,SE
01a02d9d-0932-7bae-b101-fc4f33385fbf,49072393,travessa,Travessa Bela Vista,Dezoito do Forte,71df064f-d17f-4cf5-ad45-93ce4e8182a5,SE
01a02d9d-10fa-7b93-9609-f4fedade52ba,49087393,travessa,Travessa Bela Vista,Santos Dumont,71df064f-d17f-4cf5-ad45-93ce4e8182a5,SE
01a02d9c-fd5f-7dd9-bcf7-39e06031b81f,49060050,travessa,Travessa Belas Artes,Santo Antônio,71df064f-d17f-4cf5-ad45-93ce4e8182a5,SE
01a02d9d-2a91-7c3f-8640-ca031169a6bb,49071001,travessa,Travessa Benjamin Constant,Dom Luciano,71df064f-d17f-4cf5-ad45-93ce4e8182a5,SE
01a02d9d-2a91-7c3f-863c-4db62e96e7df,49070474,travessa,Travessa Benjamin Constant,Cidade Nova,71df064f-d17f-4cf5-ad45-93ce4e8182a5,SE
01a02d9c-d813-7423-9977-c8c16390f6c0,49010100,travessa,Travessa Benjamin Constant,Centro,71df064f-d17f-4cf5-ad45-93ce4e8182a5,SE
01a02d9d-3439-7f6f-8ab6-3d452c8277de,49503096,travessa,Travessa Bombina Nunes Silva,Serrano,8d820d6b-d516-4628-8228-0e70dcaf08f5,SE
01a02d9d-0b2b-79eb-a51c-139cf4307c98,49080110,travessa,Travessa Brasil,América,71df064f-d17f-4cf5-ad45-93ce4e8182a5,SE
01a02d9c-eda1-7f9a-bf02-00fd97ab5df5,49042213,travessa,Travessa Brasil,São Conrado,71df064f-d17f-4cf5-ad45-93ce4e8182a5,SE
01a02d9c-e201-7faf-abcd-aee47f2ebd4a,49032316,travessa,Travessa C,Farolândia,71df064f-d17f-4cf5-ad45-93ce4e8182a5,SE
01a02d9d-0351-7cf4-b05d-91369abefeb9,49066370,travessa,Travessa C,Industrial,71df064f-d17f-4cf5-ad45-93ce4e8182a5,SE
01a02d9d-0d20-7d89-91a4-7adc1c7b2495,49081099,travessa,Travessa C,Capucho,71df064f-d17f-4cf5-ad45-93ce4e8182a5,SE
01a02d9d-28ab-75f8-a3f3-fafdc269da04,49043874,travessa,Travessa C,Santa Maria,71df064f-d17f-4cf5-ad45-93ce4e8182a5,SE
01a02d9d-209c-7757-afb0-1d45f99349df,49097653,travessa,Travessa C,Ponto Novo,71df064f-d17f-4cf5-ad45-93ce4e8182a5,SE
01a02d9d-1ac2-70e0-a65e-457cfa067864,49092711,travessa,Travessa C,Olaria,71df064f-d17f-4cf5-ad45-93ce4e8182a5,SE
01a02d9d-18d5-76cf-9b25-ae9e460ee9cf,49090533,travessa,Travessa C,Bugio,71df064f-d17f-4cf5-ad45-93ce4e8182a5,SE
01a02d9d-2c75-7cb2-a5f7-5a8e9a36d199,49089090,travessa,Travessa C,Soledade,71df064f-d17f-4cf5-ad45-93ce4e8182a5,SE
01a02d9c-fd62-703f-b9a5-2f89ebbda205,49060446,travessa,Travessa C,Santo Antônio,71df064f-d17f-4cf5-ad45-93ce4e8182a5,SE
01a02d9d-0146-742a-9f8a-d40c22c9d80b,49065510,travessa,Travessa C,Industrial,71df064f-d17f-4cf5-ad45-93ce4e8182a5,SE
01a02d9c-d813-7423-9938-95d8b30927a7,49008608,travessa,Travessa C,Zona de Expansão (Mosqueiro),71df064f-d17f-4cf5-ad45-93ce4e8182a5,SE
01a02d9c-d813-7423-9939-f79734960cbd,49008611,travessa,Travessa C1,Zona de Expansão (Mosqueiro),71df064f-d17f-4cf5-ad45-93ce4e8182a5,SE
01a02d9c-d813-7423-993b-a7a8c1ee6f3d,49008643,travessa,Travessa C1,Zona de Expansão (Mosqueiro),71df064f-d17f-4cf5-ad45-93ce4e8182a5,SE
01a02d9c-eda3-77a9-bf60-f4d04b9ae86b,49042846,travessa,Travessa Cabo Walbert Dias Soares,São Conrado,71df064f-d17f-4cf5-ad45-93ce4e8182a5,SE
01a02d9d-0934-7568-8359-5f204070bb6d,49075193,travessa,Travessa Campo do Brito,Siqueira Campos,71df064f-d17f-4cf5-ad45-93ce4e8182a5,SE
01a02d9d-1ac1-7870-9d8f-37b701d15423,49092651,travessa,Travessa Canal,Olaria,71df064f-d17f-4cf5-ad45-93ce4e8182a5,SE
01a02d9c-fb69-7a00-8c15-60781fc48f88,49052130,travessa,Travessa Canaã,Pereira Lobo,71df064f-d17f-4cf5-ad45-93ce4e8182a5,SE
01a02d9c-fb6b-7475-b2c6-03e76b1f51ae,49055140,travessa,Travessa Cano Dez,Getúlio Vargas,71df064f-d17f-4cf5-ad45-93ce4e8182a5,SE
01a02d9d-2e64-71a7-945a-db9c85553ac1,49500208,travessa,Travessa Capitão Francisco Ferreira,Centro,8d820d6b-d516-4628-8228-0e70dcaf08f5,SE
01a02d9d-16ee-7ea5-8e51-60a33ebea5dc,49090120,travessa,Travessa Capitão Machado,Bugio,71df064f-d17f-4cf5-ad45-93ce4e8182a5,SE
01a02d9c-d812-73f5-bba4-9b440cc555ca,49008566,travessa,Travessa Carlos Alberto Zuzart I,Zona de Expansão (Mosqueiro),71df064f-d17f-4cf5-ad45-93ce4e8182a5,SE
01a02d9c-d812-73f5-bba5-67634b44ff45,49008569,travessa,Travessa Carlos Alberto Zuzart II,Zona de Expansão (Mosqueiro),71df064f-d17f-4cf5-ad45-93ce4e8182a5,SE
01a02d9d-3860-7f3e-8584-10ffcc85086c,49504408,travessa,Travessa Carmen Silva Alves,Marianga,8d820d6b-d516-4628-8228-0e70dcaf08f5,SE
01a02d9c-e9cd-7d4c-8d3b-82b995ec80e8,49040090,travessa,Travessa Casimiro de Abreu,Inácio Barbosa,71df064f-d17f-4cf5-ad45-93ce4e8182a5,SE
01a02d9d-0934-7568-8357-3cd119f21cf4,49075180,travessa,Travessa Ceará,Siqueira Campos,71df064f-d17f-4cf5-ad45-93ce4e8182a5,SE
01a02d9d-0d20-750f-9187-54debe942cb9,49080600,travessa,Travessa Cefap,América,71df064f-d17f-4cf5-ad45-93ce4e8182a5,SE
01a02d9d-0d21-75fb-8f6f-a4f69b0962d0,49082100,travessa,Travessa Central,Novo Paraíso,71df064f-d17f-4cf5-ad45-93ce4e8182a5,SE
01a02d9d-0b2c-7ad8-904d-299b093c7db4,49080363,travessa,Travessa Central II,América,71df064f-d17f-4cf5-ad45-93ce4e8182a5,SE
01a02d9d-0b2c-7262-9030-2be6f7ebd9e6,49080140,travessa,Travessa Chile,América,71df064f-d17f-4cf5-ad45-93ce4e8182a5,SE
01a02d9d-0744-73ec-b48b-e1c50a68b496,49070533,travessa,Travessa Cinco,Cidade Nova,71df064f-d17f-4cf5-ad45-93ce4e8182a5,SE
01a02d9d-0d20-750f-9193-f761346bbf6b,49080661,travessa,Travessa Cinco,América,71df064f-d17f-4cf5-ad45-93ce4e8182a5,SE
01a02d9c-ebbf-7e0b-9b13-b95b6b902c47,49042073,travessa,Travessa Cinco,São Conrado,71df064f-d17f-4cf5-ad45-93ce4e8182a5,SE
01a02d9c-ef91-74a3-911b-5d0d4ba290ec,49043083,travessa,Travessa Cinco,São Conrado,71df064f-d17f-4cf5-ad45-93ce4e8182a5,SE
01a02d9d-0746-7e92-9330-f0182847d3e9,49072113,travessa,Travessa Cinco de Julho,Dezoito do Forte,71df064f-d17f-4cf5-ad45-93ce4e8182a5,SE
01a02d9c-f755-771f-a98f-6ddad131e08c,49047280,travessa,Travessa Claudionor Almeida de Santana,Ponto Novo,71df064f-d17f-4cf5-ad45-93ce4e8182a5,SE
01a02d9d-2e64-7a5b-948d-6c65d6a9cedd,49500412,travessa,Travessa Claudionor Araújo Carvalho,São Cristóvão,8d820d6b-d516-4628-8228-0e70dcaf08f5,SE
01a02d9c-e200-7e62-9b7c-ec6ac8f87d74,49032203,travessa,Travessa Claudionor Leite,Farolândia,71df064f-d17f-4cf5-ad45-93ce4e8182a5,SE
01a02d9c-fb6b-7475-b2c8-1a04422754d2,49055160,travessa,Travessa Clodomir Silva,Getúlio Vargas,71df064f-d17f-4cf5-ad45-93ce4e8182a5,SE
01a02d9c-f199-73e4-a674-4b5a387b385f,49043621,travessa,Travessa Coelho Neto,Santa Maria,71df064f-d17f-4cf5-ad45-93ce4e8182a5,SE
01a02d9c-fb6b-7475-b2c9-acb03f696390,49055170,travessa,Travessa Coelho e Campos,Getúlio Vargas,71df064f-d17f-4cf5-ad45-93ce4e8182a5,SE
01a02d9d-0d21-75fb-8f71-b7ea8e80aa25,49082123,travessa,Travessa Colômbia,Novo Paraíso,71df064f-d17f-4cf5-ad45-93ce4e8182a5,SE
01a02d9d-28ab-7e96-a409-f94c0c5f2d3f,49055605,travessa,Travessa Comunidade da Maloca,Getúlio Vargas,71df064f-d17f-4cf5-ad45-93ce4e8182a5,SE
01a02d9d-0350-7bb7-9f5b-ef4441f281ed,49066010,travessa,Travessa Confiança,Industrial,71df064f-d17f-4cf5-ad45-93ce4e8182a5,SE
01a02d9d-22a8-7781-a744-a6b7e02607ae,49044269,travessa,Travessa Contorno,Santa Maria,71df064f-d17f-4cf5-ad45-93ce4e8182a5,SE
01a02d9c-e9cd-7d4c-8d40-81fadb93c155,49040133,travessa,Travessa Copérnico,Inácio Barbosa,71df064f-d17f-4cf5-ad45-93ce4e8182a5,SE
01a02d9d-0550-7b9d-89ab-29d19a8955f2,49069057,travessa,Travessa Coqueiral,Porto D'Antas,71df064f-d17f-4cf5-ad45-93ce4e8182a5,SE
01a02d9d-1ea4-7ff5-880a-aba3b3381892,49097150,travessa,Travessa Coronel Leão Viana,Ponto Novo,71df064f-d17f-4cf5-ad45-93ce4e8182a5,SE
01a02d9c-ef93-708a-91a0-374562c67e82,49043340,travessa,Travessa Corretor Alonso,São Conrado,71df064f-d17f-4cf5-ad45-93ce4e8182a5,SE
01a02d9d-10f9-7a21-aa52-9b40d0fda0eb,49087103,travessa,Travessa Corretor Otoniel,Santos Dumont,71df064f-d17f-4cf5-ad45-93ce4e8182a5,SE
01a02d9c-e3fc-7d65-92ef-5ced858aa8a1,49032443,travessa,Travessa Corretor Otoniel Souza Medrado,Farolândia,71df064f-d17f-4cf5-ad45-93ce4e8182a5,SE
01a02d9d-0b2c-7262-9033-c153b5133511,49080163,travessa,Travessa Costa Rica,América,71df064f-d17f-4cf5-ad45-93ce4e8182a5,SE
01a02d9d-1ea4-775d-87f6-085600e88161,49096277,travessa,Travessa Cristiano de Oliveira Santos,Jabotiana,71df064f-d17f-4cf5-ad45-93ce4e8182a5,SE
01a02d9d-269e-7c85-a4a1-8669c6f7f5a3,49080170,travessa,Travessa Cruz Vermelha,América,71df064f-d17f-4cf5-ad45-93ce4e8182a5,SE
01a02d9c-fd5f-7526-bceb-8a5a4a23d8de,49055710,travessa,Travessa Cruzeiro,Getúlio Vargas,71df064f-d17f-4cf5-ad45-93ce4e8182a5,SE
01a02d9d-2c75-7446-a5ea-fd02dc9230aa,49082142,travessa,Travessa Cuba,Novo Paraíso,71df064f-d17f-4cf5-ad45-93ce4e8182a5,SE
01a02d9c-d208-74cf-bc1e-9cfbcd25dcb5,49004493,travessa,Travessa Curva do Rio,Zona de Expansão (Robalo),71df064f-d17f-4cf5-ad45-93ce4e8182a5,SE
01a02d9c-e7d5-767a-9098-a86c05cdd5d6,49037566,travessa,Travessa Cândido Inácio,Aeroporto,71df064f-d17f-4cf5-ad45-93ce4e8182a5,SE
01a02d9d-0932-7bae-b0f1-f0542b212c86,49072283,travessa,Travessa D,Dezoito do Forte,71df064f-d17f-4cf5-ad45-93ce4e8182a5,SE
01a02d9d-0d20-7d89-91a5-8e3ecb8ec52a,49081102,travessa,Travessa D,Capucho,71df064f-d17f-4cf5-ad45-93ce4e8182a5,SE
01a02d9d-2a92-74f4-95f1-560f63590af6,49071058,travessa,Travessa D,Dom Luciano,71df064f-d17f-4cf5-ad45-93ce4e8182a5,SE
01a02d9d-28ab-75f8-a3f4-1448c612b20e,49043876,travessa,Travessa D,Santa Maria,71df064f-d17f-4cf5-ad45-93ce4e8182a5,SE
01a02d9d-28aa-7d74-8794-c4ea2395e194,49043458,travessa,Travessa D,Santa Maria,71df064f-d17f-4cf5-ad45-93ce4e8182a5,SE
01a02d9d-22a6-7785-a722-2041e0e3f436,49032313,travessa,Travessa D,Farolândia,71df064f-d17f-4cf5-ad45-93ce4e8182a5,SE
01a02d9d-1ac2-70e0-a65f-085703785a31,49092714,travessa,Travessa D,Olaria,71df064f-d17f-4cf5-ad45-93ce4e8182a5,SE
01a02d9c-eda1-7f9a-bf24-4fba75f8a78e,49042433,travessa,Travessa D,São Conrado,71df064f-d17f-4cf5-ad45-93ce4e8182a5,SE
01a02d9d-2c76-7566-8369-8a1c9fd74642,49090417,travessa,Travessa D,Bugio,71df064f-d17f-4cf5-ad45-93ce4e8182a5,SE
01a02d9d-2c75-7cb2-a5fd-83bbe1526eb8,49089396,travessa,Travessa D,Soledade,71df064f-d17f-4cf5-ad45-93ce4e8182a5,SE
01a02d9c-d812-73f5-bbab-80f2cc36da46,49008587,travessa,Travessa D,Zona de Expansão (Mosqueiro),71df064f-d17f-4cf5-ad45-93ce4e8182a5,SE
01a02d9d-305b-7f8f-b89c-f8eadb03eef3,49500666,travessa,Travessa D,São Cristóvão,8d820d6b-d516-4628-8228-0e70dcaf08f5,SE
01a02d9d-2c76-7566-8368-cb50f27c312d,49090414,travessa,Travessa D1,Bugio,71df064f-d17f-4cf5-ad45-93ce4e8182a5,SE
01a02d9c-f198-7b4f-a218-1d818db28b42,49043615,travessa,Travessa Danilo Menezes,Santa Maria,71df064f-d17f-4cf5-ad45-93ce4e8182a5,SE
01a02d9c-dc0a-726b-a94a-f2565ddbf09d,49015470,travessa,Travessa David Bitencourt Luduvice,São José,71df064f-d17f-4cf5-ad45-93ce4e8182a5,SE
01a02d9c-e9cd-7495-8d22-f247f05c4a53,49038313,travessa,Travessa Deputado Raimundo Diniz,Atalaia,71df064f-d17f-4cf5-ad45-93ce4e8182a5,SE
01a02d9c-d813-7423-9976-79a98f13b365,49010090,travessa,Travessa Deusdedith Fontes,Centro,71df064f-d17f-4cf5-ad45-93ce4e8182a5,SE
01a02d9d-12f0-7662-a193-0fe9887fac99,49088113,travessa,Travessa Dez,Lamarão,71df064f-d17f-4cf5-ad45-93ce4e8182a5,SE
01a02d9c-f38c-7e64-b0a9-517bc490a0ff,49044158,travessa,Travessa Dez,Santa Maria,71df064f-d17f-4cf5-ad45-93ce4e8182a5,SE
01a02d9c-f38e-79e9-8622-c77f8db7d50e,49044214,travessa,Travessa Dezenove,Santa Maria,71df064f-d17f-4cf5-ad45-93ce4e8182a5,SE
01a02d9c-fd60-768e-adf5-d9266476cf2b,49060130,travessa,Travessa Dezesseis de Julho,Palestina,71df064f-d17f-4cf5-ad45-93ce4e8182a5,SE
01a02d9d-10f9-7a21-aa53-a82f5ded1f30,49087113,travessa,Travessa Dezesseis de Novembro,Santos Dumont,71df064f-d17f-4cf5-ad45-93ce4e8182a5,SE
01a02d9d-10f9-7a21-aa54-28ad277bd944,49087116,travessa,Travessa Dezesseis de Novembro II,Santos Dumont,71df064f-d17f-4cf5-ad45-93ce4e8182a5,SE
01a02d9c-f38e-7134-8621-ad37936d9039,49044212,travessa,Travessa Dezoito,Santa Maria,71df064f-d17f-4cf5-ad45-93ce4e8182a5,SE
01a02d9d-1ac0-7746-b39b-9ce0edca551c,49092270,travessa,Travessa Dezoito de Maio,Olaria,71df064f-d17f-4cf5-ad45-93ce4e8182a5,SE
01a02d9c-f94b-7b78-873e-c664e788105a,49050673,travessa,Travessa Didi Costa,Suíssa,71df064f-d17f-4cf5-ad45-93ce4e8182a5,SE
01a02d9d-0550-7b9d-89b0-3566545de88c,49069072,travessa,Travessa Divina Pastora,Porto D'Antas,71df064f-d17f-4cf5-ad45-93ce4e8182a5,SE
01a02d9d-12ef-7d86-bc6e-e1ff3ac46bcd,49088043,travessa,Travessa Dois,Lamarão,71df064f-d17f-4cf5-ad45-93ce4e8182a5,SE
01a02d9d-12ee-7b48-9400-ee85773b5645,49087733,travessa,Travessa Dois,Santos Dumont,71df064f-d17f-4cf5-ad45-93ce4e8182a5,SE
01a02d9d-0d20-750f-9190-dc63a045b0d2,49080652,travessa,Travessa Dois,América,71df064f-d17f-4cf5-ad45-93ce4e8182a5,SE
01a02d9c-f19b-762b-a1ca-8522963d67c7,49043821,travessa,Travessa Dois,Santa Maria,71df064f-d17f-4cf5-ad45-93ce4e8182a5,SE
01a02d9c-f38f-7ad9-b401-465600b8e0ac,49044257,travessa,Travessa Dois,Santa Maria,71df064f-d17f-4cf5-ad45-93ce4e8182a5,SE
01a02d9d-2c75-7446-a5f3-23caaad57848,49088494,travessa,Travessa Dois,Lamarão,71df064f-d17f-4cf5-ad45-93ce4e8182a5,SE
01a02d9d-12ef-7d86-bc6f-6c8138aafaa2,49088046,travessa,Travessa Dois A,Lamarão,71df064f-d17f-4cf5-ad45-93ce4e8182a5,SE
01a02d9d-12ef-7d86-bc70-21471a4961f4,49088049,travessa,Travessa Dois B,Lamarão,71df064f-d17f-4cf5-ad45-93ce4e8182a5,SE
01a02d9d-1ea4-7ff5-8812-5f8074116196,49097205,travessa,Travessa Dom Pedro I,Ponto Novo,71df064f-d17f-4cf5-ad45-93ce4e8182a5,SE
01a02d9d-10f9-7a21-aa5a-f301149e76c2,49087143,travessa,Travessa Dom Pedro II,Santos Dumont,71df064f-d17f-4cf5-ad45-93ce4e8182a5,SE
01a02d9c-fd60-768e-adf3-0d586cbe2f16,49060110,travessa,Travessa Doutor Airton Teles,Santo Antônio,71df064f-d17f-4cf5-ad45-93ce4e8182a5,SE
01a02d9d-0551-742a-a2e3-54b128ac1b6d,49069171,travessa,Travessa Doutor Gonzaga,Porto D'Antas,71df064f-d17f-4cf5-ad45-93ce4e8182a5,SE
01a02d9d-22a5-775a-9ff5-fecd1d365fd8,49010540,travessa,Travessa Doutor Hélio Ribeiro,Centro,71df064f-d17f-4cf5-ad45-93ce4e8182a5,SE
01a02d9c-f94b-72d4-8736-4fff7efb2029,49050563,travessa,Travessa Doutor José Luciano Siqueira,Suíssa,71df064f-d17f-4cf5-ad45-93ce4e8182a5,SE
01a02d9d-3438-7f59-9a82-35866787025d,49503072,travessa,Travessa Doutor Renato Mazze Lucas,Serrano,8d820d6b-d516-4628-8228-0e70dcaf08f5,SE
01a02d9c-f38c-7e64-b0af-0793588755fc,49044168,travessa,Travessa Doze,Santa Maria,71df064f-d17f-4cf5-ad45-93ce4e8182a5,SE
01a02d9c-eda1-7f9a-bf22-748bbd88bc76,49042429,travessa,Travessa Durval de Souza Prado,São Conrado,71df064f-d17f-4cf5-ad45-93ce4e8182a5,SE
01a02d9d-28ab-75f8-a3f7-c43c8db2d702,49043885,travessa,Travessa E,Santa Maria,71df064f-d17f-4cf5-ad45-93ce4e8182a5,SE
01a02d9d-24a2-7e2b-9eca-5b74145736a3,49089115,travessa,Travessa E,Soledade,71df064f-d17f-4cf5-ad45-93ce4e8182a5,SE
01a02d9d-1cb8-74ef-96d7-5c28add7011c,49095789,travessa,Travessa E,Jabotiana,71df064f-d17f-4cf5-ad45-93ce4e8182a5,SE
01a02d9d-1ac2-70e0-a654-dfd173fdd5d7,49092673,travessa,Travessa E,Olaria,71df064f-d17f-4cf5-ad45-93ce4e8182a5,SE
01a02d9c-eda1-7f9a-bf19-88da22cf11ea,49042383,travessa,Travessa E,São Conrado,71df064f-d17f-4cf5-ad45-93ce4e8182a5,SE
01a02d9d-2c75-7cb2-a5fe-0bb3154fcfa4,49089418,travessa,Travessa E,Soledade,71df064f-d17f-4cf5-ad45-93ce4e8182a5,SE
01a02d9c-ff48-7f69-9d16-187b0fa50d4a,49061058,travessa,Travessa E,Santo Antônio,71df064f-d17f-4cf5-ad45-93ce4e8182a5,SE
01a02d9d-0144-786d-8f76-bc5ece7eba45,49065253,travessa,Travessa Edileide Santos,Industrial,71df064f-d17f-4cf5-ad45-93ce4e8182a5,SE
01a02d9d-3f02-7b6c-baf1-32c7036d9012,49509134,travessa,Travessa Edivaldo José de Oliveira,Mamede Paes Mendonça,8d820d6b-d516-4628-8228-0e70dcaf08f5,SE
01a02d9c-ebbe-7452-85e9-da78be8b41ba,49040703,travessa,Travessa Edson Cardoso,Inácio Barbosa,71df064f-d17f-4cf5-ad45-93ce4e8182a5,SE
01a02d9c-da14-7af6-8952-8f1d1de6b947,49010300,travessa,Travessa Eduardo Cruz Sobrinho,Centro,71df064f-d17f-4cf5-ad45-93ce4e8182a5,SE
01a02d9d-1ac0-7746-b39a-20aa1ba70674,49092260,travessa,Travessa Eduardo Honório de Souza,Olaria,71df064f-d17f-4cf5-ad45-93ce4e8182a5,SE
01a02d9c-fb6b-7d73-b2df-b90756ffd1a4,49055383,travessa,Travessa Elialine,Getúlio Vargas,71df064f-d17f-4cf5-ad45-93ce4e8182a5,SE
01a02d9d-10fa-7b93-9607-1d87ea307421,49087386,travessa,Travessa Elizabete Batista,Santos Dumont,71df064f-d17f-4cf5-ad45-93ce4e8182a5,SE
01a02d9d-0143-7719-a5a9-57e58de7b916,49063190,travessa,Travessa Eládio Lobo,Japãozinho,71df064f-d17f-4cf5-ad45-93ce4e8182a5,SE
01a02d9c-fd60-7f18-ae00-ef3faa6eff0e,49060220,travessa,Travessa Eládio Souza,Santo Antônio,71df064f-d17f-4cf5-ad45-93ce4e8182a5,SE
01a02d9c-ff48-7f69-9d24-6eeda8cb531b,49061094,travessa,Travessa Engenho Velho,Santo Antônio,71df064f-d17f-4cf5-ad45-93ce4e8182a5,SE
01a02d9d-385f-7de5-a0b6-3de413d1a4be,49504322,travessa,Travessa Eronildes José dos Santos,Marianga,8d820d6b-d516-4628-8228-0e70dcaf08f5,SE
01a02d9c-d61b-75e8-9a6c-5b04a889e7df,49008253,travessa,Travessa Esperança,Zona de Expansão (Mosqueiro),71df064f-d17f-4cf5-ad45-93ce4e8182a5,SE
01a02d9c-d61b-75e8-9a6d-6545123251a2,49008256,travessa,Travessa Esperança I,Zona de Expansão (Mosqueiro),71df064f-d17f-4cf5-ad45-93ce4e8182a5,SE
01a02d9c-d61b-75e8-9a6e-22974a8cfcd4,49008259,travessa,Travessa Esperança II,Zona de Expansão (Mosqueiro),71df064f-d17f-4cf5-ad45-93ce4e8182a5,SE
01a02d9d-0742-7a5d-a7cb-c33ddca7ffb4,49070172,travessa,Travessa Espírito Santo,Cidade Nova,71df064f-d17f-4cf5-ad45-93ce4e8182a5,SE
01a02d9d-0550-7b9d-89b3-da05bd5943ba,49069084,travessa,Travessa Estrela do Oriente,Porto D'Antas,71df064f-d17f-4cf5-ad45-93ce4e8182a5,SE
01a02d9d-305a-7e56-8efe-bbeb646aa3ae,49500460,travessa,Travessa Euclides Fiel dos Santos,São Cristóvão,8d820d6b-d516-4628-8228-0e70dcaf08f5,SE
01a02d9c-fb6a-72f9-9859-99df1124cdd2,49052263,travessa,Travessa Eulina,Suíssa,71df064f-d17f-4cf5-ad45-93ce4e8182a5,SE
01a02d9d-0142-7e7c-8d3c-7b632341f9fd,49063160,travessa,Travessa Eutimia Morais,Japãozinho,71df064f-d17f-4cf5-ad45-93ce4e8182a5,SE
01a02d9d-0d1f-7c95-9121-952170281bb1,49080525,travessa,Travessa Euzébio Pinheiro,América,71df064f-d17f-4cf5-ad45-93ce4e8182a5,SE
01a02d9c-e5f2-7389-98bb-9961d2ba855e,49037239,travessa,Travessa Ex-Combatente Durval de Souza Prado,Aeroporto,71df064f-d17f-4cf5-ad45-93ce4e8182a5,SE
01a02d9d-28ac-7818-a587-e4d8b5889012,49061038,travessa,Travessa F,Santo Antônio,71df064f-d17f-4cf5-ad45-93ce4e8182a5,SE
01a02d9c-ff48-7f69-9d1e-4e661ceb1a91,49061082,travessa,Travessa F,Santo Antônio,71df064f-d17f-4cf5-ad45-93ce4e8182a5,SE
01a02d9c-d813-7423-9952-62897d710860,49008846,travessa,Travessa F,Zona de Expansão (Mosqueiro),71df064f-d17f-4cf5-ad45-93ce4e8182a5,SE
01a02d9d-18d4-7e38-ad7d-9f31e65f7d40,49090383,travessa,Travessa F2,Jardim Centenário,71df064f-d17f-4cf5-ad45-93ce4e8182a5,SE
01a02d9d-18d4-7e38-ad7e-936ffed634d6,49090386,travessa,Travessa F3,Jardim Centenário,71df064f-d17f-4cf5-ad45-93ce4e8182a5,SE
01a02d9d-4124-7191-838b-baab74b2a192,49510175,travessa,Travessa Felisbelo Machado de Menezes,Porto,8d820d6b-d516-4628-8228-0e70dcaf08f5,SE
01a02d9d-1ea4-7ff5-8816-476b61d83363,49097230,travessa,Travessa Fernando Madureira,Ponto Novo,71df064f-d17f-4cf5-ad45-93ce4e8182a5,SE
01a02d9d-0f10-73f0-ba63-9d19011d8cba,49085143,travessa,Travessa Fernando de Noronha,José Conrado de Araújo,71df064f-d17f-4cf5-ad45-93ce4e8182a5,SE
01a02d9d-1ea4-7ff5-8818-ac1b8b8814fa,49097250,travessa,Travessa Flora Prado Maia,Ponto Novo,71df064f-d17f-4cf5-ad45-93ce4e8182a5,SE
01a02d9d-0d21-75fb-8f79-0e6702be97d7,49082190,travessa,Travessa Florianópolis,Novo Paraíso,71df064f-d17f-4cf5-ad45-93ce4e8182a5,SE
01a02d9d-3aaa-7743-af9f-62256e91b7de,49506228,travessa,Travessa Florival Mesquita da Silva,Rotary Club de Itabaiana,8d820d6b-d516-4628-8228-0e70dcaf08f5,SE
01a02d9d-3aa8-7d39-8ef6-bd1e8a30d309,49506030,travessa,Travessa Florival Oliveira,Rotary Club de Itabaiana,8d820d6b-d516-4628-8228-0e70dcaf08f5,SE
01a02d9c-d207-733a-80b1-05636d7d3f4b,49004258,travessa,Travessa Flávio Rodrigues,Zona de Expansão (Robalo),71df064f-d17f-4cf5-ad45-93ce4e8182a5,SE
01a02d9d-0145-7b2d-ae29-fc7df21599e7,49065400,travessa,Travessa Fonte Grande,Industrial,71df064f-d17f-4cf5-ad45-93ce4e8182a5,SE
01a02d9c-e9cc-7bdb-bc73-a0e1fc7b46db,49038270,travessa,Travessa Francelino Santos,Aeroporto,71df064f-d17f-4cf5-ad45-93ce4e8182a5,SE
01a02d9d-323a-7ce1-8141-0d8153ee0be6,49501575,travessa,Travessa Francisco Alves de Oliveira,Bananeiras,8d820d6b-d516-4628-8228-0e70dcaf08f5,SE
01a02d9d-3438-7f59-9a7f-01e14bbe0bd5,49503063,travessa,Travessa Francisco Antonio dos Santos,Serrano,8d820d6b-d516-4628-8228-0e70dcaf08f5,SE
01a02d9d-305d-70c5-8c7b-d8d31b26633b,49501148,travessa,Travessa Francisco Bragança,São Cristóvão,8d820d6b-d516-4628-8228-0e70dcaf08f5,SE
01a02d9d-323a-7ce1-8142-1bf53564c667,49501580,travessa,Travessa Francisco Bragança,Bananeiras,8d820d6b-d516-4628-8228-0e70dcaf08f5,SE
01a02d9d-3438-7f59-9a75-46b3bc2a82b3,49503006,travessa,Travessa Francisco Catarino da Fonseca,Serrano,8d820d6b-d516-4628-8228-0e70dcaf08f5,SE
01a02d9d-3aaa-7743-afa5-c4d3ce63bf1e,49506246,travessa,Travessa Francisco Noronha,Rotary Club de Itabaiana,8d820d6b-d516-4628-8228-0e70dcaf08f5,SE
01a02d9d-323b-7552-8d87-d55552f2ffb9,49501625,travessa,Travessa Francisco Oliveira,Bananeiras,8d820d6b-d516-4628-8228-0e70dcaf08f5,SE
01a02d9d-2e63-78f6-b355-6f55c2d67430,49500115,travessa,Travessa Francisco Porto,Centro,8d820d6b-d516-4628-8228-0e70dcaf08f5,SE
01a02d9d-3439-7f6f-8ac2-58adb0a967ed,49503132,travessa,Travessa Francisco Santana,Serrano,8d820d6b-d516-4628-8228-0e70dcaf08f5,SE
01a02d9d-2e65-7309-a820-8b458d6cadaa,49500427,travessa,Travessa Francisco Santos,São Cristóvão,8d820d6b-d516-4628-8228-0e70dcaf08f5,SE
01a02d9d-3f02-7b6c-baff-3a530171311a,49509176,travessa,Travessa Francisco Teles de Mendonça,Mamede Paes Mendonça,8d820d6b-d516-4628-8228-0e70dcaf08f5,SE
01a02d9d-1ac0-7746-b393-8d1a8ab06603,49092210,travessa,Travessa Francisco Xavier,Olaria,71df064f-d17f-4cf5-ad45-93ce4e8182a5,SE
01a02d9c-e200-7e62-9b7d-61e4e00d09e9,49032206,travessa,Travessa França,Farolândia,71df064f-d17f-4cf5-ad45-93ce4e8182a5,SE
01a02d9d-10fa-72fb-95f2-db17f686da67,49087233,travessa,Travessa Frei Henrique de Coimbra,Santos Dumont,71df064f-d17f-4cf5-ad45-93ce4e8182a5,SE
01a02d9c-da18-763e-b53b-caca57c87c69,49015240,travessa,Travessa Frei Paulo,São José,71df064f-d17f-4cf5-ad45-93ce4e8182a5,SE
01a02d9c-f198-7b4f-a20d-f4914655c64d,49043559,travessa,Travessa Frei Reginaldo,Santa Maria,71df064f-d17f-4cf5-ad45-93ce4e8182a5,SE
01a02d9c-ff48-7f69-9d17-0bf58fa66990,49061061,travessa,Travessa G,Santo Antônio,71df064f-d17f-4cf5-ad45-93ce4e8182a5,SE
01a02d9d-0143-7719-a5ad-d5b5f9976d1a,49063202,travessa,Travessa G,Japãozinho,71df064f-d17f-4cf5-ad45-93ce4e8182a5,SE
01a02d9c-d813-7423-9954-d602018b102a,49008852,travessa,Travessa G,Zona de Expansão (Mosqueiro),71df064f-d17f-4cf5-ad45-93ce4e8182a5,SE
01a02d9c-fb6b-7d73-b2d8-3c864091d475,49055290,travessa,Travessa Gararu,Getúlio Vargas,71df064f-d17f-4cf5-ad45-93ce4e8182a5,SE
01a02d9d-12f0-7f4b-a1a1-9fb33d2f05f2,49088240,travessa,Travessa General Euclides Figueiredo,Lamarão,71df064f-d17f-4cf5-ad45-93ce4e8182a5,SE
01a02d9d-12ee-72a8-93ee-a17a6125b32a,49087643,travessa,Travessa General Euclides Figueiredo,Santos Dumont,71df064f-d17f-4cf5-ad45-93ce4e8182a5,SE
01a02d9c-ff4a-7a71-9c71-2b4b14dd35ce,49063103,travessa,Travessa General Euclides Figueiredo,Japãozinho,71df064f-d17f-4cf5-ad45-93ce4e8182a5,SE
01a02d9d-0932-7bae-b0f3-2f71814c943a,49072293,travessa,Travessa General Joaquim Inácio,Dezoito do Forte,71df064f-d17f-4cf5-ad45-93ce4e8182a5,SE
01a02d9d-0f11-7409-b392-24b443600738,49085416,travessa,Travessa General Osório,José Conrado de Araújo,71df064f-d17f-4cf5-ad45-93ce4e8182a5,SE
01a02d9d-12ef-73e4-bc62-f78f9149ebb5,49087780,travessa,Travessa General Prado,Santos Dumont,71df064f-d17f-4cf5-ad45-93ce4e8182a5,SE
01a02d9d-0552-7541-887d-a3d874f5af37,49070120,travessa,Travessa General Valença,Cidade Nova,71df064f-d17f-4cf5-ad45-93ce4e8182a5,SE
01a02d9d-385f-7de5-a0ad-35d67216fd1c,49504244,travessa,Travessa Genilson Tavares de Jesus,Marianga,8d820d6b-d516-4628-8228-0e70dcaf08f5,SE
01a02d9c-f94b-72d4-8725-ce77ce51e343,49050350,travessa,Travessa Genésia Fontes,Suíssa,71df064f-d17f-4cf5-ad45-93ce4e8182a5,SE
01a02d9d-1ea4-7ff5-881e-d79fb546487c,49097290,travessa,Travessa Geraldo Brito,Ponto Novo,71df064f-d17f-4cf5-ad45-93ce4e8182a5,SE
01a02d9c-ef92-7777-9c36-5de2eb7e6f55,49043313,travessa,Travessa Geraldo Pina,São Conrado,71df064f-d17f-4cf5-ad45-93ce4e8182a5,SE
01a02d9d-0351-7cf4-b070-a710b8b94860,49067053,travessa,Travessa Gerson Farias,Porto D'Antas,71df064f-d17f-4cf5-ad45-93ce4e8182a5,SE
01a02d9d-0b2c-7ad8-903f-75abea5d982e,49080263,travessa,Travessa Guanabara,América,71df064f-d17f-4cf5-ad45-93ce4e8182a5,SE
01a02d9d-0b2c-7ad8-9040-d4c73bd16c42,49080270,travessa,Travessa Guaporé,América,71df064f-d17f-4cf5-ad45-93ce4e8182a5,SE
01a02d9d-0932-7bae-b0f6-57c9b06c12ef,49072303,travessa,Travessa Guilhermino Bezerra,Dezoito do Forte,71df064f-d17f-4cf5-ad45-93ce4e8182a5,SE
01a02d9d-14f4-778d-8863-28a3da608617,49088307,travessa,Travessa H,Lamarão,71df064f-d17f-4cf5-ad45-93ce4e8182a5,SE
01a02d9d-0b2d-734e-87c0-765b220d327b,49080406,travessa,Travessa H,América,71df064f-d17f-4cf5-ad45-93ce4e8182a5,SE
01a02d9c-eda1-7f9a-bf07-73ee2da542aa,49042236,travessa,Travessa H,São Conrado,71df064f-d17f-4cf5-ad45-93ce4e8182a5,SE
01a02d9c-eda1-7f9a-bf08-02fcec5e4cdf,49042239,travessa,Travessa H2,São Conrado,71df064f-d17f-4cf5-ad45-93ce4e8182a5,SE
01a02d9d-0143-7719-a5a8-54bcf4b4e266,49063187,travessa,Travessa Hans Cristians,Japãozinho,71df064f-d17f-4cf5-ad45-93ce4e8182a5,SE
01a02d9d-0932-7bae-b0f8-93cb8fa17979,49072320,travessa,Travessa Horácio Hora,Dezoito do Forte,71df064f-d17f-4cf5-ad45-93ce4e8182a5,SE
01a02d9d-2e64-7a5b-947d-2fcc6617be01,49500332,travessa,Travessa Humberto Dias do Sacramento,São Cristóvão,8d820d6b-d516-4628-8228-0e70dcaf08f5,SE
01a02d9c-ebbf-7e0b-9b04-06a7a38813e9,49041169,travessa,Travessa I,Inácio Barbosa,71df064f-d17f-4cf5-ad45-93ce4e8182a5,SE
01a02d9d-0932-7bae-b0f9-6ef87bf9c8ac,49072330,travessa,Travessa Iguaçu,Dezoito do Forte,71df064f-d17f-4cf5-ad45-93ce4e8182a5,SE
01a02d9c-f94b-72d4-8728-a977eb054713,49050380,travessa,Travessa Império,Suíssa,71df064f-d17f-4cf5-ad45-93ce4e8182a5,SE
01a02d9c-ef93-708a-91ab-d3e54bba3754,49043371,travessa,Travessa Independência II,São Conrado,71df064f-d17f-4cf5-ad45-93ce4e8182a5,SE
01a02d9c-ef93-708a-91ac-8739125467be,49043374,travessa,Travessa Independência III,São Conrado,71df064f-d17f-4cf5-ad45-93ce4e8182a5,SE
01a02d9d-0d20-750f-9194-4961d127e95b,49080664,travessa,Travessa Invasão,América,71df064f-d17f-4cf5-ad45-93ce4e8182a5,SE
01a02d9c-fb69-7a00-8c02-d1e126365ca8,49051010,travessa,Travessa Ione de Souza Melo,Suíssa,71df064f-d17f-4cf5-ad45-93ce4e8182a5,SE
01a02d9d-0932-7bae-b0fa-7e661bf7960a,49072340,travessa,Travessa Irineu Bezerra dos Anjos,Dezoito do Forte,71df064f-d17f-4cf5-ad45-93ce4e8182a5,SE
01a02d9d-0b2a-7088-9029-aba79d55b552,49075300,travessa,Travessa Irmã Gildete,Siqueira Campos,71df064f-d17f-4cf5-ad45-93ce4e8182a5,SE
01a02d9c-e7d5-767a-9083-627ee3a8a3c6,49037456,travessa,Travessa Isaac José Rodrigues,Atalaia,71df064f-d17f-4cf5-ad45-93ce4e8182a5,SE
01a02d9d-269e-73ce-a48a-c77b908478b0,49007316,travessa,Travessa Isaura,Zona de Expansão (Areia Branca),71df064f-d17f-4cf5-ad45-93ce4e8182a5,SE
01a02d9d-10fa-72fb-95fa-50a39f13b371,49087293,travessa,Travessa Ismael Pereira,Santos Dumont,71df064f-d17f-4cf5-ad45-93ce4e8182a5,SE
01a02d9d-343b-7f7d-a390-634441157c1c,49503411,travessa,Travessa Ivan Andrade,Anízio Amancio de Oliveira,8d820d6b-d516-4628-8228-0e70dcaf08f5,SE
01a02d9c-ebbf-7575-9aeb-b53a593f2f0a,49041052,travessa,Travessa Ivo Gomes,Inácio Barbosa,71df064f-d17f-4cf5-ad45-93ce4e8182a5,SE
01a02d9c-ebbf-7e0b-9b03-c9832bfc9e34,49041166,travessa,Travessa J,Inácio Barbosa,71df064f-d17f-4cf5-ad45-93ce4e8182a5,SE
01a02d9d-22a7-7785-8873-d9f66057cf7d,49042066,travessa,Travessa JN 1,São Conrado,71df064f-d17f-4cf5-ad45-93ce4e8182a5,SE
01a02d9c-ebbf-7e0b-9b11-b2a2d0970814,49042069,travessa,Travessa JN 2,São Conrado,71df064f-d17f-4cf5-ad45-93ce4e8182a5,SE
01a02d9c-ebc0-76b0-bb3d-626dfbdbbb55,49042082,travessa,Travessa JN 3,São Conrado,71df064f-d17f-4cf5-ad45-93ce4e8182a5,SE
01a02d9c-ebc0-76b0-bb3e-2cb62b8ef074,49042085,travessa,Travessa JN 4,São Conrado,71df064f-d17f-4cf5-ad45-93ce4e8182a5,SE
01a02d9c-fb6a-7bc1-9869-843fcec06de1,49052420,travessa,Travessa Jadiel Benevides,Suíssa,71df064f-d17f-4cf5-ad45-93ce4e8182a5,SE
01a02d9d-1abf-7e9d-b0bd-50ec3d698501,49092163,travessa,Travessa Jerusalém,Olaria,71df064f-d17f-4cf5-ad45-93ce4e8182a5,SE
01a02d9c-d206-7aa1-b38d-dc9202d24214,49004051,travessa,Travessa Joana Ouro,Zona de Expansão (Robalo),71df064f-d17f-4cf5-ad45-93ce4e8182a5,SE
01a02d9d-0145-7b2d-ae2e-149225c9dd2e,49065430,travessa,Travessa Joana Ribeiro,Industrial,71df064f-d17f-4cf5-ad45-93ce4e8182a5,SE
01a02d9d-1ac0-7746-b3a0-28997ed2c725,49092310,travessa,Travessa Joana de Angelis,Olaria,71df064f-d17f-4cf5-ad45-93ce4e8182a5,SE
01a02d9d-3cbe-751c-8dbf-972a52f9931a,49507455,travessa,Travessa Joaquim Alves dos Santos,Oviedo Teixeira,8d820d6b-d516-4628-8228-0e70dcaf08f5,SE
01a02d9c-e5f0-7178-9252-a293c37a8cab,49035818,travessa,Travessa Joaquim Cardoso,Coroa do Meio,71df064f-d17f-4cf5-ad45-93ce4e8182a5,SE
01a02d9d-10fa-7b93-9603-0c2c38c22fd2,49087353,travessa,Travessa Jonaldo Bomfim,Santos Dumont,71df064f-d17f-4cf5-ad45-93ce4e8182a5,SE
01a02d9c-ebbf-7575-9af4-f19bcc601217,49041116,travessa,Travessa Jordão,Inácio Barbosa,71df064f-d17f-4cf5-ad45-93ce4e8182a5,SE
01a02d9d-26a0-761d-91de-eedde5cb2edc,49005326,travessa,Travessa Jose Cesario,Zona de Expansão (Robalo),71df064f-d17f-4cf5-ad45-93ce4e8182a5,SE
01a02d9d-3cbd-7c5a-bac7-b7c5fe377994,49507076,travessa,Travessa Josefa Cordélia de Góis,Doutor José Milton Machado,8d820d6b-d516-4628-8228-0e70dcaf08f5,SE
01a02d9d-3aa9-75a7-a063-45501950bef4,49506051,travessa,Travessa Josefa Joelita Fontes,Rotary Club de Itabaiana,8d820d6b-d516-4628-8228-0e70dcaf08f5,SE
01a02d9d-3f00-7855-9ade-5d81384b2207,49507775,travessa,Travessa Josefa Santana Monteiro,Oviedo Teixeira,8d820d6b-d516-4628-8228-0e70dcaf08f5,SE
01a02d9d-3cbc-724f-a5b5-85e9f229be7f,49506361,travessa,Travessa Josefa da Anunciação Santos,Doutor José Milton Machado,8d820d6b-d516-4628-8228-0e70dcaf08f5,SE
01a02d9d-2e65-7309-a823-c47a09c76b9b,49500436,travessa,Travessa Josefa dos Santos Andrade,São Cristóvão,8d820d6b-d516-4628-8228-0e70dcaf08f5,SE
01a02d9d-3aaa-7743-afa2-7721ad395c9a,49506237,travessa,Travessa Josué Menezes,Rotary Club de Itabaiana,8d820d6b-d516-4628-8228-0e70dcaf08f5,SE
01a02d9c-d812-73f5-bba8-89e09cdcd974,49008578,travessa,Travessa José Almerindo dos Santos,Zona de Expansão (Mosqueiro),71df064f-d17f-4cf5-ad45-93ce4e8182a5,SE
01a02d9d-323a-7ce1-8143-494e7643a840,49501585,travessa,Travessa José Alves de Oliveira,Bananeiras,8d820d6b-d516-4628-8228-0e70dcaf08f5,SE
01a02d9c-e5ef-78fb-b255-34756c9a07da,49035670,travessa,Travessa José Alves dos Santos,Atalaia,71df064f-d17f-4cf5-ad45-93ce4e8182a5,SE
01a02d9d-209e-776f-b18a-1b9cd188ca60,49525970,travessa,Travessa José Amado de Andrade 129,Centro,9b0c0f30-ba31-4a77-ad31-2288b49bcc3c,SE
01a02d9c-da18-7eb2-b548-1f82f252a270,49015370,travessa,Travessa José Antônio Dias,São José,71df064f-d17f-4cf5-ad45-93ce4e8182a5,SE
01a02d9d-323a-7ce1-8148-f2d24b2fc0bf,49501610,travessa,Travessa José Antônio de Jesus,Bananeiras,8d820d6b-d516-4628-8228-0e70dcaf08f5,SE
01a02d9d-0352-759b-b6f4-811eea4500f7,49067103,travessa,Travessa José Antônio dos Santos,Porto D'Antas,71df064f-d17f-4cf5-ad45-93ce4e8182a5,SE
01a02d9d-305b-7f8f-b891-9f86a932dc18,49500633,travessa,Travessa José Braz Santos Oliveira,São Cristóvão,8d820d6b-d516-4628-8228-0e70dcaf08f5,SE
01a02d9c-e3fc-74b0-92e5-b3df1f6c1c37,49032394,travessa,Travessa José Conrado de Araújo I,Farolândia,71df064f-d17f-4cf5-ad45-93ce4e8182a5,SE
01a02d9c-e3fc-7d65-92e6-8d54609b93db,49032397,travessa,Travessa José Conrado de Araújo II,Farolândia,71df064f-d17f-4cf5-ad45-93ce4e8182a5,SE
01a02d9d-2e64-71a7-9468-957e1b64d7e5,49500250,travessa,Travessa José Cornélio,Centro,8d820d6b-d516-4628-8228-0e70dcaf08f5,SE
01a02d9c-da14-7af6-895b-b1b88a5f977c,49010391,travessa,Travessa José D. Fontes,Centro,71df064f-d17f-4cf5-ad45-93ce4e8182a5,SE
01a02d9d-3cbe-751c-8dbd-84d7bd385e91,49507445,travessa,Travessa José Delfino da Silveira,Oviedo Teixeira,8d820d6b-d516-4628-8228-0e70dcaf08f5,SE
01a02d9c-d813-7423-9963-7242d365ed50,49009067,travessa,Travessa José Domingos Maia I,Zona de Expansão (Mosqueiro),71df064f-d17f-4cf5-ad45-93ce4e8182a5,SE
01a02d9c-d813-7423-9964-982f45280f77,49009070,travessa,Travessa José Domingos Maia II,Zona de Expansão (Mosqueiro),71df064f-d17f-4cf5-ad45-93ce4e8182a5,SE
01a02d9c-d813-7423-9966-ae15f025f8ff,49009076,travessa,Travessa José Domingos Maia IV,Zona de Expansão (Mosqueiro),71df064f-d17f-4cf5-ad45-93ce4e8182a5,SE
01a02d9c-d813-7423-9968-c9e417e701e5,49009082,travessa,Travessa José Domingos Maia V,Zona de Expansão (Mosqueiro),71df064f-d17f-4cf5-ad45-93ce4e8182a5,SE
01a02d9d-3439-7f6f-8ac8-a68c7fd4acf6,49503150,travessa,Travessa José Domingos Santana,Serrano,8d820d6b-d516-4628-8228-0e70dcaf08f5,SE
01a02d9d-3aa9-75a7-a066-762ad798aaa9,49506060,travessa,Travessa José Edson LIma,Rotary Club de Itabaiana,8d820d6b-d516-4628-8228-0e70dcaf08f5,SE
01a02d9d-0933-741f-97c8-6ef504265c0f,49072533,travessa,Travessa José Ferreira de Jesus,Dezoito do Forte,71df064f-d17f-4cf5-ad45-93ce4e8182a5,SE
01a02d9d-3439-7f6f-8ac6-b3faf494966e,49503144,travessa,Travessa José Ferreira de Melo,Serrano,8d820d6b-d516-4628-8228-0e70dcaf08f5,SE
01a02d9d-3439-7f6f-8acf-8970ebc6b389,49503171,travessa,Travessa José Ferreira de Santana,Serrano,8d820d6b-d516-4628-8228-0e70dcaf08f5,SE
01a02d9c-e7d6-77a3-a993-d9055e4e48b3,49037820,travessa,Travessa José Franculino dos Santos,Aeroporto,71df064f-d17f-4cf5-ad45-93ce4e8182a5,SE
01a02d9d-2e64-71a7-946f-7d8e4f186ac0,49500271,travessa,Travessa José Hermoge,Centro,8d820d6b-d516-4628-8228-0e70dcaf08f5,SE
01a02d9d-1ea5-788f-9d7d-d5c325565fec,49097350,travessa,Travessa José Lemos,Ponto Novo,71df064f-d17f-4cf5-ad45-93ce4e8182a5,SE
01a02d9d-2e65-7309-a828-afe51812ea3a,49500448,travessa,Travessa José Libanio de Jesus,São Cristóvão,8d820d6b-d516-4628-8228-0e70dcaf08f5,SE
01a02d9d-4123-7039-8e48-ab1f8648b88f,49510110,travessa,Travessa José Luiz de Oliveira,Porto,8d820d6b-d516-4628-8228-0e70dcaf08f5,SE
01a02d9d-0933-7cce-97e5-36740873d89a,49072686,travessa,Travessa José Mendes dos Santos Filho,Dezoito do Forte,71df064f-d17f-4cf5-ad45-93ce4e8182a5,SE
01a02d9d-2e64-7a5b-9483-8548b7152fde,49500350,travessa,Travessa José Milton da Cunha,São Cristóvão,8d820d6b-d516-4628-8228-0e70dcaf08f5,SE
01a02d9d-0d1f-7c95-911a-f27a35e4cd5d,49080483,travessa,Travessa José Olino,América,71df064f-d17f-4cf5-ad45-93ce4e8182a5,SE
01a02d9d-343a-7f6e-addb-5794b9ba803d,49503259,travessa,Travessa José Orlando de Jesus,Serrano,8d820d6b-d516-4628-8228-0e70dcaf08f5,SE
01a02d9d-3f02-7289-bae9-d11ddd05d99e,49509085,travessa,Travessa José Pereira,Mamede Paes Mendonça,8d820d6b-d516-4628-8228-0e70dcaf08f5,SE
01a02d9d-10fa-7b93-960d-71b0b948ccb5,49087406,travessa,Travessa José Rocha,Santos Dumont,71df064f-d17f-4cf5-ad45-93ce4e8182a5,SE
01a02d9c-da18-763e-b541-63a6246d4cb7,49015290,travessa,Travessa José Rodrigues,São José,71df064f-d17f-4cf5-ad45-93ce4e8182a5,SE
01a02d9c-e400-71e8-a26a-06105a800a15,49035526,travessa,Travessa José Rosendo dos Santos,Coroa do Meio,71df064f-d17f-4cf5-ad45-93ce4e8182a5,SE
01a02d9d-3aa8-7d39-8efc-997f4d1f4df8,49506048,travessa,Travessa José Santana,Rotary Club de Itabaiana,8d820d6b-d516-4628-8228-0e70dcaf08f5,SE
01a02d9d-3f02-7289-badd-002184eed305,49509021,travessa,Travessa José Sizino de Almeida,Mamede Paes Mendonça,8d820d6b-d516-4628-8228-0e70dcaf08f5,SE
01a02d9d-3f02-7289-bae1-ab55a3092e0f,49509033,travessa,Travessa José Sizino de Almeida II,Mamede Paes Mendonça,8d820d6b-d516-4628-8228-0e70dcaf08f5,SE
01a02d9d-3f02-7289-bade-c6e3aed6f521,49509024,travessa,Travessa José Sizino de Almeida III,Mamede Paes Mendonça,8d820d6b-d516-4628-8228-0e70dcaf08f5,SE
01a02d9d-3f02-7289-badf-62dedfda5b4b,49509027,travessa,Travessa José Sizino de Almeida IV,Mamede Paes Mendonça,8d820d6b-d516-4628-8228-0e70dcaf08f5,SE
01a02d9d-3aa9-7e4f-a076-16d5c7286343,49506171,travessa,Travessa José Valdir Mendonça,Rotary Club de Itabaiana,8d820d6b-d516-4628-8228-0e70dcaf08f5,SE
01a02d9d-3aa9-75a7-a072-098a1a8bd7cc,49506159,travessa,Travessa José Vanderley da Cruz,Rotary Club de Itabaiana,8d820d6b-d516-4628-8228-0e70dcaf08f5,SE
01a02d9d-0b2c-7ad8-9049-24bbe43e5437,49080340,travessa,Travessa José Vasconcelos,América,71df064f-d17f-4cf5-ad45-93ce4e8182a5,SE
01a02d9d-0f10-73f0-ba75-77df3036ae28,49085263,travessa,Travessa José Vieira,José Conrado de Araújo,71df064f-d17f-4cf5-ad45-93ce4e8182a5,SE
01a02d9c-fb6a-7bc1-9867-65265e83facb,49052400,travessa,Travessa José Vieira de Andrade,Suíssa,71df064f-d17f-4cf5-ad45-93ce4e8182a5,SE
01a02d9d-0b2c-7ad8-904b-33d9eb2849d2,49080356,travessa,Travessa José Zuckman,América,71df064f-d17f-4cf5-ad45-93ce4e8182a5,SE
01a02d9d-2e64-71a7-9457-244b4278f20e,49500199,travessa,Travessa José da Cunha Melo,Centro,8d820d6b-d516-4628-8228-0e70dcaf08f5,SE
01a02d9c-fb6b-7d73-b2dc-8196ca2021c3,49055350,travessa,Travessa José de Barros,Getúlio Vargas,71df064f-d17f-4cf5-ad45-93ce4e8182a5,SE
01a02d9c-e200-75c4-9b6e-8361a0590587,49032093,travessa,Travessa José de Dome,Farolândia,71df064f-d17f-4cf5-ad45-93ce4e8182a5,SE
01a02d9c-d813-7423-9979-e333acbd3537,49010120,travessa,Travessa José de Faro,Centro,71df064f-d17f-4cf5-ad45-93ce4e8182a5,SE
01a02d9d-0745-7510-b496-87cc87ddafd3,49071160,travessa,Travessa José de Melo,Dom Luciano,71df064f-d17f-4cf5-ad45-93ce4e8182a5,SE
01a02d9d-3861-7807-bf88-9ac23df4a9aa,49505018,travessa,Travessa Joval Francisco de Jesus Souza,Miguel Teles de Mendonça,8d820d6b-d516-4628-8228-0e70dcaf08f5,SE
01a02d9d-3f02-7289-baec-7409f55cc56b,49509094,travessa,Travessa João Alves de Andrade,Mamede Paes Mendonça,8d820d6b-d516-4628-8228-0e70dcaf08f5,SE
01a02d9d-28aa-7d74-8792-b0b17c10a4d5,49043389,travessa,Travessa João Amancio,São Conrado,71df064f-d17f-4cf5-ad45-93ce4e8182a5,SE
01a02d9d-0932-7bae-b0fd-0ecce7a917dd,49072370,travessa,Travessa João Benevides Marques,Dezoito do Forte,71df064f-d17f-4cf5-ad45-93ce4e8182a5,SE
01a02d9c-dc0b-7b5e-82da-8cd87543b731,49025320,travessa,Travessa João Bispo de Lima,Grageru,71df064f-d17f-4cf5-ad45-93ce4e8182a5,SE
01a02d9c-da17-7531-9409-f9cd0781d331,49015080,travessa,Travessa João Francisco da Silveira,São José,71df064f-d17f-4cf5-ad45-93ce4e8182a5,SE
01a02d9c-da14-7af6-8957-d82b68d58c9f,49010360,travessa,Travessa João Francisco da Silveira,Centro,71df064f-d17f-4cf5-ad45-93ce4e8182a5,SE
01a02d9d-3cbd-7c5a-bac2-000cc421fd78,49506870,travessa,Travessa João Oliveira Santos,Doutor José Milton Machado,8d820d6b-d516-4628-8228-0e70dcaf08f5,SE
01a02d9c-dc0a-7b31-a981-9dacbd893873,49020480,travessa,Travessa João Olímpio Mangueira,Treze de Julho,71df064f-d17f-4cf5-ad45-93ce4e8182a5,SE
01a02d9d-3aab-7022-8df3-9656d349af8b,49506249,travessa,Travessa João Paes da Costa,Rotary Club de Itabaiana,8d820d6b-d516-4628-8228-0e70dcaf08f5,SE
01a02d9d-1ac0-7746-b392-6f69f0339fa3,49092200,travessa,Travessa João Passos,Olaria,71df064f-d17f-4cf5-ad45-93ce4e8182a5,SE
01a02d9c-da15-7bf8-adce-085cd2c7bb8d,49010560,travessa,Travessa João Quintiliano da Fonseca,Centro,71df064f-d17f-4cf5-ad45-93ce4e8182a5,SE
01a02d9c-d208-7d54-bc32-ec76246c1b71,49004601,travessa,Travessa João Ribeiro de Almeida,Zona de Expansão (Robalo),71df064f-d17f-4cf5-ad45-93ce4e8182a5,SE
01a02d9d-0145-7b2d-ae31-aa4da519c326,49065451,travessa,Travessa João Rodrigues,Industrial,71df064f-d17f-4cf5-ad45-93ce4e8182a5,SE
01a02d9d-0932-7bae-b102-de7a9c9ecb15,49072403,travessa,Travessa João de Croa,Dezoito do Forte,71df064f-d17f-4cf5-ad45-93ce4e8182a5,SE
01a02d9c-d207-7bed-80c7-2eab31784da7,49004457,travessa,Travessa João de Dino,Zona de Expansão (Robalo),71df064f-d17f-4cf5-ad45-93ce4e8182a5,SE
01a02d9d-3aaa-7743-afa1-1f1eea90802e,49506234,travessa,Travessa Juarez Noronha,Rotary Club de Itabaiana,8d820d6b-d516-4628-8228-0e70dcaf08f5,SE
01a02d9c-da17-7dde-9415-bc79db45544f,49015200,travessa,Travessa Juca Barreto,São José,71df064f-d17f-4cf5-ad45-93ce4e8182a5,SE
01a02d9d-3623-7b7e-a114-984bd208b5ab,49503583,travessa,Travessa Judate Góis de Oliveira,Anízio Amancio de Oliveira,8d820d6b-d516-4628-8228-0e70dcaf08f5,SE
01a02d9d-1ac0-7746-b39e-75d20bed5722,49092290,travessa,Travessa Jânio Quadros I,Olaria,71df064f-d17f-4cf5-ad45-93ce4e8182a5,SE
01a02d9d-1ac0-7746-b39f-9807961c2582,49092300,travessa,Travessa Jânio Quadros II,Olaria,71df064f-d17f-4cf5-ad45-93ce4e8182a5,SE
01a02d9c-e200-75c4-9b6f-46d546231440,49032099,travessa,Travessa K,Farolândia,71df064f-d17f-4cf5-ad45-93ce4e8182a5,SE
01a02d9c-e5f0-7178-9259-7bfe95d1c504,49036120,travessa,Travessa K,Atalaia,71df064f-d17f-4cf5-ad45-93ce4e8182a5,SE
01a02d9c-ef91-7eae-9130-29fe6dff60ce,49043239,travessa,Travessa K,São Conrado,71df064f-d17f-4cf5-ad45-93ce4e8182a5,SE
01a02d9d-12ef-73e4-bc67-646f5348e5d5,49087839,travessa,Travessa Kelly Cristina Santana,Santos Dumont,71df064f-d17f-4cf5-ad45-93ce4e8182a5,SE
01a02d9d-385f-7de5-a0b4-a4b3519852a1,49504316,travessa,Travessa Keoma Oliveira dos Santos,Marianga,8d820d6b-d516-4628-8228-0e70dcaf08f5,SE
01a02d9d-0745-7510-b498-89d24a52ed92,49071169,travessa,Travessa L,Dom Luciano,71df064f-d17f-4cf5-ad45-93ce4e8182a5,SE
01a02d9d-28aa-74b7-8780-caf82ce0d769,49035612,travessa,Travessa L 2,Coroa do Meio,71df064f-d17f-4cf5-ad45-93ce4e8182a5,SE
01a02d9c-e400-71e8-a26b-cedeafe41090,49035529,travessa,Travessa L3,Coroa do Meio,71df064f-d17f-4cf5-ad45-93ce4e8182a5,SE
01a02d9d-2e64-71a7-946c-f77c41b72927,49500262,travessa,Travessa Laurinda Maria Mendonça,Centro,8d820d6b-d516-4628-8228-0e70dcaf08f5,SE
01a02d9c-d61a-75a6-bc32-4da19901239a,49008190,travessa,Travessa Leonor Rodrigues,Zona de Expansão (Mosqueiro),71df064f-d17f-4cf5-ad45-93ce4e8182a5,SE
01a02d9c-d208-7d54-bc31-f5e226f6ce10,49004592,travessa,Travessa Lisboa,Zona de Expansão (Robalo),71df064f-d17f-4cf5-ad45-93ce4e8182a5,SE
01a02d9c-fb6b-7d73-b2cf-b19253d5853f,49055223,travessa,Travessa Lobo,Getúlio Vargas,71df064f-d17f-4cf5-ad45-93ce4e8182a5,SE
01a02d9d-4121-7623-921d-ee8cd3f3b42e,49509656,travessa,Travessa Lucas Alves Machado,Porto,8d820d6b-d516-4628-8228-0e70dcaf08f5,SE
01a02d9d-385f-7de5-a0b9-2721959e5173,49504331,travessa,Travessa Lucas dos Santos Barbosa,Marianga,8d820d6b-d516-4628-8228-0e70dcaf08f5,SE
01a02d9c-dc0a-7b31-a97b-dd98323d3e53,49020420,travessa,Travessa Luiz Alves de Oliveira Filho,Salgado Filho,71df064f-d17f-4cf5-ad45-93ce4e8182a5,SE
01a02d9d-10fa-7b93-9606-6321cfd56c69,49087383,travessa,Travessa Luiz Gonzaga,Santos Dumont,71df064f-d17f-4cf5-ad45-93ce4e8182a5,SE
01a02d9d-0352-759b-b6fa-c3ab29f12a43,49067170,travessa,Travessa M,Porto D'Antas,71df064f-d17f-4cf5-ad45-93ce4e8182a5,SE
01a02d9d-24a0-7e28-9b4d-123076230f61,49065520,travessa,Travessa Macedo,Industrial,71df064f-d17f-4cf5-ad45-93ce4e8182a5,SE
01a02d9d-323b-7552-8d86-540bbd6ee405,49501623,travessa,Travessa Madre Luiza Mabelle,Bananeiras,8d820d6b-d516-4628-8228-0e70dcaf08f5,SE
01a02d9d-16ef-7fec-b46b-df790865b94c,49090330,travessa,Travessa Major José Fonseca,Bugio,71df064f-d17f-4cf5-ad45-93ce4e8182a5,SE
01a02d9c-ef93-708a-91a3-2c57b83d4a4d,49043349,travessa,Travessa Mangabinha I,São Conrado,71df064f-d17f-4cf5-ad45-93ce4e8182a5,SE
01a02d9c-eda3-77a9-bf47-168d853cd237,49042683,travessa,Travessa Mangabinha II,São Conrado,71df064f-d17f-4cf5-ad45-93ce4e8182a5,SE
01a02d9c-eda3-77a9-bf48-f9df273053a8,49042686,travessa,Travessa Mangabinha III,São Conrado,71df064f-d17f-4cf5-ad45-93ce4e8182a5,SE
01a02d9c-eda3-77a9-bf49-31fa168f1874,49042689,travessa,Travessa Mangabinha IV,São Conrado,71df064f-d17f-4cf5-ad45-93ce4e8182a5,SE
01a02d9c-d207-7bed-80cc-61f05fb4b892,49004478,travessa,Travessa Manguesais,Zona de Expansão (Robalo),71df064f-d17f-4cf5-ad45-93ce4e8182a5,SE
01a02d9c-fd5f-7dd9-bcee-d183bbe34d56,49055750,travessa,Travessa Manoel Aguiar Menezes,Getúlio Vargas,71df064f-d17f-4cf5-ad45-93ce4e8182a5,SE
01a02d9d-3cbd-7c5a-baca-b93a9716904a,49507085,travessa,Travessa Manoel Almeida Teles,Doutor José Milton Machado,8d820d6b-d516-4628-8228-0e70dcaf08f5,SE
01a02d9d-2e64-71a7-945e-b8fe87f4c4f7,49500220,travessa,Travessa Manoel Andrade,Centro,8d820d6b-d516-4628-8228-0e70dcaf08f5,SE
01a02d9c-ddf5-7b85-b413-9e3b4393c180,49026070,travessa,Travessa Manoel Antônio dos Santos,Grageru,71df064f-d17f-4cf5-ad45-93ce4e8182a5,SE
01a02d9d-1ac0-7746-b396-afe140098fef,49092220,travessa,Travessa Manoel Carlos de Jesus,Olaria,71df064f-d17f-4cf5-ad45-93ce4e8182a5,SE
01a02d9d-1ea4-7ff5-8820-f468c7b9dd6b,49097303,travessa,Travessa Manoel Dantas,Ponto Novo,71df064f-d17f-4cf5-ad45-93ce4e8182a5,SE
01a02d9d-269e-73ce-a490-7a9181efc1b3,49008772,travessa,Travessa Manoel Evangelista da Cruz,Zona de Expansão (Mosqueiro),71df064f-d17f-4cf5-ad45-93ce4e8182a5,SE
01a02d9d-2e64-7a5b-9473-ae28951b8da2,49500283,travessa,Travessa Manoel Leite Sampaio,Centro,8d820d6b-d516-4628-8228-0e70dcaf08f5,SE
01a02d9d-0b2a-7088-902f-29337e339a4a,49075360,travessa,Travessa Manoel Leônidas de Bomfim,Siqueira Campos,71df064f-d17f-4cf5-ad45-93ce4e8182a5,SE
01a02d9d-18d6-7818-a94c-ea3f15be0b74,49090783,travessa,Travessa Manoel Messias,Bugio,71df064f-d17f-4cf5-ad45-93ce4e8182a5,SE
01a02d9c-f198-7b4f-a212-66d689bae81c,49043574,travessa,Travessa Manoel Messias,Santa Maria,71df064f-d17f-4cf5-ad45-93ce4e8182a5,SE
01a02d9d-18d6-7818-a94d-18bc0081f0d9,49090786,travessa,Travessa Manoel Messias I,Bugio,71df064f-d17f-4cf5-ad45-93ce4e8182a5,SE
01a02d9d-18d6-7818-a94e-79f5a801c764,49090789,travessa,Travessa Manoel Messias II,Bugio,71df064f-d17f-4cf5-ad45-93ce4e8182a5,SE
01a02d9d-0d21-75fb-8f83-578d1bf7b284,49082303,travessa,Travessa Manoel Nunes Vieira,Novo Paraíso,71df064f-d17f-4cf5-ad45-93ce4e8182a5,SE
01a02d9d-209e-776f-b19b-026f18ed08f2,49660970,travessa,Travessa Manoel Pecilho 47,Centro,e3bf0362-2997-4953-9cb2-4645c69dd451,SE
01a02d9d-323c-76ae-9672-49b9c1dc8abf,49502073,travessa,Travessa Manoel Pereira Filho,Marcela,8d820d6b-d516-4628-8228-0e70dcaf08f5,SE
01a02d9d-1ea5-788f-9d81-4009de0dffe7,49097390,travessa,Travessa Manoel Polito,Ponto Novo,71df064f-d17f-4cf5-ad45-93ce4e8182a5,SE
01a02d9c-fd5f-7dd9-bcf8-fc28c7f67e48,49060053,travessa,Travessa Manoel Preto 1,Santo Antônio,71df064f-d17f-4cf5-ad45-93ce4e8182a5,SE
01a02d9c-fd5f-7dd9-bcfa-260ba854fddb,49060056,travessa,Travessa Manoel Preto 2,Santo Antônio,71df064f-d17f-4cf5-ad45-93ce4e8182a5,SE
01a02d9c-fb6b-7d73-b2e1-c5c0d4ac5431,49055390,travessa,Travessa Manoel Sandes,Getúlio Vargas,71df064f-d17f-4cf5-ad45-93ce4e8182a5,SE
01a02d9d-305b-7f8f-b88c-4d30e5dc88a8,49500618,travessa,Travessa Manoel Serafim de Santana,São Cristóvão,8d820d6b-d516-4628-8228-0e70dcaf08f5,SE
01a02d9d-2e64-71a7-9458-303089797fbb,49500202,travessa,Travessa Manoel Vieira,Centro,8d820d6b-d516-4628-8228-0e70dcaf08f5,SE
01a02d9d-18d4-7e38-ad7f-6b73307f5359,49090389,travessa,Travessa Manoel Vieira Melo,Jardim Centenário,71df064f-d17f-4cf5-ad45-93ce4e8182a5,SE
01a02d9d-3cbd-7c5a-bac5-e0a4318055d6,49507070,travessa,Travessa Manoel de Almeida Teles,Doutor José Milton Machado,8d820d6b-d516-4628-8228-0e70dcaf08f5,SE
01a02d9d-3cbd-7c5a-babc-bf363ef3a2d4,49506852,travessa,Travessa Manoel dos Santos,Doutor José Milton Machado,8d820d6b-d516-4628-8228-0e70dcaf08f5,SE
01a02d9d-1ac0-7746-b3a3-227b870da747,49092345,travessa,Travessa Manuel Muniz,Olaria,71df064f-d17f-4cf5-ad45-93ce4e8182a5,SE
01a02d9d-3aa9-7e4f-a07e-c75504af5c7d,49506198,travessa,Travessa Marcelino José dos Santos,Rotary Club de Itabaiana,8d820d6b-d516-4628-8228-0e70dcaf08f5,SE
01a02d9d-0551-742a-a2d3-d65a64c5c769,49069114,travessa,Travessa Marcelo Deda,Porto D'Antas,71df064f-d17f-4cf5-ad45-93ce4e8182a5,SE
01a02d9c-ff48-76d1-9d05-be3f08c215d2,49060700,travessa,Travessa Marcelo da Cruz Santos,Palestina,71df064f-d17f-4cf5-ad45-93ce4e8182a5,SE
01a02d9d-3aa9-75a7-a06e-acd57129243a,49506111,travessa,Travessa Marcondes de Albuquerque Negromonte,Rotary Club de Itabaiana,8d820d6b-d516-4628-8228-0e70dcaf08f5,SE
01a02d9d-18d7-70ae-8e38-a21a5a660ffb,49091200,travessa,Travessa Marcos Tourinho,Bugio,71df064f-d17f-4cf5-ad45-93ce4e8182a5,SE
01a02d9d-3f02-7b6c-baee-4b538f049055,49509100,travessa,Travessa Marechal Deodoro da Fonseca,Mamede Paes Mendonça,8d820d6b-d516-4628-8228-0e70dcaf08f5,SE
01a02d9c-fd5d-7b95-8dc6-da51e7e513cf,49055410,travessa,Travessa Marechal Floriano Peixoto,Getúlio Vargas,71df064f-d17f-4cf5-ad45-93ce4e8182a5,SE
01a02d9d-1cb7-7c6f-bedc-439e2a3e8bf9,49095640,travessa,Travessa Margarida Maria Silva Dantas,Jabotiana,71df064f-d17f-4cf5-ad45-93ce4e8182a5,SE
01a02d9c-fd5e-7442-b142-ba114b3b24e8,49055430,travessa,Travessa Maria Alves Pereira,Getúlio Vargas,71df064f-d17f-4cf5-ad45-93ce4e8182a5,SE
01a02d9d-0f10-73f0-ba68-514e8b64499f,49085183,travessa,Travessa Maria Alves dos Santos,José Conrado de Araújo,71df064f-d17f-4cf5-ad45-93ce4e8182a5,SE
01a02d9c-ef91-74a3-9121-67f30066ff93,49043133,travessa,Travessa Maria Barbosa,São Conrado,71df064f-d17f-4cf5-ad45-93ce4e8182a5,SE
01a02d9d-305d-70c5-8c72-8b0a685abae3,49501121,travessa,Travessa Maria Betania Carvalho,São Cristóvão,8d820d6b-d516-4628-8228-0e70dcaf08f5,SE
01a02d9c-da17-7dde-9416-9b3305b5b9ad,49015210,travessa,Travessa Maria Clara,São José,71df064f-d17f-4cf5-ad45-93ce4e8182a5,SE
01a02d9d-2e64-7a5b-947f-fb84937607ab,49500338,travessa,Travessa Maria Cristina Rezende,São Cristóvão,8d820d6b-d516-4628-8228-0e70dcaf08f5,SE
01a02d9d-3cbc-724f-a5b2-38a967c566b6,49506352,travessa,Travessa Maria D L Almeida,Doutor José Milton Machado,8d820d6b-d516-4628-8228-0e70dcaf08f5,SE
01a02d9c-d206-7aa1-b38c-ca910c45d021,49004048,travessa,Travessa Maria Djanira,Zona de Expansão (Robalo),71df064f-d17f-4cf5-ad45-93ce4e8182a5,SE
01a02d9d-10f9-7a21-aa59-14a270b466f8,49087135,travessa,Travessa Maria Elze,Santos Dumont,71df064f-d17f-4cf5-ad45-93ce4e8182a5,SE
01a02d9d-1ac0-7746-b3a2-427eee4a8db9,49092330,travessa,Travessa Maria Francisca Guedes,Olaria,71df064f-d17f-4cf5-ad45-93ce4e8182a5,SE
01a02d9d-1ea5-788f-9d83-50b2855aa1ec,49097410,travessa,Travessa Maria Guimarães,Ponto Novo,71df064f-d17f-4cf5-ad45-93ce4e8182a5,SE
01a02d9d-1ac0-7fdd-b3a7-9118fff86ab7,49092362,travessa,Travessa Maria Inês Santos,Olaria,71df064f-d17f-4cf5-ad45-93ce4e8182a5,SE
01a02d9d-12f0-7f4b-a1a3-d87022e5443b,49088249,travessa,Travessa Maria Izabel,Lamarão,71df064f-d17f-4cf5-ad45-93ce4e8182a5,SE
01a02d9c-ff4a-70c4-9c6b-31b6b20b0599,49063085,travessa,Travessa Maria José,Japãozinho,71df064f-d17f-4cf5-ad45-93ce4e8182a5,SE
01a02d9d-18d5-7f7e-9b3b-ed34d1fe3d96,49090736,travessa,Travessa Maria Lúcia Góes,Bugio,71df064f-d17f-4cf5-ad45-93ce4e8182a5,SE
01a02d9d-10fa-7b93-9616-b484f61b539f,49087440,travessa,Travessa Maria Mirian dos Santos Silveira,Santos Dumont,71df064f-d17f-4cf5-ad45-93ce4e8182a5,SE
01a02d9c-e200-7e62-9b7f-930de7bca775,49032213,travessa,Travessa Maria Pastora,Farolândia,71df064f-d17f-4cf5-ad45-93ce4e8182a5,SE
01a02d9c-e400-71e8-a26f-58b5c2a10c25,49035539,travessa,Travessa Maria Pureza de Jesus,Coroa do Meio,71df064f-d17f-4cf5-ad45-93ce4e8182a5,SE
01a02d9c-fb6b-7d73-b2e0-eb10c687b23e,49055385,travessa,Travessa Maria da Conceição,Getúlio Vargas,71df064f-d17f-4cf5-ad45-93ce4e8182a5,SE
01a02d9d-1ac0-7746-b397-bcb930acf50c,49092230,travessa,Travessa Maria de Jesus,Olaria,71df064f-d17f-4cf5-ad45-93ce4e8182a5,SE
01a02d9c-e1fd-7a28-8c4e-e84d1a00c3dd,49031000,travessa,Travessa Maria de Lia,Farolândia,71df064f-d17f-4cf5-ad45-93ce4e8182a5,SE
01a02d9d-4124-7191-8395-a2933cc732b5,49510473,travessa,Travessa Maria de Silva Nunes,Riacho Doce,8d820d6b-d516-4628-8228-0e70dcaf08f5,SE
01a02d9d-3861-7807-bf8e-566a1e70d1a6,49505095,travessa,Travessa Maria do Céu de Jesus,Miguel Teles de Mendonça,8d820d6b-d516-4628-8228-0e70dcaf08f5,SE
01a02d9d-385e-73f3-b52f-01b6d8f8c285,49504057,travessa,Travessa Maria dos Santos,Marianga,8d820d6b-d516-4628-8228-0e70dcaf08f5,SE
01a02d9d-0b2b-7174-a50b-d96ec19a9201,49075650,travessa,Travessa Mariano Salmeron,Siqueira Campos,71df064f-d17f-4cf5-ad45-93ce4e8182a5,SE
01a02d9d-411f-7c1f-ab3b-a21139d4de97,49509194,travessa,Travessa Marina Meireles Teles,Mamede Paes Mendonça,8d820d6b-d516-4628-8228-0e70dcaf08f5,SE
01a02d9d-3aa9-75a7-a069-c316e479c907,49506096,travessa,Travessa Matapoã,Rotary Club de Itabaiana,8d820d6b-d516-4628-8228-0e70dcaf08f5,SE
01a02d9d-431f-7222-ae24-2d4d192c1875,49511135,travessa,Travessa Maurina Josina dos Santos,Queimadas,8d820d6b-d516-4628-8228-0e70dcaf08f5,SE
01a02d9d-3f02-7b6c-baf2-1e6b858fe374,49509137,travessa,Travessa Maurino José da Silva,Mamede Paes Mendonça,8d820d6b-d516-4628-8228-0e70dcaf08f5,SE
01a02d9d-2c74-7baa-9a5d-1544a7499fad,49080145,travessa,Travessa Maximino Antonio de Oliveira,América,71df064f-d17f-4cf5-ad45-93ce4e8182a5,SE
01a02d9c-fd5e-7442-b145-18605a66429a,49055450,travessa,Travessa Melício Machado,Cirurgia,71df064f-d17f-4cf5-ad45-93ce4e8182a5,SE
01a02d9c-e9ce-7602-8c02-5fe9e256835a,49040383,travessa,Travessa Mercúrio,Inácio Barbosa,71df064f-d17f-4cf5-ad45-93ce4e8182a5,SE
01a02d9c-fd5f-7526-bcec-aa32926bdd69,49055730,travessa,Travessa Mestre Pedro Geraldo dos Santos,Cirurgia,71df064f-d17f-4cf5-ad45-93ce4e8182a5,SE
01a02d9c-ebbe-7ce3-85ef-0cbf137d3957,49040741,travessa,Travessa Metal Norte,Inácio Barbosa,71df064f-d17f-4cf5-ad45-93ce4e8182a5,SE
01a02d9c-ebbe-7ce3-85f9-7eecb3b4bd6a,49040970,travessa,Travessa Metal Norte 8 Salão 8,Inácio Barbosa,71df064f-d17f-4cf5-ad45-93ce4e8182a5,SE
01a02d9d-14f4-778d-8864-83d389f11733,49088310,travessa,Travessa Minas Gerais,Lamarão,71df064f-d17f-4cf5-ad45-93ce4e8182a5,SE
01a02d9d-0934-7568-8343-36068fc6d039,49072840,travessa,Travessa Minas Gerais,Dezoito do Forte,71df064f-d17f-4cf5-ad45-93ce4e8182a5,SE
01a02d9d-3cbd-7c5a-bac8-d7ebfa63116f,49507079,travessa,Travessa Mizael José da Lapa,Doutor José Milton Machado,8d820d6b-d516-4628-8228-0e70dcaf08f5,SE
01a02d9d-3438-7f59-9a7d-ef6b590ea286,49503030,travessa,Travessa Monsenhor Eraldo Barbosa,Serrano,8d820d6b-d516-4628-8228-0e70dcaf08f5,SE
01a02d9d-0933-741f-97c2-b9c2ec4ba1e4,49072480,travessa,Travessa Monte Castelo,Dezoito do Forte,71df064f-d17f-4cf5-ad45-93ce4e8182a5,SE
01a02d9c-ebbe-7ce3-85fd-ddbc66c817e4,49041019,travessa,Travessa Monte das Oliveiras,Inácio Barbosa,71df064f-d17f-4cf5-ad45-93ce4e8182a5,SE
01a02d9c-e7d5-767a-9082-793d030d5ee1,49037453,travessa,Travessa Monteiro Lobato,Atalaia,71df064f-d17f-4cf5-ad45-93ce4e8182a5,SE
01a02d9d-3438-7f59-9a7a-cd314e1e4c0e,49503021,travessa,Travessa Morada Nobre,Serrano,8d820d6b-d516-4628-8228-0e70dcaf08f5,SE
01a02d9d-209e-776f-b188-8bbdeb561984,49517970,travessa,"Travessa Municipal, s/n",Centro,00e0e4b4-a105-45df-ae60-81eae01f4edf,SE
01a02d9d-1ea5-788f-9d84-cf8958811107,49097420,travessa,Travessa Mário Cardoso,Ponto Novo,71df064f-d17f-4cf5-ad45-93ce4e8182a5,SE
01a02d9d-28aa-74b7-8784-c60fbf12906a,49037206,travessa,Travessa N,Atalaia,71df064f-d17f-4cf5-ad45-93ce4e8182a5,SE
01a02d9c-eda2-7f95-9c02-e52f57c1acb7,49042439,travessa,Travessa N,São Conrado,71df064f-d17f-4cf5-ad45-93ce4e8182a5,SE
01a02d9c-ef93-708a-91aa-89d0a4143296,49043368,travessa,Travessa NB,São Conrado,71df064f-d17f-4cf5-ad45-93ce4e8182a5,SE
01a02d9d-0f10-73f0-ba72-3542a5051c44,49085240,travessa,Travessa Natal,José Conrado de Araújo,71df064f-d17f-4cf5-ad45-93ce4e8182a5,SE
01a02d9d-0b2d-734e-87bc-d5418baec56a,49080373,travessa,Travessa Nicarágua,América,71df064f-d17f-4cf5-ad45-93ce4e8182a5,SE
01a02d9c-dc0a-726b-a948-ec0e637dfa5c,49015440,travessa,Travessa Nino Porto,São José,71df064f-d17f-4cf5-ad45-93ce4e8182a5,SE
01a02d9d-4123-78e5-8e4c-afd56c15df22,49510130,travessa,Travessa Nossa Senhora Conceição,Porto,8d820d6b-d516-4628-8228-0e70dcaf08f5,SE
01a02d9d-249f-7e26-9353-73c4230b27ec,49063149,travessa,Travessa Nossa Senhora da Conceição,Japãozinho,71df064f-d17f-4cf5-ad45-93ce4e8182a5,SE
01a02d9c-fb6a-7bc1-9866-9e5ec5a83765,49052390,travessa,Travessa Nossa Senhora da Conceição,Suíssa,71df064f-d17f-4cf5-ad45-93ce4e8182a5,SE
01a02d9d-1ac0-7746-b3a1-7aa3b0af0a52,49092320,travessa,Travessa Nossa Senhora das Candeias,Olaria,71df064f-d17f-4cf5-ad45-93ce4e8182a5,SE
01a02d9d-22a4-7e4d-bb13-5af219c8e605,49945970,travessa,"Travessa Nova Brasília, s/n",Centro,52bed96a-0e74-41b8-8710-fe8305366d78,SE
01a02d9d-0b2a-78fd-903f-c45953548aec,49075515,travessa,Travessa Nova Paraiba,Siqueira Campos,71df064f-d17f-4cf5-ad45-93ce4e8182a5,SE
01a02d9d-0b2c-7262-9035-98bbcd940073,49080200,travessa,Travessa Nova Paraíba,América,71df064f-d17f-4cf5-ad45-93ce4e8182a5,SE
01a02d9d-12f0-7662-a191-a8bd27c4829a,49088103,travessa,Travessa Nove,Lamarão,71df064f-d17f-4cf5-ad45-93ce4e8182a5,SE
01a02d9c-f38c-7493-b0a0-286337f65a3c,49044138,travessa,Travessa Nove,Santa Maria,71df064f-d17f-4cf5-ad45-93ce4e8182a5,SE
01a02d9d-054f-7a85-930f-dc6e028e9cd6,49067183,travessa,Travessa Novo Éden,Porto D'Antas,71df064f-d17f-4cf5-ad45-93ce4e8182a5,SE
01a02d9c-fd5f-7526-bcea-8ccbe9a9e4c0,49055690,travessa,Travessa Noé Bernardo Bastos,Getúlio Vargas,71df064f-d17f-4cf5-ad45-93ce4e8182a5,SE
01a02d9c-e5f2-7389-98bd-f9cb993353c2,49037250,travessa,Travessa O,Atalaia,71df064f-d17f-4cf5-ad45-93ce4e8182a5,SE
01a02d9c-ebbf-7575-9af5-8ce3ac6f4051,49041119,travessa,Travessa O,Inácio Barbosa,71df064f-d17f-4cf5-ad45-93ce4e8182a5,SE
01a02d9c-eda1-7f9a-bf1d-34433685dd6f,49042408,travessa,Travessa O,São Conrado,71df064f-d17f-4cf5-ad45-93ce4e8182a5,SE
01a02d9c-e5f0-7178-924e-3a372e47c4f2,49035803,travessa,Travessa Oceanário,Coroa do Meio,71df064f-d17f-4cf5-ad45-93ce4e8182a5,SE
01a02d9c-f38c-7493-b09d-b6734b969897,49044132,travessa,Travessa Oito,Santa Maria,71df064f-d17f-4cf5-ad45-93ce4e8182a5,SE
01a02d9d-12f0-7662-a18f-34a8d8470d64,49088096,travessa,Travessa Oito A,Lamarão,71df064f-d17f-4cf5-ad45-93ce4e8182a5,SE
01a02d9d-14f5-703d-bb29-b8e082aef8f5,49088398,travessa,Travessa Olaria II,Lamarão,71df064f-d17f-4cf5-ad45-93ce4e8182a5,SE
01a02d9d-0b2a-78fd-9034-2afc091300bd,49075410,travessa,Travessa Oliveira,Siqueira Campos,71df064f-d17f-4cf5-ad45-93ce4e8182a5,SE
01a02d9c-f38c-7e64-b0ad-56ddc7093bfe,49044165,travessa,Travessa Onze,Santa Maria,71df064f-d17f-4cf5-ad45-93ce4e8182a5,SE
01a02d9c-d42a-719c-a96b-ce5c6a87fb6e,49007072,travessa,Travessa Onze,Zona de Expansão (Areia Branca),71df064f-d17f-4cf5-ad45-93ce4e8182a5,SE
01a02d9d-12ef-73e4-bc64-c8d8446fe3bf,49087820,travessa,Travessa Operária,Santos Dumont,71df064f-d17f-4cf5-ad45-93ce4e8182a5,SE
01a02d9c-e5f0-7178-9250-4984189f566e,49035809,travessa,Travessa Orlinha,Coroa do Meio,71df064f-d17f-4cf5-ad45-93ce4e8182a5,SE
01a02d9d-0143-7fcd-a5c7-0ccb880963df,49065093,travessa,Travessa Otacilio Oliveira,Industrial,71df064f-d17f-4cf5-ad45-93ce4e8182a5,SE
01a02d9c-d207-733a-80b0-ec2ab412c518,49004225,travessa,Travessa Ouro Verde,Zona de Expansão (Robalo),71df064f-d17f-4cf5-ad45-93ce4e8182a5,SE
01a02d9c-da17-7531-9406-97a21a887f01,49015050,travessa,Travessa Padre Gaspar Lourenço,São José,71df064f-d17f-4cf5-ad45-93ce4e8182a5,SE
01a02d9d-22a7-7785-8872-1ec54911cc89,49041016,travessa,Travessa Pantanal,Inácio Barbosa,71df064f-d17f-4cf5-ad45-93ce4e8182a5,SE
01a02d9d-3f02-7b6c-bb01-a59757f0c73c,49509182,travessa,Travessa Papa João Paulo VI,Mamede Paes Mendonça,8d820d6b-d516-4628-8228-0e70dcaf08f5,SE
01a02d9c-f755-771f-a99b-a0c19d119971,49047430,travessa,Travessa Parapitinga,Ponto Novo,71df064f-d17f-4cf5-ad45-93ce4e8182a5,SE
01a02d9c-e201-7faf-abce-5013e6c72689,49032323,travessa,Travessa Paris,Farolândia,71df064f-d17f-4cf5-ad45-93ce4e8182a5,SE
01a02d9d-0f0f-7b41-b25f-98383ed9f0f0,49082650,travessa,Travessa Particular,Novo Paraíso,71df064f-d17f-4cf5-ad45-93ce4e8182a5,SE
01a02d9d-1ea5-788f-9d8a-cda267638ba0,49097490,travessa,Travessa Pastor Manoel Messias,Ponto Novo,71df064f-d17f-4cf5-ad45-93ce4e8182a5,SE
01a02d9c-e3fe-7fee-af80-00fecde9d815,49035253,travessa,Travessa Pastor Martim Luther King,Atalaia,71df064f-d17f-4cf5-ad45-93ce4e8182a5,SE
01a02d9d-12f0-7662-a18e-012ee66b6093,49088093,travessa,Travessa Patrícia Rehder Galvão,Lamarão,71df064f-d17f-4cf5-ad45-93ce4e8182a5,SE
01a02d9d-385e-7c9a-b53a-3406e7c4e426,49504090,travessa,Travessa Paulino Dias da Trindade,Marianga,8d820d6b-d516-4628-8228-0e70dcaf08f5,SE
01a02d9d-2e64-71a7-9460-584d884e9a2a,49500226,travessa,Travessa Paulino Menezes,Centro,8d820d6b-d516-4628-8228-0e70dcaf08f5,SE
01a02d9d-2c75-7446-a5f0-526091ac9afe,49088013,travessa,Travessa Paulo Figueiredo Barreto,Lamarão,71df064f-d17f-4cf5-ad45-93ce4e8182a5,SE
01a02d9c-ebbf-7575-9afb-d8069c9565c3,49041146,travessa,Travessa Pedro Garcia Moreno Neto,Inácio Barbosa,71df064f-d17f-4cf5-ad45-93ce4e8182a5,SE
01a02d9c-f198-7b4f-a216-b23082513edf,49043609,travessa,Travessa Pedro Ricardo,Santa Maria,71df064f-d17f-4cf5-ad45-93ce4e8182a5,SE
01a02d9d-0d20-750f-9184-0ade789e3f0b,49080580,travessa,Travessa Porto Aegre I,América,71df064f-d17f-4cf5-ad45-93ce4e8182a5,SE
01a02d9d-0d20-750f-9185-d66f8cb3904d,49080585,travessa,Travessa Porto Alegre II,América,71df064f-d17f-4cf5-ad45-93ce4e8182a5,SE
01a02d9c-d208-7d54-bc30-0cb830a1b28c,49004589,travessa,Travessa Poço Verde,Zona de Expansão (Robalo),71df064f-d17f-4cf5-ad45-93ce4e8182a5,SE
01a02d9d-28a9-7bed-a618-55425d362a47,49032468,travessa,Travessa Prefeito Heráclito Rollemberg,Farolândia,71df064f-d17f-4cf5-ad45-93ce4e8182a5,SE
01a02d9d-2c74-7baa-9a5c-cf3e7ce02bae,49072567,travessa,Travessa Primeiro de Maio,Dezoito do Forte,71df064f-d17f-4cf5-ad45-93ce4e8182a5,SE
01a02d9d-1ea5-788f-9d8d-d2e7a93733d1,49097530,travessa,Travessa Professor Misael Viana,Ponto Novo,71df064f-d17f-4cf5-ad45-93ce4e8182a5,SE
01a02d9d-1ea5-788f-9d8e-b1bfb85cd5ee,49097540,travessa,Travessa Professora Graziela,Ponto Novo,71df064f-d17f-4cf5-ad45-93ce4e8182a5,SE
01a02d9c-e002-780d-9ae2-a03323523700,49030013,travessa,Travessa Professora Ofenísia Freire,Farolândia,71df064f-d17f-4cf5-ad45-93ce4e8182a5,SE
01a02d9d-3f02-7b6c-bafd-3b5889d8642a,49509170,travessa,Travessa Professora Rita Vieira Santos,Mamede Paes Mendonça,8d820d6b-d516-4628-8228-0e70dcaf08f5,SE
01a02d9d-10fa-72fb-95e6-33a22ac189a4,49087183,travessa,Travessa Projetada,Santos Dumont,71df064f-d17f-4cf5-ad45-93ce4e8182a5,SE
01a02d9d-22a7-7785-8868-cbdd8041066a,49036173,travessa,Travessa Projetada 01,Atalaia,71df064f-d17f-4cf5-ad45-93ce4e8182a5,SE
01a02d9d-2a93-769a-a1bc-dbeacb78daaf,49071102,travessa,Travessa Projetada B,Dom Luciano,71df064f-d17f-4cf5-ad45-93ce4e8182a5,SE
01a02d9d-3438-7f59-9a76-69aa5dc4ad4d,49503009,travessa,Travessa Promotor Antonio Agustinho,Serrano,8d820d6b-d516-4628-8228-0e70dcaf08f5,SE
01a02d9c-fd5e-7cae-b152-a23f41a3a92f,49055570,travessa,Travessa Propriazinho,Getúlio Vargas,71df064f-d17f-4cf5-ad45-93ce4e8182a5,SE
01a02d9d-249f-7e26-934b-e6d17887b89e,49055840,travessa,Travessa Propriá,Getúlio Vargas,71df064f-d17f-4cf5-ad45-93ce4e8182a5,SE
01a02d9c-ef93-708a-91a7-695a2f293c77,49043359,travessa,Travessa Q1,São Conrado,71df064f-d17f-4cf5-ad45-93ce4e8182a5,SE
01a02d9c-ef93-708a-919d-14959fd20c5b,49043323,travessa,Travessa Q2,São Conrado,71df064f-d17f-4cf5-ad45-93ce4e8182a5,SE
01a02d9c-f573-7bcb-b75c-d2e2d40cf734,49044443,travessa,Travessa Quarenta e Três,Santa Maria,71df064f-d17f-4cf5-ad45-93ce4e8182a5,SE
01a02d9c-ebbf-7575-9af3-4123e99f5b6f,49041113,travessa,Travessa Quatorze,Inácio Barbosa,71df064f-d17f-4cf5-ad45-93ce4e8182a5,SE
01a02d9c-f38c-7e64-b0ab-9a8212dd3201,49044161,travessa,Travessa Quatorze,Santa Maria,71df064f-d17f-4cf5-ad45-93ce4e8182a5,SE
01a02d9d-12ef-7d86-bc72-7803079ad62f,49088056,travessa,Travessa Quatro,Lamarão,71df064f-d17f-4cf5-ad45-93ce4e8182a5,SE
01a02d9d-0d20-750f-9192-828f2db6385d,49080658,travessa,Travessa Quatro,América,71df064f-d17f-4cf5-ad45-93ce4e8182a5,SE
01a02d9d-1ea3-7ec2-8520-eb5df8195884,49096190,travessa,Travessa Quatro,Jabotiana,71df064f-d17f-4cf5-ad45-93ce4e8182a5,SE
01a02d9c-f38f-725d-b3fd-c72435e88f65,49044251,travessa,Travessa Quatro,Santa Maria,71df064f-d17f-4cf5-ad45-93ce4e8182a5,SE
01a02d9d-4124-7a39-839d-6e12a8671e64,49510560,travessa,Travessa Quatro,Riacho Doce,8d820d6b-d516-4628-8228-0e70dcaf08f5,SE
01a02d9c-eda2-7f95-9c0c-54608b806352,49042503,travessa,Travessa Quinze,São Conrado,71df064f-d17f-4cf5-ad45-93ce4e8182a5,SE
01a02d9c-f38d-77c1-bf65-46e3cca36df0,49044171,travessa,Travessa Quinze,Santa Maria,71df064f-d17f-4cf5-ad45-93ce4e8182a5,SE
01a02d9d-22a7-7785-8878-6116936fe48a,49043329,travessa,Travessa R,São Conrado,71df064f-d17f-4cf5-ad45-93ce4e8182a5,SE
01a02d9d-323a-7ce1-813f-ba5cf32a87d3,49501565,travessa,Travessa Raimunda Andrade,Bananeiras,8d820d6b-d516-4628-8228-0e70dcaf08f5,SE
01a02d9d-0f10-73f0-ba7a-8603215a4bd2,49085313,travessa,Travessa Recife,José Conrado de Araújo,71df064f-d17f-4cf5-ad45-93ce4e8182a5,SE
01a02d9d-0350-7bb7-9f47-aaa07735dab8,49065643,travessa,Travessa Reis Lima,Industrial,71df064f-d17f-4cf5-ad45-93ce4e8182a5,SE
01a02d9d-0f0f-72d2-b248-d9a91a59813a,49082410,travessa,Travessa Rio Grande do Sul,Novo Paraíso,71df064f-d17f-4cf5-ad45-93ce4e8182a5,SE
01a02d9d-305b-76f3-b880-4a6c4a03a3dd,49500582,travessa,Travessa Risoneide do Sacramento,São Cristóvão,8d820d6b-d516-4628-8228-0e70dcaf08f5,SE
01a02d9d-0933-741f-97d3-10a272c3190a,49072610,travessa,Travessa Roberto Morais,Dezoito do Forte,71df064f-d17f-4cf5-ad45-93ce4e8182a5,SE
01a02d9c-f949-7900-9f28-c2b5fa39bd3d,49048263,travessa,Travessa Robson Pereira Santos,Luzia,71df064f-d17f-4cf5-ad45-93ce4e8182a5,SE
01a02d9c-f755-771f-a995-10b0a7cc382b,49047343,travessa,Travessa Rodrigues Dórea,Ponto Novo,71df064f-d17f-4cf5-ad45-93ce4e8182a5,SE
01a02d9d-22a7-7785-886c-ab7ce7318634,49037653,travessa,Travessa Rosina Matos,Aeroporto,71df064f-d17f-4cf5-ad45-93ce4e8182a5,SE
01a02d9d-269f-7db0-8487-d170966f8252,49004294,travessa,Travessa Sacramento,Zona de Expansão (Robalo),71df064f-d17f-4cf5-ad45-93ce4e8182a5,SE
01a02d9d-0746-75e9-9324-12fe85f3a184,49072023,travessa,Travessa Saneamento,Dezoito do Forte,71df064f-d17f-4cf5-ad45-93ce4e8182a5,SE
01a02d9d-0550-7312-89a1-945a054f324d,49069027,travessa,Travessa Santa Bárbara,Porto D'Antas,71df064f-d17f-4cf5-ad45-93ce4e8182a5,SE
01a02d9d-0b2a-78fd-903d-30302ac17c54,49075505,travessa,Travessa Santa Cruz,Siqueira Campos,71df064f-d17f-4cf5-ad45-93ce4e8182a5,SE
01a02d9c-ef92-7777-9c2d-8c3630f34a07,49043263,travessa,Travessa Santa Cruz,São Conrado,71df064f-d17f-4cf5-ad45-93ce4e8182a5,SE
01a02d9c-f199-7c7c-a67f-602f4203547b,49043687,travessa,Travessa Santa Cruz,Santa Maria,71df064f-d17f-4cf5-ad45-93ce4e8182a5,SE
01a02d9d-1ac0-7746-b391-6a419dfcd38b,49092190,travessa,Travessa Santa Gleide,Olaria,71df064f-d17f-4cf5-ad45-93ce4e8182a5,SE
01a02d9c-d208-74cf-bc26-3b33f4325026,49004559,travessa,Travessa Santa Isabel,Zona de Expansão (Robalo),71df064f-d17f-4cf5-ad45-93ce4e8182a5,SE
01a02d9d-28ac-7818-a585-6936b31327b9,49060563,travessa,Travessa Santa Izabel,Santo Antônio,71df064f-d17f-4cf5-ad45-93ce4e8182a5,SE
01a02d9d-4123-78e5-8e4b-e6150078e263,49510125,travessa,Travessa Santa Luzia,Porto,8d820d6b-d516-4628-8228-0e70dcaf08f5,SE
01a02d9d-12f1-77f2-b973-6f34d869bb2c,49088300,travessa,Travessa Santa Lúcia,Lamarão,71df064f-d17f-4cf5-ad45-93ce4e8182a5,SE
01a02d9d-1ac0-7746-b3a5-4acfaaa65bea,49092353,travessa,Travessa Santa Maria,Olaria,71df064f-d17f-4cf5-ad45-93ce4e8182a5,SE
01a02d9c-d42a-719c-a958-857d1fdcce9b,49005317,travessa,Travessa Santa Maria,Zona de Expansão (Robalo),71df064f-d17f-4cf5-ad45-93ce4e8182a5,SE
01a02d9d-1ac0-7746-b395-c8f4223baf8f,49092216,travessa,Travessa Santa Terezinha,Olaria,71df064f-d17f-4cf5-ad45-93ce4e8182a5,SE
01a02d9c-d208-74cf-bc27-71119bd2cb98,49004562,travessa,Travessa Santa Terezinha,Zona de Expansão (Robalo),71df064f-d17f-4cf5-ad45-93ce4e8182a5,SE
01a02d9c-ff4a-70c4-9c64-adac4b5ee25c,49063061,travessa,Travessa Santo Agostinho I,Japãozinho,71df064f-d17f-4cf5-ad45-93ce4e8182a5,SE
01a02d9c-ff4a-70c4-9c65-243e17a1e421,49063064,travessa,Travessa Santo Agostinho II,Japãozinho,71df064f-d17f-4cf5-ad45-93ce4e8182a5,SE
01a02d9c-da16-7460-b90a-a53d194592bc,49010700,travessa,Travessa Santo Antônio,Centro,71df064f-d17f-4cf5-ad45-93ce4e8182a5,SE
01a02d9d-0351-7453-b04d-c19c7d9dcade,49066243,travessa,Travessa Santo Antônio,Industrial,71df064f-d17f-4cf5-ad45-93ce4e8182a5,SE
01a02d9d-0351-7cf4-b066-b944dba5cbaf,49067003,travessa,Travessa Santo Antônio,Porto D'Antas,71df064f-d17f-4cf5-ad45-93ce4e8182a5,SE
01a02d9d-0551-7cb5-a2ef-83dfaf9b297f,49069207,travessa,Travessa Santo Antônio,Porto D'Antas,71df064f-d17f-4cf5-ad45-93ce4e8182a5,SE
01a02d9d-0f10-73f0-ba80-75cfc8496c29,49085370,travessa,Travessa Santo Antônio,José Conrado de Araújo,71df064f-d17f-4cf5-ad45-93ce4e8182a5,SE
01a02d9d-12ed-7156-86e3-5002367fcc1f,49087543,travessa,Travessa Santo Antônio,Santos Dumont,71df064f-d17f-4cf5-ad45-93ce4e8182a5,SE
01a02d9d-1cb8-74ef-96dd-6974e403685b,49095820,travessa,Travessa Santo Antônio,Jabotiana,71df064f-d17f-4cf5-ad45-93ce4e8182a5,SE
01a02d9c-ef90-7c36-b445-f0ac2fa91d69,49043069,travessa,Travessa Santo Antônio,São Conrado,71df064f-d17f-4cf5-ad45-93ce4e8182a5,SE
01a02d9c-f573-7bcb-b761-0bc8d73f235c,49044456,travessa,Travessa Santo Antônio,Santa Maria,71df064f-d17f-4cf5-ad45-93ce4e8182a5,SE
01a02d9c-ff48-76d1-9d09-10e21ea533e6,49060730,travessa,Travessa Santo Antônio,Santo Antônio,71df064f-d17f-4cf5-ad45-93ce4e8182a5,SE
01a02d9d-3aa8-748e-8ee4-84220b11dbde,49505355,travessa,Travessa Santo Antônio,Miguel Teles de Mendonça,8d820d6b-d516-4628-8228-0e70dcaf08f5,SE
01a02d9d-323a-7366-8134-298101fb6090,49501370,travessa,Travessa Santos Cardoso,Bananeiras,8d820d6b-d516-4628-8228-0e70dcaf08f5,SE
01a02d9d-12ed-7156-86eb-a66ee358beca,49087584,travessa,Travessa Sargento Brasiliano I,Santos Dumont,71df064f-d17f-4cf5-ad45-93ce4e8182a5,SE
01a02d9d-12ed-79b9-86ec-a7e1687b0bfb,49087587,travessa,Travessa Sargento Brasiliano II,Santos Dumont,71df064f-d17f-4cf5-ad45-93ce4e8182a5,SE
01a02d9d-12ef-7d86-bc74-00b0c4bdfb4b,49088073,travessa,Travessa Seis,Lamarão,71df064f-d17f-4cf5-ad45-93ce4e8182a5,SE
01a02d9c-ebbf-7e0b-9b14-b0a49b2a3e8a,49042076,travessa,Travessa Seis,São Conrado,71df064f-d17f-4cf5-ad45-93ce4e8182a5,SE
01a02d9c-f38b-7c20-98fa-87cf71fca9f4,49044124,travessa,Travessa Seis,Santa Maria,71df064f-d17f-4cf5-ad45-93ce4e8182a5,SE
01a02d9c-d619-73e3-ac1f-edf9c1ca1491,49007358,travessa,Travessa Seis,Zona de Expansão (Areia Branca),71df064f-d17f-4cf5-ad45-93ce4e8182a5,SE
01a02d9d-12ef-7d86-bc75-7da9c7dcbaf7,49088076,travessa,Travessa Seis A,Lamarão,71df064f-d17f-4cf5-ad45-93ce4e8182a5,SE
01a02d9d-0f10-73f0-ba82-9822454d7c77,49085390,travessa,Travessa Seixas Dórea,José Conrado de Araújo,71df064f-d17f-4cf5-ad45-93ce4e8182a5,SE
01a02d9c-ff4a-7a71-9c79-41ad8bac3e76,49063127,travessa,Travessa Senhor do Bomfim,Japãozinho,71df064f-d17f-4cf5-ad45-93ce4e8182a5,SE
01a02d9d-0933-7cce-97e3-adb716b0ca16,49072680,travessa,Travessa Senhor do Bonfim,Dezoito do Forte,71df064f-d17f-4cf5-ad45-93ce4e8182a5,SE
01a02d9d-12ed-79b9-86ee-334df2de6cd9,49087590,travessa,Travessa Senhor do Bonfim,Santos Dumont,71df064f-d17f-4cf5-ad45-93ce4e8182a5,SE
01a02d9d-12ed-79b9-86f4-2b97b96d9ad1,49087613,travessa,Travessa Serafim Bomfim,Santos Dumont,71df064f-d17f-4cf5-ad45-93ce4e8182a5,SE
01a02d9d-12ed-79b9-86f5-74107db46759,49087616,travessa,Travessa Serafim Bomfim II,Santos Dumont,71df064f-d17f-4cf5-ad45-93ce4e8182a5,SE
01a02d9d-12ed-79b9-86f6-7e7e329901df,49087618,travessa,Travessa Serafim Bomfim III,Santos Dumont,71df064f-d17f-4cf5-ad45-93ce4e8182a5,SE
01a02d9d-0933-7cce-97e6-32c8c58db2dd,49072690,travessa,Travessa Sergipe,Dezoito do Forte,71df064f-d17f-4cf5-ad45-93ce4e8182a5,SE
01a02d9d-0f0f-72d2-b254-f6eb6326d1a7,49082520,travessa,Travessa Sergipe,Novo Paraíso,71df064f-d17f-4cf5-ad45-93ce4e8182a5,SE
01a02d9d-0f10-73f0-ba83-21895c2daa12,49085400,travessa,Travessa Serigy,José Conrado de Araújo,71df064f-d17f-4cf5-ad45-93ce4e8182a5,SE
01a02d9d-12ef-7d86-bc77-2de79f7a74ae,49088083,travessa,Travessa Sete,Lamarão,71df064f-d17f-4cf5-ad45-93ce4e8182a5,SE
01a02d9c-ebbf-7e0b-9b15-c73d579eee5f,49042079,travessa,Travessa Sete,São Conrado,71df064f-d17f-4cf5-ad45-93ce4e8182a5,SE
01a02d9c-f38c-7493-b09a-bf103e738ec3,49044127,travessa,Travessa Sete,Santa Maria,71df064f-d17f-4cf5-ad45-93ce4e8182a5,SE
01a02d9c-d619-7cb4-ac24-799dae369316,49007382,travessa,Travessa Sete,Zona de Expansão (Areia Branca),71df064f-d17f-4cf5-ad45-93ce4e8182a5,SE
01a02d9c-d813-7423-9974-0808fa3ba8fd,49010070,travessa,Travessa Silva Ribeiro,Centro,71df064f-d17f-4cf5-ad45-93ce4e8182a5,SE
01a02d9d-3f00-7855-9ada-80ad3ff42fe9,49507670,travessa,Travessa Silvana Alves de Oliveira,Oviedo Teixeira,8d820d6b-d516-4628-8228-0e70dcaf08f5,SE
01a02d9c-d429-78f1-ab13-b1cc5b5cd5fe,49005299,travessa,Travessa Suissa I,Zona de Expansão (Robalo),71df064f-d17f-4cf5-ad45-93ce4e8182a5,SE
01a02d9c-d429-78f1-ab14-d26e778edd9e,49005302,travessa,Travessa Suissa II,Zona de Expansão (Robalo),71df064f-d17f-4cf5-ad45-93ce4e8182a5,SE
01a02d9c-d42a-719c-a955-f31a85e4924f,49005308,travessa,Travessa Suissa III,Zona de Expansão (Robalo),71df064f-d17f-4cf5-ad45-93ce4e8182a5,SE
01a02d9c-d429-78f1-ab15-1cf17a744bcb,49005305,travessa,Travessa Suissa IV,Zona de Expansão (Robalo),71df064f-d17f-4cf5-ad45-93ce4e8182a5,SE
01a02d9c-d42a-719c-a956-e0d1383b6e0a,49005311,travessa,Travessa Suissa V,Zona de Expansão (Robalo),71df064f-d17f-4cf5-ad45-93ce4e8182a5,SE
01a02d9c-f94b-7b78-873f-5927bad2fa0f,49050700,travessa,Travessa Sálvio Oliveira,Suíssa,71df064f-d17f-4cf5-ad45-93ce4e8182a5,SE
01a02d9c-f755-771f-a997-a148c7d5a8eb,49047360,travessa,Travessa São Benedito,Ponto Novo,71df064f-d17f-4cf5-ad45-93ce4e8182a5,SE
01a02d9d-0550-7b9d-89a6-e96acc29d4aa,49069042,travessa,Travessa São Braz,Porto D'Antas,71df064f-d17f-4cf5-ad45-93ce4e8182a5,SE
01a02d9d-0350-7bb7-9f4b-6f23b0bc7053,49065690,travessa,Travessa São Carlos,Industrial,71df064f-d17f-4cf5-ad45-93ce4e8182a5,SE
01a02d9d-0550-7b9d-89ac-3d58b072f6dc,49069060,travessa,Travessa São Cristovão,Porto D'Antas,71df064f-d17f-4cf5-ad45-93ce4e8182a5,SE
01a02d9c-da15-7399-adc1-c1c30057775d,49010400,travessa,Travessa São Cristóvão Velho,Centro,71df064f-d17f-4cf5-ad45-93ce4e8182a5,SE
01a02d9c-fd5f-7526-bce4-3a36e6722242,49055630,travessa,Travessa São Cristóvão Velho,Getúlio Vargas,71df064f-d17f-4cf5-ad45-93ce4e8182a5,SE
01a02d9d-4120-74d5-993b-1d789682a917,49509200,travessa,Travessa São Domingos,Mamede Paes Mendonça,8d820d6b-d516-4628-8228-0e70dcaf08f5,SE
01a02d9d-4120-74d5-993c-ddc2408622b0,49509203,travessa,Travessa São Domingos II,Mamede Paes Mendonça,8d820d6b-d516-4628-8228-0e70dcaf08f5,SE
01a02d9d-0350-7bb7-9f4c-6605e40f738e,49065700,travessa,Travessa São Expedito,Industrial,71df064f-d17f-4cf5-ad45-93ce4e8182a5,SE
01a02d9d-2a91-71a6-8633-7b654eecadc7,49070268,travessa,Travessa São Francisco,Cidade Nova,71df064f-d17f-4cf5-ad45-93ce4e8182a5,SE
01a02d9c-fb69-7119-8c01-e0aea0624020,49050840,travessa,Travessa São Francisco,Pereira Lobo,71df064f-d17f-4cf5-ad45-93ce4e8182a5,SE
01a02d9c-ff4a-70c4-9c69-31b76e03c447,49063076,travessa,Travessa São Francisco,Japãozinho,71df064f-d17f-4cf5-ad45-93ce4e8182a5,SE
01a02d9d-0f11-7409-b3a4-fce61569e8a5,49087003,travessa,Travessa São Francisco de Assis,Santos Dumont,71df064f-d17f-4cf5-ad45-93ce4e8182a5,SE
01a02d9c-d206-7aa1-b390-80d953d03827,49004216,travessa,Travessa São Francisco de Assis,Zona de Expansão (Robalo),71df064f-d17f-4cf5-ad45-93ce4e8182a5,SE
01a02d9d-0933-7cce-97dd-e6be187612ad,49072650,travessa,Travessa São Gonçalo,Dezoito do Forte,71df064f-d17f-4cf5-ad45-93ce4e8182a5,SE
01a02d9c-ff4a-70c4-9c6c-ab9aa3f7bfc9,49063088,travessa,Travessa São Januário,Japãozinho,71df064f-d17f-4cf5-ad45-93ce4e8182a5,SE
01a02d9d-0551-742a-a2d6-c5b316e40b3a,49069123,travessa,Travessa São Joaquim,Porto D'Antas,71df064f-d17f-4cf5-ad45-93ce4e8182a5,SE
01a02d9c-ff49-7816-bf6a-d578ffcd5533,49063052,travessa,Travessa São Joaquim,Japãozinho,71df064f-d17f-4cf5-ad45-93ce4e8182a5,SE
01a02d9d-0551-7cb5-a2ea-71639f637716,49069192,travessa,Travessa São Jorge,Porto D'Antas,71df064f-d17f-4cf5-ad45-93ce4e8182a5,SE
01a02d9d-12ed-7156-86e6-55013dc349b1,49087550,travessa,Travessa São Jorge,Santos Dumont,71df064f-d17f-4cf5-ad45-93ce4e8182a5,SE
01a02d9d-0350-7bb7-9f4e-13b898b01cdd,49065720,travessa,Travessa São José,Industrial,71df064f-d17f-4cf5-ad45-93ce4e8182a5,SE
01a02d9d-0352-759b-b6f9-1e903c3736c6,49067166,travessa,Travessa São José,Porto D'Antas,71df064f-d17f-4cf5-ad45-93ce4e8182a5,SE
01a02d9d-0351-7cf4-b05f-11b596eec8b3,49066440,travessa,Travessa São João,Industrial,71df064f-d17f-4cf5-ad45-93ce4e8182a5,SE
01a02d9d-0d1f-7c95-911e-859a3a3f1764,49080500,travessa,Travessa São João,América,71df064f-d17f-4cf5-ad45-93ce4e8182a5,SE
01a02d9c-ff48-7f69-9d26-27fd5339a38b,49061100,travessa,Travessa São João,Santo Antônio,71df064f-d17f-4cf5-ad45-93ce4e8182a5,SE
01a02d9c-ff49-7816-bf65-9a45255422fc,49063037,travessa,Travessa São João,Japãozinho,71df064f-d17f-4cf5-ad45-93ce4e8182a5,SE
01a02d9d-1ea5-788f-9d90-10dc8210c58b,49097560,travessa,Travessa São João Batista,Ponto Novo,71df064f-d17f-4cf5-ad45-93ce4e8182a5,SE
01a02d9c-ff49-7816-bf66-852151fd3459,49063040,travessa,Travessa São João I,Japãozinho,71df064f-d17f-4cf5-ad45-93ce4e8182a5,SE
01a02d9c-ff49-7816-bf67-51c0e5c91964,49063043,travessa,Travessa São João II,Japãozinho,71df064f-d17f-4cf5-ad45-93ce4e8182a5,SE
01a02d9d-0551-742a-a2db-8a303b287686,49069141,travessa,Travessa São Luiz,Porto D'Antas,71df064f-d17f-4cf5-ad45-93ce4e8182a5,SE
01a02d9d-3aa7-7bdf-8770-cd2716a17c51,49505320,travessa,Travessa São Luiz,Miguel Teles de Mendonça,8d820d6b-d516-4628-8228-0e70dcaf08f5,SE
01a02d9d-3aa9-7e4f-a080-ab79353584b9,49506204,travessa,Travessa São Luiz,Rotary Club de Itabaiana,8d820d6b-d516-4628-8228-0e70dcaf08f5,SE
01a02d9d-0350-7bb7-9f50-f3ed0182221b,49065740,travessa,Travessa São Luís,Industrial,71df064f-d17f-4cf5-ad45-93ce4e8182a5,SE
01a02d9c-d208-7d54-bc2b-0ac3dfae68fa,49004574,travessa,Travessa São Miguel,Zona de Expansão (Robalo),71df064f-d17f-4cf5-ad45-93ce4e8182a5,SE
01a02d9d-0551-742a-a2d1-9a06da5f0304,49069108,travessa,Travessa São Paulo,Porto D'Antas,71df064f-d17f-4cf5-ad45-93ce4e8182a5,SE
01a02d9d-1ac0-7746-b398-969bfa62dc25,49092240,travessa,Travessa São Paulo,Olaria,71df064f-d17f-4cf5-ad45-93ce4e8182a5,SE
01a02d9c-fd62-7a30-b9ac-2fef1324d5cb,49060493,travessa,Travessa São Paulo,Santo Antônio,71df064f-d17f-4cf5-ad45-93ce4e8182a5,SE
01a02d9d-22a5-775a-9fe9-3e893a970c9b,49004598,travessa,Travessa São Pedro,Zona de Expansão (Robalo),71df064f-d17f-4cf5-ad45-93ce4e8182a5,SE
01a02d9c-fd5f-7526-bce6-c13482b4231c,49055650,travessa,Travessa São Pedro,Getúlio Vargas,71df064f-d17f-4cf5-ad45-93ce4e8182a5,SE
01a02d9c-fd62-7a30-b9ad-6727033fa401,49060496,travessa,Travessa São Pedro,Santo Antônio,71df064f-d17f-4cf5-ad45-93ce4e8182a5,SE
01a02d9c-d208-74cf-bc28-8eaf588bab28,49004565,travessa,Travessa São Pedro,Zona de Expansão (Robalo),71df064f-d17f-4cf5-ad45-93ce4e8182a5,SE
01a02d9d-0551-7cb5-a2f0-fe654e6b7c1e,49069210,travessa,Travessa São Pedro I,Porto D'Antas,71df064f-d17f-4cf5-ad45-93ce4e8182a5,SE
01a02d9d-0551-7cb5-a2f1-9e24c5198785,49069213,travessa,Travessa São Pedro II,Porto D'Antas,71df064f-d17f-4cf5-ad45-93ce4e8182a5,SE
01a02d9d-0550-7b9d-89b7-389f35a14ad0,49069099,travessa,Travessa São Roque,Porto D'Antas,71df064f-d17f-4cf5-ad45-93ce4e8182a5,SE
01a02d9c-d208-7d54-bc33-c37ca9577f92,49004662,travessa,Travessa São Vicente,Zona de Expansão (Robalo),71df064f-d17f-4cf5-ad45-93ce4e8182a5,SE
01a02d9d-26a0-761d-91dc-c9552dd23c9b,49004659,travessa,Travessa São Vicente V,Zona de Expansão (Robalo),71df064f-d17f-4cf5-ad45-93ce4e8182a5,SE
01a02d9d-3aa8-748e-8ee5-9c815521441d,49505360,travessa,Travessa Sérgio Batista dos Santos,Miguel Teles de Mendonça,8d820d6b-d516-4628-8228-0e70dcaf08f5,SE
01a02d9d-1ea4-7ff5-880f-a0ffe5ba1e0c,49097186,travessa,Travessa Tabelião Euclides,Ponto Novo,71df064f-d17f-4cf5-ad45-93ce4e8182a5,SE
01a02d9d-4124-7191-8393-a922583dc366,49510360,travessa,Travessa Tanque Vermelho,Riacho Doce,8d820d6b-d516-4628-8228-0e70dcaf08f5,SE
01a02d9d-3cbd-7399-bab2-b05dffd3776a,49506734,travessa,Travessa Tarcisio Menezes Santos,Doutor José Milton Machado,8d820d6b-d516-4628-8228-0e70dcaf08f5,SE
01a02d9c-d619-7cb4-ac29-e98c4a3217bf,49008003,travessa,Travessa Taubaté I,Zona de Expansão (Mosqueiro),71df064f-d17f-4cf5-ad45-93ce4e8182a5,SE
01a02d9c-d619-7cb4-ac2a-1e5eb706ffd8,49008006,travessa,Travessa Taubaté II,Zona de Expansão (Mosqueiro),71df064f-d17f-4cf5-ad45-93ce4e8182a5,SE
01a02d9c-da14-728f-8949-496bc3ff3bcd,49010200,travessa,Travessa Tenente Martinho Garcez,Centro,71df064f-d17f-4cf5-ad45-93ce4e8182a5,SE
01a02d9d-0b2a-78fd-9036-d64534152c1f,49075440,travessa,Travessa Tenente-Coronel Odilon Siqueira,Siqueira Campos,71df064f-d17f-4cf5-ad45-93ce4e8182a5,SE
01a02d9d-10fa-72fb-95f6-5bca13924602,49087273,travessa,Travessa Tereza Cristina,Santos Dumont,71df064f-d17f-4cf5-ad45-93ce4e8182a5,SE
01a02d9d-3aa8-748e-8ee0-e31f7638c466,49505335,travessa,Travessa Terêncio Bispo,Miguel Teles de Mendonça,8d820d6b-d516-4628-8228-0e70dcaf08f5,SE
01a02d9d-24a3-7e28-88c1-98e23e2c2613,49097590,travessa,Travessa Teófilo Barreto,Ponto Novo,71df064f-d17f-4cf5-ad45-93ce4e8182a5,SE
01a02d9d-28aa-7d74-878f-7477e309adc3,49042123,travessa,Travessa Treze,São Conrado,71df064f-d17f-4cf5-ad45-93ce4e8182a5,SE
01a02d9c-f38d-77c1-bf66-8c34defe89ac,49044174,travessa,Travessa Treze,Santa Maria,71df064f-d17f-4cf5-ad45-93ce4e8182a5,SE
01a02d9c-f38f-725d-b3f7-ad0332e31c90,49044234,travessa,Travessa Trinta,Santa Maria,71df064f-d17f-4cf5-ad45-93ce4e8182a5,SE
01a02d9c-f38c-7e64-b0a7-fd73fe4ebbd2,49044153,travessa,Travessa Trinta e Cinco,Santa Maria,71df064f-d17f-4cf5-ad45-93ce4e8182a5,SE
01a02d9c-f38c-7493-b0a3-41acdb88e801,49044144,travessa,Travessa Trinta e Dois,Santa Maria,71df064f-d17f-4cf5-ad45-93ce4e8182a5,SE
01a02d9c-f38e-7134-861d-fad134eeb082,49044204,travessa,Travessa Trinta e Dois 1,Santa Maria,71df064f-d17f-4cf5-ad45-93ce4e8182a5,SE
01a02d9d-0d21-7e9e-8f87-aa7cfee48e62,49082333,travessa,Travessa Trinta e Três,Novo Paraíso,71df064f-d17f-4cf5-ad45-93ce4e8182a5,SE
01a02d9c-f38c-7493-b0a2-68cf510eb8a9,49044142,travessa,Travessa Trinta e Um,Santa Maria,71df064f-d17f-4cf5-ad45-93ce4e8182a5,SE
01a02d9d-1ea3-7ec2-8519-ae44e300b4e8,49096120,travessa,Travessa Trinta e Um de Março,Jabotiana,71df064f-d17f-4cf5-ad45-93ce4e8182a5,SE
01a02d9d-0d20-750f-9191-429ab96e38a7,49080655,travessa,Travessa Três,América,71df064f-d17f-4cf5-ad45-93ce4e8182a5,SE
01a02d9c-f38f-725d-b3ff-803a0d255500,49044254,travessa,Travessa Três,Santa Maria,71df064f-d17f-4cf5-ad45-93ce4e8182a5,SE
01a02d9d-2c75-7cb2-a5f4-85e1bfcb2a92,49088497,travessa,Travessa Três,Lamarão,71df064f-d17f-4cf5-ad45-93ce4e8182a5,SE
01a02d9c-d207-733a-80b3-562ab44ef9de,49004264,travessa,Travessa Três Porquinhos I,Zona de Expansão (Robalo),71df064f-d17f-4cf5-ad45-93ce4e8182a5,SE
01a02d9c-d207-733a-80b4-cea41e518131,49004267,travessa,Travessa Três Porquinhos II,Zona de Expansão (Robalo),71df064f-d17f-4cf5-ad45-93ce4e8182a5,SE
01a02d9c-d207-733a-80b5-c1d0f99139a0,49004270,travessa,Travessa Três Porquinhos III,Zona de Expansão (Robalo),71df064f-d17f-4cf5-ad45-93ce4e8182a5,SE
01a02d9c-e3fe-7fee-af83-bf7f61f1cc9d,49035268,travessa,Travessa Um,Atalaia,71df064f-d17f-4cf5-ad45-93ce4e8182a5,SE
01a02d9d-0d20-750f-918f-58ddbfe19e70,49080649,travessa,Travessa Um,América,71df064f-d17f-4cf5-ad45-93ce4e8182a5,SE
01a02d9d-10fb-742c-9265-b7b19db0826b,49087466,travessa,Travessa Um,Santos Dumont,71df064f-d17f-4cf5-ad45-93ce4e8182a5,SE
01a02d9d-269e-73ce-a480-c93c331169d7,49004057,travessa,Travessa Um,Zona de Expansão (Robalo),71df064f-d17f-4cf5-ad45-93ce4e8182a5,SE
01a02d9d-16ef-7fec-b463-36845416906e,49090293,travessa,Travessa Um,Jardim Centenário,71df064f-d17f-4cf5-ad45-93ce4e8182a5,SE
01a02d9c-f19b-762b-a1c9-a432927f7ad6,49043818,travessa,Travessa Um,Santa Maria,71df064f-d17f-4cf5-ad45-93ce4e8182a5,SE
01a02d9c-f38f-7ad9-b403-d4207a9bf325,49044260,travessa,Travessa Um,Santa Maria,71df064f-d17f-4cf5-ad45-93ce4e8182a5,SE
01a02d9d-2c75-7446-a5f1-3dbdc20ad592,49088464,travessa,Travessa Um,Lamarão,71df064f-d17f-4cf5-ad45-93ce4e8182a5,SE
01a02d9c-ebbe-7452-85e0-79262b9c141d,49040623,travessa,Travessa Urano,Inácio Barbosa,71df064f-d17f-4cf5-ad45-93ce4e8182a5,SE
01a02d9d-305b-7f8f-b88a-a716570985da,49500612,travessa,Travessa Vereador Vilobaldo José de Oliveira,São Cristóvão,8d820d6b-d516-4628-8228-0e70dcaf08f5,SE
01a02d9d-3aab-7022-8df6-357d4678663f,49506258,travessa,Travessa Vesta Maria de Góis,Rotary Club de Itabaiana,8d820d6b-d516-4628-8228-0e70dcaf08f5,SE
01a02d9c-e200-7e62-9b78-4e0c4259b34b,49032170,travessa,Travessa Vicente Rodrigues,Farolândia,71df064f-d17f-4cf5-ad45-93ce4e8182a5,SE
01a02d9d-323a-7366-8136-14fe11df9fd8,49501380,travessa,Travessa Vicente Santiago,Bananeiras,8d820d6b-d516-4628-8228-0e70dcaf08f5,SE
01a02d9c-f38d-77c1-bf6b-f57523b1d9ca,49044184,travessa,Travessa Vinte,Santa Maria,71df064f-d17f-4cf5-ad45-93ce4e8182a5,SE
01a02d9c-d42a-719c-a96a-5aeb40e51e3e,49007069,travessa,Travessa Vinte,Zona de Expansão (Areia Branca),71df064f-d17f-4cf5-ad45-93ce4e8182a5,SE
01a02d9c-f38e-79e9-8626-87308267d3c6,49044224,travessa,Travessa Vinte e Cinco,Santa Maria,71df064f-d17f-4cf5-ad45-93ce4e8182a5,SE
01a02d9c-d42a-7a3b-a978-dda6ad96301f,49007155,travessa,Travessa Vinte e Cinco,Zona de Expansão (Areia Branca),71df064f-d17f-4cf5-ad45-93ce4e8182a5,SE
01a02d9c-f38f-725d-b3f9-292fb6a80f4c,49044237,travessa,Travessa Vinte e Nove,Santa Maria,71df064f-d17f-4cf5-ad45-93ce4e8182a5,SE
01a02d9c-d42a-719c-a96f-afb1d262ad9b,49007117,travessa,Travessa Vinte e Nove,Zona de Expansão (Areia Branca),71df064f-d17f-4cf5-ad45-93ce4e8182a5,SE
01a02d9d-269e-73ce-a487-a0afd27753a9,49007158,travessa,Travessa Vinte e Nove C,Zona de Expansão (Areia Branca),71df064f-d17f-4cf5-ad45-93ce4e8182a5,SE
01a02d9d-269e-73ce-a488-ed41fc8daa2e,49007161,travessa,Travessa Vinte e Nove D,Zona de Expansão (Areia Branca),71df064f-d17f-4cf5-ad45-93ce4e8182a5,SE
01a02d9d-269e-73ce-a489-40ddab288147,49007164,travessa,Travessa Vinte e Nove E,Zona de Expansão (Areia Branca),71df064f-d17f-4cf5-ad45-93ce4e8182a5,SE
01a02d9c-f38e-79e9-862a-54ccbe14ae84,49044231,travessa,Travessa Vinte e Oito,Santa Maria,71df064f-d17f-4cf5-ad45-93ce4e8182a5,SE
01a02d9d-12ee-7b48-93f8-a59715aee0b5,49087678,travessa,Travessa Vinte e Quatro,Santos Dumont,71df064f-d17f-4cf5-ad45-93ce4e8182a5,SE
01a02d9c-f38e-79e9-8625-22611befff0c,49044222,travessa,Travessa Vinte e Quatro,Santa Maria,71df064f-d17f-4cf5-ad45-93ce4e8182a5,SE
01a02d9c-f38e-79e9-8627-e3fd15cc9657,49044226,travessa,Travessa Vinte e Seis,Santa Maria,71df064f-d17f-4cf5-ad45-93ce4e8182a5,SE
01a02d9c-d42a-7a3b-a975-be320bfddea2,49007146,travessa,Travessa Vinte e Seis,Zona de Expansão (Areia Branca),71df064f-d17f-4cf5-ad45-93ce4e8182a5,SE
01a02d9c-f38e-79e9-8628-7a0780c90d60,49044228,travessa,Travessa Vinte e Sete,Santa Maria,71df064f-d17f-4cf5-ad45-93ce4e8182a5,SE
01a02d9d-12f0-7f4b-a1a0-d0a08d67c7db,49088229,travessa,Travessa Vinte e Três,Lamarão,71df064f-d17f-4cf5-ad45-93ce4e8182a5,SE
01a02d9c-f38e-79e9-8623-2fe100d3d1e8,49044218,travessa,Travessa Vinte e Três,Santa Maria,71df064f-d17f-4cf5-ad45-93ce4e8182a5,SE
01a02d9c-f38c-7e64-b0a8-95e84cddb261,49044156,travessa,Travessa Vinte e Um,Santa Maria,71df064f-d17f-4cf5-ad45-93ce4e8182a5,SE
01a02d9d-0933-7cce-97ee-32d700c97d04,49072763,travessa,Travessa Vinte e Um de Abril,Dezoito do Forte,71df064f-d17f-4cf5-ad45-93ce4e8182a5,SE
01a02d9d-0746-75e9-932d-f97b7306255f,49072103,travessa,Travessa Visconde Maracaju,Dezoito do Forte,71df064f-d17f-4cf5-ad45-93ce4e8182a5,SE
01a02d9d-2c74-7baa-9a61-142c5dc73213,49080315,travessa,Travessa Vital Brasil,América,71df064f-d17f-4cf5-ad45-93ce4e8182a5,SE
01a02d9d-0f11-7409-b396-d9ef314d0306,49085453,travessa,Travessa Vitória,José Conrado de Araújo,71df064f-d17f-4cf5-ad45-93ce4e8182a5,SE
01a02d9d-14f5-703d-bb25-386dcfdc3793,49088385,travessa,Travessa Vitória I,Lamarão,71df064f-d17f-4cf5-ad45-93ce4e8182a5,SE
01a02d9d-0d1f-7c95-9124-d8122bae4058,49080550,travessa,Travessa Washington Luís,América,71df064f-d17f-4cf5-ad45-93ce4e8182a5,SE
01a02d9d-385f-7de5-a0b1-79b7658a03ef,49504256,travessa,Travessa Weverton André Cruz de Jesus,Marianga,8d820d6b-d516-4628-8228-0e70dcaf08f5,SE
01a02d9d-385e-7c9a-b538-bb0538086dfd,49504084,travessa,Travessa Willian Fonseca de Jesus,Marianga,8d820d6b-d516-4628-8228-0e70dcaf08f5,SE
01a02d9c-e7d5-7f0d-909b-c72d4fee0fc7,49037589,travessa,Travessa Wolney Matos,Aeroporto,71df064f-d17f-4cf5-ad45-93ce4e8182a5,SE
01a02d9d-0143-7719-a5b2-4618f3a2a02c,49063217,travessa,Travessa X,Japãozinho,71df064f-d17f-4cf5-ad45-93ce4e8182a5,SE
01a02d9d-3f02-7b6c-baf6-83718430f6fb,49509149,travessa,Travessa Xisto Alves dos Santos,Mamede Paes Mendonça,8d820d6b-d516-4628-8228-0e70dcaf08f5,SE
01a02d9d-28aa-7d74-8791-6d4e643795a5,49043386,travessa,Travessa Z,São Conrado,71df064f-d17f-4cf5-ad45-93ce4e8182a5,SE
01a02d9c-ef93-708a-91ad-e22554f1d0de,49043377,travessa,Travessa Z 2,São Conrado,71df064f-d17f-4cf5-ad45-93ce4e8182a5,SE
01a02d9c-ef93-708a-91ae-9d03833f193b,49043380,travessa,Travessa Z 3,São Conrado,71df064f-d17f-4cf5-ad45-93ce4e8182a5,SE
01a02d9c-ef93-708a-91af-5dd10d0d517d,49043383,travessa,Travessa Z 4,São Conrado,71df064f-d17f-4cf5-ad45-93ce4e8182a5,SE
01a02d9d-28a9-7bed-a617-f0f6eb422afc,49032416,travessa,Travessa Zacarias de Brito,Farolândia,71df064f-d17f-4cf5-ad45-93ce4e8182a5,SE
01a02d9d-18d4-7e38-ad84-381e13336285,49090403,travessa,Travessa Zeca Dantas,Bugio,71df064f-d17f-4cf5-ad45-93ce4e8182a5,SE
01a02d9d-343b-7f7d-a386-8819158076c7,49503336,travessa,Travessa Zeilde dos Santos,Anízio Amancio de Oliveira,8d820d6b-d516-4628-8228-0e70dcaf08f5,SE
01a02d9d-209c-7757-afaa-82d35ac9289e,49097600,travessa,Travessa Zizinha Guimarães,Ponto Novo,71df064f-d17f-4cf5-ad45-93ce4e8182a5,SE
01a02d9d-209d-7771-baab-3679235357a9,49490970,travessa,Travessa da Ana da Fonseca 45,Centro,76c13f8b-7e84-4c21-8ccf-1dffbed52f2a,SE
01a02d9c-e5f0-7178-924f-e236302e3e7a,49035806,travessa,Travessa da Delegacia,Coroa do Meio,71df064f-d17f-4cf5-ad45-93ce4e8182a5,SE
01a02d9d-269f-7db0-848c-5c3084038a80,49004604,travessa,Travessa da Igreja,Zona de Expansão (Robalo),71df064f-d17f-4cf5-ad45-93ce4e8182a5,SE
01a02d9c-eda1-7f9a-bf21-ede4f6147d4a,49042426,travessa,Travessa da Independência,São Conrado,71df064f-d17f-4cf5-ad45-93ce4e8182a5,SE
01a02d9c-ebbf-7e0b-9b02-d778ec01948c,49041163,travessa,Travessa das Margaridas,Inácio Barbosa,71df064f-d17f-4cf5-ad45-93ce4e8182a5,SE
01a02d9d-14f5-7946-bb45-25e7cac6eb93,49089084,travessa,Travessa das Rosas,Soledade,71df064f-d17f-4cf5-ad45-93ce4e8182a5,SE
01a02d9c-d208-74cf-bc25-71ab31e04cb3,49004556,travessa,Travessa do Barriguinha,Zona de Expansão (Robalo),71df064f-d17f-4cf5-ad45-93ce4e8182a5,SE
01a02d9d-10fa-7b93-960e-0d4e8f1b28f9,49087409,travessa,Travessa do Campo,Santos Dumont,71df064f-d17f-4cf5-ad45-93ce4e8182a5,SE
01a02d9d-0142-7e7c-8d36-17fec720cad3,49063142,travessa,Travessa do Campo,Japãozinho,71df064f-d17f-4cf5-ad45-93ce4e8182a5,SE
01a02d9c-d618-7b81-986a-8f939f07ed45,49007313,travessa,Travessa do Cemitério,Zona de Expansão (Areia Branca),71df064f-d17f-4cf5-ad45-93ce4e8182a5,SE
01a02d9d-22a7-7785-886d-901c82a78d73,49037760,travessa,Travessa do Farol,Aeroporto,71df064f-d17f-4cf5-ad45-93ce4e8182a5,SE
01a02d9d-269e-73ce-a482-bb52a0090410,49004279,travessa,Travessa do Hilário,Zona de Expansão (Robalo),71df064f-d17f-4cf5-ad45-93ce4e8182a5,SE
01a02d9c-f19b-762b-a1c5-b52468dc7a7d,49043806,travessa,Travessa do Rosa Azul,Santa Maria,71df064f-d17f-4cf5-ad45-93ce4e8182a5,SE
01a02d9c-ebbf-7575-9afe-583cfdbbb45c,49041153,travessa,Travessa dos Cravos II,Inácio Barbosa,71df064f-d17f-4cf5-ad45-93ce4e8182a5,SE
01a02d9d-18d5-76cf-9b26-6ee48693c3ba,49090536,travessa,Travessa dos Pescadores,Bugio,71df064f-d17f-4cf5-ad45-93ce4e8182a5,SE
01a02d9d-1ea4-775d-8800-d20996491d70,49097040,travessa,Travessa Álvaro Sampaio,Ponto Novo,71df064f-d17f-4cf5-ad45-93ce4e8182a5,SE
01a02d9c-cbc5-7126-9d4e-5598815c8384,49000007,via,Via Bela,Aruana,71df064f-d17f-4cf5-ad45-93ce4e8182a5,SE
01a02d9c-cbc5-7126-9d4f-cca0d2b3b058,49000010,via,Via Clara,Aruana,71df064f-d17f-4cf5-ad45-93ce4e8182a5,SE
01a02d9c-cbc5-7126-9d4d-0374aad3bf01,49000004,via,Via Formosa,Aruana,71df064f-d17f-4cf5-ad45-93ce4e8182a5,SE
01a02d9d-0934-7568-8349-7d503785f8d9,49075040,vila,Vila Amapá,Siqueira Campos,71df064f-d17f-4cf5-ad45-93ce4e8182a5,SE
01a02d9d-0143-7fcd-a5c4-71e3dcf0b4e9,49065070,vila,Vila Ana,Industrial,71df064f-d17f-4cf5-ad45-93ce4e8182a5,SE
01a02d9c-da14-7af6-8956-cff5e2781892,49010350,vila,Vila Angélica,Centro,71df064f-d17f-4cf5-ad45-93ce4e8182a5,SE
01a02d9d-24a1-7e19-9cab-ccaf46d83200,49080100,vila,Vila Brasil,América,71df064f-d17f-4cf5-ad45-93ce4e8182a5,SE
01a02d9d-0144-786d-8f70-f5050d00d665,49065190,vila,Vila Carvalho,Industrial,71df064f-d17f-4cf5-ad45-93ce4e8182a5,SE
01a02d9c-fd5e-7cae-b14d-146bf49fe623,49055535,vila,Vila Dona Berenice,Cirurgia,71df064f-d17f-4cf5-ad45-93ce4e8182a5,SE
01a02d9d-0934-7568-8351-dee3d3818512,49075123,vila,Vila Dona Moça,Siqueira Campos,71df064f-d17f-4cf5-ad45-93ce4e8182a5,SE
01a02d9c-f94a-7a38-9931-e5ba1d737118,49050173,vila,Vila Esperança,Suíssa,71df064f-d17f-4cf5-ad45-93ce4e8182a5,SE
01a02d9c-da14-7af6-8951-b4a7ad8d08b0,49010282,vila,Vila Eunice,Centro,71df064f-d17f-4cf5-ad45-93ce4e8182a5,SE
01a02d9c-da18-763e-b53f-572bc803f438,49015271,vila,Vila Marta Maria,São José,71df064f-d17f-4cf5-ad45-93ce4e8182a5,SE
01a02d9c-fd5e-7442-b146-9988683ccf22,49055460,vila,Vila Mendonça,Getúlio Vargas,71df064f-d17f-4cf5-ad45-93ce4e8182a5,SE
01a02d9c-f94b-72d4-8732-d50fd9fa3863,49050500,vila,Vila Militar,Suíssa,71df064f-d17f-4cf5-ad45-93ce4e8182a5,SE
01a02d9d-0d21-7e9e-8f8b-9421ebdc3f9e,49082370,vila,Vila Novo Paraíso,Novo Paraíso,71df064f-d17f-4cf5-ad45-93ce4e8182a5,SE
01a02d9d-0f0e-79f2-81e7-642b1fe1fc90,49082390,vila,Vila Paraíso,Novo Paraíso,71df064f-d17f-4cf5-ad45-93ce4e8182a5,SE
01a02d9c-d814-7c40-a25c-820395ea0e88,49010181,vila,Vila Queiroz,Centro,71df064f-d17f-4cf5-ad45-93ce4e8182a5,SE
01a02d9d-2e63-78f6-b35a-946bde23cf34,49500130,vila,Vila Rosário,Centro,8d820d6b-d516-4628-8228-0e70dcaf08f5,SE
01a02d9c-da15-7399-adc7-15c4a0a9ef1b,49010451,vila,Vila Rosângela,Centro,71df064f-d17f-4cf5-ad45-93ce4e8182a5,SE
01a02d9d-0743-7b6e-9fa5-0b11e11f6460,49070340,vila,Vila Sanatório,Cidade Nova,71df064f-d17f-4cf5-ad45-93ce4e8182a5,SE
01a02d9d-2c77-7f0f-94ee-23746106fd27,49500055,vila,Vila Santo Antonio,Centro,8d820d6b-d516-4628-8228-0e70dcaf08f5,SE
01a02d9c-da15-7399-adca-7eaa701e45bf,49010480,vila,Vila Selma,Centro,71df064f-d17f-4cf5-ad45-93ce4e8182a5,SE
01a02d9c-da14-728f-8950-4c5be2c38f2f,49010281,vila,Vila Senhor do Bomfim,Centro,71df064f-d17f-4cf5-ad45-93ce4e8182a5,SE
01a02d9d-0b2b-7174-a501-b7f46197e508,49075543,vila,Vila São Francisco,Siqueira Campos,71df064f-d17f-4cf5-ad45-93ce4e8182a5,SE
01a02d9d-0b2b-7174-a503-25df03c31e63,49075560,vila,Vila Trindade,Siqueira Campos,71df064f-d17f-4cf5-ad45-93ce4e8182a5,SE
01a02d9d-3f02-7289-bae2-a9e95a889976,49509037,vila,Vila Zé de Melinha,Mamede Paes Mendonça,8d820d6b-d516-4628-8228-0e70dcaf08f5,SE
01a02d9d-209d-7771-baad-76c69b39e2ea,49500971,área,Área Rural,Área Rural de Itabaiana,8d820d6b-d516-4628-8228-0e70dcaf08f5,SE
