"id","name","id_municipality"
"113e4f65-f052-4829-9e3b-8a2e34fd8cdd",Acrelândia,"01a02d5a-89a2-7a3f-b1f7-84508c04eae8"
"0a528dcf-b7f5-4d10-ba75-985738ae55db",Assis Brasil,"01a02d5a-89a5-7f5b-8593-ddf212530928"
"71a76723-58e8-4ee9-8559-9a3e0c624149",Brasiléia,"01a02d5a-89a6-7828-99f5-108e7ee20589"
"00fb0a0a-590e-4bb9-89d6-b269b38fdf0f",Bujari,"01a02d5a-89a6-7828-99f6-8a8651dc053a"
"2860b169-a07b-4f27-8be5-0c655b1b11b5",Capixaba,"01a02d5a-89a7-70f5-8901-1d3953d14316"
"871089c3-cf8c-4e6e-ab21-3d580cdfbb0b",Cruzeiro do Sul,"01a02d5a-89a7-70f5-8902-c6bcde6f07c8"
d6f204f7-aba8-4cc5-8da1-2c2b0d7dedb7,Epitaciolândia,"01a02d5a-89a7-70f5-8903-11d4a3e01886"
c41f3857-4385-4b67-9cb4-812b1597ffb8,Feijó,"01a02d5a-89a7-79a3-8904-42e020522223"
"8cd4827f-da8c-4518-aa62-ea2778c52ed8",Jordão,"01a02d5a-89a7-79a3-8905-c78270ab330a"
"97cfc3bd-b340-4313-8c46-f850e6438dc7",Mâncio Lima,"01a02d5a-89a7-79a3-8906-6139b10ebda6"
"4360b22d-63c8-4629-ab1c-7995f11c9f4e",Manoel Urbano,"01a02d5a-89a8-721a-b366-09db6639984f"
b56268f5-1ff4-4705-9384-625ba3519edd,Marechal Thaumaturgo,"01a02d5a-89a8-721a-b367-9f35bc874c4e"
"25e978ce-220c-4f13-a606-5fd847532a58",Plácido de Castro,"01a02d5a-89a8-721a-b368-e412c3845f34"
b0bf5aa4-b559-4343-a1b3-2a279230d817,Porto Acre,"01a02d5a-89a8-7abf-b369-33947a372dd4"
"8b9fad9b-9c34-42f6-837e-0433549877a5",Porto Walter,"01a02d5a-89a8-7abf-b36a-da2ba89365ff"
bb6b79c9-7741-4185-90fd-8ef556cd9ab6,Rio Branco,"01a02d5a-89a9-735b-ab42-2dbd9d31eb00"
f50a092d-358d-4cad-a79c-5190ceb5b007,Rodrigues Alves,"01a02d5a-89a9-735b-ab43-5af2299ce469"
"33a79aee-8b03-4fc8-b766-5ef740ae191b",Santa Rosa do Purus,"01a02d5a-89a9-7c23-ab44-51037017da8c"
"3dd6891f-2943-4656-a8b5-a04402f29255",Senador Guiomard,"01a02d5a-89aa-74fe-a638-1c8e121b3863"
"3c3edab8-42ac-4944-812f-3f590b9c614a",Sena Madureira,"01a02d5a-89a9-7c23-ab45-fd655e7ff06a"
"3e4e9a32-8dd2-47d0-a752-21f687a21448",Tarauacá,"01a02d5a-89aa-74fe-a639-511e69b902b0"
"56a2369a-46e7-4ad0-ac2a-f98607cdcd5d",Xapuri,"01a02d5a-89aa-7e18-a63a-a466f2f1da35"
"9b00cd72-ecde-4524-a1c0-d5d51cf087d6",Água Branca,"01a02d5a-cd3e-719f-9604-52ade0d21875"
"9b8fbb28-e454-43af-8c47-754b091e0ed6",Anadia,"01a02d5a-cd40-7d74-bcd7-3f8876a2e2a5"
"23136cb1-a156-4266-bbf0-acc87919dfe1",Arapiraca,"01a02d5a-cd41-7680-a3e2-dd886bfd524a"
"6d30fae4-386a-4310-ab95-12034ec5adc4",Atalaia,"01a02d5a-cd41-7680-a3e3-e4ceb3bb5355"
"64b91b42-fab8-43f5-ada5-0d3a5116c1fc",Barra de Santo Antônio,"01a02d5a-cd41-7680-a3e4-e9e1dca46abc"
c24b9a7f-a7b4-4f54-8196-056c27a2d7c1,Barra de São Miguel,"01a02d5a-cd41-7efd-a3e5-7cc385d6bf75"
a340b473-dc23-4c03-8d26-894077a5002a,Batalha,"01a02d5a-cd41-7efd-a3e6-89e29932a579"
"501b930e-bd43-4416-9980-fae6510ba736",Belém,"01a02d5a-cd41-7efd-a3e7-8efe5c648d30"
bc5343d3-5814-4b26-9fdd-9d177afba556,Belo Monte,"01a02d5a-cd42-77ae-ae87-5067f4c2e6e1"
f7397b3d-3cfd-49a1-a10f-1db1ac05fd5f,Boca da Mata,"01a02d5a-cd42-77ae-ae88-c970f3387674"
b25ae72f-df13-43bc-a9e7-3070831b7bcf,Branquinha,"01a02d5a-cd42-77ae-ae89-10f4e2396dea"
"4c393fb7-44cd-4870-ab20-2925f41157a0",Cacimbinhas,"01a02d5a-cd42-77ae-ae8a-2936a66446a1"
da7560fb-31e4-4b6a-82c6-8dac7614cfc1,Cajueiro,"01a02d5a-cd42-7fd9-ae8b-4d711614ed36"
f1662484-b8e9-4cdd-80db-5b35620d0448,Campestre,"01a02d5a-cd42-7fd9-ae8c-91b41cb6a431"
cd897859-fee3-4fba-9cad-53c3089cf1f7,Campo Alegre,"01a02d5a-cd43-7883-890a-f4b33c8c0d0f"
"3867975a-15a2-43bc-98ea-f8f97de837b8",Campo Grande,"01a02d5a-cd43-7883-890b-9591f09b9a18"
"801e9be5-437d-4df1-9b01-6ac9330282a2",Canapi,"01a02d5a-cd44-70f2-a2b5-b4f8a1f23051"
"61ffdb74-802f-4624-9bb8-2c5efb3dc720",Capela,"01a02d5a-cd44-70f2-a2b6-9293bdcde098"
b1de9fd4-927f-452c-86f5-8a925ac5d19b,Carneiros,"01a02d5a-cd44-70f2-a2b7-4cd7a3a89b3e"
c5e341aa-019e-4aba-8e10-2ab9a4f8a7b9,Chã Preta,"01a02d5a-cd44-79af-a2b8-0dee8e8ce054"
"40b2e591-f767-46e3-8e06-2bfb00feb850",Coité do Nóia,"01a02d5a-cd44-79af-a2b9-96661db2000b"
cee930a9-2250-44f1-a90b-a0c873a7fd7e,Colônia Leopoldina,"01a02d5a-cd45-7233-9c43-aa88cc7a6ac7"
"24c92c68-e7b3-46e0-b980-dffe0de87747",Coqueiro Seco,"01a02d5a-cd45-7233-9c44-898b1833d906"
"06225924-6458-4dec-8757-a4cd445a29a6",Coruripe,"01a02d5a-cd45-7a89-9c45-7cd89a2805b5"
"1434c1a1-b6cd-42cb-b823-00e4b1f42655",Craíbas,"01a02d5a-cd45-7a89-9c46-e54188c4fa39"
c639bb10-bbae-4994-b644-3febdb540772,Delmiro Gouveia,"01a02d5a-cd46-734c-bde7-0ad6e88cd3ce"
f1fb2cbf-ad36-40d2-90d8-189bf6dde50d,Dois Riachos,"01a02d5a-cd46-734c-bde8-1fabbf538e3e"
"875da869-53f4-4000-8267-380e07f34161",Estrela de Alagoas,"01a02d5a-cd46-734c-bde9-641770489d8e"
"3c75bd4a-fbd7-45ef-a643-ce767c9c32a1",Feira Grande,"01a02d5a-cd46-7c32-bdea-f55c1d1e1bbd"
d3295bf9-73fd-41e8-98f8-bf334a93c3ef,Feliz Deserto,"01a02d5a-cd46-7c32-bdeb-6bc054ee8ad9"
"66ecf79a-60a5-489d-b1b7-e62faf12a851",Flexeiras,"01a02d5a-cd47-74ab-b123-568a29045ad4"
"81704961-2440-4165-87d8-9100e8738999",Girau do Ponciano,"01a02d5a-cd47-74ab-b124-4785071c2684"
"1600daee-2bfe-4318-a93b-87e02a3d2f7c",Ibateguara,"01a02d5a-cd47-7d56-b125-c4bc9d6cc66f"
aff3b0fd-906e-4663-9315-64f9896bff49,Igaci,"01a02d5a-cd47-7d56-b126-96cda91b9e6f"
b01365b0-8952-4073-8a3d-e789263f194e,Igreja Nova,"01a02d5a-cd47-7d56-b127-048f88e14d9d"
"6805e6ae-e932-438a-b0c8-5b2357cbae5f",Inhapi,"01a02d5a-cd48-75f4-916d-3131dbc938dc"
"640e037d-c9be-46fc-996a-f33f256281ff",Jacaré dos Homens,"01a02d5a-cd48-75f4-916e-c8d4a9ccd800"
e6a1fedc-d303-48a7-954c-8068e45cba51,Jacuípe,"01a02d5a-cd48-7e9f-916f-ceb37e609eaa"
eb56f807-0e53-4d13-abac-cc7e6321970a,Japaratinga,"01a02d5a-cd48-7e9f-9170-1b33faa7273f"
"502d4d7f-de1d-4a8b-9f80-3b4bdaae9712",Jaramataia,"01a02d5a-cd48-7e9f-9171-3ab57c876bea"
f5562193-5f3d-4dd6-ae2e-c2eb2f5eb238,Jequiá da Praia,"01a02d5a-cd49-78cc-9f67-e4b5bd94ac0e"
cf267af9-063a-4ba9-a292-6ff2a9a95048,Joaquim Gomes,"01a02d5a-cd49-78cc-9f68-728252165a34"
"5a38c33e-a516-44c8-b908-e6bc04d26858",Jundiá,"01a02d5a-cd49-78cc-9f69-f34cae55d304"
"33faec67-a3a8-4180-b7f3-df9f495402fd",Junqueiro,"01a02d5a-cd4a-7196-82c5-eafc59a0ef6a"
"42b859b3-ec96-4401-bb8f-7120d6aa39f1",Lagoa da Canoa,"01a02d5a-cd4a-7196-82c6-01d0e4db71a4"
"73911cad-81d6-46ae-b7aa-20a14f107009",Limoeiro de Anadia,"01a02d5a-cd4a-7a02-82c7-4dace7786c90"
"190293fd-2fc2-4034-879f-66dae88e37b8",Maceió,"01a02d5a-cd4a-7a02-82c8-f26f4a9a9c96"
c24cec71-c1b7-49b4-9be6-dca5f7bb4c44,Major Isidoro,"01a02d5a-cd4b-72ba-ba54-b90785cc9f75"
"1f752e30-f1b9-4c01-b1e3-27f0a64485f0",Maragogi,"01a02d5a-cd4b-72ba-ba56-1f9430302e73"
a53b51e6-561d-4421-8fd1-5cd24ea2f8f3,Maravilha,"01a02d5a-cd4b-7b5c-ba57-106937f1d253"
"35f5458a-64d7-41b6-8cef-6dcb3208e784",Marechal Deodoro,"01a02d5a-cd4b-7b5c-ba58-17b191667574"
"973ced5b-9a3b-4d1a-b319-9b733c2216e5",Maribondo,"01a02d5a-cd4c-7404-ad29-6b644a9e45bd"
ab885bde-7178-40f2-9012-5f0b5d8ea85f,Mar Vermelho,"01a02d5a-cd4b-72ba-ba55-d78845f2ab51"
"4d096536-465d-4757-9537-60650e4ed6c8",Mata Grande,"01a02d5a-cd4c-7404-ad2a-9da627e728b8"
"994313f0-e361-4fd4-9fe5-856155eb37f9",Matriz de Camaragibe,"01a02d5a-cd4c-7404-ad2b-7b64ec650707"
"96d1a14e-0a35-45d1-baab-4af415dbad65",Messias,"01a02d5a-cd4c-7404-ad2c-fdec358ab38b"
b747f47e-ac21-4759-ac9d-8f4811431f57,Minador do Negrão,"01a02d5a-cd4c-7404-ad2d-3c3b59d91d82"
e7987f80-cba7-4957-9f20-93610f5d7edc,Monteirópolis,"01a02d5a-cd4d-741c-a7ea-4a466f2222dc"
f9f286b1-1210-4b22-aaaf-4f4b3d1c4064,Murici,"01a02d5a-cd4d-741c-a7eb-838a4763906d"
"047b857d-5912-4d81-99d4-b1b710f63815",Novo Lino,"01a02d5a-cd4d-741c-a7ec-96657f067dbd"
f6b4ea7a-1e08-4d03-b105-f309498ba60d,Olho D'Água das Flores,"01a02d5a-cd4d-741c-a7ed-f8f2c04e7917"
baec5b7f-58bb-4cf4-aac7-10e14288ee26,Olho D'Água do Casado,"01a02d5a-cd4d-741c-a7ee-e5930abf4838"
"62e0afc3-622e-4172-80b4-d6f658a456ea",Olho D'Água Grande,"01a02d5a-cd4d-741c-a7ef-36d7a5a6c680"
dade419c-a544-49f3-91c9-96351ac24521,Olivença,"01a02d5a-cd4e-7b7d-b630-0bb14262e821"
"444e4e72-eb7e-4ae8-af88-a2966a046bd6",Ouro Branco,"01a02d5a-cd4e-7b7d-b631-c957802fc670"
"2732915e-073a-4e4f-ae3b-203ae9936d30",Palestina,"01a02d5a-cd4e-7b7d-b632-da2af731cf20"
"7048ca85-3005-42a3-9694-458c0f96cbbd",Palmeira dos Índios,"01a02d5a-cd4e-7b7d-b633-1315647a110b"
a12694ba-82ab-4eb2-853b-5e5ec3bc4a67,Pão de Açúcar,"01a02d5a-cd4f-7b4b-992c-52e097816c66"
"0e3027b2-da55-4172-bbed-dc52320c8221",Pariconha,"01a02d5a-cd4f-7b4b-992d-4b16fd70164d"
"60597ae5-9ba3-4517-8b9c-cc7610149960",Paripueira,"01a02d5a-cd4f-7b4b-992e-55b4099b6d81"
"84c7675b-fd45-4813-be6b-3d13b0d7282f",Passo de Camaragibe,"01a02d5a-cd4f-7b4b-992f-046474582121"
"0ea7185b-8a75-4351-9ebf-0377cb32b251",Paulo Jacinto,"01a02d5a-cd50-7b4d-8dc8-ca836ab808f1"
"946e2cf9-3b41-4dd0-83b5-3c052a4e79ff",Penedo,"01a02d5a-cd50-7b4d-8dc9-90d932e652ef"
e9dae777-59b1-4ed2-81f8-95d20591342f,Piaçabuçu,"01a02d5a-cd50-7b4d-8dca-4faf618abc98"
c9f1ed01-9d2d-4e98-8531-586883db72a5,Pilar,"01a02d5a-cd50-7b4d-8dcb-da9ce9eb40eb"
"4ed16703-efc4-476c-9f04-eb2fa5716fb9",Pindoba,"01a02d5a-cd51-7b3c-a151-62b8b61eb9a7"
"95ad72fd-17f1-47ac-8dae-a66af0bda125",Piranhas,"01a02d5a-cd51-7b3c-a152-3e64e378d36c"
"85c956c3-0cf1-4cb2-974b-a46e49ea51e8",Poço das Trincheiras,"01a02d5a-cd51-7b3c-a153-3fc45be95089"
"94bbe96b-fe6d-4487-9a21-0810cd6e3405",Porto Calvo,"01a02d5a-cd51-7b3c-a154-28eb8a1e1da6"
"54f9edb2-5a5b-4d8c-94c4-bae7129d8dc1",Porto de Pedras,"01a02d5a-cd51-7b3c-a155-c64e77c6cc3f"
f1ea45a0-e1ac-4200-8d04-023dfb575b04,Porto Real do Colégio,"01a02d5a-cd52-7b3b-acf2-645abd53946f"
f6cec2b8-cb42-4c3d-80f1-c6c8ace4a248,Quebrangulo,"01a02d5a-cd52-7b3b-acf3-31f714f9e3f7"
c2a80ec3-f26c-4ec4-b337-540098813e73,Rio Largo,"01a02d5a-cd52-7b3b-acf4-f48e427db873"
c050057f-9716-47b4-b50c-75a9418e9061,Roteiro,"01a02d5a-cd52-7b3b-acf5-02b769bd9e47"
c417642a-a19c-4946-9935-090a6b2ccb34,Santana do Ipanema,"01a02d5a-cd53-7b3b-8221-09a4f3bcda74"
"2c05d06e-dad5-4216-9eba-a2d4b3b10780",Santana do Mundaú,"01a02d5a-cd53-7b3b-8222-7eeaf3409d76"
d2faef09-2b38-49f8-af43-98d954662d19,São Brás,"01a02d5a-cd53-7b3b-8223-5ee93d243c51"
"540b9d05-e86a-4b36-a70e-49c610cd6242",São José da Laje,"01a02d5a-cd54-7b4c-9e70-9dfbe4d01a95"
"67ca8d0c-a73f-4b16-890d-cec775324a83",São José da Tapera,"01a02d5a-cd54-7b4c-9e71-0f71d578f9d3"
"45de077c-375f-4818-bed5-99427a8ca75d",São Luís do Quitunde,"01a02d5a-cd54-7b4c-9e72-38e2d0a88d49"
f5895274-e32b-4b02-bdde-4b1904c96db6,São Miguel dos Campos,"01a02d5a-cd54-7b4c-9e73-a849fdfff8cc"
b836d048-0b53-4de0-b939-e22c69bb2405,São Miguel dos Milagres,"01a02d5a-d162-7e2a-bde4-2f9cb450586e"
"9b97bf6e-bb2f-4164-9275-e605d873420a",São Sebastião,"01a02d5a-d166-72d7-b726-c7af641ce821"
"9661d0e3-353f-4245-a2cb-a0e5eb1b4427",Satuba,"01a02d5a-d166-7b67-b727-90927bf854cd"
"5f560604-649b-4a4a-ae29-1a711c4c418e",Senador Rui Palmeira,"01a02d5a-d166-7b67-b728-7c5d43bbd595"
"3eb8b57e-6c3d-4471-a935-7dc9fa1b406d",Tanque D'Arca,"01a02d5a-d166-7b67-b729-23fc4522a254"
c2e34f83-4b7e-434f-93bc-2d1f9bce9ed1,Taquarana,"01a02d5a-d167-7401-8683-72ac7f6be344"
"09626aec-cb35-4a7c-9a24-e473579b6a24",Teotônio Vilela,"01a02d5a-d167-7401-8684-eb07fdab0d01"
"3f393e40-5425-46c1-98de-fbfe080cf43c",Traipu,"01a02d5a-d167-7cb6-8685-ca834b8fe0f5"
f95fb5c8-3910-4e9a-859e-0b7b6b75710e,União dos Palmares,"01a02d5a-d167-7cb6-8686-0c00a57be3df"
f3ed4286-38fa-49c8-9df7-f5a820b519ab,Viçosa,"01a02d5a-d168-754f-9871-9b37879d9ba0"
"78037bea-50f8-4395-b478-185c197a5ec2",Alvarães,"01a02d5a-89aa-7e18-a63b-0ae875027eef"
bad6a9dc-194b-492d-9b28-472ff700920a,Amaturá,"01a02d5a-89ae-7d0d-aa61-fcaa6514740f"
"03567a06-07eb-4ec2-b317-4cae827ff9f6",Anamã,"01a02d5a-89af-754c-85ea-00ea2e051472"
"879c452f-303f-4c34-8c1f-fbcac45e59ec",Anori,"01a02d5a-89af-754c-85eb-2a1d90beb620"
"281a0e00-92b5-4cb3-9696-1ec2e5fcaca0",Apuí,"01a02d5a-89af-754c-85ec-f35aca91cac7"
"9823ea7b-36ef-44c1-a7c3-de33305d9bda",Atalaia do Norte,"01a02d5a-89af-7df6-85ed-dd8ef7b8d986"
d5e1a357-6569-494c-872a-072fbf4993aa,Autazes,"01a02d5a-89af-7df6-85ee-d114642ddb09"
"5e40f152-3894-4d30-82c8-54d351a9ab6b",Barcelos,"01a02d5a-89b0-7698-8e73-8e8ad85bce96"
"29c4bd74-248c-4f62-a58d-4145e521b491",Barreirinha,"01a02d5a-89b0-7698-8e74-05c6838c5ce2"
"8de4b8dc-e18c-4a6a-9cfa-3dea927b0d4e",Benjamin Constant,"01a02d5a-89b0-7f50-8e75-03491e1c7a60"
f0a2b6aa-ba0b-452e-b421-875106da677c,Beruri,"01a02d5a-89b0-7f50-8e76-25c5e2138fa8"
"43b0937c-696c-4cca-9df9-230907def42e",Boa Vista do Ramos,"01a02d5a-89b1-77d4-ba9b-94b9f34b8b8c"
"94eb687b-c40a-4bf1-964f-239c4150e901",Boca do Acre,"01a02d5a-89b1-77d4-ba9c-999b78a189ed"
"63e7cb05-386e-4662-af8f-c574d630c686",Borba,"01a02d5a-89b2-70a2-8e88-891cde1d02af"
"240c4424-1876-4ddd-9a96-65c7d78522c0",Caapiranga,"01a02d5a-89b2-7938-8e89-3d3da487e176"
"157ad9f0-07db-4ddd-a548-156982675af2",Canutama,"01a02d5a-89b2-7938-8e8a-95099e1c0dc8"
"038ca759-2904-47fd-9912-3a92cd50e2a0",Carauari,"01a02d5a-8020-7d9e-a140-e3f713c0ac4a"
d6003ef4-23db-48e9-a16a-ade755d0e89f,Careiro,"01a02d5a-89b3-7202-be6a-7f5a5c19c22a"
d9645929-b860-4161-851c-b096b56ac101,Careiro da Várzea,"01a02d5a-89b3-7abc-be6b-25758029a351"
e1369662-f179-4a49-85ac-accaec4ab0ee,Coari,"01a02d5a-89b3-7abc-be6c-e37e4617578f"
cfdcfd68-4e9e-49d6-82ee-33941eb87f85,Codajás,"01a02d5a-89b4-7375-bd0c-8f8c4077888e"
"6fc2f66d-5a30-42fc-b7c2-b126bc2f404c",Eirunepé,"01a02d5a-89b4-7375-bd0d-ef30151b2659"
cd98c86f-3994-48de-923b-99d287c7fcd0,Envira,"01a02d5a-89b4-7c20-bd0e-0aaedbff55c1"
"55b3b2a8-7a00-418f-957c-bbb05e7867f4",Fonte Boa,"01a02d5a-89b5-7579-8202-ac39db3ba504"
be8f3870-eaec-4ff3-8df6-8d5a3e4547f4,Guajará,"01a02d5a-89b5-7579-8203-0d832c890187"
b8fd280b-c65a-45ce-8c39-842f2b2a7cea,Humaitá,"01a02d5a-89b5-7deb-8204-66d9b6ae2de2"
"4808c740-0b06-49ca-bcc5-062d0ca15ac4",Ipixuna,"01a02d5a-89b5-7deb-8205-3bbb0283ad05"
f8de25cf-95df-4d87-ab11-c6f2a9572b63,Iranduba,"01a02d5a-89b6-7661-80d0-d8749a3423bf"
b7feda4b-0e68-4413-9dcf-86c73c9301d9,Itacoatiara,"01a02d5a-89b6-7661-80d1-8ed360a46515"
"4c11d6d6-3ef1-4cb3-b013-c2d5f2c6cb7c",Itamarati,"01a02d5a-89b6-7ed8-80d2-ce3847e86d8c"
"55e61023-749b-4f98-b0a4-ab598e62b86d",Itapiranga,"01a02d5a-89b6-7ed8-80d3-25833e1e106c"
"62dc578a-7695-4678-9374-0a630cbc9669",Japurá,"01a02d5a-89b7-774e-955d-f03e41de0e9b"
"4de26e77-fb79-4cb2-8d78-05352a1764a9",Juruá,"01a02d5a-89b7-774e-955e-671dd014a7bb"
"0b37d2e9-dcb4-4c30-bb41-dfa7c15a7d2e",Jutaí,"01a02d5a-89b8-7004-993a-ea249466b7f7"
d301a825-d1fc-422f-9403-81a85ff5354e,Lábrea,"01a02d5a-89b8-7004-993b-5f5b24c4928d"
"98dc0b9b-a014-41b8-b921-3c3c77012ce9",Manacapuru,"01a02d5a-89b8-7004-993c-3afe673b6aa0"
"95b748d8-f4ad-47b2-8fbe-78a4cf306022",Manaquiri,"01a02d5a-89b8-7004-993d-2b0c0ca96ddf"
b3c0dcb4-54fe-4ef7-ad5b-6469116c21d7,Manaus,"01a02d5a-89b9-783a-aa1f-0758849fa5b8"
"3f4a99cc-158e-4bc4-87a9-34e58ffa8f70",Manicoré,"01a02d5a-89b9-783a-aa20-0c0da8820a4a"
"0ad2856e-cc18-4f6c-b739-89424fb60f0f",Maraã,"01a02d5a-89b9-783a-aa21-04f175f43a9c"
"60b143a4-1883-4a90-8ded-1e10b1d9cbb8",Maués,"01a02d5a-89ba-786e-9d68-27ec6c6ed3d0"
"4f117a6d-bda7-4fe7-9e7e-6ad7940e0463",Nhamundá,"01a02d5a-89ba-786e-9d69-9750fa261e24"
b1cdfb33-d3ed-4cfc-829c-f525415dc218,Nova Olinda do Norte,"01a02d5a-89bb-7864-9c20-0603122173f1"
"793adb2a-90ce-4c91-b928-8e2f524e536e",Novo Airão,"01a02d5a-89bb-7864-9c21-98ae88b20726"
aa84cd6b-bf62-4d13-944b-13d191e58aa7,Novo Aripuanã,"01a02d5a-89bb-7864-9c22-9de4c51bb71e"
"45d8b9bd-1f36-4a24-addd-d5f3da94aeec",Parintins,"01a02d5a-89bb-7864-9c23-6708b2fde6c5"
"8c7301de-1ae1-4c8f-82b1-0af705e5bbb7",Pauini,"01a02d5a-89bc-785a-be85-6382b2d1068b"
d49f3256-8a8d-4b83-bcc5-2f0f7503f645,Presidente Figueiredo,"01a02d5a-89bc-785a-be86-c139f6629cba"
f49e662d-1e57-4d12-9b1e-9248433291c7,Rio Preto da Eva,"01a02d5a-89bc-785a-be87-2279304dc059"
e7ba8398-ae54-4404-b289-ea5a3f246bc9,Santa Isabel do Rio Negro,"01a02d5a-89bc-785a-be88-1d0deae0f69a"
f5c60920-6f87-40e3-8948-83aedfc7c789,Santo Antônio do Içá,"01a02d5a-89bd-7865-937b-ab8fb2ad9d30"
"73242d15-f162-464e-bb2a-e5cd69924e42",São Gabriel da Cachoeira,"01a02d5a-89bd-7865-937c-b5413df66f05"
"53966f57-fe7f-4838-873d-59ca78debcba",São Paulo de Olivença,"01a02d5a-89bd-7865-937d-09fe7e6a64f6"
"2e83de78-acbe-40f9-b4cc-b7f90cfc6924",São Sebastião do Uatumã,"01a02d5a-89bd-7865-937e-38bfe12fa3ac"
"535438e9-b087-4ca0-ba33-f201cfaf2c1c",Silves,"01a02d5a-89bd-7865-937f-e5a72af72a3b"
"38cdd760-1d9a-4260-a725-e4abec3b99aa",Tabatinga,"01a02d5a-89bd-7865-9380-61d1f5f4585c"
"48fd3175-9b0a-435d-a6d5-490a8d28abd2",Tapauá,"01a02d5a-89be-7855-ba45-bca893919e00"
"58068560-f75d-4ace-a8c4-9acbae34434d",Tefé,"01a02d5a-89be-7855-ba46-92eca9c79b6a"
"1b39bcbb-95b8-43af-b232-e3fcb5f3889a",Tonantins,"01a02d5a-89be-7855-ba47-6764adfe25aa"
d4c6d88f-6074-46bc-ae92-86394270fcf2,Uarini,"01a02d5a-89be-7855-ba48-60d0f74b37eb"
a5e52244-702a-484e-bd15-6ccc50d11037,Urucará,"01a02d5a-89be-7855-ba49-ccaac2853938"
"8baa9348-28c0-4552-a406-ba61d2382cf5",Urucurituba,"01a02d5a-89be-7855-ba4a-ede835a9ff7d"
c0815447-2083-4ba0-a5fc-271d6bdf5aff,Amapá,"01a02d5a-91db-75e4-afc3-cd77b48f19d8"
"3ee289ef-c6f7-4f93-8d35-a8a387b2f80e",Calçoene,"01a02d5a-91df-75b0-9f5f-e51a2f01728e"
f8126f54-ef1a-4e03-a181-337aaadd4481,Cutias,"01a02d5a-91df-7eb2-9f60-75c57231f97e"
"2f7cd08c-9820-4d2b-85b2-182e498f78dd",Ferreira Gomes,"01a02d5a-91df-7eb2-9f61-39b1e2e6c42c"
c165a3d3-e274-49a6-9da9-da36c9664f5b,Itaubal,"01a02d5a-91e0-7846-ba91-18aa4731e594"
df345c64-cffe-48f1-a08b-1460a4bc4ea8,Laranjal do Jari,"01a02d5a-91e0-7846-ba92-a4a111c2f00c"
"572484b1-1e48-4d7a-8864-2304f1a0f611",Macapá,"01a02d5a-91e1-7124-93c4-c059c52d7a94"
"515ecc13-ac8d-48b8-a26d-361ece00f31e",Mazagão,"01a02d5a-91e1-7124-93c5-e14e6e6636c3"
ca8db257-9f10-495f-a876-46167aa57add,Oiapoque,"01a02d5a-91e1-7124-93c6-bb6eb7596cb0"
e3e093fa-b407-46e1-974c-b1eaeb3ddb7f,Pedra Branca do Amaparí,"01a02d5a-91e1-79c5-93c7-627688c4ac00"
"377bd3a3-acc1-4c53-9ee5-6ca26a4898c6",Porto Grande,"01a02d5a-91e1-79c5-93c8-4553bd236bba"
"77abf04e-62ee-447e-a405-80a89881bc16",Pracuúba,"01a02d5a-91e2-7283-b734-60967a1e0599"
"324f5453-20fa-4565-9dd4-6c6514f449bf",Santana,"01a02d5a-91e2-7283-b735-07ae83664eb6"
bb616d96-8138-46bf-bceb-692bd9824ed7,Serra do Navio,"01a02d5a-91e2-7afe-b736-87f119ffdf96"
f8ea69df-e8b2-4fee-a545-59ee3e325a80,Tartarugalzinho,"01a02d5a-91e2-7afe-b737-39e37dddcc40"
efe71e47-6f15-4046-9785-f70e543ba8f4,Vitória do Jari,"01a02d5a-91e2-7afe-b738-d26ab85fdad2"
"9ec04aaa-8fba-4832-b581-00d7860bde08",Abaíra,"01a02d5a-d177-7d5f-9b7e-41d10817d90f"
"6a699ff8-a56a-481b-bbe3-6be64b11c267",Abaré,"01a02d5a-d17b-7ca7-a60c-65b493bffecd"
"094ffb0a-0c68-4554-906a-a00380890bc0",Acajutiba,"01a02d5a-d17b-7ca7-a60d-d968abd96e63"
a7d468d3-48ae-45b8-8147-9263970ae698,Adustina,"01a02d5a-d17c-7564-961a-563c59f507e4"
"066560c4-f2cd-4d4a-b24f-db75aba80c6e",Água Fria,"01a02d5a-d17c-7564-961b-2c3c8e6a197f"
"186e5da3-1c7e-4b19-bf0c-bf8deeab994a",Aiquara,"01a02d5a-d17c-7564-961c-3c4dde24fd00"
"2eadb157-e349-4b07-983f-dadfb7890beb",Alagoinhas,"01a02d5a-d17c-7e40-961d-7276a314975e"
f863a14b-9ff3-4a3b-9e00-bd3ead2bece8,Alcobaça,"01a02d5a-d17c-7e40-961e-bc8e2a03cc10"
daa03fe3-be0f-4db0-a247-505a64c2e488,Almadina,"01a02d5a-d17d-7776-a16f-0fccd275c499"
"67d3f8e0-e55d-4f30-9511-e89060f01a6a",Amargosa,"01a02d5a-d17d-7776-a170-71eebb39cb68"
"70745932-731b-4671-a75b-c49a77c2ee85",Amélia Rodrigues,"01a02d5a-d17e-704d-82c3-d7c2479c80a4"
"543368cd-51bf-49cd-a9eb-c9687cf27934",América Dourada,"01a02d5a-d17e-704d-82c4-f5baf1f1bb2f"
"39360bb9-395f-4aa5-bdde-1f7c7183626f",Anagé,"01a02d5a-d17e-704d-82c5-dbf6f46941f2"
"4bc8b73e-e4f1-427a-af69-594e6f930d02",Andaraí,"01a02d5a-d17e-7941-82c6-d7f84a8987f3"
b00afeda-0fe1-47c9-bd7f-34d45ee44301,Andorinha,"01a02d5a-d17e-7941-82c7-f0d32535ce18"
"786c7445-bee5-44d0-9ada-4a6284642da3",Angical,"01a02d5a-d55e-7a4d-aa40-2dad0f579838"
"2886ae2f-735d-43a5-84f3-85dec1726fc3",Anguera,"01a02d5a-d561-7ffa-8ca9-9a6b23752501"
"2a30077a-ad39-47c9-9a07-7873bd5d2eaf",Antas,"01a02d5a-d562-78b5-87fd-e26d0c5fba07"
"0013972a-4b77-4ed9-98b8-799945574de6",Antônio Cardoso,"01a02d5a-d562-78b5-87fe-21570ecd3f7b"
"35efc262-6a49-4cd7-974b-99817a9cb943",Antônio Gonçalves,"01a02d5a-d563-70e1-ae97-39b551e35b44"
"867d9402-aa0c-41cb-b998-048c4490d415",Aporá,"01a02d5a-d563-70e1-ae98-df3bd7b627d2"
"56c5dc7d-8808-4032-8bd6-6d70ef709cc1",Apuarema,"01a02d5a-d563-70e1-ae99-a1f026a72586"
"701c75b1-c19f-4954-b5a8-1a57b70b0a2e",Araçás,"01a02d5a-d563-7988-ae9a-adecae8f6a9e"
a41ba397-7b06-4c0f-bd8f-dff886d4a5d5,Aracatu,"01a02d5a-d563-7988-ae9b-00c380d5bb1a"
"12464053-f76c-40f9-bd6f-593cfbd2e6bb",Araci,"01a02d5a-d564-7234-b30b-7a2bc0926034"
"11813967-688a-432c-9646-e668f936fd75",Aramari,"01a02d5a-d564-7234-b30c-ecdc43261baf"
"471fb829-d1f9-4683-b409-6a4a0a069390",Arataca,"01a02d5a-d564-7234-b30d-ab99783c4c8c"
"26e4db2f-d48c-4bf7-8c9a-69bc8db85754",Aratuípe,"01a02d5a-d564-7ce2-b30e-d44e3d26658a"
"0a88acd2-fd81-4067-865f-718b4df0fc9c",Aurelino Leal,"01a02d5a-d564-7ce2-b30f-861c4a22c03a"
"0a4746ed-9063-456c-825a-fd6db6190a2d",Baianópolis,"01a02d5a-d564-7ce2-b310-cfe31553a0ea"
"8631da4b-0b35-4245-a363-99868154ca0e",Baixa Grande,"01a02d5a-d565-759c-a8a3-d0aa2f1f7976"
"5d961be9-e010-4842-afd1-7b0908d52a65",Banzaê,"01a02d5a-d565-759c-a8a4-13c126ccb50b"
"42cf49e7-328c-4cca-9db7-c1f8fed33b0a",Barra,"01a02d5a-d565-759c-a8a5-844ef2e17bda"
f23958e0-48c1-44b7-8c96-cb85f0fc988a,Barra da Estiva,"01a02d5a-d565-7e5c-a8a6-c6dae8b0765e"
fb84184a-78c8-4ac5-b759-f205dd1870cf,Barra do Choça,"01a02d5a-d565-7e5c-a8a7-829b434b1947"
f33b3268-6d07-4168-9d8f-9bd2c0a9c354,Barra do Mendes,"01a02d5a-d565-7e5c-a8a8-28903f44a56c"
c4c8b75d-be45-46a2-bb59-63a6b147baa4,Barra do Rocha,"01a02d5a-d565-7e5c-a8a9-23fffb4f5009"
"7e32bae2-9d18-488e-8877-8cab84b9c560",Barreiras,"01a02d5a-d566-770a-9293-43f6691f6660"
"9b0709ec-ff5f-47ee-9af6-faa1a5eb2455",Barro Alto,"01a02d5a-d566-770a-9294-749d9250ad46"
d468d471-223c-4217-8c37-036ab9ef8f4c,Barrocas,"01a02d5a-d566-7f8a-9296-8aa080baec2e"
b776a266-3481-40a7-b4fe-b64ed7db4af8,Barro Preto,"01a02d5a-d566-7f8a-9295-ec40a8c4054c"
da1a9861-1b9c-42c5-8406-79e9c6f51b59,Belmonte,"01a02d5a-d567-7818-b2af-c5dc488109df"
b4e244ca-ead9-4fec-a268-d73142931a7f,Belo Campo,"01a02d5a-d567-7818-b2b0-42c9f6f840c3"
c3f7cfc6-608f-4f39-ba6a-31b2fe975517,Biritinga,"01a02d5a-d567-7818-b2b1-f5fac0e33f27"
b3aff7e2-78de-48c0-b161-f966e0f60b1f,Boa Nova,"01a02d5a-d568-70cf-8c08-967198f603d0"
"33a88308-b2c7-41ec-b261-675d1aa73dc9",Boa Vista do Tupim,"01a02d5a-d568-70cf-8c09-9e8bb20247dd"
"7f21ef5b-e6c6-4575-a23a-5031d9e70084",Bom Jesus da Lapa,"01a02d5a-d568-794b-8c0a-63857413b18c"
"20034e9e-f67d-42dc-a67f-750cdc0bdc01",Bom Jesus da Serra,"01a02d5a-d568-794b-8c0b-8321abf935e7"
"45a84128-61ce-4ff2-9344-0ec1c0e51b8a",Boninal,"01a02d5a-d569-721a-90af-0d904bc1c309"
"29e0b7b5-e0a4-4ea9-a8d3-706dffcd5609",Bonito,"01a02d5a-d569-721a-90b0-3827a67cedfa"
"4efa7da7-a5e0-46d4-be18-74f55a45a19a",Boquira,"01a02d5a-d569-7ad8-90b1-205bc5d7f6a9"
ce7aeb72-5f6f-46a0-838f-a2093adffaa8,Botuporã,"01a02d5a-d569-7ad8-90b2-38c906264a5b"
"51b32dfa-3eb9-4be4-a109-331f191d129d",Brejões,"01a02d5a-d56a-736e-9f75-13059dce3ab1"
cfffeb2b-16f3-4603-a2f8-365c55bf88e5,Brejolândia,"01a02d5a-d56a-736e-9f76-00b866185f89"
"9f2c2452-3746-4686-8a8e-c675804d5db8",Brotas de Macaúbas,"01a02d5a-d56a-736e-9f77-19327663e661"
eed1e006-3e08-4881-8cf0-848ea332381d,Brumado,"01a02d5a-d56a-7c08-9f78-784f6cac35be"
"57ca4bc5-27c5-409f-a6a0-021d9a71596d",Buerarema,"01a02d5a-d56a-7c08-9f79-8825273112f2"
"24b13f0f-ae69-445c-b57d-2f15b0b907a5",Buritirama,"01a02d5a-d56b-74a0-b1a4-8b1f5381452c"
cd05e0b4-4e2f-48a5-8f35-5618f8db9fa4,Caatiba,"01a02d5a-d56b-74a0-b1a5-df16117ff528"
"2eb905fa-6a63-490c-ba30-9f315c0c7a40",Cabaceiras do Paraguaçu,"01a02d5a-d56b-7d36-b1a6-930b0bc93ed0"
"1021e7fe-df81-435b-b974-5a3800d3fad7",Cachoeira,"01a02d5a-d56b-7d36-b1a7-8727d3bd9bff"
"1825dbca-02fe-4519-99c3-32b03103eb04",Caculé,"01a02d5a-d56b-7d36-b1a8-a6be9bb44231"
"1233f895-2d44-4d3b-b0e3-7a5ce478e19a",Caém,"01a02d5a-d56c-75cb-ad27-57b32c265375"
"21856034-8520-4055-bbe7-59a5eef1895c",Caetanos,"01a02d5a-d56c-75cb-ad28-77ed9f119281"
"5201a575-2d31-4895-b7dd-d0289f73d43b",Caetité,"01a02d5a-d56c-7e68-ad29-f226b31c3139"
"943bda81-5b31-47d3-abbc-8825dc2ca575",Cafarnaum,"01a02d5a-d56c-7e68-ad2a-6f98d8011588"
d26cb4ce-7934-474c-b759-446339dbad19,Cairu,"01a02d5a-d56d-7690-975f-f9e6d8aed1ed"
f3161535-5f55-4594-972a-35a882f2a6a2,Caldeirão Grande,"01a02d5a-d56d-7690-9760-82237b333be2"
"1809685f-5ba9-4125-8dee-c8f4f9720bfa",Camacan,"01a02d5a-d56d-7690-9761-8d2b1c17744e"
"08ff3996-0d84-4e64-b265-a4c7e264e808",Camaçari,"01a02d5a-d56d-7690-9762-c802e938e31e"
e9ec8453-3bae-4675-a953-b3b29f7621fe,Camamu,"01a02d5a-d56d-7690-9763-f6a9de31f8ba"
"0dc2f340-7cee-4a2d-8f4e-f74aaa6d058d",Campo Alegre de Lourdes,"01a02d5a-d56e-76b8-bcc7-422490f90d41"
fedc88bc-f4ca-4d44-b7b5-6301558eebd6,Campo Formoso,"01a02d5a-d56e-76b8-bcc8-8fb39a0ca780"
"344074b7-8881-4487-b6cc-87d4cdeed6c3",Canápolis,"01a02d5a-d56e-76b8-bcc9-bf9df00ca1f9"
d880f35d-0a48-427b-8778-7fe1754ab46a,Canarana,"01a02d5a-d56e-76b8-bcca-2f7ee2b32cf4"
"47f2f9ca-5799-4e8f-81da-045dedb234f3",Canavieiras,"01a02d5a-d56f-76a5-b179-82192b4cbdf8"
"35c9188f-927d-4bf5-b5c0-7200d186ffff",Candeal,"01a02d5a-d56f-76a5-b17a-6e4b136ee0ef"
e53e6c45-2103-48ae-883e-66d0a06bcc27,Candeias,"01a02d5a-d56f-76a5-b17b-995895614e22"
b1f62367-c934-4a24-aa41-2f58ad8ba5c1,Candiba,"01a02d5a-d56f-76a5-b17c-008437658f88"
"9d9d91fb-cb95-4d55-a46c-dd0983af68f1",Cândido Sales,"01a02d5a-d570-76b6-bdc8-bfc13e491d4c"
"4d0f0fe7-72bb-400d-8400-9d565e446696",Cansanção,"01a02d5a-d570-76b6-bdc9-c7ebd4ce8880"
"3180e224-bbb9-427a-951f-3fec838e32fb",Canudos,"01a02d5a-d570-76b6-bdca-f4c079435cf5"
"830dad52-8d6e-4015-af8d-0046a2f38898",Capela do Alto Alegre,"01a02d5a-d570-76b6-bdcb-74e410560deb"
eb7e7ac1-fa89-4141-96aa-793232df42e5,Capim Grosso,"01a02d5a-d571-76a7-a125-999fa64c7870"
"815bab99-28a1-49b1-ab18-8eb9896c097b",Caraíbas,"01a02d5a-d571-76a7-a126-ccede134adc9"
"6ca50d96-85d6-44e6-9a06-8b4140330886",Caravelas,"01a02d5a-d571-76a7-a127-594d1593a3fd"
"387fe297-56a3-481c-88ee-1ed41e721b42",Cardeal da Silva,"01a02d5a-d571-76a7-a128-83636769d842"
"3b3a8840-46a9-4fa6-a780-2b7e75d7fd85",Carinhanha,"01a02d5a-d572-76a5-9a81-8410e59a6ad0"
"8a06c26a-a00f-4c5d-aa23-b8d9631100a1",Casa Nova,"01a02d5a-d572-76a5-9a82-7e1167225444"
f9332f81-4b29-4586-8cf5-f5d2d7ab39c4,Castro Alves,"01a02d5a-d572-76a5-9a83-5952ed82c9ca"
"6ec73c60-8dcc-4690-a372-3fe55214ecf1",Catolândia,"01a02d5a-d572-76a5-9a84-48bdbd771843"
b2071ecf-76aa-4c42-b38d-293eda3023df,Catu,"01a02d5a-d572-76a5-9a85-a3f3e8235578"
"69f55ad9-c264-4723-8de5-639b23e3bdf6",Caturama,"01a02d5a-d573-76a6-9add-1a6cb0a32f3f"
"2ed36a6d-46ba-41d9-860d-5f7c8bc1b6b2",Central,"01a02d5a-d573-76a6-9ade-840f4854244c"
"2ae27eae-c925-4062-954c-18f237fbe397",Chorrochó,"01a02d5a-d573-76a6-9adf-0b205606d2c1"
"116ce824-e0c9-4096-afab-9e486fb5a1f1",Cícero Dantas,"01a02d5a-d574-76ef-9a91-13e4ffad1d84"
"999b7798-e72f-4470-9661-c1944cdd9b6d",Cipó,"01a02d5a-d574-76ef-9a92-a4ec3f590e16"
"83abae0f-397d-4d7a-8a6e-d18a84014064",Coaraci,"01a02d5a-d574-76ef-9a93-6208436c8dad"
cc034369-2c96-4d37-8bb3-245568fe7f91,Cocos,"01a02d5a-d574-76ef-9a94-e3778fecae49"
"3eb66919-effc-4b56-8bd0-277aef1f0533",Conceição da Feira,"01a02d5a-d575-76a6-b9dd-adc84aad0dc5"
"23b97758-f1f2-47d4-99fc-24e4cfd5ad8b",Conceição do Almeida,"01a02d5a-d575-76a6-b9de-8d0dc1e6b3b3"
b1d86a82-b3da-4c54-b4f0-c948fdfbd92c,Conceição do Coité,"01a02d5a-d575-76a6-b9df-875eeadf6104"
ae69a49d-3eed-4167-a471-1a386c310a18,Conceição do Jacuípe,"01a02d5a-d575-76a6-b9e0-c26599dbd076"
"8081f0e5-6252-4ecd-8ed1-f1967d58a093",Conde,"01a02d5a-d575-76a6-b9e1-8e2b317bcd63"
"085bd39d-5d85-47bf-a786-ce37302c5993",Condeúba,"01a02d5a-d576-76a5-92d0-c333ed22b87c"
"02c50cc7-0e35-49f8-918c-e8e524c37ae1",Contendas do Sincorá,"01a02d5a-d576-76a5-92d1-83449f9df423"
ff8fdd4a-5194-47c3-9a2d-5d26e50a1fba,Coração de Maria,"01a02d5a-d576-76a5-92d2-2328703096f4"
ef8237b7-261e-4e4f-aae8-272b0e634527,Cordeiros,"01a02d5a-d576-76a5-92d3-e3c6aef77a4d"
eeb9b956-b5cc-44a7-8a4e-a397f04b95a0,Coribe,"01a02d5a-d577-76a5-ab0c-3b3987cfd5c7"
c9214e7f-8d72-42d5-aba9-7f85f6312227,Coronel João Sá,"01a02d5a-d577-76a5-ab0d-fcb0cb1ee674"
"6c6a7988-5afa-4b29-a7ed-bf016109c6a0",Correntina,"01a02d5a-d577-7ebf-ab0e-2e29624a104d"
"0d984d1d-c3ba-48e7-b011-630605bd6e8d",Cotegipe,"01a02d5a-d577-7ebf-ab0f-840124269937"
"9049e840-960d-49fe-8675-2102717298fd",Cravolândia,"01a02d5a-d577-7ebf-ab10-b82a0a97b313"
d3a423d5-0fc4-4fe1-8358-8becde7952ca,Crisópolis,"01a02d5a-d577-7ebf-ab11-c9b9b473595b"
"85951125-008d-4cf5-9e98-65bcee792737",Cristópolis,"01a02d5a-d578-7ed9-87c4-25faccdd9f8e"
de3a90d3-e02d-45a2-94db-27d7bb674cb3,Cruz das Almas,"01a02d5a-d96d-7961-8c8a-3ff044e341bb"
cef09b62-75fb-41c0-8947-64f6bece13da,Curaçá,"01a02d5a-d970-783d-a8d8-a8a170c5bdd4"
"67a934f0-2bc4-48d4-8942-71bfe1fe892d",Dário Meira,"01a02d5a-d971-7064-8619-aa4d488d5d04"
"43cb322a-4573-4ad5-b214-6c37b57440c4",Dias D'Ávila,"01a02d5a-d971-7064-861a-b43989fc90b1"
cdfe7b39-e634-47cd-ba8f-415b661260e2,Dom Basílio,"01a02d5a-d971-78e5-861b-fb6d2892d64b"
"3e76d377-6437-4cdd-95ad-b66a803bfc77",Dom Macedo Costa,"01a02d5a-d971-78e5-861c-5b0ffdb8074f"
fa8d335d-4140-40a7-b3d8-b031933c500d,Elísio Medrado,"01a02d5a-d972-71c0-bb6f-fc24b8811321"
"0c09d20d-7bae-4b87-bbbf-6175cdbfb051",Encruzilhada,"01a02d5a-d972-71c0-bb70-856c3c24003b"
"9685029f-42a3-4b35-8d08-8f5b7e4b84da",Entre Rios,"01a02d5a-d972-71c0-bb71-c4da1bb0fcb9"
"1a288ab6-604c-4200-b7aa-ead6ae244b27",Érico Cardoso,"01a02d5a-d972-7a88-bb72-d5a6731ee759"
d723da0b-c4d1-4577-8f7d-a949b6105fd8,Esplanada,"01a02d5a-d972-7a88-bb73-7da855e94e43"
"70f3a2e3-c10d-4c57-902e-b69055c9a8d6",Euclides da Cunha,"01a02d5a-d972-7a88-bb74-e2515cfcec47"
"7c4439d1-6fc4-433a-b0bd-3b471503dfbb",Eunápolis,"01a02d5a-d972-7a88-bb75-1e425b55b317"
"5832ca4f-8282-435d-a5e3-76d8fb0bb242",Fátima,"01a02d5a-d973-72b7-bce2-2b4aa159ad42"
"026d4556-9c1d-4f3c-a5de-c2caf1dbba1e",Feira da Mata,"01a02d5a-d973-72b7-bce3-3fa81f404487"
b818da5c-0d05-459e-812e-f4f988fe1eea,Feira de Santana,"01a02d5a-d973-72b7-bce4-1b28c15249c5"
"566d24e5-b12b-4b6b-9cbd-8becf5282bba",Filadélfia,"01a02d5a-d973-72b7-bce5-dfc41fe8a542"
"686b5363-ebe8-4089-bd98-9ee2835d49ce",Firmino Alves,"01a02d5a-d973-72b7-bce6-9151193e6549"
"8c659e30-c2bc-4698-8bd6-c2c5a42d4406",Floresta Azul,"01a02d5a-d973-7b5c-bce7-b5046531ecd6"
"97cd09f6-8167-4972-b7b6-6b99b903f657",Formosa do Rio Preto,"01a02d5a-d973-7b5c-bce8-abb0916cf96f"
d74328a0-4665-4d0a-9c30-4917308b954a,Gandu,"01a02d5a-d973-7b5c-bce9-05e5be6dafa2"
"0fd802bd-e5e2-4d81-a9cc-1ec3df6a84df",Gavião,"01a02d5a-d973-7b5c-bcea-ff1ffc1777a1"
"023206a6-7a72-4ff3-be17-906100f168f6",Gentio do Ouro,"01a02d5a-d973-7b5c-bceb-051f1b2efd56"
b42dd030-9f32-4ff3-988f-4fdcdcc0597c,Glória,"01a02d5a-d974-740b-b476-a0ba2cd4f133"
"58004f57-91e5-43ff-970e-e557257d8634",Gongogi,"01a02d5a-d974-740b-b477-682c302186d7"
"600580e9-e3ab-4d6d-b75f-483cf2167627",Governador Mangabeira,"01a02d5a-d974-740b-b478-31c559a03c94"
c60adf61-d012-41f7-8004-1b1ab2e89186,Guajeru,"01a02d5a-d974-740b-b479-b61db96a335f"
"4b1cfb1c-bf66-47e2-a7aa-98a1d40ac31a",Guanambi,"01a02d5a-d974-7cec-b47a-83fba11c5d8a"
fd6dbaa4-4e5f-46bd-8526-19a8dbfbb212,Guaratinga,"01a02d5a-d974-7cec-b47b-7f419d22db0d"
eb403a88-fff1-478d-bfbc-f2b66456fc94,Heliópolis,"01a02d5a-d974-7cec-b47c-feed1f4c7237"
"30ac49ad-7c70-48d1-bfcf-ab4c0c68915e",Iaçu,"01a02d5a-d974-7cec-b47d-1ebc3c0d6c86"
f74d02c4-a286-415f-b890-1971753c3d98,Ibiassucê,"01a02d5a-d974-7cec-b47e-a5e55fb6b089"
"5eaf1d16-76d4-4f79-9c3d-a2780cb348bd",Ibicaraí,"01a02d5a-d975-7579-a80d-3cbedc870b11"
"4c9f95eb-49df-46bc-8515-3ed330438680",Ibicoara,"01a02d5a-d975-7579-a80e-8dc1b2134cd1"
"9544bb06-f4aa-40fe-8bb8-ba4acd22152c",Ibicuí,"01a02d5a-d975-7579-a80f-4e80ecc37a99"
"0ce0dde3-896c-4323-85b2-9d7b442c7077",Ibipeba,"01a02d5a-d975-7579-a810-b6c855bf11f3"
b772060d-1cf7-46c5-b898-eba5e31dbfb2,Ibipitanga,"01a02d5a-d975-7579-a811-957c3e1b9a51"
"6412346e-0d54-4539-b3d2-e5ac568de459",Ibiquera,"01a02d5a-d975-7e22-a812-659ec73cc2fa"
"805e7414-2935-4c31-a8ce-3b424ccd7ea2",Ibirapitanga,"01a02d5a-d975-7e22-a813-50b6905bdfbd"
edb28027-d435-472a-8978-aad6c66cb39f,Ibirapuã,"01a02d5a-d975-7e22-a814-fca68e405a24"
d098c625-1d16-439a-8ffe-114737e79782,Ibirataia,"01a02d5a-d975-7e22-a815-ce6442069ebc"
"9a47a6f7-90e9-49ba-87f3-b700d177b522",Ibitiara,"01a02d5a-d976-76c0-aca3-bb18ef80d3ea"
"5d8fb880-58dd-4e17-87fc-25a91833f3a8",Ibititá,"01a02d5a-d976-76c0-aca4-48a5f86fd3e2"
"7543569d-13c0-4949-8880-44f2d62087ff",Ibotirama,"01a02d5a-d976-76c0-aca5-72ef184a1b6a"
cf683ea5-b627-4da8-bb43-2781881fb49d,Ichu,"01a02d5a-d976-76c0-aca6-ac8993fba7eb"
"7adfaed6-fcbd-4f69-aa05-e75ecd9eab1f",Igaporã,"01a02d5a-d976-76c0-aca7-a5b34503c17e"
cde773d6-107c-4a2e-afd7-bc86cc8db726,Igrapiúna,"01a02d5a-d976-7f3c-aca8-ca52caf311ea"
"132c2c3d-31ea-42d0-a1be-6ebaec0cf6af",Iguaí,"01a02d5a-d976-7f3c-aca9-7ae1d2696878"
c62e0705-b8f1-437f-97cc-ecc9f293fcf3,Ilhéus,"01a02d5a-d976-7f3c-acaa-e161b63547ca"
"64ebf4ea-0fa3-4071-9a6f-d414cd05dc8f",Inhambupe,"01a02d5a-d976-7f3c-acab-b3607333524b"
"6a74eeb2-c7a0-4f91-b287-961ad1cc4658",Ipecaetá,"01a02d5a-d976-7f3c-acac-a55ce574d053"
"64de689c-8a22-4c67-8826-4f999e3b9ced",Ipiaú,"01a02d5a-d977-77e7-8e3b-40e9237a0daf"
"00f624bb-eb60-476f-8568-44b9eb779ce4",Ipirá,"01a02d5a-d977-77e7-8e3c-0836ebcc3710"
f8fb98f7-cdc3-47fa-b5ef-29af96d54fea,Ipupiara,"01a02d5a-d977-77e7-8e3d-881c50f185cd"
c849701a-e0ed-4072-af8c-3462c684b21a,Irajuba,"01a02d5a-d977-77e7-8e3e-142c2457b748"
"66ee2af3-eb5f-4608-8984-48b624c169c8",Iramaia,"01a02d5a-d977-77e7-8e3f-d76a290b1728"
"1676f7a8-beb8-4612-94b5-ead32e881ce7",Iraquara,"01a02d5a-d978-7082-a6c7-2f9e6f307289"
e5aeae6d-1d58-4d90-a2db-fd81e924dfd7,Irará,"01a02d5a-d978-7082-a6c8-d33db72560ce"
c292aa3c-8329-40cb-8181-13a5d5807992,Irecê,"01a02d5a-d978-7082-a6c9-e3edb56335b5"
"89165566-ebae-4602-85fd-1d9cfe952246",Itabela,"01a02d5a-d978-7082-a6ca-9aefe2de7633"
cec21831-bcda-40fd-80c5-0fe9c0a4a0f0,Itaberaba,"01a02d5a-d978-7a24-a6cb-c719cc7f5d09"
a452a289-df75-42ca-8c9f-8262f25e8d1e,Itabuna,"01a02d5a-d978-7a24-a6cc-35ed19394df7"
a9c5f475-5b34-4c2b-8127-e20950e0fe38,Itacaré,"01a02d5a-d978-7a24-a6cd-4612b3fa118e"
"5b405d82-fac6-477a-a461-9261d3d22a59",Itaeté,"01a02d5a-d979-72e2-ae1d-30d09dfa39e5"
"6d4524ce-1106-44e7-964d-91b2d1445c90",Itagi,"01a02d5a-d979-72e2-ae1e-f6c5f8b8670f"
e611cf2c-553d-4101-be47-83e3b42a62a7,Itagibá,"01a02d5a-d979-72e2-ae1f-7fe76512ba15"
f3a755f6-b509-420f-8116-8f9f748ada1e,Itagimirim,"01a02d5a-d979-72e2-ae20-d9102171ec7b"
"997d0219-b348-4719-a55e-edf5dcc48d46",Itaguaçu da Bahia,"01a02d5a-d979-72e2-ae21-0452ca2240e0"
b761e109-7c53-4861-9115-03fcc878d1e4,Itaju do Colônia,"01a02d5a-d979-72e2-ae22-5d66edad034c"
"00d78af5-58a3-4bf0-83f6-ce720ce53777",Itajuípe,"01a02d5a-d979-7b8c-ae23-43e88b86bd99"
"11691533-c6d4-4fa6-bc68-5eaa646aa616",Itamaraju,"01a02d5a-d979-7b8c-ae24-ea8d72fbabc4"
"4a7858db-ad25-4f41-b20c-17cb59bbce6a",Itamari,"01a02d5a-d979-7b8c-ae25-78004a688bd3"
db3a97e1-9562-4146-80d5-caf0edae8bb6,Itambé,"01a02d5a-d97a-7436-96c5-88ad1a66f4c6"
ce9403d1-b9e5-45db-8344-aae920d1e4fd,Itanagra,"01a02d5a-d97a-7436-96c6-7d769bb6a16d"
"3ebd3112-d941-4d36-8570-eed3bf188ece",Itanhém,"01a02d5a-d97a-7436-96c7-6cb5486631a8"
a9c8abff-0c03-4546-b7dd-ce47d3d8efa1,Itaparica,"01a02d5a-d97a-7436-96c8-562d58054a70"
e45785c1-6bc8-4af3-85ae-8deb59f5ecf4,Itapé,"01a02d5a-d97a-7cde-96c9-4dda84bdee91"
bb3ff486-063b-4499-95bd-f36ce213f9ea,Itapebi,"01a02d5a-d97a-7cde-96ca-9de76afada93"
"360d40f0-4052-4340-b1d9-7126bdd42c87",Itapetinga,"01a02d5a-d97a-7cde-96cb-50525ca18666"
"7700b852-5b6f-473b-9ac0-276f5b0c1355",Itapicuru,"01a02d5a-d97a-7cde-96cc-93f53cdbb277"
"235c2761-64ac-4929-90eb-87083049c8f1",Itapitanga,"01a02d5a-d97a-7cde-96cd-25752f34a17f"
a06045cb-f4ff-4d95-8fa2-0612ea276060,Itaquara,"01a02d5a-d97b-7592-94ff-3da53b62a844"
ff1ccbee-aa16-4515-b6b6-1a90264eacce,Itarantim,"01a02d5a-d97b-7592-9500-09816a3b6e67"
"34074934-6a92-490e-b118-4146557cb07f",Itatim,"01a02d5a-d97b-7592-9501-b9b55995d5e4"
b32eaf75-20d0-4394-bbd4-d6648b4aee9a,Itiruçu,"01a02d5a-d97b-7e2d-9502-6387cc453829"
"3363a958-c49a-4408-9565-1af907982e08",Itiúba,"01a02d5a-d97b-7e2d-9503-9240df2126c7"
c40c6a20-3b46-4f96-9e98-e2aae22a33a6,Itororó,"01a02d5a-d97b-7e2d-9504-00c3f875a2a1"
e8646746-053f-4a1a-a19d-b406bdfc996b,Ituaçu,"01a02d5a-d97b-7e2d-9505-1a190edcf67b"
"85be9d67-5077-44dc-bb8f-14a1b79d9d22",Ituberá,"01a02d5a-d97b-7e2d-9506-a80c0a8accd7"
a70fd016-a8f7-44bf-ab00-ffe113ee60e5,Iuiu,"01a02d5a-d97b-7e2d-9507-a59dbd3cb8ec"
"65368f21-0a17-4484-9190-1150a908f489",Jaborandi,"01a02d5a-d97b-7e2d-9508-572a6fa4bb2f"
"4182865d-fea4-4ea3-87cb-1187c0f6093a",Jacaraci,"01a02d5a-d97d-7661-b303-a322baaa7b22"
f83aa9ff-6e21-4456-9490-392fd17e0353,Jacobina,"01a02d5a-d97d-7661-b304-916b74e77047"
"1fe4f1b0-6272-48ea-be1f-2122cd64a171",Jaguaquara,"01a02d5a-d97d-7661-b305-005f79d0ae29"
"7f295510-3d01-4b74-b759-58135bb68cd9",Jaguarari,"01a02d5a-d97d-7661-b306-f9c758b2b098"
"38e7c3de-7f1c-42d6-93a5-9fec3ee1c88e",Jaguaripe,"01a02d5a-d97d-7661-b307-ee83eb80607c"
ff78c3e8-d5ed-4b93-b4d9-839533669689,Jandaíra,"01a02d5a-d97e-768b-a2dc-8c12d159babf"
db80a9a4-4230-4c2d-962b-9268e1c48945,Jequié,"01a02d5a-d97e-768b-a2dd-288acde6c8c4"
b3c2fd2b-c9c4-4444-97bf-051fe95293b3,Jeremoabo,"01a02d5a-d97e-768b-a2de-4655530ee6e8"
"22061466-6e7c-470e-8cbf-ed57ab30d2e7",Jiquiriçá,"01a02d5a-d97e-768b-a2df-31a32ac69349"
"05d194e6-493b-42ec-bdc6-7bffd017a05a",Jitaúna,"01a02d5a-ddb6-7ab5-a3b9-7412c0928600"
"3b7123a6-e3e0-42a3-9ccb-c9e8a27b412a",João Dourado,"01a02d5a-ddba-70be-b064-acdaa9950626"
ea300aa0-e566-45a0-9b5d-1da34706216d,Juazeiro,"01a02d5a-ddbb-700c-a95c-e64e1edddb7c"
"165c1375-d44e-4682-a7be-8c0e6c309a8c",Jucuruçu,"01a02d5a-ddbb-700c-a95d-2ee099a5f147"
ea874ffa-0e64-48ae-804b-68e468cb28be,Jussara,"01a02d5a-ddbb-700c-a95e-cbb0c17fcd40"
bb12e976-7c43-40fd-bbfe-29bc7ce663d9,Jussari,"01a02d5a-ddbb-782a-a95f-9b122bf1065f"
"6d311040-f225-4fd6-983a-9eb75a58ab29",Jussiape,"01a02d5a-ddbb-782a-a960-57cedb8b7d5d"
"19c8c6cc-1ede-4823-825c-c0dd12388c4a",Lafaiete Coutinho,"01a02d5a-ddbb-782a-a961-09c6acebbc5e"
"54307c3c-25c2-486e-bcd0-dc4bc801ecc8",Lagoa Real,"01a02d5a-ddbc-70f8-9d17-fa82eeb68b60"
ec4c4d95-dea2-4758-8557-fcb7f4945a60,Laje,"01a02d5a-ddbc-70f8-9d18-13337126fe7f"
cf01c613-c6a4-4d28-a353-bd3524c61ca3,Lajedão,"01a02d5a-ddbc-70f8-9d19-368b70e0d83d"
f66e9047-ec01-4341-82c7-5988acb2c6a0,Lajedinho,"01a02d5a-ddbc-79d9-9d1a-0b1c6cfa933b"
"0997c755-b26f-4136-a703-edc05f9ac93d",Lajedo do Tabocal,"01a02d5a-ddbc-79d9-9d1b-79f48183f1c4"
"2a527e67-5dd6-4678-97e8-5d0f6cd010cf",Lamarão,"01a02d5a-ddbc-79d9-9d1c-6c475ca4cc98"
a5aa929d-f7a1-4585-af14-96a4beaa1cf4,Lapão,"01a02d5a-ddbc-79d9-9d1d-bee861dcb443"
"972ac03a-7534-45ce-92d1-69c1ef22fb16",Lauro de Freitas,"01a02d5a-ddbd-729e-b687-9fc5fa9b485a"
"9a284229-1eee-431e-841a-4925a02334c9",Lençóis,"01a02d5a-ddbd-729e-b688-1e2e048d6f8a"
f25abc3f-80c3-495e-97b4-a4e6f123fe29,Licínio de Almeida,"01a02d5a-ddbd-729e-b689-a332dd2a466a"
"05b224a2-2257-421c-836d-3b6f7f6dd38b",Livramento de Nossa Senhora,"01a02d5a-ddbd-7ba4-b68a-3137e94c7059"
"16f80913-5f93-4a17-8d4b-e23e529399bc",Luís Eduardo Magalhães,"01a02d5a-ddbd-7ba4-b68b-7e55168f9676"
ac4b0880-3923-4def-81b9-031138796694,Macajuba,"01a02d5a-ddbd-7ba4-b68c-17a44184922c"
"9d2fb05c-70da-4d4d-9c80-5db8f70ca559",Macarani,"01a02d5a-ddbe-7479-b669-b25f7607fb9c"
"413691eb-f714-4e54-aa9d-9b63bc05ac42",Macaúbas,"01a02d5a-ddbe-7479-b66a-28e7ebbfe279"
da5daefc-6550-44d1-a481-43afc5a59ca8,Macururé,"01a02d5a-ddbe-7d7c-b66b-efd0bc186f80"
"1169d322-137d-49e1-8282-c7f7d577fe4a",Madre de Deus,"01a02d5a-ddbe-7d7c-b66c-a1f31f18834e"
"53540308-e005-4ec7-a789-180eef6ac149",Maetinga,"01a02d5a-ddbf-7623-8b28-6142dfe807a3"
"7fa219bc-ad84-4c04-92c5-3271c2ef96e6",Maiquinique,"01a02d5a-ddbf-7623-8b29-559c1dc0c5c2"
"0aed957e-7168-4890-bd45-be80099c8f0e",Mairi,"01a02d5a-ddbf-7623-8b2a-ede912f3a626"
f6ec0ab9-40d1-4d83-99d8-9a0ab8d451f9,Malhada,"01a02d5a-ddbf-7edd-8b2b-f58fc4211fde"
"71cea4c0-0083-40a4-ba8d-b204bca9e8c6",Malhada de Pedras,"01a02d5a-ddbf-7edd-8b2c-071b4ba2e75a"
"9900ba16-1420-4a6d-9b3d-1d427ee315c8",Manoel Vitorino,"01a02d5a-ddc0-7788-ac31-7a615f70186c"
"429a4db9-12b7-43e1-a1a5-c543cfb07a9d",Mansidão,"01a02d5a-ddc0-7788-ac32-06cb14977f76"
"837c88fa-9fc9-4e04-984b-6ede861d5db6",Maracás,"01a02d5a-ddc1-7039-96e2-222c68c96c1b"
e0383739-7952-4508-a1f0-a73fadaff2f9,Maragogipe,"01a02d5a-ddc1-7039-96e3-7fafbd64c036"
"62372098-0492-43c7-8d0e-d7ecad0f2c9f",Maraú,"01a02d5a-ddc1-7039-96e4-0bff0753b698"
fc0dde90-bea2-49c2-9581-cad83a80fde9,Marcionílio Souza,"01a02d5a-ddc1-78e2-96e5-351c91be5aa4"
"3fefe9fd-358b-4aaa-8442-2de56bccff76",Mascote,"01a02d5a-ddc1-78e2-96e6-db22c738e9e6"
"3942802e-0914-4908-99ac-6565e8a185ab",Mata de São João,"01a02d5a-ddc2-7187-a972-681c2ca9d0ae"
"34f1551c-70d4-4e73-8d6e-c63ca3d91b40",Matina,"01a02d5a-ddc2-7187-a973-c3296be2f37d"
"4e87301e-a844-4f0e-b799-32393a4e0ccc",Medeiros Neto,"01a02d5a-ddc2-7187-a974-8fc2973686ed"
e8d8775d-9929-4b6c-948d-72ca0c57ce3b,Miguel Calmon,"01a02d5a-ddc2-7a4d-a975-550e39e0d312"
"7c64ca13-f710-4a82-bde2-1f377fe49e10",Milagres,"01a02d5a-ddc2-7a4d-a976-e9f91287971f"
c1ea6389-7808-4506-ac5e-7b0dcd04b62f,Mirangaba,"01a02d5a-ddc3-72fc-aa36-b8c2ddb1653b"
ae06164d-8781-4222-9351-eb84da29b57a,Mirante,"01a02d5a-ddc3-72fc-aa37-9fb006ea5e91"
"9633bd3d-7bcd-4495-a771-d2983003448c",Monte Santo,"01a02d5a-ddc3-72fc-aa38-83d7036ba394"
"132b49d1-a7cc-4994-9fe0-d90903f93cf1",Morpará,"01a02d5a-ddc3-7bbe-aa39-678a9ef77649"
"850074af-5780-4b39-9425-acabb8b30390",Morro do Chapéu,"01a02d5a-ddc3-7bbe-aa3a-80e5b8d0d5d4"
a1a5ff3b-de22-437f-84b0-4e27c8c6b0c0,Mortugaba,"01a02d5a-ddc3-7bbe-aa3b-34cf4bd70cf5"
"9ccfd7c7-af49-44e3-a976-309a06d41c71",Mucugê,"01a02d5a-ddc4-74d8-8a11-86f9b615237d"
"96a70eba-e928-48b5-ac93-f6828f03a55c",Mucuri,"01a02d5a-ddc4-74d8-8a12-ecc2fb76efec"
"602139f2-b236-485f-b471-0b451cff81ad",Mulungu do Morro,"01a02d5a-ddc4-74d8-8a13-51b17f3f9fe4"
a9f03565-08eb-4115-8132-d0743baa1489,Mundo Novo,"01a02d5a-ddc4-7f63-8a14-f0f4c59d1b12"
"7e7c0ef4-3e70-433b-8769-14b4cae122c5",Muniz Ferreira,"01a02d5a-ddc4-7f63-8a15-cc69a562de94"
e89e9476-79ae-4fff-83ce-0af1a0e9789f,Muquém de São Francisco,"01a02d5a-ddc4-7f63-8a16-8e196f611203"
"5a222530-1a18-4844-a501-4b54409189c4",Muritiba,"01a02d5a-ddc4-7f63-8a17-49887d097efc"
a59eba8c-c2ce-4952-8a9f-22e646e81183,Mutuípe,"01a02d5a-ddc4-7f63-8a18-4741446ee7c6"
f0cdb039-ff4e-4f30-944d-392931216519,Nazaré,"01a02d5a-ddc4-7f63-8a19-d8a40723adb1"
b6dac8e1-5717-4de9-b61c-1eec43f47b34,Nilo Peçanha,"01a02d5a-ddc5-7f8b-8b18-7e602348e487"
"0a91fe13-cd68-4dee-80cb-8e907f6f570b",Nordestina,"01a02d5a-ddc5-7f8b-8b19-8f63b0d670ba"
a093a290-942b-4a74-80fa-2f3d1d3bb3ad,Nova Canaã,"01a02d5a-ddc5-7f8b-8b1a-121ee1504dd4"
"2ebf0f09-b9e0-4836-a96f-87a3ea5722d1",Nova Fátima,"01a02d5a-ddc5-7f8b-8b1b-5abc3686ce38"
b461f9d3-a37d-421d-aecb-4a7682606759,Nova Ibiá,"01a02d5a-ddc5-7f8b-8b1c-78b0964f9f7a"
"8c824fbf-2430-4376-95ea-16c5f3d49658",Nova Itarana,"01a02d5a-ddc5-7f8b-8b1d-4a04c3e18a83"
d1e12743-3426-4c0f-b33f-a8bf4acc47ec,Nova Redenção,"01a02d5a-ddc5-7f8b-8b1e-83d6012f6cde"
"9093374d-abb9-41ed-8753-e2cf286553b5",Nova Soure,"01a02d5a-ddc5-7f8b-8b1f-5ecd06fa30f3"
fc015cd2-1963-4ffa-9f04-0bde4a4a9f28,Nova Viçosa,"01a02d5a-ddc5-7f8b-8b20-76d2522acd0e"
"71a6aa2b-279a-45ba-91f5-b56dfc1e3b1d",Novo Horizonte,"01a02d5a-ddc5-7f8b-8b21-95b4675e8f5d"
"850d1f92-6107-4efb-9bc5-2cb39e46f66c",Novo Triunfo,"01a02d5a-ddc7-7758-81de-758830bef314"
"7769f845-d34e-425c-9e82-c6d570b2b10e",Olindina,"01a02d5a-ddc7-7758-81df-d5e06db17c21"
"5816fe5d-ba70-478b-84f1-6c3dc32c0c23",Oliveira dos Brejinhos,"01a02d5a-ddc7-7758-81e0-b4c70b54396a"
a3e189b8-fdc8-446f-8c20-00586c670bc8,Ouriçangas,"01a02d5a-ddc7-7758-81e1-81fe2a21a69d"
b9cb355d-a730-4538-8749-bef5a8b3becb,Ourolândia,"01a02d5a-ddc7-7758-81e2-3925cc28211f"
"815831a9-6357-4931-aa11-c4444f0174b9",Palmas de Monte Alto,"01a02d5a-ddc7-7758-81e3-fe6bc5705c4c"
a204bc80-aaf3-41fb-84f8-99c99351ea47,Palmeiras,"01a02d5a-ddc7-7758-81e4-093df0a155a0"
bddd774a-46fd-49fb-aefc-e7cab045eb9c,Paramirim,"01a02d5a-ddc8-7756-9ad3-d15f88f93d42"
"3de08c3e-de4f-40c8-9b58-2ee8a02a4ebd",Paratinga,"01a02d5a-ddc8-7756-9ad4-067626fcc40c"
"6d656fdd-d4e4-42cf-b4db-5445431dafed",Paripiranga,"01a02d5a-ddc8-7756-9ad5-4e0d36aa43ce"
"1291fd80-6c6b-406f-b77b-90358ad6308a",Pau Brasil,"01a02d5a-ddc8-7756-9ad6-577ec7b83879"
"80528cb5-d19d-4ac4-b4a2-bfa70702109e",Paulo Afonso,"01a02d5a-ddc8-7756-9ad7-110ba67c1f09"
a2612a48-e6bb-4327-8eb2-7c20a21815cb,Pé de Serra,"01a02d5a-ddc8-7756-9ad8-31b9b1d8e1a7"
"8f558eec-81a8-46ac-9c7c-7c1ded80046c",Pedrão,"01a02d5a-ddc8-7756-9ad9-535933c92849"
ba344af0-bd1e-413b-8a8c-b56bb930d1ed,Pedro Alexandre,"01a02d5a-ddc8-7756-9ada-67b3156a992c"
"2b08bf84-6032-47d8-94bf-b17b42dc54f3",Piatã,"01a02d5a-ddc8-7756-9adb-344fbef77044"
aed91d88-c54d-452f-9b6a-3c811b8af2ab,Pilão Arcado,"01a02d5a-ddc9-7753-bdf2-02d7f08bbdac"
"6113365f-f63b-497f-b5cc-f4b0e7408672",Pindaí,"01a02d5a-ddc9-7753-bdf3-3c8e3e6e1f5e"
"862752d9-f609-469d-8a5c-f1607e59a878",Pindobaçu,"01a02d5a-ddc9-7753-bdf4-f4f1acf6552d"
a1d4b37a-d005-4554-b5d8-b0da2f6b88a1,Pintadas,"01a02d5a-ddc9-7753-bdf5-f307a5da47c1"
bd5eb09c-d093-4cf8-aac8-523181d60c79,Piraí do Norte,"01a02d5a-ddc9-7753-bdf6-58e2279cc8fc"
"796e5028-1865-4d6f-b782-b5418068a73f",Piripá,"01a02d5a-ddc9-7753-bdf7-2818dcaf9db8"
a032a942-6a19-4468-8c70-e62890b33b35,Piritiba,"01a02d5a-ddc9-7753-bdf8-39cc8b05ce94"
"63310890-1c89-40e2-81a0-da213a4b3e3d",Planaltino,"01a02d5a-ddc9-7753-bdf9-08a70f5d546e"
"8a90d71a-d243-4331-a231-8ceeac645ed3",Planalto,"01a02d5a-ddc9-7753-bdfa-d25716c6bb30"
fb155708-c1d1-42e3-9c4c-62865bae80db,Poções,"01a02d5a-ddca-7b3a-a726-e56c120ae7a5"
"980acede-07bb-4c5e-ab77-da3c6a77e7d5",Pojuca,"01a02d5a-ddca-7b3a-a727-01530a107e9e"
"01e26fb8-9b83-4345-868e-33c7e9ab2c6b",Ponto Novo,"01a02d5a-ddca-7b3a-a728-f4dac2d56738"
d1942b71-3b89-4fc7-929c-ff12336e5264,Porto Seguro,"01a02d5a-ddcb-763e-88c4-d3c1e8e0879c"
a98d61d6-8d82-4341-be44-b6209c9630ec,Potiraguá,"01a02d5a-ddcb-763e-88c5-a7c66f245672"
dd826c6f-d28e-4aab-b0b8-698d68cb2012,Prado,"01a02d5a-ddcb-763e-88c6-dd8db77b2d41"
"6793cae4-865e-470e-be13-4e79577cd4a5",Presidente Dutra,"01a02d5a-ddcb-763e-88c7-3393bac78e67"
ab294ca9-7f8c-458c-bb5e-254a273c1cd3,Presidente Jânio Quadros,"01a02d5a-ddcc-767c-8530-58a16fedfefb"
bb8e1e7e-78b2-4090-9222-79f131510344,Presidente Tancredo Neves,"01a02d5a-e1a5-7bcc-9911-0527b74f8b68"
"5b2c6a21-092a-4c87-9637-46dd86106890",Queimadas,"01a02d5a-e1a8-7f82-91b3-d9a288707c22"
"0237bbe2-3785-4622-8bc4-b25aadb7445a",Quijingue,"01a02d5a-e1a8-7f82-91b4-021f1bd02644"
f8408f91-0f9f-4a13-98e4-fce867d12ddb,Quixabeira,"01a02d5a-e1a9-787c-85f3-9865b4697297"
"82d93e35-af89-4905-82a5-43502ac555a9",Rafael Jambeiro,"01a02d5a-e1a9-787c-85f4-40c4a3fe742e"
"0a58cf46-0252-48fa-9446-c4db10cbfa5c",Remanso,"01a02d5a-e1aa-721c-b2c3-67f7f9a4ebce"
"0b139f96-3c74-48a1-a7d2-f53ad5784019",Retirolândia,"01a02d5a-e1aa-721c-b2c4-fe54b921f19b"
"40839a34-19d4-4c24-b60a-b8bbd1f71a27",Riachão das Neves,"01a02d5a-e1aa-7aae-b2c5-b9d56af4a0b1"
c45375e6-43a2-4842-a2de-98be2487103a,Riachão do Jacuípe,"01a02d5a-e1aa-7aae-b2c6-99312652d817"
c55ffc5a-771b-439d-a620-bcb9d77a05b1,Riacho de Santana,"01a02d5a-e1ab-735c-9032-e6b6b5618cff"
"7c79cae8-61b9-417f-bd3a-704045cf7b61",Ribeira do Amparo,"01a02d5a-e1ab-735c-9033-31ed60d7c8a6"
"0d8ad75a-3c03-4e2c-94d6-677093d3f229",Ribeira do Pombal,"01a02d5a-e1ab-735c-9034-7d2e29f59545"
"1b47ae1e-07c4-489e-b942-da6883330c37",Ribeirão do Largo,"01a02d5a-e1ab-7bd5-9035-2e90ec4ae1bd"
"5d68c071-66f2-43d3-b736-b222099df453",Rio de Contas,"01a02d5a-e1ab-7bd5-9036-9bd407e9d114"
"21ed36a1-0fe8-4c2d-9cff-2021e98d5aa6",Rio do Antônio,"01a02d5a-e1ab-7bd5-9037-843716486fa9"
d642d6c5-949b-4f9c-bc7f-a319bfca009e,Rio do Pires,"01a02d5a-e1ab-7bd5-9038-d891fe481b3e"
"546f9b2a-74de-4a38-b420-ce748e269db2",Rio Real,"01a02d5a-e1ac-748b-b8af-4ac2ac7bd34f"
"9f6c5e0b-8489-446a-90cc-3948f3af7f94",Rodelas,"01a02d5a-e1ac-748b-b8b0-77ecd967bc96"
a8b51b90-a052-4477-b681-d601ac55836c,Ruy Barbosa,"01a02d5a-e1ac-748b-b8b1-03476fedd1b7"
"77fd17da-afa6-449f-a5d2-55536fd12d6b",Salinas da Margarida,"01a02d5a-e1ac-7d58-b8b2-d00c5b0c837e"
f021109b-63cc-4ff8-a178-b8b1d5ffd6bf,Salvador,"01a02d5a-e1ac-7d58-b8b3-7738953a09ed"
"08fde6ce-a5e7-42db-8b17-177bce5fbae8",Santa Bárbara,"01a02d5a-e1ac-7d58-b8b4-af33312e94c1"
a2026fdc-f120-44bf-8067-58f03927eb4e,Santa Brígida,"01a02d5a-e1ac-7d58-b8b5-b33143e5e7d1"
"1447dcbd-7cd3-40b4-9d2d-dd1018f327fd",Santa Cruz Cabrália,"01a02d5a-e1ad-75d2-9f53-d6c14ad34dc0"
"8c5993ba-b45a-497d-bd81-98467b7495a6",Santa Cruz da Vitória,"01a02d5a-e1ad-75d2-9f54-b9cc1f64e42f"
"2e8fbff6-f737-4e23-b8a2-ae5402e8c650",Santa Inês,"01a02d5a-e1ad-75d2-9f55-6a0143fc724a"
"6f265045-5ef5-4e9c-8431-c882aab82af4",Santaluz,"01a02d5a-e1ae-7787-89f2-a6e5b71089cc"
"1ca91352-b443-4a17-9b49-01a55c4b0d97",Santa Luzia,"01a02d5a-e1ad-7e8a-9f56-c7a059870706"
"62231d47-31ed-43d5-9a45-30f2abdae4a2",Santa Maria da Vitória,"01a02d5a-e1ad-7e8a-9f57-c167c4413b9a"
c68d9612-eb72-4c18-967d-70abdbefbd1d,Santana,"01a02d5a-e1ae-7787-89f3-aa32956a2c9b"
"214e36eb-4c24-47b4-a3c9-c9d8c20d5cfc",Santanópolis,"01a02d5a-e1ae-7787-89f4-b1aa0b6ff108"
a18c14ae-43b8-4219-acb8-39d88672c9dd,Santa Rita de Cássia,"01a02d5a-e1ad-7e8a-9f58-6c06dc7327d4"
"88eeed3a-b876-4dff-900d-ebbab9d57c62",Santa Teresinha,"01a02d5a-e1ae-7787-89f1-952581a9ee6b"
d485ace9-9b86-44c8-a951-4b8029ddbba6,Santo Amaro,"01a02d5a-e1af-7046-a643-32f7e21c6018"
"335bdf7e-af52-4ca4-9f58-56448b3fabfd",Santo Antônio de Jesus,"01a02d5a-e1af-7046-a644-793cf7d2c21a"
"7fbfbf8d-59f8-4908-b6ee-0d6014e7b520",Santo Estevão,"01a02d5a-e1af-7046-a645-af37842ae3f5"
d96ec4ce-5978-4ab8-b9d7-72a1b6fb72f6,São Desidério,"01a02d5a-e1af-7889-a646-9469f98ba637"
fc6df5a4-df49-4900-a1cc-ea10d205d44c,São Domingos,"01a02d5a-e1af-7889-a647-7e21837ead4b"
"323d1ed5-f08b-4fae-8a62-906722d8a86e",São Felipe,"01a02d5a-e1af-7889-a648-db74fadfc312"
"98395e7d-34dc-451e-9c9c-40e9a15932ac",São Félix,"01a02d5a-e1af-7889-a649-3cf33d5f001a"
"11c190e3-93b4-4b0f-a6ce-96313b894913",São Félix do Coribe,"01a02d5a-e1b0-70de-ac86-696aab579089"
d8e12939-e0ff-409f-838e-15809043859e,São Francisco do Conde,"01a02d5a-e1b0-70de-ac87-a538e364b6fc"
"41b5a7ce-9bfd-4377-90ba-29262829df9e",São Gabriel,"01a02d5a-e1b0-70de-ac88-ef9ca280d5a0"
c4317b17-a8ad-4463-bbb0-8957a8b7d0dd,São Gonçalo dos Campos,"01a02d5a-e1b0-70de-ac89-e15058310b04"
"28c51205-7f44-4c88-b145-3a67a281f319",São José da Vitória,"01a02d5a-e1b0-7959-ac8a-a18bdeb5ef2d"
e61115ea-106a-4336-afbf-e047a85c6308,São José do Jacuípe,"01a02d5a-e1b0-7959-ac8b-0d3ce4cdcb6d"
"5feaac18-abf9-427d-905f-cf2a76ce9188",São Miguel das Matas,"01a02d5a-e1b0-7959-ac8c-e59a0375d2ab"
"92de45e0-2390-43a7-9579-c8be380de00e",São Sebastião do Passe,"01a02d5a-e1b0-7959-ac8d-b481425e13d4"
cb249796-526e-4254-aee9-9159beed4146,Sapeaçu,"01a02d5a-e1b1-718f-a860-a425ad7d949c"
"0ec59c15-54d2-49e9-935c-f5f12357ea21",Sátiro Dias,"01a02d5a-e1b1-718f-a861-88a876fafef9"
"039fa20e-8e70-4a4f-b80f-91e272c4df45",Saubara,"01a02d5a-e1b1-718f-a862-e81be1b8e9b9"
a405217a-6441-411e-8d89-fe2d3b763cdf,Saúde,"01a02d5a-e1b1-718f-a863-7f8b177facab"
fa7b11cb-0c88-4cbd-b434-b7a22e107077,Seabra,"01a02d5a-e1b1-7a36-a864-41293abe77ef"
"1143e8d5-1384-4c27-8efb-a226e7952642",Sebastião Laranjeiras,"01a02d5a-e1b1-7a36-a865-171e64a0262e"
"2021f618-a197-49ef-89e3-ab112b5ae3bb",Senhor do Bonfim,"01a02d5a-e1b1-7a36-a866-56500b77f9fb"
"49ef6ec7-1307-466d-8703-ccf9de34bf3b",Sento Sé,"01a02d5a-e1b1-7a36-a867-ddc8b9375ff3"
ad8c3001-433f-41ea-a157-daf9f625df36,Serra do Ramalho,"01a02d5a-e1b2-72a1-80a9-bd08618d177d"
"93eb716c-de44-4035-89e8-b02548ed3a06",Serra Dourada,"01a02d5a-e1b2-72a1-80aa-2a98a2e8f00b"
"1e217823-e7a6-4e6a-8c6c-cedf4af60e59",Serra Preta,"01a02d5a-e1b2-72a1-80ab-5b9f43222fe5"
ed6dc2be-0951-48c8-adcc-19a9a9f77dc0,Serrinha,"01a02d5a-e1b2-7d4f-80ac-51e2ae623ccf"
"7cc1b826-4e06-4e6e-8891-40e0a7094722",Serrolândia,"01a02d5a-e1b2-7d4f-80ad-d9dd492a2c98"
"38632296-42be-48b2-a44a-48eb1fbe844e",Simões Filho,"01a02d5a-e1b2-7d4f-80ae-4fb5ca5e4983"
edaa9b24-de15-4227-b746-64e257456e8b,Sítio do Mato,"01a02d5a-e1b2-7d4f-80af-1a1d7f853b21"
"948bf2f4-dfb3-4826-9f5a-a8bfb00391f3",Sítio do Quinto,"01a02d5a-e1b3-7d78-bdb9-b9968fdf5c9a"
"339fcac2-d77e-48fd-9a46-9b1980b5b6cf",Sobradinho,"01a02d5a-e1b3-7d78-bdba-1f9f6694661a"
ccc8c1db-ebdc-4f8f-8b78-228f44b5a0be,Souto Soares,"01a02d5a-e1b3-7d78-bdbb-a8fe902738e5"
b57ec3e4-a9f7-4d36-8adb-db1a474f98b2,Tabocas do Brejo Velho,"01a02d5a-e1b3-7d78-bdbc-b2b6806b484b"
c777605b-a534-4d6a-bfce-3754b131915f,Tanhaçu,"01a02d5a-e1b4-7d77-9526-02ade63d1240"
b7179615-ccba-4b84-867b-fa33dde6849f,Tanque Novo,"01a02d5a-e1b4-7d77-9527-b3cffc19572d"
b3f39542-81a6-4541-b17c-1c8d53fc68f8,Tanquinho,"01a02d5a-e1b4-7d77-9528-469d9b250803"
"602c6b70-8562-41d1-a488-cb4ae4df585b",Taperoá,"01a02d5a-e1b4-7d77-9529-41ed70419035"
a385d8f9-8a7c-42d4-9ee0-6bae5e92d391,Tapiramutá,"01a02d5a-e1b5-7d78-a9e5-aeb249ec139f"
"6b418aa1-a6e7-47b1-a568-8e119d2d0caf",Teixeira de Freitas,"01a02d5a-e1b5-7d78-a9e6-c87062780f4b"
cf2f650c-244c-45c0-9095-3b584163f7d1,Teodoro Sampaio,"01a02d5a-e1b5-7d78-a9e7-4e881860201a"
"9601cf78-10ea-4848-9211-1546b608c319",Teofilândia,"01a02d5a-e1b5-7d78-a9e8-93500253e621"
"809b4f8a-49cc-40dc-a010-97334eec38f9",Teolândia,"01a02d5a-e1b6-7d7e-8ab5-56257efbf46f"
"93cb50d7-cb5e-4a6a-b701-25574c123884",Terra Nova,"01a02d5a-e1b6-7d7e-8ab6-d146041563d3"
aa46bb4d-8d33-492f-b0cd-9c9a0f62b493,Tremedal,"01a02d5a-e1b6-7d7e-8ab7-2ef27aa9929e"
"26b25f68-4efe-4d7d-a882-9a90c64faa60",Tucano,"01a02d5a-e1b6-7d7e-8ab8-fdef94f9b111"
"0b3b3641-b50e-4607-a233-143c23bd4e92",Uauá,"01a02d5a-e1b7-7d68-a20a-a0accb2e7c84"
"5f362b53-032e-48e0-9aa4-801c4d408776",Ubaíra,"01a02d5a-e1b7-7d68-a20b-a27df29c4f1d"
e62efc29-887b-4d7f-a7ab-bcc2816bce99,Ubaitaba,"01a02d5a-e1b7-7d68-a20c-a81d9387cace"
"3ba4f85e-3a2f-4a5c-893e-1fa3fe323e9f",Ubatã,"01a02d5a-e1b7-7d68-a20d-6e0df8283276"
a26a6992-a6e9-40d8-82df-fd24c96721b7,Uibaí,"01a02d5a-e1b7-7d68-a20e-aafeb0145ad9"
"54dc9989-5320-4cf5-bfec-2e181baa828c",Umburanas,"01a02d5a-e1b8-7d66-8bda-6e40c034ba3c"
"5cceada7-6d6f-41cd-80a2-49310f656de1",Una,"01a02d5a-e1b8-7d66-8bdb-49b0a37339a4"
f82de555-8293-49bd-aa49-6e648d8eabbe,Urandi,"01a02d5a-e1b8-7d66-8bdc-0dd8e828c25b"
f627c751-8f14-451d-8b6a-3a408d130b25,Uruçuca,"01a02d5a-e1b8-7d66-8bdd-7e35602cadd5"
e5182a74-9a19-4756-8e57-c59f405a8915,Utinga,"01a02d5a-e1b9-7d67-8654-59eda5fc30e4"
"400776c6-be66-4820-9886-5355b30010a1",Valença,"01a02d5a-e1b9-7d67-8655-e09ebbb85234"
b1debdc0-6767-443b-8a32-f694eff1e6ba,Valente,"01a02d5a-e1b9-7d67-8656-1dce86acc29c"
"28d696ac-5527-493e-9550-087949580a1d",Várzea da Roça,"01a02d5a-e1b9-7d67-8657-b2a828c71309"
"9ea3473c-8db5-4326-be4e-34589d66e1da",Várzea do Poço,"01a02d5a-e1b9-7d67-8658-76f67ebf29f6"
ffb38f31-6e7e-4b1f-a5ef-5855eae5ae62,Várzea Nova,"01a02d5a-e1b9-7d67-8659-f1b6aaea68c5"
"02a55d36-ca35-45ad-a28d-7e561e34625e",Varzedo,"01a02d5a-e1b9-7d67-865a-7f1c31a31528"
a81705af-7352-4a0d-ab9f-9032f7a9442e,Vera Cruz,"01a02d5a-e1bb-758c-9f8b-a65981cc2214"
"46933518-3383-46ce-ac8e-dd8fa95696b7",Vereda,"01a02d5a-e1bb-758c-9f8c-bcdd409939b7"
da1a6dae-157c-4894-b7f2-2dd6ddb10a8e,Vitória da Conquista,"01a02d5a-e1bb-758c-9f8d-2d4ac67a2d3c"
ba09c022-34b1-4113-b8d6-d9a42780c345,Wagner,"01a02d5a-e1bb-758c-9f8e-0a13f0c238af"
"45d633dc-54f3-46c7-9aa3-52330ba2939f",Wanderley,"01a02d5a-e1bc-75b7-a058-87d153b8dd54"
de6ee7bf-e58a-4951-b716-f3b6fd0093df,Wenceslau Guimarães,"01a02d5a-e598-710a-bdea-6bbd560eed0f"
"633a8433-846d-4706-a62b-e034561fc126",Xique-Xique,"01a02d5a-e59b-7605-b575-fb3427b0c3b7"
"543e8a51-b8c4-46ee-b143-412af71a06e1",Abaiara,"01a02d5a-aae9-73df-9d9f-c0070107be55"
"70a08f8e-7289-4bfb-ab68-e1a533297504",Acarape,"01a02d5a-aae9-7dcd-9da0-119f7be145d3"
a878387f-9ec3-4ae9-b54c-3cd00f605eb1,Acaraú,"01a02d5a-aae9-7dcd-9da1-a66375ed7bf2"
deaae3a1-6438-4f4d-ba42-b0eba4fc57c1,Acopiara,"01a02d5a-aae9-7dcd-9da2-fbec834a4d2f"
"4ba599c1-fb3a-4b34-a242-1ca21013407e",Aiuaba,"01a02d5a-aaea-765a-a816-c0c84ae07d8b"
"3134e2bd-dea4-47a7-bc58-5f6e6aa28291",Alcântaras,"01a02d5a-aaea-765a-a817-e7ed45f2ee82"
"39da34ff-92f6-45bb-bb6b-e22359756452",Altaneira,"01a02d5a-aaea-7edf-a818-151dee991248"
caf82613-9ca2-4007-9a53-6af8dcce0aac,Alto Santo,"01a02d5a-aaea-7edf-a819-f2ab86d8e4b4"
ae700e3e-acd3-4184-ac8b-fae162a97e99,Amontada,"01a02d5a-aaea-7edf-a81a-61a9355b0f6d"
"2ff622aa-b8e8-42c2-9961-39b92daf4fbd",Antonina do Norte,"01a02d5a-aaeb-7784-823d-178a04c49c48"
"197a0af5-77f8-4f8c-97ce-554b610dc5d2",Apuiarés,"01a02d5a-aaeb-7784-823e-e3955141e302"
ae9a6ba4-8134-484b-a2bb-eb05cbd29b32,Aquiraz,"01a02d5a-aaeb-7784-823f-a19ab3e38a25"
"860a9400-919c-41c2-bfc6-685358021659",Aracati,"01a02d5a-aaec-7000-9624-ceb327c4d6b4"
"3b9cae5d-26ca-461f-bdf8-00d58f737c7f",Aracoiaba,"01a02d5a-aaec-7000-9625-3da40fbcd4b6"
"33c90536-b0b4-4e53-a9f4-b8557636b2dd",Ararendá,"01a02d5a-aaec-7000-9626-1bbdea6366b5"
"270f4b59-d78d-4c98-9bed-d7310551a3cd",Araripe,"01a02d5a-a6a7-71e8-aaeb-b4ac334c4893"
"8d9008bf-fdca-46bd-b618-b7384b22b195",Aratuba,"01a02d5a-aadb-749f-afa8-2996f832955f"
bfb84d9e-522d-4a39-be47-af42c910cc62,Arneiroz,"01a02d5a-aaec-7a0f-9627-49cf8ec3d457"
"677acc2b-5642-41c5-bb84-5fc789f22d4e",Assaré,"01a02d5a-aaec-7a0f-9628-a0d09dfff04e"
ee4ecd2f-1d48-458e-aa73-bb4eef0411bd,Aurora,"01a02d5a-aaec-7a0f-9629-501205b96d8c"
ed6cf172-46a6-4f63-a5fa-76939c801dc7,Baixio,"01a02d5a-aaec-7a0f-962a-958ce644c9b9"
"071af49a-7027-40bb-b7ac-d2761962bc69",Banabuiú,"01a02d5a-aaed-7273-8f31-d13add0c65ab"
"00f9d9ba-f318-485f-b3f9-b4441e28c8a5",Barbalha,"01a02d5a-aaed-7273-8f32-e03715f9eedd"
a5bb2900-efa2-40e1-8336-8b4376db009b,Barreira,"01a02d5a-aaed-7273-8f33-636be56d8977"
ed2a9e57-969c-4951-b776-bd0a40e9b1fb,Barro,"01a02d5a-aaed-7b36-8f34-4d87724e63e8"
"70c4ca2f-9ab4-4ca0-bcbb-81087434f787",Barroquinha,"01a02d5a-aaed-7b36-8f35-56d405248668"
"3081cb50-5e6a-4994-81bf-0d73fecec2a1",Baturité,"01a02d5a-aaed-7b36-8f36-4241a5a1b673"
"884f4eb2-1964-43eb-bad8-2286d057fb0f",Beberibe,"01a02d5a-aaee-73bd-889d-bbf18b33f6dc"
b6717328-3be1-4a36-948d-3fa4e161db24,Bela Cruz,"01a02d5a-aaee-73bd-889e-4ba6eced4b5e"
"98ee8325-273e-4a21-8b6e-07b98c79ce2f",Boa Viagem,"01a02d5a-aaee-73bd-889f-09fe957959c5"
"765b30a5-9426-4121-ac47-5e9adf7d7f3e",Brejo Santo,"01a02d5a-aaee-7c86-88a0-7587d2aac4eb"
c13573ed-b221-47cb-a9dc-06f643c3d01a,Camocim,"01a02d5a-aaee-7c86-88a1-92c841709efd"
"0285c793-fa15-44a5-9dbc-c6a23d2765ff",Campos Sales,"01a02d5a-aaee-7c86-88a2-cb1ffe2eccef"
"0ffb72ed-eb13-4fad-9294-3070a8a0402b",Canindé,"01a02d5a-aaee-7c86-88a3-7302165f1f56"
cee09e59-55c6-46c8-955c-1d62399756f4,Capistrano,"01a02d5a-aaef-754d-a8e6-424198fe0340"
b11d6323-7fe7-4f8e-9dc1-bd2764d46e9d,Caridade,"01a02d5a-aaef-754d-a8e7-48a254f031c3"
f37e8bfa-2254-453b-9291-801b4027d6d0,Cariré,"01a02d5a-aaef-754d-a8e8-616e73f38cbe"
"6a8af1fc-5dbb-4860-be0b-fa3795556de4",Caririaçu,"01a02d5a-aaef-754d-a8e9-95aaf84fb866"
"9a2dbf14-6146-458c-a59f-9eb41b0a4fac",Cariús,"01a02d5a-aaef-7e2d-a8ea-f4ed7e8349d0"
"08e65041-1f8a-452e-8864-426293ae910e",Carnaubal,"01a02d5a-aaef-7e2d-a8eb-c3c4cef792fc"
"364d20cf-963f-46a8-b8f9-4eb7d6fdb689",Cascavel,"01a02d5a-aaef-7e2d-a8ec-282bcdbb15c6"
a644df2b-4495-41b8-826c-5b9e2f6b4fad,Catarina,"01a02d5a-aaef-7e2d-a8ed-af2a613cc6d1"
"7195feb3-faa4-4739-b4d8-3115949bb976",Catunda,"01a02d5a-aaf0-76d3-8852-b7b8257247f8"
"1254ab7e-089f-4273-9760-5c5925b9e2e8",Caucaia,"01a02d5a-aaf0-76d3-8853-c29f84986e99"
fdfcc0f0-311e-4356-aff4-289b4f33e232,Cedro,"01a02d5a-aaf0-76d3-8854-fdbafb827060"
a8f6e396-d859-493a-ab9f-bf5ac5cb755e,Chaval,"01a02d5a-aaf0-76d3-8855-78cd561945fc"
"10bdef7a-ffe0-4e90-817d-37d56a77ecb3",Choró,"01a02d5a-aaf0-7f6f-8856-5f3683a646fa"
"95c949ec-8db0-4109-ba9c-4f06f536594e",Chorozinho,"01a02d5a-aaf0-7f6f-8857-38ee9dde8cd2"
"867ea869-59cd-46f6-90ab-bc535dc769a2",Coreaú,"01a02d5a-aaf0-7f6f-8858-eb43312a9a98"
e9053099-dc57-4680-916d-185710ca6ed3,Crateús,"01a02d5a-aaf0-7f6f-8859-28edd242eac3"
"3381f836-9bbf-4352-a25f-90849f83b39c",Crato,"01a02d5a-af05-78d0-bb04-3fc93c89208b"
"49f0ccd4-0a30-4920-92fd-770c9e33b674",Croatá,"01a02d5a-af09-7645-bc54-2cfe99c6bab4"
"84fb889c-27cc-47c8-b08f-1391c789e7f9",Cruz,"01a02d5a-af09-7645-bc55-987972dd4868"
"5fc602c1-0f09-4955-8ef4-b6891badaf03",Deputado Irapuan Pinheiro,"01a02d5a-af09-7ef9-bc56-9aebdcf380ca"
"70c22f39-fbde-45a8-bbec-cd37a162fba7",Ererê,"01a02d5a-af09-7ef9-bc57-ede6e050d7a7"
b22a28ae-e2a9-4719-ab68-1ddee4fceab5,Eusébio,"01a02d5a-af09-7ef9-bc58-90721c7935f7"
"7b1d8261-72be-48e8-8cb2-2644f8ad9e0c",Farias Brito,"01a02d5a-af09-7ef9-bc59-6a7638bf590d"
"56970b0a-8754-491b-8c82-3d779bc519bf",Forquilha,"01a02d5a-af0a-77c5-b171-f479c4adbab0"
c40c33f4-1a7e-4d8c-86c4-477a1449602f,Fortaleza,"01a02d5a-af0a-77c5-b172-b4f4e360a602"
bac98fbe-6cc2-401f-a005-54b54b3e2269,Fortim,"01a02d5a-af0a-77c5-b173-31518e39f488"
"27ad6850-1289-4140-a94e-552f25b60d81",Frecheirinha,"01a02d5a-af0b-7078-93d8-26581849e3ee"
"8d5fa72b-1559-4bcd-af53-7396db9b6c01",General Sampaio,"01a02d5a-af0b-7078-93d9-183395a384ec"
"2d9778e9-3b7c-4805-bef9-9b62050cef23",Graça,"01a02d5a-af0b-7917-93da-73886541cff0"
"11c48d3b-0a37-4aa7-878c-7664f22b0227",Granja,"01a02d5a-af0b-7917-93db-d96b8d2ecc1f"
ba45e807-22db-4ffc-902a-df1b6782d6d4,Granjeiro,"01a02d5a-af0c-7190-95cd-9d7ffe4f9ecc"
"4f3acf77-ac59-4b15-8360-6c2199442b8b",Groairas,"01a02d5a-af0c-7190-95ce-2c8a841ef78a"
"55c354b0-afb1-44b1-b2fc-258da250f2db",Guaiúba,"01a02d5a-af0c-7190-95cf-53c1cab54779"
"60810660-46c3-4355-a997-8a24397e3303",Guaraciaba do Norte,"01a02d5a-af0c-7a11-95d0-e55d064e7906"
f24ca688-8435-4742-9fca-469848d0bf97,Guaramiranga,"01a02d5a-af0c-7a11-95d1-8ac931339d15"
"34767718-a5fc-402d-851b-be824de8c528",Hidrolândia,"01a02d5a-af0d-72e0-a82d-f8bf2d245e5a"
f52bef48-5fc7-484c-9531-aaccc3fb83ad,Horizonte,"01a02d5a-af0d-72e0-a82e-13439b8e41b2"
"39ecf525-e8be-477a-b363-291695c11d35",Ibaretama,"01a02d5a-af0d-72e0-a82f-a71532b35fb1"
f4a3c8cc-7d85-41bd-b714-cbaefc126365,Ibiapina,"01a02d5a-af0d-7b8c-a830-86b802bc1e23"
d836dc33-c40f-4562-8c08-6a8e65a080f5,Ibicuitinga,"01a02d5a-af0d-7b8c-a831-e981640eeb26"
b3a24e15-45e0-4dad-a22a-b4b76958d261,Icapuí,"01a02d5a-af0e-7426-9cef-8557cb192f7d"
"683836fe-e7f3-4fe3-a670-4aea0890cf3c",Icó,"01a02d5a-af0e-7426-9cf0-178c4a91ff30"
da7042c9-0cac-483f-becc-073800ada6df,Iguatu,"01a02d5a-af0e-7cbd-9cf1-ff962dd1d972"
"78ec9a51-9f26-4448-bc54-2393867b763f",Independência,"01a02d5a-af0e-7cbd-9cf2-e54516d1b570"
b472bbe1-cef0-484d-91b3-d97d5fb45a70,Ipaporanga,"01a02d5a-af0e-7cbd-9cf3-5baef09104cb"
"8ddd6cfa-c248-44dd-a1be-cee51fd2752a",Ipaumirim,"01a02d5a-af0f-7559-8312-7ba832c3cc2c"
"448aefe9-a296-4d27-996c-2d480cdfe51f",Ipu,"01a02d5a-af0f-7559-8313-ef1aaf880b64"
be420e00-49b4-4cac-a681-b48760c54c25,Ipueiras,"01a02d5a-af0f-7559-8314-d79a214b9e8a"
cec682e5-d53b-4723-b086-fae20ed7af11,Iracema,"01a02d5a-af0f-7df4-8315-6c27350bd510"
"49982872-7207-42c9-9520-ec60a5b6aeed",Irauçuba,"01a02d5a-af0f-7df4-8316-473dac762662"
"71451c23-ddcb-4151-a3a5-bdd2e911a5d6",Itaiçaba,"01a02d5a-af0f-7df4-8317-8ad6f4c37dd9"
efd6bd5b-65b3-4e10-8283-9eb0d950f27f,Itaitinga,"01a02d5a-af10-76a0-82f7-7b00d5cc0770"
"4152619a-6b70-44af-8bd0-c35738d48751",Itapajé,"01a02d5a-af10-76a0-82f8-113275c47ce4"
bf0ac4ed-f516-449d-934e-9737ac95ad11,Itapipoca,"01a02d5a-af10-76a0-82f9-58f5fd60c75c"
"6b6c34a8-1c54-4027-a6f4-7e9eda7f0f60",Itapiúna,"01a02d5a-af10-76a0-82fa-242d62856b92"
e0243e1b-c4fd-40b6-b156-138519b9d744,Itarema,"01a02d5a-af11-76d6-81ab-7b8aaf44d162"
"162c8e09-43b0-49c8-85b4-44e7cca960db",Itatira,"01a02d5a-af11-76d6-81ac-35d940a0f2fd"
d1a72759-7603-401f-b472-70fff8f85ab5,Jaguaretama,"01a02d5a-af11-7f9d-81ad-9f5df9548345"
a080dbfc-2d33-464d-b1d0-2c045ca32629,Jaguaribara,"01a02d5a-af11-7f9d-81ae-639fd5db6620"
"51df7f71-1037-4012-bd89-e31a60057488",Jaguaribe,"01a02d5a-af11-7f9d-81af-4d55d892aaff"
cfd3ff26-77e2-436e-9317-001a7350e0e1,Jaguaruana,"01a02d5a-af12-7856-871c-33bd348645e2"
df20a53c-99e7-4edd-8803-b49beb751853,Jardim,"01a02d5a-af12-7856-871d-baee389c75da"
ba864f38-77e0-4220-92b5-c84ca5dba608,Jati,"01a02d5a-af13-711b-a309-cfaeecac455c"
"91745bef-a276-48c1-9d4a-0d9e02869fc6",Jijoca de Jericoacoara,"01a02d5a-af13-711b-a30a-bb33f00a25a8"
"5d5511fd-102a-43ad-85b2-7104557a56d7",Juazeiro do Norte,"01a02d5a-af13-711b-a30b-560ff1e86d1b"
b601180b-2f4d-4a91-9a27-e012cbc96dec,Jucás,"01a02d5a-af13-79b6-a30c-6a6a9174e7b4"
a8789cda-ea4e-432f-a8f3-0ae305971017,Lavras da Mangabeira,"01a02d5a-af13-79b6-a30d-7c8a9c8a832f"
"4299d177-16e6-4bcc-b60a-96908f703796",Limoeiro do Norte,"01a02d5a-af13-79b6-a30e-e29b3e9e5ab0"
e4ab4088-d60f-4560-84b4-b48c9053782b,Madalena,"01a02d5a-af14-725c-849c-67736d96114f"
"367be91c-029c-4703-b566-6486b71036c4",Maracanaú,"01a02d5a-af14-725c-849d-666e15e82e2d"
bd3a551e-3df5-4c41-81e3-7ca4275f1b18,Maranguape,"01a02d5a-af14-725c-849e-37ac0051f408"
"67ca4b01-e971-4a48-9d1a-385f02e81c72",Marco,"01a02d5a-af14-7afd-849f-27d0ce2a889f"
ebca603e-cfc6-4a52-a4bf-b40ccfc1e34f,Martinópole,"01a02d5a-af14-7afd-84a0-404c6309871a"
"0d3282a5-c37a-44ce-a075-5ca0ce48824f",Massapê,"01a02d5a-af14-7afd-84a1-312e4ae65867"
c6228b20-e9bc-41b5-97b3-795e66398058,Mauriti,"01a02d5a-af15-739c-a646-63d803f2603a"
"58ecf03f-44ca-435f-9275-6fdb6c6256df",Meruoca,"01a02d5a-af15-739c-a647-d3113cfbc9db"
fe57f8a0-be6c-47b7-9f4c-622d02286853,Milagres,"01a02d5a-af15-739c-a648-2c5da5e23d90"
"9b841cb0-ed3a-4b46-aab2-607b90cdf495",Milhã,"01a02d5a-af15-7c36-a649-421e1b68d3fe"
ad42c550-a897-46c5-99ce-9af702c52112,Miraíma,"01a02d5a-af15-7c36-a64a-b8a03d0188ba"
"98ebc55c-8bc5-4b66-909f-bdbb462f6c20",Missão Velha,"01a02d5a-af15-7c36-a64b-62967488392a"
"2d973446-512b-46b3-a9f9-ed91bdee7d57",Mombaça,"01a02d5a-af16-74df-a00e-ce8dd671777f"
"5da92290-6c85-4dbb-a7ce-7792d84ff075",Monsenhor Tabosa,"01a02d5a-af16-74df-a00f-4d867d7aad80"
"30074f3c-9914-4e34-afb1-f6cc38475cde",Morada Nova,"01a02d5a-af16-74df-a010-8e43527e544c"
"9c2613e6-8d5f-4ab1-83a5-09d2a960951a",Moraújo,"01a02d5a-af16-74df-a011-cd63f1debd0a"
"7ed8ff88-0910-46b7-b1b3-e8ae4bffed15",Morrinhos,"01a02d5a-af16-7d81-a012-ec96da74589e"
"941966f8-02a5-423c-b42c-d6c0ae2ee086",Mucambo,"01a02d5a-af16-7d81-a013-1256c2cc941d"
c5a31766-e06c-40aa-9972-2ea325382464,Mulungu,"01a02d5a-af16-7d81-a014-53039a05f85e"
"3b6a806b-3d17-476f-9e02-fb0b10f79fef",Nova Olinda,"01a02d5a-af17-7628-9ca7-2d048e927053"
"2621e683-8a7d-41a7-b426-6f81fbc634d8",Nova Russas,"01a02d5a-af17-7628-9ca8-65b9a2dddd8f"
ca0707b6-5ac9-4d29-a6bf-b22078b28702,Novo Oriente,"01a02d5a-af17-7628-9ca9-6037163cb3ff"
"245729e6-978e-446f-b916-82b5ad987da1",Ocara,"01a02d5a-af18-7027-b53e-51ffb1e66042"
c452d7fb-13be-496b-aac8-286775a9333b,Orós,"01a02d5a-af18-7027-b53f-dc029c4c8058"
"8e9f9fbe-cacd-416c-bda3-cc659f8c05a6",Pacajus,"01a02d5a-af18-7845-b540-6002a10285a1"
"0eac4fb0-8261-40d3-a745-5de77d8153a5",Pacatuba,"01a02d5a-af18-7845-b541-46ef627f6a4d"
"02a86fdd-0be6-40ba-ab85-3f546ccde2cc",Pacoti,"01a02d5a-af19-7175-a06d-ca397b8b8b74"
"1cf3908d-7f48-4248-9449-aade1d477c0e",Pacujá,"01a02d5a-af19-7175-a06e-94cd8545a3ff"
"28e98aa4-963c-403c-810b-31d63330b7f4",Palhano,"01a02d5a-af19-7175-a06f-9ee3e6fb2393"
"59f2c659-4f45-44c7-8600-0fe81bde5af9",Palmácia,"01a02d5a-af19-7a54-a070-e4ca3b7516ec"
c977f857-68cf-40f5-a50d-4dda475c4e3e,Paracuru,"01a02d5a-af19-7a54-a071-fdc105a4e36b"
"26cbf65b-c281-425d-a538-4552458f2389",Paraipaba,"01a02d5a-af19-7a54-a072-de577b55a9db"
"0a61550c-9d70-48ea-9754-26286cb23245",Parambu,"01a02d5a-af1a-7331-b3e4-ff7fcec16481"
b750e595-13e5-40cd-bcfe-03be3abae3ca,Paramoti,"01a02d5a-af1a-7331-b3e5-2ae16a49973f"
"45efdaaa-56e6-42da-b704-22a0816f2769",Pedra Branca,"01a02d5a-af1a-7331-b3e6-f69a31c90539"
"1dd8ad49-85f0-44f3-97dc-d902a2eed637",Penaforte,"01a02d5a-af1a-7bf8-b3e7-6c897dcd4a5e"
"07a33a9e-277d-453c-9004-a45b00cd46b4",Pentecoste,"01a02d5a-af1a-7bf8-b3e8-acbb16c8dbc8"
"1f99d30c-f7f1-4bdf-af4d-e6b7a39f1fbf",Pereiro,"01a02d5a-af1a-7bf8-b3e9-67f60d13cbcb"
"0112cec3-ec9e-4fb8-b8e2-7f59ef8dd791",Pindoretama,"01a02d5a-af1a-7bf8-b3ea-89674a568541"
b4763709-ea3e-44f0-97e6-dbffeb0097d6,Piquet Carneiro,"01a02d5a-af1b-744f-930a-09474fc33602"
"38dc5c20-9aec-4230-a560-28b136d82bad",Pires Ferreira,"01a02d5a-af1b-744f-930b-88d6687122e5"
"18918d85-b629-464e-987f-273e496cd6d2",Poranga,"01a02d5a-af1b-744f-930c-89d64f410d33"
c63a1073-21a0-42a3-8f3d-96da187a637b,Porteiras,"01a02d5a-af1b-744f-930d-c4bd692ccb6f"
"91bfa609-be1e-413b-94ae-267c7c4de6e2",Potengi,"01a02d5a-af1b-7d5c-930e-1e8503397b0d"
f57ad1e0-b9d2-4961-b082-81b66f9a491b,Potiretama,"01a02d5a-af1b-7d5c-930f-fd07a47e8d7a"
"370566f3-5184-454d-a090-5ceb191d058d",Quiterianópolis,"01a02d5a-af1b-7d5c-9310-5418d3a60fe3"
"13b66654-8767-45c3-a6fd-5e25a71d8f14",Quixadá,"01a02d5a-af1b-7d5c-9311-8ad8a67a4376"
"8adbc31c-253e-476d-8ec9-b14b3ff92383",Quixelô,"01a02d5a-af1c-7624-a9a9-edaaf158fa38"
"53aff432-b74c-45b0-82d5-6b1af98704d5",Quixeramobim,"01a02d5a-b38d-70d0-ab03-077ca4386071"
f397f704-5eee-4cbf-a127-0488ce60f641,Quixeré,"01a02d5a-b390-7e29-a8aa-1747513de034"
c23c06e2-e2bc-479f-bd5b-3a161d6fe575,Redenção,"01a02d5a-b391-7701-bc02-3bbc55c62308"
"9ee2e0eb-12ec-44de-b8e5-ba418c9c421a",Reriutaba,"01a02d5a-b391-7701-bc03-f7beba461f48"
"85613213-3599-4e8c-9de3-81e434d89412",Russas,"01a02d5a-b391-7701-bc04-ae32cc065f0c"
"4de86e1e-004b-41de-843f-af9ab8816d85",Saboeiro,"01a02d5a-b391-7701-bc05-c8a9f21227e1"
f6d4c5a4-4b2c-4d7d-b4ef-6ade6806eb56,Salitre,"01a02d5a-b391-7fc5-bc06-faadf71dc02f"
"22ea2fd5-71e7-4fb9-85fd-d36cd8a33ab1",Santana do Acaraú,"01a02d5a-b391-7fc5-bc08-a77932ca1916"
"928151d4-9e4d-48b3-b1d9-805efb5bd31b",Santana do Cariri,"01a02d5a-b392-789e-b7e4-7d07e1cec7dd"
ce07e4ed-2c4b-4cf7-a2d9-4f397cc60c90,Santa Quitéria,"01a02d5a-b391-7fc5-bc07-4053edb5faeb"
fcbd007f-e396-4470-930e-7c6facdc6c4f,São Benedito,"01a02d5a-b392-789e-b7e5-f48c0b5a4407"
cab692c4-2dc5-4616-a6fb-7e595c48caa3,São Gonçalo do Amarante,"01a02d5a-b393-7161-84f8-8702b1159954"
"6ad34646-d1ba-47a5-ae26-53d75a4697da",São João do Jaguaribe,"01a02d5a-b393-7161-84f9-a6bfc00ffedf"
"6afc9cc8-4e6a-4191-970a-b17fadea2078",São Luís do Curu,"01a02d5a-b393-7a2a-84fa-3bd48a6ec093"
"040f854c-f860-4815-b8a1-0099822cfb54",Senador Pompeu,"01a02d5a-b393-7a2a-84fb-024d1cd68989"
"1bacc9bd-4fc6-40f4-bee6-c378327335bf",Senador Sá,"01a02d5a-b393-7a2a-84fc-54809bd99468"
"290b3913-fb13-4c79-adb0-27b28dfbade6",Sobral,"01a02d5a-b393-7a2a-84fd-2d14b753c1de"
"9b22958d-b281-4f6d-827a-ed6a5ac5492b",Solonópole,"01a02d5a-b394-745d-8814-b1f2b64b4feb"
f54ff565-ca43-4011-ae23-231eea4ab125,Tabuleiro do Norte,"01a02d5a-b394-745d-8815-8d84ea10cadf"
"31c8e34b-a91c-4e16-913a-f48f5b0c4014",Tamboril,"01a02d5a-b394-745d-8816-4ce2eb0f94b6"
"238f742a-8a91-42b1-8622-5f1c34064013",Tarrafas,"01a02d5a-b394-7d3b-8817-aeeaa5d352c9"
"87b585d5-b472-400b-b730-eb5f49a36f29",Tauá,"01a02d5a-b394-7d3b-8818-3080dce1e598"
"189940db-9310-466d-90f0-e98284b0694e",Tejuçuoca,"01a02d5a-b394-7d3b-8819-d9c765bf2372"
bfbdf2e5-cba6-451d-a6e0-243e0077d145,Tianguá,"01a02d5a-b394-7d3b-881a-b436109e548a"
cb3c7a3c-f024-4354-9b45-b5b66c592d1e,Trairi,"01a02d5a-b395-7600-971a-abd14ee8955e"
a5276011-dbae-4517-ac77-4ca37e15116e,Tururu,"01a02d5a-b395-7600-971b-f8acac462381"
"50580c39-f410-4efb-be12-54ec387261bc",Ubajara,"01a02d5a-b395-7600-971c-cefa68a8232e"
"1186dba3-0dcd-48ef-99db-c486ed8c0032",Umari,"01a02d5a-b395-7ebc-971d-97b5744bb631"
"2d5187a0-9c55-4bb2-86b8-25a796a60934",Umirim,"01a02d5a-b395-7ebc-971e-910d5d1dd066"
f9493afb-6a3a-44c9-9e3f-c3517f57b4be,Uruburetama,"01a02d5a-b395-7ebc-971f-cffc296d1522"
"0221ade9-4362-489c-84ea-e07c38ff1703",Uruoca,"01a02d5a-b396-7779-8c6c-a4213990054c"
b2dffd5a-fb4f-4a39-9c2b-c804c11f9836,Varjota,"01a02d5a-b396-7779-8c6d-3703e11545eb"
fa361833-2940-4f1f-a06c-58aa4e6c59f8,Várzea Alegre,"01a02d5a-b396-7779-8c6e-e3889fdb744b"
f659a6c7-4c89-4c28-bd85-ee40cdf7c7f2,Viçosa do Ceará,"01a02d5a-b397-707a-ba4f-bfdbe747c0df"
"41d64e69-e89a-42f7-8b7d-c2e2c9128080",Brasília,"01a02d5b-6bc0-77ca-b2e1-e97a37f33a74"
c1ad97c5-1c80-4758-8b84-c4d9a1c5d98f,Afonso Cláudio,"01a02d5b-0612-7dac-9ad7-73b522da2564"
c50c8a69-15dd-487f-967f-7dc762d3a68b,Água Doce do Norte,"01a02d5b-0616-7323-b924-61d81dcc9377"
"8cebf49c-233f-4b05-8eb1-04179ef6575f",Águia Branca,"01a02d5b-0616-7d16-b925-c986befd94d3"
"6e873b2f-03c7-4f23-8bb7-cb0e3b366132",Alegre,"01a02d5b-0616-7d16-b926-6da13169ebd0"
"54dc5c26-b399-4000-8f7e-fbd99cb3cf81",Alfredo Chaves,"01a02d5b-0616-7d16-b927-f5db37365267"
"4e39ecfb-8318-46dd-a631-d4989a0430bf",Alto Rio Novo,"01a02d5b-0617-75eb-ac48-41539c8d9170"
"0f4950a8-103f-4371-8a79-e35f6ebd8f8d",Anchieta,"01a02d5b-0617-75eb-ac49-a2440f26400c"
"5e790e05-2367-455f-862d-2909c1b545fb",Apiacá,"01a02d5b-0617-75eb-ac4a-5b1985c05013"
"9929356f-3601-47d6-be31-6dac6c834fc6",Aracruz,"01a02d5b-0617-75eb-ac4b-6b4916335593"
"3ca38594-27fb-4122-aba1-844a71f77e39",Atílio Vivácqua,"01a02d5b-0617-7f0b-ac4c-1a789e15f7e1"
b6549b5c-66f4-4b48-8362-feeb9a876f4d,Baixo Guandu,"01a02d5b-0617-7f0b-ac4d-439f60ac92c9"
"2840b980-55d6-4818-90c3-4fd23822b7c5",Barra de São Francisco,"01a02d5b-0617-7f0b-ac4e-7f1d6c4e4e7b"
bc695e2e-3af6-40aa-a39a-f9525bb0ad5b,Boa Esperança,"01a02d5b-0617-7f0b-ac4f-acc4fde7dd74"
"26859ebc-c2d8-4758-adcc-b7543559458d",Bom Jesus do Norte,"01a02d5b-0618-77fc-ad56-6b6a9039ac96"
"9f1610a8-4cce-41bb-a6c4-ee4ce7d08146",Brejetuba,"01a02d5a-7ff5-763d-80cd-a91710349b1b"
"47e4f7c5-972b-4864-9baa-7cd4811ed51e",Cachoeiro de Itapemirim,"01a02d5b-0618-77fc-ad57-61df3a696d90"
"5130be37-53cb-4c63-a574-b2eef8348c23",Cariacica,"01a02d5b-0618-77fc-ad58-12d6e550d3a8"
"421d489e-2ed5-4247-8f69-0c23a7175821",Castelo,"01a02d5b-0618-77fc-ad59-60b2a7542a1c"
a71b3b67-5032-40c9-8ce3-fe9d13ef39a3,Colatina,"01a02d5b-0618-77fc-ad5a-438b60ae07b1"
f486bdf9-8b5b-4acc-ab63-4f9172a98af0,Conceição da Barra,"01a02d5b-0619-70bf-a49a-5be9aebc41a2"
"452bc6ef-c27f-40f9-a169-ae1b00363052",Conceição do Castelo,"01a02d5b-0619-70bf-a49b-bcc2902168e5"
"9d015c07-cca0-4454-891c-ff145d14bd4d",Divino de São Lourenço,"01a02d5b-0619-70bf-a49c-b3c685042ef2"
ed4d80f8-e513-4736-84a7-2abafd6131aa,Domingos Martins,"01a02d5b-0619-70bf-a49d-975b5d203a7f"
d475710b-0e36-4106-8eda-61931e167e66,Dores do Rio Preto,"01a02d5b-0619-799b-a49e-09eb02c0f7a8"
"544e75d7-6456-43db-bb18-1e590f615090",Ecoporanga,"01a02d5b-0619-799b-a49f-b797bde3ea70"
f9b616fa-699a-4b7e-a22e-d6f7f6c8882f,Fundão,"01a02d5b-0619-799b-a4a0-7a9dc26962b3"
"9e80e2be-5ea0-4a5d-97ea-d02ab2a620af",Governador Lindenberg,"01a02d5b-0619-799b-a4a1-6ed9fd68c411"
edebcf50-c36c-4b18-b136-6a9cab0f0670,Guaçuí,"01a02d5b-0619-799b-a4a2-362d22320ec5"
a07d09c4-a3c4-4854-9b97-cb9691e9e04b,Guarapari,"01a02d5b-061a-727e-a8d1-83e93284c5da"
"18ba7cbe-e9be-4c4c-9c27-c98eb8735a64",Ibatiba,"01a02d5b-061a-727e-a8d2-e20b4b5fb248"
"921108c1-7488-4000-b5f0-d3f248171096",Ibiraçu,"01a02d5b-061a-727e-a8d3-ec510574e9bf"
a60d977d-7080-4175-af79-1fe49519616a,Ibitirama,"01a02d5b-061a-727e-a8d4-e1026931c24c"
"60344c0e-72d7-48ea-94fb-937e854118ca",Iconha,"01a02d5b-061a-7b42-a8d5-b2abc3c2ff21"
f22e777e-f597-472c-a8f1-c4f8804730c7,Irupi,"01a02d5b-061a-7b42-a8d6-61b296f3de02"
"36a91360-b575-417c-a7bc-744d4107c101",Itaguaçu,"01a02d5b-061a-7b42-a8d7-11852f6fd821"
"52248fff-7008-4f59-8224-31f18d90a0c5",Itapemirim,"01a02d5b-061a-7b42-a8d8-5599e19ef0e6"
"035c3ecb-932e-4445-bca5-ac408cc1a5a2",Itarana,"01a02d5b-061b-74d7-9c4d-fccafba9b62c"
"3d5cc98a-fa79-4657-b40d-dadf598fcfad",Iúna,"01a02d5b-061b-74d7-9c4e-150f07b0c01f"
"3b4a235f-0cf0-4e77-b9ae-26dff33d9ded",Jaguaré,"01a02d5b-061b-74d7-9c4f-f0f60131d2cf"
"4e9d8618-e159-43c3-8378-1a96b361e344",Jerônimo Monteiro,"01a02d5b-061b-74d7-9c50-5a0ddbd10520"
fbfb233b-bc4d-4075-ab22-0bc3ef9ab8d3,João Neiva,"01a02d5b-061b-7d9c-9c51-48acc897eb53"
e1639ed8-4ff3-4440-acba-e81cfba23845,Laranja da Terra,"01a02d5b-061b-7d9c-9c52-a5b71a1781a4"
b795cc12-b3f6-4b0f-b8fc-2144c6329d26,Linhares,"01a02d5b-061b-7d9c-9c53-9e06d56eeb2f"
"27d8949e-23d7-416a-beb6-04b7ea9869a4",Mantenópolis,"01a02d5b-061c-765b-96cf-d29eacab5899"
"1263117c-e255-43f6-8a06-91e5ff6e6db6",Marataízes,"01a02d5b-061c-765b-96d0-5bb9f9258315"
"06bc2437-f2c8-4611-9375-987d00339f09",Marechal Floriano,"01a02d5b-09fb-7a8e-8192-b903a10e39c3"
"7c258d8d-42df-4846-8761-43a2db7f020a",Marilândia,"01a02d5b-09ff-7063-8188-2b1abdadcecc"
e074943f-2cd5-4e1e-b64d-4f9cab80eae7,Mimoso do Sul,"01a02d5b-09ff-792a-8189-3dc487357914"
dbdfd20f-d2d9-4361-9298-8bb558459734,Montanha,"01a02d5b-09ff-792a-818a-3b2041c4dee0"
"397f902c-fe97-4b15-9906-1d3f2765c269",Mucurici,"01a02d5b-09ff-792a-818b-895df1a6b740"
"07b7464f-a3e7-4355-b176-101d655c10d0",Muniz Freire,"01a02d5b-0a00-71c7-838d-ed5ebae115ef"
f5e8c4dd-285d-43cb-9bcd-033c395668a2,Muqui,"01a02d5b-0a00-71c7-838e-ea07b8f72069"
c88f207a-80f7-4328-a0bc-35986a1e9ab8,Nova Venécia,"01a02d5b-0a00-7a57-838f-51fa1a0a99f4"
"0d094599-4c68-4909-96aa-6073df63af43",Pancas,"01a02d5b-0a00-7a57-8390-2a21e1be4d59"
c9c70005-7b5c-44e8-ae85-ddfaf5ae0c2b,Pedro Canário,"01a02d5b-0a01-72e9-a32c-3a5b79910d1a"
"3b52fef5-5b08-47b5-a2ab-b9cdb473a16a",Pinheiros,"01a02d5b-0a01-72e9-a32d-9046474d22ec"
c2c071b4-0771-4ebb-9cca-df011603c42c,Piúma,"01a02d5b-0a01-72e9-a32e-71bd0eed960b"
"9318039e-17bb-46bf-a801-0d805d0ba76e",Ponto Belo,"01a02d5b-0a01-7b7b-a32f-ac4249b38e31"
"90979229-9354-4102-a240-640aa702b33d",Presidente Kennedy,"01a02d5b-0a01-7b7b-a330-815891f3ccf4"
c4f35c18-70f6-42f4-a4ee-10637bf3fc62,Rio Bananal,"01a02d5b-0a02-7406-9118-9a318fa6a136"
"793df4be-80a4-4288-b80f-86abe1c24dad",Rio Novo do Sul,"01a02d5b-0a02-7406-9119-b49d17c5eb59"
e79c59a5-9f49-4791-a915-b5822f68491b,Santa Leopoldina,"01a02d5b-0a02-7c81-911a-2ddb25b140de"
a9d90d6c-5805-47ac-9766-b5499b6267ee,Santa Maria de Jetibá,"01a02d5b-0a02-7c81-911b-95d65ac07b9e"
feef8f2b-d6b2-49ea-a75a-7202e22e953f,Santa Teresa,"01a02d5b-0a02-7c81-911c-248ccb8f17e2"
f41ee8fa-abb7-4cf9-85bb-34319603f3ed,São Domingos do Norte,"01a02d5b-0a03-757a-8645-e87549b82c0b"
f24e835e-5ff9-451f-b86d-300b95237268,São Gabriel da Palha,"01a02d5b-0a03-757a-8646-c9266ac2d9b8"
"22147e12-437c-4f77-88ef-ddb71111933e",São José do Calçado,"01a02d5b-0a03-7e5b-8647-72c09a1fe749"
"9be2ceae-4330-448e-b8de-184a65eef346",São Mateus,"01a02d5b-0a03-7e5b-8648-6f2979678f86"
"3caf9727-8172-45ee-b37e-49599f0f097e",São Roque do Canaã,"01a02d5b-0a04-7733-814b-b560ef9a017b"
"2073b4a9-5a44-4d05-bb66-bd9cddc5cbba",Serra,"01a02d5b-0a04-7733-814c-763a3d2acb32"
"23a378ef-8a88-4279-9492-db9b188a9190",Sooretama,"01a02d5b-0a04-7fbe-814d-138372ad5b3c"
cce64d58-4033-4e53-80e1-d4d7871272ea,Vargem Alta,"01a02d5b-0a04-7fbe-814e-8134cf10d178"
"0c03c758-be1a-4120-82c7-542d8bdaa565",Venda Nova do Imigrante,"01a02d5b-0a04-7fbe-814f-6e2a1be07985"
e91ab3c2-dfab-4f58-bd7f-553debb034a5,Viana,"01a02d5b-0a05-784c-af1a-362e14828df8"
"5dc05a54-0760-4c5a-87b3-83c2994bdb81",Vila Pavão,"01a02d5b-0a05-784c-af1b-a6961182098d"
f7cafa44-7127-4ec2-973f-93f4f64ca4fa,Vila Valério,"01a02d5b-0a06-70d7-9880-bf7736e15228"
"56aae6ac-b931-4214-b82a-79529add1f36",Vila Velha,"01a02d5b-0a06-70d7-9881-e1fcaa1d8a0b"
b21e0760-7f09-4fd3-8b0d-9c6f54d829da,Vitória,"01a02d5b-0a06-70d7-9882-5b262ffe0b5a"
e23fea5b-0a19-47f5-b0ed-274afb74c3f6,Abadia de Goiás,"01a02d5b-62d2-7d92-934a-d7c702c34d95"
"1e9304e4-4ec0-4d0d-8551-8f3db8f93063",Abadiânia,"01a02d5b-62d6-71be-bf4c-55293b3448a0"
c49fe4a8-9e3d-43c0-b552-a5e365d56b96,Acreúna,"01a02d5b-62d6-7a8a-bf4d-68c293f53a34"
"7552e3a6-d5e6-43f0-9afc-12674a7a56f1",Adelândia,"01a02d5b-62d6-7a8a-bf4e-90f3614c9d6c"
e4c6ec3f-99f7-478e-b0a5-ffbc46de6731,Água Fria de Goiás,"01a02d5b-62d7-734f-a9ab-9fbc6667dc2a"
fc366ed7-ff37-4a49-80ec-6d50ef01b706,Água Limpa,"01a02d5b-62d7-734f-a9ac-58d66248a277"
ffd2c572-9851-4d91-bb5e-c419358fbe8a,Águas Lindas de Goiás,"01a02d5b-62d7-7c6e-a9ad-2cc42fdefec3"
"86c5e0cc-984c-47ec-9dda-7468ba164d7a",Alexânia,"01a02d5b-62d7-7c6e-a9ae-9d934e2daa49"
e630c91f-2801-4ace-bbaa-faf56767f70a,Aloândia,"01a02d5b-62d8-752d-90d1-03c33794e045"
f4950247-c7ee-4de2-a833-076df6245d2a,Alto Horizonte,"01a02d5b-62d8-752d-90d2-70ba41e5f69c"
"1baa42b3-bbe5-4ebf-9741-4e52f7af863b",Alto Paraíso de Goiás,"01a02d5b-62d8-752d-90d3-bd54feec9a89"
a130afca-c370-4128-8c8e-2713384e5a68,Alvorada do Norte,"01a02d5b-62d8-7e05-90d4-feb5244828a1"
af44b7f6-23c7-48c6-84f4-5a49c87e2ddb,Amaralina,"01a02d5b-62d8-7e05-90d5-9c5a7b1664ba"
"67bac086-09f3-48bf-8e17-d05f0ecb95bb",Americano do Brasil,"01a02d5b-62d9-76da-8a96-3f4a9c03f32f"
c144481b-d55c-4545-89f2-b9ccfa57a536,Amorinópolis,"01a02d5b-62d9-76da-8a97-e4389efb9667"
f5317ed3-631b-4ac5-8ea4-835abf82a96d,Anápolis,"01a02d5b-62d9-7fb1-8a98-21cf02982e67"
"0a667850-3ed8-4e43-9e68-9fe00c3ebed3",Anhangüera,"01a02d5b-62d9-7fb1-8a99-3f289fc0da1a"
ce1c9024-8705-4d73-b34a-307528cc4522,Anicuns,"01a02d5b-62da-78c6-8484-4bae47cae8fb"
"83144263-d9a0-4d3a-81be-b648752dae11",Aparecida de Goiânia,"01a02d5b-62da-78c6-8485-ead71a966db7"
acfcc0e7-050d-4821-8080-05765e350b95,Aparecida do Rio Doce,"01a02d5b-62da-78c6-8486-ec99fa31e76a"
"13ae8793-63d0-46f6-b485-368ad29d917f",Aporé,"01a02d5b-62db-71de-b27b-96ff09c9ae3b"
f8b8367e-38fa-44d2-8cd8-c573bfdddb5d,Araçu,"01a02d5b-62db-71de-b27c-b35f012b4972"
adf52b32-5e6d-4b39-977b-c5a388a798dd,Aragarças,"01a02d5b-6762-7d56-b2c8-2abdcfcf48fb"
c245bd67-09ac-4ad6-84b0-02e782ff5ef8,Aragoiânia,"01a02d5b-6765-78a3-8a7f-9756141480b4"
d25fc393-28cf-44ab-9687-298cb7c2278b,Araguapaz,"01a02d5b-6766-716d-8641-25e617af69a9"
f107adec-7a8d-495d-a11f-f6681f4a54bb,Arenópolis,"01a02d5b-6766-716d-8642-6d80a8e24097"
"2bb14c3a-a00b-40e1-9ea0-272a2e55b4d8",Aruanã,"01a02d5b-6766-7a44-8643-de5cca3c47bc"
"8edf7314-334a-47a9-aec9-602aa2a902ec",Aurilândia,"01a02d5b-6766-7a44-8644-fc8c6bcf1a38"
cfcd9427-2f79-4ba2-801e-98ff373441c4,Avelinópolis,"01a02d5b-6766-7a44-8645-6e72de39361c"
f746b446-886a-4bf9-8801-53407b80754d,Baliza,"01a02d5b-6767-730c-b968-34685e401b5e"
e8fa06e6-0d31-46cb-9b44-bb0a643b2868,Barro Alto,"01a02d5b-6767-730c-b969-645a846dd1c0"
a1ab813d-e7a3-4cb2-be2d-6d56a7a5f10e,Bela Vista de Goiás,"01a02d5b-6767-730c-b96a-ae3f8caca53f"
"6a02e70d-bf30-4a0f-9ba6-672d2c544614",Bom Jardim de Goiás,"01a02d5b-6767-730c-b96b-73900cd85603"
ad304a4c-4c64-4573-ae60-61ec091b38ab,Bom Jesus,"01a02d5b-6767-730c-b96c-b3f2432abfab"
"2ce4d104-c71f-48c0-a60b-e3253169e132",Bonfinópolis,"01a02d5b-6767-730c-b96d-2ccbe6c4a604"
"76adc21a-294e-4cae-9047-538e492b8459",Bonópolis,"01a02d5b-6767-730c-b96e-fd418c7e7c3b"
caa1eab3-2597-46bf-809e-349d76ba5f61,Brazabrantes,"01a02d5b-6767-730c-b96f-03756c83a3a9"
d71a23ea-f32f-41aa-bfe0-85e5ae61dcde,Britânia,"01a02d5b-6768-7325-b75b-98484654e85f"
eb125bce-ca2d-4211-9557-a57e38316099,Buriti Alegre,"01a02d5b-6768-7325-b75c-958889f29786"
"1dd58c4f-0086-49a0-a09a-765911a0471d",Buriti de Goiás,"01a02d5b-6768-7325-b75d-74b4b4a34e1d"
ce59f048-6fdb-4513-b015-21aaa84e53a6,Buritinópolis,"01a02d5b-6768-7325-b75e-ac1c1057e643"
aa9c560e-0836-4e64-8f13-5263ec043f30,Cabeceiras,"01a02d5b-6768-7325-b75f-450a93353959"
d86de5b5-bf1e-418f-917e-35dc53868a03,Cachoeira Alta,"01a02d5b-6768-7325-b760-4375982a47d8"
"4711c251-440d-4cbd-976e-e0336ba90fcc",Cachoeira de Goiás,"01a02d5b-6768-7325-b761-a7db9e15f9a6"
"6ffba856-6c6d-44a5-a861-ca37c52eb5dd",Cachoeira Dourada,"01a02d5b-6768-7325-b762-b83d9e2cc732"
f2946282-4f92-4933-9acd-691859af8850,Caçu,"01a02d5b-6769-7334-b459-fd2fda795f74"
"9cc66492-31ad-4f38-ae9b-037cc4747fc7",Caiapônia,"01a02d5b-6769-7334-b45a-7d8a0c9bbf28"
be205571-e7e3-42e7-8719-613fb70ab1ba,Caldas Novas,"01a02d5b-6769-7334-b45b-b31b487a75c7"
"92a248bf-f97c-4447-b1a5-384fbd0dd95b",Caldazinha,"01a02d5b-6769-7334-b45c-5eb8704b0999"
"511f9978-a61a-4881-a910-6c866bc35864",Campestre de Goiás,"01a02d5b-6769-7334-b45d-53153bec7114"
b1626750-e03a-4984-8f76-780d46ef6e96,Campinaçu,"01a02d5b-6769-7334-b45e-4e3a1130b3c8"
"3dba8252-50db-4be4-8492-ce887923e49f",Campinorte,"01a02d5b-6769-7334-b45f-cf3250f13394"
"2fbe95c4-09cb-4a72-89a2-6ca617f34419",Campo Alegre de Goiás,"01a02d5b-6769-7334-b460-d04ab6157eb1"
"3381ea26-3d0b-403f-893c-e31151ca18b5",Campo Limpo de Goiás,"01a02d5b-676a-7331-9e7e-96d160a159d8"
"422cddfe-86b9-49fc-bf53-6b7c51029b3b",Campos Belos,"01a02d5b-676a-7331-9e7f-45b8ca8bae04"
"3981544c-44cc-4680-8eb4-01a6d60326b9",Campos Verdes,"01a02d5b-676a-7331-9e80-2125fc794f8a"
ec4f8a29-bc93-42ad-9013-aa3edf78bbb6,Carmo do Rio Verde,"01a02d5b-676a-7331-9e81-4f37f0b50173"
"063be070-0e41-41f0-85f7-4a45fb6890a3",Castelândia,"01a02d5b-676a-7331-9e82-e2843bf17166"
"9efe0348-f589-4236-b339-35758e0f2932",Catalão,"01a02d5b-676a-7331-9e83-36ad5e805b95"
fb905f03-ee59-45db-8df8-9b8dd36962b7,Caturaí,"01a02d5b-676a-7331-9e84-077bc51cbb75"
"6baf1393-29dc-4423-8bd9-981dcd7a372e",Cavalcante,"01a02d5b-676a-7331-9e85-330353b6e171"
de5bbbff-9126-4996-b396-ae39be870a84,Ceres,"01a02d5b-676a-7331-9e86-d0172a70990b"
"469be9b4-e26d-4726-9a4a-f6d601b67b06",Cezarina,"01a02d5b-676b-7336-a4ef-b824c22fd3b9"
"59f59cdc-710e-4c3a-8359-0874bbad286d",Chapadão do Céu,"01a02d5b-676b-7336-a4f0-b0df06006225"
"8dad7b76-6faa-4b58-a8de-e9c2887af070",Cidade Ocidental,"01a02d5b-676b-7336-a4f1-a41f87f05e33"
ec7f4ab8-97e7-49f2-904a-aa9384d7ec65,Cocalzinho de Goiás,"01a02d5b-676c-732f-8994-edc63813c220"
b4e436d4-0cc9-47a1-99fb-54a556703653,Colinas do Sul,"01a02d5b-676c-732f-8995-edd0516a0141"
f09ac2da-403a-498d-b832-84c12713cceb,Córrego do Ouro,"01a02d5b-676c-732f-8996-3eee23a5ce6a"
"0846aed7-ecac-4fd6-bb91-f2c91dcf7f1e",Corumbá de Goiás,"01a02d5b-676c-732f-8997-bc0cdb21d9b6"
"5f52a36c-a30b-4b93-8084-12043d88b953",Corumbaíba,"01a02d5b-676c-732f-8998-17598d15820a"
"851393a2-b5d4-4e0e-89f1-73c6f90c0e6c",Cristalina,"01a02d5b-676d-7324-9fe6-16288860a9b8"
"60990e14-607a-4862-959e-ba87d67ecd6f",Cristianópolis,"01a02d5b-676d-7324-9fe7-b899c90c2b0f"
e544adf3-0b80-43f3-8801-5c36efcad7ee,Crixás,"01a02d5b-676d-7324-9fe8-43430146616a"
bc1a944d-7f0e-402e-96af-e011cfa5becc,Cromínia,"01a02d5b-676d-7324-9fe9-7d01ac0ddf31"
"792c0952-f33a-4ccb-8054-c24791ad992f",Cumari,"01a02d5b-676e-7324-928d-5b922f053a29"
"5fd23527-02f4-499a-bb36-30a812cf32ad",Damianópolis,"01a02d5b-676e-7324-928e-45f66b82efd0"
d77952b7-85e3-43d3-a635-517761305422,Damolândia,"01a02d5b-676e-7324-928f-8a236a3db9e4"
acae974a-06fd-4e1c-b7a4-a39e9cfd052a,Davinópolis,"01a02d5b-676e-7324-9290-df1e9a4f9e96"
"6ff0d31e-2baf-457d-b780-5d7ce68a9695",Diorama,"01a02d5b-676f-7357-8561-7e5535e7a9c5"
"1d8290c6-fc4e-4705-bcfb-709270522e54",Divinópolis de Goiás,"01a02d5b-676f-7357-8562-8a2e78800cae"
db82862d-9bfd-4deb-9aab-e608d5cfcdad,Doverlândia,"01a02d5b-676f-7357-8563-284a03aba6c4"
"218f7ce4-792a-42d8-81dc-318637eeeb76",Edealina,"01a02d5b-676f-7357-8564-3bdf057b1bb2"
"82358768-b0b7-4c98-803f-a167543c745d",Edéia,"01a02d5b-676f-7357-8565-fcfe3b0360e0"
"9e03ab66-caad-4a0d-9a51-b6a6856497c5",Estrela do Norte,"01a02d5b-676f-7357-8566-1cd982a1254e"
"58a9d85c-9ba5-4a70-a453-8fce4032f5de",Faina,"01a02d5b-676f-7357-8567-67012760e9a5"
"01761578-5e6e-41cd-9e9a-0bf7d58b9e0d",Fazenda Nova,"01a02d5b-676f-7357-8568-7e348ac148f7"
"50e9398f-cab1-4375-9ca7-b5500c99432d",Firminópolis,"01a02d5b-6770-7323-97f9-d84ff7d58dd2"
"647dcfa5-2d75-4369-9795-adc4e2eb7484",Flores de Goiás,"01a02d5b-6770-7323-97fa-fe6a45bcc832"
aeb550f0-8da4-4070-b9c2-2ce1b510a03c,Formosa,"01a02d5b-6770-7323-97fb-09e89ae21b92"
"2dcd983b-872b-4063-ba69-5bc34f4ee0fd",Formoso,"01a02d5b-6770-7323-97fc-5a9c546ac65b"
"0eee233f-44d4-4a38-bfbe-d41d46bdd88c",Gameleira de Goiás,"01a02d5b-6770-7323-97fd-9b27f6c7e4ca"
"50a2531a-1441-4212-994d-2f60335d844b",Goianápolis,"01a02d5b-6770-7323-97fe-7b0aee4d362a"
"227e878e-b84d-4013-b68f-0dc018ea790a",Goiandira,"01a02d5b-6770-7323-97ff-23f6a4073935"
afc5c209-8283-4da4-80c8-9ee22768ed0e,Goianésia,"01a02d5b-6770-7323-9800-af38888a7d6c"
"0b3bf2af-0a0c-4d4f-a201-dda8f81a54c2",Goiânia,"01a02d5b-6770-7323-9801-01943348c9a9"
"11f1f32b-8ebf-49b7-a97b-ae19be561b8d",Goianira,"01a02d5b-6770-7323-9802-cc3d29d00141"
"114bc1f5-ce6b-4889-af52-30e83447e9b7",Goiás,"01a02d5b-6771-7322-b7ba-b40c141948f6"
"2e05a41a-aef8-493d-a012-572326b0e8ea",Goiatuba,"01a02d5b-6771-7322-b7bb-5a34a9a7e5ec"
"93100b5e-f795-4242-a294-90e912539197",Gouvelândia,"01a02d5b-6771-7322-b7bc-8f2beeaa9eeb"
"90d33458-6cd4-4721-bfcd-088d0d6f9a04",Guapó,"01a02d5b-6771-7322-b7bd-a659d5cc11aa"
b1c43065-5383-44a9-a1ff-66da82efd076,Guaraíta,"01a02d5b-6771-7322-b7be-b5985b58309f"
"602dcc10-a491-45c8-ac79-864c668c3a07",Guarani de Goiás,"01a02d5b-6771-7322-b7bf-8fcaaa777486"
f3a0ce6e-4af0-4e8d-acac-e13f5dbdcba9,Guarinos,"01a02d5b-6771-7322-b7c0-6af06b663048"
"9cb878fe-b144-4a41-885d-f0ad6d77f460",Heitoraí,"01a02d5b-6771-7322-b7c1-22c49adc65f1"
"99234f15-fb35-4dee-87e1-27b70d37ac8c",Hidrolândia,"01a02d5b-6771-7322-b7c2-8a74a4e474a0"
"8021b9b1-f4ee-4679-be40-c564cc034dde",Hidrolina,"01a02d5b-6771-7322-b7c3-7c6ff3c63544"
"56542201-03ae-4028-959f-838cb6f9f191",Iaciara,"01a02d5b-6772-7322-8475-12e7e01af43b"
"43581f01-4db4-464e-9d58-4159cd80e371",Inaciolândia,"01a02d5b-6772-7322-8476-321c55649cb5"
a5a46453-dee2-48ca-8342-700969137bd0,Indiara,"01a02d5b-6772-7322-8477-b8d8febdf025"
"79856697-7959-4156-95be-859f753a1f97",Inhumas,"01a02d5b-6772-7322-8478-428a57020ba5"
"6332784b-a90c-475b-be24-b86865c3b579",Ipameri,"01a02d5b-6772-7322-8479-196a1a0550f4"
d400c153-700d-478c-94f5-44898b159c5e,Ipiranga de Goiás,"01a02d5b-6772-7322-847a-810bf9e6e491"
f18e83d5-172b-48f6-9e6f-cea7c2ba7a28,Iporá,"01a02d5b-6772-7322-847b-3a3b82a44a49"
"2c385264-e2d7-4a58-ab2f-a2f6ff1c7644",Israelândia,"01a02d5b-6772-7322-847c-e69031fa2afc"
"21fb8376-11c0-45a6-bb58-b8baa6bd281e",Itaberaí,"01a02d5b-6773-7332-92f5-1935c9e5319e"
"94f867fc-483c-4b37-8c2d-82baec1992a4",Itaguari,"01a02d5b-6773-7332-92f6-7a74b84e7346"
"87e70fdf-09f9-4db3-99c8-06361c8a12c0",Itaguaru,"01a02d5b-6773-7332-92f7-ed99c71bd1bc"
"6faeaa61-e5e1-491c-8e79-b2eea32cbf2f",Itajá,"01a02d5b-6773-7332-92f8-60df95720287"
"221964fd-cd6b-4e53-9953-825f25c2bab1",Itapaci,"01a02d5b-6773-7332-92f9-49403e5e87ae"
"72676e73-110a-4ecb-b4f0-d70842f021c8",Itapirapuã,"01a02d5b-6773-7332-92fa-105b393ccd69"
"97363f8f-eaee-41af-b7ac-a78051020757",Itapuranga,"01a02d5b-6773-7332-92fb-91dc8b83b2c5"
"0c75262c-02d1-49ab-823d-6fc109588536",Itarumã,"01a02d5b-6773-7332-92fc-564bc9aae6d6"
"974a3427-7288-423b-8f4f-b4510990975a",Itauçu,"01a02d5b-6bad-7b6a-aa55-d195111d19c3"
"9400cc6b-0375-4634-a2a4-11eb339ac339",Itumbiara,"01a02d5b-6bb1-7991-b8a5-a7b9275ff7c8"
f00414b5-4923-4b5c-8b0a-b0b7c0ca7bcb,Ivolândia,"01a02d5b-6bb1-7991-b8a6-e7140abbe636"
"6bf14c7f-ed7c-435e-8ee0-62109f12534b",Jandaia,"01a02d5b-6bb2-724d-acd3-786a9697d4bf"
fc050b5a-1e88-4ee9-b612-3ea1637d4afc,Jaraguá,"01a02d5b-6bb2-724d-acd4-9ea247361ae9"
"4526eb69-ce9e-4d4e-91a4-b8847502a818",Jataí,"01a02d5b-6bb2-7b04-acd5-feef38f23924"
"23d42a44-cd1a-44d1-9a34-587c28166e41",Jaupaci,"01a02d5b-6bb2-7b04-acd6-eb60c88650f6"
b74a49a7-95cd-44c7-b853-1363fd6343f1,Jesúpolis,"01a02d5b-6bb3-73bb-a1c9-c6174ef54d5f"
d6c47aac-4f05-4a37-a441-4360af585d30,Joviânia,"01a02d5b-6bb3-73bb-a1ca-13482eec0085"
"88f950a5-7e46-46f5-9d0f-fc991377587b",Jussara,"01a02d5b-6bb3-7c9e-a1cb-eefe973d119d"
"8992817c-2644-4b47-a4fc-d728d6402a7e",Lagoa Santa,"01a02d5b-6bb3-7c9e-a1cc-0dc55a2ea6be"
d004f123-7424-4390-a9bd-6c40e3e12480,Leopoldo de Bulhões,"01a02d5b-6bb3-7c9e-a1cd-ff9852d11889"
"61135b0f-ba6f-492f-bf1a-4f1ee2d54f5c",Luziânia,"01a02d5b-6bb4-75c4-b807-092ab34a93b4"
"51a05e51-4a53-41fb-b1a4-cd6653a6111f",Mairipotaba,"01a02d5b-6bb4-75c4-b808-089eaec6aec0"
"8918d9d3-6d7f-473d-bbcf-ab11a90512eb",Mambaí,"01a02d5b-6bb4-7e8a-b809-49d077e7515d"
"8166a60f-5567-44f5-86a9-f8565bc2ffd5",Mara Rosa,"01a02d5b-6bb4-7e8a-b80a-a69e669b8731"
cccecba9-9d58-496c-8928-792d7d40022b,Marzagão,"01a02d5b-6bb5-7735-b0d3-8696df56b7af"
cbb56859-5153-423f-bf8f-1771ab81b2c3,Matrinchã,"01a02d5b-6bb5-7735-b0d4-f548060613c3"
f44571ed-e433-4e54-ba02-992092e9becb,Maurilândia,"01a02d5b-6bb5-7735-b0d5-aac4c5ffa998"
e122da11-1c23-4822-978c-43cdfa640573,Mimoso de Goiás,"01a02d5b-6bb5-7fee-b0d6-0fe8c759a104"
a18005b0-831e-43e0-a246-7ffc42b2800a,Minaçu,"01a02d5b-6bb5-7fee-b0d7-fb49ce2c5ac3"
"45073c60-7dfd-473c-9dd2-295fec0ef040",Mineiros,"01a02d5b-6bb5-7fee-b0d8-b00cedd11ba5"
f6fc6b0f-9eab-46fd-94f5-e2a5292ffe79,Moiporá,"01a02d5b-6bb6-7887-822b-0276a2880faa"
aa6e9eb7-abfa-447f-baf5-827fe7a6c45d,Monte Alegre de Goiás,"01a02d5b-6bb6-7887-822c-3ff82ab8d095"
"2472455f-36cb-4d0b-80b3-1f5815030d99",Montes Claros de Goiás,"01a02d5b-6bb7-70fd-bf20-88efa17b51dc"
"10654680-1dc5-42ed-8fa0-9728c4a7268d",Montividiu,"01a02d5b-6bb7-70fd-bf21-2125074876b4"
"01aba180-1a32-46f4-9591-b7c50345808a",Montividiu do Norte,"01a02d5b-6bb7-79ab-bf22-93c907f68fd8"
dbaeecb2-719b-4621-87fd-606ab11ae536,Morrinhos,"01a02d5b-6bb7-79ab-bf23-d1ce7084fdce"
"47734644-e53d-47db-9e49-c6b5c3f63564",Morro Agudo de Goiás,"01a02d5b-6bb8-721e-a1b6-70392cc9bae8"
f3487226-95a2-421e-bcab-d202c794e1df,Mossâmedes,"01a02d5b-6bb8-721e-a1b7-5eb697bab42a"
"7d933672-7d70-4225-91ec-c0bee7739e31",Mozarlândia,"01a02d5b-6bb8-721e-a1b8-eb243d05a51a"
"9d641903-38c3-4b76-9454-3bbde439e665",Mundo Novo,"01a02d5b-6bb8-7acd-a1b9-19dac898a5fa"
"0f7ea83a-0a50-42ea-94a8-5a88e4a1515f",Mutunópolis,"01a02d5b-6bb8-7acd-a1ba-b5291e4b13c8"
"70eaa8a7-334a-4723-befe-bb835f80f978",Nazário,"01a02d5b-6bb9-738a-9a93-cdd8e3dc4976"
ed42f7f1-a10b-4102-ba02-41414c6ba277,Nerópolis,"01a02d5b-6bb9-738a-9a94-5996e7994cc8"
b0e848cc-2827-4936-a5f4-88b410ef5b30,Niquelândia,"01a02d5b-6bb9-738a-9a95-1637b45188e7"
"296e919a-3f33-4dc6-b8f1-e7f3e690986c",Nova América,"01a02d5b-6bb9-7c24-9a96-6907f6a1849b"
b3fca091-4aeb-4956-9b37-8df8d6423baf,Nova Aurora,"01a02d5b-6bb9-7c24-9a97-af5b7a1eeb61"
"36ca522f-1d5e-4eb2-94a6-564b8ebf7e10",Nova Crixás,"01a02d5b-6bba-749c-ae70-179f8882fa30"
f314f777-d104-4a43-a2a5-94a1d23824ae,Nova Glória,"01a02d5b-6bba-749c-ae71-a22a69d1f866"
"44011470-dae3-4fce-b575-8e8f01a5c5d8",Nova Iguaçu de Goiás,"01a02d5a-8000-76ee-ab07-ed02fbe5a60d"
"6e3c5e49-ce7a-4a86-b82d-9b7cf8ef1056",Nova Roma,"01a02d5a-8003-7ca3-a4f9-96ce8bf292a9"
"4f82bc79-af11-4fbc-94fd-8e17460711be",Nova Veneza,"01a02d5a-8004-758d-96c6-2f6c6492e3f2"
c2aa316c-789e-47b2-9d57-359dce265ebb,Novo Brasil,"01a02d5a-8004-758d-96c7-465f7d976892"
cebca2db-544b-472e-81f3-397507526461,Novo Gama,"01a02d5a-8004-7e31-96c8-cd6d8c0e1551"
"1bfd7fb6-c89e-487f-bccc-10c584d330e9",Novo Planalto,"01a02d5a-8004-7e31-96c9-dff470f78ea4"
fcac07db-e16f-48f3-a64d-3ce946a3d6a2,Orizona,"01a02d5a-8005-76fc-b053-ec7a2130d135"
edaea7f5-38cb-4b3f-80a7-11e4a51f4f38,Ouro Verde de Goiás,"01a02d5a-8006-714d-b3c9-b41ca9c56f7e"
d859cc46-1424-4d8a-a4e7-3b47ea8f440f,Ouvidor,"01a02d5a-8006-714d-b3ca-4df007f18090"
"24fecf9a-40e9-4862-824a-4b57c619e15b",Padre Bernardo,"01a02d5a-8006-7a41-b3cb-2b96b5d01e50"
"1be947c7-939c-4052-9132-65d896217a63",Palestina de Goiás,"01a02d5a-8006-7a41-b3cc-e0eccb28b40f"
"9c02d781-daf8-442e-9e5a-761eba4bd3ff",Palmeiras de Goiás,"01a02d5a-8006-7a41-b3cd-f837e13d9ee4"
f3aea0fd-2185-4b0f-afe6-67d5b6c084c9,Palmelo,"01a02d5a-8006-7a41-b3ce-79776d93147e"
"89146660-0457-4edb-b8c0-2b503a210023",Palminópolis,"01a02d5a-8007-7a86-a2b2-9a963279ff0e"
"24fbf6c5-c1a9-4c8c-a356-14d0478a46d5",Panamá,"01a02d5a-8007-7a86-a2b3-13b23841f612"
d1853803-b13a-43ff-a244-5e4f642d91e1,Paranaiguara,"01a02d5a-8007-7a86-a2b4-2f94a5cf4f25"
d6536225-6ab7-4a3a-8a3e-05ddef5d6df5,Paraúna,"01a02d5a-8007-7a86-a2b5-552c2fe251d6"
"1b8a87c3-46a2-406c-b72e-79213f71f54d",Perolândia,"01a02d5a-8007-7a86-a2b6-a54077c0a12c"
"7e4cf135-f098-4cc2-8f23-2dbb8a07b99c",Petrolina de Goiás,"01a02d5a-8007-7a86-a2b7-94b23f8eb18e"
b2de9899-633f-461c-ae2d-73033d4f7161,Pilar de Goiás,"01a02d5a-8007-7a86-a2b8-7a735a18ea92"
"48cdf52d-261b-4987-ab7f-b66672156b53",Piracanjuba,"01a02d5a-8009-72bd-8bb3-f9c9cb846cc9"
"72bc8049-b947-46c4-90c2-0dbd46dbb73c",Piranhas,"01a02d5a-8009-72bd-8bb4-f943601ebb44"
"9f92acc4-9579-42cd-bf3e-b1d5517ac2f6",Pirenópolis,"01a02d5a-8009-72bd-8bb5-aa5965070ce2"
ddf496f7-393f-4af7-8138-7fd21186e68d,Pires do Rio,"01a02d5a-8009-72bd-8bb6-766bc39b76c0"
cd9ffe3b-3fa1-4411-ba11-385b9f8f41fc,Planaltina,"01a02d5a-8009-72bd-8bb7-3271b1048e88"
d31bde78-a9f3-4e3a-8a6d-65b95cd00554,Pontalina,"01a02d5a-8009-72bd-8bb8-f95cd7a8ccc7"
a312e39d-43d3-4571-b577-91a1d9070d4e,Porangatu,"01a02d5a-800a-72e9-aa90-0ce7a4243252"
f05b689e-1939-42ed-a358-c485208d4b51,Porteirão,"01a02d5a-800a-72e9-aa91-1d22ff145026"
"619c7c9a-da79-4dee-baec-b0d3db6a9040",Portelândia,"01a02d5a-800a-72e9-aa92-ccd54fe90179"
e3328071-71ce-45b7-bde3-71734072855e,Posse,"01a02d5a-800a-72e9-aa93-5ee66ab81c46"
cb3c58cd-3016-48f1-959d-93e5bd6cacb9,Professor Jamil,"01a02d5a-800b-7304-a61c-b840a8e3a7a2"
"654b0302-df43-4565-bf70-d60c7ea8f821",Quirinópolis,"01a02d5a-800b-7304-a61d-7b00d9086228"
dc7a24f3-b783-4e23-b00d-5598ecc45256,Rialma,"01a02d5a-800b-7304-a61e-39fd9d19d784"
f989c44c-7e23-4980-8acd-b04091a4dbaf,Rianápolis,"01a02d5a-800b-7304-a61f-2ee6e40c0825"
"1b3857ab-4620-45d0-a4e1-cbad02906b9f",Rio Quente,"01a02d5a-800b-7304-a620-7d144b571594"
b7a311bd-42b5-4afd-9f28-c3b2afa11e20,Rio Verde,"01a02d5a-800c-72fa-9633-e6c4b94f436d"
"6fd886fa-a4e6-4b0e-9ae2-5c417bfeb960",Rubiataba,"01a02d5a-800c-72fa-9634-e6521069cbae"
"429f0ecd-8a73-4c50-a7a8-615b288b9216",Sanclerlândia,"01a02d5a-800c-72fa-9635-9c0e6f48eca3"
"4a5be5ff-4b70-4cc0-96c7-22fed23812cb",Santa Bárbara de Goiás,"01a02d5a-800c-72fa-9636-735877dc29d9"
"56096c59-afb2-4bf6-84be-3c07fe64b7be",Santa Cruz de Goiás,"01a02d5a-800c-72fa-9637-0b2f92e99718"
c392c6e0-5643-4f24-ad49-839aabb2da87,Santa Fé de Goiás,"01a02d5a-800f-72eb-ad94-abdf4c1f0c0e"
c62b1c8f-6f5c-456a-afda-c988dccd24de,Santa Helena de Goiás,"01a02d5a-8010-72eb-a1de-e062e07bfc52"
eabb5772-31ab-42da-a2cf-b7284b526fb2,Santa Isabel,"01a02d5a-8010-72eb-a1df-a4ea5e622f12"
"4d81a273-9a85-42bf-9c0d-c79e7bae7f15",Santa Rita do Araguaia,"01a02d5a-8010-72eb-a1e0-209502912f64"
"41db9510-12ea-463f-ace7-e622a214313c",Santa Rita do Novo Destino,"01a02d5a-8011-7304-9773-ad26adac9dd5"
"6dbc34dd-3d65-412d-9cdf-4d2613c97bd7",Santa Rosa de Goiás,"01a02d5a-8011-7304-9774-4558553998e0"
a7714114-154c-435d-b86c-08c92bc0553f,Santa Tereza de Goiás,"01a02d5a-8011-7304-9775-c6c6b48e3c94"
"3494a227-a143-4130-af73-f5f691e3005b",Santa Terezinha de Goiás,"01a02d5a-8011-7304-9776-8be646be0956"
"83fc160f-30d9-4179-b0e0-fabbb112306e",Santo Antônio da Barra,"01a02d5a-8011-7304-9777-42d0a62aa3fd"
"1cfe7a63-9b48-4a52-b7e0-2aeeaee5eb0f",Santo Antônio de Goiás,"01a02d5a-8012-72fe-a208-e9456119b5c7"
c40d0e9b-41bc-46d8-a19c-7ab6e7fe0b62,Santo Antônio do Descoberto,"01a02d5a-8012-72fe-a209-48f229975b69"
"46ac65f3-0c15-4624-b9f3-d16848be833c",São Domingos,"01a02d5a-8012-72fe-a20a-0b05c339ff7d"
f5d27564-32eb-4725-ad8c-43f515adf238,São Francisco de Goiás,"01a02d5a-8012-72fe-a20b-f3240219bdb0"
a1ab64c6-f1e5-441f-ae56-e4f189ff9462,São João D'Aliança,"01a02d5a-8013-72fd-84be-a96a2822fa2d"
badcc170-34b6-4e50-bacc-749da75a58bd,São João da Paraúna,"01a02d5a-8012-72fe-a20c-a9433bb80d27"
"14f8e838-a1f7-49eb-b4c4-4603b3720323",São Luís de Montes Belos,"01a02d5b-6bba-749c-ae72-17bc10ad5abf"
"96ca3479-c26c-4d74-b6eb-9958b2d038e5",São Luiz do Norte,"01a02d5b-6bba-7d8a-ae73-b8b2f3a620ad"
"5ac13cdc-1c6b-4035-b490-b6ca4fb584ed",São Miguel do Araguaia,"01a02d5b-6bba-7d8a-ae74-35d5f8fc07e2"
"81e09943-c3d4-40f1-acd1-40f093915c2f",São Miguel do Passa Quatro,"01a02d5b-6bbb-7640-890d-d4244a0f2d98"
"28f3678c-a1d0-4109-b9bf-21fc33ec2913",São Patrício,"01a02d5b-6bbb-7640-890e-0cb252749745"
"3e02c4ce-f73c-4dd0-b57a-86cc223fca18",São Simão,"01a02d5b-6bbb-7efb-890f-b7a34330fe80"
"55906d12-a80d-410b-8d83-7fc953611512",Senador Canedo,"01a02d5b-6bbb-7efb-8910-3748e2133aaa"
"3dff7528-4d1a-4570-81ac-6353e2136f67",Serranópolis,"01a02d5b-6bbb-7efb-8911-c217b08b9879"
"872b942c-2fab-4830-a8e6-5015fac40c91",Silvânia,"01a02d5b-6bbc-77b4-94db-15c0f4400ff1"
"049c7dc0-1507-480b-9e12-a564c175a508",Simolândia,"01a02d5b-6bbc-77b4-94dc-f37c5144415e"
"5e5de022-c653-434c-9594-6bd70b59e49b",Sítio D'Abadia,"01a02d5b-6bbc-77b4-94dd-072a0c7fbe82"
"9fb8270a-9bc7-4660-a1ed-ce28fc37a7de",Taquaral de Goiás,"01a02d5b-6bbc-77b4-94de-1edbf4b79ab2"
"1886d260-89db-4b7d-b73b-93df256883b8",Teresina de Goiás,"01a02d5b-6bbd-77c9-885e-ecf26cf613b1"
"6fb0561d-f7b6-4e88-a251-22eb136f276d",Terezópolis de Goiás,"01a02d5b-6bbd-77c9-885f-287c5282d839"
"04f5e290-07ab-4706-867d-efc8f77b78df",Três Ranchos,"01a02d5b-6bbd-77c9-8860-5e2b07e81589"
c9654e90-1132-409c-be7b-f3e75a7ac1f9,Trindade,"01a02d5b-6bbd-77c9-8861-63b1ad2f7913"
"0a28462d-e96a-4bae-87d1-36b62f5744fe",Trombas,"01a02d5b-6bbd-77c9-8862-073025248954"
d756ace1-b2c4-40d8-97aa-d422708845e7,Turvânia,"01a02d5b-6bbe-77c8-bb51-d6c29460a635"
c46a6f90-4f60-418d-811b-d27c87a0f2d6,Turvelândia,"01a02d5b-6bbe-77c8-bb52-ab759bcc0eef"
"167054eb-3f3d-42cd-993c-e254e2961461",Uirapuru,"01a02d5b-6bbe-77c8-bb53-d46c361859ed"
"8607e8c1-59ef-40f8-829e-5743a2a0ffae",Uruaçu,"01a02d5b-6bbe-77c8-bb54-a6f19358a82f"
f4883847-656a-45bd-a681-c4d9c582003f,Uruana,"01a02d5b-6bbf-77da-bdf1-7a5bde8701a6"
"76335d06-460c-4c88-9c59-51ac752e6719",Urutaí,"01a02d5b-6bbf-77da-bdf2-7e12d9521e49"
cf1adae1-4a41-49e2-879a-f3b3a61dca8b,Valparaíso de Goiás,"01a02d5b-6bbf-77da-bdf3-661e0d941a00"
"588e77a8-31d4-43cb-82c0-a965894e43e0",Varjão,"01a02d5b-6bbf-77da-bdf4-ee29571af468"
"5239ae23-bedc-4ae4-8528-b5f035f6527f",Vianópolis,"01a02d5b-6bc0-77ca-b2dd-29e6fbe4ea27"
"1b3d299e-f844-4e0f-999e-b02e2fc87b6d",Vicentinópolis,"01a02d5b-6bc0-77ca-b2de-e7b55b0f23e8"
acb48f68-472c-455f-99ee-f2588769ec94,Vila Boa,"01a02d5b-6bc0-77ca-b2df-7fce093308eb"
df5bd6de-e43d-4732-81c3-e8165df8651e,Vila Propício,"01a02d5b-6bc0-77ca-b2e0-d8812b9d5d30"
"96a80457-62d3-4b68-a367-abb704508745",Açailândia,"01a02d5a-9a9c-7bc0-a90b-90463092de5d"
"9766a475-2517-45f6-b947-45ab3cf4b1c5",Afonso Cunha,"01a02d5a-9a9f-77ba-bbac-ce6367203a8a"
bc87dac0-5202-4b5e-9269-e349acf68b48,Água Doce do Maranhão,"01a02d5a-9aa0-70f2-9b4d-91929b9f1f53"
"3173631a-a0a0-4cf4-a43f-1e1b2c51f67f",Alcântara,"01a02d5a-9aa0-79ca-9b4e-2b969425c7cd"
"8b8320f4-338a-4644-b943-7e43eabdfd2d",Aldeias Altas,"01a02d5a-9aa0-79ca-9b4f-481234bbfd7d"
f559a819-86a0-4029-9d04-7cac8785d8ed,Altamira do Maranhão,"01a02d5a-9aa0-79ca-9b50-4277267365e0"
aefddd60-a422-461d-b2e9-ab5e728f221f,Alto Alegre do Maranhão,"01a02d5a-9aa0-79ca-9b51-2550125e2c44"
e9afcf04-9053-4b30-ab29-48ba474589ba,Alto Alegre do Pindaré,"01a02d5a-9aa1-79e8-8e83-dc026a098071"
f004c02a-7d96-4755-9b34-9618272978c1,Alto Parnaíba,"01a02d5a-9aa1-79e8-8e84-0518617940a0"
"5e913d0c-d6db-4a2e-beeb-7e4df8fc57c3",Amapá do Maranhão,"01a02d5a-9aa1-79e8-8e85-225f4cb097e8"
cc099e34-816e-45dd-82da-869c01972f7a,Amarante do Maranhão,"01a02d5a-9aa1-79e8-8e86-1dda7bba5415"
"18b2d158-4de8-4199-9781-fd36bbc7f03e",Anajatuba,"01a02d5a-9aa1-79e8-8e87-0f8e158e25eb"
"9de40dfa-307c-40d1-88c5-ad37d3290f67",Anapurus,"01a02d5a-9aa1-79e8-8e88-7d1a4da31fab"
"54c8d779-3800-40c3-8086-af97c0df6187",Apicum-Açu,"01a02d5a-9aa3-71ff-b3f7-9996a77ddc32"
db7514aa-050c-41e2-8db4-843aff07b6ee,Araguanã,"01a02d5a-9aa3-71ff-b3f8-f33df7c2d43e"
"14626460-8bd1-45f8-8f5d-e93e6be4c6b4",Araióses,"01a02d5a-9aa3-71ff-b3f9-228e8579da89"
f9bd7034-eb3b-4256-8a4b-23503c218007,Arame,"01a02d5a-9aa3-71ff-b3fa-801c07e21ced"
"91b0a811-0103-457a-ab49-ca18210aaf75",Arari,"01a02d5a-9aa3-71ff-b3fb-d93f52ef4c0f"
"84afdb20-cd48-47ce-a199-533c38b59159",Axixá,"01a02d5a-9aa3-71ff-b3fc-5a74e7d453c8"
"179a3c61-ded3-497b-9ac8-afb3fa02d013",Bacabal,"01a02d5a-9aa4-7227-9008-e1b18925c218"
"091dd9a5-38a9-4099-b754-4b615a8d9e92",Bacabeira,"01a02d5a-9aa4-7227-9009-1827d10b6cfb"
bfcef94e-6373-48d7-b9af-6d3e7a19cdea,Bacuri,"01a02d5a-9aa4-7227-900a-a69ee572d08c"
aeecd0a7-049a-46ad-971b-ee3e6f1e74c5,Bacurituba,"01a02d5a-9aa4-7227-900b-4260da8d3a21"
"7e2d77f8-64b0-49cd-9744-59ae701d191c",Balsas,"01a02d5a-9aa5-7229-bfd8-f39df55b5e2b"
f2753146-b773-4434-a056-918198f59a4d,Barão de Grajaú,"01a02d5a-9aa5-7229-bfd9-d03f4c2b9d07"
fb61483c-56ef-4958-8475-eb247b37684c,Barra do Corda,"01a02d5a-9aa5-7229-bfda-77cacdd12f52"
"767c2d3b-b689-45c8-8201-99d05b90aba5",Barreirinhas,"01a02d5a-9aa5-7229-bfdb-0eb0eb4cd1fe"
e982a00c-5939-4377-b2b0-7b23e3812787,Belágua,"01a02d5a-9aa6-7228-852b-f80e45b47322"
"9cc4c83f-6b1c-42b9-8081-b6df63e82d9f",Bela Vista do Maranhão,"01a02d5a-9aa6-7228-852a-67b59bf98f36"
"6646be58-f47f-432e-a5e8-292bb0354bba",Benedito Leite,"01a02d5a-9aa6-7228-852c-1bbf64a9f35d"
"2f507d59-864e-4226-bd0e-4a4b13da561b",Bequimão,"01a02d5a-9aa6-7228-852d-c925e4471a55"
"2b1efd86-a4df-4898-9733-5fbf102dfe46",Bernardo do Mearim,"01a02d5a-9aa7-7219-a4a0-79f512db7470"
b138ea2d-e46f-4828-a97d-26e5f7a460ba,Boa Vista do Gurupi,"01a02d5a-9aa7-7219-a4a1-a726d6924e49"
"2cc84c66-8074-4ab6-a830-92874d73503b",Bom Jardim,"01a02d5a-9aa7-7219-a4a2-1a0e6da4ee39"
bf2eb340-9070-42b6-bebd-a3e921811f4c,Bom Jesus das Selvas,"01a02d5a-9aa7-7219-a4a3-8fa78dbf00ab"
"1ee36246-f43c-4dad-b0bc-1d1166afa718",Bom Lugar,"01a02d5a-9aa8-7218-a2ec-3f7e95d9fa54"
"17ea6135-fe06-411c-9dba-5841d11db178",Brejo,"01a02d5a-9aa8-7218-a2ed-d2c46c5e4804"
"00f705b7-d5b2-4c1a-b362-525d44a9df10",Brejo de Areia,"01a02d5a-9aa8-7218-a2ee-a37c1bc2afcb"
"9eb48bb0-c625-44da-971a-2eac718255d9",Buriti,"01a02d5a-9aa8-7218-a2ef-cb050b84d1c5"
ca5ea6fe-1e5c-460d-a0d0-ba3f9a311f01,Buriti Bravo,"01a02d5a-9aa9-7215-9796-a2155a5d9296"
"8c54bcbc-ab8e-445d-87fc-0ebef3df5ab0",Buriticupu,"01a02d5a-9aa9-7215-9797-ac65e93addaf"
"2a9f5b1d-c0e5-4664-95ad-34bf154fcd99",Buritirana,"01a02d5a-9aa9-7215-9798-7e6b81199037"
"538c3edf-3e48-42f5-82b9-0ea4e593336f",Cachoeira Grande,"01a02d5a-9aa9-7215-9799-a05809ee6a5e"
d8e525b9-e5a9-49dd-9524-ae866c05e7fc,Cajapió,"01a02d5a-9aa9-7215-979a-689295766faf"
a60cc337-f8e5-4a3e-b75d-c55c680269ae,Cajari,"01a02d5a-9aaa-7214-949b-1c0daf804e30"
b805ec47-d536-445c-8814-ba7e2f4c47a2,Campestre do Maranhão,"01a02d5a-9aaa-7214-949c-d22e229e267d"
"41278cb6-7cb2-47d3-aafd-221bb7543cf2",Cândido Mendes,"01a02d5a-9aaa-7214-949d-e8b4c1fe7e6d"
ec555bdc-d02d-47a7-8b95-342e65074dad,Cantanhede,"01a02d5a-9aaa-7214-949e-aa97f3c1f231"
"77c3f8d9-72a5-4f5f-80bb-901cfdbd29f4",Capinzal do Norte,"01a02d5a-9aab-7226-9155-fbbb309e257a"
"23f0507c-e0c3-4462-8c93-f6ba2c6a6de3",Carolina,"01a02d5a-9aab-7a48-9156-00c6fcc45843"
a44209a2-d6a0-4e08-8bcf-308b4df557fe,Carutapera,"01a02d5a-9aab-7a48-9157-b9f42ee857d2"
"7780b9f5-d505-4a02-abe1-4d13348c546b",Caxias,"01a02d5a-9aab-7a48-9158-c1b3f43a604e"
"7339a870-a0eb-4e66-9fb0-deb06e416293",Cedral,"01a02d5a-9aab-7a48-9159-22cc669f5608"
"961b6bc0-bbfe-4fc3-856c-78f4503e0597",Central do Maranhão,"01a02d5a-9aab-7a48-915a-960518a15c8d"
"9e9c6142-d4db-4399-ae99-36216e247c53",Centro do Guilherme,"01a02d5a-9aab-7a48-915b-6d5e09fc14ae"
ecd19f01-9f08-44a4-94cd-3e6a5989c6c4,Centro Novo do Maranhão,"01a02d5a-9aad-72b9-86cf-98a95d6bfeb3"
"0eaf21dc-af82-470f-8cf0-437480d32983",Chapadinha,"01a02d5a-9aad-72b9-86d0-3df51675b0f5"
"90094878-15c4-466a-9d14-6428f33ad0d3",Cidelândia,"01a02d5a-9aad-72b9-86d1-32ca9f2292a2"
"8e51d97d-6c79-4667-be22-2da3a23bbe4b",Codó,"01a02d5a-9aad-72b9-86d2-f0a1ebbc7851"
e8b8174f-ad48-472a-9448-d4ebd3cd7abc,Coelho Neto,"01a02d5a-9aad-72b9-86d3-325128041b31"
"4dd25d75-a33f-4e3c-97cb-0551651667f7",Colinas,"01a02d5a-9aae-72e7-9565-066a7a88968f"
ca05cdf9-7e83-43e1-9898-46665dfdc166,Conceição do Lago-Açu,"01a02d5a-9aae-72e7-9566-ab5e6bbe5d9a"
"5a109a20-9dbd-4762-b6bd-8a80077365bf",Coroatá,"01a02d5a-9aae-72e7-9567-a7010e7e1c4f"
f4ef1302-0537-4ac6-aacb-fa9b27d2f1c8,Cururupu,"01a02d5a-9aae-72e7-9568-acc84a1b88bb"
"7ae18841-7715-4795-b239-445d9515bf62",Davinópolis,"01a02d5a-9aaf-72e7-8efd-c0528580cd13"
"3aa7f292-3553-4879-9919-cf62969b9151",Dom Pedro,"01a02d5a-9aaf-72e7-8efe-90f2e0990ed0"
"11459637-8624-4d97-a571-e9cdf8eef248",Duque Bacelar,"01a02d5a-9aaf-72e7-8eff-099b1048837a"
"3a1b97d1-da63-4ced-8b94-21bdb2d550c4",Esperantinópolis,"01a02d5a-9aaf-72e7-8f00-75dc1127c969"
"9f3ae1e1-89cf-4880-9c29-311a11ee9c8a",Estreito,"01a02d5a-9ab0-72d8-b23b-0a3bd5e77a29"
"23396e0f-3c46-4386-9a13-38a9639eddd6",Feira Nova do Maranhão,"01a02d5a-9ab0-72d8-b23c-b047259ad614"
f617cdb1-b3fc-4879-a841-fe20db92d131,Formosa da Serra Negra,"01a02d5a-9ab0-72d8-b23e-56edff88cc19"
b732d2c0-7132-491e-97d0-b2083c95f064,Fortaleza dos Nogueiras,"01a02d5a-9ab1-72e3-9264-1006094785e9"
"709b0fa3-f630-494a-b1f0-10f1e1972bd8",Fortuna,"01a02d5a-9ab1-72e3-9265-97e4d5957e85"
c89f3580-7bed-4441-8471-9101b885578d,Godofredo Viana,"01a02d5a-9ab1-72e3-9266-1b9eb47f2058"
b639c5eb-c6b0-4727-9347-b3e748781823,Gonçalves Dias,"01a02d5a-9ab1-72e3-9267-96f29fd7a6d9"
"1f4a03fe-3cbf-4d1b-bee7-15256b91e44f",Governador Archer,"01a02d5a-9ab1-72e3-9268-41936a558483"
"4b80735c-24d0-41f4-a3f7-e47b080b1f7e",Governador Edison Lobão,"01a02d5a-9ab2-72d4-aa01-a67df2a95bf6"
"5308b111-8c16-4c24-ab0b-f59c5de43cf6",Governador Eugênio Barros,"01a02d5a-9ab2-72d4-aa02-4233daabd446"
"4455f287-ca03-41ce-b1c6-f63c9f6a06a9",Governador Luiz Rocha,"01a02d5a-9ab2-72d4-aa03-ccfe22e6a53e"
f5315272-5541-439e-be55-6f55cb84c93b,Governador Newton Bello,"01a02d5a-9ab2-72d4-aa04-266c7b6f86cd"
"802710e2-da07-4bdd-9ab4-518d10bd284b",Governador Nunes Freire,"01a02d5a-9ab3-72d3-b00e-a0244e865897"
"45c6ff42-6f56-402b-8e57-4ad65d647e77",Graça Aranha,"01a02d5a-9ab3-72d3-b00f-0d0cb60e23cd"
a2b4751e-997d-408a-97db-8cf4d224c166,Grajaú,"01a02d5a-9ab3-72d3-b010-7f62b6c839f9"
f0295bf3-b376-45ee-8516-2fc845f3789b,Guimarães,"01a02d5a-9ab3-72d3-b011-650de3a2b102"
af7b182b-e6cc-4cc9-b494-6cd1016baf9a,Humberto de Campos,"01a02d5a-9ab4-72d3-8b34-078bd6dc5521"
c1bdebbc-c3d8-4899-bf95-9134d1252693,Icatu,"01a02d5a-9ab4-72d3-8b35-2336b2fbc3cf"
"07606bbd-aa16-4d2d-944e-50b42aa87d3c",Igarapé do Meio,"01a02d5a-9ab4-72d3-8b36-58e3eaeb7364"
a0c6e007-1da5-45f8-abfc-e864b9fd3442,Igarapé Grande,"01a02d5a-9ab4-72d3-8b37-d2a3c90ec07f"
cbcb1d14-5a53-46e8-a9e1-d6c0674599fe,Imperatriz,"01a02d5a-9ab4-72d3-8b38-b6ace350fb01"
e9b3a383-93aa-4295-a60a-7f4473d0252e,Itaipava do Grajaú,"01a02d5a-9ab5-72d3-bfde-833d121ae3be"
"0cae1570-0a47-4860-8181-85be81db350c",Itapecuru Mirim,"01a02d5a-9e79-7d1d-8e43-5386bf2d5a77"
bf0eff26-1321-4686-ad50-906c71d17c83,Itinga do Maranhão,"01a02d5a-9e7d-777c-90f8-cadb2685f065"
"38bcbcaf-15e5-45a4-874d-953f5e5a68c7",Jenipapo dos Vieiras,"01a02d5a-9e7e-702a-ad53-f3f43a2e9a90"
"3c9c37b5-d53d-43bb-add5-806a6c442623",João Lisboa,"01a02d5a-9e7e-78d7-ad54-176c1b6dd7bc"
c28223f4-a9d1-4d2e-a2d6-4428d0882290,Joselândia,"01a02d5a-9e7f-7166-af58-a339eb0427ce"
d11106ba-0d46-4675-b9ce-af998ce5fb73,Junco do Maranhão,"01a02d5a-9e7f-7166-af59-5c51e1e66c26"
bcce538c-fca9-40f6-9c71-1d5838326ae2,Lagoa do Mato,"01a02d5a-9e80-7994-a186-ecac9c9fe59f"
"100d75e6-b849-48a6-9d01-b7125315ec32",Lagoa Grande do Maranhão,"01a02d5a-9e80-7994-a187-a81514810747"
dcb3b376-9dee-4ed1-940d-25492ac69cf0,Lago da Pedra,"01a02d5a-9e7f-7166-af5a-6543d9704eaf"
"9c7f7a93-42c5-40d1-8647-ccc3dd2cb66c",Lago do Junco,"01a02d5a-9e7f-7c7c-af5b-fde0f8cf7f86"
"1752c61e-07f9-4e13-8ea0-ae8532552563",Lago dos Rodrigues,"01a02d5a-9e80-7170-a184-75f3220c1117"
"3ed09a66-1505-4ff0-a24e-f589f3edf74f",Lago Verde,"01a02d5a-9e80-7170-a185-62d9b8a019af"
b0aa8d8c-0855-4bd9-b510-4b4366bc587f,Lajeado Novo,"01a02d5a-9e80-7994-a188-d1908f9b4d3b"
"3847828e-b950-401a-b495-07692b7f720b",Lima Campos,"01a02d5a-9e81-72df-860e-4ed2458e5f1f"
"0b1025ee-a1f3-4f57-aa03-f4b394aab71d",Loreto,"01a02d5a-9e81-72df-860f-f1cf97678085"
"27fc894c-bf41-4c23-acea-36849a992214",Luís Domingues,"01a02d5a-9e81-7bb3-8610-12b04f46302a"
e5c9b053-9f1b-4929-873e-2fcc5412aa88,Magalhães de Almeida,"01a02d5a-9e81-7bb3-8611-eb96c1b6e497"
"04869584-559f-4939-823d-571f6188ae3f",Maracaçumé,"01a02d5a-9e82-7480-836f-04b669990f95"
ce67e308-a6f0-4a7c-9cd9-7fafa2598c88,Marajá do Sena,"01a02d5a-9e82-7480-8370-a316c498fb6f"
"17a11c36-d3d6-4612-83a9-8a9441a56884",Maranhãozinho,"01a02d5a-9e82-7d4e-8371-18006d489a76"
"2ab9ddbb-d4eb-490a-b3b7-572afac28bae",Mata Roma,"01a02d5a-9e82-7d4e-8372-8b787aab2877"
c78d10df-6347-4048-b834-e7dbf5ea4a92,Matinha,"01a02d5a-9e83-7602-bc2f-b52c71fd79b8"
"96b7bd68-05bf-4f0c-97e7-87d67ab58102",Matões,"01a02d5a-9e83-7602-bc30-f382457b0730"
"1dc91d34-1ff6-48c5-83b4-0b41972bc99a",Matões do Norte,"01a02d5a-9e83-7e9d-bc31-a486ce8f3ab6"
"35279122-ffcd-4a96-836e-2642ed3e06f4",Milagres do Maranhão,"01a02d5a-9e83-7e9d-bc32-165e6ce67a60"
"5c8da347-bb86-4251-9c4b-6d76953e19af",Mirador,"01a02d5a-9e83-7e9d-bc33-d68eea2c0678"
f648e595-1e67-4c7d-80e5-8e25a2750233,Miranda do Norte,"01a02d5a-9e84-7763-8bbd-25436eb3c1d8"
c856a433-4e7c-40ec-810f-5e1e1e2afc9a,Mirinzal,"01a02d5a-9e84-7763-8bbe-ae48d3569241"
"932e6a6b-9dde-41ef-a1c7-6e23c5a9f8b8",Monção,"01a02d5a-9e85-7019-8d55-ead109430a79"
"962c191c-8e91-4d72-8dd0-f46eb5a59148",Montes Altos,"01a02d5a-9e85-7019-8d56-dbab0c64b7bd"
"624bccb5-7250-416e-91e3-60283f181900",Morros,"01a02d5a-9e85-7019-8d57-2a52e4caa857"
d412cb7c-a011-4153-a9f8-8d033d338f8f,Nina Rodrigues,"01a02d5a-9e85-78cb-8d58-3bbc0d6a9dc0"
"97dc30c9-038e-4a7d-9043-33b3ce4febba",Nova Colinas,"01a02d5a-9e85-78cb-8d59-a0be08942378"
"07a3b96c-a7e5-4a32-8051-4db913d4e865",Nova Iorque,"01a02d5a-9e86-7165-89bf-40ea5ad2ae85"
f77fc45d-93f4-40ef-9e76-677046374f4a,Nova Olinda do Maranhão,"01a02d5a-9e86-7165-89c0-fcc5198da589"
ea832604-ed38-4fdf-bdef-d4a00c3187a5,Olho D'Água das Cunhãs,"01a02d5a-9e86-79db-89c1-dafd539a8f09"
"10bdcc65-d710-4153-afd2-7bf8d22e03ef",Olinda Nova do Maranhão,"01a02d5a-9e86-79db-89c2-7b113ef33e2a"
"2aa96aa5-3d2c-4d1e-be1e-76a96e46d6cf",Paço do Lumiar,"01a02d5a-9e86-79db-89c3-c7740640763a"
ffdd361a-6598-45e6-b816-d271d1bff01c,Palmeirândia,"01a02d5a-9e87-72a2-91ec-502687e23e51"
"62508bf3-fb65-4f8b-9ae3-8d3413cc0ac4",Paraibano,"01a02d5a-9e87-72a2-91ed-53351af73ae3"
c68b4a94-40a4-45c4-8c51-922e0a2bbf70,Parnarama,"01a02d5a-9e87-7b65-91ee-54fae5950b13"
de785e39-f312-4cb9-a438-c96edfac09f3,Passagem Franca,"01a02d5a-9e87-7b65-91ef-50d4f54977c9"
"0dbcf640-0233-42d3-a82a-9ce6795dfeb2",Pastos Bons,"01a02d5a-9e88-7400-bec8-690ec8a1c79e"
"4a2a9a3e-fdbe-42e5-bb9f-88a7c898037c",Paulino Neves,"01a02d5a-9e88-7400-bec9-bb9fc4c696ee"
"9c1f83ad-a659-433f-82ca-53d975cff43e",Paulo Ramos,"01a02d5a-9e88-7400-beca-1c612c2e3752"
"8a93d1e6-55b7-41e4-8ea5-b9a0d3d782fc",Pedreiras,"01a02d5a-9e89-741d-8125-218c030979a4"
"19fcb9e9-b5dc-4a37-82f5-aeb188f6026a",Pedro do Rosário,"01a02d5a-9e89-741d-8126-bd85bf974e8f"
d141b07b-80ef-4074-bd96-9cf950b57de5,Penalva,"01a02d5a-9e89-741d-8127-52d2deb514c9"
"400bb245-c9e4-41cd-8e2f-71cc786afaf9",Peri Mirim,"01a02d5a-9e89-741d-8128-c598bc20734b"
a3050f2a-e7e4-4507-9c33-aa1fade77892,Peritoró,"01a02d5a-9e89-741d-8129-f058fbdab121"
"412df512-91b5-433b-a9e6-f6a045ee7172",Pindaré Mirim,"01a02d5a-9e8a-741f-9fa5-5036ee3cbfa9"
"4505b7be-c7f6-479e-8ab7-8bfb34544dcd",Pinheiro,"01a02d5a-9e8a-741f-9fa6-ec56c935a8ab"
"14d1d767-7f17-402e-a48d-1d0b9d407261",Pio XII,"01a02d5a-9e8a-741f-9fa7-1b950fb84928"
"8d99b97b-9d11-4ad7-b4f2-5f2ab2b9d489",Pirapemas,"01a02d5a-9e8a-741f-9fa8-183d5f4b31fa"
"7e0f03ef-d525-4bbe-8753-fdde1e23a687",Poção de Pedras,"01a02d5a-9e8b-741a-927c-6952018cc776"
e4f43649-f232-479e-b81d-e81b2b27a388,Porto Franco,"01a02d5a-9e8b-741a-927d-7816eac44e36"
"484ae4f3-4b78-43c8-baf9-2dc1462c4e9f",Porto Rico do Maranhão,"01a02d5a-9e8b-7c33-927e-1edd1edbe817"
"4005a319-e858-4781-8366-b7d4e34e7f17",Presidente Dutra,"01a02d5a-9e8b-7c33-927f-bb241754f51c"
c5c9a13a-03bc-46db-b0d2-ce6899fbc496,Presidente Juscelino,"01a02d5a-9e8b-7c33-9280-64d6e22fac5f"
"78d8e75e-521c-4d01-8e7b-20c6f1aefe80",Presidente Médici,"01a02d5a-9e8b-7c33-9281-6af6a6faac5b"
"3e0c35c0-893c-4f72-9f48-627b4be1aca8",Presidente Sarney,"01a02d5a-9e8b-7c33-9282-0538efddd522"
"667406a2-b688-45c1-865a-3c6b4e076f7f",Presidente Vargas,"01a02d5a-9e8c-7c52-bc41-52341430a26b"
"11b53bed-73b9-4197-b5d4-b447389a1ae0",Primeira Cruz,"01a02d5a-9e8c-7c52-bc42-689d5b25297d"
"57b103fd-693c-47ff-8e30-836183190929",Raposa,"01a02d5a-9e8c-7c52-bc43-dc29cfee94d9"
"207d3ce4-29d3-46e2-9d37-0da1a75cb750",Riachão,"01a02d5a-9e8c-7c52-bc44-92547394fa35"
fabde21b-ed45-4eb6-8a6c-56dc5a1fcd8d,Ribamar Fiquene,"01a02d5a-9e8c-7c52-bc45-c2f30b6b4007"
"5ca23c57-c115-49b9-a034-4bd794394549",Rosário,"01a02d5a-9e8c-7c52-bc46-fba0d923c53c"
de352878-fcec-4d74-8665-7fe998890533,Sambaíba,"01a02d5a-9e8d-7c3c-b4e5-2c0c6a3ab0fd"
f796d665-8690-4357-9446-0efec5d07349,Santa Filomena do Maranhão,"01a02d5a-9e8d-7c3c-b4e6-d6e81dc5257c"
c025a2ae-407c-4277-9ec4-6589f6df6f05,Santa Helena,"01a02d5a-9e8d-7c3c-b4e7-f06114f302f9"
fb0b13b9-eac0-4e2c-9235-805aa12a4dcd,Santa Inês,"01a02d5a-9e8d-7c3c-b4e8-c037d9c22dbe"
dcb86479-5008-4945-91a1-d9e5f36852c3,Santa Luzia,"01a02d5a-9e8d-7c3c-b4e9-bd39899f4183"
"2044e5d5-b632-483b-b8c0-ca290fc13af4",Santa Luzia do Paruá,"01a02d5a-9e8d-7c3c-b4ea-d502b374370c"
"288a032e-bd26-4380-847e-7cf0c87ff8af",Santana do Maranhão,"01a02d5a-9e8d-7c3c-b4ed-228a6fbfa6b2"
"80e2a1d5-86dd-44b1-8b5a-a4f125b949a1",Santa Quitéria do Maranhão,"01a02d5a-9e8d-7c3c-b4eb-01af9f330a3b"
bec5ac48-368f-4abc-80b4-0d96e6cf485a,Santa Rita,"01a02d5a-9e8d-7c3c-b4ec-39a38b4512fb"
"01410a49-05bb-4639-ba93-9368b7723c29",Santo Amaro do Maranhão,"01a02d5a-9e8e-7c4a-82e7-91c8a19827e5"
"2e5a55d3-d7a2-47f3-888e-5c9a02a536fa",Santo Antônio dos Lopes,"01a02d5a-9e8e-7c4a-82e8-46d616afc664"
abcaf1c6-e821-4183-ad05-6ad749a94715,São Benedito do Rio Preto,"01a02d5a-9e8e-7c4a-82e9-9ec9f62762e0"
d95f4ea1-7c97-4600-9e04-f9559d78cce3,São Bento,"01a02d5a-9e8e-7c4a-82ea-603493d83301"
"395736fc-8fbc-4709-8530-b86df0f90388",São Bernardo,"01a02d5a-9e8e-7c4a-82eb-4a4628e59cb4"
"92d5f60e-d820-48d9-8eef-478a9fdd8b34",São Domingos do Azeitão,"01a02d5a-9e8f-7c60-b084-42d0d7a20ac3"
"94236498-d9fe-4870-b0ce-99fdcabe34cb",São Domingos do Maranhão,"01a02d5a-9e8f-7c60-b085-8c26e6196859"
bfa2105d-89a1-459b-abca-f4648b3c98dd,São Félix de Balsas,"01a02d5a-9e8f-7c60-b086-ecfcae5e9f1c"
"788578c0-f71c-44ea-a8ac-96ebd97beeb6",São Francisco do Brejão,"01a02d5a-9e8f-7c60-b087-9366fd8ef14c"
be2cd232-a02a-4bab-ada9-c9f704f7cff7,São Francisco do Maranhão,"01a02d5a-9e8f-7c60-b088-5921d0f3a52f"
"581158ec-af7d-4b64-a86c-cbc904e552f0",São João Batista,"01a02d5a-9e90-7c61-8af5-9abe17ffb4e0"
"0127562c-70e6-481e-8977-60b3d0f5aa29",São João do Carú,"01a02d5a-9e90-7c61-8af6-dd5a13931095"
"6e39d891-0298-4c88-81cd-0709506f6444",São João do Paraíso,"01a02d5a-9e90-7c61-8af7-0740aea203bf"
ed74b403-25b8-4f7d-8ed7-4eec7833f3af,São João do Sóter,"01a02d5a-9e90-7c61-8af8-476ed7c90edb"
f988454e-8b74-4b6c-8706-978cc3f900b9,São João dos Patos,"01a02d5a-9e90-7c61-8af9-24b0a024eb56"
"12c4ec20-f4e3-475e-93fc-954d284a0492",São José de Ribamar,"01a02d5a-9e90-7c61-8afa-422aef16b3e1"
"95bbf73d-f9a6-4b07-bd0d-804aebffdfe4",São José dos Basílios,"01a02d5a-9e90-7c61-8afb-c1b1eb2a8c4a"
"3d7370b3-890b-4e98-bd16-55396260ceac",São Luís,"01a02d5a-9e90-7c61-8afc-08da8870bc40"
"830d0a98-3831-4c46-b7e3-f82932b8f370",São Luís Gonzaga do Maranhão,"01a02d5a-9e90-7c61-8afd-fa864859c5bb"
"205285d1-e78d-4b41-a8ac-7546b61071a4",São Mateus do Maranhão,"01a02d5a-9e91-7c5b-8600-68fd1fdc10ae"
"7bd6b4d5-abd7-46b0-a008-95e1d8b11dad",São Pedro da Água Branca,"01a02d5a-9e91-7c5b-8601-12962da4b999"
ba796c10-063f-41c1-95c8-1c5c2f0489bf,São Pedro dos Crentes,"01a02d5a-9e91-7c5b-8602-b090df70f521"
"5bc1d9f1-29be-4c37-a05a-a2ee822149b1",São Raimundo das Mangabeiras,"01a02d5a-9e91-7c5b-8603-06e70d700fa2"
"3cf64bdc-0d85-463e-8dd0-425508314e14",São Raimundo do Doca Bezerra,"01a02d5a-a277-7542-9222-26bb468e6273"
"037453c9-0a32-4e87-a5f6-04c6c36004eb",São Roberto,"01a02d5a-a27a-7a1c-96e9-222cb54f36b8"
cf743db4-124c-4f54-9727-80a1a173e7bc,São Vicente Ferrer,"01a02d5a-a27b-72c4-81c5-ffda16d42586"
a276441b-714e-4260-b206-2933403d4917,Satubinha,"01a02d5a-a27b-72c4-81c6-0568142b3f98"
"0435d571-f740-4b76-a105-ee1d089c89a6",Senador Alexandre Costa,"01a02d5a-a27b-72c4-81c7-49d67e0f44ec"
"7cf15b40-f457-4094-a2d2-63429e7decbe",Senador La Rocque,"01a02d5a-a27b-7be0-81c8-0468b2578ac0"
fe288c4d-0d96-42a8-afa1-f17fc265954d,Serrano do Maranhão,"01a02d5a-a27b-7be0-81c9-e7c223a49f7c"
eb94fbb7-f0a3-4d5e-b7f2-0f6a036b2fc4,Sítio Novo,"01a02d5a-a27b-7be0-81ca-3ce8c45afd10"
"478e9872-cdfd-4ae6-9fd2-b2b2bd783073",Sucupira do Norte,"01a02d5a-a27c-7487-b654-89ec734e589c"
"90a43d73-4379-491b-a84f-26f42aa36cd7",Sucupira do Riachão,"01a02d5a-a27c-7487-b655-0c05dbc661cd"
"2f708ab4-5c8e-48cf-8d60-2e098e86d264",Tasso Fragoso,"01a02d5a-a27c-7487-b656-4121dbd71e99"
"24361a88-9f57-4d8d-a804-50f0688d8c2f",Timbiras,"01a02d5a-a27c-7d26-b657-0e185b547a94"
f6625a8d-7ae4-4d45-b07f-e2177e7a2cee,Timon,"01a02d5a-a27c-7d26-b658-3edb9dcdef3c"
f2bd2cc6-5fbb-441b-8fe8-89a171c5a5c9,Trizidela do Vale,"01a02d5a-a27c-7d26-b659-4516fa58859b"
"8ca58c9e-2a66-4f2f-98b2-705d8f978535",Tufilândia,"01a02d5a-a27d-7585-885f-cf781626b056"
"0c34535b-fbd9-4b99-8df2-8c747afeea90",Tuntum,"01a02d5a-a27d-7585-8860-64816b1712f6"
ee5a42c1-bef7-4799-a61d-6e2f9d5cdc44,Turiaçu,"01a02d5a-a27d-7585-8861-4f2eedf646a8"
a68b06dd-aece-4222-bce9-56b8f8427142,Turilândia,"01a02d5a-a27d-7e39-8862-cfad8fb9a26d"
e6988c5f-b9e6-46da-abee-c26c76a25a91,Tutóia,"01a02d5a-a27d-7e39-8863-adc2d4194072"
"9c8f0fbf-519b-4e3f-93d0-81ce87c3a4d7",Urbano Santos,"01a02d5a-a27d-7e39-8864-dcbd1b80e01a"
"2076cd47-1c02-463e-86ea-eabdcb54a272",Vargem Grande,"01a02d5a-a27e-76d6-a794-c34524bb2124"
"4a295a01-2712-4094-a452-f5387c08200b",Viana,"01a02d5a-a27e-76d6-a795-64bb1816a78d"
"1d482fdc-e480-44e5-9694-567f48df1007",Vila Nova dos Martírios,"01a02d5a-a27e-7f79-a796-3a5e16c2e87d"
d1d5aea6-ab24-4179-8f83-f40bb6204907,Vitória do Mearim,"01a02d5a-a27e-7f79-a797-1c3f8f571b66"
fc291239-8914-4e9e-ac2b-30031020b3de,Vitorino Freire,"01a02d5a-a27e-7f79-a798-1de0ccd9d5f6"
"3c9f9d7f-11f9-4f0a-8545-dd859dc30f98",Zé Doca,"01a02d5a-a27f-784b-8faf-08fa5f30c6d9"
"34e4cd21-9e52-4771-a08f-e7b55cf0c4e7",Abadia dos Dourados,"01a02d5a-e59b-7e2c-b576-ab1a01b3ca5b"
e13a5f02-be9c-4b1a-a277-8249bcf78288,Abaeté,"01a02d5a-e59e-79db-afab-73870779a124"
f20f98df-b56f-4607-b518-e504f2539ef3,Abre Campo,"01a02d5a-e59e-79db-afac-1070c37aa7d9"
a3fa150f-5960-4e7f-b7a0-512248154ce9,Acaiaca,"01a02d5a-e59e-79db-afad-e79cf1316360"
"6b35958c-a393-49e9-8e75-fd3bc1be7dc4",Açucena,"01a02d5a-e59f-72a3-b3f2-4ce198f2d2b2"
a53ed0a7-d256-41f9-b321-5ed90cf33990,Água Boa,"01a02d5a-e59f-72a3-b3f3-29bba85ff106"
"45e21e7b-e91b-4c3a-a101-1820a6cfbd50",Água Comprida,"01a02d5a-e59f-7b38-b3f4-e8cee2110694"
"0c3790f8-215e-4063-a7e4-5187bb158978",Aguanil,"01a02d5a-e59f-7b38-b3f5-eba4f21e1908"
"13335e11-4cb4-46f3-887b-189136175609",Águas Formosas,"01a02d5a-e59f-7b38-b3f6-dabda788ff1b"
"4addf57f-06c4-4cc8-9615-081704e1feba",Águas Vermelhas,"01a02d5a-e5a0-741d-b95d-6ff1b3c8f727"
"4ae6dfea-e808-4a77-b615-243b523b800d",Aimorés,"01a02d5a-e5a0-741d-b95e-62f6681a6f9c"
e7b2e47d-1657-43d3-9495-001bc1ecae45,Aiuruoca,"01a02d5a-e5a0-7cfc-b95f-f5b5ba0e1a42"
"6b043a8b-f48a-485e-9302-e98c16a470f0",Alagoa,"01a02d5a-e5a0-7cfc-b960-952e5776aa08"
"3e5ba692-3597-469d-b5fc-bad605457301",Albertina,"01a02d5a-e5a1-75bb-95a2-4fe8c22a41f6"
"74d2fa86-43fc-4346-b902-699831ef1dc2",Além Paraíba,"01a02d5a-e5a1-75bb-95a3-61689123bb9b"
"4225a0e2-1b04-4aab-8a84-907c652d211d",Alfenas,"01a02d5a-e5a1-75bb-95a4-c8bcfa8fe9a3"
"6d7cb458-d015-4674-a40d-2a2c132e1213",Alfredo Vasconcelos,"01a02d5a-e5a1-7e8a-95a5-ebaf58a3d8ac"
ea319ef4-26fb-488b-afa4-f85197c77f09,Almenara,"01a02d5a-e5a1-7e8a-95a6-f4db64d0009a"
b405e2b3-8339-459a-baad-6ba133c33036,Alpercata,"01a02d5a-e5a2-7733-8941-7429484e7016"
e33d00eb-6fe5-4189-87d5-7b2100036855,Alpinópolis,"01a02d5a-e5a3-7412-834d-03642460c6d2"
"2e42746e-8947-442b-a7d4-9939c674f4e1",Alterosa,"01a02d5a-e5a3-7412-834e-0b4a43af2291"
"0ca78e0f-48e5-4da5-a194-32d0cd555262",Alto Caparaó,"01a02d5a-e5a3-7412-834f-7add0671c30c"
f91becac-2659-4e36-b11e-2530d3dc2271,Alto Jequitibá,"01a02d5a-e5a3-7d65-8350-aebc08d01e9a"
e2269ced-1710-4c16-9547-b0eefb19835f,Alto Rio Doce,"01a02d5a-e5a3-7d65-8351-21229ef01564"
"2438dfdd-a376-4dd0-a4a2-d85de91f36ef",Alvarenga,"01a02d5a-e5a3-7d65-8352-f66b98328c48"
"0655cc11-e8ce-4130-9e26-86af96b1526f",Alvinópolis,"01a02d5a-e5a4-7648-9d54-99b080d20c09"
"6a57a0ab-c15d-4d71-9b63-5747e8c20dee",Alvorada de Minas,"01a02d5a-e5a4-7648-9d55-3b2e8e26cc7e"
fb44abfe-b19c-4521-b458-3e24ee999381,Amparo da Serra,"01a02d5a-e5a4-7f2d-9d56-743acc2a8be9"
"7fb9c1a7-3e33-4948-9794-5c566a771a7c",Andradas,"01a02d5a-e5a4-7f2d-9d57-77b92f1cfb78"
"2f9990af-1886-44aa-950c-b2f7f6765194",Andrelândia,"01a02d5a-e5a4-7f2d-9d58-350fd2e7bfa6"
"4ad51e94-ebb7-454c-a7df-e29c86d30e4f",Angelândia,"01a02d5a-e5a5-7812-b085-f6bf0f2774f1"
"4192d3db-0018-4e82-ac4c-0fe2756746d0",Antônio Carlos,"01a02d5a-e5a5-7812-b086-0c1ee736368a"
a9cb81ae-f592-4891-ba6f-e24550126a8b,Antônio Dias,"01a02d5a-e5a6-70dd-833d-07ed334ef7de"
"44055135-6543-4127-bdfe-68915e08812b",Antônio Prado de Minas,"01a02d5a-e5a6-70dd-833e-124d4e4cef4c"
cae3150c-1cd3-425e-9e6a-5d306c156f35,Araçaí,"01a02d5a-e5a6-70dd-833f-65131566e14c"
"779b3a33-bd2e-4608-9ff7-cbd3a4d4fe63",Aracitaba,"01a02d5a-e5a6-7a14-8340-d445e25ca456"
b1531592-ed42-4e44-b9c7-592f2c037ec3,Araçuaí,"01a02d5a-e5a6-7a14-8341-3c21c983cff4"
"2b60b856-63c1-4f9d-82c7-e279f869f01a",Araguari,"01a02d5a-e5a7-7305-897e-f7242430b4df"
c1174ae1-ab00-4a22-ad98-99d6e8598f4c,Arantina,"01a02d5a-e5a7-7305-897f-cd8d1cf27011"
"94fd9023-416b-4b90-aa6f-3a25297006bf",Araponga,"01a02d5a-e5a7-7305-8980-9bf6df77db7a"
"664d73e8-4663-496d-989b-62ef8d4a9f19",Araporã,"01a02d5a-e5a7-7c20-8981-86edae66a683"
"0c7b7405-6d51-420c-be46-13681b49cc94",Arapuá,"01a02d5a-e5a7-7c20-8982-29943ccf3fb2"
"7d326fc0-d0fc-48f3-95c5-027d7c9d7fc5",Araújos,"01a02d5a-e5a8-74fe-9250-3f8f44e257ed"
"8a1f08b9-eab6-492c-b0c6-a0100efd7127",Araxá,"01a02d5a-e5a8-74fe-9251-9e681f3e7d1d"
"5df7b1c8-6fea-42dc-8d8f-1406b0fc20f0",Arceburgo,"01a02d5a-e5a8-7dce-9252-f469ec0125b4"
"164d304e-9ada-43c4-ba2e-99ffade26d22",Arcos,"01a02d5a-e5a8-7dce-9253-1fdb7c954287"
f627ed79-5079-4b33-ac7e-8a7d2ebbea9b,Areado,"01a02d5a-e5a9-76a3-b5a9-1c4696522cac"
db0d46ab-f3b1-4a40-995c-05dc0aaf0af1,Argirita,"01a02d5a-e5a9-76a3-b5aa-f7899b35a590"
ab3498a6-6fad-47a4-9b34-8f223b306bf2,Aricanduva,"01a02d5a-e5a9-76a3-b5ab-bb93ce3c95ce"
"976e5619-b52e-4e33-bcc8-59eee34e96bd",Arinos,"01a02d5a-e5a9-76a3-b5ac-a7dfc0f2a3bb"
f74052ab-71cd-479b-975f-7a1c83f76e21,Astolfo Dutra,"01a02d5a-e5a9-76a3-b5ad-cbc1d0df3628"
"451e4e6e-c9cc-443b-a236-97aab3cb6e86",Ataléia,"01a02d5a-e5a9-76a3-b5ae-ef1557f620aa"
"9e0c0e0a-2576-426e-bd52-1732410c5cc9",Augusto de Lima,"01a02d5a-e5aa-76c6-b97c-a73994c6bbff"
"09b48a6e-4aff-4186-a513-77cc35dd5e68",Baependi,"01a02d5a-e5aa-76c6-b97d-342c1cb4844e"
bd128fec-7a36-4921-b67c-80abdc19cb53,Baldim,"01a02d5a-e5aa-76c6-b97e-7ec9b470a2fc"
a7a5ca36-83dd-4c76-8ebc-610329dce4d7,Bambuí,"01a02d5a-e5aa-76c6-b97f-5c27af1c00f8"
e62799d7-5847-4262-a0bb-ec4299e8ec66,Bandeira,"01a02d5a-e5aa-76c6-b980-ad00debe4366"
e18c1edc-c83e-4673-956c-e8085f31551c,Bandeira do Sul,"01a02d5a-e5aa-76c6-b981-310fe8792049"
f597bf27-9a84-4297-b457-4e9a78da39b6,Barão de Cocais,"01a02d5a-e5aa-76c6-b982-4472ac50f71d"
"4565fad5-be32-4142-9cb3-ba7c5b200751",Barão de Monte Alto,"01a02d5a-e5aa-76c6-b983-a45dd9379017"
"913c8d02-bc73-42c4-aa6b-dc43ba213b99",Barbacena,"01a02d5a-e5aa-76c6-b984-b6a303445670"
"5d8eaba3-ec3b-45b4-afdf-248b9d2d3b10",Barra Longa,"01a02d5a-e5ab-76c7-915f-5a7b2112b7a9"
"74cd4439-e85f-4c4d-ab6f-7e5ab6b13c2e",Barroso,"01a02d5a-e5ab-76c7-9160-c1e2d474cf5e"
c51316d4-4f44-4843-9812-52f786a1e90f,Bela Vista de Minas,"01a02d5a-e5ab-76c7-9161-a24652985681"
"766a9ac8-3035-4e3d-ae46-85e6137b670a",Belmiro Braga,"01a02d5a-e5ab-76c7-9162-ba704aef36e8"
"8831e0e7-9e6d-44d0-b4e2-1c8a1adc213a",Belo Horizonte,"01a02d5a-e5ab-76c7-9163-064461bb14b1"
ab3b800c-1574-4ac3-871b-b49b743f696b,Belo Oriente,"01a02d5a-e5ab-76c7-9164-3ccc38a8e358"
e50d2d0a-93cf-463e-b7b6-5cdca2d9665b,Belo Vale,"01a02d5a-e5ab-76c7-9165-19a6a785ee49"
"2b73d44e-4fa6-4ef7-982e-2c05349f03a6",Berilo,"01a02d5a-e5ab-76c7-9166-c58e146a5ec5"
"5c9f16c9-2a63-40f3-b5cc-5d3b3bea3cbf",Berizal,"01a02d5a-e5ab-76c7-9167-787b75f1f076"
"99074890-1708-4ab2-8adf-5bf3b206d577",Bertópolis,"01a02d5a-e5ac-76cb-b715-92b30269fd62"
d8bf8115-72a5-4540-b28d-4335c3cf4720,Betim,"01a02d5a-e5ac-76cb-b716-1e28bb8ab1a6"
"41a7e970-aad0-4215-bb60-77c48b81c3b5",Bias Fortes,"01a02d5a-e5ac-76cb-b717-ef836ccab177"
"47014fca-4cc0-4dcb-ada2-93de24c4e28c",Bicas,"01a02d5a-e5ac-76cb-b718-8a03685ce1fc"
"1a4fd9ef-0f3c-4e7d-becd-4a4991097c13",Biquinhas,"01a02d5a-e5ac-76cb-b719-46f36b752a77"
"29fcf3dd-3952-4a2f-82e7-a35db8479b47",Boa Esperança,"01a02d5a-e5ac-76cb-b71a-8104bb3ec1ea"
"264c2cfd-5dc5-4a7f-81e0-b89e2c484a51",Bocaina de Minas,"01a02d5a-e5ac-76cb-b71b-762ad3fd1224"
"1069c630-0e64-4872-967e-cce329bb381a",Bocaiúva,"01a02d5a-e5ac-76cb-b71c-6ee7cad51ed6"
e9af4ec6-c9f2-468f-b068-008553a93295,Bom Despacho,"01a02d5a-e5ad-76ca-befb-cc4a6747198d"
"249f96e9-9e68-4665-8563-fd9fd3392950",Bom Jardim de Minas,"01a02d5a-e5ad-76ca-befc-ab9edb555638"
d01769ba-1e20-48a6-aa08-c0f26e71051e,Bom Jesus da Penha,"01a02d5a-e5ad-76ca-befd-5de53806e28c"
"1af5f287-efb8-42ac-ba2d-fb16515fa589",Bom Jesus do Amparo,"01a02d5a-e5ad-76ca-befe-d4a36d5dd7a8"
"23bf7527-8466-4eb3-80dd-8cdba47217f0",Bom Jesus do Galho,"01a02d5a-e5ad-76ca-beff-2669604b8d2d"
"4236edde-08d0-4afd-afc6-1d9d8f306fc2",Bom Repouso,"01a02d5a-e5ad-76ca-bf00-5cfd6f11e162"
b363f74b-61d9-42ae-81c5-ae5fe1ed123e,Bom Sucesso,"01a02d5a-e5ad-76ca-bf01-c16867dab48f"
"70f22cbd-c738-4ae2-963d-82c6db8eedf0",Bonfim,"01a02d5a-e5ad-76ca-bf02-25843df1d915"
"6b381554-6b4f-4e37-a27f-fe5fc78ad779",Bonfinópolis de Minas,"01a02d5a-e5ae-76bc-bdd8-f430e74e6b92"
"95603af1-9f8b-4ead-b613-6939ade16b25",Bonito de Minas,"01a02d5a-e5ae-76bc-bdd9-5a08bfa58c22"
"01425f16-7078-4fbc-9721-f45c8d4f1cef",Borda da Mata,"01a02d5a-e5ae-76bc-bdda-ef5b4848af6b"
"35e12cc6-7e92-4e43-9e03-a356435b575a",Botelhos,"01a02d5a-e5ae-76bc-bddb-9535f290654b"
acd6f1d0-4997-49b7-8230-82dc55d613b9,Botumirim,"01a02d5a-e5ae-76bc-bddc-bd9790b0163a"
c03423cb-eda8-41f8-9d07-4f3c7cfdb86b,Brasilândia de Minas,"01a02d5a-e5ae-76bc-bdde-703fc74e7de9"
bc55f693-e75b-4b39-b44c-fd4d9db169ea,Brasília de Minas,"01a02d5a-e5af-7ef4-96f9-4254a622a32e"
"19f6fd85-1cf7-445d-9d68-f35a7c920c58",Brás Pires,"01a02d5a-e5ae-76bc-bddd-f151da1ecd29"
"54701c0b-3ea8-4d69-a9a6-a1d9f25ffe5a",Braúnas,"01a02d5a-e5af-7ef4-96fa-7b3b7a2ff30f"
a67cf3f7-4144-4fce-950a-f33ff510d88b,Brazópolis,"01a02d5a-e5af-7ef4-96fb-87dac821fff7"
"6467187a-aaa9-4bd5-9191-6e388882892e",Brumadinho,"01a02d5a-e5af-7ef4-96fc-f2627b2a73a8"
"85eea6ca-351b-4eae-be51-d23e74982aaa",Bueno Brandão,"01a02d5a-e5b0-7f26-8f7b-460aae5794f2"
"5a523379-2cc8-419b-a0bb-e1b58668b5e9",Buenópolis,"01a02d5a-e98c-7114-858b-e8d872ace7d1"
e1df6344-359c-498b-ba28-6d5543aa936b,Bugre,"01a02d5a-e98e-7cd0-a1e8-9131eb4ccbfa"
"60dc2146-d3ff-4266-972b-d4b8faebb3b1",Buritis,"01a02d5a-e98f-75ae-8368-beb605dc4e19"
"75bd932a-a9c8-4c4b-86d7-d58691a08edd",Buritizeiro,"01a02d5a-e98f-7e83-8369-3b4d36ccf93a"
f1092d2a-23a7-44c9-8e4b-d67fd1b4b802,Cabeceira Grande,"01a02d5a-e98f-7e83-836a-eede2b181a6c"
"4a52ffe2-8674-4e80-ba78-1ac2272d36fb",Cabo Verde,"01a02d5a-e990-7768-80f7-9c0a627b68e8"
"20ef36c8-329e-4ba3-8b2f-f9b4af68fb80",Cachoeira da Prata,"01a02d5a-e990-7768-80f8-cd2a00676f36"
"174818e9-c84a-4f89-b6b5-e7618c31e9fe",Cachoeira de Minas,"01a02d5a-e990-7768-80f9-a51e84c1c775"
d70e3e91-2955-4c27-8810-84b8ec7409a2,Cachoeira de Pajeú,"01a02d5a-e991-7284-b5d3-9141579dbde3"
"4c631afa-5e2f-48eb-8bdd-19ca7c5196fe",Cachoeira Dourada,"01a02d5a-e991-7284-b5d4-ef7d57f30208"
cbdf687f-13f8-4dad-8cad-0b33df43ab4f,Caetanópolis,"01a02d5a-e991-7284-b5d5-f5633e39aff4"
"1dfd4456-0cdf-4499-b9a9-58724f6416b8",Caeté,"01a02d5a-e991-7b49-b5d6-045e5b86cc87"
"9bde761b-25c7-4975-ba96-1c20d25e12cc",Caiana,"01a02d5a-e991-7b49-b5d7-fabc83ef8b64"
eacc5246-2ee7-4276-8ce1-85c4484c7b88,Cajuri,"01a02d5a-e991-7b49-b5d8-256a5f353b2d"
d7b0bf5b-eb08-4d23-b65a-c32cf8bcc847,Caldas,"01a02d5a-e991-7b49-b5d9-2f4b7fd200f6"
c5e03eb7-e70c-4b37-87d1-e153fcab9f9d,Camacho,"01a02d5a-e992-7440-ad18-c8576f439f25"
af9befc8-6f1f-49bc-8f75-f0151d9d926a,Camanducaia,"01a02d5a-e992-7440-ad19-d47e0593023f"
"3b167ced-913f-4567-9fa9-117aa86db579",Cambuí,"01a02d5a-e992-7440-ad1a-ba40a9ec284c"
"8b6ea9a2-c18f-40fc-b480-69598406376f",Cambuquira,"01a02d5a-e992-7440-ad1b-0c1c44bcf4dc"
"1d61cf21-76bf-41d0-b783-98ba6b2a6d24",Campanário,"01a02d5a-e992-7ced-ad1c-1044a10eb62f"
bed8df59-298f-44e3-abb4-f08198642e0a,Campanha,"01a02d5a-e992-7ced-ad1d-a801e84ebd0a"
b9e0bc50-9eca-4fc2-9c9f-c94870bfd849,Campestre,"01a02d5a-e992-7ced-ad1e-395b18fd907f"
e15512f1-61f3-45b0-ac7a-c10c144a9750,Campina Verde,"01a02d5a-e993-7599-bca4-7528c682872d"
be0813df-41ff-41e5-b76f-2cf1379bfc96,Campo Azul,"01a02d5a-e993-7599-bca5-d8a7f1973613"
c1d9e255-d41f-462b-bfe5-7da2283dd133,Campo Belo,"01a02d5a-e993-7599-bca6-a1f4c2518930"
"266916ed-0162-48f0-9bbe-8365672bcca8",Campo do Meio,"01a02d5a-e993-7599-bca7-a34bd4554299"
adb27db2-70ac-4488-9509-aae4a27f5a15,Campo Florido,"01a02d5a-e993-7e48-bca8-5650e76f8651"
"4fdcadd1-80b2-4d72-b5f8-373ad07f2e8c",Campos Altos,"01a02d5a-e993-7e48-bca9-0557dc84e385"
"9ea53af2-3d0a-43f9-992e-1eda0e926322",Campos Gerais,"01a02d5a-e993-7e48-bcaa-a3f338de2d74"
"77667166-fe84-42fe-8d66-7cc7ca2af0c8",Canaã,"01a02d5a-e994-76f9-b6ad-be4f0f3597f9"
"585b4840-d8da-417e-917e-6fd8a59252f4",Canápolis,"01a02d5a-e994-76f9-b6ae-c7a736772106"
e84c25f8-6de9-4223-b386-9c5e2d16a207,Cana Verde,"01a02d5a-e994-76f9-b6ac-e9ebeebe12d1"
"591c2c74-23d8-4630-a72c-22b89fc6b1a6",Candeias,"01a02d5a-e994-76f9-b6af-f49fa3150807"
"8ec60fa4-c010-40d5-ac09-c7d4d20ba2bb",Cantagalo,"01a02d5a-e994-7fe4-b6b0-cab439741db8"
b0a97a83-3225-4594-a561-cd1b1f35791f,Caparaó,"01a02d5a-e994-7fe4-b6b1-c1f8c29676d9"
"8ccb3535-96e8-4ab8-a647-6783bf667825",Capela Nova,"01a02d5a-e994-7fe4-b6b2-0fa557d4492d"
"64838f02-9560-4d30-8a8d-68e132d68a5c",Capelinha,"01a02d5a-e994-7fe4-b6b3-7838284c419a"
fc736196-6442-4bab-81d2-13b8056c88a5,Capetinga,"01a02d5a-e994-7fe4-b6b4-b570b68fea0b"
c479292b-998a-438f-8f6e-fda8449304dd,Capim Branco,"01a02d5a-e994-7fe4-b6b5-bd29f7ed52f7"
"2d877905-2067-433f-9f37-188679eb32d6",Capinópolis,"01a02d5a-e994-7fe4-b6b6-52eabae3dfae"
fb491d87-ce1b-41e8-924f-a6f99a8bb71e,Capitão Andrade,"01a02d5a-e996-700b-8d32-e19a3688d288"
"3ba0506a-49b4-49e9-a6f1-26a32a3d96bc",Capitão Enéas,"01a02d5a-e996-700b-8d33-16f03c72b59c"
"92d10662-ce30-40c5-8355-99f099ce3e68",Capitólio,"01a02d5a-e996-700b-8d34-6e7b50a7f593"
"0e9e8575-2fd9-42f8-9f3d-f4b1b6146326",Caputira,"01a02d5a-e996-700b-8d35-a5fa955d2244"
"77504308-ce19-424d-b36e-276df0f5f7c6",Caraí,"01a02d5a-e996-782d-8d36-5b759fac50b4"
f3a6d9ed-fb82-4f6c-8605-6f951ed2f058,Caranaíba,"01a02d5a-e996-782d-8d37-307f4bf14898"
a504fde4-b5a7-4b96-b5f7-63a550edc60a,Carandaí,"01a02d5a-e996-782d-8d38-35401cfcdc3f"
f29ce58c-3346-423e-85aa-530deb6fee15,Carangola,"01a02d5a-e996-782d-8d39-d648f0f375ae"
ab1e76e4-1cbc-4306-87a0-9a031c61e97d,Caratinga,"01a02d5a-e996-782d-8d3a-15e1032bde11"
"33ba0a69-a78c-42b9-b052-b42706e2724e",Carbonita,"01a02d5a-e996-782d-8d3b-aff0ba8377aa"
"37bce7d0-a52f-44c7-ac6b-4ec64faa930e",Careaçu,"01a02d5a-e997-784d-9e6b-ee99119500d2"
"25c4ba09-d0de-40f0-9804-8aa2248a22f9",Carlos Chagas,"01a02d5a-e997-784d-9e6c-3ac2588518ee"
"8793e2f0-25b4-4ac0-a914-4945ca8cd0e8",Carmésia,"01a02d5a-e997-784d-9e6d-5fc59bb3155c"
cb458c03-8c1a-4fe2-92fb-fdb3bfff1d02,Carmo da Cachoeira,"01a02d5a-e997-784d-9e6e-c75ecbb0aa5e"
a897ebfd-15ae-43fe-a204-e067f2e8e62f,Carmo da Mata,"01a02d5a-e997-784d-9e6f-7da0995684ba"
"5224b0ef-cd73-4bcf-8c52-02d1ab316b8c",Carmo de Minas,"01a02d5a-e997-784d-9e70-fa5d27732d72"
aa8de56c-d596-455f-85a8-766fe3e3ddf7,Carmo do Cajuru,"01a02d5a-e997-784d-9e71-f552eb9adf00"
"4f8b66d7-2583-4170-944f-d16528add881",Carmo do Paranaíba,"01a02d5a-e998-7876-8207-94a20c187168"
d897522e-b511-4e20-82f1-f691f5a9e208,Carmo do Rio Claro,"01a02d5a-e998-7876-8208-a4b810394c19"
"19a91382-1b8e-4e52-b697-4969b3bf939d",Carmópolis de Minas,"01a02d5a-e998-7876-8209-6a9f19130c81"
"63d7c2c9-9426-49b1-aafb-2647d53c7c97",Carneirinho,"01a02d5a-e998-7876-820a-a08206791fa1"
"0dbf32c3-f5ca-48d6-a95d-94477ab99272",Carrancas,"01a02d5a-e998-7876-820b-329c8bb9d220"
"2fae79e4-d652-4786-8073-890434583ca3",Carvalhópolis,"01a02d5a-e998-7876-820c-8839b0179b58"
"2712d89f-3b1e-44be-90bf-a55376513036",Carvalhos,"01a02d5a-e998-7876-820d-a62a078dbfe9"
"989e3d4e-f337-4c92-b915-93bd5b195573",Casa Grande,"01a02d5a-e99a-709e-9275-27cdd077fc52"
dbc2dc6f-865f-4f01-90a6-68d5f70ee8a3,Cascalho Rico,"01a02d5a-e99a-709e-9276-29aabf32b5ff"
fafec548-df7d-4715-b4b0-fc3b22dbbe82,Cássia,"01a02d5a-e99a-709e-9277-91defc12121e"
"02871dc8-f747-423a-933f-2284323349d9",Cataguases,"01a02d5a-e99a-7962-9278-e7f592201c77"
"2a4cee1b-4b5b-46b0-95a2-53a75a49b4ce",Catas Altas,"01a02d5a-e99a-7962-9279-26354e8cf99e"
"101e7b7a-2dd3-45a5-a075-90d44c2dd5b9",Catas Altas da Noruega,"01a02d5a-e99a-7962-927a-3c8349be296d"
"65b14f31-2798-421c-97cb-d5085643f061",Catuji,"01a02d5a-e99b-7234-9a25-3e11d1f6a35e"
"74c0545d-1b9a-42f4-bfa5-82f19ee411d3",Catuti,"01a02d5a-e99b-7234-9a26-dd8af06db493"
"2b088a14-2a88-49ab-9965-df3a23bc6508",Caxambu,"01a02d5a-e99b-7234-9a27-b8b9b23f8990"
"711697aa-a29b-47f1-98a4-84a2c09fe590",Cedro do Abaeté,"01a02d5a-e99b-7234-9a28-7dc5fe541f83"
"07ef62c6-b4be-449c-a942-c9842cda061a",Central de Minas,"01a02d5a-e99b-7234-9a29-d5c21db4f2b8"
def7edb2-e238-41fc-b39c-1a0801884e78,Centralina,"01a02d5a-e99c-7287-8e2b-fee417df775b"
"6a57e374-ebb7-41a8-9bd9-77b33e827c67",Chácara,"01a02d5a-e99c-7287-8e2c-038227d1e016"
ca55d25e-ff99-4d6d-9675-5c6366e7bc9b,Chalé,"01a02d5a-e99c-7287-8e2d-3cf8ffe48d76"
ad94e762-0673-4e32-9850-daf32b08ef8f,Chapada do Norte,"01a02d5a-e99c-7287-8e2e-44350f5e8a05"
a08f1a91-9a57-4003-9ea7-10aa51732510,Chapada Gaúcha,"01a02d5a-e99d-7261-b30a-8e173ec8f484"
fc0849fd-9abb-4cf6-8bb9-2de4a80c974b,Chiador,"01a02d5a-e99d-7261-b30b-47dd2df344c9"
fa2bb0e4-fe07-4788-8979-ca25d9566666,Cipotânea,"01a02d5a-e99d-7261-b30c-326381159164"
"9bebb3a2-9324-413b-9dee-ccd677fb809d",Claraval,"01a02d5a-e99d-7261-b30d-d1b6d414ab57"
bed88c04-18a5-4350-9474-b5301d363191,Claro dos Poções,"01a02d5a-e99d-7261-b30e-89d4931da303"
"9b64fca5-c335-455e-ab24-8341329ec8f2",Cláudio,"01a02d5a-e99e-7263-8f46-79093231c165"
a3923678-684d-451f-a76c-3c2a0005f14e,Coimbra,"01a02d5a-e99e-7263-8f47-b4c33cc7038e"
"4bd6bf52-c4c2-4f64-b131-165a74174260",Coluna,"01a02d5a-e99e-7263-8f48-e55dba69537c"
"9de85191-ac6d-4ba7-a9bd-71a7f3d88b15",Comendador Gomes,"01a02d5a-e99e-7263-8f49-3cf5e7a9d367"
"1b53a7c5-9267-4624-a929-06d6b25933f7",Comercinho,"01a02d5a-e99f-7263-b7b8-1a715cf7aa1c"
feab98d5-c778-46d8-be94-d3ae9e2d3023,Conceição da Aparecida,"01a02d5a-e99f-7263-b7b9-e3814574359e"
a55f1ef2-e6b0-4138-a380-bc2e0931abff,Conceição da Barra de Minas,"01a02d5a-e99f-7263-b7ba-0f26df619c33"
a5e99500-3406-4fcd-bb53-a21b7c00448a,Conceição das Alagoas,"01a02d5a-e99f-7263-b7bb-82665d60c938"
"27fbb7c4-1166-4749-992a-52be9827152f",Conceição das Pedras,"01a02d5a-e99f-7263-b7bc-a1a358ba4373"
"9e71caec-9bcf-4ffa-b1f5-a08e7fce6e43",Conceição de Ipanema,"01a02d5a-e9a0-7264-a198-751cb4828e62"
eb41921a-6747-49a2-9810-00e5943b70a5,Conceição do Mato Dentro,"01a02d5a-e9a0-7264-a199-b0231d7ece36"
"376aafc9-b092-4974-9312-dc480d3b139b",Conceição do Pará,"01a02d5a-e9a0-7264-a19a-3916a2fe9778"
"2c86dd4a-e143-4cda-bd28-4188be5643fb",Conceição do Rio Verde,"01a02d5a-e9a0-7264-a19b-866f854db843"
"8db3520f-59f4-4aca-b60d-0a2dcf67ec02",Conceição dos Ouros,"01a02d5a-e9a0-7264-a19c-ed9bb8b70d2d"
"32b6d302-6ebb-4b24-ae3a-b283b7635249",Cônego Marinho,"01a02d5a-e9a1-7261-9a54-500c5dc36d6e"
db7d2924-ac4f-4719-b2cf-446ac361391d,Confins,"01a02d5a-e9a1-7261-9a55-af70aae3b976"
ffc6bb8d-1258-4db1-973a-0ee8cfbda7f7,Congonhal,"01a02d5a-ed83-7238-9ce2-4d88e20d418f"
"37b33dd4-f9b8-47b4-9f44-eb69e9a113d1",Congonhas,"01a02d5a-ed86-775b-b9e7-220cf5d9e123"
ac061255-9a74-42c9-b0b7-71f1331c67c4,Congonhas do Norte,"01a02d5a-ed86-775b-b9e8-90a3d78a3cbc"
"79c1e98b-2495-418f-871d-a6cc18d2c79e",Conquista,"01a02d5a-ed87-7023-93e4-0b77f1cbdd81"
"4d2f08b6-50ef-4fdb-aa9c-b98c53077ced",Conselheiro Lafaiete,"01a02d5a-ed87-7023-93e5-8ba38963a83d"
"5f89b09e-a9a5-4c65-a842-99088ae3991c",Conselheiro Pena,"01a02d5a-ed87-78ce-93e6-52cb81da37a4"
a349e68f-662a-43f8-b886-247f3f6bb57d,Consolação,"01a02d5a-ed87-78ce-93e7-abf502131364"
"3482e849-e92f-44f1-88b2-bb6c1ed41439",Contagem,"01a02d5a-ed87-78ce-93e8-16fb6a80680e"
"471cd64f-3447-413a-9ac3-d07016830137",Coqueiral,"01a02d5a-ed88-71e7-bd28-a9648aaff95f"
"8495d637-08cc-4c00-851d-759bb9b91ce8",Coração de Jesus,"01a02d5a-ed88-71e7-bd29-0cecd5503713"
"5845b958-3fb1-4bde-ade3-2cc75e5ddc5f",Cordisburgo,"01a02d5a-ed88-71e7-bd2a-5838c9e7fbe4"
"552a2aa7-5da3-41ee-8512-822cee397ee3",Cordislândia,"01a02d5a-ed88-7ac9-bd2b-6819a246839f"
"5b083c6b-52dd-4810-af1f-4407bc66621c",Corinto,"01a02d5a-ed88-7ac9-bd2c-1e334f68a430"
a56d61b6-5300-4c69-9f12-d8993ddff857,Coroaci,"01a02d5a-ed88-7ac9-bd2d-73647ac6000c"
"13db3c9b-6450-44bf-9e0a-1a5260ffaf21",Coromandel,"01a02d5a-ed88-7ac9-bd2e-fb22430e1c8b"
f292e7bb-a5d3-4abe-8a21-53ad05e7e6b4,Coronel Fabriciano,"01a02d5a-ed88-7ac9-bd2f-31ed64b86a00"
e69efc5a-3ca0-439a-bbe3-a4b04fe39fe7,Coronel Murta,"01a02d5a-ed88-7ac9-bd30-b78c3009927e"
"9a2d799a-ea20-4cbe-aa2f-19e2bb5e1381",Coronel Pacheco,"01a02d5a-ed88-7ac9-bd31-cf50982933fc"
fc08a8c2-da87-4cd3-9f75-745502a5bdc8,Coronel Xavier Chaves,"01a02d5a-ed89-7af3-addb-ced984bcc47e"
"763df997-305e-4573-a641-df347941bbd8",Córrego Danta,"01a02d5a-ed89-7af3-addc-390c5f69ac4b"
b85c920b-62a1-409b-86a0-08986584e39f,Córrego do Bom Jesus,"01a02d5a-ed89-7af3-addd-8882127e080e"
ba4ec4a2-fd7b-422b-b7e6-15b895488d6a,Córrego Fundo,"01a02d5a-ed89-7af3-adde-afaed4b9ce67"
e2d119e5-f5b3-41e3-9752-159a600afa9c,Córrego Novo,"01a02d5a-ed89-7af3-addf-aa7227689aa1"
e3f33e8f-101b-4c1e-9e70-6d9d418641bd,Couto de Magalhães de Minas,"01a02d5a-ed89-7af3-ade0-4e54c2a43ac9"
"71f16db2-6d94-4331-91b9-d2c94c70ffa8",Crisólita,"01a02d5a-ed89-7af3-ade1-ea41960dee62"
"34defbba-4912-417f-ae5c-6607b67ad277",Cristais,"01a02d5a-ed8a-7af0-85bb-072ffa74e6d8"
"5d4d511a-9898-42a3-a2a7-e663dc9dcfb6",Cristália,"01a02d5a-ed8a-7af0-85bc-413405faab34"
"91ecdb4a-ca91-46b1-88f2-4eac45ea6b67",Cristiano Otoni,"01a02d5a-ed8a-7af0-85bd-2e41815dda45"
ed6677a9-2176-44b6-ab94-694fed811936,Cristina,"01a02d5a-ed8a-7af0-85be-7dc73bbbdbe8"
"944157bd-cf31-4cb7-9e7d-e2519a07677e",Crucilândia,"01a02d5a-ed8a-7af0-85bf-ba9ef8fde99e"
"43aa30c3-ab55-42c7-aca0-d4656d2dfd15",Cruzeiro da Fortaleza,"01a02d5a-ed8a-7af0-85c0-e0019669e920"
"5ead3ec6-29bf-47d8-965a-fe4329629db8",Cruzília,"01a02d5a-ed8a-7af0-85c1-41d3a787c2b8"
"1bdb57fb-b4f3-4504-86a0-2ce4007245fa",Cuparaque,"01a02d5a-ed8b-7ae0-b102-3ffd058f8dec"
d62e0907-f542-4fef-b3d7-6bc1fa934275,Curral de Dentro,"01a02d5a-ed8b-7ae0-b103-9431b7dd9dad"
"48a2fa07-f481-40de-985c-8aa854a626c8",Curvelo,"01a02d5a-ed8b-7ae0-b104-be244f30249b"
"8f83efc7-32fe-4bde-83fe-98205bdb2040",Datas,"01a02d5a-ed8b-7ae0-b105-d18c3b2028d1"
ab63ff8f-b9a2-40de-aafe-a4f153521cef,Delfim Moreira,"01a02d5a-ed8b-7ae0-b106-f51064c68702"
a4daab31-b77b-49f2-82ac-39e99ee289cc,Delfinópolis,"01a02d5a-ed8b-7ae0-b107-77a467c474c4"
"1c1f8082-5044-420d-ab7d-5b8b63cf6af0",Delta,"01a02d5a-ed8c-7ade-867d-414bad687214"
"2d72e9e7-a7f8-4e41-9971-e2d2755f8d15",Descoberto,"01a02d5a-ed8c-7ade-867e-32ba5bfeaa91"
"314ac05e-87b7-4d93-ac12-09d712d5d410",Desterro de Entre Rios,"01a02d5a-ed8c-7ade-867f-f22e6e0d6ff9"
"9f79b417-dad6-49da-9e56-a2142854b070",Desterro do Melo,"01a02d5a-ed8c-7ade-8680-fe0571b97c56"
a19df57a-8666-4a21-9ca0-4b511979f5f7,Diamantina,"01a02d5a-ed8c-7ade-8681-09d5f46b0c32"
efe1920b-61a2-4ff7-8c0d-77888190359b,Diogo de Vasconcelos,"01a02d5a-ed8c-7ade-8682-37e8ef521352"
b7364fbe-a22f-4320-bfb3-2ccd0219093f,Dionísio,"01a02d5a-ed8d-7adf-841c-8e6f733228ed"
fc7140e1-20f4-438d-8a57-33d919d11513,Divinésia,"01a02d5a-ed8d-7adf-841d-73a2d0b7e352"
"8ff1ab3b-8b11-4671-a798-03908b1e0fa6",Divino,"01a02d5a-ed8d-7adf-841e-d23e692f594f"
"72b88e31-7221-49d1-8318-68e9eb84b278",Divino das Laranjeiras,"01a02d5a-ed8d-7adf-841f-771811ffef11"
a5f1784d-1565-46b3-a156-50c119dc4c53,Divinolândia de Minas,"01a02d5a-ed8d-7adf-8420-f73f7515db1a"
"530046d9-2a8e-40c7-9f16-87a7c7107ebb",Divinópolis,"01a02d5a-ed8e-7ade-aa14-5003c80d2b49"
e88a4535-c584-48ab-9f98-ef562f8bb087,Divisa Alegre,"01a02d5a-ed8e-7ade-aa15-9a59eec0c225"
"6a1c3e78-72a6-4d5a-9094-720f3c699ff8",Divisa Nova,"01a02d5a-ed8e-7ade-aa16-ad820cc6dd4c"
"2f3434d9-7b48-4baf-b024-933ff20897b9",Divisópolis,"01a02d5a-ed8e-7ade-aa17-42939c193a64"
"47194e19-f1cf-4ed0-bae2-31f5396c57e2",Dom Bosco,"01a02d5a-ed8e-7ade-aa18-10a126977d86"
d690709c-12b9-438d-bc4b-4d791c142588,Dom Cavati,"01a02d5a-ed8f-7adf-a74d-d5542a508ccd"
"35d21bb0-e20e-405e-a6a3-dee25d9af8dc",Dom Joaquim,"01a02d5a-ed8f-7adf-a74e-d02abddef339"
e46d457e-7c8b-41e8-bfdf-1f960fb3a0f6,Dom Silvério,"01a02d5a-ed8f-7adf-a74f-d0a80c40b619"
debe51e3-1736-45f2-bba0-992d00b67c17,Pequi,"01a02d5a-f9c6-79c8-9fb8-df20665d3e9b"
f3a1a666-14ae-4ccf-bf07-e0347f10ea97,Dom Viçoso,"01a02d5a-ed8f-7adf-a750-93911d74d06f"
"5bac37c1-73d1-437c-8d86-f4eafdd997a6",Dona Euzébia,"01a02d5a-ed8f-7adf-a751-da44cba8d22d"
"4f6cab17-6e66-4b0c-8d8d-6222c4ee325a",Dores de Campos,"01a02d5a-ed8f-7adf-a752-9b27ed59adb6"
c84ea94d-c272-43a6-9c98-1694f55dc089,Dores de Guanhães,"01a02d5a-ed90-7aec-80b5-be1a2c988c8a"
"10b12266-3251-4be4-aeae-61c47d74f036",Dores do Indaiá,"01a02d5a-ed90-7aec-80b6-3f279b7af617"
a3d6db9d-20e3-468b-b8ab-83001ff22b1f,Dores do Turvo,"01a02d5a-ed90-7aec-80b7-aace45a432c4"
e85d6ed6-f547-4a90-bb18-5b9d559091bd,Doresópolis,"01a02d5a-ed90-7aec-80b8-401d9b34fb2d"
"6a6b5cef-7afb-424d-8192-653eb38fa63b",Douradoquara,"01a02d5a-ed90-7aec-80b9-459001cc0d80"
b3d1997d-fce5-425b-b94f-de4239764fef,Durandé,"01a02d5a-ed91-7adf-aabf-4a36b958126e"
"08d20984-ee24-4031-88a5-57bd395eb729",Elói Mendes,"01a02d5a-ed91-7adf-aac0-961087b144ba"
"42dfc804-9e93-4335-b83d-6acb1977ccf0",Engenheiro Caldas,"01a02d5a-ed91-7adf-aac1-24e1ccf0764a"
ff6b8098-c784-40a3-832a-306704e4e539,Engenheiro Navarro,"01a02d5a-ed91-7adf-aac2-c96e1a98136a"
"1c2ce49a-0b82-4744-9b7e-27be199038a9",Entre Folhas,"01a02d5a-ed91-7adf-aac3-478a70ebec67"
cc3fb51b-ae9b-4592-a006-4165a44648cd,Entre Rios de Minas,"01a02d5a-ed91-7adf-aac4-42f8b56637e4"
"53b60b60-7b22-4a97-8c5a-0ea162ca86c4",Ervália,"01a02d5a-ed92-7ade-acce-8da3c421cf3d"
"5ed024cc-e0dd-444d-9d43-ae976b18d041",Esmeraldas,"01a02d5a-ed92-7ade-accf-19743225d85e"
"00235bc4-c9cd-484f-abd4-039439d8d7e3",Espera Feliz,"01a02d5a-ed92-7ade-acd0-7361372301a0"
"7032c20a-2689-4bce-aa3b-fa99e7b3bddc",Espinosa,"01a02d5a-ed92-7ade-acd1-d989af66cb7b"
"616825fe-6cf0-4b44-a20f-ed242a606613",Espírito Santo do Dourado,"01a02d5a-ed92-7ade-acd2-5c7504104b85"
"31ad3b31-dd55-4868-a931-61214a27f90e",Estiva,"01a02d5a-ed93-7ade-be4f-2f0997826d60"
"68347fff-d773-44ff-a4be-38eb591396d8",Estrela Dalva,"01a02d5a-ed93-7ade-be50-1a19025e3e8e"
c9af2787-a408-422b-aca8-cd716d411fed,Estrela do Indaiá,"01a02d5a-ed93-7ade-be51-eeaf3bde9a2e"
"75cd6b8d-1f91-40c6-956d-a18ad38ddcc1",Estrela do Sul,"01a02d5a-ed93-7ade-be52-9b43b157af21"
"5c301ed8-5a51-4137-bea4-0a3395c0ab26",Eugenópolis,"01a02d5a-ed93-7ade-be53-afb34fb4b4a7"
e355f220-c4f5-4093-9f66-d94250fdbf01,Ewbank da Câmara,"01a02d5a-ed93-7ade-be54-04b23443630b"
c009b1f5-45c1-45a4-8f78-0bfd5c38f3a8,Extrema,"01a02d5a-ed94-7add-8dda-c6baf1013d11"
"83791a95-7865-41e7-ae6a-4feff75a1db6",Fama,"01a02d5a-ed94-7add-8ddb-c38b5f0d9fd8"
e8987cfc-c0be-425f-aefd-09460320984a,Faria Lemos,"01a02d5a-ed94-7add-8ddc-e1e39fbdc49b"
b80edf50-2b5f-46ca-9af0-3050024e6118,Felício dos Santos,"01a02d5a-ed94-7add-8ddd-465ca17ce425"
ee71d28b-37e8-4120-8119-846c7666d813,Felisburgo,"01a02d5a-ed94-7add-8dde-0db4f6566416"
f3ece2d0-ba47-4094-81c2-0f8b4ee578e0,Felixlândia,"01a02d5a-ed94-7add-8ddf-6f942e944eea"
"50cce0fb-ef4c-4f28-afec-d584dfbd0d28",Fernandes Tourinho,"01a02d5a-ed95-7afc-ae04-8859b8bbcb26"
ef94fde9-3663-4432-b295-4aa54a87e043,Ferros,"01a02d5a-ed95-7afc-ae05-782e7e75410b"
"6014a7ba-bbff-4818-899c-ab58b889ee84",Fervedouro,"01a02d5a-ed95-7afc-ae06-4c9ba4ba7343"
"6158600d-5cac-4587-b47b-e6030511f31c",Florestal,"01a02d5a-ed95-7afc-ae07-8f410fe36ac4"
"931604da-3bda-496e-8f0a-4449f681c778",Formiga,"01a02d5a-ed95-7afc-ae08-3d66db5d3490"
"3de53cab-30f5-455e-b789-8dc845900d0b",Formoso,"01a02d5a-ed95-7afc-ae09-15f9bc5f96bc"
"35e40048-3db3-4862-829c-3d3b6ea43d30",Fortaleza de Minas,"01a02d5a-ed96-7b27-b76d-19323ab2fc5f"
"88f7bbd7-5dd0-4bd3-92ec-d47821da25c0",Fortuna de Minas,"01a02d5a-ed96-7b27-b76e-a32fbcacedff"
d60c0cdf-30ac-4a85-8320-077be1f9c0b5,Francisco Badaró,"01a02d5a-ed96-7b27-b76f-9abbadc0237e"
"22a3f2f8-7c9b-44f3-8988-e4557a9a29e7",Francisco Dumont,"01a02d5a-ed96-7b27-b770-3c26fe97cc54"
"3b6abf1a-a4f1-403b-92be-c9629c7d35f4",Franciscópolis,"01a02d5a-ed97-7af2-a912-e1e41c3c4f0f"
cc39a72c-03db-4dde-bf26-ccecd5d0f53a,Francisco Sá,"01a02d5a-ed96-7b27-b771-c875d030d967"
b6b7d2a4-b280-411b-9bf3-d896df582995,Frei Gaspar,"01a02d5a-f1b8-73fa-beca-5bd9a7c9b8b8"
"00c22d59-8e07-434c-bf04-ed1f55c72f27",Frei Inocêncio,"01a02d5a-f1bb-7a0d-ac68-6ab9540b24b7"
e042702a-3200-4c00-8aa7-f257dfbfa718,Frei Lagonegro,"01a02d5a-f1bc-7319-b9c3-e42bba3f711a"
"40f427e4-b79f-4513-bdf5-797108be5ad7",Fronteira,"01a02d5a-f1bc-7319-b9c4-0c942e4c2982"
b6462fe3-c0b3-45d7-aa95-8080243121b2,Fronteira dos Vales,"01a02d5a-f1bc-7319-b9c5-d12210f23db7"
d82e68a5-e570-4eda-9bf0-d604e737054c,Fruta de Leite,"01a02d5a-f1bc-7319-b9c6-851ea55c9fdc"
a2cb8b56-8ea0-4aba-8b6f-b1e7e235cc87,Frutal,"01a02d5a-f1bc-7bb7-b9c7-6400f47b2e7e"
bf5a42be-1a14-423b-b2db-782cfc7370ff,Funilândia,"01a02d5a-f1bc-7bb7-b9c8-1c1e7a60d130"
"967f9745-41ca-41ff-8176-20be276f37fa",Galiléia,"01a02d5a-f1bc-7bb7-b9c9-87c1bbd8c26e"
cbaa5601-116a-4989-95c9-a0a304b947ef,Gameleiras,"01a02d5a-f1bc-7bb7-b9ca-310ff180225c"
"4b73d835-255c-4693-9ed6-eb0012a2c7eb",Glaucilândia,"01a02d5a-f1bd-744d-b001-f53fd3b27cdd"
"74d1ee29-5f08-4cd4-8d04-b8cc131a5bc5",Goiabeira,"01a02d5a-f1bd-744d-b002-e162b1ff1c4d"
a6c1e327-1c94-4037-94ea-f40dd550ea01,Goianá,"01a02d5a-f1bd-744d-b003-bcdd047341f0"
"6e55cb03-d6d6-476a-b01f-26bd80543130",Gonçalves,"01a02d5a-f1bd-744d-b004-951ed085b164"
"40834540-67d8-46df-b3be-fde10c7f580a",Gonzaga,"01a02d5a-f1bd-7cf8-b005-e54f8863e7ce"
e8b00df3-1d97-4b39-ba4f-a0a7d77f8c27,Gouveia,"01a02d5a-f1bd-7cf8-b006-51a020b4406e"
"13eda6e1-979e-4532-82be-73e57b8ec3bf",Governador Valadares,"01a02d5a-f1bd-7cf8-b007-77e70ef6ee6b"
ac537815-bf7b-409e-b2e2-4a8ee871df7b,Grão Mogol,"01a02d5a-f1bd-7cf8-b008-4039d3d25dab"
"51d8243b-38f1-4555-9620-7b1a56251769",Grupiara,"01a02d5a-f1be-758c-b111-0875db45cf7e"
"72cc3726-259f-4373-8054-4f80dfa63eaf",Guanhães,"01a02d5a-f1be-758c-b112-1a4ec954c9e0"
"314e3b6b-d7bc-48ff-b44a-b4b4e86430c6",Guapé,"01a02d5a-f1be-758c-b113-97706a2e5cef"
a9147fa9-afb2-46f5-8a19-afb5af0ee56a,Guaraciaba,"01a02d5a-f1be-758c-b114-9ee81c5c7fe3"
"1ca4fc83-02ee-4685-9d8c-f92980bd4f8c",Guaraciama,"01a02d5a-f1be-7e21-b115-5798288fe9e2"
"5fd3fb32-6977-499f-94b3-cdf97c13f90f",Guaranésia,"01a02d5a-f1be-7e21-b116-83a6f33d23dd"
"7a1ab36d-16e3-4ad5-b6a1-25d1b88f7fc8",Guarani,"01a02d5a-f1be-7e21-b117-bd5652300f5c"
eaf14bca-9dec-430f-9226-a4c449037ae0,Guarará,"01a02d5a-f1bf-76fe-82b1-d2bcdff79d19"
cdc07678-6496-46d7-b17c-12672c6d9198,Guarda-Mor,"01a02d5a-f1bf-76fe-82b2-390a9cd3a525"
"81bf9e20-417a-413f-b070-9eceac8619ac",Guaxupé,"01a02d5a-f1bf-76fe-82b3-f979c9fd58cd"
"0d5cbbbf-6f0b-43cf-9186-e670cf268ad5",Guidoval,"01a02d5a-f1bf-76fe-82b4-047833b6a157"
"14af523d-7724-499e-ab66-abed91ea0df4",Guimarânia,"01a02d5a-f1bf-7f9c-82b5-3adcab9ef69b"
"8179ce11-90e3-459c-a107-fe59e7a02ff3",Guiricema,"01a02d5a-f1bf-7f9c-82b6-472d86233218"
aed341d6-f66b-46f7-96b2-5cb09184ffb6,Gurinhatã,"01a02d5a-f1c0-78bc-bf5d-4a03de1a7ba4"
b05d9ec6-e174-451c-8fd0-94e6ecf2f899,Heliodora,"01a02d5a-f1c0-78bc-bf5e-361a1fccf0ec"
"0cf2a956-bf79-4259-bf50-2dce0545459e",Iapu,"01a02d5a-f1c0-78bc-bf5f-eca221a9725a"
"963685ab-cda9-45d1-b652-36d19c68bb40",Ibertioga,"01a02d5a-f1c0-78bc-bf60-307f05ef6ef4"
"48f33bd5-396c-413c-926d-a6f118555292",Ibiá,"01a02d5a-f1c1-715f-a45a-065f89128643"
e1ac69b3-f712-4faa-83e3-b69212d5793a,Ibiaí,"01a02d5a-f1c1-715f-a45b-82846becc5b5"
"7f5bcced-6565-4dc5-bc37-72109d512cf3",Ibiracatu,"01a02d5a-f1c1-715f-a45c-ce52915ac4eb"
"66ac7e1d-5ad1-4bc4-95ea-52e739f58f8c",Ibiraci,"01a02d5a-f1c1-7a32-a45d-467ab183c33f"
"65ee2ffa-ee5a-4729-82cf-606b2b07e6aa",Ibirité,"01a02d5a-f1c2-72f8-a320-8b6b4279c9b6"
"7a7751f4-4880-46b2-8648-3bcb3dbb377c",Ibitiúra de Minas,"01a02d5a-f1c2-72f8-a321-7dd27c9b8648"
"34d3a797-0a4d-4f41-9679-c272df8304bb",Ibituruna,"01a02d5a-f1c2-72f8-a322-dcae1d1b56fb"
"8b545115-23e2-4af9-9728-f4ee7d686e18",Icaraí de Minas,"01a02d5a-f1c2-7be3-a323-b5d2b7ed8bd2"
d8afe35d-a9ce-42cc-a46b-bc1df9f36f6d,Igarapé,"01a02d5a-f1c2-7be3-a324-21fa75e24488"
ad5f6553-c408-454b-8b58-4e358c6306fa,Igaratinga,"01a02d5a-f1c2-7be3-a325-7639f95ae0a2"
ee8dbe79-9356-403a-9973-09a5be5ece27,Iguatama,"01a02d5a-f1c3-747d-a113-8ab4fc492c30"
"382e7859-2539-4c5e-a7fe-e86c1e1d7737",Ijaci,"01a02d5a-f1c3-747d-a114-6eda1fe9aa5c"
"41f0b474-231b-4236-b078-ac5f70a43995",Ilicínea,"01a02d5a-f1c3-747d-a115-2ac9a196a346"
"0eb92795-5977-42e6-9e4c-fd1e239a6fa2",Imbé de Minas,"01a02d5a-f1c3-747d-a116-1d367c5c3024"
b95ec771-2ecd-41ef-a7b9-d05488a066b4,Inconfidentes,"01a02d5a-f1c3-7d73-a117-e3b9e8c86965"
eba8f675-98b6-4bcf-8632-ba0b9cad94f2,Indaiabira,"01a02d5a-f1c3-7d73-a118-ad8a2d5950e3"
"07feb8ee-2499-4e2a-8ba8-6bed52bfe409",Indianópolis,"01a02d5a-f1c3-7d73-a119-b1adef6422c6"
b9708c7b-ac6f-489c-ac4e-6f9ac7f8df04,Ingaí,"01a02d5a-f1c3-7d73-a11a-43d8aaa69068"
"6de02c14-80bd-462d-ab05-3ba15602c7e7",Inhapim,"01a02d5a-f1c4-762e-b218-931d3a18e64d"
cb29a26f-b4c4-483c-8d3d-f15b229ab04f,Inhaúma,"01a02d5a-f1c4-762e-b219-53f452b71e62"
"30c56b6d-85fb-4f14-8192-5dbad7050354",Inimutaba,"01a02d5a-f1c4-762e-b21a-8146b7dfdcc8"
b5f38214-f39e-4f09-85b1-666f2a021f86,Ipaba,"01a02d5a-f1c4-762e-b21b-99b2becc2291"
bed815eb-fa30-4f55-b041-04a7e8d2e895,Ipanema,"01a02d5a-f1c4-7ee5-b21c-9dffe236662a"
dc4f685f-61b0-4784-a67b-e9b6b56a971d,Ipatinga,"01a02d5a-f1c4-7ee5-b21d-7af860f7ddda"
a09a2e44-0841-4214-a9ce-9b7a31e1e890,Ipiaçu,"01a02d5a-f1c4-7ee5-b21e-547b163d0de4"
"0b63a2ae-f194-4108-b99a-307e1ec4cd5a",Ipuiúna,"01a02d5a-f1c4-7ee5-b21f-9bda1a1b99e1"
"2fea0481-72c5-4f47-b3d9-ddf2c11625be",Iraí de Minas,"01a02d5a-f1c5-779a-b6aa-21548b2a5612"
ab12b5af-748a-49b7-84ba-52fabe65dec0,Itabira,"01a02d5a-f1c5-779a-b6ab-6f4f87f6cabb"
"232480f9-1cac-4fc6-99fa-bc3130e53819",Itabirinha,"01a02d5a-f1c5-779a-b6ac-6923e76948f1"
b4362944-578c-487a-a253-0cf5b7b7e96a,Luciara,"01a02d5b-62bf-7e8f-af6b-b09bb3c1f2f7"
"868226d6-e4ba-4ada-b790-57f83d5a484d",Itabirito,"01a02d5a-f1c5-779a-b6ad-b05976441608"
"52386bb7-53cf-489b-940d-906e66deaa95",Itacambira,"01a02d5a-f1c6-704f-a2fd-6cf3940a5e30"
ba5eacc3-ff29-4b18-a7f5-449cb76c354c,Itacarambi,"01a02d5a-f1c6-704f-a2fe-224f1080ebb3"
f911d679-c2fc-452f-bb0f-7f862f3d5e3c,Itaguara,"01a02d5a-f1c6-704f-a2ff-452891b32192"
"96b640f6-ab39-4754-996c-88dcdb0e2b76",Itaipé,"01a02d5a-f1c6-7924-a300-fbfa282a2237"
eebc05b2-8f0b-4c3e-ac7f-8bafa4c78d37,Itajubá,"01a02d5a-f1c6-7924-a301-8f8c52a0b252"
"91d5ec5b-4ae7-4c0b-9580-209d8a702203",Itamarandiba,"01a02d5a-f1c6-7924-a302-43020803410d"
"6c725e93-bde8-4485-8068-0fbcbaae4630",Itamarati de Minas,"01a02d5a-f1c6-7924-a303-45c609950c8d"
fdc1e2b9-4e5b-4bdf-a712-41fffcea89ab,Itambacuri,"01a02d5a-f1c7-71e6-8b3c-6785e5e9bfeb"
"53266dd5-7c0d-4f93-bc39-cadf4d50ae51",Itambé do Mato Dentro,"01a02d5a-f1c7-71e6-8b3d-d5ab4a766ead"
"33c43b61-df30-448b-a0eb-87d2b1e59d31",Itamogi,"01a02d5a-f1c7-71e6-8b3e-98b4d1355602"
db19aa23-723a-4793-95bd-0e1766be5e4b,Itamonte,"01a02d5a-f1c7-71e6-8b3f-a4d312e7b3f7"
"66ac5c63-e0fc-47ea-8c74-1bbcba5ea693",Itanhandu,"01a02d5a-f1c7-71e6-8b40-cdd3ed99461f"
"99702721-88ca-4202-8632-57d0e04fdef7",Itanhomi,"01a02d5a-f1c7-71e6-8b41-64366827c9d0"
b89a524d-e3e9-43ee-93aa-01dceb9aaee1,Itaobim,"01a02d5a-f1c7-71e6-8b42-78ed70007120"
"82898595-53b3-457b-9dd3-4ad20d3ba272",Itapagipe,"01a02d5a-f1c8-720c-bd1d-bdb02b036e06"
"0d2d48de-2330-43b6-9c1e-aa4e4ff7f7d1",Itapecerica,"01a02d5a-f1c8-720c-bd1e-3f73c08cc568"
"384d6b74-f682-4bcb-8720-d9e7628a8a7b",Itapeva,"01a02d5a-f1c8-720c-bd1f-6e3338cde636"
bb87aadf-9276-40c6-8944-933b583802a6,Itatiaiuçu,"01a02d5a-f1c8-720c-bd20-33eacc0739e2"
"859dc5fb-822b-4ac8-a833-c8328446ec0c",Itaú de Minas,"01a02d5a-f1c8-720c-bd21-1bf157ed60cf"
"3aa77159-2d54-48c6-b4ee-95eb4ccd7bec",Itaúna,"01a02d5a-f1c9-721a-b09c-c60eac2d6ede"
"352e3c5e-d929-4d3f-bfcd-263c58ffa14d",Itaverava,"01a02d5a-f1c9-721a-b09d-a9d67ced3ee3"
"1f64d79f-9bf5-4158-bcd2-bc6974abce67",Itinga,"01a02d5a-f1c9-721a-b09e-3ec5ec32e05d"
"06343378-1082-416f-9e6d-a0d72191c899",Itueta,"01a02d5a-f1c9-721a-b09f-83dc33d605f2"
a4005341-673b-4eac-8314-66f3d3c41957,Ituiutaba,"01a02d5a-f1c9-721a-b0a0-964f64c184a0"
e12e3b35-48eb-45a1-9517-53dbd094fa52,Itumirim,"01a02d5a-f1c9-721a-b0a1-5fc8e975d77d"
a6cefd02-a5e3-4a54-84b7-1613e0b69889,Iturama,"01a02d5a-f1ca-7212-8fa9-001f8d09113a"
"5d9e0434-824a-4161-a93f-5d4b37017cb7",Itutinga,"01a02d5a-f1ca-7212-8faa-13f357099dd4"
"61b8ed72-e357-44be-bc18-89a36f87b848",Jaboticatubas,"01a02d5a-f1ca-7212-8fab-f30c9cd9e4e6"
"6cb77267-dbfc-4880-a89e-c5ba9cee10ed",Jacinto,"01a02d5a-f1ca-7212-8fac-9b59e484222e"
"584c170f-acc8-49a8-aa37-16d5eb0829cc",Jacuí,"01a02d5a-f1ca-7212-8fad-6252c292f47f"
af1aa037-a002-44ae-b00b-306104559a10,Jacutinga,"01a02d5a-f1ca-7212-8fae-1b3467eec096"
"11bf0af2-5f69-4989-91c6-22b0c34a1bdc",Jaguaraçu,"01a02d5a-f1cb-720d-bdcb-e559f4c85cef"
"432b0d50-039c-4d84-b14c-83a41c6c8177",Jaíba,"01a02d5a-f1cb-720d-bdcc-aefa848ad8f3"
"9402d0e5-3d8c-4ce6-8b90-4561ea12cbfc",Jampruca,"01a02d5a-f1cb-720d-bdcd-56edb99f347b"
f73f3e8e-b20e-4408-8c8e-6466b99efaf7,Janaúba,"01a02d5a-f1cb-720d-bdce-5a1ac030e4d6"
"21cf07a9-0e8b-4540-adda-3ff659501970",Januária,"01a02d5a-f5b4-73bf-9aec-44a3e3e57d66"
d5d38ec0-9c4e-4307-9cf6-446472f3e44a,Japaraíba,"01a02d5a-f5b6-7eb1-b9e1-e11c03a855eb"
a4fe41ea-2d46-410b-9765-23e7b82b4e36,Japonvar,"01a02d5a-f5b7-77b6-9b9c-733e8a7d6836"
e2989fb9-49ac-44a7-8515-dd8fc457b823,Jeceaba,"01a02d5a-f5b7-77b6-9b9d-175f676fe2c8"
"73f7831e-2209-4003-a493-46f84c7050d8",Jenipapo de Minas,"01a02d5a-f5b7-77b6-9b9e-ef7861095655"
eed5ce1e-f40a-4974-87f3-d2a43be37c62,Jequeri,"01a02d5a-f5b8-706c-b78a-b19fb50df29a"
"5caed7a2-1940-4db8-8b21-8e6dadb9fc15",Jequitaí,"01a02d5a-f5b8-706c-b78b-a1bef6f3a341"
c3295613-6c63-4ba4-a25c-4706897556d0,Jequitibá,"01a02d5a-f5b8-706c-b78c-bdcb026b14fd"
aea12693-7c66-4bfd-920a-89ffaa116889,Jequitinhonha,"01a02d5a-f5b8-706c-b78d-011aacdbf22c"
"3b79645a-9a4f-479e-b8ad-548f26859853",Jesuânia,"01a02d5a-f5b8-791d-b78e-eafcfb7dcd2a"
"2d9cfce9-e2fc-47e1-a0cc-675243e03e5d",Joaíma,"01a02d5a-f5b8-791d-b78f-845ceb8c71d0"
aea20392-39fb-42bc-8717-03aa010f8d92,Joanésia,"01a02d5a-f5b9-71b9-afdd-fe404c37f91c"
"10507ca4-734c-4f35-9221-87735b62195b",João Monlevade,"01a02d5a-f5b9-71b9-afde-59050e7fbca7"
"5af3431c-6092-49ad-b10d-81d2c7d878f0",João Pinheiro,"01a02d5a-f5b9-7a1b-afdf-eda1dc2204a9"
"300d567e-04e4-4c30-88eb-68d1f3fc052d",Joaquim Felício,"01a02d5a-f5b9-7a1b-afe0-8fdf3c30fd2a"
d738c9aa-92df-4deb-bd0e-084ac8d5dbcf,Jordânia,"01a02d5a-f5ba-7281-b794-4d6f52834832"
"94431a57-a90b-48dd-b5fe-cd9afe49a45a",José Gonçalves de Minas,"01a02d5a-f5ba-7281-b795-d9138230e305"
a94bad63-f093-4a5e-9867-c3ad529e0945,Josenópolis,"01a02d5a-f5ba-7b2f-b797-97d6b07eb76b"
"03057077-7611-47a8-85ba-e65f2c5fbae8",José Raydan,"01a02d5a-f5ba-7281-b796-43ee741db468"
db6f5394-46c0-41be-8976-46857fd5cae0,Juatuba,"01a02d5a-f5ba-7b2f-b798-413d0c58e0ee"
"0bb162a9-1bf0-4d51-ad6e-5d370d9cfea6",Juiz de Fora,"01a02d5a-f5bb-738f-aa6e-a3f08cba6579"
"094cf38b-5229-42db-b1e2-8e872169f288",Juramento,"01a02d5a-f5bb-738f-aa6f-26a3784d4d71"
"59b70694-2039-4fc9-a25b-66ebda02bf6b",Juruaia,"01a02d5a-f5bb-7c44-aa70-922a6ee464e7"
"7c5b3e25-1fbc-4933-9eab-2a1c879505e8",Juvenília,"01a02d5a-f5bb-7c44-aa71-0c285a665b7a"
"0daf7f84-c2da-4155-8cb1-4ca23b21a4d5",Ladainha,"01a02d5a-f5bc-74b2-9002-43d86824f580"
e907d09c-f1a8-4e03-955b-b6896f9003ca,Lagamar,"01a02d5a-f5bc-74b2-9003-f27a1f779e50"
ddb6d7df-ece3-4669-a2bf-7cf65b701652,Lagoa da Prata,"01a02d5a-f5bc-74b2-9004-1cf1e5d3b322"
"60d66215-5b39-4a88-8c5b-2389a973fed8",Lagoa dos Patos,"01a02d5a-f5bc-7d7c-9005-11908bf74308"
"25908f34-bd8b-4ff6-83a6-bda0d26b7a43",Lagoa Dourada,"01a02d5a-f5bc-7d7c-9006-8fb36f33b33d"
d5ddda1d-92cc-463d-a429-79db243ce395,Lagoa Formosa,"01a02d5a-f5bd-75e9-8197-0b7fec25edb8"
af58c511-bdb2-450f-a0df-d2f732c624fc,Lagoa Grande,"01a02d5a-f5bd-75e9-8198-043b58536292"
"7b7bc1c8-c733-4ef9-a7b4-de550fe27e05",Lagoa Santa,"01a02d5a-f5bd-7ee4-8199-bf3c03d75339"
"0d81e4ff-17f3-46b2-b142-c6a29117ec8f",Lajinha,"01a02d5a-f5bd-7ee4-819a-0e6f92bf25b9"
"743895f3-6791-431d-9420-12daa4200ade",Lambari,"01a02d5a-f5be-777d-8e8f-4612e5681f50"
"50c44776-bab4-450d-8d14-b948a982e13b",Lamim,"01a02d5a-f5be-777d-8e90-fa08ddc7450e"
c208def5-e0bb-4f6f-a27c-3d7b686396d8,Laranjal,"01a02d5a-f5be-7fdf-8e91-d0d3186511c4"
"393c42fe-e956-4b48-a95b-2abbabcfc263",Lassance,"01a02d5a-f5be-7fdf-8e92-5dc381576e89"
"0eee8265-0364-417d-9089-9cb8bc5eda1d",Lavras,"01a02d5a-f5be-7fdf-8e93-96d750c79108"
eb7f98fe-b202-4a2c-8a0f-f84d7e5e0774,Leandro Ferreira,"01a02d5a-f5be-7fdf-8e94-668375236faa"
"81580b35-fa3a-402a-a5a8-50f17cb75b5c",Leme do Prado,"01a02d5a-f5bf-7b05-a4b9-94918de7a35b"
a4d44b16-2b3e-4a2b-8602-c0010ee2075c,Leopoldina,"01a02d5a-f5bf-7b05-a4ba-aa93d8423c77"
"0714fa07-4a85-4235-b95f-7c430486a5a2",Liberdade,"01a02d5a-f5bf-7b05-a4bb-47c7e39c0c15"
e13e5acb-a045-42b7-9bce-f4d35bf88374,Lima Duarte,"01a02d5a-f5c0-7385-bb0a-4e2ee964293c"
d86da8ed-d75d-4769-a5dc-58ec97c3a21e,Limeira do Oeste,"01a02d5a-f5c0-7385-bb0b-5927d325b2c1"
"9537d2e0-35b2-45f8-8ab1-e6d848a5c82c",Lontra,"01a02d5a-f5c0-7385-bb0c-3d243ca02a29"
"26f37e8b-5aa3-403f-a0f8-15beb5626baa",Luisburgo,"01a02d5a-f5c0-7385-bb0d-d8a6b76085cf"
"3b6acf89-2800-4400-9e66-4850c8578491",Luislândia,"01a02d5a-f5c0-7c2f-bb0e-6da2e4aa13b8"
"9abca089-4391-4d59-9355-b6fe17d47ef8",Luminárias,"01a02d5a-f5c0-7c2f-bb0f-1ac36fddd409"
"729be542-1027-4ce3-b634-c5e6ce7871a8",Luz,"01a02d5a-f5c0-7c2f-bb10-f095a32e038b"
b5e4dfe6-3813-4c70-859f-2520aeff87ca,Machacalis,"01a02d5a-f5c1-74d4-9f6e-e8158def6304"
bedc3b6c-c93b-4b1e-b773-ff167da2262a,Machado,"01a02d5a-f5c1-74d4-9f6f-70e507698b83"
"0672b2c5-b1f0-475c-9b0f-e5241e82534e",Madre de Deus de Minas,"01a02d5a-f5c1-74d4-9f70-c49a1906b522"
"4b0423aa-41f5-432d-956c-87713a671631",Malacacheta,"01a02d5a-f5c1-74d4-9f71-4c383feb8617"
"2167f5a0-0f47-4c2f-b42c-bbe045565284",Mamonas,"01a02d5a-f5c1-7d7c-9f72-f6662dfe2087"
"05ab04de-31e8-4c84-9e27-5074fe40cecb",Manga,"01a02d5a-f5c1-7d7c-9f73-7dc100642c52"
"7eb47a38-7823-4bdd-8908-dd150a1009b9",Manhuaçu,"01a02d5a-f5c1-7d7c-9f74-e17f5efb17e6"
e9678b63-6bdf-49c8-97e4-93b1f65e5424,Manhumirim,"01a02d5a-f5c1-7d7c-9f75-61428185b584"
ae294416-ba5b-4b1f-b380-bce116097091,Mantena,"01a02d5a-f5c1-7d7c-9f76-f1e45a933760"
a63d3e9c-0956-411c-9964-c2a76f3e5749,Maravilhas,"01a02d5a-f5c1-7d7c-9f78-101362d8ef09"
"2e5e29f6-030e-4376-a78c-06a019d62ad6",Mar de Espanha,"01a02d5a-f5c1-7d7c-9f77-354d40eaa1a1"
"04dda741-f7ff-4a65-aece-60c6d3cf99bd",Maria da Fé,"01a02d5a-f5c2-7d91-80eb-e6b93e8dca4b"
"6cd332ef-573c-4c2b-a4a6-16d30fa2518d",Mariana,"01a02d5a-f5c2-7d91-80ec-2921324fa233"
"132adc23-382d-4c8e-a231-456ff760d093",Marilac,"01a02d5a-f5c2-7d91-80ed-2b9ecf239479"
"60f1814f-6bfd-4ad9-ae98-b98584f9d794",Mário Campos,"01a02d5a-f5c2-7d91-80ee-b1efb022ac2c"
c90267ba-b193-4eea-8e3f-87e8a248fb61,Maripá de Minas,"01a02d5a-f5c2-7d91-80ef-20a2123f1ca0"
b47e6c84-55e3-4c29-a6e5-b5825a4988d3,Marliéria,"01a02d5a-f5c2-7d91-80f0-07aab7b10ab9"
b7696239-4799-47cf-a8de-39ade7d199bd,Marmelópolis,"01a02d5a-f5c3-7da3-982d-c68658289df6"
"6815a2e9-b729-4dc6-b02b-6cc680f13180",Martinho Campos,"01a02d5a-f5c3-7da3-982e-5d9b9eb1d380"
"7a3b9240-682b-4c06-b4a2-5435f124301f",Martins Soares,"01a02d5a-f5c3-7da3-982f-a83239dffec8"
"21598c68-a1f2-4355-ab38-eca0fe352707",Mata Verde,"01a02d5a-f5c3-7da3-9830-7e44e6cf9e22"
"391f0b08-5798-4e33-9f2e-0da7be7672f0",Materlândia,"01a02d5a-f5c4-7da5-8520-07db7642b4f8"
"3231b83a-329d-4cf6-b2b9-5165b986c197",Mateus Leme,"01a02d5a-f5c4-7da5-8521-94ce6431dd17"
"39f3d398-4840-4782-ae47-00ae9d061a89",Mathias Lobato,"01a02d5a-f5c4-7da5-8522-7de257139908"
"9ba57df3-2791-4f22-9872-247ea6ebd1c6",Matias Barbosa,"01a02d5a-f5c4-7da5-8523-dd131a2b3cb4"
"59ad4bc8-c960-486a-ba88-703997b70dc8",Matias Cardoso,"01a02d5a-f5c5-7d92-81d2-f95bf2ad08eb"
"7f73cc19-c086-419b-8427-7dd6094917ad",Matipó,"01a02d5a-f5c5-7d92-81d3-83b598085dd3"
"0b3ff5da-fe33-4cf4-bd4d-ebe4453f95e5",Mato Verde,"01a02d5a-f5c5-7d92-81d4-b9ffacc86bd6"
"9027079f-cfba-48fa-8857-21f25c5efefe",Matozinhos,"01a02d5a-f5c5-7d92-81d5-41edff6fa908"
"1b8056fd-0270-4258-9095-03b4532c0765",Matutina,"01a02d5a-f5c5-7d92-81d6-1f92c40ab343"
"50018b68-a8c2-42f5-b7ad-c5e1a546ade0",Medeiros,"01a02d5a-f5c6-7d90-8c54-a2b2002c2c84"
"0fdfe07a-73b7-4a03-98be-b3119bcab533",Medina,"01a02d5a-f5c6-7d90-8c55-009d0a80bba5"
"65fe1bf9-23d5-4a92-a376-b9ffaa2ea964",Mendes Pimentel,"01a02d5a-f5c6-7d90-8c56-5a1dc7d4a481"
"50f52a75-9a3c-49ec-9b95-a9a997502e94",Mercês,"01a02d5a-f5c6-7d90-8c57-5911eb6fb803"
e0cbf083-5a8e-4de7-be76-ac48bd6863ae,Mesquita,"01a02d5a-f5c7-7d90-ba21-7dd0c1afc750"
"6c8bad24-8bff-4b3a-9817-4f2cee0213ea",Minas Novas,"01a02d5a-f5c7-7d90-ba22-0b20dd064244"
"2fa49cdc-516c-4cfb-8a80-bf40638f3c08",Minduri,"01a02d5a-f5c7-7d90-ba23-b6995e89d12f"
"3e54621e-98cd-4ee2-877f-08f690f28191",Mirabela,"01a02d5a-f5c7-7d90-ba24-205e7298602b"
"62bb3176-4d93-4872-aa03-b174b672bb76",Miradouro,"01a02d5a-f5c8-7d91-a93b-110c6a03d870"
a1d4b86d-48f9-4dc1-8e44-8e280ab9f723,Miraí,"01a02d5a-f5c8-7d91-a93c-d8c1899ef8e2"
"71b94fd9-e5f8-4bac-b8d2-2f32c1848332",Miravânia,"01a02d5a-f5c8-7d91-a93d-c72a0aae6b13"
"07dffa8e-e2f2-4992-b9f4-7f7891c66a65",Moeda,"01a02d5a-f5c8-7d91-a93e-6b6150025160"
cd872548-f4a9-4afa-8331-b191ad6fbd13,Moema,"01a02d5a-f5c8-7d91-a93f-95757ed76482"
e477783c-051c-4bf4-9a9c-f8b9187b8ccf,Monjolos,"01a02d5a-f5c9-7d91-856b-b1ff2eeb3c27"
"6c2a4ce7-9b05-4298-9936-6fd0a183b7ca",Monsenhor Paulo,"01a02d5a-f5c9-7d91-856c-8a29c223480f"
"5439f5d6-22c6-4284-8035-5ee1bc7adfba",Montalvânia,"01a02d5a-f5c9-7d91-856d-05412a39d534"
"9ef97aea-33d3-4f09-9105-5906fd606cfc",Monte Alegre de Minas,"01a02d5a-f5c9-7d91-856e-5d7742281eb2"
"97e35773-b3bf-43c1-a420-c08d8393e8f4",Monte Azul,"01a02d5a-f5ca-7d9f-8b4b-03ac14697b43"
"895048c9-ad23-460a-81c2-f9f0ad34cad5",Monte Belo,"01a02d5a-f5ca-7d9f-8b4c-edf9451a7675"
"050d442a-d92f-4faa-b28d-598e8ca222f6",Monte Carmelo,"01a02d5a-f5ca-7d9f-8b4d-fca649b18ace"
cc874893-21bd-415f-bf3c-5a681a9d263d,Monte Formoso,"01a02d5a-f5ca-7d9f-8b4e-298c20086476"
e87bd111-8d74-48ab-abdd-055ca61570df,Monte Santo de Minas,"01a02d5a-f9b7-75f0-ab87-3f295413d09f"
"78308419-1a67-4241-92a8-a6bb6093dc0a",Montes Claros,"01a02d5a-f9ba-7c6d-a158-6e6d53bc5212"
"0dd93c96-ffdc-47ee-a5a6-5b6df495ebe9",Monte Sião,"01a02d5a-f9ba-7c6d-a157-58102d9a405c"
bf8acbb8-41d9-4763-adf7-fffce6878e6a,Montezuma,"01a02d5a-f9bb-7553-bbe9-1dede77ab0e5"
"2da96c42-7dd5-44e4-b451-5c7320b1b212",Morada Nova de Minas,"01a02d5a-f9bb-7553-bbea-a2ed0cfbb345"
e666238b-fb54-4f0c-b7a9-59bc8418256a,Morro da Garça,"01a02d5a-f9bb-7553-bbeb-73701b5e76f1"
"8a7e76dd-e8bd-4c69-af31-c2296d7b5386",Morro do Pilar,"01a02d5a-f9bb-7e53-bbec-41cacf888506"
"7d4781b3-34a4-4c41-9102-684db462b5a0",Munhoz,"01a02d5a-f9bb-7e53-bbed-e2d86dde35ce"
"638c9ae2-66e3-4d2a-b3ab-87e494bd91e6",Muriaé,"01a02d5a-f9bb-7e53-bbee-24b6aa9fcd43"
"907c0214-a4d5-4fb5-8602-7d0aa7846caa",Mutum,"01a02d5a-f9bc-7711-8323-0fc1e82c90ff"
fdc450e2-336a-420f-ab4b-1be1ad30cd34,Muzambinho,"01a02d5a-f9bc-7711-8324-ca2d05f2f354"
db2dd613-8c5b-4a57-9234-1516dde8d0a0,Nacip Raydan,"01a02d5a-f9bc-7711-8325-6c8094935128"
"022a8380-b7ae-4bf8-87e6-cca130bc1c12",Nanuque,"01a02d5a-f9bc-7711-8326-4662d9574c08"
"0f6bb5fa-5d5b-4bbc-b8d7-2ad22c6b7c7c",Naque,"01a02d5a-f9bc-7fd8-8327-2b69429ddb9a"
d4100f4c-2dde-4091-9beb-f10593df58f5,Natalândia,"01a02d5a-f9bc-7fd8-8328-bb8d8d51d79a"
"21082679-bd3b-46c4-ac66-bad8ca9e564b",Natércia,"01a02d5a-f9bc-7fd8-8329-28be5709067f"
"47c179d3-f0ae-457d-9f96-2e028e1357ed",Nazareno,"01a02d5a-f9bd-789e-9e85-5c20decc9b64"
"5e9a846a-d024-485e-a99e-8e00e661785d",Nepomuceno,"01a02d5a-f9bd-789e-9e86-b3415f29bafe"
"3a0a3c54-d476-4379-8077-186061832332",Ninheira,"01a02d5a-f9bd-789e-9e87-580813524360"
"2a788b0a-3603-41ca-bcc9-7a8615b2ada7",Nova Belém,"01a02d5a-f9bd-789e-9e88-128e0f05d943"
e4649b9e-be48-432c-bf05-c223f5a9a811,Nova Era,"01a02d5a-f9be-7158-9d8e-f57735b9887e"
e74c8163-207d-43fc-91aa-34fb25ae39ca,Nova Lima,"01a02d5a-f9be-7158-9d8f-a87b42ee47fe"
"57cb3855-adf3-4f99-9b19-e1c6fb6f75e1",Nova Módica,"01a02d5a-f9be-7158-9d90-e4f358447680"
"5b03a855-1b9e-43a3-8313-f0a8c75952d5",Nova Ponte,"01a02d5a-f9be-7158-9d91-8034e0163333"
"37ac23c5-e317-40b0-bdbb-f0bfdc27a7da",Nova Porteirinha,"01a02d5a-f9be-7a19-9d92-5ebffc028e1c"
"01ac283e-89be-48f4-b8fd-256576627562",Nova Resende,"01a02d5a-f9be-7a19-9d93-2472df8687ce"
"2b677f0b-60bd-4712-b933-5bd691fd84b4",Nova Serrana,"01a02d5a-f9be-7a19-9d94-58baf38759a0"
"43d30441-2d15-4ef0-a5b9-2bdf7151a7d7",Nova União,"01a02d5a-f9be-7a19-9d95-a6d17e6d1885"
c96fa4e7-c164-4db1-9722-20abc8dfdaac,Novo Cruzeiro,"01a02d5a-f9bf-72ce-81f8-29ab79a6a7e2"
"30a46fc6-1ab3-463a-a967-eeb81614e50f",Novo Oriente de Minas,"01a02d5a-f9bf-72ce-81f9-e551dd3bacda"
d0dcedb3-f26b-4fef-be98-fc39d665c6f3,Novorizonte,"01a02d5a-f9bf-72ce-81fa-6a8369b4f8de"
"193a257d-a1a0-4bae-8f50-76b61a4071b0",Olaria,"01a02d5a-f9bf-72ce-81fb-55799eb67901"
ed7d4355-2f54-410b-90ad-6493acab1dda,Olhos D'Água,"01a02d5a-f9bf-7b78-81fc-7db846f500bb"
"695bf92e-43a6-4849-b799-88fa4ddc9f26",Olímpio Noronha,"01a02d5a-f9bf-7b78-81fd-0d1767eb3c9c"
e9313cda-3b34-4253-a808-1ae0680dba1c,Oliveira,"01a02d5a-f9bf-7b78-81fe-28eb924a6957"
e8275dcb-801e-42d2-a82a-997821c1c38c,Oliveira Fortes,"01a02d5a-f9bf-7b78-81ff-35e2662d162d"
a29c1ae0-2c04-460e-8f6d-0130afa7882f,Onça de Pitangui,"01a02d5a-f9c0-7422-a4fc-7f831cbabe5d"
d6044d93-35f9-43de-8d4f-d7b91ab83ced,Oratórios,"01a02d5a-f9c0-7422-a4fd-63fd1e53b128"
"04b6d720-9a69-427b-8ddd-0ebb9a09823a",Orizânia,"01a02d5a-f9c0-7422-a4fe-6e1bfeeffe9c"
"1542e36a-e7be-440e-80bc-e946f4f57ef3",Ouro Branco,"01a02d5a-f9c0-7422-a4ff-f2d22b80bdc7"
d55db46b-31b6-4c85-974b-0f1bb1758d25,Ouro Fino,"01a02d5a-f9c0-7ccc-a500-233582d172dc"
"60a9bc7d-9dec-45e3-8f11-4e9a832a5dd8",Ouro Preto,"01a02d5a-f9c0-7ccc-a501-88f5269d5c1d"
"9d2db024-832d-4f9a-bc9e-1aece29a93b2",Ouro Verde de Minas,"01a02d5a-f9c0-7ccc-a502-60d6aa15ba2b"
"82cfc0e5-e1df-43ad-9a40-84647f673c54",Padre Carvalho,"01a02d5a-f9c0-7ccc-a503-a420ed971963"
"8e2e4954-b1d5-43c5-a76a-2d4d30fb9c91",Padre Paraíso,"01a02d5a-f9c1-7575-b422-b61cc1a346f9"
"7f881110-c0c6-48a0-a252-1077966fdd64",Paineiras,"01a02d5a-f9c1-7575-b424-23d97699aeff"
ff6d94f0-6292-457f-9829-e1204e0670d4,Pains,"01a02d5a-f9c1-7575-b425-f9183fb91c4f"
"49cb1f67-a338-4fe7-ae2c-7809b6484877",Pai Pedro,"01a02d5a-f9c1-7575-b423-d901b8e6db39"
"7fda1726-3ad0-495d-b14a-d3c078630a51",Paiva,"01a02d5a-f9c1-7e2d-b426-b1d7d4f73ae9"
"26a89910-15c8-4c33-a531-fb9956842df6",Palma,"01a02d5a-f9c1-7e2d-b427-4f03c8d6797f"
"410f3a2a-5f44-4ef6-b237-553aafd282f6",Palmópolis,"01a02d5a-f9c1-7e2d-b428-c8e510d84b0d"
fec5e172-f28d-4663-a328-f0adac6bafde,Papagaios,"01a02d5a-f9c1-7e2d-b429-b07928567aee"
"0477065b-dc98-4e0e-957e-44422f4296c1",Paracatu,"01a02d5a-f9c2-76d7-b9bb-56f22573b595"
"505c3705-6576-41ea-b012-860e7ffa1f8b",Pará de Minas,"01a02d5a-f9c2-76d7-b9ba-3f8dd5a2b6b1"
f34e895b-7473-4dc3-b7a0-630d381de791,Paraguaçu,"01a02d5a-f9c2-76d7-b9bc-7fc59d0d3523"
"257247f6-b86a-4ad9-8263-0ea435b7e112",Paraisópolis,"01a02d5a-f9c2-76d7-b9bd-a69c508b2b8a"
"8273376c-b33e-4548-b08f-5c9999adcc0e",Paraopeba,"01a02d5a-f9c2-7f8b-b9be-0d9a6c768369"
"53a71385-1b0b-412c-9805-33b1973e5f60",Passabém,"01a02d5a-f9c3-7834-b762-2c7a91d97b73"
"99628d94-a67e-4ff8-a179-94cdbb5c4da3",Passa Quatro,"01a02d5a-f9c2-7f8b-b9bf-7dbe8171d73e"
"77d79e59-0420-4132-a626-5aa32285ea9a",Passa Tempo,"01a02d5a-f9c2-7f8b-b9c0-dc10c6fe3b4c"
"0d5fcb89-de0b-46f9-a58b-82ab3c56b640",Passa Vinte,"01a02d5a-f9c2-7f8b-b9c1-fcc305c38119"
"4eb7466e-9411-4292-99ec-8c4e393f5a4c",Passos,"01a02d5a-f9c3-7834-b763-14b43bacc43d"
b61ecb9d-a6f0-4aa2-a537-5cba52b67d2a,Patis,"01a02d5a-f9c3-7834-b764-c3694599628d"
"0f07bcfe-b414-42b5-ae13-eb6585a7f3fc",Patos de Minas,"01a02d5a-f9c3-7834-b765-90b7d136e4e0"
"7c58603b-e45f-413a-8214-183f82064577",Patrocínio,"01a02d5a-f9c4-70dd-b165-98e6e58c7ce8"
c86e90d2-03a1-40bf-aae6-b5a809bf43a9,Patrocínio do Muriaé,"01a02d5a-f9c4-70dd-b166-7f019969854d"
"8be2c7a8-2aa0-429a-879f-6534c74a1f2a",Paula Cândido,"01a02d5a-f9c4-70dd-b167-58b2d537e295"
"6a99923d-56d9-4f17-a65e-18c66d68ae94",Paulistas,"01a02d5a-f9c4-7999-b168-ac3c241e0937"
"23e9bdc6-c2a9-442c-bbdc-0e0b6d634085",Pavão,"01a02d5a-f9c4-7999-b169-94eddc59d733"
"013b6b81-e01a-4ad8-beea-7bc9b6aec60f",Peçanha,"01a02d5a-f9c4-7999-b16a-85ba357a9679"
"039ede84-2f16-4064-a5b7-88c16d321565",Pedra Azul,"01a02d5a-f9c4-7999-b16b-930e64096b77"
"9bf551f9-ac05-4407-b8b2-31e0a027f7af",Pedra Bonita,"01a02d5a-f9c4-7999-b16c-e2e20eb6a974"
"25a39945-14fa-414f-bc87-ec4950aadd74",Pedra do Anta,"01a02d5a-f9c4-7999-b16d-c3255a4e6714"
fdf60c2e-b8fb-4033-ba6d-fae692c0d4a1,Pedra do Indaiá,"01a02d5a-f9c4-7999-b16e-3ab081ae83e0"
"61f44e88-ba99-4471-9f40-24507e2a627a",Pedra Dourada,"01a02d5a-f9c4-7999-b16f-c655a64c7132"
"91e1d84b-e656-46c8-b007-70ef617e7ea8",Pedralva,"01a02d5a-f9c5-79c5-a7b8-786e8ee77f04"
a6b17d77-0452-42c9-a739-dcc5df0dd15e,Pedras de Maria da Cruz,"01a02d5a-f9c5-79c5-a7b9-ea86b02f2d35"
f3a8aeaa-a46d-4195-bcbf-49a2aa0d1dc8,Pedrinópolis,"01a02d5a-f9c5-79c5-a7ba-01d90188d89e"
"60819578-1c38-4a98-9a6b-4f2b65183bc7",Pedro Leopoldo,"01a02d5a-f9c5-79c5-a7bb-510907193b01"
"4c976ec2-27a4-4062-b094-cde8e9ede5ab",Pedro Teixeira,"01a02d5a-f9c6-79c8-9fb6-c9020a3c58eb"
"0951870a-43a3-4579-8ad0-a7c44fa053c8",Pequeri,"01a02d5a-f9c6-79c8-9fb7-3c2ec06158b3"
"40e5bdb4-f808-4f2c-a9ff-1fcbaf0c83c0",Perdigão,"01a02d5a-f9c6-79c8-9fb9-163db3e2cc8b"
"72510d95-d374-4208-a9c4-1d171cf47038",Perdizes,"01a02d5a-f9c6-79c8-9fba-26920c72dc8e"
c8380de6-644a-4122-bd85-86fab30d68fc,Perdões,"01a02d5a-f9c6-79c8-9fbb-70d53a9ce9be"
"5b7fc319-7e4e-445f-924c-ad2f1cf4dde3",Periquito,"01a02d5a-f9c7-79c1-be24-1dd61e78c87b"
"74c26eda-1c8f-4fea-8f16-52539f7768ce",Pescador,"01a02d5a-f9c7-79c1-be25-2525cdb71d9b"
"397f64ae-c91f-4867-af5f-63a36e74a0b6",Piau,"01a02d5a-f9c7-79c1-be26-54dfbde6d2f7"
b862fc08-12db-4854-bc9e-5b881b18a449,Piedade de Caratinga,"01a02d5a-f9c7-79c1-be27-f509f6119cf0"
"155881cc-43e2-47b1-a6ed-a2162ea7cbe8",Piedade de Ponte Nova,"01a02d5a-f9c7-79c1-be28-09bbb49bd664"
"3c848afb-7fd9-4aab-9084-c482881b89cb",Piedade do Rio Grande,"01a02d5a-f9c7-79c1-be29-4c41385174ef"
b5c8672e-8105-459f-8b78-afbcb86d14c8,Piedade dos Gerais,"01a02d5a-f9c7-79c1-be2a-0538e6aa7b37"
"64ba9dbc-8e69-4c9d-8800-510f18cadfb3",Pimenta,"01a02d5a-f9c7-79c1-be2b-317dab398b32"
cf0c1fe5-82f6-401a-bf09-e8b008711fa6,Pingo-D'Água,"01a02d5a-f9c7-79c1-be2c-c1f1dde61ebf"
"89eb9c2f-be17-4e6e-9342-da8745a4a9b4",Pintópolis,"01a02d5a-f9c8-79bf-a27d-00ad3603152e"
"5f1e6d0d-1894-446e-9070-1a633767f904",Piracema,"01a02d5a-f9c8-79bf-a27e-cdf6e188b7d7"
"9ecac56b-54a0-4291-b8a0-df9972204bb9",Pirajuba,"01a02d5a-f9c8-79bf-a27f-d742382caccc"
afcba507-4b51-4d61-8cf5-52d9aebb152c,Piranga,"01a02d5a-f9c8-79bf-a280-115e32149433"
a69acc72-73ec-45a6-acf8-f8c1d70268bf,Piranguçu,"01a02d5a-f9c8-79bf-a281-d26ae8d6c7fc"
d24020f1-acfb-4000-8f62-3108080d7177,Piranguinho,"01a02d5a-f9c8-79bf-a282-fe7b2d94442c"
dfdc9159-a336-4d1f-b0c2-b36b11e6cb71,Pirapetinga,"01a02d5a-fdb3-765f-a778-959ea4dcb0b9"
"075268da-7a9a-4259-b245-f7467f2ae0da",Pirapora,"01a02d5a-fdb6-71d5-9404-c11150356089"
a30670ea-ff76-4ed1-8570-6bdc03df7433,Piraúba,"01a02d5a-fdb6-7ad2-9405-6c8b1a6234e9"
"18565762-0fb3-4713-84c3-b2eb132a3d3b",Pitangui,"01a02d5a-fdb7-734b-83c9-31085e4f475c"
ebbc9ce2-e637-4f36-b5c0-1484d139bd8b,Piumhi,"01a02d5a-fdb7-734b-83ca-11bace2eb59a"
"9ea551ab-6c58-4e76-a84d-ce9165ad12b4",Planura,"01a02d5a-fdb7-734b-83cb-e0a7b4662d11"
"57cb04f1-e10c-4d74-8585-1fb827ed8234",Poço Fundo,"01a02d5a-fdb7-7bfd-83cc-0211902178b8"
"4edc139e-ab3e-4927-af98-590e696f6d3b",Poços de Caldas,"01a02d5a-fdb7-7bfd-83cd-e499461a98c8"
"7e49a954-49b0-499d-9318-cf2a4b27db6b",Pocrane,"01a02d5a-fdb8-7467-ac2e-3306976ef871"
"6a886a99-a3a2-483d-921e-4c99ef6f1259",Pompéu,"01a02d5a-fdb8-7467-ac2f-db4e837b8ed2"
"529d915a-dc65-4f95-b1d3-2fad4769adb7",Ponte Nova,"01a02d5a-fdb8-7cde-ac30-82f756b5a8d8"
b7e54cc7-d65e-4e39-8d25-3bc92b2fba99,Ponto Chique,"01a02d5a-fdb8-7cde-ac31-9b71a28dc5e9"
b1dd24cd-2af0-4270-9169-86e61e9f42b0,Ponto dos Volantes,"01a02d5a-fdb9-7548-9d39-ad90c10081f7"
bb4125bc-d3cc-4b1e-a6b2-6e77c7af8985,Porteirinha,"01a02d5a-fdb9-7548-9d3a-8ebe1e13df81"
b729efc6-d6e1-48b2-82b1-901b66414e2e,Porto Firme,"01a02d5a-fdb9-7548-9d3b-e184684160f6"
"08d3e53d-fcc0-45ff-8e2e-73409af14b31",Poté,"01a02d5a-fdb9-7db2-9d3c-c95d74a729d8"
"4694a43b-ba5e-414c-82ee-979c308d0358",Pouso Alegre,"01a02d5a-fdb9-7db2-9d3d-8a09c3f99416"
"1c70a66c-fb9e-4b0b-80d5-6a021b02a729",Pouso Alto,"01a02d5a-fdb9-7db2-9d3e-931ebeeed37e"
"780930d0-8d97-44df-8b98-97e9d668b769",Prados,"01a02d5a-fdb9-7db2-9d3f-2124d2a92749"
bf5f6273-8661-4b77-bcf3-2ae3602bb9ed,Prata,"01a02d5a-fdba-7618-9f52-661cbda6abb3"
"461fbe32-47cf-4285-9d73-e62649665c4f",Pratápolis,"01a02d5a-fdba-7618-9f53-6da8f6730b95"
"8a03c3b4-78a7-443f-879c-7500d76667f1",Pratinha,"01a02d5a-fdba-7618-9f54-f85af6668cdd"
fb2b7b66-be9a-439b-bd01-bb5bc35193d5,Presidente Bernardes,"01a02d5a-fdba-7618-9f55-d5b387a6875a"
"8e0caaa7-f97d-4e65-bd25-e071eba6da01",Presidente Juscelino,"01a02d5a-fdba-7ee6-9f56-4c45b7227453"
"63aa5c96-78c4-447d-9500-83901f4d3d94",Presidente Kubitschek,"01a02d5a-fdba-7ee6-9f57-509fcbbe9637"
"2b4371de-67f0-4f2c-a807-c52118b1b8fd",Presidente Olegário,"01a02d5a-fdba-7ee6-9f58-ac7a97599c71"
"9b3c7194-0ce4-4b89-940f-fc3ed6782a24",Prudente de Morais,"01a02d5a-fdba-7ee6-9f59-344a4c2cfd59"
"6ea71ce5-b79c-4079-a0b0-8045fe7c5147",Quartel Geral,"01a02d5a-fdbb-7793-a908-b3fd9ba016f4"
"22d8a55c-8188-4282-8235-c8636eaf9845",Queluzito,"01a02d5a-fdbb-7793-a909-2db228063f42"
"9ae9a8a9-c94c-4780-b311-5f3718bbc2eb",Raposos,"01a02d5a-fdbb-7793-a90a-1d8069ce7ffb"
"8130b38c-2313-4f50-afad-5bc2b8267284",Raul Soares,"01a02d5a-fdbb-7793-a90b-b7853b3e489c"
dd6d0cb0-84a3-4ebc-a871-96339b0685e9,Recreio,"01a02d5a-fdbb-7793-a90c-357651d73bf8"
"0d830dc3-5f4e-4ecf-8f90-32b9b16f9e90",Reduto,"01a02d5a-fdbc-7043-a4ca-e2690aa61e00"
"07cacfde-76a5-4b8a-b1b7-10d20b3b8f59",Resende Costa,"01a02d5a-fdbc-7043-a4cb-cf06fcd63e3c"
"830081cf-5296-4e7a-befb-2dbf32912530",Resplendor,"01a02d5a-fdbc-7043-a4cc-ca48b70bad25"
d491ca60-0976-43dc-848e-ad8254c5b716,Ressaquinha,"01a02d5a-fdbc-7043-a4cd-4147c2eea766"
bad1a0ba-3e46-44a7-baaf-0c5cad7b44ff,Riachinho,"01a02d5a-fdbc-7911-a4ce-cb69e33eb87d"
b877bf57-6979-4837-bf2b-f7afd70b9c98,Riacho dos Machados,"01a02d5a-fdbc-7911-a4cf-08ca2630c8ff"
"2951eb5d-2d5a-45f3-9c10-a733942a7d37",Ribeirão das Neves,"01a02d5a-fdbc-7911-a4d0-b25fc3cc30ce"
d5689e24-52d5-4b39-b287-de7f135ec776,Ribeirão Vermelho,"01a02d5a-fdbc-7911-a4d1-9451255e1413"
"547decbd-d1bd-452a-bf61-0195c31e32be",Rio Acima,"01a02d5a-fdbd-71dc-a3d2-f20987ae91e2"
"53068b72-3f29-45b0-8e5f-5d1373da7c8d",Rio Casca,"01a02d5a-fdbd-71dc-a3d3-f5f24d1c29e6"
f0f9e20f-7545-4e81-a232-c0e120f651a3,Rio Doce,"01a02d5a-fdbd-7bc8-a3d5-4f8ff910dacd"
"54ca0d65-c454-4594-9ed0-bcc4ffb3d4ec",Rio do Prado,"01a02d5a-fdbd-71dc-a3d4-c199cb870688"
"823628eb-6bfd-495d-833c-ed8eb9f8b04e",Rio Espera,"01a02d5a-fdbd-7bc8-a3d6-a941926799ac"
f5fa94aa-bf14-4575-8fcf-08832d1cf650,Rio Manso,"01a02d5a-fdbd-7bc8-a3d7-2602b3c26c59"
"8c250af4-df70-4e24-bb38-aaf4ef0bb9ae",Rio Novo,"01a02d5a-fdbe-749e-aa98-3d7fcd7893a1"
d8fd38ec-de94-41d2-9fcf-3772ad331f29,Rio Paranaíba,"01a02d5a-fdbe-749e-aa99-995696ab995b"
de1d7272-1f8c-45ab-b350-f762c311e16a,Rio Pardo de Minas,"01a02d5a-fdbe-749e-aa9a-155f6a90e5e6"
"23883613-6c24-4391-8506-3a57d945a6ba",Rio Piracicaba,"01a02d5a-fdbe-749e-aa9b-dc2464c6f511"
"6bde1ab2-f1c3-4f43-921b-be92d2d96f2b",Rio Pomba,"01a02d5a-fdbe-7d4a-aa9c-95cfb5b2181e"
"084b62bf-594a-4b07-acfe-43c6e1d65846",Rio Preto,"01a02d5a-fdbe-7d4a-aa9d-2a0be84ea0f8"
f7daa288-941b-44c1-918b-15afeb01fa18,Rio Vermelho,"01a02d5a-fdbe-7d4a-aa9e-aecbbcf881af"
"437593c4-b527-4562-a12b-632b599824e0",Ritápolis,"01a02d5a-fdbe-7d4a-aa9f-58d726f3b33e"
de362c39-976a-43dd-9b3e-4b5b4d528bd9,Rochedo de Minas,"01a02d5a-fdbf-75e4-9597-e8e71f7f7e4b"
"66c36f13-cf27-4e89-88b1-4a04a2efe18b",Rodeiro,"01a02d5a-fdbf-75e4-9598-f8bca5e931f1"
de66fe57-929e-4f3e-b428-b10bb48f3f98,Romaria,"01a02d5a-fdbf-75e4-9599-f30bd300691c"
f16acf91-695c-491b-b3ed-2cb9b363ad44,Rosário da Limeira,"01a02d5a-fdbf-75e4-959a-a7cf7dee43ec"
"792b37ae-b603-4207-bfcc-a7197826690d",Rubelita,"01a02d5a-fdbf-7ea1-959b-6bc7bdcb0b7d"
c0dedb66-95e1-41cf-a8f3-04d12311cba8,Rubim,"01a02d5a-fdbf-7ea1-959c-4a3c77d22a8b"
"5b81b681-4d3a-4570-98af-048e9a619eac",Sabará,"01a02d5a-fdbf-7ea1-959d-3ec00b8b0fc7"
"8639cd4f-3f2e-483b-95a0-42c8630e74af",Sabinópolis,"01a02d5a-fdbf-7ea1-959e-3cc5134d572c"
"77878564-c1bb-4ce7-932b-4f624e2dcd0b",Sacramento,"01a02d5a-fdc0-7750-80ff-bff6e3139838"
c6c4d99f-896e-4886-8eba-852f6021cc20,Salinas,"01a02d5a-fdc0-7750-8100-3c28f6d575ce"
d76f5d48-9c02-481f-9e7a-f6eb5bf195d4,Salto da Divisa,"01a02d5a-fdc0-7750-8101-702a92c4877a"
f1c37db0-aeaa-4fa4-bc61-48b3fe11537a,Santa Bárbara,"01a02d5a-fdc0-7750-8102-4858ef704ba1"
"3c365399-c4e6-4f45-9198-02672687d736",Santa Bárbara do Leste,"01a02d5a-fdc0-7fec-8103-988f005a4643"
"7b81de42-0ce3-45b2-a8b7-858c4edb5d88",Santa Bárbara do Monte Verde,"01a02d5a-fdc0-7fec-8104-c90439dc46e5"
b223ca36-f289-4d5b-8e1b-cf7397f9486b,Santa Bárbara do Tugúrio,"01a02d5a-fdc0-7fec-8105-361e8809fc07"
cce00c5f-d14c-4442-9352-f23a179a24c4,Santa Cruz de Minas,"01a02d5a-fdc0-7fec-8106-42b9344e9064"
bcf3ecd2-1ee8-4ded-9053-05d020ec5ed1,Santa Cruz de Salinas,"01a02d5a-fdc0-7fec-8107-5a1bc743d8e0"
fb49e0a8-a499-4fd1-95ce-37afe1e406d5,Santa Cruz do Escalvado,"01a02d5a-fdc1-7892-a063-e42912906d8b"
c9d4ee16-b77f-4971-9b1d-32477954adb3,Santa Efigênia de Minas,"01a02d5a-fdc1-7892-a064-eccfc371be86"
"2d9fffe4-bfac-4960-9387-ea59a4a11957",Santa Fé de Minas,"01a02d5a-fdc1-7892-a065-96c2224d0c52"
"8dac4668-816c-4695-9c5b-6d357c9025bd",Santa Helena de Minas,"01a02d5a-fdc1-7892-a066-5dbff2b5b176"
"0812610f-d8c5-433b-8fb5-ec1a3864b573",Santa Juliana,"01a02d5a-fdc1-7892-a067-b18b52ebea7a"
ae67c9e0-1201-4ebb-882f-4a427aefacdf,Santa Luzia,"01a02d5a-fdc1-7892-a068-231b935fa8ed"
"6a1ea36f-8419-43eb-bb65-1a64aa74a83a",Santa Margarida,"01a02d5a-fdc1-7892-a069-eb10d9af39b1"
c3dffefd-3bf3-40b4-81dc-5aa06ab45163,Santa Maria de Itabira,"01a02d5a-fdc1-7892-a06a-e156e42d1bc4"
"8aea931e-540f-45b7-9c2e-e6ebe1f57d0c",Santa Maria do Salto,"01a02d5a-fdc1-7892-a06b-08ea0bf61f42"
"7b513545-8944-429f-b446-76bb14f75045",Santa Maria do Suaçuí,"01a02d5a-fdc2-78a7-bf87-4533cf1aafc7"
"9e2caea3-c554-4f98-a9cc-962a6fb32064",Santana da Vargem,"01a02d5a-fdc3-78bb-a813-6be1cdb82cf7"
"83a08c80-1b07-4bb0-9561-cb0555f6ca6e",Santana de Cataguases,"01a02d5a-fdc3-78bb-a814-7363d1977f70"
"677c1072-bee8-4925-ba61-744c34136659",Santana de Pirapama,"01a02d5a-fdc3-78bb-a815-7b41255bdf9a"
"27ef8779-fb72-437d-aafb-739dde46eca0",Santana do Deserto,"01a02d5a-fdc3-78bb-a816-54e33da15e61"
"154f43ce-9fba-498b-bf37-e48e7906eb9a",Santana do Garambéu,"01a02d5a-fdc3-78bb-a817-3f9f933a8152"
"57c7840c-2304-43e2-b628-b48d2683bb3c",Santana do Jacaré,"01a02d5a-fdc3-78bb-a818-129944c1e68d"
"4a060376-5ec9-4c9b-a0d0-71192f2a9738",Santana do Manhuaçu,"01a02d5a-fdc4-78a7-b9f0-7db4c39b7e78"
"7f4ebc22-f19c-4d9b-91f3-8ae4c373d9d7",Santana do Paraíso,"01a02d5a-fdc4-78a7-b9f1-344cb25cb9ad"
a575a373-660e-4d56-aff1-d55db097e82d,Santana do Riacho,"01a02d5a-fdc4-78a7-b9f2-3889ee70861e"
d04b9002-efb2-4c77-805a-fd4883545aa6,Santana dos Montes,"01a02d5a-fdc4-78a7-b9f3-47b666fe8525"
"970c201a-8c12-4e2c-aad5-777036c3cd30",Santa Rita de Caldas,"01a02d5a-fdc2-78a7-bf88-d797e1df4ffa"
"5035e13c-1a1c-470a-82be-123ac0b31f7d",Santa Rita de Jacutinga,"01a02d5a-fdc2-78a7-bf8a-b84d19fa8811"
"3a6257a3-aa35-4317-b099-b72c74aacab7",Santa Rita de Minas,"01a02d5a-fdc2-78a7-bf8b-852bacaeeb75"
bd073136-bf7e-4cbf-a43b-bf0a9a4febfc,Santa Rita do Ibitipoca,"01a02d5a-fdc2-78a7-bf89-a31cf28b0f1e"
"881b5116-eccf-4580-b8ec-c332ab0b5df8",Santa Rita do Itueto,"01a02d5a-fdc2-78a7-bf8c-804e955a5d13"
"151199b6-e7ec-434f-b375-9d21b1a006f9",Santa Rita do Sapucaí,"01a02d5a-fdc3-78bb-a810-6acc8e50ebcd"
a8ff1b79-8762-4987-bf53-5ab6dfc3efef,Santa Rosa da Serra,"01a02d5a-fdc3-78bb-a811-94cb546fecfe"
"463f4207-caf2-4d9b-81c4-163ece941d0b",Santa Vitória,"01a02d5a-fdc3-78bb-a812-6b259872d858"
"15f6e4cb-dcb1-4aa8-8e72-2fb503af86a7",Santo Antônio do Amparo,"01a02d5a-fdc4-78a7-b9f4-dfc06c2cf6d6"
"8609d2b2-85d8-4671-981c-6dcfef92b1e8",Santo Antônio do Aventureiro,"01a02d5b-01be-7707-b5af-fff66b919cc8"
"4964bb41-ef59-48fd-ad00-5af2a7902a21",Santo Antônio do Grama,"01a02d5b-01c1-7ba0-90b8-2b55af6b59df"
"80d2059f-beb6-4f4c-9504-01657189715b",Santo Antônio do Itambé,"01a02d5b-01c1-7ba0-90b9-506dd09b6903"
"932258d6-de5f-4901-ae9b-0488ec81eeb6",Santo Antônio do Jacinto,"01a02d5b-01c1-7ba0-90ba-639b9dd13f21"
"19fd0a57-16e5-443f-bceb-16aa3e8f81af",Santo Antônio do Monte,"01a02d5b-01c2-7456-8462-eeb422c8dfa2"
"73fe3414-c8f5-4073-92db-ec30b829aa9a",Santo Antônio do Retiro,"01a02d5b-01c2-7456-8463-fcc70e221b5c"
f623658d-0d62-402f-8fa3-6892391e98e5,Santo Antônio do Rio Abaixo,"01a02d5b-01c2-7456-8464-c95f8c8e4a4c"
ce877853-c221-4d1f-8665-1e5ff23a5da2,Santo Hipólito,"01a02d5b-01c2-7cf8-8465-b7cfc98e9588"
"5bb73afb-45d1-4798-9984-c18e1a96f7be",Santos Dumont,"01a02d5b-01c2-7cf8-8466-0edaf8519b0a"
ed9e612b-13fa-4aeb-b046-07d39ce8bb38,São Bento Abade,"01a02d5b-01c2-7cf8-8467-af21d89d155d"
c546114a-60e8-4f70-9ad7-643c8a17fa1d,São Brás do Suaçuí,"01a02d5b-01c3-7595-9f06-4f676859f545"
e23acd67-d52e-475a-b3ff-3aef3d155702,São Domingos das Dores,"01a02d5b-01c3-7595-9f07-2cb56258919c"
a6ec3e2b-d442-465c-ad44-d416ad17923d,São Domingos do Prata,"01a02d5b-01c3-7fe8-9f08-782b1f138c4b"
e803e088-f1fe-40ea-8659-84afd2cd3849,São Félix de Minas,"01a02d5b-01c3-7fe8-9f09-3f5c3b8cb905"
"7cc5a9b7-6996-4b6b-92ef-7f0557e25986",São Francisco,"01a02d5b-01c3-7fe8-9f0a-54acd77c657b"
c0a07933-0664-4db3-9ab0-834ade90e5c0,São Francisco de Paula,"01a02d5b-01c4-78a8-9dfe-25c38b8e81fb"
de29e269-ee43-4ed3-8999-8d5ef4cd9c8f,São Francisco de Sales,"01a02d5b-01c4-78a8-9dff-82d407b3172d"
"3b29971a-21db-4204-99bc-c9ccd1ff106e",São Francisco do Glória,"01a02d5b-01c4-78a8-9e00-cfec70299edd"
e0ce6d75-7409-49a8-ac99-d14c4fc22589,São Geraldo,"01a02d5b-01c4-78a8-9e01-b8d8b0422ac2"
"3217d1d5-5a7e-4661-8f1e-8993a7ba1837",São Geraldo da Piedade,"01a02d5b-01c5-7176-91f0-58efc57f408f"
"0cdc5444-13c4-4b01-9539-685752dd1667",São Geraldo do Baixio,"01a02d5b-01c5-7176-91f1-a7b09abff06e"
"7ff772f8-f8d1-4d42-8119-cf70d9ddf27b",São Gonçalo do Abaeté,"01a02d5b-01c5-7a40-91f2-269b22332bf1"
"0b896814-bca3-4cd6-a4bc-711cde66e6a4",São Gonçalo do Pará,"01a02d5b-01c5-7a40-91f3-33548c131546"
"85c165fb-acfe-4b43-9648-ab378b8d16b3",São Gonçalo do Rio Abaixo,"01a02d5b-01c6-728e-b85c-85b09c988cf8"
"5636964d-2ad4-4ce2-b9de-051ffff2ca4e",São Gonçalo do Rio Preto,"01a02d5b-01c6-728e-b85d-f0e345ee26c9"
"08e30570-3e32-4b7d-a1d0-ba7a9787cb04",São Gonçalo do Sapucaí,"01a02d5b-01c6-7b73-b85e-7fdfabee37da"
"53eaf061-9f4d-47c8-bc79-c18bb7654e3d",São Gotardo,"01a02d5b-01c6-7b73-b85f-ce5e79f141dc"
"95b4736a-08ca-4eed-bb60-ae9fb5cd7074",São João Batista do Glória,"01a02d5b-01c7-73ca-93b7-8b971dc84085"
f1bd1a3d-d63c-4e35-ac63-29a6a4a7acdf,São João da Lagoa,"01a02d5b-01c7-73ca-93b8-c4ab0a0dd476"
c4c64645-df2b-43ff-b63b-db120ec786f7,São João da Mata,"01a02d5b-01c7-7c85-93b9-1dbee7e44b84"
"9cd049c6-d451-4a06-ba39-545c3735b6f3",São João da Ponte,"01a02d5b-01c7-7c85-93ba-997d38748dd8"
e08465e4-0a5e-4f91-a305-4493bb92d308,São João das Missões,"01a02d5b-01c7-7c85-93bb-075d12a99b2a"
"1b4174fe-f65d-4dab-872d-c3be54051c34",São João Del Rei,"01a02d5b-01c8-7538-9e4d-e533b0befabe"
dcd03162-92d7-417b-bb0a-ed128a40dcd5,São João do Manhuaçu,"01a02d5b-01c8-7538-9e4e-2977fccb3dd4"
"02ecf5b3-0468-4a30-99f5-91ce0b697e46",São João do Manteninha,"01a02d5b-01c8-7da9-9e4f-1d9bbda5bcf2"
"429b9be8-c17e-45d2-9f64-4b4e70a537c5",São João do Oriente,"01a02d5b-01c8-7da9-9e50-75b8c5e7bad9"
a8414c15-5429-400d-bac4-b04fefcf0d54,São João do Pacuí,"01a02d5b-01c9-7640-b6f1-c87e29616418"
"194cd64b-d564-4416-bad1-bfed042c9a1e",São João do Paraíso,"01a02d5b-01c9-7640-b6f2-46ec7ed9ce18"
"1281af94-3f6f-47a8-b9c6-51dccb8104c3",São João Evangelista,"01a02d5b-01c9-7640-b6f3-c42d8d2a8abb"
fabbda7f-5284-4f7e-bd0e-f2d522e77249,São João Nepomuceno,"01a02d5b-01c9-7ee1-b6f4-1b3fc3b9e8f2"
"5abfe3c5-d1e1-4ebd-a112-7a8a5837323c",São Joaquim de Bicas,"01a02d5b-01c9-7ee1-b6f5-a57ca95e236b"
"11259ce3-865e-441d-8c62-c97b85e8f726",São José da Barra,"01a02d5b-01ca-7749-9ef4-5ec999353a2e"
"403093cc-7e4e-4875-9c69-9f1501197ec0",São José da Lapa,"01a02d5b-01ca-7749-9ef5-f60149c61389"
"52ec3537-b55e-4742-8a77-9c7399ee631e",São José da Safira,"01a02d5b-01ca-7749-9ef6-6e7bdefa19a4"
e7954b73-deec-449d-9b97-2a557d019a05,São José da Varginha,"01a02d5b-01cb-707a-b9ce-a9d5b8b7808c"
"06d8d0e9-b5d6-452c-894c-4ea9358793af",São José do Alegre,"01a02d5b-01cb-707a-b9cf-528dcbea5a2e"
"2d5d19af-a6c7-4d43-8c0b-333db9da3f46",São José do Divino,"01a02d5b-01cb-78f3-b9d0-5b5c1729b16c"
d5682a15-bd4b-43b3-aa30-1d6d18b0b34c,São José do Goiabal,"01a02d5b-01cb-78f3-b9d1-a45bca9bdad0"
da1972a3-0717-4700-8741-b04d71bc44b1,São José do Jacuri,"01a02d5b-01cb-78f3-b9d2-06caec7645c4"
ab3e1341-d899-4041-a99c-1fe094debd8d,São José do Mantimento,"01a02d5b-01cb-78f3-b9d3-c3e3906b5fc9"
"756598d9-8f64-4cba-832f-b26fbf09c32b",São Lourenço,"01a02d5b-01cc-7914-b83b-720ac3c006e9"
"19c22eb5-f9a5-4252-9489-7a7ae1d44eed",São Miguel do Anta,"01a02d5b-01cc-7914-b83c-9b01f7422764"
b741d963-297c-4cee-bbca-f04de17ebd72,São Pedro da União,"01a02d5b-01cc-7914-b83d-6f35c33365eb"
"8335ab41-881a-4b3a-b309-a411d510944e",São Pedro dos Ferros,"01a02d5b-01cd-7912-b7b5-b5513d854194"
"1e81698b-69b6-4477-92c8-e0cee85901a0",São Pedro do Suaçuí,"01a02d5b-01cc-7914-b83e-e3f2412095bd"
"0585de8d-02b7-4260-9361-fd85f8fd48fa",São Romão,"01a02d5b-01cd-7912-b7b6-173c037e4c62"
"604e4810-ce1c-40cc-916b-49760d0daa9c",São Roque de Minas,"01a02d5b-01cd-7912-b7b7-1f84517da4f8"
f329f07e-b49c-448a-9dae-62bfb3d95029,São Sebastião da Bela Vista,"01a02d5b-01cd-7912-b7b8-5fac30b1eed2"
f3c7f6d5-c6d3-493a-b252-6d28de0b819f,São Sebastião da Vargem Alegre,"01a02d5b-01cd-7912-b7b9-7f8d75f9451f"
"6731ab96-46ec-4211-8d3e-228d722d8a89",São Sebastião do Anta,"01a02d5b-01ce-7910-bf00-5b46140f7980"
"0e84a296-aedf-41fd-b5e7-3b620e0de863",São Sebastião do Maranhão,"01a02d5b-01ce-7910-bf01-a4124e2ec731"
dd5baf6b-4c93-4e9e-9e13-2a85d722dd58,São Sebastião do Oeste,"01a02d5b-01ce-7910-bf02-55d1b38da3fe"
ac6066e6-f58d-41f6-a0f2-39c29453e33e,São Sebastião do Paraíso,"01a02d5b-01cf-792e-81bc-ac172f4c4dd9"
de50a609-461c-41bf-93dd-b7793df86b98,São Sebastião do Rio Preto,"01a02d5b-01cf-792e-81bd-174af3b39a3f"
e20f02fd-a900-4a1b-8177-e0054153ed8b,São Sebastião do Rio Verde,"01a02d5b-01cf-792e-81be-24d52c04cff6"
"41da0e23-0163-473e-bfa5-a7196232574c",São Thomé das Letras,"01a02d5b-01d0-792b-8e2b-56fce58bf5d9"
af6542ea-95d1-4fda-8bd9-2d398031721b,São Tiago,"01a02d5b-01cf-792e-81bf-04141dcc280b"
ff270f82-8cae-4b36-8883-d576adf0d392,São Tomás de Aquino,"01a02d5b-01cf-792e-81c0-3740e509dded"
a0d03e59-6b5c-4c0d-96f4-0945a6f9ea2b,São Vicente de Minas,"01a02d5b-01d0-792b-8e2c-f9bd8da51afe"
"829070b9-670f-4eef-be48-7ef42514559b",Sapucaí-Mirim,"01a02d5b-01d0-792b-8e2d-1c81e800be0b"
"96187436-6e57-4590-a946-89b6a6486d01",Sardoá,"01a02d5b-01d0-792b-8e2e-eb26b0108c60"
fca55c79-5152-40d7-9d26-95c8cdc82825,Sarzedo,"01a02d5b-01d0-792b-8e2f-9eb3190c977b"
"951040e3-08d7-4a3f-a853-6810c1f7a613",Sem Peixe,"01a02d5b-01d1-792e-8300-245f4febd75e"
f95a8da9-f3bf-46c8-bf28-ba3a1de086b5,Senador Amaral,"01a02d5b-01d1-792e-8301-e001325bd7d6"
"25b9d93a-e498-4f52-94cf-6dfde1a3607c",Senador Cortes,"01a02d5b-01d1-792e-8302-c34ea072cb01"
b3694cf2-7841-4705-9e5e-8f0a547e07bf,Senador Firmino,"01a02d5b-01d1-792e-8303-f4bfd40811a0"
"86171734-afdd-4824-a5a2-7ff9e6718f91",Senador José Bento,"01a02d5b-01d2-792e-a2b7-6793d3dfb6a3"
"4ee12744-37df-4cf7-9fe2-296d6f10caa0",Senador Modestino Gonçalves,"01a02d5b-01d2-792e-a2b8-71fff197bca7"
ec0a99f8-85eb-4295-81a6-354338b218e2,Senhora de Oliveira,"01a02d5b-01d3-71da-a7ff-f97c598fd0d5"
f80c4665-2f44-40f7-b626-e303e43d7ea4,Senhora do Porto,"01a02d5b-01d3-71da-a800-79478221adea"
b5bf1c93-d317-4b89-ab4c-b1320a88aa12,Senhora dos Remédios,"01a02d5b-01d3-79f6-a801-5a385e05662e"
"63503189-3dd4-4c4b-8af7-1a4befc04f81",Sericita,"01a02d5b-01d3-79f6-a802-a5944651c3af"
"0f64bca1-20f2-4005-930f-b91e2b45e44a",Seritinga,"01a02d5b-01d4-726a-858c-03e1477f3c82"
"5bd674c2-ad1d-46d2-92a3-ecefa4b6b8cd",Breves,"01a02d5a-8dda-7703-8601-50d6f3580223"
"564fcd2b-0711-46d5-8cf2-8cc941bbcfc9",Serra Azul de Minas,"01a02d5b-01d4-726a-858d-9c3917018fac"
a30b5da8-5e0a-4dca-bedf-ceaa895bfcfd,Serra da Saudade,"01a02d5b-01d4-7a97-858e-15ea1986f5c9"
ff341885-122f-4592-b0cc-70d6f3c735bf,Serra dos Aimorés,"01a02d5b-01d4-7a97-8590-637513eaedd1"
"1862eb19-5948-477d-943e-78f51b383fb6",Serra do Salitre,"01a02d5b-01d4-7a97-858f-e3c9c0a3f60b"
"13fae35c-cdc1-4bf9-9e92-46276f704fd0",Serrania,"01a02d5b-01d5-735f-af5a-9baed5fb072d"
"55545c34-529e-49e9-b092-bad31ebfdf1f",Serranópolis de Minas,"01a02d5b-01d5-735f-af5b-449b79af1e24"
"25ad5947-7d47-43c8-848c-15d93081f5d8",Serranos,"01a02d5b-01d5-735f-af5c-6aeaa23e93b8"
"5a148e42-460d-4584-b049-6a851301f005",Serro,"01a02d5b-01d5-7c18-af5d-c10bbd35e507"
"9f0d4016-c857-4093-951a-1f27c972e91b",Sete Lagoas,"01a02d5b-01d5-7c18-af5e-b7d9634d76ad"
cd06494d-5ad0-4dc2-ac1f-641df3914fa9,Setubinha,"01a02d5b-01d5-7c18-af5f-f25b528f8ec9"
"63b5ddfc-fde3-4781-8783-ba8f09415ae6",Silveirânia,"01a02d5b-01d6-74d0-b84e-a311cd49f019"
"5c08eb02-7c48-4083-a4f1-4b7a5166b179",Silvianópolis,"01a02d5b-01d6-74d0-b84f-369e2518faf8"
ab78216a-5ef7-4c09-a235-ea738682f3e2,Simão Pereira,"01a02d5b-01d6-74d0-b850-3a06dd1aa680"
d7f09380-2590-410f-9ec9-7bde2428565d,Simonésia,"01a02d5b-01d6-74d0-b851-5f28f7aa9f97"
"2c9cdb93-74cf-4b97-9aab-263c3ecb4489",Sobrália,"01a02d5b-01d6-74d0-b852-4008782850eb"
eb4373be-bf52-4ad9-a104-511fd8594498,Soledade de Minas,"01a02d5b-01d9-7954-95d3-276c97e968c8"
"966a7d69-3408-402c-a4ad-b25283d78ed0",Tabuleiro,"01a02d5b-0603-7332-b81c-81801b294275"
d489ab91-0a0e-42f0-9d74-5782cbf6daf6,Taiobeiras,"01a02d5b-0605-7fdb-a76a-ca89716f3ced"
"4d0ef615-042a-4aca-9b49-1fc05c0e0ca7",Taparuba,"01a02d5b-0606-7852-bf81-76b6ee19be69"
"548dc91c-e036-480f-a751-85d5f437bfc9",Tapira,"01a02d5b-0606-7852-bf82-2eeb26a41135"
"042fc8d8-cc1a-4d96-9b4d-9c0710a3db7c",Tapiraí,"01a02d5b-0607-71ed-a017-0b85761b2305"
"7dbcf53b-91ef-4c9b-85e8-1221fc8688f9",Taquaraçu de Minas,"01a02d5b-0607-71ed-a018-17a0c61077e8"
"428c307d-2f7b-46f4-8179-54bcde06b240",Tarumirim,"01a02d5b-0607-71ed-a019-424bb1a00503"
"4642c1d5-63f8-4005-b02d-4a54f40d5e18",Teixeiras,"01a02d5b-0607-71ed-a01a-1bf328bf372b"
fd61d79f-4c48-41d4-9558-b60f19c8ffe8,Teófilo Otoni,"01a02d5b-0608-7251-9abb-1eb6bb34b3ff"
ddb4aa23-2f5b-48e8-ae8d-757281e7f0d3,Timóteo,"01a02d5b-0608-7251-9abc-efa19a552ffc"
"247ffad2-cb2c-4cff-808f-6632b50207d3",Tiradentes,"01a02d5b-0608-7a6a-9abd-2adba21ac7d2"
bbbe003a-8a3a-41cf-b0e3-c994d0203cbe,Tiros,"01a02d5b-0608-7a6a-9abe-9fc70bfbcd1a"
"10404cf1-82f1-4bda-9b0a-5e2780b7708e",Tocantins,"01a02d5b-0608-7a6a-9abf-2964d5f26834"
"1bddfac9-8c40-4806-8c09-d2358de76dd0",Tocos do Moji,"01a02d5b-0608-7a6a-9ac0-36cbcc79165a"
c87c425d-5f6f-420e-9dd1-eb0c18f67841,Toledo,"01a02d5b-0609-7a7b-a847-6d821145dd8b"
"24324796-9e24-4ff4-b0d8-39b5fd820ed9",Tombos,"01a02d5b-0609-7a7b-a848-1fc610cf811b"
"2199a71d-30fd-474a-b1da-83aa0d5fbe68",Três Corações,"01a02d5b-0609-7a7b-a849-6bbe347db4fd"
"87905593-c9f7-422c-bca3-77be498d7686",Três Marias,"01a02d5b-0609-7a7b-a84a-a004bc9d303f"
"1177965f-46a7-4c4e-9805-7378a70254fb",Três Pontas,"01a02d5b-060a-7aa5-a9ab-01f72e61bc19"
"4b77dee9-e0ce-4b79-8bd0-54ebd0943c38",Tumiritinga,"01a02d5b-060a-7aa5-a9ac-41edd335c11a"
b1bd1bcb-b0d2-460b-8ac2-20bd40a10920,Tupaciguara,"01a02d5b-060a-7aa5-a9ad-1bb6213374e1"
"8f8b39d3-4d8d-4ffa-8225-5a1a38390c18",Turmalina,"01a02d5b-060a-7aa5-a9ae-e65add6df7ed"
"79b881f3-e9bb-4dde-acb1-3907b2d3baba",Turvolândia,"01a02d5b-060b-7aa0-8115-d56ac40277ca"
"51a77a7e-27c3-4b5b-84ee-79730031e78d",Ubá,"01a02d5b-060b-7aa0-8116-6987214151ec"
"47b63945-7e61-44bf-a267-d590dff447c7",Ubaí,"01a02d5b-060b-7aa0-8117-d0b2fdb91a8b"
b71ccb8c-78d3-4183-91e1-61aa18574f4f,Ubaporanga,"01a02d5b-060b-7aa0-8118-6c5d97c03c87"
"1b77a8ff-92cb-4de2-9f74-d856594861b0",Uberaba,"01a02d5b-060b-7aa0-8119-3ed71fd6ed68"
d758ac99-95f1-4326-a989-6a563bdd1cdb,Uberlândia,"01a02d5b-060c-7a92-beba-13a402dd1f22"
"6131c12b-4087-4c33-830c-10dae7631193",Umburatiba,"01a02d5b-060c-7a92-bebb-06725b089140"
dd24adda-360f-4397-ba62-8ecf9ce6a00c,Unaí,"01a02d5b-060c-7a92-bebc-76b6d7b77d7b"
"4779c20d-0112-488d-93d5-3f77eb243388",União de Minas,"01a02d5b-060c-7a92-bebd-0ecbabb1ec02"
e1744c73-92b4-4024-8ba9-385486e355d4,Uruana de Minas,"01a02d5b-060c-7a92-bebe-f28a80aff8d9"
dd1e48ad-d1d2-4625-872f-650f8a09700c,Urucânia,"01a02d5b-060d-7d25-8c17-a6a42f8f69a1"
"01ac8b4d-c42b-4bdd-a346-c44b4ecb836a",Urucuia,"01a02d5b-060d-7d25-8c18-7c94a31dbd0b"
a1e6dcce-971c-45ee-94ba-c057d0358987,Vargem Alegre,"01a02d5b-060d-7d25-8c19-fbb9278cf86e"
"03a2a4ab-c436-41af-b790-b57d5f4bc83f",Vargem Bonita,"01a02d5b-060d-7d25-8c1a-aeea27b4d77c"
"903e9a9b-f88b-4b73-b6ff-50106ce72d20",Vargem Grande do Rio Pardo,"01a02d5b-060e-7ceb-9968-478df94e3a64"
"0a33adc9-d5e4-4e29-81e0-6afa2ca209b2",Varginha,"01a02d5b-060e-7ceb-9969-bcb1b1934297"
"4fadaa44-e074-4c50-8f33-9221c3796e49",Varjão de Minas,"01a02d5b-060e-7ceb-996a-33e954dea014"
"90ba4e3e-ec2e-43f5-b6d5-eb2f592ce8a4",Várzea da Palma,"01a02d5b-060e-7ceb-996b-926e4dec5648"
bbaf3fa7-e76f-4de9-9cc1-3e17bf95a5f5,Varzelândia,"01a02d5b-060f-7ce5-b2f2-c6936e6a684d"
"6f46d9ce-b0e1-4bae-b47f-d51768dfc9ed",Vazante,"01a02d5b-060f-7ce5-b2f3-7248e57a6cc3"
"358692c3-20d3-4499-93c8-b8b0ddeb42b6",Verdelândia,"01a02d5b-060f-7ce5-b2f4-a0954d524603"
"466d9c2b-400c-4316-94bf-bcf5689f85e4",Veredinha,"01a02d5b-060f-7ce5-b2f5-d228e1f10a28"
"02efcc62-5e85-4192-92e6-4bfcf4a5b225",Veríssimo,"01a02d5b-0610-7ce4-8a8b-8854a92ed440"
"19a782a3-7f69-47f6-ba6c-b444e7c61072",Vermelho Novo,"01a02d5b-0610-7ce4-8a8c-c5a0f518ba9a"
b7b2cdbd-7387-4575-8b5c-c57f20e665fe,Vespasiano,"01a02d5b-0610-7ce4-8a8d-22a4880441ea"
"0400a433-e3d5-4cd0-bb1f-2f3d34a91102",Viçosa,"01a02d5b-0610-7ce4-8a8e-2cb77e09b698"
"3bcd7969-2593-455a-916f-01798d031ad8",Vieiras,"01a02d5b-0610-7ce4-8a8f-39fdf489fbc7"
"9dc105b7-04ae-42ce-aa92-40de545e70d8",Virgem da Lapa,"01a02d5b-0610-7ce4-8a90-0196eecc40cc"
"84581940-9f68-4134-bad4-09e1b3702c7c",Virgínia,"01a02d5b-0610-7ce4-8a91-f95c34709e80"
"7941e7fe-396f-40dc-a3d7-ff7fb10479bc",Virginópolis,"01a02d5b-0612-74f6-9ad2-f3883d64e9fe"
baabc0d0-5ca5-4274-aaf9-56fef597d909,Virgolândia,"01a02d5b-0612-74f6-9ad3-ff0a4c157642"
"66f5a9ba-f5a5-498b-986d-2ec742a2e1cd",Visconde do Rio Branco,"01a02d5b-0612-7dac-9ad4-151cb964d400"
"6dbd360f-5acd-44ab-9979-f2d7112fb354",Volta Grande,"01a02d5b-0612-7dac-9ad5-fe531cd075e0"
"9cb628a0-b502-4533-a37a-78b4ca380cbe",Wenceslau Braz,"01a02d5b-0612-7dac-9ad6-94371b2d8020"
f489df3e-867a-4348-94c0-3b36fdbfaf34,Água Clara,"01a02d5b-5972-7cb8-bf27-c543529e281e"
"913b6649-6b72-4227-834a-66fe4bb91ce4",Alcinópolis,"01a02d5b-5975-76ab-8072-29dabccd2ba0"
"0f47168f-eff9-40fc-8c94-edf90c45e830",Amambaí,"01a02d5b-5975-7ec7-8073-05904f7af1ec"
"29fc8296-6791-408d-8b97-ab42d4771ffb",Anastácio,"01a02d5b-5975-7ec7-8074-49a48fdd4750"
d542c928-b649-422a-b237-a2b1e473d976,Anaurilândia,"01a02d5b-5975-7ec7-8075-4d2886061126"
"0ce81726-f56f-4bdd-9905-2ff8b988d877",Angélica,"01a02d5b-5975-7ec7-8076-75a9046c1947"
f837e8f4-9032-47ba-abbe-a0e657a5ab13,Antônio João,"01a02d5b-5976-7753-a638-b9ce2411adb4"
"485c5df2-e554-4bac-ace7-941e947c3e9d",Aparecida do Taboado,"01a02d5b-5976-7753-a639-c7ba4365cf1a"
"448deaed-0689-4994-a25c-b27632eb5574",Aquidauana,"01a02d5b-5976-7753-a63a-bcd4774b3284"
"1c53cadf-5441-4bbd-8c82-adc919c5f2ca",Aral Moreira,"01a02d5b-5976-7753-a63b-83449a6d475c"
"89624ce8-b48b-4449-a1c5-f610fe41a00a",Bandeirantes,"01a02d5b-5977-7003-ad75-a701587078a1"
f0b050ce-5f28-4533-a2e5-09fc52c10a73,Bataguassu,"01a02d5b-5977-7003-ad76-02cb91f907bc"
"0b3b4b26-0e39-4da9-9b96-e6fa04000029",Batayporã,"01a02d5b-5977-7003-ad77-cb8efbe23b7b"
a32ce1f5-91d7-4903-8c9f-fa0b1b694eb4,Bela Vista,"01a02d5b-5977-78b2-ad78-961ef6f87cc2"
"0aee12c9-5da4-4f08-8f4d-4224cc0210ae",Bodoquena,"01a02d5b-5977-78b2-ad79-40ad03504afa"
"4cf21403-3197-44e3-98fc-c0197b657dd9",Bonito,"01a02d5b-5977-78b2-ad7a-262bec893953"
"7df7dc04-c206-499e-a161-9f00acc692d6",Brasilândia,"01a02d5b-5978-714b-9942-34aa8c09a401"
"4c2c974b-bbc9-4fc9-95d8-ccb1475ec330",Caarapó,"01a02d5b-5978-714b-9943-98948e726a96"
"5d24b31a-8b77-4551-979d-446dc2f3a586",Camapuã,"01a02d5b-5978-714b-9944-f947af62a488"
"960e45ab-a879-4413-924c-d2c9f2537fd4",Campo Grande,"01a02d5b-5978-79e5-9945-a047342d000e"
"73b2d451-40f8-484b-a92d-581ba633d8de",Caracol,"01a02d5b-5978-79e5-9946-2239225178d8"
f5c80f50-4ec3-4d8e-b073-950cf0b696bd,Cassilândia,"01a02d5b-5978-79e5-9947-d021d27abd1f"
"9bd18823-2bbc-4737-95a3-6161507b2476",Chapadão do Sul,"01a02d5b-5979-721f-8087-ae0d4a2d6cc3"
a09d7a93-feb3-47b5-b2e5-ccc666fa1cb4,Corguinho,"01a02d5b-5979-721f-8088-903ce54fde7a"
b755a2bb-32de-4428-b2f1-e54ade8751be,Coronel Sapucaia,"01a02d5b-5979-721f-8089-ad715bd2e2e2"
c9241382-3673-4365-9da7-df7e0578239e,Corumbá,"01a02d5b-5979-721f-808a-66a7aff98eae"
"85ccbc79-22d1-4049-ab3f-b224fb0ca5fc",Costa Rica,"01a02d5b-5979-7aa2-808b-058ea22390c9"
fd63e692-87f8-4576-b2e4-a0eb59a6d1c2,Coxim,"01a02d5b-5979-7aa2-808c-e9b8c78e943c"
"28fe8205-db23-4564-9cf2-310e13f3e00f",Deodápolis,"01a02d5b-5979-7aa2-808d-c177cba60d33"
"85bf4842-e59d-44ae-96cd-190ba39d28c0",Dois Irmãos do Buriti,"01a02d5b-597a-7381-89b3-71fbe62bc683"
"2b855b1e-3156-47e0-8762-72b1b7cd90d9",Douradina,"01a02d5b-597a-7381-89b4-a221a945ad41"
"5446f291-c15e-45e0-b1a6-f1a19cdb3f10",Dourados,"01a02d5b-597a-7381-89b5-cae1a787a1e5"
c7857d76-8874-4cf8-8518-37e41b2c0dbd,Eldorado,"01a02d5b-597a-7381-89b6-593f0b0b7163"
db48eb47-cd34-4e8e-b842-b5bdcc66cee9,Fátima do Sul,"01a02d5b-597a-7c28-89b7-87bfb2c520d2"
"40bce10f-1a2f-4827-8859-a4aa1fefab05",Figueirão,"01a02d5b-597a-7c28-89b8-dab867eb6c4c"
"1035f811-a302-47ee-a5d7-b302bd2f9050",Glória de Dourados,"01a02d5b-597a-7c28-89b9-ae199ca12cb4"
eb5db0b5-3d4b-4b39-aa3b-3613ad6afbf5,Guia Lopes da Laguna,"01a02d5b-597a-7c28-89ba-4bab0a74d0ba"
"35e390f1-6fbb-4fcf-8728-52bbece2a2f8",Iguatemi,"01a02d5b-597b-749f-8270-ec275c82d9f3"
"2a2bbff8-161a-4ce2-9958-6cee4bcc3440",Inocência,"01a02d5b-597b-749f-8271-094ecbe39fe5"
"046f2e54-f292-40e1-b89d-a542676c55f5",Itaporã,"01a02d5b-597b-749f-8272-c7ed55381088"
"1debbb52-ac1a-45e9-ba5b-cdf80abd934f",Itaquiraí,"01a02d5b-597b-749f-8273-881c7cba46cc"
"8c10d655-47bd-4668-93dd-ac950df3c933",Ivinhema,"01a02d5b-597b-7d47-8274-581f4559b6bd"
"7027b2c8-3423-426b-b0bf-d2e23b8d6240",Japorã,"01a02d5b-5dba-7194-a769-6c0bdeda5885"
c28fbe5b-d3be-4826-8e06-44a9c41482eb,Jaraguari,"01a02d5b-5dbd-762d-adcd-8af8f5198f03"
"88cd1d28-4648-4e10-93bc-28af8513ccc8",Jardim,"01a02d5b-5dbd-7f28-adce-b0caff080930"
"9887ebdb-3938-4027-8aca-34a9b1a7d17d",Jateí,"01a02d5b-5dbd-7f28-adcf-1230edafaf87"
fd42ab21-aae4-4d8e-8051-44a3505c415c,Jutí,"01a02d5b-5dbd-7f28-add0-fdc181288892"
c4d64c91-ca38-4e8b-a5a5-cd03f4653d84,Ladário,"01a02d5b-5dbe-7802-b016-24ba7e39a283"
"61f52578-e3b7-40c1-90fa-551d8b50a5a8",Laguna Carapã,"01a02d5b-5dbe-7802-b017-826711ef8136"
"2d4eaf9f-fb6d-4c0e-8f3b-6f74911c6615",Maracaju,"01a02d5b-5dbe-7802-b018-5c8a0e00974a"
"233daafd-12a0-491d-9c8f-3fba76bc0431",Miranda,"01a02d5b-5dbf-70d4-bb75-befa3c161101"
"3291f545-9ef9-4fc2-8b39-73c9366ea592",Mundo Novo,"01a02d5b-5dbf-70d4-bb76-06e8bab0966c"
"2c2d98dd-58c1-46ff-bbe0-24b5bfae7e93",Naviraí,"01a02d5b-5dbf-70d4-bb77-71e848471545"
e472b9ec-df2a-4e09-8a29-caac8b900510,Nioaque,"01a02d5b-5dbf-70d4-bb78-2651f11e170b"
"98a8de3c-1ee3-4de4-aaac-675da264e606",Nova Alvorada do Sul,"01a02d5b-5dbf-79a6-bb79-e724d0d9c848"
f443fc06-5de7-4444-92e1-80e1ef059d75,Nova Andradina,"01a02d5b-5dbf-79a6-bb7a-23906fc5305a"
"403bcfed-1314-4d51-9ad3-0ac3e87e59a9",Novo Horizonte do Sul,"01a02d5b-5dbf-79a6-bb7b-a0a69f3d6420"
"026f94f7-485e-4435-8e99-44315783dfa1",Paraíso das Águas,"01a02d5b-5dbf-79a6-bb7c-13b50c365349"
"107f279f-3e1d-49b7-84ad-a5d989de0821",Paranaíba,"01a02d5b-5dc0-725a-b0a9-a3658117185e"
cd5effd2-c784-4cac-9ae1-f314c8b5bf3d,Paranhos,"01a02d5b-5dc0-725a-b0aa-cb54eb46550c"
"8150463b-25b6-4433-a3f4-fbcb11aa7b93",Pedro Gomes,"01a02d5b-5dc0-725a-b0ab-bf1177c28f55"
c15990f3-6129-4666-8ff4-53cee86fa333,Ponta Porã,"01a02d5b-5dc0-7ba9-b0ac-3a928079068a"
"4e66262f-7fdb-4e13-b6e0-39cd0956028a",Porto Murtinho,"01a02d5b-5dc0-7ba9-b0ad-e5598d2742ca"
"5598fc27-2168-468b-90ef-8d6999a51c85",Ribas do Rio Pardo,"01a02d5b-5dc0-7ba9-b0ae-f37678cb670c"
"4e66516a-41c8-4ec7-a81d-50115208d176",Rio Brilhante,"01a02d5b-5dc1-7459-947c-e5bd07a86aa9"
"4f95a333-2fe3-4f00-9179-ff3b032d6515",Rio Negro,"01a02d5b-5dc1-7459-947d-b738c601e3de"
c6fdd0ae-a407-43af-8160-ed46c42c7bd4,Rio Verde de Mato Grosso,"01a02d5b-5dc1-7459-947e-3dbb72870730"
ceddca7d-65f6-4741-b7db-362a5fa5cf8a,Rochedo,"01a02d5b-5dc1-7459-947f-f3c3ea644857"
"1d8c92ec-4c73-4663-abab-d13add0dd5d6",Santa Rita do Pardo,"01a02d5b-5dc1-7459-9480-49561376f6b9"
e6e00565-adaa-4e49-a6a9-9b87f992a99c,São Gabriel do Oeste,"01a02d5b-5dc1-7459-9481-b1c525256710"
"704e3cb6-8640-4c78-bcb7-5ba9c3c23d86",Selvíria,"01a02d5b-5dc1-7459-9482-13ee812e3451"
"04d36535-aa6a-4672-9102-a09d05dcf6c1",Sete Quedas,"01a02d5b-5dc2-746f-a8ef-0727b3c623eb"
f665079b-293e-49ad-8dbb-841f7932e440,Sidrolândia,"01a02d5b-5dc2-746f-a8f0-7a579e1ccfc5"
e6fac781-96bc-4781-9687-75f5ff75af28,Sonora,"01a02d5b-5dc2-746f-a8f1-6362b79530c4"
"0d655d1c-ceb8-48e3-a669-e2b7fe42fe4c",Tacuru,"01a02d5b-5dc2-746f-a8f2-b8d3f5ed83ef"
"5050f119-732e-44d0-a4a5-64e0ee716919",Taquarussu,"01a02d5b-5dc2-746f-a8f3-dc7461fe1643"
"0fea3454-d8b5-413c-a739-c504e869b2bf",Terenos,"01a02d5b-5dc2-746f-a8f4-ad3a91420f34"
"9768e30f-7d28-46ce-a57c-8fa729756901",Três Lagoas,"01a02d5b-5dc3-747d-9cd9-df3cbecbcbb6"
"5e1e21d9-c34c-47c9-8116-22c6ceba30a2",Vicentina,"01a02d5b-5dc3-747d-9cda-a1777b3c32fd"
"0e281604-f094-459b-b5f2-a1e6048918b3",Acorizal,"01a02d5b-5dc3-747d-9cdb-e2e7db3a8148"
cdb6f5b9-702c-4f9e-b19c-972a99f1fedb,Água Boa,"01a02d5b-5dc6-795a-9eaa-625473f188ae"
"1f289562-70cf-45da-a7f5-0d40ebd12901",Alta Floresta,"01a02d5b-5dc6-795a-9eab-3570a1c9ea61"
"0f415219-97c0-470b-82a4-111e9c108d7a",Alto Araguaia,"01a02d5b-5dc7-7238-b0a3-b0f64acd907b"
cd314985-502b-4087-84f1-349ffa1d3c72,Alto Boa Vista,"01a02d5b-5dc7-7238-b0a4-037ece3318c2"
"1d1b7115-2185-42a6-a2b0-1884456d1d9c",Alto Garças,"01a02d5b-5dc7-7af8-b0a5-94b6a25f1398"
"73383f0d-0763-4738-85e6-b4ae0fe916df",Alto Paraguai,"01a02d5b-5dc7-7af8-b0a6-04bdea55939c"
"3df326eb-4c26-44ae-bea1-51d5e5ca22a3",Alto Taquari,"01a02d5b-5dc8-739b-aff7-55f9eae93caa"
"0926f22f-7ed2-4ef5-865a-3424dd7f0f1e",Apiacás,"01a02d5b-5dc8-739b-aff8-60796d258c75"
"3a75ab7a-0933-4df5-9d1d-8e254f182ed5",Araguaiana,"01a02d5b-5dc8-7c3d-aff9-3ef3acbc2f11"
"39e70d22-a6bc-4231-965b-e95cf60b660f",Araguainha,"01a02d5b-5dc8-7c3d-affa-15c66f15db3a"
a0483677-bfd9-41f6-b17e-0a8606a2a879,Araputanga,"01a02d5b-5dc8-7c3d-affb-d5a7c6a5b7a1"
a8f3ae8d-7784-4cff-8a91-89e2e596f082,Arenápolis,"01a02d5b-5dc9-74e2-a626-aa2f2bf8eb5f"
"4d752238-5894-4f84-b629-957507bdf11a",Aripuanã,"01a02d5b-5dc9-74e2-a627-3dab6e6e00a9"
"21300a50-a88e-4fb8-bdc1-72ffc4ed6461",Barão de Melgaço,"01a02d5b-5dc9-7d87-a628-14d6f33776b1"
fc93a6a5-2081-4aa3-a2a9-b6534abfb5a0,Barra do Bugres,"01a02d5b-5dc9-7d87-a629-0f7d92b6ced1"
c7d0a9ba-e7d9-43e8-847d-95f253330313,Barra do Garças,"01a02d5b-5dca-762d-a838-eaf59b9518d6"
"35a2e494-fbf8-497b-9b3a-9d35a02d3e22",Bom Jesus do Araguaia,"01a02d5b-5dca-762d-a839-48e7a43d7b6a"
c94226b1-7f9f-4685-a873-0a5586c7b973,Brasnorte,"01a02d5b-5dca-762d-a83a-b5a0f1e92e19"
"9ff70996-baa3-445b-9447-01f4555542aa",Cáceres,"01a02d5b-5dca-7ed3-a83b-3d2acad41f71"
"404d8b06-0ad3-4ecd-92ab-0013195d30ed",Campinápolis,"01a02d5b-5dca-7ed3-a83c-f29612aa0e11"
"3edd4755-1ef6-4c60-94ee-5a62511d7a57",Campo Novo do Parecis,"01a02d5b-5dcb-77b5-a0e3-2c41dfa0b2b5"
"2298327d-9844-4435-bdfc-6c03e8af6d3c",Campos de Júlio,"01a02d5b-5dcc-7065-9c55-bf2592cc07f6"
fd9ffe1e-cc3e-4cab-86d4-f0a46eaaacc2,Campo Verde,"01a02d5b-5dcb-77b5-a0e4-a7ed5e21f57e"
"278c6600-914e-460c-8284-54ff1e25b4d6",Canabrava do Norte,"01a02d5b-5dcc-7065-9c56-4f3f9fe5714d"
"7ad3d4c5-9023-4a49-823d-e76bc474bce6",Canarana,"01a02d5b-5dcc-7988-9c57-9d099b23a385"
"4eb6f67c-6b12-4451-b2d4-f9f0bb35a2de",Carlinda,"01a02d5b-5dcc-7988-9c58-e0547ce2901a"
"882a47a9-3abe-4249-9570-42de90bd8fce",Castanheira,"01a02d5b-5dcc-7988-9c59-9242377c210f"
"7d5d42ed-31f9-4eb2-8fc1-6d2bb4238c52",Chapada dos Guimarães,"01a02d5b-5dcd-726d-a632-5f9ca63d4b21"
d7068849-a19e-4b99-8c10-ac887c458216,Cláudia,"01a02d5b-5dcd-726d-a633-ba42d8e6ef30"
"8103839f-0c89-4517-ba08-07e5251f1235",Cocalinho,"01a02d5b-5dcd-7b4b-a634-45a729a0441d"
"834e6573-cba5-464f-b627-64ba2fcb8d37",Colíder,"01a02d5b-5dcd-7b4b-a635-de696eabe122"
e8dc2129-552f-43f8-9a7f-87b5bb1874da,Colniza,"01a02d5b-5dce-742c-bdb5-ebf445e30a8c"
"8b42192c-342d-4c20-b456-4011e5c5c261",Comodoro,"01a02d5b-5dce-742c-bdb6-7252394fd35d"
"601246a8-b4f0-49ca-8e9b-d2bb13864e8f",Confresa,"01a02d5b-5dce-742c-bdb7-19b35133ecd3"
"44b365aa-f2fe-49d7-9d98-f1c95e80f5aa",Conquista D'Oeste,"01a02d5b-5dce-7d02-bdb8-d28891a4a13e"
eea963c7-09c9-454e-bebe-90ed0bda06e1,Cotriguaçu,"01a02d5b-5dce-7d02-bdb9-c2fae2893f1f"
f9080897-d735-4b26-b86e-107038c650fa,Cuiabá,"01a02d5b-5dcf-75b9-9643-065a6ea8cef6"
"0bd16f1e-682d-4194-a068-f88ad93daaee",Curvelândia,"01a02d5b-5dcf-75b9-9644-2827b42e8ea5"
"44d30859-7c10-4d6a-8427-c2eb41974cb4",Denise,"01a02d5b-5dcf-7ff0-9645-d0ac86afbeda"
"743e118c-46da-49da-b6ed-e70619648cbd",Diamantino,"01a02d5b-5dcf-7ff0-9646-11137f3d32e5"
"9678a9e9-4f77-4db7-8eb5-3d7fb771659c",Dom Aquino,"01a02d5b-5dcf-7ff0-9647-c82270411ee7"
da609e38-0afe-41e2-87a5-aa528a61e160,Feliz Natal,"01a02d5b-5dd0-78ca-99ca-3d6a01981797"
"044d4593-54be-4fe0-b315-f1b1c958d5fa",Figueirópolis D'Oeste,"01a02d5b-5dd0-78ca-99cb-a16f905722e1"
"93444fc5-0b5a-4bcb-b133-3e1f4419f655",Gaúcha do Norte,"01a02d5b-5dd1-716e-92da-7071e1d9e9c4"
"034fc00b-19bb-43ca-95f1-caebf8891336",General Carneiro,"01a02d5b-5dd1-716e-92db-97e662bf1fd5"
fae5bc81-ac7a-4215-b64f-5337a417f3bc,Glória D'Oeste,"01a02d5b-5dd1-716e-92dc-b09c1db283e0"
"3d815916-1e11-468b-a241-f3f95de9d49e",Guarantã do Norte,"01a02d5b-5dd1-716e-92dd-ab862cf597a4"
"56d2d0cb-d97e-4a68-8b51-a15d557fe160",Guiratinga,"01a02d5b-5dd1-7a19-92de-8daf9ce553f4"
"91cd5094-7f7c-4eb7-8049-755fd93f24f6",Indiavaí,"01a02d5b-5dd1-7a19-92df-141f8a4f0225"
"28ae6e61-d011-4e6f-9594-b86327065463",Ipiranga do Norte,"01a02d5b-5dd1-7a19-92e0-c5b775e2d508"
b56ef62a-014a-41d3-9a94-c8ed30b2e4d4,Itanhangá,"01a02d5b-5dd1-7a19-92e1-607bc3236639"
f991f043-51d1-4e79-8d89-c5324349b3f3,Itaúba,"01a02d5b-5dd1-7a19-92e2-b1e86621c4bc"
"8956726f-0bbd-4393-9a04-aa990727f9f4",Itiquira,"01a02d5b-5dd1-7a19-92e3-8d4f7dd49ce1"
"925d5eb2-9c6c-4358-a653-17aa557817a1",Jaciara,"01a02d5b-5dd1-7a19-92e4-70fda8550f12"
"0fc3620c-0f02-4c45-8bb6-65c27a47378d",Jangada,"01a02d5b-5dd1-7a19-92e5-c4d9cc918bba"
"1e96a6ec-60f7-4269-a317-6a87a98dbfd7",Jauru,"01a02d5b-5dd2-7a56-9078-1bd1d4ea6cde"
"2d44a9ab-01b7-4955-a119-e151b12b275c",Juara,"01a02d5b-5dd2-7a56-9079-6a9bb5be7702"
a0969659-09a9-4118-8d36-0a19ae37877e,Juína,"01a02d5b-5dd2-7a56-907a-8e36ec4c8e28"
d79c2d4e-2781-4135-aebc-aa1d880f983b,Juruena,"01a02d5b-5dd2-7a56-907b-497a459bf415"
"5062666f-d0c0-4f6b-8211-a87f557cd021",Juscimeira,"01a02d5b-5dd2-7a56-907c-a980bda902f9"
"05f8d9fb-f486-4311-9458-cae488b2006e",Lambari D'Oeste,"01a02d5b-5dd2-7a56-907d-0ed1c277cf47"
"540ac4ed-07f8-405d-b84d-b81c7951993c",Lucas do Rio Verde,"01a02d5b-5dd2-7a56-907e-ba23ea03eedc"
"1810ab54-7867-4ab0-88f8-c8d50b4ddd06",Marcelândia,"01a02d5b-62c3-7c8c-bb47-e7a728fcd9df"
"20370558-c04e-40ce-bfff-9840cafc1dda",Matupá,"01a02d5b-62c3-7c8c-bb48-d5efea4f18c2"
"2829ba3b-230b-4cb5-8677-d57d9de66bde",Mirassol D'Oeste,"01a02d5b-62c4-754a-a073-6cca70050e9a"
"1e3f9e7c-e812-4355-b937-341e81abfc92",Nobres,"01a02d5b-62c4-754a-a074-d67665291d57"
"78ebd732-010e-4c33-a133-e7c4fb52a100",Nortelândia,"01a02d5b-62c4-7e1c-a075-1d6bb594653e"
e99005bc-7b2b-45d1-b26d-775c4fa1c498,Nossa Senhora do Livramento,"01a02d5b-62c4-7e1c-a076-1d22464b2499"
"1df1586b-e212-4c5a-a156-4e2a9cccbea3",Nova Bandeirantes,"01a02d5b-62c5-76ed-ba6e-be150f03c31e"
"31eef458-a0b7-45c1-ae38-849cd3917ac1",Nova Brasilândia,"01a02d5b-62c5-76ed-ba6f-23ac712d881e"
dbd5ec7f-d8f8-4a3a-9748-88a53d35b36f,Nova Canaã do Norte,"01a02d5b-62c5-76ed-ba70-30c381b55fd8"
"986c58be-c3b3-4be0-b06d-b9a969de5ec4",Nova Guarita,"01a02d5b-62c5-7faa-ba71-6d3e3688fd2f"
"0bcea2cc-d4fe-41ae-96c0-21d82ce84c55",Nova Lacerda,"01a02d5b-62c5-7faa-ba72-126b7916a2c4"
"96174e4c-8207-4988-acba-dae9677cda7a",Nova Marilândia,"01a02d5b-62c6-7842-8d57-551234ed0fcb"
"37a8f3ed-be89-4dee-953b-e4725a235b3f",Nova Maringá,"01a02d5b-62c6-7842-8d58-75be15b4566f"
a94deadc-d7e7-4ee9-98d4-fb01681fe037,Nova Monte Verde,"01a02d5b-62c7-710f-8307-00d11a930c30"
"9146f788-6916-4292-bdc0-16b84f4fdc3d",Nova Mutum,"01a02d5b-62c7-710f-8308-d77f92b4bfd5"
"88ba6042-c4ed-4091-b876-069b964fb8aa",Nova Nazaré,"01a02d5b-62c7-710f-8309-456820296a80"
c227d5c6-73d1-46e8-9c9d-edf37567ad64,Nova Olímpia,"01a02d5b-62c7-79be-830a-861ea91d93b4"
"040857b7-fb5e-496b-b4a9-775e1467232b",Nova Santa Helena,"01a02d5b-62c7-79be-830b-908e0de8bd42"
ed3cf109-85e6-47aa-96d0-9dca57486cfb,Nova Ubiratã,"01a02d5b-62c7-79be-830c-da39e76a674c"
"4dcd3b95-bebf-4512-a1a0-a247f2198f17",Nova Xavantina,"01a02d5b-62c8-729f-853d-b16805715ddc"
"73c761d5-e907-4070-9b76-04dbe1844cdc",Novo Horizonte do Norte,"01a02d5b-62c8-729f-853e-d03e65dacd2c"
cb1532c4-d352-42c0-9889-2e5bb7df350d,Novo Mundo,"01a02d5b-62c8-729f-853f-5fc03682e09d"
"22855214-c3a0-4425-a6a5-5424e4c93017",Novo Santo Antônio,"01a02d5b-62c8-7ba6-8540-7776160ede00"
"5cf93e3c-b8c5-4c97-b2ac-22bd05af7a20",Novo São Joaquim,"01a02d5b-62c8-7ba6-8541-17807a485005"
b68c9cbe-294f-4745-99e5-6133a36e409a,Paranaitá,"01a02d5b-62c8-7ba6-8542-dcacaf46c9d9"
"75b9898d-fe71-46c9-adca-babe95541037",Paranatinga,"01a02d5b-62c8-7ba6-8543-8779580751af"
"592c4fe7-6f9e-4fe0-98c8-d50cb5688b36",Pedra Preta,"01a02d5b-62c9-746f-b5e7-f158cac65293"
"0a9c4767-c791-4c2f-9091-c15cff63b069",Peixoto de Azevedo,"01a02d5b-62c9-746f-b5e8-347801e771ac"
"48a29e54-eb93-4863-ac37-c3b28b1ee06d",Planalto da Serra,"01a02d5b-62c9-746f-b5e9-d19aa0ccd108"
"2b164b3d-9b0c-46fd-ab73-5365ce1835ef",Poconé,"01a02d5b-62c9-746f-b5ea-c4b440851361"
b549b62d-3d9b-45d1-aefe-404b5c18f2c3,Pontal do Araguaia,"01a02d5b-62c9-7d24-b5eb-10f811db1e10"
ac539e18-4cf8-40c6-85a7-822020953653,Ponte Branca,"01a02d5b-62c9-7d24-b5ec-9236c917ede9"
"6d8eaae8-260d-4ef4-a39f-4916d7168266",Pontes e Lacerda,"01a02d5b-62c9-7d24-b5ed-50fcf78d0d20"
"3353e10f-3ad2-4247-924d-4ec4fec4eff5",Porto Alegre do Norte,"01a02d5b-62ca-75dc-9f21-916fcef00ef1"
"47fdd18c-43f6-466e-9205-ed4179264dee",Porto dos Gaúchos,"01a02d5b-62ca-75dc-9f22-a5629831823c"
fb28632b-4593-48c2-8cf1-f8c0e1686b2e,Porto Esperidião,"01a02d5b-62ca-75dc-9f23-188d18161885"
d131541c-5406-45b5-b9db-67d8db70ab77,Porto Estrela,"01a02d5b-62ca-75dc-9f24-50335ed3aac2"
"54bdf823-e0b8-40d7-9dcf-c60a5da64e9f",Poxoréu,"01a02d5b-62ca-7e99-9f25-c10458b4a2f4"
ec3769a2-88cf-4b19-b110-6f201064fbbc,Primavera do Leste,"01a02d5b-62ca-7e99-9f26-13874edac69d"
"44e935c4-943e-4401-9b8e-566d9f5d21a2",Querência,"01a02d5b-62ca-7e99-9f27-fb31df2dc608"
bbbb9c24-2d2a-473b-b505-f426889046ac,Reserva do Cabaçal,"01a02d5b-62ca-7e99-9f28-b16109862e53"
"802bd226-b8b0-416a-afe9-8787eaa5e517",Ribeirão Cascalheira,"01a02d5b-62cb-774e-9f8f-e83dbb59190b"
"77d2ffd6-055c-4086-853c-c9e0ff6be09e",Ribeirãozinho,"01a02d5b-62cb-774e-9f90-9913c5355138"
c052c397-2cb9-4994-be19-057d3812522f,Rio Branco,"01a02d5b-62cb-774e-9f91-6edfb8daaf1e"
"1e8faeaf-08ba-4a82-8c64-d4e05605a82b",Rondolândia,"01a02d5b-62cb-774e-9f92-c203ec709e0e"
c5ea0b43-feb2-4eda-afdf-175e1fc35fb9,Rondonópolis,"01a02d5b-62cc-7010-ac8d-f5438e2755ba"
e7d44832-3223-47c6-9827-602f94826d7d,Rosário Oeste,"01a02d5b-62cc-7010-ac8e-c7cef61358b8"
"3931def0-2196-4cfb-8b18-b4a4e4195dab",Salto do Céu,"01a02d5b-62cc-7010-ac8f-5dcebda035ce"
"3fbc04d6-2193-43cd-8776-ea91287b37c2",Santa Carmem,"01a02d5b-62cc-7a1d-ac90-0cce6d233c3c"
"253c149f-a154-4b01-9b73-3e9e36ee9a09",Santa Cruz do Xingu,"01a02d5b-62cc-7a1d-ac91-3d46d3e5445d"
de0289e5-64af-4eb9-8e72-d37c1b372574,Santa Rita do Trivelato,"01a02d5b-62cd-72d9-bc8f-713c5c28c814"
"4e7a8666-793b-499a-8ee5-e5c270868aeb",Santa Terezinha,"01a02d5b-62cd-72d9-bc90-c3249f7184ce"
"7745e2c1-d41c-45b1-b8a9-3bd201d6fc9f",Santo Afonso,"01a02d5b-62cd-7b8e-bc91-4070476ba2c8"
"6e852d66-fbdf-4c58-8afb-948007ff539a",Santo Antônio do Leste,"01a02d5b-62cd-7b8e-bc93-a5a7a547511c"
f53722bd-57bb-4e29-b328-757a7cc9d171,Santo Antônio do Leverger,"01a02d5b-62cd-7b8e-bc92-254be5ea28e6"
"652ac6b8-cb8c-45ac-8b7e-7084d4c530fa",São Félix do Araguaia,"01a02d5b-62cd-7b8e-bc94-0eec83ea6d83"
"09de5077-f9ed-4e63-b4fe-c1bc5b5df795",São José do Povo,"01a02d5b-62ce-7453-b74e-b05474ff40b0"
e4d08585-1179-400b-9a21-1c81e109e3ce,São José do Rio Claro,"01a02d5b-62ce-7453-b74f-cbea4bfbf290"
"649df4e3-6529-43eb-a717-732697351671",São José dos Quatro Marcos,"01a02d5b-62ce-7d53-b751-5077527ebc24"
e983c748-0cd1-44a4-a035-b31f1ff299b6,São José do Xingu,"01a02d5b-62ce-7453-b750-3699e5104407"
"040f7780-d0aa-45e3-83d4-253b0307cedc",São Pedro da Cipa,"01a02d5b-62ce-7d53-b752-e9f912aa07ad"
ea05ae7d-004e-4956-a39a-0d3fea3a5cec,Sapezal,"01a02d5b-62ce-7d53-b753-63d1dd116591"
a06211ed-12ac-4c63-b5b5-1cf85088df2c,Serra Nova Dourada,"01a02d5b-62ce-7d53-b754-a4aa861ccfe9"
d2809d18-87c6-482a-b5b0-46000c34dc56,Sinop,"01a02d5b-62ce-7d53-b755-148550060f99"
"8618fa5e-0ba6-46e4-8ada-c40c42c354d3",Sorriso,"01a02d5b-62cf-7d83-8943-5f910a7ffbb9"
c8290cc9-1fd4-40c8-9f49-8da1ff5b351a,Tabaporã,"01a02d5b-62cf-7d83-8944-ea09bd49a4a3"
"880b009f-2c72-4b73-bb0a-04ef455b48f2",Tangará da Serra,"01a02d5b-62cf-7d83-8945-57f12a1600b4"
"9194ee2a-7d38-420a-af98-bef476925cf4",Tapurah,"01a02d5b-62cf-7d83-8946-186a52c34f65"
"3cdca668-93f4-435d-b321-03ee4c34e3d3",Terra Nova do Norte,"01a02d5b-62d0-7d7b-a22a-931d27d0242e"
e33c75e3-85a2-4580-bc92-afe09db31aea,Tesouro,"01a02d5b-62d0-7d7b-a22b-9a977da5be78"
"86dba32e-d47e-4064-a359-cfecf96dfa3b",Torixoréu,"01a02d5b-62d0-7d7b-a22c-6fd393f0d47d"
f7b1cb5f-ff06-4258-a3dd-3a3f26938b44,União do Sul,"01a02d5b-62d0-7d7b-a22d-364b3308c941"
"4ccd20d1-b93e-4f16-b740-96b1b85c6ceb",Vale de São Domingos,"01a02d5b-62d0-7d7b-a22e-5e54e152c3a1"
"8a7b5193-c346-41d7-85b2-178a60ee6716",Várzea Grande,"01a02d5b-62d1-7d93-979b-6b062105653d"
"3c70498e-edf8-4169-ac64-9c0887eedaae",Vera,"01a02d5b-62d1-7d93-979c-266d32390693"
"2e3a6721-37bf-4d06-9dc3-2931378a926d",Vila Bela da Santíssima Trindade,"01a02d5b-62d1-7d93-979d-bd3ca2e7fad9"
ba062763-c2ea-414b-9c95-1272d8ef1de4,Vila Rica,"01a02d5b-62d1-7d93-979e-97d7becc8394"
"9d1c5245-db81-4ee3-adae-81acd2eaa954",Abaetetuba,"01a02d5a-8dd0-79d7-bfb4-b913c817c385"
"17d012f9-109c-498d-be92-5c2790bb93e7",Abel Figueiredo,"01a02d5a-8dd3-7513-816b-45123ed27de6"
c9123b19-ee60-45d5-bb4b-55cd48c7d146,Acará,"01a02d5a-8dd3-7dfb-816c-6e4c459614f1"
fceb2a38-3966-40da-a517-e5bc35dab57e,Afuá,"01a02d5a-8dd3-7dfb-816d-d86b90e9b9ea"
"5bcc4612-d5ed-4e80-9914-624560f8e587",Água Azul do Norte,"01a02d5a-8dd4-76d1-a03e-d6b0110668dc"
b514b099-1829-4912-b2b6-4093057c4ab0,Alenquer,"01a02d5a-8dd4-76d1-a03f-4b954fc71a4b"
"518a3859-82f0-4d21-bfd1-370383ca1524",Almeirim,"01a02d5a-8dd4-76d1-a040-4afb4e6277e0"
"8a3aa2ac-74e6-405c-b412-8f156637efaa",Altamira,"01a02d5a-8dd5-76ff-9e5c-2c9c9e31463d"
"77327f9a-b006-49ec-8eb5-b5eea4202308",Anajás,"01a02d5a-8dd5-76ff-9e5d-6b54b6a31c19"
e488e995-1179-49f2-a1ed-9ca29c8c6140,Ananindeua,"01a02d5a-8dd5-76ff-9e5e-fa16972bdc50"
e6b3073f-7643-4e67-ad81-f5051c3118ef,Anapu,"01a02d5a-8dd5-76ff-9e5f-38c6637976a1"
"77ed835d-27ba-4eb8-ae94-a7b0c8b6c416",Augusto Corrêa,"01a02d5a-8dd6-7700-ae5b-c9003c337a52"
"3236e5f1-8e67-4f1d-84b2-0107ef411406",Aurora do Pará,"01a02d5a-8dd6-7700-ae5c-4646db47ab8a"
"0a60a751-588e-4668-a547-7ef17c7e7d19",Aveiro,"01a02d5a-8dd6-7700-ae5d-28616eb08d5f"
"215de23a-c509-40bc-8fde-f5283ac908da",Bagre,"01a02d5a-8dd7-76ff-a870-ae06899301b0"
"114f68bf-5b76-47e9-823f-4d0b70b5561c",Baião,"01a02d5a-8dd7-76ff-a871-44516d0cbe56"
"263d97e5-07de-4e39-8342-bd1d7cc4d640",Bannach,"01a02d5a-8dd7-76ff-a872-9a4ec4cb2474"
ffe36b3e-f373-43db-8ad0-e19e8096828e,Barcarena,"01a02d5a-8dd7-76ff-a873-5d2b320e0eb4"
"3272f8c0-5070-4b4a-bc1b-e964568c1dbd",Belém,"01a02d5a-8dd8-7700-9a06-a31e288d1e67"
a5dec15b-dc5f-4183-863d-e93dd360acbb,Belterra,"01a02d5a-8dd8-7700-9a07-a9e54b453155"
"5d2a2659-e092-4053-bf1f-020b1d4d7a02",Benevides,"01a02d5a-8dd8-7700-9a08-e289d236e032"
ba9e8b22-cf6a-4cf5-81dd-667e0f72e4c7,Bom Jesus do Tocantins,"01a02d5a-8dd9-7704-934c-09d21a4db030"
"43c018b5-b079-4543-8362-7d1c0936faf2",Bonito,"01a02d5a-8dd9-7704-934d-12d1754d7337"
f72849a3-e4f9-45e4-8be0-7aa79a5f95be,Bragança,"01a02d5a-8dd9-7704-934e-bf9d381c470f"
"08c280a9-5fe7-4208-9285-d5f0e0aa4c5c",Brasil Novo,"01a02d5a-8dd9-7704-934f-d25b41378f59"
"9c6cf097-7f57-4836-934d-79b103e9e976",Brejo Grande do Araguaia,"01a02d5a-8dda-7703-85ff-ee7a50bdf516"
"0baf2533-1e94-4ba3-b5b5-8ae3575ff919",Breu Branco,"01a02d5a-8dda-7703-8600-fcfdc21a1a31"
"7a990071-662f-43d4-9211-2a38a396c51b",Bujaru,"01a02d5a-8ddb-7700-8199-aa12bb460d05"
"5de4d901-df58-4ba3-993f-9726c0eb2cac",Cachoeira do Arari,"01a02d5a-8ddb-7700-819a-16c9ffad9d01"
"352803aa-018f-47d0-8136-c2c11874b9fb",Cachoeira do Piriá,"01a02d5a-8ddb-7700-819b-f348280b223a"
c3389688-6db0-4836-975c-e371cd164e0d,Cametá,"01a02d5a-8ddb-7700-819c-e2bb92911af2"
"13656d83-fd65-4c19-a858-546287046528",Canaã dos Carajás,"01a02d5a-8ddc-7702-9ed4-fcd3e40b4f1d"
b62d7351-9e60-4a83-bbf0-5a2546856afc,Capanema,"01a02d5a-8ddc-7702-9ed5-84a3c1a90468"
"11ac8a3c-0aa7-4f0f-8212-4830cf1d45ae",Capitão Poço,"01a02d5a-8ddc-7702-9ed6-29b9027af7b9"
c51967f8-1bd9-4664-b5fa-c87426a41863,Castanhal,"01a02d5a-8ddc-7702-9ed7-c2bf424c1920"
c50ad355-355e-4ab2-94a7-4dedf6a47f14,Chaves,"01a02d5a-8ddd-7700-91c8-1a04afc2fb57"
"8bcf5b74-08d8-4592-b812-0677c9ab6d57",Colares,"01a02d5a-8ddd-7700-91c9-c30988a13569"
ded6b0cd-58c2-4108-b20f-b3376f7f1fe8,Conceição do Araguaia,"01a02d5a-8ddd-7ffd-91ca-23f1e8158936"
"99d982ca-41cb-4690-aa4d-c19877185fbb",Concórdia do Pará,"01a02d5a-8dde-7824-b2f2-4d4dda3a52d7"
"48bc6550-cac4-464a-9245-8f311a937724",Cumaru do Norte,"01a02d5a-8dde-7824-b2f3-60ff97527d88"
"651f89c4-28ef-4fac-b4b6-6c817703c12b",Curionópolis,"01a02d5a-8ddf-70fc-b35d-ede5f75b4adc"
"5197708d-eeca-4bc9-aba1-f79c3bdcc399",Curralinho,"01a02d5a-8ddf-70fc-b35e-68fc7d81dd3f"
"077ae673-3da7-4df1-8812-7c69038eeeaf",Curuá,"01a02d5a-8ddf-70fc-b35f-af054ea63b98"
bc5b6cbe-ccb5-4c85-a34f-365df0c0171c,Curuçá,"01a02d5a-8ddf-7c7f-b360-89729207dbdc"
a81642ed-f6e5-4b7e-b4a7-91f1fef7a9eb,Dom Eliseu,"01a02d5a-8ddf-7c7f-b361-fe922ac5780b"
"2a5f2245-a9a2-405f-9015-ef345775c246",Eldorado dos Carajás,"01a02d5a-8de0-755c-86ee-47f97c992a1d"
"812e1f53-7d88-4414-a17b-bfeb44ac2437",Faro,"01a02d5a-8de0-755c-86ef-54766aa59fc7"
"69a2e74e-f928-422a-b2ef-62fad5cac94d",Floresta do Araguaia,"01a02d5a-8de0-7e54-86f0-ee99dedc870d"
c51738fa-eff1-403f-b0f3-06af7b586a71,Garrafão do Norte,"01a02d5a-8de0-7e54-86f1-93d2b08f9e59"
"12c62144-3289-4de8-8f4b-c8a484f71b3c",Goianésia do Pará,"01a02d5a-8de1-774f-b235-1fe62ef37430"
"0c66448e-8c93-494b-b0d6-a829a1c5cfc7",Gurupá,"01a02d5a-8de1-774f-b236-29c34ec6e057"
"358dc90d-78e7-4990-89d4-f15b72d89d3c",Igarapé-Açu,"01a02d5a-8de1-774f-b237-7ad804ef3f04"
"3c76e2f8-a086-45da-90e5-18f5512f811f",Igarapé-Miri,"01a02d5a-8de1-774f-b238-dcaa7f9b0811"
ffd50a60-4a2e-4dba-8d61-80eed309763e,Inhangapi,"01a02d5a-8de2-7013-b941-9a5c56271756"
"23d496a2-679b-4f9a-b0e3-b41e3db0e5fa",Ipixuna do Pará,"01a02d5a-8de2-7013-b942-f103d6e368ca"
"7d2bb5d4-7fad-4367-a099-b6f104bd2f7a",Irituia,"01a02d5a-8de2-78b8-b943-b1f974df5b80"
dd2a80a0-e2c6-4764-9449-f4077b4c94e2,Itaituba,"01a02d5a-8de2-78b8-b944-d9da589dca8e"
e5093f0e-f5f1-4b5c-ae8a-f30ef372f671,Itupiranga,"01a02d5a-8de3-7191-8d8d-2662cc33be2c"
ce7961d2-84d6-4a52-90e3-2022924f9086,Jacareacanga,"01a02d5a-8de3-7191-8d8e-fc66906c6e2f"
"11451773-3503-4006-9389-1338aefcdfe5",Jacundá,"01a02d5a-8de3-7191-8d8f-29d3a496a740"
b0cda8b4-8b12-48f0-90bb-1dcd4e6d467e,Juruti,"01a02d5a-8de3-7a7e-8d90-c6d9bd1c178d"
e3f57a29-5cf5-45cb-a13c-9e20242b77ad,Limoeiro do Ajuru,"01a02d5a-8de3-7a7e-8d91-52612aa9d76a"
"96d6169e-7ac7-4584-b63d-bf31d4b65072",Mãe do Rio,"01a02d5a-8de3-7a7e-8d92-28dcc5f169d3"
"01ee262c-6676-4c95-9aa0-6211750f71b9",Magalhães Barata,"01a02d5a-8de3-7a7e-8d93-e70ebc877165"
d8f757c9-b8c9-4af6-af24-b7ac087da124,Marabá,"01a02d5a-8de4-733e-b80c-26f573582350"
"12f422b5-8c4a-4966-8d34-2ba7124876a4",Maracanã,"01a02d5a-8de4-7be5-b80d-84039add5abd"
"8eba52ca-8e7e-4f91-a207-78c6b4b19aca",Marapanim,"01a02d5a-8de4-7be5-b80e-5fca7491f408"
"6eca06df-92e0-4317-8c22-7b476c08b004",Marituba,"01a02d5a-8de5-74c5-866e-54bdc49edef6"
cf2d763d-a47a-42ed-bda7-c237e8c51d9a,Medicilândia,"01a02d5a-8de5-7dd4-866f-a85a46aa4ab2"
"3947f346-cdad-4a83-b503-87d4a37d7e11",Melgaço,"01a02d5a-8de5-7dd4-8670-58e3b392947a"
"426dacf3-daa7-4d8a-9099-f913cec54dff",Mocajuba,"01a02d5a-8de6-77be-84d5-9ac9ca37abe0"
"976bf29d-a275-4afc-bd8f-0f04ed7746e4",Moju,"01a02d5a-8de6-77be-84d6-f74e6898f124"
"925a4624-9c3d-4085-acb7-960f46de18fc",Mojuí dos Campos,"01a02d5a-8de6-77be-84d7-1c81f5088b1c"
"59e35cbf-f734-4c81-a6f9-1c5cd3337164",Monte Alegre,"01a02d5a-8de6-77be-84d8-9dfb66cc4887"
"75cc898e-4791-4bec-b1ee-05a578b65e6d",Muaná,"01a02d5a-8de7-781c-95d8-76a78f0bf00b"
"28dd176c-7fa1-4fee-bb33-d44a9aea84d7",Nova Esperança do Piriá,"01a02d5a-8de7-781c-95d9-466dce8a78cb"
d9ec705d-f766-4aa4-8569-d099cf02ebc0,Nova Ipixuna,"01a02d5a-8de8-7136-adba-142050982f53"
"3a92f5bd-cada-40b8-a950-a295e12f0cfe",Nova Timboteua,"01a02d5a-8de8-7a21-adbb-504bde6cbe94"
"9bdfc9d5-9c42-410f-bfae-4a5d5b26e5f0",Novo Progresso,"01a02d5a-8de8-7a21-adbc-dfd00b2b5c68"
"38c3026f-545d-4403-ae81-e0c11c0c8fe7",Novo Repartimento,"01a02d5a-8de9-730e-ba96-9c595dfc8663"
"5256a220-ddf1-4f7b-863a-b6be9eb61c58",Óbidos,"01a02d5a-8de9-730e-ba97-8eb43ad59014"
"0a95e77b-923f-4b7c-902e-ed18488e2142",Oeiras do Pará,"01a02d5a-8de9-730e-ba98-87aac9d928a0"
"61a26aae-b69f-4d27-a590-5b09ba4c3217",Oriximiná,"01a02d5a-8de9-7be6-ba99-7a6ae1ed1332"
ebd9bf02-35c8-407f-a320-d2d98fd874cf,Ourém,"01a02d5a-8de9-7be6-ba9a-9243c5bd48cf"
b2ceb5fd-9191-4499-ada8-885f01bb6d9a,Ourilândia do Norte,"01a02d5a-8de9-7be6-ba9b-a1eec648dd7c"
"76fa6c5d-a834-4f15-9a48-358085b4d6c0",Pacajá,"01a02d5a-8dea-7c19-bbcb-e1d5affd6a1e"
b1e3f21a-a291-47b0-a737-15fc6ce4ac4d,Palestina do Pará,"01a02d5a-8dea-7c19-bbcc-016ec8263646"
"8475e908-59db-4495-818e-2f77bac8a8c2",Paragominas,"01a02d5a-8dea-7c19-bbcd-1d0e8036a4be"
"7ff9ff90-0f1e-419a-b189-8fa2640836a3",Parauapebas,"01a02d5a-8deb-7c1a-977e-265ff64f26bb"
df55d9d2-5fb8-4499-b1ce-308bcd77aa49,Pau D'Arco,"01a02d5a-91cb-7007-bea6-c6efe67586a0"
b77ac3fc-f245-4301-9257-45f4fc01e697,Peixe-Boi,"01a02d5a-91cf-7594-a1e8-64a98a44fa5e"
"1755c639-f10b-46fe-9839-756b86ae1010",Piçarra,"01a02d5a-91cf-7e8c-a1e9-a260b00a1dd0"
"17ab424f-9d76-4d39-88c5-650e9f93b456",Placas,"01a02d5a-91cf-7e8c-a1ea-2e4affb186f8"
c5434dda-fb83-4c25-a14d-7031f98ef95f,Ponta de Pedras,"01a02d5a-91d0-7777-beb2-b603c1f7ff8e"
f9009e76-d415-4d09-ad6a-ef4b1d12feb1,Portel,"01a02d5a-91d0-7777-beb3-1d0b8d617fc5"
ca80ec53-a6ea-4dce-a339-6c8128738c1c,Porto de Moz,"01a02d5a-91d0-7777-beb4-1450b2fe2c89"
"5580a8c9-0e24-4a91-bfc8-f49b5dfff265",Prainha,"01a02d5a-91d1-7096-ac32-a01f5f897268"
e8c95cbd-37f0-4590-a76f-57bbd13587f5,Primavera,"01a02d5a-91d1-7096-ac33-57f42e418056"
"28a636e3-3d37-4807-ab8c-39129939a667",Quatipuru,"01a02d5a-91d1-7921-ac34-baec94178cd1"
"908927ed-0aa6-4c94-a28a-7b0a926a8b45",Redenção,"01a02d5a-91d1-7921-ac35-9a36fae12b5a"
e0ac914a-1371-48bf-878d-5b61b1160de3,Rio Maria,"01a02d5a-91d1-7921-ac36-a9f613f8bced"
"745f609f-170f-440a-84e7-2908f9aa2f3f",Rondon do Pará,"01a02d5a-91d2-71ae-b39c-c64eccd03218"
"922d24bd-47b0-4bc8-b00f-25e2d9769209",Rurópolis,"01a02d5a-91d2-71ae-b39d-25f840b59975"
d422967a-8267-4e93-996e-1f1936a9dda7,Salinópolis,"01a02d5a-91d2-71ae-b39e-d012f666bc9b"
e1d16e4e-14b9-4957-9601-eaac02519ff4,Salvaterra,"01a02d5a-91d2-7a68-b39f-0c3465a08fb5"
db171773-100a-4ab6-9eb8-a041152c76c9,Santa Bárbara do Pará,"01a02d5a-91d2-7a68-b3a0-7ba2fdba8228"
f676e967-b279-4b74-816b-b844a83d4cb5,Santa Cruz do Arari,"01a02d5a-91d2-7a68-b3a1-206afa1725fb"
d216bc06-5f28-4e3e-93d8-d222d9b63734,Santa Isabel do Pará,"01a02d5a-91d2-7a68-b3a2-820d2f80c048"
"496634f6-7bcc-4c1b-963c-8318ed525541",Santa Luzia do Pará,"01a02d5a-91d3-72ec-8625-cf3dcd705083"
a60016cf-9581-4e56-884a-cfd4a38b318e,Santa Maria das Barreiras,"01a02d5a-91d3-72ec-8626-f04396d97dfc"
"1710094d-1430-4edf-8036-fb0958638038",Santa Maria do Pará,"01a02d5a-91d3-72ec-8627-0839e1411e15"
a448ee6d-d75c-40fa-b78c-cfc8413c3dde,Santana do Araguaia,"01a02d5a-91d3-7bb1-8628-bd8598c472cf"
"682b8218-e129-4d0c-83b4-1b6482f0ce4e",Santarém,"01a02d5a-91d3-7bb1-8629-0769465bf64b"
"88ed6a0b-e458-49bb-8464-a21120c9fc12",Santarém Novo,"01a02d5a-91d4-7444-b7d2-b4f0831088c2"
"61686b9b-426e-40ae-ac99-e26189c2602c",Santo Antônio do Tauá,"01a02d5a-91d4-7444-b7d3-f50c2c7b7d39"
a7104cf0-5b3c-4507-807b-e5e6230b42e7,São Caetano de Odivelas,"01a02d5a-91d4-7d36-b7d4-57bab87f8f7f"
bbb91f86-4f9d-477d-8826-c3e58c7e8dcf,São Domingos do Araguaia,"01a02d5a-91d4-7d36-b7d5-b4e07e06cbf7"
d25ea70e-1727-401a-ba7e-645e00e30815,São Domingos do Capim,"01a02d5a-91d4-7d36-b7d6-e1757f465651"
"134cdebb-8384-42c6-bc66-679c5df5b18c",São Félix do Xingu,"01a02d5a-91d4-7d36-b7d7-0e004605783e"
"3d6b2ccc-c74d-4162-b8b6-0d101f3dad6f",São Francisco do Pará,"01a02d5a-91d5-7d63-8854-5816a605af13"
"8807f231-b2fb-4870-87d5-f43b7d93a539",São Geraldo do Araguaia,"01a02d5a-91d5-7d63-8855-d06f233729dd"
"58819fb2-2e4b-49dd-be85-865c61b2d8b1",São João da Ponta,"01a02d5a-91d5-7d63-8856-308ca9f37622"
"6b9bdd60-5fd9-4f17-876c-1cc316b8c05d",São João de Pirabas,"01a02d5a-91d5-7d63-8857-1f3f7a4f6224"
"104f605f-a602-47b0-89a0-c2fd7f9a947b",São João do Araguaia,"01a02d5a-91d6-7d5b-808e-f99719be8343"
"515b4316-398d-42c0-a3f2-cb49d21ab106",São Miguel do Guamá,"01a02d5a-91d6-7d5b-808f-92a10f68ee80"
d66d01cf-7a87-4955-b666-dab8d8176846,São Sebastião da Boa Vista,"01a02d5a-91d6-7d5b-8090-5c36ba695468"
e516e086-e466-4af8-80cb-ab111aa59d66,Sapucaia,"01a02d5a-91d6-7d5b-8091-934d4c4dda8a"
c779cbb5-9614-4580-9632-ed1a5538ef68,Senador José Porfírio,"01a02d5a-91d7-7da3-a050-4a4f4e38733a"
"909777f7-1f9a-4714-8b34-a8a3b30a77c7",Soure,"01a02d5a-91d7-7da3-a051-ebe30deb4091"
"944a9c05-d266-42a9-9829-2f4340eae08b",Tailândia,"01a02d5a-91d7-7da3-a052-63a224017cbc"
c636e4cb-6011-457e-abb3-47c411759c6c,Terra Alta,"01a02d5a-91d7-7da3-a053-dbb62b96378f"
a5fe20da-35e2-4e75-8018-48f2719a9657,Alecrim,"01a02d5b-441f-741b-bdbb-b229fa6c40a8"
"4d97a334-694c-4f94-baee-ce7e0a26cf08",Terra Santa,"01a02d5a-91d7-7da3-a054-878c19d1f0b8"
"1f5d6983-1347-4983-ae42-d037e20b4798",Tomé-Açú,"01a02d5a-91d7-7da3-a055-84f13c698262"
"4c6a0be8-a689-41ef-aa21-92bd40cc6d66",Tracuateua,"01a02d5a-91d9-75c9-8755-d74fa7373ef2"
"58b3749c-0c80-41e1-aa83-003ff1cf0c08",Trairão,"01a02d5a-91d9-75c9-8756-e067a752e03d"
e5a55101-cfd3-4a52-8280-32f4a7027c51,Tucumã,"01a02d5a-91d9-75c9-8757-8769158dd749"
"4dc1e914-7158-480a-87bd-85553689216c",Tucuruí,"01a02d5a-91d9-75c9-8758-6fd9c2846566"
"0e3d3c5e-c6f8-44d7-a580-99cfaad9f084",Ulianópolis,"01a02d5a-91da-7616-8748-3e4eb906767e"
df9df15a-d86e-4793-b2c6-aa60ed3a7507,Uruará,"01a02d5a-91da-7616-8749-22e3af3c3049"
"64084c43-bc6f-40c1-9540-bca7bedddb15",Vigia,"01a02d5a-91da-7616-874a-c6bb04d4bec2"
efe58acb-46be-4ad6-87bc-cfd839863077,Viseu,"01a02d5a-91da-7616-874b-e85cb156d6cb"
"46f9c29a-f392-4125-9ea2-86407049f523",Vitória do Xingu,"01a02d5a-91db-75e4-afc1-a9b2bbc3bb1a"
a7f3dfa8-82d4-40ce-9c5b-158b69b7a199,Xinguara,"01a02d5a-91db-75e4-afc2-9595861e0960"
"12d888bf-3511-48b4-8306-d11a68748949",Água Branca,"01a02d5a-bc89-72c2-8185-c5d700580453"
fcc1d7b8-8fbe-44be-a271-49e4273db974,Aguiar,"01a02d5a-bc8c-7f68-b3e2-1e26e2fd482c"
"27480d29-942e-4db1-bddc-1d146daee878",Alagoa Grande,"01a02d5a-bc8d-7891-ba72-2a24e0044833"
c5a5a66c-6257-467e-91f7-679b2ac97bab,Alagoa Nova,"01a02d5a-bc8d-7891-ba73-de91fcd5ae1f"
c8a9e13c-1888-49bc-9651-f77de0deaf60,Alagoinha,"01a02d5a-bc8e-711e-89ff-4ead6c36c9a4"
"19cf3608-a9fc-4729-b971-f49cb88e76df",Alcantil,"01a02d5a-bc8e-711e-8a00-59dfa6e56bb1"
c1e39c79-abbe-4070-9740-2d51e1675b60,Algodão de Jandaíra,"01a02d5a-bc8e-711e-8a01-7caf1bf2a30e"
c8d8f11e-9f65-46bd-9bfa-3e4c964966bc,Alhandra,"01a02d5a-bc8e-711e-8a02-6688f31a9297"
b36b2e56-11de-4c89-8044-8589cc34d1d2,Amparo,"01a02d5a-bc8e-79fb-8a03-2596cd07a553"
f56b78f1-ffae-45f0-a3eb-b92cc2aa6f13,Aparecida,"01a02d5a-bc8e-79fb-8a04-8b8af815c59a"
ebfaf04e-9668-4193-a37f-ee234875f6c7,Araçagi,"01a02d5a-bc8e-79fb-8a05-899f15abd15e"
"38d1c606-ffdc-454f-a2f6-e2ebc73707e9",Arara,"01a02d5a-bc8f-7275-9908-94b9bfd878ae"
"8802e7ad-3af7-4032-9d32-0a96b13c7257",Araruna,"01a02d5a-bc8f-7275-9909-bcf62abd8d99"
f33b4b1d-1596-4a1d-8a6f-e85e99b1b33f,Areia,"01a02d5a-bc8f-7275-990a-7f074d1162a1"
"6c56a0bc-85b9-4de3-b89b-94a92c24020b",Areia de Baraúnas,"01a02d5a-bc8f-7275-990b-35ba53c940e4"
f80462c1-c71c-4a95-8259-45b3c22d94e5,Areial,"01a02d5a-bc8f-7b41-990c-e8ee5d9be204"
"736d9d2d-09b0-4004-8ed0-308f78fb96c2",Aroeiras,"01a02d5a-bc8f-7b41-990d-ead373c04205"
"77ef0e88-1e5f-4b58-b63d-0b35edc66bb5",Assunção,"01a02d5a-bc90-73be-9a6f-7e8397390416"
"050e4b27-5c04-4b56-95e6-c7393a9d3f76",Baía da Traição,"01a02d5a-bc90-73be-9a70-fc20f844a250"
d815215d-f71d-4342-8b3d-c63f5043500e,Bananeiras,"01a02d5a-bc90-73be-9a71-20342bc036df"
b0e59639-dfbe-4dff-809e-86d31970ea5b,Baraúna,"01a02d5a-bc90-7d18-9a72-8c6b3094d234"
a10e6080-967b-4a89-9433-f56f45a0b6b2,Barra de Santana,"01a02d5a-bc91-75a0-bbfb-bf41441586f1"
"34ad3634-ea83-4e3f-acb6-aac00bac9b4a",Barra de Santa Rosa,"01a02d5a-bc91-75a0-bbfa-40202c7e4c34"
"1255d131-b796-4b2f-a096-45a95ceef7f7",Barra de São Miguel,"01a02d5a-bc91-75a0-bbfc-38d3ba5e188c"
df0cf4c3-4e83-4aa4-ba33-5a160cc41aba,Bayeux,"01a02d5a-bc91-7e79-bbfd-17c5ed8ea359"
"70e488e9-7d23-4231-bfb0-77f21e790e45",Belém,"01a02d5a-bc91-7e79-bbfe-e78376daedfc"
"9c174e24-3297-43b8-ab39-180473689f21",Belém do Brejo do Cruz,"01a02d5a-bc92-76fc-9027-336aa184f6aa"
e13bbab4-5923-4c2f-b008-6418391002f1,Bernardino Batista,"01a02d5a-bc92-76fc-9028-33a3591e8d4f"
"71b999cd-22de-4215-b42e-d1748ff36d2a",Boa Ventura,"01a02d5a-bc92-76fc-9029-a4ed69d7c4bb"
"53af6b01-67d5-485b-ad75-53db71512129",Boa Vista,"01a02d5a-bc93-7068-9db4-ef3722830b32"
c50b932d-152e-4a12-b832-237541fc329e,Bom Jesus,"01a02d5a-bc93-7068-9db5-fd23a533b034"
"8ee3356a-35c1-4993-8204-efd0773e31cb",Bom Sucesso,"01a02d5a-bc93-7068-9db6-57bf06bab99e"
"8d1ec5c9-184c-41d0-b12e-feb59d4f2d8c",Bonito de Santa Fé,"01a02d5a-bc93-7068-9db7-63d9417b4a75"
e013bb0c-0966-4a18-9642-f4d5bcab447e,Boqueirão,"01a02d5a-bc93-78f1-9db8-13a05330c838"
"8e7093ee-f71e-460d-b7ba-420ac403ffea",Borborema,"01a02d5a-bc93-78f1-9db9-67e8a945f1a3"
"057bb85b-4245-468f-9a0d-b5e8e81a379d",Brejo do Cruz,"01a02d5a-bc93-78f1-9dba-57a0adff68b3"
fe633035-d8de-4d05-8289-d82754219368,Brejo dos Santos,"01a02d5a-bc93-78f1-9dbb-db4c5d25e039"
eb15f506-3101-43a0-a3e8-6ffab32733e1,Caaporã,"01a02d5a-bc94-71fd-93f4-1fae2c45f0c3"
"8b71679e-ebf1-4129-abb2-6ab5b645f1c8",Cabaceiras,"01a02d5a-bc94-71fd-93f5-45e5129c8e4c"
"07158973-ad4e-4b76-b284-51abadc71d2b",Cabedelo,"01a02d5a-bc94-71fd-93f6-38d3c0db1969"
"98eb74ee-e8da-40cc-9d2b-18454155abfc",Cachoeira dos Índios,"01a02d5a-bc94-71fd-93f7-09357fa5fe5f"
b7a2a74f-b6ee-4318-9e15-b80ce2278f26,Cacimba de Areia,"01a02d5a-bc94-7a9a-93f8-e9ae58689408"
c4d2f795-0b05-4bd7-b4ac-987459ccd615,Cacimba de Dentro,"01a02d5a-bc94-7a9a-93f9-180e716efc47"
"2820fa9a-3aa2-4e2e-9277-9c9dc08734a7",Cacimbas,"01a02d5a-bc95-7416-8106-3b755d984f2b"
"76212380-29f7-4a8b-ba58-184dfe80b6fb",Caiçara,"01a02d5a-bc95-7c99-8107-54fbda79c59d"
"6de6fe55-4d51-43cb-87e5-4b0a3872e038",Cajazeiras,"01a02d5a-bc95-7c99-8108-926904a4c534"
c86cc641-8df3-4991-b77d-850a62e41a5a,Cajazeirinhas,"01a02d5a-bc96-7568-a11b-4777f0b55e8e"
"411bd808-bf4b-43c9-8d43-1c8920f6c289",Caldas Brandão,"01a02d5a-bc96-7568-a11c-59fe1ef12159"
"7d899b14-4eee-47d9-9f94-a2c44dc1ec8a",Camalaú,"01a02d5a-bc96-7e24-a11d-fd6c71ffc389"
"63e45490-b867-4f81-a52e-dbeedb545cca",Campina Grande,"01a02d5a-bc96-7e24-a11e-f35150b8e160"
"398b6de3-857a-4696-b3fc-ce85a4e92c24",Capim,"01a02d5a-bc97-7735-8971-b1fad310920c"
b6448f0f-8b2c-4ab7-91b0-edc6ba1f0584,Caraúbas,"01a02d5a-bc97-7735-8972-947ecd86942f"
a03a9035-9017-4f10-86cd-0e4362f5d4aa,Carrapateira,"01a02d5a-bc97-7fe9-8973-7deba32fee7d"
"208d4553-2b4a-4553-b8e2-7408a41221b1",Casserengue,"01a02d5a-bc97-7fe9-8974-8118b2968115"
ed612b85-f1a7-4f53-a018-cdf661235080,Catingueira,"01a02d5a-bc97-7fe9-8975-36e673f6325b"
"3e4a2a5f-9c92-4ca9-ae48-7cd0bf6bd430",Catolé do Rocha,"01a02d5a-bc97-7fe9-8976-890a3a14611e"
"92a4690a-364a-4d57-8b93-3b6c8f6663da",Caturité,"01a02d5a-bc99-700f-9382-1e1450912822"
bebf2b1b-70f0-43e7-88bf-3330e4dfa873,Conceição,"01a02d5a-bc99-700f-9383-aca5a68d9be6"
"03be28d9-7427-4df5-a262-b7a9d989f12d",Condado,"01a02d5a-bc99-700f-9384-f0bf905541d0"
"9c3b0456-206e-4c18-9aa4-021965c996a7",Conde,"01a02d5a-bc99-700f-9385-fe3f1db3a289"
a12d0bef-7b65-4bed-8608-76272d8795bb,Congo,"01a02d5a-bc99-700f-9386-2e449039ff91"
f2ce4475-f3bb-4fcc-9407-70f98214c1b6,Coremas,"01a02d5a-bc9a-702b-b6c2-2e030dc56939"
"15e195d4-2073-4689-942e-48142babe16d",Coxixola,"01a02d5a-bc9a-702b-b6c3-9e52bdbdc612"
"322bfe45-f142-4812-a639-3f8bf08087fe",Cruz do Espírito Santo,"01a02d5a-bc9a-702b-b6c4-e08d80c8f4da"
bacff1fb-7a38-4e35-a6d5-deaf6af8e1e7,Cubati,"01a02d5a-bc9a-702b-b6c5-382690eb09c4"
"6db45067-7034-4725-a4e6-461bc19aaa8b",Cuité,"01a02d5a-bc9b-701b-84fb-7e09381692c3"
"6307cab5-d2b8-4120-81b2-320ee18a506e",Cuité de Mamanguape,"01a02d5a-bc9b-701b-84fc-207196cbce06"
"3b6ddf01-ba2b-42d3-b487-fb88bcb6cbb8",Cuitegi,"01a02d5a-bc9b-701b-84fd-11c788dbc387"
"806fb745-3f1b-4218-9302-038c15fc2d86",Curral de Cima,"01a02d5a-bc9b-701b-84fe-1b3f8b90cf47"
"517cf71e-52fa-40a6-9ba4-2d8bba1d0d20",Curral Velho,"01a02d5a-bc9b-701b-84ff-523f274f48f6"
"701457c1-a5cd-4827-bd06-259950eeee21",Damião,"01a02d5a-bc9c-702d-b2e0-9d91c5146ae4"
"43b05008-9fcd-430a-a771-ba0aee0144c0",Desterro,"01a02d5a-bc9c-702d-b2e1-a53358f26f85"
"780590f6-e8c9-4ac8-aa06-72033dd14857",Diamante,"01a02d5a-bc9c-702d-b2e2-ab493c597d51"
"701c55e5-6cc5-4501-9af1-183552701175",Dona Inês,"01a02d5a-bc9c-702d-b2e3-566f9ffaa346"
"21bf4c36-2ea9-4982-9792-903a6621742c",Duas Estradas,"01a02d5a-bc9d-7036-bb27-ba4a5fe1f8e1"
e349a950-eeb8-4baa-a880-7747864bdbaa,Emas,"01a02d5a-bc9d-7036-bb28-3831e33e7b1a"
"7f236d0f-a917-4fc1-9832-2d244140c490",Esperança,"01a02d5a-bc9d-7036-bb29-4a3d784c1501"
"7b853f74-384d-4360-98dd-07888c2d9d4e",Fagundes,"01a02d5a-bc9d-7036-bb2a-2cd538024b65"
a687cfd1-4a99-4ee4-b42a-7902eb976630,Frei Martinho,"01a02d5a-bc9d-7036-bb2b-13eb3b40ef5a"
"01c65088-390a-48fd-b619-1f7e89bfaa46",Gado Bravo,"01a02d5a-bc9d-7036-bb2c-9af98c4bc32b"
dc38309d-3263-45f9-8dcc-43cfc8f699d0,Guarabira,"01a02d5a-bc9e-7035-853e-15dfbee671db"
efc0c117-a091-4069-ac60-2ecf0896e018,Gurinhém,"01a02d5a-bc9e-7035-853f-1e257c33788c"
"0cfc372b-4f9e-42bb-8bb1-42c3e5b22c12",Gurjão,"01a02d5a-bc9e-7035-8540-ac21576206c0"
"760b4890-14d3-42bf-8704-f963d5052b75",Ibiara,"01a02d5a-b81e-7c17-84b4-a46d1316e8ba"
"8a2afd28-d223-4112-a7fd-126996db1b91",Igaracy,"01a02d5a-bc9e-7035-8541-eb8add1da5b9"
ed1fb548-b304-43f1-97f3-413dd84cadfd,Imaculada,"01a02d5a-bc9e-7035-8542-7421b83afb4a"
"4b987491-edcf-4fa1-9470-0faf9eac7e03",Ingá,"01a02d5a-bc9e-7035-8543-db5015139c0a"
d713bd39-41dc-4ffd-83be-f5c752c4afbf,Itabaiana,"01a02d5a-bc9e-7035-8544-9a6d78c075b0"
"31aa63eb-45c5-438e-a887-e4b9e8665789",Itaporanga,"01a02d5a-bc9e-7035-8545-69bf78283288"
"09ce7c33-5a5f-47d5-868a-efd904245ac3",Itapororoca,"01a02d5a-bc9f-7035-89f5-645233806533"
"11643f50-48c2-4657-80a0-41be81155a67",Itatuba,"01a02d5a-bc9f-7035-89f6-3815ec3876d1"
"195adcb6-ff82-4e46-9b8c-207ef4e5958b",Jacaraú,"01a02d5a-bc9f-7035-89f7-7bd652cae71f"
"9e1b7d9d-e95b-4a1d-abd9-b42080ab80e4",Jericó,"01a02d5a-bc9f-7035-89f8-a574dc70d7e1"
afa08251-2ccd-4faf-89b4-b2faf7fbb5d7,João Pessoa,"01a02d5a-bc9f-7879-89f9-cdd534a4fa1e"
a1933be9-435a-4701-84c7-f98fab427ae0,Joca Claudino,"01a02d5a-bc9f-7879-89fa-2d59cb54736d"
e523366f-39f4-4978-a70e-a05bf5ca5edb,Juarez Távora,"01a02d5a-bc9f-7879-89fb-d52488c5cb1f"
e3a08233-238d-4fcf-a6c4-52b2b426f830,Juazeirinho,"01a02d5a-bc9f-7879-89fc-09053717da65"
"00b7081f-8a4c-41a7-ad70-835dd259d8df",Junco do Seridó,"01a02d5a-bc9f-7879-89fd-5d165dc7174c"
c508bb12-2add-4f07-90c2-656d70ff9e38,Juripiranga,"01a02d5a-bc9f-7879-89fe-5fa4c6f8959a"
d7d80bb1-4dc7-40c3-941e-9c4e3db305b4,Juru,"01a02d5a-c104-7c0f-8993-10c1bbb2d159"
"3a9fd890-8487-4466-91d4-7295bc7e315a",Lagoa,"01a02d5a-c107-7b24-ac7f-1339ce718e7e"
"460f57c5-e014-4051-ad0e-7e64d3c435b9",Lagoa de Dentro,"01a02d5a-c108-73b2-ab92-b90893433607"
"24082282-9b0d-4874-8e62-85b0bb851a7d",Lagoa Seca,"01a02d5a-c108-73b2-ab93-86bb8123e658"
"9b8251e1-f86c-4329-96ee-82ccb63c22fe",Lastro,"01a02d5a-c108-73b2-ab94-e4b6e45e6258"
"0f999181-92f8-45a1-bd91-f344e8ddda07",Livramento,"01a02d5a-c108-73b2-ab95-923b96cdf9c5"
aa591195-403d-40e0-9692-d8644b037f61,Logradouro,"01a02d5a-c108-73b2-ab96-00d015a3e58c"
"9f10c589-5a80-4faf-abce-0ccf9722eeab",Lucena,"01a02d5a-c108-7c62-ab97-5201573d0e2c"
"4b34d7d3-22e2-4f06-9632-5cbf7d720bf0",Mãe D'Água,"01a02d5a-c108-7c62-ab98-db4e2de8ec21"
"184795e9-f352-4593-a20c-938fddb20def",Malta,"01a02d5a-c108-7c62-ab99-d176efd058db"
"7b7f182d-ffc5-46cc-b8d3-b7921dd5792b",Mamanguape,"01a02d5a-c108-7c62-ab9a-9695c03fd5df"
"19ea5690-5304-4d7a-98a0-df5d9775b6d8",Manaíra,"01a02d5a-c109-74ac-b658-66e635bc6314"
"05a62311-eec6-4d07-8a0e-8d1c7df8a463",Marcação,"01a02d5a-c109-74ac-b659-ff97187cfc15"
ec7dc7ab-13c9-4b8b-9fbe-623410cb88a3,Mari,"01a02d5a-c109-74ac-b65a-fb39085b782c"
"6e394c0f-0a75-473f-b053-879cfe1fbc56",Marizópolis,"01a02d5a-c109-74ac-b65b-13278ec87a36"
bc4272d6-6baa-4dbf-a8da-6609ef10937d,Massaranduba,"01a02d5a-c109-7d5c-b65c-88e36d63d8b1"
"3371f6ef-7bcc-4512-9980-4ec155e2e359",Mataraca,"01a02d5a-c109-7d5c-b65d-9527e6b8ab10"
"8815dda2-5eed-418e-abd5-5a42de4f1efc",Matinhas,"01a02d5a-c109-7d5c-b65e-1c0527e2913e"
"8c2e8054-a133-4b12-9d65-2157fd762c91",Mato Grosso,"01a02d5a-c10a-7631-9286-c63e797f70b5"
d64484ef-e711-41aa-86d4-aab73ac19c87,Maturéia,"01a02d5a-c10a-7631-9287-156882487f5e"
"36ffa58d-e0ca-4edc-becc-9f34b0fa1f9a",Mogeiro,"01a02d5a-c10a-7631-9288-bab21069146f"
"0f536dc3-dc7e-4c20-bc29-492c5bbfd8fa",Montadas,"01a02d5a-c10a-7631-9289-639f371f200e"
"79538572-ee9f-424a-8cf5-c63d01115fd3",Monte Horebe,"01a02d5a-c10a-7ef8-928a-6adf2218fb2d"
e3e1e8c2-48a6-43a1-9a7f-70578dffad10,Monteiro,"01a02d5a-c10a-7ef8-928b-9df44024882e"
"914e4b28-813e-4e53-ad26-c2b80bf29939",Mulungu,"01a02d5a-c10b-77c7-a3d8-68865c72a97e"
"08c35d1c-51f2-447a-af10-427be83b5924",Natuba,"01a02d5a-c10b-77c7-a3d9-6b6d33475e61"
"493d0de1-6d8f-4d35-83fd-66b668dce6dc",Nazarezinho,"01a02d5a-c10b-77c7-a3da-69a412441e82"
"3d8bd572-a9d3-4750-8705-a07ea4877b1c",Nova Floresta,"01a02d5a-c10c-702b-a1d7-a46febd520f5"
"04ebc56a-3f75-4f3f-815b-497938b40c4b",Nova Olinda,"01a02d5a-c10c-702b-a1d8-60f92b54a079"
"5c80963e-b7d4-44e9-8588-bd2eada9dfbc",Nova Palmeira,"01a02d5a-c10c-702b-a1d9-9aa0340d9aca"
"93d303e6-44e4-4b64-99fe-aca9cc1f52f7",Olho D'Água,"01a02d5a-c10c-702b-a1da-ff99e203d813"
"37d68fb0-8bb0-420b-894b-7f0f4ff1c9ae",Olivedos,"01a02d5a-c10c-7979-a1db-e8c2e0ba5587"
"710a6ccf-cc7c-449f-ab8d-36b7e9031016",Ouro Velho,"01a02d5a-c10c-7979-a1dc-f282abf74021"
"82c3993b-20fb-40a6-8fe1-83b77df63d0f",Parari,"01a02d5a-c10d-71f4-a043-8ec0c707034f"
"345ef3fa-9dee-4372-8540-8472bf40f08b",Passagem,"01a02d5a-c10d-71f4-a044-34a8f6b3d05d"
a46f0dbb-53a5-48d2-aab1-0ef1c6d6d8b6,Patos,"01a02d5a-c10d-71f4-a045-a69a4d51f09d"
"652408da-b7de-4ff9-a976-32fc0b47e867",Paulista,"01a02d5a-c10d-7a70-a046-319558b9867f"
"944e9763-35a2-4331-a29b-9dbce1db7c95",Pedra Branca,"01a02d5a-c10d-7a70-a047-777564bff254"
"254cdcf2-20e8-4742-98d9-fe10ea9ca3f8",Pedra Lavrada,"01a02d5a-c10d-7a70-a048-ad9983586267"
"2c444fd6-e055-45a5-9a7a-64e2079bbf50",Pedras de Fogo,"01a02d5a-c10d-7a70-a049-0b80b289d28a"
"95a02ead-64ff-459a-902b-2ce330010747",Pedro Régis,"01a02d5a-c10e-72e8-b353-3817c871ae72"
a98b0d0e-7c7b-4680-ae66-f533475da0d3,Piancó,"01a02d5a-c10e-72e8-b354-9c61d6622680"
"869f5f3f-82c5-49a5-9182-d751ed1207c6",Picuí,"01a02d5a-c10e-72e8-b355-b7caebbebea0"
de75f06e-10bb-4d56-981f-4e2a9f1f4f69,Pilar,"01a02d5a-c10e-7bcb-b356-21b495b402ce"
c1fbfd84-8628-4ae5-b548-c75c4c460edb,Pilões,"01a02d5a-c10e-7bcb-b357-14919d4cf61b"
d28c4bc1-6251-433a-9e45-67242531a907,Pilõezinhos,"01a02d5a-c10e-7bcb-b358-3e5913e8ae35"
e1e45f58-2945-4c9f-9414-63050c61b6aa,Pirpirituba,"01a02d5a-c10f-7445-a660-35a80a710adb"
"48ccee86-35bc-4f97-a077-a58cf18eeb1a",Pitimbu,"01a02d5a-c10f-7445-a661-647af5c46dd7"
"9592d5d7-3457-482b-a237-602a7d308def",Pocinhos,"01a02d5a-c10f-7445-a662-ad443346eec0"
"17beb245-b56e-4bff-b446-2d5985ed4fc7",Poço Dantas,"01a02d5a-c10f-7cc2-a663-4cf75be12613"
"98bce1da-d199-487e-be63-0d99b338e33b",Poço de José de Moura,"01a02d5a-c10f-7cc2-a664-8261443c396c"
b9e083d3-0fc2-41d9-bc84-7b4632e448f4,Pombal,"01a02d5a-c10f-7cc2-a665-ced859274513"
"72437aad-2d54-4dda-a9cf-a85f1b9611a6",Prata,"01a02d5a-c110-753d-941c-8bbcadd2d704"
"93df83db-3941-43dc-9a8e-8a61cc4c7109",Princesa Isabel,"01a02d5a-c110-753d-941d-298b812d8f29"
e426f371-e561-4d83-bf8b-6cca4e8f5a27,Puxinanã,"01a02d5a-c110-753d-941e-e645d8d525c0"
d30b089f-8fd6-4489-a25e-cbc2fe2be876,Queimadas,"01a02d5a-c110-7e0c-941f-aa324c47ca04"
"6cdc34f8-8ccd-463e-8dce-34fc08e6e26b",Quixabá,"01a02d5a-c110-7e0c-9420-28a92d562486"
"67358a5a-1536-42cc-9744-f8aab68791f4",Remígio,"01a02d5a-c110-7e0c-9421-4c35a03a9cfc"
"76566aca-87ea-4d1e-af02-7d48c74956ae",Riachão,"01a02d5a-c111-76b2-80fb-40018b4c18da"
cea3fdb6-6c78-4b73-9cad-9ec34aada072,Riachão do Bacamarte,"01a02d5a-c111-76b2-80fc-09a7e1f98603"
"542cdf95-30e5-4bcd-bf0b-7e3ce65f4761",Riachão do Poço,"01a02d5a-c111-7f47-80fd-3f79b72e77d1"
"5f59d449-fff0-4e99-ad81-c69b05f01e06",Riacho de Santo Antônio,"01a02d5a-c111-7f47-80fe-2b4833f7a2b2"
f73e4945-84b1-4fc0-8f59-c567afb4352d,Riacho dos Cavalos,"01a02d5a-c111-7f47-80ff-90ddf61819f2"
dee202b9-6372-4c88-871d-a9ed43a8dc98,Rio Tinto,"01a02d5a-c112-77f0-9e67-72b15eccd640"
"0164bfd2-c241-4114-aeb6-174c612ff241",Salgadinho,"01a02d5a-c112-77f0-9e68-c0d1792063d8"
ff22ea79-4daa-4686-9806-46126d496cef,Salgado de São Félix,"01a02d5a-c112-77f0-9e69-63a17356b456"
"30f337ea-187c-4440-9233-425cd4ddb1a3",Santa Cecília,"01a02d5a-c113-7041-b924-af179282410c"
f2402d86-fbef-431f-9e8a-f2598abbe509,Santa Cruz,"01a02d5a-c113-7041-b925-7bab616f6b2d"
"6449a25e-fa8e-4a56-91fb-b0974c649f27",Santa Helena,"01a02d5a-c113-7041-b926-2a19aa12e3ec"
"602bb0d6-172d-4107-ad99-1506861297b2",Santa Inês,"01a02d5a-c113-7041-b927-81170ce2c327"
e9d431f9-d6bb-4f62-a965-fbdd3d9385a8,Santa Luzia,"01a02d5a-c113-7041-b928-680de140f982"
"25c83b6e-fd32-4c0b-a693-74e3f74d1116",Santana de Mangueira,"01a02d5a-c114-7072-a4ba-4d0d52a71214"
"157cb3cd-bb53-4d48-8270-f271d42a550d",Santana dos Garrotes,"01a02d5a-c114-7072-a4bb-22bd2db1a9f6"
"5b7e9d5c-10a0-4953-9606-a7e3eaa01fdb",Santa Rita,"01a02d5a-c113-7041-b929-9df1022ce1b4"
"12ea00c1-4345-42d1-8855-d84689c48934",Santa Teresinha,"01a02d5a-c114-7072-a4b9-4ca69283e2fd"
e5420109-cac0-48e8-aab4-022f585677f3,Santo André,"01a02d5a-c114-7072-a4bc-34d9bf974e26"
"3e9c031f-9d4b-4677-9ee9-27c0a56e0891",São Bentinho,"01a02d5a-c114-7072-a4bd-99ebaa2eb624"
"09d64fca-e514-43e1-9b84-5bbc6e428635",São Bento,"01a02d5a-c114-7072-a4be-8b77f6d0ea97"
"5cbd383d-a49f-4d8d-ab54-1bcd62f0bf77",São Domingos,"01a02d5a-c115-7069-96fa-74c7805e3270"
"50e82650-dacb-44dd-9ea4-40a97cf70c93",São Domingos do Cariri,"01a02d5a-c115-7069-96fb-a89abfee720c"
c6095470-4943-41b3-87e4-d3aa3b64ebf1,São Francisco,"01a02d5a-c115-7069-96fc-655e2b791585"
aa3def0c-a236-41b8-8a08-0deb53391c0d,São João do Cariri,"01a02d5a-c115-7069-96fd-3e9e8bb79a97"
"0e534e8e-7892-4e0b-b568-28638f7268e7",São João do Rio do Peixe,"01a02d5a-c115-7069-96fe-6c5c7cdc9914"
c969e63d-d09b-4958-a7d6-75e4ef557539,São João do Tigre,"01a02d5a-c116-7064-a5e6-3bf34f0525ae"
cfab6d41-fd45-450d-8a17-843fce260aa5,São José da Lagoa Tapada,"01a02d5a-c116-7064-a5e7-23217161886b"
"38727b9d-0289-439d-ac90-2f292ffa17a3",São José de Caiana,"01a02d5a-c116-7064-a5e8-323e0b981316"
"2bbf8396-9d44-4375-b059-6311290d367f",São José de Espinharas,"01a02d5a-c116-7064-a5e9-85a7bb053bc1"
"872b83c2-b258-4b13-ae2a-046dabf1031f",São José de Piranhas,"01a02d5a-c116-7064-a5ea-3118b59a6086"
"0c22d775-68cc-4c16-8b0a-5d50ff7c2efa",São José de Princesa,"01a02d5a-c116-7064-a5eb-c8e11f5b308d"
"18aae909-3e40-441e-b475-43c441174c2e",São José do Bonfim,"01a02d5a-c117-7067-a78c-5232c2f4e6e5"
"3b02bada-f86f-44df-a683-facba6b77ad2",São José do Brejo do Cruz,"01a02d5a-c117-7067-a78d-db03bb7b9464"
"43b40fe4-ca23-45c4-b2c6-fe19bd6b9cf7",São José do Sabugi,"01a02d5a-c117-7067-a78e-6a85f5a314f4"
"8a2144f2-89b6-4bd8-bb2a-28810f9864ba",São José dos Cordeiros,"01a02d5a-c117-7067-a78f-cb4fef4b9be8"
c0902036-637f-4c9e-a017-5cda0f8b9b20,São José dos Ramos,"01a02d5a-c118-7069-aaec-eb198edc06ea"
a08fdc85-35f2-4dc2-9ecd-c7dadb61fb7f,São Mamede,"01a02d5a-c118-7069-aaed-bb03d2e5bdf5"
"10b1bd2b-afd7-49ef-9c10-15b122344d25",São Miguel de Taipu,"01a02d5a-c118-7069-aaee-966f75013d9b"
"3f293c42-ed5e-46ab-88bc-4664e7344a2b",São Sebastião de Lagoa de Roça,"01a02d5a-c118-7069-aaef-3afc4386602f"
"7c95ffa6-9092-47c3-96e0-485d79109854",São Sebastião do Umbuzeiro,"01a02d5a-c118-7069-aaf0-94b61cf8be3f"
"21541564-cc14-428e-9949-e0af4fd7ef1b",São Vicente do Seridó,"01a02d5a-c118-7069-aaf1-734503b89331"
"154280a7-e537-44b7-b7d6-27243060ad64",Sapé,"01a02d5a-c119-7068-9f76-60937c6975c8"
"6d6fc574-cab3-4180-95c0-3e77560de29b",Serra Branca,"01a02d5a-c515-759c-8338-8727a6ab7134"
dbc91280-129d-4a0b-84dd-5f6eb13561c0,Serra da Raiz,"01a02d5a-c518-7a65-9b88-bd7700be711d"
"061dfcd3-f1d3-422c-bed1-2838fa3dd3a5",Serra Grande,"01a02d5a-c518-7a65-9b89-c784bc9377e2"
"1d176e3e-4e88-4f45-8ac8-97b9f22a4617",Serra Redonda,"01a02d5a-c519-72ce-98c4-63af2aa37ee3"
"863b9d67-a5fe-498d-85b1-5882015fd07b",Serraria,"01a02d5a-c519-72ce-98c5-b9383a3dc1d5"
fe28fa58-c5e4-4f15-825f-e34258e6a37e,Sertãozinho,"01a02d5a-c519-7b93-98c6-a11771919359"
"7d9fda1d-aec3-459a-acaa-d4d99d8e422d",Sobrado,"01a02d5a-c519-7b93-98c7-7ee87939caa8"
"5b2e51cf-d5a2-40af-80cd-a8b6f9fb9fda",Solânea,"01a02d5a-c51a-7488-9caf-2281766bd4c7"
"0a9c8f36-7e39-47bd-9eb6-3665dcc3b7f8",Soledade,"01a02d5a-c51a-7488-9cb0-446d91f181b8"
"88d90217-7d7c-44cd-bf9a-e297473e714b",Sossego,"01a02d5a-c51a-7d3b-9cb1-e7f12967e284"
"446f6b03-2f61-47d8-840b-4f6bf5d8129e",Sousa,"01a02d5a-c51a-7d3b-9cb2-17c879da83aa"
"89b22804-2468-4706-a7f5-29c7803ed18a",Sumé,"01a02d5a-c51b-763a-afca-6d29364493aa"
"87e39212-dab2-422d-91f6-9db2f356b290",Tacima,"01a02d5a-c51b-763a-afcb-d29765351032"
"75fd1494-6b6f-4b84-af45-1aafc4cb5cb2",Taperoá,"01a02d5a-c51b-763a-afcc-e11b41ab4722"
"947872df-8d10-4860-a018-850b8bb91792",Tavares,"01a02d5a-c51b-7f1e-afcd-5292de11b452"
"9be54fc1-8be2-4773-adf7-0c37d5ded6c6",Teixeira,"01a02d5a-c51b-7f1e-afce-8760751c7c51"
"89b6beff-4b8f-4002-a273-9ed48a4ddc3a",Tenório,"01a02d5a-c51c-780a-85c0-4ad97e48ed9e"
b75bc98a-0bb7-40ce-8990-afd84913e401,Triunfo,"01a02d5a-c51c-7ddc-85c1-6450008c933b"
"9d9c1ba6-bb5d-4219-a6d9-7be734f0705b",Uiraúna,"01a02d5a-c51c-7ddc-85c2-18159ca1da85"
cb1910e0-6ee7-4d08-b24f-cbe142011e6e,Umbuzeiro,"01a02d5a-c51c-7ddc-85c3-8894ac2d331b"
"7e66674b-1755-475c-82bf-3a1af7f6ab40",Várzea,"01a02d5a-c51d-7617-b822-30a42fab0537"
e1007fa7-495a-40c6-8896-eab213e8836e,Vieirópolis,"01a02d5a-c51d-7617-b823-dc124dbc4446"
"42130b35-1659-4585-ac21-70134d02a4c7",Vista Serrana,"01a02d5a-c51d-7617-b824-6ff5401a0f31"
"54a97f49-4f59-4fa1-af1c-cddea6045f68",Zabelê,"01a02d5a-c51d-7617-b825-056f97b8761b"
"209d2638-0a66-4e05-9426-d766c8afd419",Abreu e Lima,"01a02d5a-c51d-7617-b826-bb0b8fe53b9a"
"1f2383d7-e107-4a49-a613-1fe826666487",Afogados da Ingazeira,"01a02d5a-c521-741a-b47c-312e95b6bb65"
fde0e707-91ba-459d-8d89-4e8bf699fb74,Afrânio,"01a02d5a-c521-7cdb-b47d-f4aa85184c7d"
"317e29a6-7331-45d3-b74c-e595e4ec7a58",Agrestina,"01a02d5a-7ff0-7ee3-a5cb-63ec9458a8be"
"5d1c6baa-20f0-416f-90e7-5772e60fb32d",Água Preta,"01a02d5a-c521-7cdb-b47e-a813f331d260"
bc39c1d5-0838-4cd4-b5cc-8fc646182270,Águas Belas,"01a02d5a-c522-75f2-8b81-962d58830f06"
"9150f79e-559a-4c61-b8b3-2c0cef390d47",Alagoinha,"01a02d5a-c522-75f2-8b82-194b6c565c83"
db10480d-af88-4df2-bd59-35a0142a4264,Aliança,"01a02d5a-c522-75f2-8b83-3bf0ff897c05"
f14212dc-3105-4a89-a3af-7c451cc64092,Altinho,"01a02d5a-c522-7eb9-8b84-763928fa3787"
f3780015-888c-4775-885e-9f40f447aef6,Amaraji,"01a02d5a-c522-7eb9-8b85-1d1204f7103c"
"02d07853-b81e-419e-bee0-0e772626e462",Angelim,"01a02d5a-c522-7eb9-8b86-9fe4fe268c9c"
f331faa3-36d2-495d-b034-9eeabd3a09fc,Araçoiaba,"01a02d5a-c523-7714-8834-385a9b383a62"
f0cc11c6-9b81-4d80-9b04-790d4208258a,Araripina,"01a02d5a-c523-7714-8835-60ff085de37b"
a1499603-c51a-4d4d-bfb9-de31eaf30361,Arcoverde,"01a02d5a-c523-7714-8836-57e68a9920a9"
"1e6249fc-6e4d-4f2d-b144-92bc5e0af83a",Barra de Guabiraba,"01a02d5a-c524-700d-b2a0-e20c5d8835f9"
"969a2b51-d0e6-494c-a2e0-4bcdcfd90ecc",Barreiros,"01a02d5a-c524-700d-b2a1-fbe8ff9298a4"
"9cfa5123-cc18-4d33-81e5-5eed116dd645",Belém de Maria,"01a02d5a-c524-700d-b2a2-cc213b11a086"
"64b16725-1fa6-4d94-8cad-f6ea9a2a1f84",Belém do São Francisco,"01a02d5a-c524-78e9-b2a3-9d83a3f5787e"
"1d123b46-cef4-4be0-90a9-70f65a16755f",Belo Jardim,"01a02d5a-c524-78e9-b2a4-e92d86c7fefe"
"2b3bf610-5c9b-4128-8884-8e77ad93ad28",Betânia,"01a02d5a-c524-78e9-b2a5-a5ac8a752529"
d363ec65-4d96-408e-93f0-2a52ce8ef597,Bezerros,"01a02d5a-c525-7197-bb48-ef97c42f77bc"
"130f2612-fc18-49ab-805c-796599e1f70f",Bodocó,"01a02d5a-c525-7197-bb49-1f729b5c0c2e"
e0dd44f6-d882-453e-8131-2b783a2fdc99,Bom Conselho,"01a02d5a-c525-7197-bb4a-c4f4a22dba27"
"5e693670-e487-4ce2-a61a-3fb133bbe45e",Bom Jardim,"01a02d5a-c525-7a73-bb4b-629214cb7763"
"46e19c34-3958-4215-84e5-194c1c4e4cb0",Bonito,"01a02d5a-c525-7a73-bb4c-9bcd4c59b8cc"
"8eef4d2a-68cd-4e20-8fa4-18f9d97d78db",Brejão,"01a02d5a-c525-7a73-bb4d-8c3dbfd87ded"
d6ddf602-f24f-4150-a128-6d58627f444b,Brejinho,"01a02d5a-c526-7340-8cb5-4c8633e8f686"
"6a2f0349-43df-4052-b07f-1012ed5380d7",Brejo da Madre de Deus,"01a02d5a-c526-7340-8cb6-da0a8d217e18"
"67a1018d-f324-42dd-9776-3332e0814666",Buenos Aires,"01a02d5a-c526-7340-8cb7-4c1396f47521"
"604ecae8-2f1f-4bfa-bc26-6ade540bfef0",Buíque,"01a02d5a-c526-7c73-8cb8-33f90f744b99"
"278ba591-df45-473a-b09d-80f00ab2e4cf",Cabo de Santo Agostinho,"01a02d5a-c526-7c73-8cb9-bfcc8b8a56e6"
"2aa294e4-48ea-4ccf-9643-009bd668a9b9",Cabrobó,"01a02d5a-c526-7c73-8cba-818e21827af1"
"096c71d7-e444-43b7-98b6-0e7237683ef9",Cachoeirinha,"01a02d5a-c527-7529-b88d-eecad23907de"
d7642e5b-481a-409e-aa0e-72fda8a47f3b,Caetés,"01a02d5a-c527-7529-b88e-da1de3a21aab"
a241aa26-5b65-4e6e-9135-8eb8d21f11df,Calçado,"01a02d5a-c527-7529-b88f-820eabc0c14f"
deace22c-ccc3-4b7f-aa73-f87e24b3f641,Calumbi,"01a02d5a-c527-7529-b890-bc4b5db305b4"
"29a935c4-071f-4736-b7cb-d5562f7c7849",Camaragibe,"01a02d5a-c527-7df8-b891-e5c81c0b5b4f"
ba2a8716-5f1a-4325-9ed5-4f97a2c54276,Camocim de São Félix,"01a02d5a-c527-7df8-b892-ec81b24f8b17"
b1d52940-f593-4321-9e52-df7b84c90af4,Camutanga,"01a02d5a-c527-7df8-b893-948a8e1b3103"
"92d79c0d-7bc9-44ef-b87e-a9519e4609e1",Canhotinho,"01a02d5a-c528-7671-9b5c-b64f2afc5b85"
"8be80d57-b401-4422-add7-611ebc4dd678",Capoeiras,"01a02d5a-c528-7671-9b5d-04b089a02744"
"97bfb865-71a2-47ea-98ad-906549a3b3d3",Carnaíba,"01a02d5a-c528-7671-9b5e-cf2412805dfb"
b93a69bd-fd90-4ae0-b8be-b4cf17f64bca,Carnaubeira da Penha,"01a02d5a-c528-7f50-9b5f-34f41bb95ca0"
a6735cd0-5e6b-4dbb-9678-1e2a716b16a7,Carpina,"01a02d5a-c528-7f50-9b60-06a87c05c2a6"
"54668946-5f15-472b-a9f9-1e46fcb814b0",Caruaru,"01a02d5a-c528-7f50-9b61-ecf89c00b4c5"
"0b764f98-800d-4323-bf3a-0f92a5418f98",Casinhas,"01a02d5a-c529-77c7-a78a-79fd676dda2e"
"3809b463-e75e-4a78-90f3-7de86d06cab9",Catende,"01a02d5a-c529-77c7-a78b-0183d8aa6fbc"
c825e799-7017-4808-8284-78c908b913ac,Cedro,"01a02d5a-c529-77c7-a78c-09c91e7785eb"
fa0a11e1-5419-4bc1-bb27-1efa1024ad11,Chã de Alegria,"01a02d5a-c529-77c7-a78d-19e7b2946e79"
"10713232-78fe-4698-affd-749f4cacf2ae",Chã Grande,"01a02d5a-c52a-703c-bed9-ca98e097f19e"
c99a0447-01f0-4c46-b3fe-ddef6a84340e,Condado,"01a02d5a-c52a-703c-beda-6401074b633c"
"6035700f-bb32-439f-8e85-9a2434940d22",Correntes,"01a02d5a-c52a-703c-bedb-40f28abce330"
"0d2a28f5-75af-42f6-94d0-236b4076d599",Cortês,"01a02d5a-c52a-78c2-bedc-e35324909d0d"
cf2036bc-0b96-45e3-a54d-c5aecc4f204e,Cumaru,"01a02d5a-c52a-78c2-bedd-9dc442d334e7"
"91999436-ef31-4e6b-bad6-e8aa48fdaa8b",Cupira,"01a02d5a-c52a-78c2-bede-bf24312d4dd1"
eab79f1c-ef2b-4f5b-983a-d7a3d3eb99a1,Custódia,"01a02d5a-c52b-7181-a4d4-036f17703aa7"
b1a8ee86-772c-4daa-966a-9ba164c03905,Dormentes,"01a02d5a-c52b-7181-a4d5-54049da1c38f"
ac484cdb-21e4-4363-83c4-1f836f523bb7,Escada,"01a02d5a-c52b-7181-a4d6-abbc4598eb67"
e1ea837b-23b6-4299-ba29-0c3596cdf14d,Exu,"01a02d5a-c52b-7a06-a4d7-91f62d5d4c63"
"80e85e68-2d6c-45c3-92b0-80f430c30e53",Feira Nova,"01a02d5a-c52b-7a06-a4d8-56d659b2f67b"
d89a23db-72b2-4009-b4f3-761d485e3636,Fernando de Noronha,"01a02d5a-c52b-7a06-a4d9-b5a764a31ec0"
edfdad62-9333-4cea-9ebe-249c72e384d2,Ferreiros,"01a02d5a-c52c-72d5-a463-786082ef9caf"
"4f1e8212-7a4f-4be4-afb1-5040cf21126e",Flores,"01a02d5a-c52c-72d5-a464-495bb26562ec"
ceb8ffd5-cdfc-42f5-ab55-f73bdc28570f,Floresta,"01a02d5a-c52c-72d5-a465-6c87954b5299"
"42fac333-6221-403c-961e-8b4096b0410e",Frei Miguelinho,"01a02d5a-c52c-72d5-a466-ce33f015ca26"
"79250c64-5694-41d7-89b6-837c2294a202",Gameleira,"01a02d5a-c52d-72fb-bece-95ebbbcd4c18"
"512f8ad9-8ff4-4515-90e6-81d822cf9b1c",Garanhuns,"01a02d5a-c52d-72fb-becf-80527c4fa95b"
c77319f3-e789-4e96-aede-528ce35d949f,Glória do Goitá,"01a02d5a-c52d-72fb-bed0-7684ce866f32"
dd35314c-bd9d-4fc5-a176-dc590f2f8da2,Goiana,"01a02d5a-c52d-72fb-bed1-505bb33fdc3a"
d98cb7fc-8cf9-4615-8eb7-6cc1afa364f6,Granito,"01a02d5a-c52e-78a9-bcae-2cb40118a824"
"35ef93e1-bf15-4e21-86f7-57fbec82b5d3",Gravatá,"01a02d5a-c52e-78a9-bcaf-a992c9e1c478"
c7440f57-c0d5-4a81-b79e-48d021654f65,Iati,"01a02d5a-c52e-78a9-bcb0-79f4b807508f"
bda3efcf-f9f9-498b-9eb3-f656cbdb3e55,Ibimirim,"01a02d5a-c52e-78a9-bcb1-ca621bc67750"
"5f0c4063-579f-40ef-9617-bbd4802e68a5",Ibirajuba,"01a02d5a-c52e-78a9-bcb2-a1cf65f1a461"
"9580fa43-213b-4d35-9364-5121e82558b6",Igarassu,"01a02d5a-c52f-78be-8479-5e703888b979"
"578d16a5-f61a-428a-9cb2-e95933ee673f",Iguaraci,"01a02d5a-c52f-78be-847a-22dd680f06f0"
"8442eabc-5a02-452c-826f-6a9d18accd5a",Ilha de Itamaracá,"01a02d5a-c52f-78be-847b-bb5e52ab7746"
e2bbec47-718d-4a86-899f-7d83f42b3995,Inajá,"01a02d5a-c93e-7fbb-8e9f-44e21b4bd583"
"081095fe-ffa6-4be3-8fb0-0c8b60b423ce",Ingazeira,"01a02d5a-c941-7caf-98d9-2caef8573b3b"
"456a34c9-b5c2-4402-b94f-2ec5620bf40a",Ipojuca,"01a02d5a-c942-7664-a5c5-20114329e90a"
afc5af04-abc7-4efb-9045-6b8747e6afae,Ipubi,"01a02d5a-c942-7664-a5c6-318495858066"
b70b7770-67f3-49f8-a759-b42ad0049fe1,Itacuruba,"01a02d5a-c942-7664-a5c7-734ee93ec8e4"
d74cf97b-27b1-4e0a-9cfd-06f4b843bb42,Itaíba,"01a02d5a-c942-7f24-a5c8-5aea1ad49402"
f4f598a5-4149-42ad-91f0-d4e89c93d3d1,Itambé,"01a02d5a-c942-7f24-a5c9-e811a20f6d41"
a5b1f94b-ff5a-425e-a0b4-bfbfad3259d3,Itapetim,"01a02d5a-c942-7f24-a5ca-f2d7119c60d7"
f224e594-afd7-4ff0-8c1a-46afbf44548b,Itapissuma,"01a02d5a-c942-7f24-a5cb-c14c224acb73"
"7c2ebf1c-19a4-491e-aa57-379f3ed22bd4",Itaquitinga,"01a02d5a-c943-77c7-b74d-a861d968382a"
"000f050c-981f-4361-a028-677f3a018e4b",Jaboatão dos Guararapes,"01a02d5a-c943-77c7-b74e-3ed2324a6a26"
"743517f4-f0b4-4117-92f8-d2f3c4d6ec38",Jaqueira,"01a02d5a-c943-77c7-b74f-b03c2b80df81"
"570ebfa6-8104-4438-b12c-4f7fe5175d23",Jataúba,"01a02d5a-c943-77c7-b750-7675bf32695c"
"7d4e3dd8-d3d8-408c-ae39-41702274c946",Jatobá,"01a02d5a-c943-77c7-b751-2ffe6da39c07"
"4736f0fa-8c83-4347-ac2a-25a1d7b34f2f",João Alfredo,"01a02d5a-c944-7060-bf7f-76af7e1df652"
ac3adc49-65e3-4a21-901d-7983ed64ca15,Joaquim Nabuco,"01a02d5a-c944-7060-bf80-06b780078697"
"04acf56b-1c47-4dff-9d5f-9ed7baabbb38",Jucati,"01a02d5a-c944-79b2-bf81-713e397bdf82"
c4f5e3a8-deae-4759-a086-8cd56b6e9706,Jupi,"01a02d5a-c944-79b2-bf82-d9d91a88f132"
"890bf056-7208-45f9-b87a-8cd7af6801dd",Jurema,"01a02d5a-c945-7251-baf8-5575d73d9ebd"
"47cb7db6-579a-4745-b8ef-154e85258863",Lagoa do Carro,"01a02d5a-c945-7251-bafa-3251513e8d14"
"19cc6a26-73d1-404c-8c2b-71bdac20acbb",Lagoa do Itaenga,"01a02d5a-c945-7251-baf9-33bcf529dc36"
"33fe55f3-55c6-4808-986a-b05b74b8d9fd",Lagoa do Ouro,"01a02d5a-c945-7aeb-bafb-69862cb9b4a5"
aa6fb0b9-9bd4-4adc-923c-2ffed9dec414,Lagoa dos Gatos,"01a02d5a-c945-7aeb-bafc-193c5cae6987"
"8728df5a-5009-4c9b-b8a6-e472018efc7c",Lagoa Grande,"01a02d5a-c946-7385-8726-8769f7560d3e"
"33ef415a-529a-4cc4-af72-204d11274b54",Lajedo,"01a02d5a-c946-7385-8727-cf3364b593da"
f0e03cbb-aadf-4fe8-85e1-04b130070a31,Limoeiro,"01a02d5a-c946-7c16-8728-f9eaf58b62b8"
"9b0edd52-a9c1-4cd4-81b2-26998be5592f",Macaparana,"01a02d5a-c946-7c16-8729-6ef42272453d"
"4544bc4d-3d50-4d59-85c0-b654ca79d00a",Machados,"01a02d5a-c946-7c16-872a-e7a766043c52"
a66623a3-8c30-4ffb-91fb-c329631528df,Manari,"01a02d5a-c947-7459-95eb-272da065d629"
cc63f0e0-f237-4d18-bf77-cf0a902b9418,Maraial,"01a02d5a-c947-7459-95ec-0407cf7607c1"
"271eab8a-1aee-4a04-aebb-a0671ac30c9b",Mirandiba,"01a02d5a-c947-7d20-95ed-e790d832d3d2"
f9998894-b5c2-4e77-a027-8d3743c33358,Moreilândia,"01a02d5a-c947-7d20-95ee-3c1e224eeb0c"
"43ea6842-35ce-4ea4-bf28-e13a072d4ef5",Moreno,"01a02d5a-c948-75b7-b835-06cc40c0b79c"
"71a5e6e2-3645-4cbe-93b6-0e4c752dc0a3",Nazaré da Mata,"01a02d5a-c948-75b7-b836-dc190934b371"
"43e5cc2e-716e-4930-8145-0d548aee1311",Olinda,"01a02d5a-c948-7e4d-b837-1e0452bac4e0"
"183d067a-2ea9-485f-bcf9-6f63bc91ebf7",Orobó,"01a02d5a-c948-7e4d-b838-3f8fcc3e94cf"
"86a1756f-f81d-4fbe-9959-3065eeef2029",Orocó,"01a02d5a-c948-7e4d-b839-d4a08946343a"
ab12675a-e0ed-4adb-968f-8391cf860f25,Ouricuri,"01a02d5a-c949-76ec-9382-76656806fe14"
ddc2f183-54f0-4bca-9d06-48d0625a2356,Palmares,"01a02d5a-c949-76ec-9383-09847ce2311c"
"00e524be-28b1-4d5c-8f95-af303e319355",Palmeirina,"01a02d5a-c949-7f8d-9384-78dc7855ad85"
"97a8f572-91b5-44f1-981f-49b9509e55e6",Panelas,"01a02d5a-c949-7f8d-9385-df1c45079873"
e16f9cfc-8702-4141-bec1-a96a2704da6e,Paranatama,"01a02d5a-c94a-784b-a587-aa1a5611a6a0"
"8eca20be-7523-46c7-a91d-ea9d73a4a0a5",Parnamirim,"01a02d5a-c94a-784b-a588-5f6b4ff30afc"
"321bd7a4-e82b-420c-93d0-7d98f01897b1",Passira,"01a02d5a-c94a-784b-a589-fa5a3ffe7ce8"
"055bcfeb-7562-405f-b705-3c93b6db1295",Paudalho,"01a02d5a-c94a-784b-a58a-66cf012028cc"
"6766eccd-75ba-4f6d-bbed-f6ef9be5f427",Paulista,"01a02d5a-c94b-714d-b6eb-55763f05d1e6"
"0a057e87-dd4f-4c11-bc75-4b63373b708c",Pedra,"01a02d5a-c94b-714d-b6ec-d0226f8d5485"
"14df0cc8-e491-4f2c-90f7-657a8b0f2c20",Pesqueira,"01a02d5a-c94b-714d-b6ed-c74ead821678"
"4790bb71-3ddc-47bb-86a2-33ce0687cfe3",Petrolândia,"01a02d5a-c94b-714d-b6ee-c60afa5df64f"
e7f96a79-65ef-46d9-bb81-48d0457999d6,Petrolina,"01a02d5a-c94b-7a14-b6ef-a82719b9a9a7"
"780211cf-3ce6-4783-9a8d-e206374a0b7f",Poção,"01a02d5a-c94b-7a14-b6f0-3299292b2530"
"55396cef-af3d-4877-a0f4-f13fcf576ea0",Pombos,"01a02d5a-c94b-7a14-b6f1-b7dcd58223ac"
"7c4a2bf8-08cc-421e-b87a-61e8285fa58f",Primavera,"01a02d5a-c94b-7a14-b6f2-52d7c6a1bb3b"
"1f12fec2-9a5e-449d-8695-39f7c9c727ad",Quipapá,"01a02d5a-c94b-7a14-b6f3-55ba5eb764fd"
"6c4680bb-2363-45dc-9200-89f886ec446a",Quixabá,"01a02d5a-c94b-7a14-b6f4-cc1a4e330265"
"5d81993b-9d55-444a-ac8e-980b22b756f9",Recife,"01a02d5a-c94b-7a14-b6f5-b2668f0ce89d"
"2a9bc2d6-6e8b-4bbd-8c44-f07a30bf2020",Riacho das Almas,"01a02d5a-c94b-7a14-b6f6-e60ddc8e9991"
bfee9958-66bd-468e-a1b8-c0c8c627531a,Ribeirão,"01a02d5a-c94c-7a47-8e5c-106c7dd64043"
"487c6ded-6d23-4f52-953d-704fa48c7e13",Rio Formoso,"01a02d5a-c94c-7a47-8e5d-67d6ba990469"
a45178c9-d11f-4901-8e25-7ff3071a373a,Sairé,"01a02d5a-c94c-7a47-8e5e-f4a67c937689"
"7eca74be-ba4c-4f27-ac26-6fad2efc7b75",Salgadinho,"01a02d5a-c94d-7a45-bf78-2ea1547cec1c"
"0150868c-b3d6-4044-8fc3-48f4fc30c942",Salgueiro,"01a02d5a-c94d-7a45-bf79-1413fba64d33"
"3b2c8e5d-1135-4f3a-a332-1a8eae50ee9f",Saloá,"01a02d5a-c94d-7a45-bf7a-7d515f2e1f26"
a9f10221-64cb-4d8c-a160-1d3346f48e70,Sanharó,"01a02d5a-c94d-7a45-bf7b-ae39c8e4e5ca"
b5391a88-270d-4135-ac79-1cfdf14c8ab2,Santa Cruz,"01a02d5a-c94e-7a3a-b884-2946cdcd6abf"
f7d52a99-be9d-4d53-8e9d-c125650d09b7,Santa Cruz da Baixa Verde,"01a02d5a-c94e-7a3a-b885-63e359292149"
"4559e51a-9017-413d-a881-bd8837bf049c",Santa Cruz do Capibaribe,"01a02d5a-c94e-7a3a-b886-21d88e5c4c5e"
"085e6554-ae5d-4690-ada3-d6f7a8d10c53",Santa Filomena,"01a02d5a-c94e-7a3a-b887-f7ef60e33164"
cd4c7261-0b91-4984-87c7-a5ac1fa226c6,Santa Maria da Boa Vista,"01a02d5a-c94f-7a3a-8baf-0a62a8533ae0"
f217fb79-b5d5-4d6b-bf50-d65e63339ae4,Santa Maria do Cambucá,"01a02d5a-c94f-7a3a-8bb0-e2728c937ea1"
"3c4ad08e-b8b9-4e29-b77b-7a0584607c14",Santa Terezinha,"01a02d5a-c94f-7a3a-8bb1-4925adad373b"
"4da2d476-153b-4210-8811-8ddc78f4ec8a",São Benedito do Sul,"01a02d5a-c94f-7a3a-8bb2-54bfc34b0289"
a859f60a-42b5-4bbc-af53-b434b9e8b653,São Bento do Una,"01a02d5a-c94f-7a3a-8bb3-4e035c3257b4"
"06acf539-756a-4f7d-85b3-74f2b597f137",São Caitano,"01a02d5a-c94f-7a3a-8bb4-c5f601760946"
"87aed649-01ea-46eb-aa04-2b008864e46f",São João,"01a02d5a-c94f-7a3a-8bb5-79b572450b56"
"81956ce4-c2c5-46f5-841d-a4727d7eab80",São Joaquim do Monte,"01a02d5a-c951-725f-b63b-0ef2f763b200"
"6f11acd2-b2ee-4e4c-9f78-3027f7ff4454",São José da Coroa Grande,"01a02d5a-c951-725f-b63c-d21b0693a8d0"
"6b3e0022-6c14-409b-88fa-8e8031b627b3",São José do Belmonte,"01a02d5a-c951-725f-b63d-c54ca92ae552"
"8f206017-f0f2-406e-8795-a0a23f0800a0",São José do Egito,"01a02d5a-c952-7283-96a5-40b0490f701e"
a230b628-845b-431a-b74a-63c9215ef178,São Lourenço da Mata,"01a02d5a-c952-7283-96a6-ab881c969a24"
"17dd5ee4-c71a-44ba-85ea-3f72f2f712bf",São Vicente Ferrer,"01a02d5a-c952-7283-96a7-8b6be54a1a05"
"61fcf2af-1e59-4bbd-b612-6efb82a205d4",Serra Talhada,"01a02d5a-c952-7283-96a8-684e5b51e4a8"
c69b85d0-a5d3-47ad-80d5-e22314fc2082,Serrita,"01a02d5a-c953-7286-8105-a3bfb4c058a6"
"852a353b-cb6d-4922-af12-03216ac06f8a",Sertânia,"01a02d5a-c953-7286-8106-d463fc6c14e2"
"3e2e8331-96fb-4b57-ae57-8fcd4f3aad42",Sirinhaém,"01a02d5a-c953-7286-8107-c26e5c29e864"
e6946e50-fef9-48b8-be29-c1979b69ea28,Solidão,"01a02d5a-c953-7286-8108-c575ac1e1ad2"
"67467910-6391-4fd1-9fc0-447e5f8a0a82",Surubim,"01a02d5a-c953-7286-8109-7e2e3fd05df9"
"3eedca57-ca6f-4e3b-8c1b-42007e6e7e00",Tabira,"01a02d5a-c954-7277-b62f-da4a141a05b8"
"900fa112-3153-4cfd-a16e-32aa7ac42fe9",Tacaimbó,"01a02d5a-c954-7277-b630-373564372dd2"
"31dca5b5-6bfd-4aff-bcc1-117ca50aef2f",Tacaratu,"01a02d5a-c954-7277-b631-01c9b55732c7"
"5af038d2-6df5-466c-817c-84c943d99c80",Tamandaré,"01a02d5a-c954-7277-b632-32270bffc47f"
a917d8ae-cf86-40a2-a37a-1013415d9211,Taquaritinga do Norte,"01a02d5a-c955-7285-b68b-31a8f589a6ec"
da6550fc-248b-4452-82e8-bbd4f67874ec,Terezinha,"01a02d5a-c955-7285-b68c-f6abf04ef642"
"6bf2d968-1be9-443d-96fe-f533c27d9ebd",Terra Nova,"01a02d5a-c955-7285-b68d-8064e197f29a"
"03e0b6e1-6886-438d-91b5-730a5328f805",Timbaúba,"01a02d5a-c955-7285-b68e-4371c3a1f8f4"
"028d5685-9742-4f73-924b-fb643ef21fe0",Toritama,"01a02d5a-c955-7285-b68f-23152358cd30"
e0372fbb-a858-4743-96fe-e27a9a1cf850,Tracunhaém,"01a02d5a-c956-72c9-aa08-cd7c31795a35"
"01eee5e3-f832-429c-b384-8e516f4fe162",Trindade,"01a02d5a-c956-72c9-aa09-fd1d69411a5c"
"93c13e70-e782-431d-9811-348449b2c7dd",Triunfo,"01a02d5a-c956-72c9-aa0a-522a83ecb9a7"
b7b44636-e5c7-4493-ac21-eba0f09eb1a4,Tupanatinga,"01a02d5a-c956-72c9-aa0b-2cd95f566faa"
"59a49ed5-f642-4e69-b51b-1b6c30f86b09",Tuparetama,"01a02d5a-cd39-7428-9371-191b1c6d3f21"
ef4deebb-5143-44a6-a7a5-1eb7b6941fee,Venturosa,"01a02d5a-cd3d-7028-bef2-65f7be924c05"
"35353ecb-9595-4e46-8f63-aa056bb30c09",Verdejante,"01a02d5a-cd3d-7028-bef3-dd44020a2e99"
bd4e239d-6b3a-4bbd-aaee-cd25cdbb9145,Vertente do Lério,"01a02d5a-cd3d-78e2-bef4-a3f99e02db17"
"4f358c5a-8bc3-4480-b686-94e77d4b5ca7",Vertentes,"01a02d5a-cd3d-78e2-bef5-583cc95bcfd1"
af8155c4-9243-464e-97f1-947f93191127,Vicência,"01a02d5a-cd3d-78e2-bef6-9c6efb5d4ebc"
"05a58fd6-151f-4c7a-990c-8e314686c19b",Vitória de Santo Antão,"01a02d5a-cd3e-719f-9602-0dcd44b284f9"
"9679f953-d5c6-40d4-aa1d-6b24d5e91076",Xexéu,"01a02d5a-cd3e-719f-9603-662b3105aaf2"
c5b4d109-5778-4e43-af30-46f53e74efac,Acauã,"01a02d5a-a27f-784b-8fb0-c02d7618c97f"
"537da25d-466a-4139-a922-f0a1db00b4e8",Agricolândia,"01a02d5a-a282-775c-abd8-f13b36c7918c"
d9bdca19-d7f6-4682-ac90-a90c20db9c86,Água Branca,"01a02d5a-a283-7030-90e2-c2ba4a6320b2"
"5ee03f4f-2dfb-4a74-9ffe-023362d658c2",Alagoinha do Piauí,"01a02d5a-a283-7030-90e3-ca9f7ba69eea"
"33323eae-28fc-431b-8f7a-7aeb6c479773",Alegrete do Piauí,"01a02d5a-a283-791d-90e4-37bb36854dad"
"0648dc92-6d07-496b-8b82-6070449560f8",Alto Longá,"01a02d5a-a283-791d-90e5-14215b108384"
"0cafa917-ad7a-4620-a669-71ee65b73cc5",Altos,"01a02d5a-a284-71d4-96c2-bb2370fb011e"
"4c61e2d7-f2f1-4411-8203-b57ec912a359",Alvorada do Gurguéia,"01a02d5a-a284-71d4-96c3-47940a8d4418"
"0cd17c20-d399-4989-8ebe-dd6fc849a163",Amarante,"01a02d5a-a284-71d4-96c4-9e7ffc1b2398"
"312e2aa5-93d6-4c5f-8eba-70b0e8634bca",Angical do Piauí,"01a02d5a-a284-7aea-96c5-369845625159"
"1c755838-db5a-4ff0-8fb2-2720f3383015",Anísio de Abreu,"01a02d5a-a284-7aea-96c6-8a060de27f6d"
"44386568-59da-47c1-9089-e1be608e7142",Antônio Almeida,"01a02d5a-a284-7aea-96c7-5901aa3931c2"
"80f48031-32f2-48aa-8fd5-72ff3abf4521",Aroazes,"01a02d5a-a285-7388-a5e6-85d7ad97f00d"
"9127cf46-afbe-4235-a78c-831196399ca2",Aroeiras do Itaim,"01a02d5a-a285-7388-a5e7-8672ecc76a82"
c071d93d-ae5b-4159-a0c0-88bc35513ff1,Arraial,"01a02d5a-a285-7388-a5e8-b7f5c7aeaaf3"
"15d9c417-3685-462f-a81e-d20103668382",Assunção do Piauí,"01a02d5a-a285-7c4f-a5e9-cd7c20f8cc7c"
"85cdd31e-571f-4f97-99f0-ac928b157916",Avelino Lopes,"01a02d5a-a285-7c4f-a5ea-84b15829bb6b"
"60b24c75-8c59-4490-b536-860f0f0dd1a1",Baixa Grande do Ribeiro,"01a02d5a-a285-7c4f-a5eb-595d5765f7cb"
fddd56a2-5ada-483e-8546-442b937c9826,Barra D'Alcântara,"01a02d5a-a286-773a-b11f-4c5f685c7956"
"198007d1-b132-4e78-9925-ef52f7f5e761",Barras,"01a02d5a-a286-773a-b120-00f61568c862"
"347fbca5-94fc-4cd0-b0dc-d138883f1c4e",Barreiras do Piauí,"01a02d5a-a286-773a-b121-f0021c7e08af"
"50b80289-b1ac-428e-90e3-3b723c0db1a9",Barro Duro,"01a02d5a-a287-71ac-9e3f-01640b86b5a3"
"8e94b582-2fdb-4171-86ff-726bc6f3645c",Batalha,"01a02d5a-a287-71ac-9e40-df3d5abc470d"
"1cb31592-1680-445a-907d-1ed52655d6b9",Bela Vista do Piauí,"01a02d5a-a287-7a86-9e41-f2b464f8a63f"
"7b1bcf27-d24a-4b42-b426-a71ac8ee9bda",Belém do Piauí,"01a02d5a-a287-7a86-9e42-665902e56fe0"
"7d8aea01-4b4a-4b91-9e54-3871faca4832",Beneditinos,"01a02d5a-a287-7a86-9e43-b91a109565a7"
"0f2a8b75-881a-4e1c-aa8a-b00e5a0d2844",Bertolínia,"01a02d5a-a288-7381-a1bb-350f587ddb66"
"4cfd2cbc-60e8-4c7c-a1d4-b432a4eb459a",Betânia do Piauí,"01a02d5a-a288-7381-a1bc-222f9b990507"
"7a1d6690-61e0-47de-a8f8-be1b322d6f6f",Boa Hora,"01a02d5a-a288-7381-a1bd-59b03075e38e"
"8322ba36-7d37-4985-a961-951837d2ff3b",Bocaina,"01a02d5a-a288-7c59-a1be-9c469fdece6f"
"1d7c0a80-380d-4a73-b9fd-d891d5ff68bc",Bom Jesus,"01a02d5a-a288-7c59-a1bf-32e23c7d776a"
"9028bc8f-94da-4e9d-8b76-27a4fd65dc08",Bom Princípio do Piauí,"01a02d5a-a289-756b-ac0a-57d7a389e332"
"7e1ca378-e67c-4394-9532-2513e181f22d",Bonfim do Piauí,"01a02d5a-a289-756b-ac0b-cf4127b07aac"
b258d49c-2d8e-4b78-abb1-4a5392a8d05c,Boqueirão do Piauí,"01a02d5a-a289-756b-ac0c-55a9c64288a9"
f8af5b07-f64e-4955-bf36-a6b2c34b4190,Brasileira,"01a02d5a-a289-7e0f-ac0d-1bae01ad7250"
c00b1bb2-568a-4cce-940a-c0d5fe2566ae,Brejo do Piauí,"01a02d5a-a289-7e0f-ac0e-762d9f5e9b05"
"4f641cae-24ad-41db-9ab8-ee347d59e322",Buriti dos Lopes,"01a02d5a-a289-7e0f-ac0f-d5426604d093"
"9a8c0c97-3822-4ba2-b0e2-57d8004779c6",Buriti dos Montes,"01a02d5a-a28a-7702-813f-09df3ca7ea28"
bb1070e6-cfeb-4c2b-824a-8b2ebd543300,Cabeceiras do Piauí,"01a02d5a-a28a-7702-8140-dc05d42b3a45"
"56a9de09-ce70-4802-9ac1-062cf88facb9",Cajazeiras do Piauí,"01a02d5a-a28a-7702-8141-52c862ce410a"
"84538bc3-7659-465e-ae13-10fe4a4f88a7",Cajueiro da Praia,"01a02d5a-a28a-7fa3-8142-3c8663f8497a"
c2111d6d-0711-4d35-b9e3-b7e9868409ec,Caldeirão Grande do Piauí,"01a02d5a-a28a-7fa3-8143-9d82b91b99f3"
"582fbfad-302c-48df-8cd4-336562e38ae1",Campinas do Piauí,"01a02d5a-a28a-7fa3-8144-b928fd8e8f83"
"0ba2aa98-a607-4f05-8edc-3c8356724532",Campo Alegre do Fidalgo,"01a02d5a-a28b-7843-bf63-5054fd5feb09"
"657b54ac-aa56-483d-bb1c-7d8415eb33b2",Campo Grande do Piauí,"01a02d5a-a28b-7843-bf64-4db46712765f"
d3216187-144e-4eb9-a131-af4ceb037b98,Campo Largo do Piauí,"01a02d5a-a28b-7843-bf65-e4419ea3b6a6"
f4331649-de68-44c0-89f5-88a9c8a5c0d6,Campo Maior,"01a02d5a-a28c-70e1-b47e-bc010ed024e8"
d7310b22-4ea0-49df-98be-7083fd6b9c1d,Canavieira,"01a02d5a-a28c-70e1-b47f-c68f05a733dd"
"7ddd6211-76e7-4c00-8c6e-dc06ac057937",Canto do Buriti,"01a02d5a-a28c-70e1-b480-f9cce327688c"
a351e365-6d17-436f-a874-88d14cf25b27,Capitão de Campos,"01a02d5a-a28c-70e1-b481-90f62ff6ca63"
d4fe04f5-3676-4b4f-bedb-8c4ffdb84131,Capitão Gervásio Oliveira,"01a02d5a-a28c-798d-b482-14e413851fc1"
"64fa2141-37c1-435f-a4c6-5ae76b6abf0d",Caracol,"01a02d5a-a28c-798d-b483-f65702361fe8"
b8729614-1512-41c1-9dc0-44720bf78897,Caraúbas do Piauí,"01a02d5a-a28c-798d-b484-93d5753a1eb0"
"0ef3a282-723d-46ce-86e4-f541e0dce406",Caridade do Piauí,"01a02d5a-a28d-720c-aa05-5b42ce6b0e53"
a9ecc816-4449-4739-82ca-bb0c9a5d7ec5,Castelo do Piauí,"01a02d5a-a28d-720c-aa06-4d8e78ac5d87"
"9e15fd3a-504e-431b-ba73-7873ef025a08",Caxingó,"01a02d5a-a28d-720c-aa07-63571ce1da35"
"3d5a0b6c-8705-4a2b-a35b-58c4975b14e3",Cocal,"01a02d5a-a28d-720c-aa08-1ab8f2572fbe"
"62078525-947c-4540-ad78-b8c0a6483345",Cocal de Telha,"01a02d5a-a28d-7ac3-aa09-3751cfb8b3d2"
bb22b680-bc35-4a4b-baa3-113b9f8d08e7,Cocal dos Alves,"01a02d5a-a28d-7ac3-aa0a-167fc32c6252"
"275ba2a5-a13b-4dce-8fe8-e4ee27851569",Coivaras,"01a02d5a-a28d-7ac3-aa0b-4dc6284f1de9"
"8b54cc32-9ea4-4639-a877-76e10fa0407d",Colônia do Gurguéia,"01a02d5a-a28d-7ac3-aa0c-3ab0262f5752"
"566faff4-a3cc-4c9a-9e9f-9151ff869704",Colônia do Piauí,"01a02d5a-a28d-7ac3-aa0d-5558b536170a"
"7e87fa0d-dff1-4263-9e3f-8f2db81ca1e5",Conceição do Canindé,"01a02d5a-a28d-7ac3-aa0e-dafa11e3c709"
"30b74902-67ee-48db-9e99-6fdeca0dadad",Coronel José Dias,"01a02d5a-a28e-7adb-bbbf-72033e80f9c6"
"7dd8c5c7-5ac0-4d5e-98db-d7c02e137a45",Corrente,"01a02d5a-a28e-7adb-bbc0-4388346ff2a6"
"646d9a13-f88c-4a7d-b68b-e373bc393338",Cristalândia do Piauí,"01a02d5a-a28e-7adb-bbc1-3608f900f7f7"
"40c01fc2-79c5-4f12-8d67-22ec397e1896",Cristino Castro,"01a02d5a-a28e-7adb-bbc2-d61045cd2ea8"
"3c10604d-f963-42ba-8501-a6cec5340275",Curimatá,"01a02d5a-a28e-7adb-bbc3-c5e59b437afb"
"1f2791fb-6fde-45ef-8fb9-c432a971b0ff",Currais,"01a02d5a-a28e-7adb-bbc4-841ff4acc084"
"37191900-4fcb-4286-b76c-76b8a34a475c",Curralinhos,"01a02d5a-a28f-7adb-bae4-a4bc3aae4e87"
"1bf595a5-fc7a-4264-8d75-48d52412f753",Curral Novo do Piauí,"01a02d5a-a28f-7adb-bae3-6dd4da8d12f8"
d1b88e0e-e41d-47c1-a543-86f821ff9467,Demerval Lobão,"01a02d5a-a28f-7adb-bae5-18b4eccc36be"
"67031b32-7a3e-48b9-bfd6-90f4efd621c8",Dirceu Arcoverde,"01a02d5a-a28f-7adb-bae6-3c3a37a088b6"
"4f34913c-d92e-4b2d-a5c6-0b0b81724162",Dom Expedito Lopes,"01a02d5a-a28f-7adb-bae7-b59b6127e56a"
"8f262fc2-0956-4e67-9f0b-ce71e2b0acd8",Domingos Mourão,"01a02d5a-a69d-7c75-b3ca-398fbd487606"
"005a600e-1c58-4480-a4fa-7524771efd88",Dom Inocêncio,"01a02d5a-a69a-762a-acd3-c9f6bb935d0a"
ad62c09c-95ed-4a97-86a2-dc9a074d3b4a,Elesbão Veloso,"01a02d5a-a69d-7c75-b3cb-f17c94ab48e9"
"0297e391-14d6-4d4a-9805-826703ff4117",Eliseu Martins,"01a02d5a-a69e-751f-b729-c22dea191a58"
e7f6ea5e-5f99-4c65-9053-8dde5562b3bf,Esperantina,"01a02d5a-a69e-751f-b72a-c3dd113ff31c"
"51880e56-0e7a-4e9e-8b6d-17807817cdb4",Fartura do Piauí,"01a02d5a-a69e-7e60-b72b-f7dad44b93b7"
c7483749-b8d4-405f-9239-5779b380f344,Flores do Piauí,"01a02d5a-a69e-7e60-b72c-74e3f7352465"
cc79c644-6d2b-4e2c-b89e-c5f6125f1df7,Floresta do Piauí,"01a02d5a-a69e-7e60-b72d-d25b1ec15081"
"4a60ad63-7b7f-4c4d-a1d3-2629c0f6d4d8",Floriano,"01a02d5a-a69f-7715-a661-af8a67223378"
c18e0c99-5ee9-45b9-abae-38931260931e,Francinópolis,"01a02d5a-a69f-7715-a662-e7ff9b6ada49"
d166033d-e4f2-4fa8-b824-ab866a79a066,Francisco Ayres,"01a02d5a-a69f-7ff5-a663-21c4ec4a0583"
"1801c810-4ef4-481a-a347-af87d828e24b",Francisco Macedo,"01a02d5a-a69f-7ff5-a664-1dd7c6809c83"
"6fcee1ed-9617-41f8-8c03-ebda0e7f91dc",Francisco Santos,"01a02d5a-a69f-7ff5-a665-0023dbf7028a"
a8cb2627-3bfe-4be1-8eb2-5807b454a14f,Fronteiras,"01a02d5a-a6a0-78a8-9100-0537db954740"
ece3567a-4e52-43a8-aabf-4fbfecc80654,Geminiano,"01a02d5a-a6a0-78a8-9101-7c1441cacc8a"
e448fd4f-9489-4ccf-b558-11829d862165,Gilbués,"01a02d5a-a6a0-78a8-9102-2a3214011c83"
c32482e4-dbe0-4433-aa08-a747398e439c,Guadalupe,"01a02d5a-a6a1-70f3-9169-760adc829d6f"
"4c452a77-dc3d-44f0-9fc3-619e77be063a",Guaribas,"01a02d5a-a6a1-70f3-916a-866be879c6d3"
"06d7d24b-7989-4c02-871b-f860bf51e906",Hugo Napoleão,"01a02d5a-a6a1-70f3-916b-d468a7862075"
e310f1e1-be83-4a95-86a9-39109ca1c0d9,Inhuma,"01a02d5a-a6a1-79e6-916d-170b67042630"
f7ac6ef1-87b4-4d81-9e39-b9590038b5b3,Ipiranga do Piauí,"01a02d5a-a6a1-79e6-916e-2a3e35fbdac4"
"3770f47b-3609-4640-b013-4dee5cc20f8b",Isaías Coelho,"01a02d5a-a6a1-79e6-916f-08fc4a3df701"
ea3a1af2-1f21-4175-8026-729ca56b6389,Itainópolis,"01a02d5a-a6a2-72b3-bed1-c10188afbff1"
"2d63b13c-d5bb-40d1-99fe-19195a8aead0",Itaueira,"01a02d5a-a6a2-72b3-bed2-47cb55547f62"
f39aa7ee-9e1b-45cf-bcb5-ec9b0eeccc36,Jacobina do Piauí,"01a02d5a-a6a2-7bcf-bed3-a5dfbdd45251"
"7ab0db55-6eb9-44c6-ada7-ffcaad575cc1",Jaicós,"01a02d5a-a6a2-7bcf-bed4-31684afdc727"
"5a844ab4-075d-47e6-9be1-c89ba228ee3f",Jardim do Mulato,"01a02d5a-a6a2-7bcf-bed5-5c826eeb1e39"
b5b4b7c9-765b-4426-909f-025f976617c0,Jatobá do Piauí,"01a02d5a-a6a3-74b4-acf0-3cb7e4bd9615"
ce3da6ad-ac9d-427c-879f-281d37b923a9,Jerumenha,"01a02d5a-a6a3-74b4-acf1-b30ea747a7ee"
"3473039c-ab8f-4883-9ebe-c7b8e77738c3",João Costa,"01a02d5a-a6a3-74b4-acf2-5daeb709b380"
"5384e88a-799b-4362-af1f-f1d4dcd38f23",Joaquim Pires,"01a02d5a-a6a3-7d9a-acf3-5cecfcf828f0"
a5821363-01c3-4bff-b6f6-33db9e82b01f,Joca Marques,"01a02d5a-a6a3-7d9a-acf4-5f94c7b91e83"
f31be364-8ddd-4054-b8cc-b7512db546af,José de Freitas,"01a02d5a-a6a3-7d9a-acf5-1ba0fadcd088"
"636fe3fd-a950-41fa-a1e9-ea99a0eb00ed",Juazeiro do Piauí,"01a02d5a-a6a4-766d-95dd-54e9d0147b68"
cd7295f5-ab23-447a-b5de-ae50d3156bc2,Júlio Borges,"01a02d5a-a6a4-766d-95de-505520314d5c"
e869f93e-0a56-479a-ba33-4cb9cae694d1,Jurema,"01a02d5a-a6a4-766d-95df-097aa67185f7"
ab12daf7-4dd5-41bd-a474-5191d5df2595,Lagoa Alegre,"01a02d5a-a6a4-766d-95e0-63dc95035924"
"40ab0e5f-7de9-4799-b56b-65f9b8b76d78",Lagoa de São Francisco,"01a02d5a-a6a4-7f03-95e1-955841d5a3db"
ec8ca469-225e-441c-a05f-0711e1cb5f8a,Ivorá,"01a02d5b-4c8c-7370-8988-fd4bc2a0135f"
de329590-ffae-4d0f-b261-e42d127be9a2,Lagoa do Barro do Piauí,"01a02d5a-a6a4-7f03-95e2-87bc494f52c6"
"7fad6bde-9f39-4f82-9177-9760f3b7d22e",Lagoa do Piauí,"01a02d5a-a6a4-7f03-95e3-aae256064614"
"7f219618-60d4-421e-bcda-5d742fdce513",Lagoa do Sítio,"01a02d5a-a6a5-779e-ae53-547a9a7277c0"
b849e4c9-d299-4bc1-9b01-c21ee5ce22a5,Lagoinha do Piauí,"01a02d5a-a6a5-779e-ae54-b8a4cd0a6ac7"
b78c0a74-37fb-4460-8b12-0eacfad5913d,Landri Sales,"01a02d5a-a6a5-779e-ae55-1ec95dec2e2e"
e675b4ff-887c-43a7-8132-402e7d07bb9a,Luís Correia,"01a02d5a-a6a5-779e-ae56-e1391022ebce"
"27ed6d58-0771-48d4-a21b-48a459fb9441",Luzilândia,"01a02d5a-a6a6-7058-bc4c-ae183fe94e58"
"02cb1a50-e2e2-461d-9b97-08d5747c86b7",Madeiro,"01a02d5a-a6a6-7058-bc4d-1882861cbc84"
e307bca2-4629-46ac-b50d-31978ad21828,Manoel Emídio,"01a02d5a-a6a6-7058-bc4e-b8e44f9fc2d2"
"9400ef15-31e1-4302-8bed-db6b4adddc6b",Marcolândia,"01a02d5a-a6a6-7924-bc4f-65a67173ba80"
a455a71f-fc37-4ed9-9b3d-28f0183a3303,Marcos Parente,"01a02d5a-a6a6-7924-bc50-1c97a24aec4d"
a924edf5-46f2-4cf7-a716-8426fe1fb73b,Massapê do Piauí,"01a02d5a-a6a6-7924-bc51-05800a5b665d"
"37ff70f4-c905-4baf-9b57-74a575824e2a",Matias Olímpio,"01a02d5a-a6aa-77dc-972f-dadee63963e9"
"50277f82-e1c5-4140-be01-ee6c5b544f15",Miguel Alves,"01a02d5a-a6aa-77dc-9730-fcb1dba8995e"
"441c5136-bad0-4c59-b882-7b977f7e81b9",Miguel Leão,"01a02d5a-a6ab-725b-b6bb-9dde3c094369"
"4f4ac61d-c880-49cf-9961-199f2ebdae44",Milton Brandão,"01a02d5a-a6ab-725b-b6bc-fc3c4dc73a29"
"51dd00d9-a89b-407d-ae3f-692a4cac03e9",Monsenhor Gil,"01a02d5a-a6ab-725b-b6bd-5e6a5d8d986f"
"9bc2f7cc-e217-4750-8c27-f3913ffa7342",Monsenhor Hipólito,"01a02d5a-a6ab-7b3f-b6be-b3dc6f18707b"
"59f4a36d-ea52-4211-946f-555267b72d4e",Monte Alegre do Piauí,"01a02d5a-a6ab-7b3f-b6bf-31fa523362e0"
"72e94d72-4109-42a4-8608-4888efcbe876",Morro Cabeça no Tempo,"01a02d5a-a6ab-7b3f-b6c0-58cb6106e1ba"
"1291e78c-16fc-4753-9505-199917cdbeb0",Morro do Chapéu do Piauí,"01a02d5a-a6ab-7b3f-b6c1-b3c9148261f3"
f9f24c45-81ea-4f30-a8be-989701d59f8a,Murici dos Portelas,"01a02d5a-a6ac-7420-934b-c5465b6b9961"
"38397cc5-6a8f-49fd-a94d-044f12efba08",Nazaré do Piauí,"01a02d5a-a6ac-7420-934c-3228241f1f26"
a10426b6-5c9e-4ef9-9100-042ba03ffbe1,Nazária,"01a02d5a-a6ac-7d02-934d-91ba7fe3242c"
"62243bb8-2527-4a79-9be0-12fc43ae2f63",Nossa Senhora de Nazaré,"01a02d5a-a6ac-7d02-934e-929e22f45db5"
"4f9e37c0-4ba2-4b01-aa7d-daf6702a5549",Nossa Senhora dos Remédios,"01a02d5a-a6ad-7677-8531-d6d4f8b22721"
"8ba643fc-ac26-44f5-b76e-604ad260c01c",Nova Santa Rita,"01a02d5a-a6ad-7677-8532-6f9ead958e55"
"716a66d0-7d55-4440-b9dc-70bb2e83af4e",Novo Oriente do Piauí,"01a02d5a-a6ad-7677-8533-cf7d387f9823"
a8809aa9-b464-4f09-a7de-27997997c7e0,Novo Santo Antônio,"01a02d5a-a6ad-7ff2-8534-080b26f19067"
ea0e5054-1060-48ce-bb56-a242bcb9b2b7,Oeiras,"01a02d5a-a6ad-7ff2-8535-c20d2d5c7c91"
"356a6ae9-6f09-4e9b-8ec4-bbe95152e70e",Olho D'Água do Piauí,"01a02d5a-a6ae-78b2-8a3f-0b363144cc08"
c3a44565-4e74-4073-9e48-3e06665ed4cc,Padre Marcos,"01a02d5a-a6ae-78b2-8a40-609202d28258"
"8991ab87-cf85-4fbc-ae31-4559d0a1e81f",Paes Landim,"01a02d5a-a6af-7177-8fd3-70192d730a54"
e115cf9e-631f-41e3-90d1-c81c598a4939,Pajeú do Piauí,"01a02d5a-a6af-7177-8fd4-2648c56ea020"
"0cd75a8a-1268-424c-bdb6-e623bd98198d",Palmeira do Piauí,"01a02d5a-a6af-7177-8fd5-21ec7e2d39fc"
"6717e362-57f7-42ad-913b-4d297f102701",Palmeirais,"01a02d5a-a6af-7a05-8fd6-f6c8be472cf5"
"74010c9f-0890-4707-8810-b48a99b05a28",Paquetá,"01a02d5a-a6af-7a05-8fd7-0c92bb1ab05c"
"7506932a-bd75-4fb9-85ba-c5f13fedbb29",Parnaguá,"01a02d5a-a6af-7a05-8fd8-891a2978b2cd"
"5376c7f3-f733-4557-9dbc-d4c3ef305a20",Parnaíba,"01a02d5a-a6b0-72ae-a795-dde659808273"
"837c1776-ec6b-4a46-b57f-ef89f3be63f3",Passagem Franca do Piauí,"01a02d5a-a6b0-72ae-a796-9d4c863bda87"
b5c2a847-c23e-4338-a0cc-2a51b542c98d,Patos do Piauí,"01a02d5a-a6b0-72ae-a797-c6385e0e3159"
"7c7460d3-51ff-44c2-9c79-8b71552b1c0f",Pau D'Arco do Piauí,"01a02d5a-a6b0-7b96-a798-620ae28a764a"
bc5678de-12a1-4a1f-8a49-63796f82de75,Paulistana,"01a02d5a-a6b0-7b96-a799-96933a417e12"
"4d1b57f4-4749-4ba0-aa13-1a16b27d2ab7",Pavussu,"01a02d5a-a6b0-7b96-a79a-85d416857182"
"822036fe-3969-4e17-8dbe-57dcecacac75",Pedro II,"01a02d5a-a6b0-7b96-a79b-1befc7ce4bf3"
acbb8baa-a09c-47e6-9f6f-98cd819c46dc,Pedro Laurentino,"01a02d5a-a6b1-745f-bfe8-5d12055a2f3d"
"3f65588f-cc22-4a40-8e72-1a80966213e1",Picos,"01a02d5a-a6b1-745f-bfe9-0d0ea01064f8"
"5766ae9d-9809-4af4-98d0-e32a1eb573ff",Pimenteiras,"01a02d5a-a6b1-745f-bfea-bb04ac5c2497"
"97677738-47c2-4690-88cc-f9bed5ad86ef",Pio IX,"01a02d5a-a6b1-7d03-bfeb-a66800fc8b34"
"637d22d1-36ee-472b-996e-22c07385a7d2",Piracuruca,"01a02d5a-a6b1-7d03-bfec-76298d18338f"
af49fa58-27d7-420b-a4ef-2c80b0f14568,Piripiri,"01a02d5a-a6b1-7d03-bfed-c6f548ff683f"
"5026ce2d-b6a2-409b-941f-26576f9d7906",Porto,"01a02d5a-a6b1-7d03-bfee-3d6f535ac425"
"58c5bf21-5254-40b6-a6fb-920e15476f02",Porto Alegre do Piauí,"01a02d5a-a6b2-75cc-aaa1-27dd43d137f7"
de0d9ead-6f7e-4a3c-8148-6ca4ea61d58a,Prata do Piauí,"01a02d5a-a6b2-75cc-aaa2-fa045e246405"
e9fcc2e1-6be5-46ae-adfc-84e71c6d6d86,Queimada Nova,"01a02d5a-a6b2-7eb7-aaa3-e69cc7fd7ea0"
"77c0b688-134c-4685-b06c-09bb832f9bb0",Redenção do Gurguéia,"01a02d5a-a6b2-7eb7-aaa4-d5c8e0729531"
"46fb62fb-527f-46a2-a766-0d0cf0f0c0fb",Regeneração,"01a02d5a-a6b3-7773-b66a-6bb3e6d8e6a5"
c07d70b5-5495-4dce-a05c-cc276c518f77,Riacho Frio,"01a02d5a-a6b3-7773-b66b-876af298efc6"
"7e146400-3bda-4e44-9807-4ef4f875e22f",Ribeira do Piauí,"01a02d5a-a6b3-7773-b66c-6a1721895208"
fdc98862-a00d-4529-837e-37831520f2ae,Ribeiro Gonçalves,"01a02d5a-a6b4-701d-8b77-948d22da2ba0"
"1ff26a4d-9654-4b03-b246-b70e3be3b2c2",Rio Grande do Piauí,"01a02d5a-aad6-7eef-9501-2c9cd25812ff"
a9e73cba-0e2c-492c-9070-8ec31c5fd56c,Santa Cruz do Piauí,"01a02d5a-aada-72e4-8f17-f75455f797d8"
"49b42f98-d596-45e3-99a8-168d996ab69e",Santa Cruz dos Milagres,"01a02d5a-aada-72e4-8f18-48fe0a95b218"
"31535884-92e1-4150-93fe-cadc15354378",Santa Filomena,"01a02d5a-aada-72e4-8f19-fccf3bdc2b2c"
"9e3e08bd-6cfd-4556-9650-95bc133b619d",Santa Luz,"01a02d5a-aada-7bfa-8f1a-9ef695a9a46f"
"38591ff0-8ac9-4daf-b798-f1c2d8a8b480",Santana do Piauí,"01a02d5a-aada-7bfa-8f1c-b102a9fa44b8"
"2996daf8-25f7-4111-8f3d-85e1b21ce772",Santa Rosa do Piauí,"01a02d5a-aada-7bfa-8f1b-96ac8f6ed5f7"
c6877bc4-9ff8-453e-a862-36c503e33184,Santo Antônio de Lisboa,"01a02d5a-aada-7bfa-8f1d-764dbce8ce69"
ed2187fb-60d2-4bbb-8de0-9eb549013f74,Santo Antônio dos Milagres,"01a02d5a-aada-7bfa-8f1e-41208227a0b5"
"3dfd70df-f2b3-4fe4-bdb7-e677620e936d",Santo Inácio do Piauí,"01a02d5a-aade-75d0-941e-f49f010ba2ca"
"31acf079-fa17-41bf-a63e-f2e25ce87e25",São Braz do Piauí,"01a02d5a-aade-7efd-941f-1be06ecd3566"
"21e9bbce-63c5-4f4b-bbc2-2bd4f65c0337",São Félix do Piauí,"01a02d5a-aadf-77c1-b74c-a3413a4a2baa"
f0ad8ab2-24cb-4868-9e50-aff9f078011d,São Francisco de Assis do Piauí,"01a02d5a-aadf-77c1-b74d-aa59448aea5f"
"0d890b6a-eb74-4d53-b166-1cfb4b37940d",São Francisco do Piauí,"01a02d5a-aae0-7092-a922-a01978660ffb"
e4909220-bfaf-4e0b-a7bd-44b6e1fe0084,São Gonçalo do Gurguéia,"01a02d5a-aae0-7092-a923-1af695f9e1a1"
"68bcbf8d-7f5f-4e12-b49c-77d56830a4df",São Gonçalo do Piauí,"01a02d5a-aae0-7947-a924-09751aac4ce5"
"9dcdd5cf-4681-477f-9e53-b07e7ddd9a20",São João da Canabrava,"01a02d5a-aae0-7947-a925-fea3ecef39a6"
"8c7963ed-f5c4-4e10-a362-0a3bc26fa593",São João da Fronteira,"01a02d5a-aae1-71e7-b2a9-2903248317aa"
c5662561-e682-4384-8707-6227490a0df3,São João da Serra,"01a02d5a-aae1-71e7-b2aa-a163952e283c"
"9d91be25-5893-4740-918f-6d255c531dd2",São João da Varjota,"01a02d5a-aae1-71e7-b2ab-3586d2262e78"
"8067dd21-62dd-4d13-a4c4-fc6f27396e7f",São João do Arraial,"01a02d5a-aae1-7a9c-b2ac-0ec1d6e3aade"
"2b2cd3b6-594b-4a6a-9030-b166373e1880",São João do Piauí,"01a02d5a-aae1-7a9c-b2ad-3e3e78c7cadf"
b50004bc-8530-4fdf-93ce-f7df0c47895b,São José do Divino,"01a02d5a-aae2-7344-8406-9cf711d27e9d"
"924e963a-7201-442e-9eaa-06d9c357a4fa",São José do Peixe,"01a02d5a-aae2-7344-8407-5eb5cf3490f9"
bc6d0d12-e748-42b4-8125-14888a84ad1f,São José do Piauí,"01a02d5a-aae2-7be2-8408-2170535fa7ce"
a70554fc-6f57-470b-9f8b-f6b74bcc96bf,São Julião,"01a02d5a-aae2-7be2-8409-aec91af09bf5"
"81815a7a-c3bb-4448-acb1-658b32c310a6",São Lourenço do Piauí,"01a02d5a-aae3-740d-b3c2-1ab8d4730a76"
c8aaca99-be36-4fb4-805e-155c84efabad,São Luís do Piauí,"01a02d5a-aae3-740d-b3c3-6f328564bdaf"
"3cf1ea09-1627-4050-b4d9-b14218fafea7",São Miguel da Baixa Grande,"01a02d5a-aae3-740d-b3c4-df27a535b397"
"77ecfe57-59be-4b0c-97c9-54885c98b18b",São Miguel do Fidalgo,"01a02d5a-aae3-7cbf-b3c5-c7cbfb492d2b"
f751b0de-08eb-467a-aaca-b54f205b63fc,São Miguel do Tapuio,"01a02d5a-aae3-7cbf-b3c6-540221c090cd"
"7c3deda8-bf3e-4c63-8432-7416463607e2",São Pedro do Piauí,"01a02d5a-aae4-7566-80a9-31d2992e2233"
"4b5f2074-bf62-43a1-beb3-36101be43d2e",São Raimundo Nonato,"01a02d5a-aae4-7566-80aa-87348d48ab58"
"8354b16d-11f6-4dd5-a619-25580c59e0cd",Sebastião Barros,"01a02d5a-aae4-7e25-80ab-0014a543ab4d"
"11403379-bf91-4b8c-a160-ce92feff835e",Sebastião Leal,"01a02d5a-aae4-7e25-80ac-89fcbb8edcac"
"65e9d0ac-dcf7-490c-8e55-c784311663bf",Sigefredo Pacheco,"01a02d5a-aae5-76eb-a44c-f2f612be6e8d"
fadf4f73-6fa8-49de-be9a-a79e16d961d5,Simões,"01a02d5a-aae5-76eb-a44d-0017edf6a0c3"
"96ecc48f-4188-4c8e-949a-253551e97fbe",Simplício Mendes,"01a02d5a-aae5-7fd4-a44e-394cf12d17c3"
"2626dc76-d0d9-4fca-87ac-3c340ee41d80",Socorro do Piauí,"01a02d5a-aae5-7fd4-a44f-e8f2f0217059"
bc909e95-e7e8-48fd-9bdb-357dd4852ee8,Sussuapara,"01a02d5a-aae6-7890-b810-a44380b9c62e"
"9729c470-7d3d-4ced-bebc-3329a722709c",Tamboril do Piauí,"01a02d5a-aae6-7890-b811-8c1421abac21"
"032d83f3-ab97-497b-9e76-e75161eb546b",Tanque do Piauí,"01a02d5a-aae7-7171-866b-7f1db7a124d5"
"614eb92d-581e-4681-acca-a05a31d5b7b6",Teresina,"01a02d5a-aae7-7171-866c-429b4c5c02f0"
"13a2b8e7-9560-4f69-97e1-861d55d90698",União,"01a02d5a-aae7-7a5a-866d-e30118905746"
"9ab0b116-8c0c-42bf-ae18-97de95c16f1e",Uruçuí,"01a02d5a-aae7-7a5a-866e-d77899909206"
"2fb36e97-fab1-4876-ba63-9cd570daa835",Valença do Piauí,"01a02d5a-aae7-7a5a-866f-aa05970c8cde"
"27ef9911-66de-42ac-a405-e311446d30b9",Várzea Branca,"01a02d5a-aae8-731c-aabb-a835c8099869"
"6319514f-fcab-44a6-b359-b7d6182cefd8",Várzea Grande,"01a02d5a-aae8-731c-aabc-17a79abec093"
"702e6102-c16d-41b1-9095-830b50f3f3c1",Vera Mendes,"01a02d5a-aae8-7b90-aabd-39fd3e6bda8b"
cd097218-00ac-4332-ae4e-e6316416c0c0,Vila Nova do Piauí,"01a02d5a-aae8-7b90-aabe-05b156ee6907"
"701a9297-f405-49a5-9969-c950ae54a2b2",Wall Ferraz,"01a02d5a-aae9-73df-9d9e-7f7e7abf9d62"
"667bf9ee-e541-4cd5-90c8-84877b1558e7",Abatiá,"01a02d5b-265f-783d-ae1e-ccb51a318414"
"5dd0e178-9cbf-4d24-a6f3-0bb9504de5fa",Adrianópolis,"01a02d5b-2662-72d1-ac97-6fbdd61e3d81"
"73313d08-8653-417a-86e7-fdc177f92f54",Agudos do Sul,"01a02d5b-2662-7ba7-ac98-db6cc7b5b10f"
"03c93142-057d-40ca-a4ec-855563249559",Almirante Tamandaré,"01a02d5b-2662-7ba7-ac99-88103a802e69"
"4b854fb8-b507-42ed-9234-05f0fe708026",Altamira do Paraná,"01a02d5b-2663-7539-921b-39baddb851be"
"16ba0371-0f91-4ae8-81b4-8001f492f1e2",Altônia,"01a02d5b-2663-7539-921f-6c122a0c8d02"
"2474da86-c498-41d1-9539-0dd8afdbc47b",Alto Paraíso,"01a02d5b-2663-7539-921c-786597309536"
"56af9cc4-0aab-4958-88e0-5aa8b493fd16",Alto Paraná,"01a02d5b-2663-7539-921d-0962061ccbaa"
f946cf20-9f22-4868-aab4-ee819b7f06b1,Alto Piquiri,"01a02d5b-2663-7539-921e-34bc9c1c22f2"
de9fae14-e1d6-4eff-a891-d0440706b0e6,Alvorada do Sul,"01a02d5b-2663-7df5-9220-7480d8ca8aed"
"40707880-e53d-402c-a977-1b0d963dffd8",Amaporã,"01a02d5b-2663-7df5-9221-ac42b7910938"
ea717b11-4a22-45e3-aeac-7d9e4b9c3bac,Ampére,"01a02d5b-2663-7df5-9222-2ee61cdf574d"
"89eec5b1-4858-4f31-a955-e803525b8a75",Anahy,"01a02d5b-2663-7df5-9223-bfedab9320ea"
e75e093e-34d9-49be-a0b0-3f02f12b4653,Andirá,"01a02d5b-2664-7693-bc3f-1e20da8a9b12"
"4fb7d582-afc4-4800-8636-c697b552477e",Ângulo,"01a02d5b-2664-7693-bc40-e129947b09ed"
"4877fca8-2f7f-4367-a8d5-c441c499e65e",Antonina,"01a02d5b-2664-7693-bc41-c7d0f63886a1"
e3b2e6ad-47c9-4c29-9fde-2c629d7b89a3,Antônio Olinto,"01a02d5b-2664-7693-bc42-49c43d74ca2d"
fcdf8e1b-97ca-4400-875d-502f9d79fb00,Apucarana,"01a02d5b-2664-7693-bc43-6f437c65ad40"
"96474798-e494-41bb-9f2d-62d71bc4e068",Arapongas,"01a02d5b-2664-7f28-bc44-4412bc101697"
"0e2f52c3-5f5c-4517-8a61-d08bf4967069",Arapoti,"01a02d5b-2664-7f28-bc45-f7b60be5f53a"
a6c33918-8173-4f4f-8fc2-04f69f59ed68,Arapuã,"01a02d5b-2664-7f28-bc46-3c3b71f78cb6"
e53d28c6-f9a7-44d4-a5e6-4af0dd3ee4b4,Araruna,"01a02d5b-2664-7f28-bc47-b7e8effde8e6"
e76a976e-f086-44d5-9b6a-54c17e7a359d,Araucária,"01a02d5b-2665-77d6-b19d-8929238d3fe8"
"3497698d-4be6-41e3-a467-a8d77b04681c",Ariranha do Ivaí,"01a02d5b-2665-77d6-b19e-4a31ea40976b"
"9870ece3-5043-45b4-b70a-39b4c0c5f278",Assaí,"01a02d5b-2666-70a1-a08c-28d51a2081f7"
"29242ee9-81ac-48f6-bc3a-642354c388b9",Assis Chateaubriand,"01a02d5b-2666-70a1-a08d-37a0a1519c06"
dee5b4d6-c4af-4a00-a256-82bef84db0c5,Astorga,"01a02d5b-2666-70a1-a08e-ece180af4ecd"
"33927fe3-9e43-46bf-b910-bac0592159b8",Atalaia,"01a02d5b-2666-7c65-a08f-3ec76813b9da"
"5a44ca1a-e48b-4ab9-aabe-6f00bbd16da3",Balsa Nova,"01a02d5b-2666-7c65-a090-02bf0abebc3f"
db33b275-9d71-4fc4-a0d6-c7a688a665a4,Bandeirantes,"01a02d5b-2666-7c65-a091-82b9392bba90"
d11f0dbf-4490-4411-b9cb-74293f75979c,Barbosa Ferraz,"01a02d5b-2667-74eb-a16f-bb5cf0362691"
ee55f248-49eb-4b54-9440-ad7019186e34,Barracão,"01a02d5b-2a83-7775-bd25-ed698b920b61"
"36cce55e-5fcd-4743-bca4-164a791db1a1",Barra do Jacaré,"01a02d5b-2667-74eb-a170-8efc52611a04"
"8771e5e1-0b20-4473-85aa-302a52bc1231",Bela Vista da Caroba,"01a02d5b-2a86-7b21-9a98-6511afa0ded4"
"252a2734-c539-43bd-a50d-41497adb5b5f",Bela Vista do Paraíso,"01a02d5b-2a86-7b21-9a99-3cd45b732879"
"27ff7276-15d6-4769-a03e-52a470c272c7",Bituruna,"01a02d5b-2a86-7b21-9a9a-01dbb06da857"
"43cbddef-996b-4e1e-9e27-7a7cf293b759",Boa Esperança,"01a02d5b-2a87-7408-972b-bb6640ea05cf"
c4c0d07e-fe52-4a1d-a014-41d17891f9de,Boa Esperança do Iguaçu,"01a02d5b-2a87-7408-972c-bde0e22b557c"
"1ec28d4b-14de-4825-ba5f-89884fd23ef6",Boa Ventura de São Roque,"01a02d5b-2a87-7cba-972d-722f1192134e"
"27945784-9857-4b25-a131-6fa96c56847e",Boa Vista da Aparecida,"01a02d5b-2a87-7cba-972e-76ce444b0a62"
"39b24ee9-14a7-4eb3-8c9f-611ded7cf2ad",Bocaiúva do Sul,"01a02d5b-2a87-7cba-972f-35a853a6ce8f"
d0941b3a-f105-4131-8d2c-657bb8d198b3,Bom Jesus do Sul,"01a02d5b-2a88-7684-969f-9e657e608b4f"
"9b79ee93-13a2-4a57-a37d-4118a4f4bddc",Bom Sucesso,"01a02d5b-2a88-7684-96a0-fae7d04a2936"
"38394859-ff1f-4d35-b400-32ccb3e1250c",Bom Sucesso do Sul,"01a02d5b-2a88-7684-96a1-8b6756ac2d4d"
"3248cc80-0ee3-4c71-9ca5-5d05298e5fc5",Borrazópolis,"01a02d5b-2a88-7f56-96a2-4cf0ddbd7105"
d62cd94b-5c55-4e7b-9248-984df6593252,Braganey,"01a02d5b-2a88-7f56-96a3-243fb350acf2"
cff21293-c95e-4131-8b17-c75f686e3ee1,Brasilândia do Sul,"01a02d5b-2a88-7f56-96a4-d939161a331d"
"0b48bc98-8e5f-47cc-b743-945ce3942bc8",Cafeara,"01a02d5b-2a88-7f56-96a5-0f4e1243a09a"
d866a13d-308c-41f9-b8fa-9f3e92d447f7,Cafelândia,"01a02d5b-2a89-77f6-b797-20d217e6c90b"
d2032085-7bea-4bc3-8ba6-c371e3bb831c,Cafezal do Sul,"01a02d5b-2a89-77f6-b798-c676079c1d83"
"5cc529fa-cea1-4e6d-94d2-70e2bf198222",Califórnia,"01a02d5b-2a89-77f6-b799-7ea27e4ef690"
cfa59602-b95e-4dca-a67d-5b8485d47b1f,Cambará,"01a02d5b-2a89-77f6-b79a-5e7ef50b5209"
f1b66711-f349-41ea-ad29-309aa549248e,Cambé,"01a02d5b-2a8a-70b9-98b3-0c741b1319ea"
"89744467-db14-4570-91d8-17aa208f9d83",Cambira,"01a02d5b-2a8a-70b9-98b4-f03794b177e7"
ff41bee4-97e8-4bad-acba-cf4e853b11a7,Campina da Lagoa,"01a02d5b-2a8a-70b9-98b5-be87979b1167"
c96107e1-4576-4fcc-add3-c2dbb5054c4d,Campina do Simão,"01a02d5b-2a8a-797a-98b6-f942f90f5bd4"
f999468a-1fcc-4789-bf38-5701d587d521,Campina Grande do Sul,"01a02d5b-2a8a-797a-98b7-6b0f65032c65"
ab9a6fa7-05da-4158-826e-d89dfb2e1ecd,Campo Bonito,"01a02d5b-2a8a-797a-98b8-14fe4a08017a"
"35524a1b-808f-4b88-be6a-9b0be7a676f2",Campo do Tenente,"01a02d5b-2a8a-797a-98b9-725347114fea"
"9102ef92-eb0a-407b-a2f5-54f1aae8e5b4",Campo Largo,"01a02d5b-2a8b-722b-b05f-bb4ff9a8bfca"
"22f288cb-9512-41fd-b157-59e9ece40bfc",Campo Magro,"01a02d5b-2a8b-722b-b060-5b03953c5a2b"
"101c6700-0efe-47be-9f19-cfaf85b628d9",Campo Mourão,"01a02d5b-2a8b-722b-b061-fc102bd82141"
"1943a8f3-a6f1-43e5-849f-28ccb2044d18",Cândido de Abreu,"01a02d5b-2a8b-7ad9-b062-297fb676238a"
"24a15172-0567-48a1-a665-24b4c30cf8cb",Candói,"01a02d5b-2a8b-7ad9-b063-8f91fee33fef"
f0880d83-2885-4e19-b899-7a4430e0ad7b,Cantagalo,"01a02d5b-2a8b-7ad9-b064-f5314f312d2e"
"73f39037-e49b-43e6-ba73-6dec3d9874e5",Capanema,"01a02d5b-2a8b-7ad9-b065-2c6905ad5ae2"
b479f5c1-63d9-4af7-a853-a31c1dfac7ca,Capitão Leônidas Marques,"01a02d5b-2a8c-7387-b468-b114d176aeec"
"86e9c2c4-493b-43a2-a55c-c958518ef1ab",Carambeí,"01a02d5b-2a8c-7387-b469-959c6535ffe4"
"9ff05521-4aef-4938-b55f-ba34e04cb28f",Carlópolis,"01a02d5b-2a8c-7387-b46a-961de826d977"
"4a6f4a60-c703-4005-a153-3ad0dffe6bb2",Cascavel,"01a02d5b-2a8c-7387-b46b-68d55135ef42"
ffe0c32b-3dd0-4dd7-8300-db1cca325693,Castro,"01a02d5b-2a8c-7c3d-b46c-b3ef4008c13c"
"437f411e-85a7-4db6-8465-4ec6eff60615",Catanduvas,"01a02d5b-2a8c-7c3d-b46d-1931a1f090ed"
"6ae1c1d3-9f1d-4aa4-8096-53f670383792",Centenário do Sul,"01a02d5b-2a8c-7c3d-b46e-0db321cc6349"
f9e0f266-62c8-4f03-ba70-99f980f42c55,Cerro Azul,"01a02d5b-2a8c-7c3d-b46f-7204c0bf9873"
"93526004-0dff-4a8a-aabd-daac6161c3d4",Céu Azul,"01a02d5b-2a8d-7517-bb5d-f859b0b1f8c0"
"3e9ce399-232e-4378-850e-db1b8cae8ccc",Chopinzinho,"01a02d5b-2a8d-7517-bb5e-48a85191d41c"
f75fd470-eb16-4809-a6bd-c5b1eccba22b,Cianorte,"01a02d5b-2a8d-7d9d-bb5f-fede5ab85f4f"
e1efdd7a-d749-4fbe-8991-c2594dc30c05,Cidade Gaúcha,"01a02d5b-2a8d-7d9d-bb60-114776b1afe7"
"0fda6f39-8e86-45da-aa5b-c493a28dc5bb",Clevelândia,"01a02d5b-2a8d-7d9d-bb61-437f50cf23ba"
ee3f6c69-f059-4495-b67c-146ee414bf02,Colombo,"01a02d5b-2a8d-7d9d-bb62-4b9fb0c4edd7"
eab727a2-2c4d-4dfa-8a69-5de19c732b96,Colorado,"01a02d5b-2a8e-7662-819c-9569df99baba"
"883e6f73-65bc-468f-9b74-78bc624e3e37",Congonhinhas,"01a02d5b-2a8e-7662-819d-a8f7157fa892"
"460742b7-2615-4d51-99d7-c95b910973ac",Conselheiro Mairinck,"01a02d5b-2a8e-7662-819e-829af6945d13"
e4b66c2a-8273-4fb7-b6cc-a6ed4f104708,Contenda,"01a02d5b-2a8e-7ee4-819f-41b8b24c68fa"
fa815543-3bcb-4552-b440-7d4533b7b78c,Corbélia,"01a02d5b-2a8e-7ee4-81a0-769778ed89f5"
c8a3310f-222f-4de5-86d6-9f54cbfc9dc5,Cornélio Procópio,"01a02d5b-2a8e-7ee4-81a1-42e5c5a5e5f7"
"10951011-840e-468b-8572-c73a822de2b8",Coronel Domingos Soares,"01a02d5b-2a8f-7791-812d-27e3f28aa62c"
"3e2949a6-c959-43ef-bd5d-d13b6ce29231",Coronel Vivida,"01a02d5b-2a8f-7791-812e-0731f904a054"
"7a5f51e5-77eb-42f5-8b1c-4714c7b01f88",Corumbataí do Sul,"01a02d5b-2a90-7056-8e8d-241e39284d1e"
"6b184533-93e6-4348-b486-61ba26bc71eb",Cruzeiro do Iguaçu,"01a02d5b-2a90-7056-8e8f-ffc2da0a8c5e"
"42cf0cd6-f391-4a46-bbd9-885afad09984",Cruzeiro do Oeste,"01a02d5b-2a90-7056-8e90-632ae25456e4"
"3c716bac-0fed-4ebf-8db1-1ecd82d39684",Cruzeiro do Sul,"01a02d5b-2a90-792f-8e91-439711b0a7bd"
"68857f88-e88e-4bd0-9218-e16b72550681",Cruz Machado,"01a02d5b-2a90-7056-8e8e-b20922642b79"
"1a4a7761-1c2f-4c35-87ad-4f6c0c38173d",Cruzmaltina,"01a02d5b-2a90-792f-8e92-249e65821680"
"6ce8b3b2-9c50-4a19-82ee-f3e3506b3c3c",Curitiba,"01a02d5b-2a90-792f-8e93-2eff14ec3b9c"
"1b01e7e4-af92-482d-81ad-88e86766b98a",Curiúva,"01a02d5b-2a91-71eb-a342-52e307afe5fd"
"96b05aaf-8202-41dd-9911-9c500f71d141",Diamante d'Oeste,"01a02d5b-2a91-71eb-a345-a6f91b14d7b2"
b3f485c0-4427-4762-81e7-80b13760cff7,Diamante do Norte,"01a02d5b-2a91-71eb-a343-a64a17eedfb0"
"297c80c0-e115-449d-9f2d-cdcd6f53b0ca",Diamante do Sul,"01a02d5b-2a91-71eb-a344-3ca16102f00e"
db9d5531-123e-4432-8d81-c6cd3d0c4109,Dois Vizinhos,"01a02d5b-2a91-7a55-a346-ea4fe091f4ed"
cc5cf67e-f4ab-4b90-bd1e-ff71843d3461,Douradina,"01a02d5b-2a91-7a55-a347-9fdb9a9c06c3"
dc2add05-d628-4a51-ab43-5785cf2c784b,Doutor Camargo,"01a02d5b-2a91-7a55-a348-08873867368b"
"0e64df35-1eef-43ce-a2f2-c14ab09fc52f",Doutor Ulysses,"01a02d5b-2a92-729c-80b5-93b552658542"
"674b2b45-320c-4b89-b6c7-b91874999139",Enéas Marques,"01a02d5b-2a92-729c-80b6-685d6f1bfba9"
e06e8e55-2513-4924-ae34-fd661b691eb0,Engenheiro Beltrão,"01a02d5b-2a92-729c-80b7-14a40d4f98fa"
"2884a6b8-c000-48c4-a0e4-3e9fd229a1ac",Entre Rios do Oeste,"01a02d5b-2a92-729c-80b8-5630fa076749"
bfd45009-1082-427f-a617-8d8886044af5,Esperança Nova,"01a02d5b-2a92-729c-80b9-5b2b1aaa6a11"
"6f0eb60e-2e28-4226-8bd0-735e02acaeb2",Espigão Alto do Iguaçu,"01a02d5b-2a92-729c-80ba-86622c7bbffe"
b0956ffa-a955-4257-a4dd-46a28ac67691,Farol,"01a02d5b-2a92-729c-80bb-cade6713c8e8"
"5fe72b05-e0d7-4bb7-850e-6fff29caa56b",Faxinal,"01a02d5b-2a93-72c3-83cf-78053977f4ec"
e8dcb09a-17f4-4419-af85-7b4f815209dc,Fazenda Rio Grande,"01a02d5b-2a93-72c3-83d0-23829556ccea"
ec3367b0-1ddb-41c6-8f30-713c16e17f96,Fênix,"01a02d5b-2a93-72c3-83d1-460725c08868"
f27bd6c7-4705-4db1-a480-ad50af5c2244,Fernandes Pinheiro,"01a02d5b-2a93-72c3-83d2-bf2e03d6bc5c"
ee729013-cd86-441d-88f6-9d169769ff80,Figueira,"01a02d5b-2a93-72c3-83d3-b9699fa8b372"
"2188b940-dc7f-4a2a-9381-46ca26ee6e0b",Floraí,"01a02d5b-2a93-72c3-83d5-bf97186fb102"
"28cdd6bf-5669-4a85-bb0e-1f4d985ff77c",Flor da Serra do Sul,"01a02d5b-2a93-72c3-83d4-a680139a69f4"
f6f45b88-e72f-4033-bad3-1b0167c35592,Floresta,"01a02d5b-2a94-72b4-9e25-87d93eefed79"
"187b80e0-77b6-4c59-b496-ffe801312776",Florestópolis,"01a02d5b-2a94-72b4-9e26-274af10691ac"
"9ac23d51-6fe5-409f-bd8f-f90e9ee4af9a",Flórida,"01a02d5b-2a94-72b4-9e27-5862ba2c8d1a"
"0a5b9624-9b2e-498e-8211-c5c1c2747582",Formosa do Oeste,"01a02d5b-2a94-72b4-9e28-1e025757ee0a"
dd384346-a04d-4a06-bf3b-221a756fd6a2,Foz do Iguaçu,"01a02d5b-2a94-72b4-9e29-1d71b7b4f7da"
"5259a398-06a4-429b-bf05-f168eb579351",Foz do Jordão,"01a02d5b-2a94-72b4-9e2a-9b66f9d1df0e"
"1bacf5f0-c0b0-4cf0-a9de-5cf358760713",Francisco Alves,"01a02d5b-2a94-72b4-9e2b-0aeb9a5a52ac"
"073921e6-2396-4f8b-82f9-af0b587ba3fe",Francisco Beltrão,"01a02d5b-2a95-72b4-9415-9f7cc93c544c"
"3e9c6f9c-ee11-4537-8f42-5fe543ea5ce8",General Carneiro,"01a02d5b-2a95-72b4-9416-f0dc2a087c7a"
d9f7ea72-5923-4b51-8e62-bc5df4fd0883,Godoy Moreira,"01a02d5b-2a95-72b4-9417-57c3177acada"
f60ec34d-9550-4dfc-a107-5fa4935cc63a,Goioerê,"01a02d5b-2a95-72b4-9418-1136b82439e0"
ecf31aa8-dac8-4dcc-bc37-ef60e0e5d9f5,Goioxim,"01a02d5b-2a95-72b4-9419-b7dc7c22c10d"
"5114d33c-9b76-4d69-aa49-19566430ef68",Grandes Rios,"01a02d5b-2a95-72b4-941a-ee5d8f5029a9"
"31da925a-bb4b-474a-8aa6-8b54d5fdaccc",Guaíra,"01a02d5b-2a95-72b4-941b-0e78c1376527"
fa6df0f5-47b9-480a-8aef-eec3bd6d5b74,Guairaçá,"01a02d5b-2a96-72b4-9404-85165c1c017e"
df3b12a2-a0c5-4351-bc32-0742a96eca69,Guamiranga,"01a02d5b-2a96-72b4-9405-6487ff3e8cb2"
"2acd30b2-7254-473c-80d9-e24afea9d109",Guapirama,"01a02d5b-2ea3-73c7-9cd0-6f0fdfb70ec0"
ffdadca1-e10e-465b-b915-063a48771dde,Guaporema,"01a02d5b-2ea6-78a7-ab8f-532ef7930946"
e8a6371a-6f06-4c89-9845-f57d7f9bc97b,Guaraci,"01a02d5b-2ea7-7184-b873-586a8524f42a"
b26df815-c79b-4618-90ef-28eb122bebe8,Guaraniaçu,"01a02d5b-2ea7-7184-b874-612187946036"
b8167d44-939a-4200-b317-4e255e7dea59,Guarapuava,"01a02d5b-2ea7-7a84-b875-8f264305960f"
"1ec0ac15-ce66-4e41-baaa-4d3777e5b7d7",Guaraqueçaba,"01a02d5b-2ea7-7a84-b876-04492933871b"
cbd7acfd-8451-4def-91ec-f92c977ca308,Guaratuba,"01a02d5b-2ea8-72f6-8bd6-cb5b55edeadd"
def6d3bd-9d92-45f9-94aa-d024fe3b7338,Honório Serpa,"01a02d5b-2ea8-72f6-8bd7-3f55748f2ba9"
"0ec27faa-49c6-432f-8619-641d3ccae434",Ibaiti,"01a02d5b-2ea8-7b66-8bd8-3ef5dcebf8ce"
"27ee922b-6ed4-4d76-baff-93618c431e6a",Ibema,"01a02d5b-2ea8-7b66-8bd9-ed1c159a53ae"
e1202a23-4142-4bd0-bdf5-3016aab52d27,Ibiporã,"01a02d5b-2ea9-7414-aa04-d6e457ce0327"
"58593ba9-98cb-4765-883b-a0fa72715fa3",Icaraíma,"01a02d5b-2ea9-7414-aa05-6030096d94ac"
e7bac0d1-2ea7-44e5-9b72-1304c7d6cc43,Iguaraçu,"01a02d5b-2ea9-7414-aa06-c8b035c2bbdf"
f1f84f75-91fd-4273-bdc4-a627762dfccd,Iguatu,"01a02d5b-2ea9-7cb6-aa07-c6fc48bdf56d"
c81a71aa-7741-4c1d-842b-1b09b8047fd5,Imbaú,"01a02d5b-2ea9-7cb6-aa08-0da8b83a399b"
ef4936e3-4cfe-4c6b-bcbe-ef0801e47772,Imbituva,"01a02d5b-2eaa-7512-a844-c4365a6cfd8b"
c30a4a94-b177-498b-a39f-3575d1c14a30,Inácio Martins,"01a02d5b-2eaa-7512-a845-0d3eb3a9a340"
d1b6b530-e418-411f-b5fd-1acdabbc1662,Inajá,"01a02d5b-2eaa-7512-a846-a00a39c833cc"
f0a06ef2-5b98-4568-bf91-5b147802bec0,Indianópolis,"01a02d5b-2eaa-7512-a847-295bcdd24a86"
"3deefb39-426d-4f4a-9c78-6fc06485df51",Ipiranga,"01a02d5b-2eaa-7dd7-a848-e8f60732d59a"
d39c6f17-f1a6-4670-ba31-8e2ed29e5662,Iporã,"01a02d5b-2eaa-7dd7-a849-7094f82d974e"
"50fdc643-c7af-4fac-9082-5fe96fac2406",Iracema do Oeste,"01a02d5b-2eaa-7dd7-a84a-318d401143b0"
"1b0ebaa2-279c-49df-a5a3-06e387fa1ec0",Irati,"01a02d5b-2eab-764d-a9a4-8dac9985db88"
cb8e6ad4-d2ee-4452-9e6f-49dddf677aa5,Iretama,"01a02d5b-2eab-764d-a9a5-9202817b0ac2"
dabb6c76-d757-4e6a-a35e-2bc3f6a4c2fe,Itaguajé,"01a02d5b-2eab-764d-a9a6-ab00bcb625f4"
f4323896-f618-4c9e-89f8-7e43642baf65,Itaipulândia,"01a02d5b-2eab-764d-a9a7-3ac30eaf4e0e"
f30fcbd0-ff6f-4651-aa83-15d07f25b8aa,Itambaracá,"01a02d5b-2eab-7ec4-a9a8-52b9976f4ce7"
"43227b6e-4f21-4313-ac68-944d082a2da7",Itambé,"01a02d5b-2eab-7ec4-a9a9-59d3b2fa65fd"
"4e2d8731-a018-4316-8fb5-752c6668b766",Itapejara d'Oeste,"01a02d5b-2eab-7ec4-a9aa-22c2061c5e8d"
"581d08e3-3aec-4845-9d53-41c73c3386d1",Itaperuçu,"01a02d5b-2eac-776a-891f-b7dcd994b806"
"39eca805-3047-4357-bd01-d3ba19b1b314",Itaúna do Sul,"01a02d5b-2eac-776a-8920-182db8b02579"
"565203b6-45c1-491f-b76a-5de597cf569b",Ivaí,"01a02d5b-2eac-776a-8921-0604aa5bf08b"
a855c6fb-5178-4dec-97fe-9b2e90ad43ac,Ivaiporã,"01a02d5b-2eac-776a-8922-a16e5b4f7da1"
"120ff6e0-78bc-4ad1-9fbf-7c2a64b0908e",Ivaté,"01a02d5b-2ead-720b-b489-6b1318e89131"
"51d294ce-cb01-4778-a483-be8d4bdaf0f4",Ivatuba,"01a02d5b-2ead-720b-b48a-0a8958cf4b94"
cf39b9bd-36d1-45bc-a46a-09988ceb9616,Jaboti,"01a02d5b-2ead-720b-b48b-fedd27bb6536"
ed736eb0-79d1-43cc-b11f-de7a54a590fa,Jacarezinho,"01a02d5b-2ead-720b-b48c-995c8f07b2b1"
a8146720-f35b-43a3-82ce-f7197f78f073,Jaguapitã,"01a02d5b-2ead-7ac6-b48d-dd03b67b01a5"
"5979f89b-cb34-4f7d-96d0-bb1a0138a2b0",Jaguariaíva,"01a02d5b-2ead-7ac6-b48e-2bf684af3b12"
ab2ff35b-96ea-43e6-8f94-4f0f567af5cc,Jandaia do Sul,"01a02d5b-2ead-7ac6-b48f-bc8777b51a84"
"9a50ed57-3850-46da-97b3-a54a255e8465",Janiópolis,"01a02d5b-2ead-7ac6-b490-90adc4ec4cb9"
"1ec8c387-1f9e-4595-9170-cb1d89a08aa2",Japira,"01a02d5b-2eae-736d-948d-ab9918ab43f9"
ab2518e6-b39f-444c-a873-abad656b131c,Japurá,"01a02d5b-2eae-736d-948e-6f42e961f6f3"
ae02431c-4ef9-4848-b625-9212500f162c,Jardim Alegre,"01a02d5b-2eae-736d-948f-5df3b384a84c"
"19cf847f-6cba-45fd-bffc-fefe9a8da614",Jardim Olinda,"01a02d5b-2eae-736d-9490-0ad82b37f66b"
"35a569d1-7447-48c5-8fad-8dcc3943da5a",Jataizinho,"01a02d5b-2eae-7c0f-9491-9f120d1d6b15"
"82a0da7f-7867-4891-97ab-40f19e7caa4f",Jesuítas,"01a02d5b-2eae-7c0f-9492-6253cb6854c6"
e09e71c6-b05c-493e-ac0c-a0a5c0d99aa1,Joaquim Távora,"01a02d5b-2eae-7c0f-9493-a1c83e0ad05f"
"7b323dc8-b133-4ed7-816c-62b7b1102200",Jundiaí do Sul,"01a02d5b-2eae-7c0f-9494-099d21f6c20a"
"9356e479-1c83-4694-8d8d-f3e5e84d6a4b",Juranda,"01a02d5b-2eaf-74a6-aa3e-672b9bb4d1b9"
"4cf2df61-f864-4ed4-894b-d04263502deb",Jussara,"01a02d5b-2eaf-74a6-aa3f-98e75f1730db"
"11d19fc1-d9b5-4434-9500-d0ad85738483",Kaloré,"01a02d5b-2eaf-74a6-aa40-bd91cd885b50"
eb4e3516-152d-402c-9030-44116fa3d15b,Lapa,"01a02d5b-2eaf-74a6-aa41-ee50f3f5ddb5"
"7e32808b-2c0b-415d-919c-56f394b2e1e5",Laranjal,"01a02d5b-2eaf-7d11-aa42-55576af91b26"
becc9bae-1156-4a7e-8762-9fdeb6fbde25,Laranjeiras do Sul,"01a02d5b-2eaf-7d11-aa43-5cdcea8f29a6"
cc511fb9-5a2b-4ff3-869b-ad2ab9648cf1,Leópolis,"01a02d5b-2eaf-7d11-aa44-c76b96cb742d"
"81727701-6d48-4e14-b180-b333d8b6f653",Lidianópolis,"01a02d5b-2eaf-7d11-aa45-66571e0bd292"
"7556ef31-4a92-4ddc-835d-0180eb4bd910",Lindoeste,"01a02d5b-2eb0-75c7-9f9e-bae2c765500d"
"6d32fc21-8bf7-4ef9-942c-7f676d6124c2",Loanda,"01a02d5b-2eb0-75c7-9f9f-c84ebe1d2a98"
"816f312d-1624-4952-b9a4-127e1e3c21e5",Lobato,"01a02d5b-2eb0-75c7-9fa0-4993fc2aa65e"
bb7e868f-ffe3-4a2b-9281-5ab4659f7190,Londrina,"01a02d5b-2eb0-75c7-9fa1-aca88b418590"
c3599910-ebb7-4e69-b0e5-d244bb1611bb,Luiziana,"01a02d5b-2eb0-7e63-9fa2-5fb3d2f3168b"
"5f3e2610-06d2-4ce6-9b28-c05fb663cbde",Lunardelli,"01a02d5b-2eb0-7e63-9fa3-f45db00aaa80"
"85f48ab6-75d7-4eb7-921f-293a02c0f616",Lupionópolis,"01a02d5b-2eb0-7e63-9fa4-a98b65c54d9c"
"06aed161-e02e-4f41-8dc0-94086196158a",Mallet,"01a02d5b-2eb1-76d0-81d0-5233e48ea524"
"8252dd31-2c0f-4cf4-961b-26d7bd98e51d",Mamborê,"01a02d5b-2eb1-76d0-81d1-a93af615d0c6"
"28842f6e-af03-4f94-8d2e-8171f7e63455",Mandaguaçu,"01a02d5b-2eb1-76d0-81d2-995c1ffd3e15"
"6bd60de9-d7f9-4ce0-b8a6-ebc67ad924fd",Mandaguari,"01a02d5b-2eb1-76d0-81d3-d1a4810ab8a2"
dcf95a5e-9ace-442d-aa31-934d9f3a3de9,Mandirituba,"01a02d5b-2eb2-76eb-9cab-dd91d325c603"
"3821409d-3e09-47d2-9fec-0b42c28063c3",Manfrinópolis,"01a02d5b-2eb2-76eb-9cac-591538a62c33"
"0a8666f2-3f96-4492-af1d-6f7c03f20ca5",Ivoti,"01a02d5b-4c8d-7369-bc6f-7739082b74a5"
"1fda9679-b404-42d7-b91e-a80634677019",Mangueirinha,"01a02d5b-2eb2-76eb-9cad-ef983bf9715a"
"9aa02465-23e1-40bd-bf79-006a8f356c8a",Manoel Ribas,"01a02d5b-2eb2-76eb-9cae-025a5f3d8ee4"
bdbb42b3-7526-4b86-9b0b-24b8029fc432,Marechal Cândido Rondon,"01a02d5b-2eb2-76eb-9caf-8660416e8883"
b3773149-15da-4a2c-ac5b-3e235ef249dd,Maria Helena,"01a02d5b-2eb3-76fa-b1cf-9cedbdd7582d"
"5464bdfd-b8cf-43c3-932c-96db5c59e184",Marialva,"01a02d5b-2eb3-76fa-b1d0-4a547107b4cf"
d7d5a856-1f40-489b-9740-5fd2aa9311d9,Marilândia do Sul,"01a02d5b-2eb3-76fa-b1d1-f5e11b54db2f"
"98e6382d-4cc5-4cc6-985b-bc73a26c273c",Marilena,"01a02d5b-2eb3-76fa-b1d2-4ec5e4986065"
"459a7361-cc57-4cfb-b1d8-52ffa946cf14",Mariluz,"01a02d5b-2eb3-76fa-b1d3-6230fe832cb2"
"1d754076-75af-48b6-b0fa-c71115c4ffd9",Maringá,"01a02d5b-2eb4-76e8-82c1-22baf6f111e6"
ac415d13-f8e7-4389-b98b-af42b46f049b,Mariópolis,"01a02d5b-2eb4-76e8-82c2-3f792d896f44"
"3387887f-8908-4606-87a1-0a265c658834",Maripá,"01a02d5b-2eb4-76e8-82c3-5cc180949352"
"96d1521d-e3b1-4f47-8ef0-6fedf325ef26",Marmeleiro,"01a02d5b-2eb4-76e8-82c4-07757e7d26de"
"7a9d6329-b2d8-4278-959e-a19a8b538f61",Marquinho,"01a02d5b-2eb5-76e7-8a8c-b6799108341a"
"8bf89797-bba4-4aa8-adbd-d1c42f693b90",Marumbi,"01a02d5b-2eb5-76e7-8a8d-d082fc69aa00"
"6a94d30b-e4a1-4d2c-bffa-2000eb133327",Matelândia,"01a02d5b-2eb5-76e7-8a8e-dfe1ae6b23c8"
fdd0c1e2-9fc4-4ed9-9b3e-32ad37ca01d3,Matinhos,"01a02d5b-2eb5-76e7-8a8f-f8ba7563fd70"
"11481dd6-5bc5-4dec-82aa-8c62a4de775a",Mato Rico,"01a02d5b-2eb5-76e7-8a90-671e4ca39142"
"13e008b1-fecd-4811-86a7-fa48c17a5ef0",Mauá da Serra,"01a02d5b-2eb6-76e6-b3c4-efe0aca5c7c7"
ec5069fd-c15f-4105-a10a-1f94a1c09fd1,Medianeira,"01a02d5b-2eb6-76e6-b3c5-60f63c12a5da"
"8b846f2e-798d-457b-9a5f-6d099ae1c030",Mercedes,"01a02d5b-2eb6-76e6-b3c6-3b7f739d0cfc"
"3f4af51f-9b29-4eb8-b104-dd98afbaf267",Mirador,"01a02d5b-2eb6-76e6-b3c7-b166691d3b46"
a39fd989-b61d-45a8-bb67-965bf0ef8a2f,Miraselva,"01a02d5b-2eb7-76e7-ae25-c3f1197c8347"
ac57f241-22ac-4ea7-b003-2960f03b1f01,Missal,"01a02d5b-2eb7-76e7-ae26-e3c68ce307cc"
aaeedd78-c025-4e7a-b351-85d0430c15d3,Moreira Sales,"01a02d5b-2eb7-76e7-ae27-cb8914d64a2f"
"47739c05-cd99-4763-9539-e062dd63fdab",Morretes,"01a02d5b-2eb7-76e7-ae28-761d6e539018"
"91563d7a-4fcd-4256-80eb-9bc5e797f067",Munhoz de Melo,"01a02d5b-2eb7-76e7-ae29-b22d3aedf541"
"5f87ba4a-bd1a-41df-a625-2c555b692b5f",Nossa Senhora das Graças,"01a02d5b-2eb8-76e8-94c1-13c4497f91fa"
afd3b53f-5ee4-4e26-bcd5-ea207b70d05f,Nova Aliança do Ivaí,"01a02d5b-2eb8-76e8-94c2-67adeb276447"
"48658b88-4ab0-465e-a2b0-8bc8babf81a3",Nova América da Colina,"01a02d5b-2eb8-76e8-94c3-5fcd62a511ca"
d2dd425b-bd96-4f35-bc7e-416d4f333caa,Nova Aurora,"01a02d5b-2eb8-76e8-94c4-330ca6f017a3"
"20c2a4b9-a2c0-49a9-be9a-48c95c400734",Nova Cantu,"01a02d5b-333c-775d-9304-1ebf0df3d92d"
"3f40225f-8e58-4438-9234-b91e1519f798",Nova Esperança,"01a02d5b-333f-7c60-af60-136280cb87b8"
"42195a76-9dc6-4b99-b5c4-0a2d71350876",Nova Esperança do Sudoeste,"01a02d5b-3340-750a-b729-6b3633e28d04"
ae0581f9-7398-4e72-91e4-0cbe20aa19ee,Nova Fátima,"01a02d5b-3340-750a-b72a-2d380f537b1b"
da037c4f-e7a9-432d-a581-1b145440eb8e,Nova Laranjeiras,"01a02d5b-3340-750a-b72b-e371de09eed3"
"8cedc1a5-2d5d-43d4-952a-f062c324a011",Nova Londrina,"01a02d5b-3340-750a-b72c-1b7b554a7f4b"
"1fdf173e-9490-4e58-b789-d8431f66c986",Nova Olímpia,"01a02d5b-3340-7da0-b72d-ac70762e16ed"
"1ef85990-454a-438e-a65b-7f88186226c4",Nova Prata do Iguaçu,"01a02d5b-3340-7da0-b72e-33a504cbf8f2"
"94b53a7b-f2b7-46b9-9258-1d6539e06e2a",Nova Santa Bárbara,"01a02d5b-3340-7da0-b72f-eccd370375dd"
"6771292c-62b0-4b7b-a5f3-270b4182143a",Nova Santa Rosa,"01a02d5b-3341-7606-9cb4-eeea94422cd7"
"4b86f363-e8ae-463b-9920-cdcce9e8951c",Nova Tebas,"01a02d5b-3341-7606-9cb5-a93471068c39"
"32cc4281-2df8-44f3-8b17-7b9b982357df",Novo Itacolomi,"01a02d5b-3341-7606-9cb6-a5232047b21a"
fb9f70be-7b45-43d9-a1dd-23831031494f,Ortigueira,"01a02d5b-3341-7606-9cb7-f4e605c46b22"
dc73512f-d624-414d-9a8f-8f68a23d7547,Ourizona,"01a02d5b-3341-7ebc-9cb8-79e80559434a"
"85678892-9535-460d-b2a7-a09cc193699e",Ouro Verde do Oeste,"01a02d5b-3341-7ebc-9cb9-a53aaf5da9f9"
f9a56211-2676-496f-8f08-967aa4a3c035,Paiçandu,"01a02d5b-3342-7762-acd7-7de928247349"
"0618a3b2-e92f-4e93-a8ab-3a01bdc94355",Palmas,"01a02d5b-3342-7762-acd8-3c2ac6751acf"
aebd7dec-2d94-434b-8632-7a1c66c32c89,Palmeira,"01a02d5b-3342-7762-acd9-722bef3ff1f4"
"8b3fa075-6c52-44e4-9f5d-7920836ff87f",Palmital,"01a02d5b-3342-7ffc-acda-1f234c7718e5"
eab8fc01-65cc-4ec9-9fc3-3cf082a927b7,Palotina,"01a02d5b-3342-7ffc-acdb-8431236c2fb0"
"75515676-0fbc-465e-b886-0a2bd39fe587",Paraíso do Norte,"01a02d5b-3343-785f-a14e-1697d72713ff"
"0bcccb93-1d71-4121-a7de-e2a52835e3ab",Paranacity,"01a02d5b-3343-785f-a14f-88dbddebd516"
f18c18f1-8769-482e-b951-2579c5544cee,Paranaguá,"01a02d5b-3344-70d0-b72a-d029b5f1e838"
"8997c11a-963f-41ae-9960-15f86bd644c3",Paranapoema,"01a02d5b-3344-70d0-b72b-2c7c2c2fefc9"
"01858679-3206-4564-89cc-21865bc96338",Paranavaí,"01a02d5b-3344-798b-b72c-fd6238c36c61"
d3e60d2f-f8bb-487c-9ccc-eff8c4a76474,Pato Bragado,"01a02d5b-3344-798b-b72d-b0aa9b688edf"
d14ac406-d628-431a-a67a-02963f522123,Pato Branco,"01a02d5b-3344-798b-b72e-6ab309dbc998"
"49e01a2b-ce25-4286-9036-eee7b7d52029",Paula Freitas,"01a02d5b-3344-798b-b72f-b65f965b0d23"
"8f7f03f1-a588-4060-a13c-8644f5a7d29b",Paulo Frontin,"01a02d5b-3345-79b0-beaa-0d58cb1c7427"
dbd1b701-efe9-438d-8099-594cca405c21,Peabiru,"01a02d5b-3345-79b0-beab-c2f916c49782"
"348ad991-8ef4-4d62-868e-67b938bca726",Perobal,"01a02d5b-3345-79b0-beac-8bdee9f9e874"
"04375cee-4d64-4612-9cb0-ad984378d0aa",Pérola,"01a02d5b-3345-79b0-bead-1b8229a7623b"
c5e98aad-2c13-4c04-8869-a27383ccd95f,Pérola d'Oeste,"01a02d5b-3345-79b0-beae-101ec8825d11"
"9f54a20d-ba5c-4fe2-9b5e-ee85d3d9d758",Piên,"01a02d5b-3346-79a1-9db1-e5c403d1918c"
dfdc7755-ba71-4fe1-9a1b-31dba2182247,Pinhais,"01a02d5b-3346-79a1-9db2-270f27350596"
"758de9f8-7cda-4f60-b0a0-866b58cdfcc9",Pinhalão,"01a02d5b-3346-79a1-9db4-1dbbbf61f928"
a541a87f-fe94-4a05-81d2-853957bbff8e,Pinhal de São Bento,"01a02d5b-3346-79a1-9db3-f690bec9cea8"
eb0308ca-d7b3-45ff-9fce-9f374cd48ece,Pinhão,"01a02d5b-3346-79a1-9db5-d1d4dafec888"
f848e49f-2640-477f-b4b1-c69b797826f0,Piraí do Sul,"01a02d5b-3347-79ae-a99c-64a52b069a43"
be16058f-3ad8-4655-a3a0-71fafacfdd20,Piraquara,"01a02d5b-3347-79ae-a99d-1488f1739d5f"
fc96ff12-de7d-489f-9af4-241976ccdb19,Pitanga,"01a02d5b-3347-79ae-a99e-6422d74ddc6c"
"920cbbdd-b98c-4af1-9791-b08e7a8c39e6",Pitangueiras,"01a02d5b-3347-79ae-a99f-b4781b53a411"
"16f5c113-ff7b-4379-9eb4-bdd3d5576e53",Planaltina do Paraná,"01a02d5b-3347-79ae-a9a0-869f8333428f"
"58d75c2b-ac2e-4b6e-8180-f35829851c25",Planalto,"01a02d5b-3347-79ae-a9a1-d8d0b5180d12"
"418ed31c-b0b0-4744-9973-54f6637de972",Ponta Grossa,"01a02d5b-3348-79ae-b62b-0d91b09ca9a6"
"24fe81c5-13cd-4518-aeda-7a76bd9b5995",Pontal do Paraná,"01a02d5b-3348-79ae-b62c-b25debc93821"
"54e93f00-a155-417b-bdc0-866f0700804e",Porecatu,"01a02d5b-3348-79ae-b62d-6de5b2ba9655"
"533106d0-cda6-4430-9be2-bd1610196495",Porto Amazonas,"01a02d5b-3348-79ae-b62e-4a72df276dce"
"17623a1b-27e9-4552-8b98-1907a87f3539",Porto Barreiro,"01a02d5b-3348-79ae-b62f-eab76dc582d5"
c57134b0-1e4e-4c28-a752-177cb37fe537,Porto Rico,"01a02d5b-3348-79ae-b630-7cc39c905997"
"30cafe97-fb02-4f27-9034-2b4acea2825a",Porto Vitória,"01a02d5b-3348-79ae-b631-9550b38709ca"
"3205ab48-dda4-4d04-b9e4-e766daa47a59",Prado Ferreira,"01a02d5b-3349-79a2-9b5e-7c4da5e095ea"
"3c99dc69-2acb-4bfa-a25b-3a34d042d557",Pranchita,"01a02d5b-3349-79a2-9b5f-2f6bddcee56b"
c79bf3f7-7899-4a39-bb07-3d27fc727e0f,Presidente Castelo Branco,"01a02d5b-3349-79a2-9b60-25fc64aeec89"
"76830166-09c9-4254-92ab-7faaa69d596e",Primeiro de Maio,"01a02d5b-3349-79a2-9b61-bb39510a9073"
f457b5eb-e784-4d37-b732-e87f9a544818,Prudentópolis,"01a02d5b-3349-79a2-9b62-fc27b388f8d7"
"5478e629-0ff0-48b4-8875-cdb0a5ee8108",Quarto Centenário,"01a02d5b-3349-79a2-9b63-92a49f06624a"
"1efb7e18-8bf3-48eb-b0cf-354b845bc5d2",Quatiguá,"01a02d5b-334a-79a9-8afe-d8b697fd7583"
"84e99bec-6482-4dc1-b11e-ac1c3cee98f8",Quatro Barras,"01a02d5b-334a-79a9-8aff-284b7e73263d"
cce8ab97-881a-49e0-bff2-2f7c26c459a9,Quatro Pontes,"01a02d5b-334a-79a9-8b00-4537f53abad8"
dec739b1-7a9b-4aaa-ab94-83b4c84f2e44,Quedas do Iguaçu,"01a02d5b-334a-79a9-8b01-99dea126e372"
ac735fc1-bb43-4f02-8628-4e56473638bc,Querência do Norte,"01a02d5b-334a-79a9-8b02-fffe542ea573"
"739bf387-7564-47a8-b304-6f3276c0488b",Quinta do Sol,"01a02d5b-334a-79a9-8b03-12d434c87df6"
"1403925e-0bc3-4ddb-bb98-aed3ac0e2c11",Quitandinha,"01a02d5b-334a-79a9-8b04-6703412d47da"
"324558c3-f8cc-441a-8243-66350430a557",Ramilândia,"01a02d5b-334b-79b0-b667-307425587fb9"
"53bd7668-49d9-4a16-a865-30fe2ed77730",Rancho Alegre,"01a02d5b-334b-79b0-b668-7a22a6647dd4"
bddf3265-63fa-4d1a-93e2-b0710097cd9a,Rancho Alegre d'Oeste,"01a02d5b-334b-79b0-b669-9983c77c68ea"
ab244012-1a64-4905-9042-ec149014cb9d,Realeza,"01a02d5b-334b-79b0-b66a-171bd375060f"
"200d2572-4c72-423f-9151-8ed55e47bd0f",Rebouças,"01a02d5b-334b-79b0-b66b-2d22891c0c51"
"768a4607-1ee1-4e05-a8ca-7b64bbb24fd6",Renascença,"01a02d5b-334b-79b0-b66c-f48ed24f952a"
bcd62f53-26d1-44d9-ae10-09bda62b6270,Reserva,"01a02d5b-334b-79b0-b66d-9437fd3dc81d"
f88f17d0-2392-4cbc-9b6d-cda265e4e87c,Reserva do Iguaçu,"01a02d5b-334b-79b0-b66e-3b8df83c58cd"
"236d6ade-daf6-4e09-bc78-72a2e5abfbdc",Ribeirão Claro,"01a02d5b-334c-79af-a3a3-242b992521b9"
dd6bb49e-eefb-4641-92f4-b63710bf1e15,Ribeirão do Pinhal,"01a02d5b-334c-79af-a3a4-623329e2698c"
"6ca05ef1-4853-4c86-8e4c-c1c9580dde87",Rio Azul,"01a02d5b-334c-79af-a3a5-a5684ec0e07a"
"277bd3a9-6ad0-4b5e-9102-bd2d02236444",Rio Bom,"01a02d5b-334c-79af-a3a6-a402d9f94988"
"7a12b5ba-8214-43de-99d8-0a04d82051cf",Rio Bonito do Iguaçu,"01a02d5b-334c-79af-a3a7-31579c673fd2"
a8ddcb66-ef14-4571-8276-795137eca529,Rio Branco do Ivaí,"01a02d5b-334c-79af-a3a8-21787553316c"
"33087bce-a998-4d98-bd39-f8a85e3400fb",Rio Branco do Sul,"01a02d5b-334c-79af-a3a9-0449ac62cf0a"
cc03d44b-e37e-4336-b9b1-692a3c6d7db6,Rio Negro,"01a02d5b-334d-79a0-8758-ceb61735abbf"
c127adad-78cc-42db-a08b-be9e3a1ed299,Rolândia,"01a02d5b-334d-79a0-8759-eb0a116c55f5"
"0fc8e567-80ce-4f59-a0ff-8b3fc24e4218",Roncador,"01a02d5b-334d-79a0-875a-d787b8daea47"
e13c941a-ecd2-464a-a975-93c383409692,Rondon,"01a02d5b-334d-79a0-875b-9389fb3b9a98"
e4afdf57-9e3f-4c3c-adf0-98063bbf4040,Rosário do Ivaí,"01a02d5b-334e-79be-9b23-b349b7634f62"
"15d72c8a-4c69-4b22-853e-43a07a3fedac",Sabáudia,"01a02d5b-334e-79be-9b24-d8f306a65de0"
"361e3d2e-1cb1-4a74-873c-e484e5689fe4",Salgado Filho,"01a02d5b-334e-79be-9b25-ef556ccda739"
"2aae9cff-7b14-4b58-b416-25216a001a1b",Salto do Itararé,"01a02d5b-334e-79be-9b26-6bc26cda5ebe"
b4acaae2-91a7-4b40-8149-f334a4a893f2,Salto do Lontra,"01a02d5b-334f-79a1-94b6-4398b7fa1d74"
"6f01b91f-fd02-43ca-915f-4023d1c154a6",Santa Amélia,"01a02d5b-334f-79a1-94b7-2269050cae36"
"4e39f03d-3560-4f22-9460-85b06eb97420",Santa Cecília do Pavão,"01a02d5b-334f-79a1-94b8-8fe2ef18f603"
d934c457-c65f-4b68-ac0f-b3c3c12975d8,Santa Cruz de Monte Castelo,"01a02d5b-334f-79a1-94b9-b91e4b5a01e8"
d58a5147-b8c4-48ed-8d6b-f3f3ba44f6ac,Santa Fé,"01a02d5b-3350-799f-a257-71b0bb70e4ff"
"4ef9bd65-239a-4048-8bbe-05b344153cd3",Santa Helena,"01a02d5b-3350-799f-a258-c155cf11d4b9"
"606930c3-b9d0-40d7-84d3-d4277e8e4b19",Santa Inês,"01a02d5b-3350-799f-a259-f0574cfaea9d"
"4c185039-87e8-4b81-b58e-e8971949e5f6",Santa Isabel do Ivaí,"01a02d5b-3350-799f-a25a-a724a10aa592"
"2dfaf3df-8474-4e2f-a2b1-e2e0b95c487c",Santa Izabel do Oeste,"01a02d5b-3351-79a3-ad3f-58868a7be625"
a0e78287-e8b7-4684-8ca4-2bad4117d3b0,Santa Lúcia,"01a02d5b-3351-79a3-ad40-1234b682d043"
"3c07c79e-678b-4bff-83b5-3e6e4fd9ce77",Santa Maria do Oeste,"01a02d5b-3351-79a3-ad41-e982a6a1ff4f"
"9d76c226-3b29-4a02-beff-88c150385fce",Santa Mariana,"01a02d5b-3351-79a3-ad42-a491cfd3bd4d"
d418b349-368d-43c3-b49a-c57d56a194b9,Santa Mônica,"01a02d5b-3352-79b4-af29-ea347b32abd6"
"5fb808f9-de31-484e-b84d-355218ac4b8a",Santana do Itararé,"01a02d5b-3774-7201-acde-5e9019178635"
c9c652a2-e017-4145-ac44-43d04f73f6cf,Santa Tereza do Oeste,"01a02d5b-3770-7297-b329-eb0bebdbc517"
"0450c4f7-35f8-4aec-b1ee-93ae98e29a24",Santa Terezinha de Itaipu,"01a02d5b-3773-7838-ae97-1799038e3a7e"
bd8b2fe3-a47e-4100-a585-4e548e55d79b,Santo Antônio da Platina,"01a02d5b-3774-7ace-acdf-0c73477190ac"
bf3b0ffc-8cc6-4540-bb08-5463672e2fc2,Santo Antônio do Caiuá,"01a02d5b-3774-7ace-ace0-3bee9e314af5"
e933a7ed-bdd7-432c-a22e-16cd550a58bc,Santo Antônio do Paraíso,"01a02d5b-3774-7ace-ace1-40030f9501c5"
bf3e230f-9094-457f-8958-6eeb6023dacc,Santo Antônio do Sudoeste,"01a02d5b-3775-7365-9184-9d05491ce056"
"6db66218-c46f-46c6-aa3c-89bec34fa3ab",Santo Inácio,"01a02d5b-3775-7365-9185-cdf7af241385"
f4149998-0609-4da5-9df3-dce477df5287,São Carlos do Ivaí,"01a02d5b-3775-7c51-9186-3e12de61867c"
"423c7932-8898-4287-a92a-7bfd55d5ee80",São Jerônimo da Serra,"01a02d5b-3775-7c51-9187-3ad8098ce47a"
"21f28e16-5160-4aa2-b8d2-49b1e1c37921",São João,"01a02d5b-3776-7516-b96b-29242afd23f5"
"7ce37bc7-f518-4b29-861f-679252484335",São João do Caiuá,"01a02d5b-3776-7516-b96c-f5297e2d90fc"
"381f829c-e766-4c60-8f93-3dd3bc462124",São João do Ivaí,"01a02d5b-3776-7da4-b96d-af14be2b1496"
d82f4b47-7c1a-400d-b5f8-fac979dbeb40,São João do Triunfo,"01a02d5b-3776-7da4-b96e-f2b56959eb10"
d0a66f4c-579a-4239-9004-ca736a382ec6,São Jorge D'Oeste,"01a02d5b-3777-768e-8a1d-699632ac191c"
ed169a3e-6b4a-482c-bf5f-396f934d3e30,São Jorge do Ivaí,"01a02d5b-3776-7da4-b96f-6302de0b850e"
c087245c-863c-46db-a314-cb20d2e9ef4b,São Jorge do Patrocínio,"01a02d5b-3777-768e-8a1c-8302a3dd918e"
"55bd1d44-37a6-416e-8628-3d4ae1eaee86",São José da Boa Vista,"01a02d5b-3777-7f34-8a1e-dddd18877287"
"52a65514-a416-4ad8-a7a6-c8d6744e609c",São José das Palmeiras,"01a02d5b-3777-7f34-8a1f-08b2a2d2edd9"
"629ecc8a-9248-4b94-977a-366100aba5f3",São José dos Pinhais,"01a02d5b-3778-77d7-be40-e91ee3dd7b9e"
"71b8eb39-1937-450f-ae00-4f684a019a28",São Manoel do Paraná,"01a02d5b-3778-77d7-be41-9a4493fdc344"
e6da51cd-b23c-4e64-98bf-a8a45e774339,São Mateus do Sul,"01a02d5b-3779-7078-bf91-3e95917452ae"
c847f540-a7e5-4f0f-93dd-a9cc8c994af6,São Miguel do Iguaçu,"01a02d5b-3779-7078-bf92-f3a1008538d3"
bf46d60b-f142-48f6-9469-2dbf3b88199d,São Pedro do Iguaçu,"01a02d5b-3779-78fc-bf93-8702e1efacec"
b68ffd8d-8a4f-4e2c-847f-c23a282258ee,São Pedro do Ivaí,"01a02d5b-3779-78fc-bf94-878e40528b7f"
"85dcbf23-2c8f-4a3e-b41a-3f2372387d65",São Pedro do Paraná,"01a02d5b-3779-78fc-bf95-f5c593c2b962"
b751ab69-531c-49f2-bc5a-a0a75184e862,São Sebastião da Amoreira,"01a02d5b-377a-71e0-a294-f42575b338d4"
"2750401a-c5b3-4431-98a2-4c19cee68a57",São Tomé,"01a02d5b-377a-71e0-a295-9cedebd36dbd"
"3eb5415a-43a8-4ab6-a636-3b356b83269d",Sapopema,"01a02d5b-377a-71e0-a296-07a847ca50b4"
"1bd11d6d-c24a-4b3a-a8a8-6a496d783217",Sarandi,"01a02d5b-377a-7a75-a297-31cc5ab613b0"
"20dd9c78-f98f-4fd1-bd4e-71cf2b003ba7",Saudade do Iguaçu,"01a02d5b-377a-7a75-a298-ce049b12dae5"
"2c6446e9-1b31-4192-a157-6366321f36b6",Sengés,"01a02d5b-377b-7304-972f-1643a1e34c91"
"6618e1f3-5544-4dde-b868-cc82b9f73991",Serranópolis do Iguaçu,"01a02d5b-377b-7304-9730-1f3b511c6bc7"
"30379433-c9d8-4810-9a12-38afdf883c53",Sertaneja,"01a02d5b-377b-7bd4-9731-af90a92991b6"
"3dc89137-ef38-4834-bd42-8c5be4d38264",Sertanópolis,"01a02d5b-377b-7bd4-9732-d6fb58c6043a"
"1c7e28aa-6880-4463-91b5-b5e5213b687c",Siqueira Campos,"01a02d5b-377b-7bd4-9733-4d48db677cff"
"73cc7b9c-4c1a-4919-9580-c526bb0cccb7",Sulina,"01a02d5b-377c-749c-8b62-9fba02b88f66"
"5e88e7a2-c659-4988-9ff4-bac766c93f06",Tamarana,"01a02d5b-377c-749c-8b63-a301292869d3"
"8f995a57-6a3c-4a99-b7e1-a5bca2b9a040",Tamboara,"01a02d5b-377c-749c-8b64-4d69c0d862d3"
"34c97fda-5b54-482b-9c2c-0d2816cd6de3",Tapejara,"01a02d5b-377c-7d53-8b65-62225ed3a399"
"6a62520f-5ac8-43f1-bb71-d65954d19aa5",Tapira,"01a02d5b-377c-7d53-8b66-6a3b08844140"
dab98b24-9aed-4da1-970d-dfb1802e06e5,Teixeira Soares,"01a02d5b-377c-7d53-8b67-4186ae9d9adf"
bc295f43-275e-4519-b730-78e434ac5fd8,Telêmaco Borba,"01a02d5b-377d-764f-b2d9-6a0d88932092"
"96d37f2b-abdc-41a5-bbb8-e8da3ec53c55",Terra Boa,"01a02d5b-377d-764f-b2da-35ee5ff8e9a4"
f7286d45-754c-45e8-a744-01a6ec67f210,Terra Rica,"01a02d5b-377d-764f-b2db-49feee2dc56d"
"2272d3f8-6a48-4e56-97ee-9c61062bfa96",Terra Roxa,"01a02d5b-377d-764f-b2dc-46549ae0450c"
"0b847062-0157-4abc-9a10-9730436e32ee",Tibagi,"01a02d5b-377d-7ef2-b2dd-01c6c2fb42d5"
cc8e5d07-2267-4350-9426-87fb94b818da,Tijucas do Sul,"01a02d5b-377d-7ef2-b2de-1d949d79ee96"
"49a67cd6-2739-4b60-9392-e8be86b472a5",Toledo,"01a02d5b-377d-7ef2-b2df-d35abf4eeefb"
"2668e2a2-6a33-4fe0-8559-d5787bbd93cb",Tomazina,"01a02d5b-377e-77eb-bc2e-312cf9d9ac77"
"3c3e8201-5ac6-4831-8617-1e7ee30a70e9",Três Barras do Paraná,"01a02d5b-377e-77eb-bc2f-5c4503541b84"
ff842108-66b9-4039-98d6-cd515724ecf5,Tunas do Paraná,"01a02d5b-377e-77eb-bc30-da0b4247f117"
ecaafaee-8ca0-485f-8af9-654e4710ad4a,Tuneiras do Oeste,"01a02d5b-377e-77eb-bc31-df4e420415d9"
bc5cd7b7-3831-4efb-a35a-26553aa6b508,Tupãssi,"01a02d5b-377e-77eb-bc32-34bda9b56523"
"82cdebd4-535d-4d73-92f3-df40e8cda1e4",Turvo,"01a02d5b-377f-708a-aac6-bed985a10957"
d70843ea-8e51-4e1d-885d-6bc0864ae3bb,Ubiratã,"01a02d5b-377f-708a-aac7-37a13193e3a7"
"77ddf227-1fe9-411c-b10c-a16e90315b94",Umuarama,"01a02d5b-377f-708a-aac8-d5e58a32dd53"
ef1ebcbe-5b53-4a3d-adb1-9277240710fe,União da Vitória,"01a02d5b-377f-708a-aac9-3304b038d5bd"
"14890e5d-853b-490f-ad11-5f51db96f001",Uniflor,"01a02d5b-377f-708a-aaca-24ae8b43df9c"
ebd14436-66a1-4cce-af8f-329bb8567989,Uraí,"01a02d5b-377f-7936-aacb-261df2adbbe6"
f45e5de3-dda9-4ed5-b722-f7f8d9c232d7,Ventania,"01a02d5b-377f-7936-aacc-911ebfa05bc5"
a3ed1f2f-c344-4520-9f3e-9dc779951512,Vera Cruz do Oeste,"01a02d5b-377f-7936-aacd-07539c11a30c"
"109cce5c-3b51-4a24-b207-48602909c161",Verê,"01a02d5b-377f-7936-aace-23e4e2b10c52"
"64cede58-cdad-432b-80f9-be9eec453792",Virmond,"01a02d5b-377f-7936-aacf-87498196c75f"
fb2ca5ab-06f6-4479-9bd1-ec6bdc66a49f,Vitorino,"01a02d5b-3780-71cc-8ea0-762bcb8135b9"
"66d977a4-4fbb-440a-b958-c585656be017",Wenceslau Braz,"01a02d5b-3780-71cc-8ea1-4a0e3d04760c"
"39529d1e-9e0c-4fb2-8ce4-591fb97ebf4d",Xambrê,"01a02d5b-3780-71cc-8ea2-1671d59539e3"
"65c5903d-6afa-46d5-99ca-61c334a5e8b4",Angra dos Reis,"01a02d5b-0a06-7960-9883-928b568a8b7d"
"2eaa3326-9519-458e-aeeb-5005b15fde7a",Aperibé,"01a02d5b-0a09-75f0-bfb5-54f7723eec84"
"5a812a02-bbe7-4473-9618-a72b2e69e348",Araruama,"01a02d5b-0a09-7ed0-bfb6-98b8ff54fb8b"
c77442c8-276c-4903-afb3-0f0ca87436e4,Areal,"01a02d5b-0a09-7ed0-bfb7-8b2df717cf16"
"3b33d3da-e3b7-4148-9d8e-1524a2d83194",Armação dos Búzios,"01a02d5b-0a09-7ed0-bfb8-fe3f49719a12"
"617b6331-badc-409c-8428-2e445f585239",Arraial do Cabo,"01a02d5b-0a09-7ed0-bfb9-a21ad04a9c34"
a8c74e4a-8476-428c-b35a-2ff9a0fcd3b0,Barra do Piraí,"01a02d5b-0a0a-7f0d-b430-cd3c4dcbdb6b"
d4ade852-7b40-49bd-a8a8-8ad295942c92,Barra Mansa,"01a02d5b-0a0a-7f0d-b431-0a00a535f6d4"
"9415e19d-08f0-44e7-89fe-f5670de15b39",Belford Roxo,"01a02d5b-0a0a-7f0d-b432-9e5b91cbe665"
adf81620-43b2-45d9-a6a8-cdbc0fa8799f,Bom Jardim,"01a02d5b-0a0a-7f0d-b433-2d6a15ffd0b7"
"12755c94-a815-42ec-ae0f-ed1b4e103d08",Bom Jesus do Itabapoana,"01a02d5b-0a0a-7f0d-b434-63541893a6f9"
"07743a00-96d3-40bd-b4ba-eb707379b833",Cabo Frio,"01a02d5b-0a0b-7efa-ab66-489767287633"
"1d22db8f-7ec0-4834-b841-8ce6a2efed27",Cachoeiras de Macacu,"01a02d5b-0a0b-7efa-ab67-e044d19726eb"
"8b37b6bd-0db7-4a92-ac96-e1f3ad3f8c35",Cambuci,"01a02d5b-0a0b-7efa-ab68-edf6ff63599e"
"70a492cb-f57b-4e43-b0dd-93ef4cc13855",Campos dos Goytacazes,"01a02d5b-0a0b-7efa-ab69-f4fc6d51c1e6"
"4c0f244e-c4c1-43a3-8a48-f24e60a1ef45",Cantagalo,"01a02d5b-0a0b-7efa-ab6a-9807f6164c05"
"1cd406a9-f3b1-4fd8-ab18-401ac2786bc4",Carapebus,"01a02d5b-0a0c-7f19-9777-0329610b0945"
cf1b6d9c-5a63-4d67-a8ba-a72ec23175cf,Cardoso Moreira,"01a02d5b-0a0c-7f19-9778-2b851297a882"
ff8910c7-5730-45d4-bba7-4ad00ac3e67f,Carmo,"01a02d5b-0a0c-7f19-9779-22c76836e7eb"
a053b518-10fd-4727-9b1d-f784e976b8cb,Casimiro de Abreu,"01a02d5b-0a0c-7f19-977a-c2f99fd4fb9a"
"948277cf-49f8-4e71-8fde-5b7ae8c1792d",Comendador Levy Gasparian,"01a02d5b-0a0d-7f36-be66-3dd6ae70886e"
d8577383-4648-4ed9-8825-e590b8d824fc,Conceição de Macabu,"01a02d5b-0a0d-7f36-be67-1eda2f1fcbe2"
"53474fa8-7e92-4570-ab0a-2f7b418f65f7",Cordeiro,"01a02d5b-0a0d-7f36-be68-2c92c6d20545"
fc35598f-b534-4075-8c1c-5503b34dca6d,Duas Barras,"01a02d5b-0a0d-7f36-be69-5919a915d4ef"
"9ee94199-b4fe-4d73-b208-5526170d69b4",Duque de Caxias,"01a02d5b-0a0e-7efd-a9c6-e89435a1ec14"
"3ded79c7-d81a-444e-b7a3-51e02379508e",Engenheiro Paulo de Frontin,"01a02d5b-0a0e-7efd-a9c7-301bf1c9361f"
"819dfe1c-023a-4d2a-b8b5-1ef3b8625105",Guapimirim,"01a02d5b-0a0e-7efd-a9c8-8322b541062d"
"37a2726f-cbec-4fa6-821b-2ef48ef6fe90",Iguaba Grande,"01a02d5b-0a0e-7efd-a9c9-10882a9b78ad"
cb36efeb-eb85-4723-abab-d2a1fea1481f,Itaboraí,"01a02d5b-0a0e-7efd-a9ca-6070e6adb80d"
a2db3ba5-6a98-4ffb-992a-67a919356e84,Itaguaí,"01a02d5b-0a0f-7eef-aa19-3eda0cc54783"
efb5f637-ba57-4f80-bc37-68e4ec598592,Italva,"01a02d5b-0a0f-7eef-aa1a-db5e087f5438"
"9c983e50-a004-4ce1-ba79-77061f08ca80",Itaocara,"01a02d5b-0a0f-7eef-aa1b-8f8c0dc47ece"
b38c9785-c957-4e13-af63-04be491b26a3,Itaperuna,"01a02d5b-0a0f-7eef-aa1c-f59b6722fabd"
b93616ff-38dd-4aae-a0a5-ac195c9bec7f,Itatiaia,"01a02d5b-0a10-7eef-a085-aae6ce2c0f81"
"2701cef7-41f6-4152-b60a-279035d2e03d",Japeri,"01a02d5b-0a10-7eef-a086-14d3f1958063"
"01ebbcd8-d478-401b-99bf-35f293a48262",Laje do Muriaé,"01a02d5b-0a10-7eef-a087-c2a9edb69717"
"70225407-a725-40da-ba1c-038a0a1e219b",Macaé,"01a02d5b-0a10-7eef-a088-0e4f8a80413c"
"1a863d43-4577-4578-b718-2d780f038694",Macuco,"01a02d5b-0a11-7eef-9585-adb84461dd38"
"1c2e7aa4-510c-4532-81d7-748b4c87e52e",Magé,"01a02d5b-0a11-7eef-9586-55a8944db785"
"613d2a42-10ed-4301-ba49-0a9295447af1",Mangaratiba,"01a02d5b-0a11-7eef-9587-e03c9a7677de"
e705799b-d0e4-4a72-92d4-a061b7d7008f,Maricá,"01a02d5b-0a11-7eef-9588-2594ee4e1d97"
"29d33ebb-2e49-4771-99f3-6a66d7da4e01",Mendes,"01a02d5b-0a11-7eef-9589-d632e31f2d1b"
"2d49aebf-16b0-4ea6-af94-a5959566da67",Mesquita,"01a02d5b-0a12-7eed-9bac-e916810500c0"
"227d2a67-8560-4326-a363-80a981cf8c75",Miguel Pereira,"01a02d5b-0a12-7eed-9bad-4fcae44e5ce6"
a4c95709-86a1-4237-a24a-9f2e75679b84,Miracema,"01a02d5b-0a12-7eed-9bae-81fdbc4fee1f"
"40d4c5e4-5bef-4bf5-a920-67556ccf0db5",Natividade,"01a02d5b-0a12-7eed-9baf-71f92dcd67da"
"33ba9a29-7fcb-4698-9e19-9fa5dbee1d25",Nilópolis,"01a02d5b-0a13-7ef0-80ed-17b127fbfbde"
"10e336fd-2a35-4086-b9f7-76df8ba44766",Niterói,"01a02d5b-0a13-7ef0-80ee-222984bdcbc0"
"8139d541-eba5-4454-a2b2-577ee64171cc",Nova Friburgo,"01a02d5b-0a13-7ef0-80ef-f158ac260d14"
"816d63be-8c4b-4a8f-b910-dc132bac9a9c",Nova Iguaçu,"01a02d5b-0a13-7ef0-80f0-d5fe5679e2d3"
"965f894e-d0bd-4c9d-a876-e14935ca67c1",Paracambi,"01a02d5b-0a14-7efe-9bc1-25e8bb9a1cd6"
"0683c236-e495-4411-ada3-c198207c18c2",Paraíba do Sul,"01a02d5b-0a14-7efe-9bc2-463ec2d0a772"
"6aabb09c-e21e-4780-b3ea-f52196b099cb",Paraty,"01a02d5b-0a14-7efe-9bc3-109c4a77a94f"
b73510d7-65ff-49b3-b98c-83a82ac2697a,Paty do Alferes,"01a02d5b-0a14-7efe-9bc4-316ad47b33e0"
"5c1630d1-051a-4358-96f6-69d4142560d9",Petrópolis,"01a02d5b-0a15-7eed-8ed3-3dfaba410ef3"
"717bac32-3915-4351-aa30-dbd660ef1b63",Pinheiral,"01a02d5b-0a15-7eed-8ed4-0986d077e11d"
"762ad5a7-71af-4f50-becd-00dd26d3b4c1",Piraí,"01a02d5b-0a15-7eed-8ed5-8fd2a0d25933"
"62fa1976-01e1-42b6-bd3e-9634746e5c25",Porciúncula,"01a02d5b-0a15-7eed-8ed6-71f36d6e3c9d"
b0e58c00-5735-4e80-910b-6ac7ef6b0a9c,Porto Real,"01a02d5b-0a15-7eed-8ed7-59c569ef36a7"
"7ada43e0-1959-4900-ac98-6217f09109ba",Quatis,"01a02d5b-0a16-7eef-969a-ede1ab8f3caf"
"99131c51-d19e-428c-88ad-b0c94a23dcb6",Queimados,"01a02d5b-0a16-7eef-969b-fc6c8d6d4c6f"
"8ee12251-4765-4df9-8102-a3bcbaa1272b",Quissamã,"01a02d5b-0a16-7eef-969c-83e0468bd7b9"
"3af164a3-8175-44f0-8876-9dcaebe9d652",Resende,"01a02d5b-0a16-7eef-969d-2e376cc91517"
"6fe2df83-563b-416c-9ea6-d9d80a89cbde",Rio Bonito,"01a02d5b-0a17-7efd-9a94-5da0291739cc"
"6589ac2a-1796-4002-b709-1c4e131a43f7",Rio Claro,"01a02d5b-0a17-7efd-9a95-c37b4e54540d"
c0ad1067-22b1-45cd-8db1-3ad3ba202372,Rio das Flores,"01a02d5b-0a17-7efd-9a96-a3b77f232367"
"9edf2078-c41f-430c-8765-85de84568f41",Rio das Ostras,"01a02d5b-0a17-7efd-9a97-6a61c9779a4d"
ec1c8208-4226-41ae-9dce-76fcab2aef39,Rio de Janeiro,"01a02d5b-0e25-779d-80f4-a3780af7ff0f"
ec748325-61f2-4ef0-bda9-7d5345d4bae2,Santa Maria Madalena,"01a02d5b-0e29-710b-a6a3-95910b0052ad"
"72b210f8-ca5a-4ab5-b9b9-bc3a2efd54e6",Santo Antônio de Pádua,"01a02d5b-0e29-710b-a6a4-27212a0bf3d1"
"87db3377-6b0c-4693-8796-4ba114b7b23a",São Fidélis,"01a02d5b-0e29-7978-a6a5-5d004c20709f"
"7aa98c2f-8259-4301-8ccb-1d38f33e19e0",São Francisco de Itabapoana,"01a02d5b-0e29-7978-a6a6-3e50b4da4d28"
d19f39e9-0ab7-48c4-953b-a4fac75feee1,São Gonçalo,"01a02d5b-0e2a-7226-95ac-d3d556344c45"
"62fd6e78-86cc-4edc-b734-260117adcff3",São João da Barra,"01a02d5b-0e2a-7226-95ad-3860f231376a"
f6b9e125-b1fe-4b06-89c2-c90b72512d7c,São João de Meriti,"01a02d5b-0e2a-7aeb-95ae-c78dc8c274f4"
"81867346-dd28-4bbc-85b6-eb0e3cfb4e5d",São José de Ubá,"01a02d5b-0e2a-7aeb-95af-bbd73e41032d"
cbbbc38a-5ec6-411f-a930-73d8543c2bb5,São José do Vale do Rio Preto,"01a02d5b-0e2a-7aeb-95b0-6a7226e60031"
"33c2c8d6-a8ad-4d65-9610-d2692d21c534",São Pedro da Aldeia,"01a02d5b-0e2b-7355-a5f2-a37b55c28e0a"
e2c5b52b-5aaa-482a-b1d4-bdb70368038e,São Sebastião do Alto,"01a02d5b-0e2b-7355-a5f3-22ff2439cce5"
d227971d-08af-4b00-a50f-ff9c7c138450,Sapucaia,"01a02d5b-0e2b-7bbe-a5f4-699533514f30"
bf2bfce5-0edc-4f6b-8905-76f9bab8a1a7,Saquarema,"01a02d5b-0e2b-7bbe-a5f5-668355b3742f"
"77a56738-22c4-4a97-a707-d6ba40fe5786",Seropédica,"01a02d5b-0e2c-741a-868e-86873eb104dc"
"7fd35383-ab7f-48cf-97ff-4f8a30cc6b80",Silva Jardim,"01a02d5b-0e2c-741a-868f-7cf8978cc407"
"5efa411d-2368-49ce-8111-45f247791647",Sumidouro,"01a02d5b-0e2c-7cb4-8690-26ff51db4b8d"
"005db320-c54d-4e8b-99a1-a42b093850bd",Tanguá,"01a02d5b-0e2c-7cb4-8691-6fc31e4467e8"
e0ecd2ef-8ec5-4833-91e8-5b3ac51502a0,Teresópolis,"01a02d5b-0e2d-756f-8260-abb7209a134a"
f9688987-8e93-4b48-bcde-a27c733a635a,Trajano de Moraes,"01a02d5b-0e2d-756f-8261-151b4dee948d"
"7fffd523-8aa0-4d10-8b06-ae3d6e9a4b23",Três Rios,"01a02d5b-0e2d-756f-8262-37b5ba42971c"
"3201e607-8153-4b14-9010-c0501dcc6c7e",Valença,"01a02d5b-0e2d-7ddc-8263-5c43759b8c16"
ee13bfb0-9055-4d54-9704-348a57221752,Varre-Sai,"01a02d5b-0e2d-7ddc-8264-3210129f42cb"
"5abcafa8-bcf7-4216-842b-83ad01b8442c",Vassouras,"01a02d5b-0e2e-7654-8996-965bd72ebb7d"
"43f1ad72-ddfa-4411-885f-5abf8409224d",Volta Redonda,"01a02d5b-0e2e-7654-8997-24981eee6e64"
f9c241aa-37fa-4069-a3b1-48bef71899e1,Acari,"01a02d5a-b397-707a-ba50-0ad041d2c669"
"19835e91-070a-4ef5-987c-d1a9735ff989",Açu,"01a02d5a-b39a-7e0b-a27e-7861fa2f56ee"
"91b1bb04-d9ac-48b1-94fd-f20d74478544",Afonso Bezerra,"01a02d5a-b39b-76fb-b871-cf6779412727"
"05a8f1d2-85c4-44f0-b043-c0a9c4dcac7e",Água Nova,"01a02d5a-b39b-76fb-b872-2ee585cf22c5"
d9e9f532-5f64-42b0-ab50-a543a109f811,Alexandria,"01a02d5a-b39b-76fb-b873-5f061563fb29"
f6847aef-49f7-41df-9f0a-8bf71d79a8de,Almino Afonso,"01a02d5a-b39b-7fa6-b874-b28eb5f51be7"
"773206c2-8bff-4ad7-9834-ddd20f2e5e62",Alto do Rodrigues,"01a02d5a-b39b-7fa6-b875-dca6f2614c36"
c2b35f61-0b50-4dee-8c9c-98eebca9d92b,Angicos,"01a02d5a-b39c-7813-aeed-68ce0db67c2e"
f673c386-41ca-4db7-a081-edcb237d1af1,Antônio Martins,"01a02d5a-b39c-7813-aeee-86deef41f4c9"
"7e4769fd-7b0b-4576-825f-3da448312509",Apodi,"01a02d5a-b39c-7813-aeef-e5afe640ce8d"
"37deda91-f913-464a-9b2c-ce4a5cb39339",Areia Branca,"01a02d5a-b39c-7813-aef0-fb9f71cd0855"
ad299c0f-6565-442f-a5eb-733659b2786e,Baía Formosa,"01a02d5a-b39d-70c5-a74d-b28aa49b8356"
"133b1837-dbbd-4d93-bdc5-18aedd9cd1d5",Baraúna,"01a02d5a-b39d-70c5-a74e-690f4c2f73f6"
"76d2aebe-7109-43ff-a49a-f562bccb8082",Barcelona,"01a02d5a-b39d-7966-a74f-1f4a49104d5e"
a7e771a0-67c1-4523-a5a0-c4f34d367cd9,Bento Fernandes,"01a02d5a-b39d-7966-a750-7b824dccac90"
"526831b3-9d7d-4580-af51-3d0c46a9aec9",Boa Saúde,"01a02d5a-b3a6-7f67-b69f-5cbbdd6c7d81"
"98233167-1a99-4501-9f69-9777693c7cd2",Bodó,"01a02d5a-b39e-7204-9eff-4e0f9abcc8a8"
"704ad5e6-f2cb-4c7b-ae3a-f98d055e1411",Bom Jesus,"01a02d5a-b39e-7204-9f00-0cdb44158d61"
"947c176f-2514-47cd-9144-c74469ac362d",Brejinho,"01a02d5a-b39e-7204-9f01-c614148789cf"
"1214fc5d-95f7-4b72-a39b-c4a8749f6874",Caiçara do Norte,"01a02d5a-b39e-7aae-9f02-080d300704f1"
"4ee75daf-f2d3-426d-8b8f-cd0a587cbb37",Caiçara do Rio do Vento,"01a02d5a-b39e-7aae-9f03-0bea6095b0b1"
"468ef134-1bda-405f-a01e-5b2f744e8be9",Caicó,"01a02d5a-b39f-738a-b752-d49cd2f3d557"
fce5477e-2d99-4a81-8805-9219c7142a64,Campo Grande,"01a02d5a-b39f-738a-b753-e55df341bd55"
a719f74e-5930-4531-8d1e-30e5ed56c0b6,Campo Redondo,"01a02d5a-b39f-738a-b754-b8af2f81719c"
c466ef94-b171-4215-82a4-a31794c9bf79,Canguaretama,"01a02d5a-b39f-7c42-b755-1343cfa7cd8d"
"67a40387-b57e-4986-a143-84a3e272e95c",Caraúbas,"01a02d5a-b39f-7c42-b756-a32a533e1a7d"
"360dba2a-a6f6-4b55-95ea-fbbb8ee81062",Carnaúba dos Dantas,"01a02d5a-b3a0-7541-a063-58db26db7467"
afd068c0-2e14-4471-b29c-a58f6662db5c,Carnaubais,"01a02d5a-b3a0-7541-a064-de48761cb09e"
"8282d89b-01df-43ee-b9a5-8635dbdb69b0",Ceará-Mirim,"01a02d5a-b3a0-7de4-a065-85feb7396f62"
"902bcb8f-6e72-482e-bca0-07a5aa14205e",Cerro Corá,"01a02d5a-b3a0-7de4-a066-cee8efe30f2b"
d21f1664-6e20-40e0-9bcf-eb064b2916c1,Coronel Ezequiel,"01a02d5a-b3a0-7de4-a067-68591e9e9975"
e0947369-151e-415d-b8f1-45464fd5aa53,Coronel João Pessoa,"01a02d5a-b3a1-76c2-ba34-d44ecde3ce65"
"25a77cf6-d7ad-4420-9e86-5373e90e42b5",Cruzeta,"01a02d5a-b3a1-76c2-ba35-feac41578cef"
"46155a91-70d6-489c-a3e2-1a9cf30a4bf2",Currais Novos,"01a02d5a-b3a1-7f88-ba36-8d185880b32e"
"23caa99a-22bf-4c7f-ad8f-f610b682b99b",Doutor Severiano,"01a02d5a-b3a1-7f88-ba37-9299ac823843"
"0d77bda2-93c5-4f53-9536-4defe9872d66",Encanto,"01a02d5a-b3a1-7f88-ba38-851a6ceb9c63"
eb8711e2-61c2-45ae-8575-6a87ce4f7d41,Equador,"01a02d5a-b3a2-7864-963b-1d2542163459"
ac2529d7-b5c6-4c10-b440-5861c8064e03,Espírito Santo,"01a02d5a-b3a2-7864-963c-4d16da2dfc63"
b265fea3-cfd7-4f0d-8d44-dcd77770fd7f,Extremoz,"01a02d5a-b3a2-7864-963d-9928f5c88cf4"
b02721d9-f8dc-4ed6-8704-2184b4dbffdb,Felipe Guerra,"01a02d5a-b3a3-70b1-b123-b96f8b093f95"
"25367d33-903b-4711-99d1-50ba797b4d21",Fernando Pedroza,"01a02d5a-b3a3-70b1-b124-73057619eb4a"
c5a4c111-6fb3-4d02-82d4-c17e94ecfd66,Florânia,"01a02d5a-b3a3-7a25-b125-150dc2c1d10a"
"4596906c-75f5-4070-8bba-ae5b52fb2768",Francisco Dantas,"01a02d5a-b3a3-7a25-b126-104c18b0202a"
"40a2e11c-03e1-4215-9be7-422cc8645d22",Frutuoso Gomes,"01a02d5a-b3a3-7a25-b127-a8356a0cf47b"
f682d7ee-bf3b-41f4-8a3f-45e9605ffbc2,Galinhos,"01a02d5a-b3a4-7319-acb1-969f29a72a73"
fb0b95aa-74a8-4e4b-beb8-f26fb9db4cb0,Goianinha,"01a02d5a-b3a4-7319-acb2-1a990d113123"
"7f330909-80f8-4163-b497-dddfbbbca92c",Governador Dix-Sept Rosado,"01a02d5a-b3a4-7bde-acb3-9f1e3c3e4a84"
e8995ba5-4250-49eb-8e28-01d738006bd1,Grossos,"01a02d5a-b3a4-7bde-acb4-9780dc0a97f1"
"6273df15-1db5-4a0c-964a-a4fc05677a25",Guamaré,"01a02d5a-b3a5-74b7-b653-3ece573f844a"
"279cba2a-30c5-464a-8c5a-08e406d8d3d2",Ielmo Marinho,"01a02d5a-b3a5-74b7-b654-aa23475fa4fe"
"241c24eb-fefb-4a0a-bdbd-9dca87f9544d",Ipanguaçu,"01a02d5a-b3a5-74b7-b655-bc359dc0b5a8"
ab17d1af-0c6d-4609-af43-a4394290874c,Ipueira,"01a02d5a-b3a5-7dbd-b656-913ca9d01ad0"
"839cac99-e8e3-4bad-9562-2ce1524caec8",Itajá,"01a02d5a-b3a5-7dbd-b657-98a510adf936"
add59c49-e347-41c6-bfca-25140665d0d5,Itaú,"01a02d5a-b3a6-76bd-b69b-4e9aaafba71e"
"2af6f143-46b0-4ec5-a15a-63ecd050d483",Jaçanã,"01a02d5a-b3a6-76bd-b69c-9c027f7eca6a"
"73068bab-132b-4dac-8e12-cf89d85fad1d",Jandaíra,"01a02d5a-b3a6-76bd-b69d-d453a87bbe1d"
"04189f5b-9986-4095-8e4a-1bef3db4f331",Janduís,"01a02d5a-b3a6-7f67-b69e-913c66e9c612"
"490d3f91-1542-4412-9ca8-59b3361d2644",Japi,"01a02d5a-b3a7-7858-aacb-7568a1066674"
d1042ca2-6f4a-47e1-b285-f85ab84914da,Jardim de Angicos,"01a02d5a-b3a7-7858-aacc-fff1b69a76ed"
"73907dfe-c9f2-4dd6-a2f6-3ec18f30b41c",Jardim de Piranhas,"01a02d5a-b3a7-7858-aacd-db23b8161417"
ca713490-b430-44aa-98e0-cac6c154610f,Jardim do Seridó,"01a02d5a-b3a8-735a-a12a-f167534b1b29"
"0c4db0ae-fbe4-4f1c-8830-ab3c0435bc04",João Câmara,"01a02d5a-b3a8-735a-a12b-b64d9a7662fe"
e351a4e4-d903-43b7-b784-37cb39047b45,João Dias,"01a02d5a-b3a8-7c02-a12c-999d1fafa416"
"986e05e0-717c-4514-bc3a-9d2175685130",José da Penha,"01a02d5a-b3a8-7c02-a12d-473dbc90045c"
"580536a0-5996-472a-88b0-3cf324616fee",Jucurutu,"01a02d5a-b3a8-7c02-a12e-a833857ad19a"
"24a8f338-af6e-460d-8a9f-638613f79fcd",Jundiá,"01a02d5a-b80d-7699-ab66-7c379bb3d768"
c91e177c-b137-48a8-b303-77febc555e80,Lagoa D'Anta,"01a02d5a-b810-7d36-9a11-0c4f4b7e72d8"
"2830aebb-fffe-4c23-be02-ee59758009e5",Lagoa de Pedras,"01a02d5a-b811-75c2-a00c-a8564a902824"
"8135b7b1-5434-40c7-8ff3-a7e3bcd03957",Lagoa de Velhos,"01a02d5a-b811-75c2-a00d-de9e294eacce"
"719875ae-6b2f-48fa-bbb8-d3e5da4718d6",Lagoa Nova,"01a02d5a-b811-75c2-a00e-fbc292463715"
eb6bf971-e65c-4c02-90af-a1208b4ecc38,Lagoa Salgada,"01a02d5a-b811-7e79-a00f-f346bac60b98"
"737d669b-4099-4a6a-bd91-414d32521e37",Lajes,"01a02d5a-b811-7e79-a010-a516094f1066"
"2db40749-641f-4daf-8d36-2207a671eaad",Lajes Pintadas,"01a02d5a-b811-7e79-a011-5f1def79c7c4"
"25e5825d-0806-4d28-93f9-dbca10deeee4",Lucrécia,"01a02d5a-b811-7e79-a012-39cc47b7f66f"
"9ec0b6c8-726f-4973-8614-c272b7283979",Luís Gomes,"01a02d5a-b812-772f-aed4-229d9cf32d51"
"5dee3927-de6a-4eee-a5a1-b2a66d9012fd",Macaíba,"01a02d5a-b812-772f-aed5-d40ba2622d15"
f0d0d186-ecb8-4d03-bac9-b31623ad4d2b,Macau,"01a02d5a-b812-772f-aed6-678c1a3e1506"
"5a5f16d3-0711-4548-9679-948fca65d03e",Major Sales,"01a02d5a-b812-7fac-aed7-c51610911e41"
"86613495-b2ad-4c5a-b85f-9e91305c23fc",Marcelino Vieira,"01a02d5a-b812-7fac-aed8-556bcaffe623"
ed5b1c34-0c60-463f-82bb-3bc7b6a7f36d,Martins,"01a02d5a-b812-7fac-aed9-2678588261b0"
"8a46698b-17aa-480a-8eb3-238ae77b0b43",Maxaranguape,"01a02d5a-b813-782d-a8a3-b18ede4c93f5"
cc8cbc1a-3be6-4e64-803d-d6bad655953a,Messias Targino,"01a02d5a-b813-782d-a8a4-fcdc9283294e"
b9401104-80c7-4291-9592-e20f54482634,Montanhas,"01a02d5a-b813-782d-a8a5-f6631f152cd8"
"77069157-b485-47c2-8e5e-cb3c16f9b0a6",Monte Alegre,"01a02d5a-b814-7106-99e5-2196860900da"
af3f7f00-36ec-4d5b-828c-96dd6f1f6061,Monte das Gameleiras,"01a02d5a-b814-7106-99e6-c889264236f1"
"906243df-5175-499c-b2ad-7aaaf3b1ae1f",Mossoró,"01a02d5a-b814-79b0-99e7-1e583a97962d"
bf447cbb-b093-4ff8-974e-6188f4ed00e3,Natal,"01a02d5a-b814-79b0-99e8-b202a586de5a"
"19a53020-3a24-4de5-9f53-4fdc6192a7da",Nísia Floresta,"01a02d5a-b814-79b0-99e9-7417fdc3bb02"
"976a8a7f-0435-434d-b210-a18029c9bb9d",Nova Cruz,"01a02d5a-b815-7291-982b-b0e86dab9b0d"
"60c2d46d-f85f-426e-886f-0a7e5ba7d597",Olho-D'Água do Borges,"01a02d5a-b815-7291-982c-6565fd6e007a"
"6dec82e0-9258-4af2-b913-9b0c2ede40e0",Ouro Branco,"01a02d5a-b815-7b55-982d-2b8c6f4475d4"
acc58e4b-0f18-4acc-b435-806964dc1eb4,Paraná,"01a02d5a-b815-7b55-982e-74c1a4ac93f5"
dab9b492-97fc-4f01-af6a-6da61050ffa8,Paraú,"01a02d5a-b816-742a-ab7e-51edc50d0439"
"0f83638d-b827-4bfc-8fd6-dd7acaab8f2a",Parazinho,"01a02d5a-b816-742a-ab7f-45f887376097"
"94c290c0-5325-4ace-a0c9-0bf9a872290a",Parelhas,"01a02d5a-b816-7cb9-ab80-b7877b49f3ef"
da200b65-2f68-4a77-9359-24439eb38ed0,Parnamirim,"01a02d5a-b816-7cb9-ab81-6ea9e7e7345b"
fc0fa4df-70c8-40fa-9589-6abbbedb99c7,Passa e Fica,"01a02d5a-b816-7cb9-ab82-88c960cb6c37"
e4d7fa0f-e285-4198-b7c4-0fd25d3c66dc,Passagem,"01a02d5a-b817-74fc-9f04-4735aa5e83cf"
e58463f9-0fce-45fd-b34e-97e31a3b4e9f,Patu,"01a02d5a-b817-74fc-9f05-3f19527815a2"
"86271c09-78f8-4250-aade-02c34e0aa3e6",Pau dos Ferros,"01a02d5a-b817-7f08-9f06-8fb3c1388fa4"
"25c4b7af-dc3e-4cf5-b15f-0b1ea3adaf99",Pedra Grande,"01a02d5a-b817-7f08-9f07-a044e357746c"
e2a4139f-17a1-4426-b25b-a95b4aa93d1a,Pedra Preta,"01a02d5a-b818-77e2-881e-a247829186c3"
c6c57558-fd31-4f37-a4d3-d199389a1969,Pedro Avelino,"01a02d5a-b818-77e2-881f-c280f432b429"
a202e27f-3582-4c38-a619-7bba8daa2709,Pedro Velho,"01a02d5a-b819-709a-9d8d-c6b1cced04b3"
cc7e5921-11d6-4b7a-8197-e82ef75b2152,Pendências,"01a02d5a-b819-709a-9d8e-14d294fdc1a8"
"8ca89641-7970-48b4-94cb-04f19e1fe475",Pilões,"01a02d5a-b819-709a-9d8f-839b1d358d4d"
"2341dbe6-448d-43e8-bd8a-8c6c44858864",Poço Branco,"01a02d5a-b819-7956-9d90-c5dfb5176592"
"3ff5a0ba-8383-4461-9acc-30cb6ab0f0f8",Portalegre,"01a02d5a-b819-7956-9d91-98b87ba946ab"
"45ca86a7-4aba-4ebd-8dfe-a9a94b4a518c",Porto do Mangue,"01a02d5a-b81a-71f0-8a71-585e242a321c"
"8b7226fc-8d1e-4854-9424-ab9303004301",Pureza,"01a02d5a-b81a-71f0-8a72-95dbf56db50a"
"4f8b1539-fc7a-4c7c-b3be-c7965c82ca36",Rafael Fernandes,"01a02d5a-b81a-7ab6-8a73-fe6c2dec3c0e"
f5fd33c1-86d2-4880-a1a2-fa9d9faf2329,Rafael Godeiro,"01a02d5a-b81a-7ab6-8a74-af70441c839c"
be542d51-fba3-4846-8d85-628f1be7cbbb,Riacho da Cruz,"01a02d5a-b81a-7ab6-8a75-d1068b0eb79c"
a2fc4834-5f2d-42fa-b4a4-621c0bca14b6,Riacho de Santana,"01a02d5a-b81b-735e-87b8-513ee1b4e3c5"
"6871216d-9fd2-4347-a09d-04bd0da8381e",Riachuelo,"01a02d5a-b81b-735e-87b9-d959f7b7c9dd"
e6108d72-71fb-4bd8-907f-751915d542cc,Rio do Fogo,"01a02d5a-b81b-7bf5-87ba-4afe0fe2ee76"
"4ce16f94-d5c0-4a9c-9f17-296f8da59f1b",Rodolfo Fernandes,"01a02d5a-b81b-7bf5-87bb-e144f38b0e27"
b80f3f46-66e3-47c1-901b-9b78ee0f6c74,Ruy Barbosa,"01a02d5a-b81b-7bf5-87bc-8e0db74f7667"
"5f6f9627-2802-45ce-9998-65878dda374d",Santa Cruz,"01a02d5a-b81b-7bf5-87bd-aeae6e568b20"
ef19e7a9-2e62-4397-9f92-87b6e387ecd6,Santa Maria,"01a02d5a-b81c-7c1c-8279-36e13997ed08"
"30db1f18-56d5-435b-97ce-731273824e1e",Santana do Matos,"01a02d5a-b81c-7c1c-827a-57cf2bffd8d0"
e32feb15-8abb-4af2-8acb-2243b9328ee6,Santana do Seridó,"01a02d5a-b81c-7c1c-827b-a06da5699fac"
"27ed8530-afe8-4519-a282-fdce1bd236c1",Santo Antônio,"01a02d5a-b81c-7c1c-827c-f54798b51d9b"
"6cffbca1-980c-4b44-867e-f1f5bffc186c",São Bento do Norte,"01a02d5a-b81d-7c1a-a3e8-e2a450351232"
b1ec406c-a505-4b0f-97c7-b1e0dcf6aa1b,São Bento do Trairi,"01a02d5a-b81d-7c1a-a3e9-63936011295c"
"9bc15b4b-5c6b-4f1d-8176-1498ce149181",São Fernando,"01a02d5a-b81d-7c1a-a3ea-34489f3e9983"
"92743b6a-8248-4a2c-b7d6-98f585e0b49d",São Francisco do Oeste,"01a02d5a-b81d-7c1a-a3eb-f69961677a3a"
dbfb1e1a-8680-454d-ba6e-a062a440731c,São Gonçalo do Amarante,"01a02d5a-b81e-7c17-84b1-d24d97b76fbf"
"183837eb-9824-4b6e-bc7a-f17169bc7ffe",São João do Sabugi,"01a02d5a-b81e-7c17-84b2-673fbc7f9934"
"08aa3aa3-537e-4f8f-a7bf-3c4304bc9947",São José de Mipibu,"01a02d5a-b81e-7c17-84b3-270cd4ca47db"
"60fb240d-ebb6-4b61-adce-b9a47199632b",São José do Campestre,"01a02d5a-b822-78d1-a917-478463a29f56"
"7db3f9c7-2c94-4871-97c1-d0ddeff67d03",São José do Seridó,"01a02d5a-b822-78d1-a918-ec58021c59ee"
"6b3ea5b5-1eab-4714-a21d-95cf7111bfbc",São Miguel,"01a02d5a-b822-78d1-a919-6fadff56eb38"
caa45c7c-e007-45ff-8a34-52f5597a3eb3,São Miguel do Gostoso,"01a02d5a-b823-7210-909a-d55a7dd9500e"
a59738d2-ce8c-4b72-ae93-ce6d1ddcfde9,São Paulo do Potengi,"01a02d5a-b823-7210-909b-b1ac7eba4d87"
daaab097-6f00-4be7-b8f9-fd651c28ad91,São Pedro,"01a02d5a-b823-7210-909c-9673c62c8d2f"
"63e92e20-d187-4c6c-beb4-a9bd04a4ac76",São Rafael,"01a02d5a-b823-7ad9-909d-18572058ee89"
c1c3d5c0-d32f-4461-9592-03862b1daf7e,São Tomé,"01a02d5a-b823-7ad9-909e-8f17e28110f8"
"5691c59d-fea4-461b-9679-0b8d709a438c",São Vicente,"01a02d5a-b823-7ad9-909f-9ee170acf6f7"
"9faabdc8-4e74-4a86-9813-cf8991ff293a",Senador Elói de Souza,"01a02d5a-b823-7ad9-90a0-83d1cd06664b"
c7722cd0-2653-49b2-8f0b-46763bdf86ea,Senador Georgino Avelino,"01a02d5a-b824-73d2-accb-f4245d022665"
c70e546d-8459-4208-a167-1bb179dc78ec,Serra Caiada,"01a02d5a-b824-73d2-accc-085bd31f8f8f"
"60805e9c-c41d-48e3-b4c6-9407e987339d",Serra de São Bento,"01a02d5a-b824-73d2-accd-0c6d2182d809"
e530f3eb-855e-490f-94e6-5414dac8cea2,Serra do Mel,"01a02d5a-b824-73d2-acce-596e4a73eb95"
e62240be-3498-4057-a3a0-0c1f7c922831,Serra Negra do Norte,"01a02d5a-b824-7c87-accf-c17a1ee31bdd"
"40acfec1-b41a-482d-8203-f499565fa5ae",Serrinha,"01a02d5a-b824-7c87-acd0-51cc4136126c"
"4d3d5208-1b92-4e59-af01-566567a6b9cc",Serrinha dos Pintos,"01a02d5a-b825-757a-85c2-e412c8736a15"
"2e6175be-68fe-42cf-95b1-cdbf3f3f72f5",Severiano Melo,"01a02d5a-b825-757a-85c3-865669622700"
"8980c341-3b48-4b4b-b0d9-de6ab3d4d471",Sítio Novo,"01a02d5a-b825-757a-85c4-85288a877187"
"64a0db49-ede2-4f2f-8e73-d73b37ef8e92",Taboleiro Grande,"01a02d5a-b825-757a-85c5-ead6988d7d91"
"92d8f8e1-156e-439f-b37b-f5b7ab3b3e43",Taipu,"01a02d5a-b825-7e34-85c6-df49edb956dc"
d359cf52-dc78-42ad-afc4-dfd93c0e10b2,Tangará,"01a02d5a-b825-7e34-85c7-7086a396fa2b"
"0df0cfde-c71c-46d1-addf-02088c48d12a",Tenente Ananias,"01a02d5a-b825-7e34-85c8-bcaf5ed12736"
"8794e2cf-5b0c-4cbd-a211-ce049053b67b",Tenente Laurentino Cruz,"01a02d5a-b826-76eb-8fef-3c8b5e10a610"
d73f8a6a-6387-4cbd-b052-c367c804daa5,Tibau,"01a02d5a-b826-76eb-8ff0-59f5ed4b4b8c"
dd728a19-2aa7-46ff-934f-c0a64d5b253d,Tibau do Sul,"01a02d5a-b826-76eb-8ff1-2a898eb9e670"
"1adfcc52-4576-418d-9c41-c5d02e3c4950",Timbaúba dos Batistas,"01a02d5a-b827-7000-abd0-5f338d99fb02"
ed74abce-4ca3-4a05-aebb-7dc49fc2fb3c,Touros,"01a02d5a-b827-7000-abd1-72f90ca831b6"
ff7dcbd5-853a-4d86-a94f-cbfca11a7842,Triunfo Potiguar,"01a02d5a-b827-7000-abd2-9dc5cfda9b17"
d51b720a-4a55-4684-ad50-8213a8222ba3,Umarizal,"01a02d5a-b827-78a6-abd3-d94a23b386e1"
"2520e5d8-75ff-45bb-b105-ce6cfbeb433a",Upanema,"01a02d5a-b827-78a6-abd4-2fb3f3f9d5a2"
"62fe8591-2899-4ec9-99d2-03a2cf955acc",Várzea,"01a02d5a-b827-78a6-abd5-79e93c0fc74d"
ec8e4153-64ea-4d69-a268-1e2b4453c6fe,Venha-Ver,"01a02d5a-b828-7165-8b94-452a520356db"
"13142a98-78f6-4d5b-be22-1d988481cb6d",Vera Cruz,"01a02d5a-b828-7165-8b95-a640d63c0a3f"
"6e207407-d608-4c56-87af-f601ba7d048c",Viçosa,"01a02d5a-bc84-70de-bdb8-97ccb4fe5256"
"8de1f2b1-8f5c-418e-ab8b-6a66a4240a5c",Vila Flor,"01a02d5a-bc88-77fb-95e7-1df214115521"
"88342fa4-ea5e-445d-88c0-67a583d64dc1",Alta Floresta D'Oeste,"01a02d5a-8013-72fd-84bf-da7c61d75d51"
"54d75908-c5d7-4055-bc4d-28a858fd89fe",Alto Alegre dos Parecis,"01a02d5a-8016-79d4-981a-a738644cf854"
"9e0022f2-17a4-4a15-bdfc-6667cf0f4f1b",Alto Paraíso,"01a02d5a-8017-728f-ac99-0f79798e1ece"
"63060304-4dd3-4276-ab98-9f4d58f2d2b9",Alvorada D'Oeste,"01a02d5a-8017-7b16-ac9a-b940d25be358"
c6fb18ca-5933-4702-9e31-2ef6774f2fa7,Ariquemes,"01a02d5a-8017-7b16-ac9b-c839a7ba566e"
"87539bc1-c8be-439c-ab9f-b4b7d7979b68",Buritis,"01a02d5a-8018-73d3-818a-aebd4ab3411a"
ee21c775-34d0-401b-afa3-a5554bff16b9,Cabixi,"01a02d5a-8018-7ca5-818b-96a44859e5a9"
"6ef048a5-1e78-4e4a-a90c-11eadb81b0f6",Cacaulândia,"01a02d5a-8018-7ca5-818c-5101d0402e5a"
aadbb3cb-7a97-446d-8db2-b6d5da8f22d6,Cacoal,"01a02d5a-8019-75b1-89f2-6e1bb3a45332"
d4b08cd6-b202-428b-b3ed-2593f4b92106,Campo Novo de Rondônia,"01a02d5a-8019-7e2f-89f3-ef3f6c3d82cf"
"0ed7416a-0b6a-4a87-8e71-bc78826f81f8",Candeias do Jamari,"01a02d5a-8019-7e2f-89f4-0daa0041d906"
eb0f29bb-6daa-4044-8293-4c954dafa18f,Castanheiras,"01a02d5a-801a-76df-a821-c7b25540c3ae"
"78912c52-36a8-4916-b559-b42ff1f8ba6f",Cerejeiras,"01a02d5a-801a-7f5c-a822-b4a05238679f"
"6959f16b-0b31-4478-921b-31e8b5a0867b",Chupinguaia,"01a02d5a-801a-7f5c-a823-6a9fa585764d"
"6694514d-0a59-40b7-91ef-332e66d8e333",Colorado do Oeste,"01a02d5a-801b-77d6-8373-0512bba11553"
ed17cfc7-06d0-47f8-8bb4-e94f899f0335,Corumbiara,"01a02d5a-801c-7058-929f-ad1e5867d202"
c30a2690-7e8e-46a7-a2cd-88865e767278,Costa Marques,"01a02d5a-801c-7058-92a0-4c900f027418"
dcf5bdf2-44e9-4610-b0dd-85c22d0cfe0e,Cujubim,"01a02d5a-801c-7955-92a1-1841af3d1b90"
"13226e15-f2b2-44ca-b4f2-71d880217dbe",Espigão D'Oeste,"01a02d5a-801c-7955-92a2-51136ff29f7e"
"3b9cd722-c304-4e09-8d41-9b4b20f541f5",Governador Jorge Teixeira,"01a02d5a-801d-7195-a062-31c32272c120"
"2cb9accc-3f2a-461a-a54e-5abafd4d5ea0",Guajará-Mirim,"01a02d5a-801d-7a0a-a063-79f40d5a8fa1"
"436e7c19-52d5-461e-8e9e-2001a42fc1ce",Itapuã do Oeste,"01a02d5a-801d-7a0a-a064-b26f8b579645"
c37d57d1-9e5c-4baf-ab15-17741f1de326,Jaru,"01a02d5a-801e-728c-948c-28f8afe185e4"
"3f68c5f5-8bd4-4a40-ab63-e0ec063942d2",Ji-Paraná,"01a02d5a-801e-728c-948d-83114327efb1"
c76cd2f6-37b8-47e5-a98b-ec9b470f4bb9,Machadinho D'Oeste,"01a02d5a-801e-7b26-948e-e75b95e41c49"
"484e7330-8a65-47fd-89e2-951fedf65a9c",Ministro Andreazza,"01a02d5a-801f-73a6-a242-5b64430805d9"
b5d11717-6abb-4e1f-9d93-6da0195e5478,Mirante da Serra,"01a02d5a-801f-73a6-a243-78b8a0754061"
fd284c24-e4a1-4fa0-8ca6-8f0b89974c50,Monte Negro,"01a02d5a-801f-7c6c-a244-8ec114d81b19"
"305103df-af80-4ebc-acf4-10682667c57c",Nova Brasilândia D'Oeste,"01a02d5a-801f-7c6c-a245-fd8aa5057e28"
"11050f3c-97c1-4940-aada-732db7bb394b",Nova Mamoré,"01a02d5a-8020-7501-a13e-774d8ba9d37f"
"90a7a9e9-5181-40da-bea2-537c8e9db3ab",Nova União,"01a02d5a-8020-7d9e-a13f-2a064201c55f"
ff6266b6-e19d-4c26-9d57-33b89e0ade43,Novo Horizonte do Oeste,"01a02d5a-8024-74fa-aa90-0862cd15a154"
ce1ecff4-974e-4e91-9ba3-17eefeb9f56f,Ouro Preto do Oeste,"01a02d5a-8024-7fea-aa91-2a52bbaf8463"
"17d23a12-3b02-4098-9745-bdb1c6e43680",Parecis,"01a02d5a-8024-7fea-aa92-651566317e9a"
"7b07e3b0-de63-4659-93b3-f8e6356fb866",Pimenta Bueno,"01a02d5a-8024-7fea-aa93-dfcaf73dc4db"
"55bd1c9e-c045-477f-9a63-fb306b63eb8e",Pimenteiras do Oeste,"01a02d5a-8025-78e1-875d-79dceb26c13d"
e41c72c1-3a85-48d1-a0ed-baf6e1facc5f,Porto Velho,"01a02d5a-8025-78e1-875e-6f78b8547f1b"
b8967cd5-1f32-45b2-b726-0b6d165701b5,Presidente Médici,"01a02d5a-8026-71ac-bca4-07858b03c17c"
b7f70043-3eb8-48c5-915b-48b9541220f5,Primavera de Rondônia,"01a02d5a-8026-7a4e-bca5-1ecd92911d89"
"9be13ca2-b7ca-4203-8a44-5e56cc27f509",Rio Crespo,"01a02d5a-8026-7a4e-bca6-77fcb096b0a9"
ffcb2aef-3e18-4080-a9ed-415ec5428ddc,Rolim de Moura,"01a02d5a-899b-7c05-b32d-ad3823658238"
"523f0718-213a-49b7-b7c9-15718473f59c",Santa Luzia D'Oeste,"01a02d5a-899f-7dec-b1e4-2afa3405646e"
"1e3d0095-6cdb-4428-b682-146d14c982b1",São Felipe D'Oeste,"01a02d5a-89a0-76a4-9f73-0561494de763"
"3ff29d15-37ec-485c-85e3-7c80e18615af",São Francisco do Guaporé,"01a02d5a-89a0-7f99-9f74-4ec1aba45cdc"
"67fa2aaf-63ea-4aaf-8fa7-89295755d3b4",São Miguel do Guaporé,"01a02d5a-89a0-7f99-9f75-cfaadcaa6044"
"646fa073-59b9-4df2-8117-a6bb0c37c1bf",Seringueiras,"01a02d5a-89a0-7f99-9f76-b6a377c31f13"
"05a8c587-1ec3-4f23-a4ca-1440b425a125",Teixeirópolis,"01a02d5a-89a1-7865-a218-1f490bfcc587"
"2a8f685f-d4ec-49e3-9cf8-e8446e0eee60",Theobroma,"01a02d5a-89a1-7865-a219-1bb96537287f"
"00f9b903-5445-4bf8-bb3e-27223cfca0c7",Urupá,"01a02d5a-89a2-7138-b1f3-776316cc974b"
"70467dab-93d2-486d-99a2-2e9e5aac2563",Vale do Anari,"01a02d5a-89a2-7138-b1f4-fc3a81466bf9"
a05b8e07-9c7a-4873-a41e-454700150627,Vale do Paraíso,"01a02d5a-89a2-7138-b1f5-d62155ec3d92"
d2e5053e-12a5-4937-be1d-561787dde79f,Vilhena,"01a02d5a-89a2-7a3f-b1f6-35645d789add"
"53d60023-2f9b-405d-84f4-e40ea8dae721",Alto Alegre,"01a02d5a-89bf-7854-9b74-3ef3c5f2b0b2"
"6c04f6dd-992c-450c-9269-5d726198036e",Amajari,"01a02d5a-89c2-7be4-ba7e-250da473002f"
"52d99a8c-b151-45dd-8e7f-88e56a303202",Boa Vista,"01a02d5a-89c3-7433-82b8-a15ab67b4590"
"7e918025-ad55-43cc-b099-f2598e9042a2",Bonfim,"01a02d5a-89c3-7433-82b9-004b133eb598"
bc413a81-774f-4452-bb00-3460cacc8c11,Cantá,"01a02d5a-89c3-7433-82ba-69aa2d3d212d"
c8996024-eb57-4096-ac6e-697f73ff0ea5,Caracaraí,"01a02d5a-8dcb-7843-9d06-7b568cc98274"
df9bf4c1-9b72-41a1-8401-2a5486c8d187,Caroebe,"01a02d5a-8dce-74a8-bde9-0f043b9e759b"
ef423944-9d68-43c0-bd2f-9df6d7901954,Iracema,"01a02d5a-8dce-7d67-bdea-8648299315ce"
"3669fe49-061c-4f1c-bcce-a8b6cc74fd40",Mucajaí,"01a02d5a-8dce-7d67-bdeb-08294701d020"
"16c72f48-cb62-48f4-a3c5-a88e131e3980",Normandia,"01a02d5a-8dce-7d67-bdec-4595a0926316"
"0ec14971-0516-477e-92b6-a90764bac67b",Pacaraima,"01a02d5a-8dcf-7636-8748-66907b7e628b"
a063b9e6-4c89-49e2-9701-6555a4808de8,Rorainópolis,"01a02d5a-8dcf-7636-8749-820db95e9ff2"
"5923db20-2123-472c-a2a3-ff887075d3a7",São João da Baliza,"01a02d5a-8dcf-7ef5-874a-9b741cf5dd2d"
"74d22705-c5aa-433a-9069-11022c47df91",São Luiz,"01a02d5a-8dcf-7ef5-874b-eced276c0a87"
"8dff6034-c914-4711-a499-d7e0a56c36d6",Uiramutã,"01a02d5a-8dcf-7ef5-874c-ae36096007ac"
f93bb959-68c4-4c59-af7f-3a00c4e721dd,Aceguá,"01a02d5b-441a-7aa5-b5e0-b02cfbe2c3d2"
"288173c1-89ff-479a-97b7-12708206a716",Água Santa,"01a02d5b-441e-72f2-8b18-429dace61545"
cb4b7149-a013-4f6a-9fc4-e5655a05da66,Agudo,"01a02d5b-441e-7b98-8b19-d225179b2356"
e03e9198-f30a-4c7a-840d-6ca5b02b1154,Ajuricaba,"01a02d5b-441e-7b98-8b1a-10ccf1129ece"
"2a44ce04-ed7a-41c3-a26f-55a853a3f05b",Alegrete,"01a02d5b-441f-741b-bdbc-5a5d4af24395"
ceb55d40-01a2-4cf8-b4a6-f9f11fbd259a,Alegria,"01a02d5b-441f-7c88-bdbd-cd23823b27fe"
"67d7603a-eaf5-4889-8ce2-c9e82d5abfeb",Almirante Tamandaré do Sul,"01a02d5b-441f-7c88-bdbe-d9bfce64e37c"
"7abea2e2-0c41-431c-badb-0c988d2fd5e8",Alpestre,"01a02d5b-4420-74f3-a499-e656c086d74f"
faff1b49-4957-4b8a-b1c0-2d98087dba06,Alto Alegre,"01a02d5b-4420-74f3-a49a-f6b48cadbd86"
e40a4d81-fe2c-441f-b009-a9b5e60922fb,Alto Feliz,"01a02d5b-4420-74f3-a49b-82954abf772e"
f393b8fa-3610-4c98-b94d-123e37f7b8df,Alvorada,"01a02d5b-4420-7da7-a49c-4255a63318a5"
abaa80e1-77b8-4847-a20c-a6c747cca192,Amaral Ferrador,"01a02d5b-4420-7da7-a49d-0091f42edad8"
"26d7b546-1f0d-4900-a328-64d45019b0c2",Ametista do Sul,"01a02d5b-4421-760a-a34e-2bb255d2bd8d"
"7c7b7c82-c162-42f0-9fc2-27e1ef8ddc8b",André da Rocha,"01a02d5b-4421-760a-a34f-57e6ea4a691c"
"3fa55db5-1116-4075-9c7a-650e7db283b9",Anta Gorda,"01a02d5b-4421-7e72-a350-f00a6424559e"
eea1cb56-56ed-49f7-aa7f-05671a1d1478,Antônio Prado,"01a02d5b-4421-7e72-a351-c38a77f94ea0"
"67a6a558-af6a-49c5-90a9-df7d73668b0e",Arambaré,"01a02d5b-4421-7e72-a352-c462eb9e88df"
a68b59b4-19c1-4950-a74a-81ec0ecfc795,Araricá,"01a02d5b-4422-7717-9d1f-4cea28534119"
fe4da761-a72a-4856-9523-7121a1d83d80,Aratiba,"01a02d5b-4422-7717-9d20-8f34d1af6682"
fab3cc56-ef83-4c3a-89ea-8a694c9f13fa,Arroio do Meio,"01a02d5b-4422-7f78-9d21-a4b60a183df7"
c8160e6c-8366-4bec-88bb-da44a6b29bf4,Arroio do Padre,"01a02d5b-4422-7f78-9d22-5ed9f33a0723"
e9b34e0d-d93b-462d-b9ea-456de9dcdbca,Arroio do Sal,"01a02d5b-4423-7843-98fb-3597a84278fd"
"03941aef-68de-40c5-ad8f-9042b53b0efd",Arroio dos Ratos,"01a02d5b-4424-70b8-91ed-d6892dcdc689"
"1ac02856-e454-44a8-a472-46d2d824564a",Arroio do Tigre,"01a02d5b-4423-7843-98fc-e30d2aa83676"
a6de9b66-a39b-46e4-be56-cc570011b7f5,Arroio Grande,"01a02d5b-4424-70b8-91ee-c7110f4e777b"
"94785a5a-1ff2-48c3-9924-ded7e177baab",Arvorezinha,"01a02d5b-4424-70b8-91ef-5b505940b21e"
"79715b31-3c2f-4fa5-9684-4d5250939205",Augusto Pestana,"01a02d5b-4424-79cc-91f0-29c584ae94bc"
"57d27481-a946-441d-b4f7-8a9ce1ffcf5c",Áurea,"01a02d5b-4424-79cc-91f1-2dcb65a55397"
cfd06823-dd67-438c-a916-f0081c17c9d9,Bagé,"01a02d5b-4424-79cc-91f2-d12a329e25da"
"27d9061c-4b0e-41a3-a09c-04583b12cd16",Balneário Pinhal,"01a02d5b-4425-723c-af3e-e8bbbf5eefe5"
f12de0f6-84a5-4a66-92af-cf751623cb33,Barão,"01a02d5b-4425-723c-af3f-058360b9e721"
"092fe342-261b-4df2-8c0f-3097277cbd0d",Barão de Cotegipe,"01a02d5b-4425-7aa5-af40-69ce1366faa5"
"687738ac-5fea-4105-9a34-cffe2b108130",Barão do Triunfo,"01a02d5b-4425-7aa5-af41-3f23590ffcb9"
"8f8d2dfb-61de-4e26-8ceb-65e59bd28691",Barracão,"01a02d5b-484b-7f9f-bae6-ff38779b04df"
"89271ec4-ad9f-4c32-b1af-5f747b12bd95",Barra do Guarita,"01a02d5b-4426-73a7-a512-f8dcadfa1727"
"5c5f6269-f74c-497d-846a-066d3270d180",Barra do Quaraí,"01a02d5b-4426-73a7-a513-c01128eea100"
"8654e4f5-cd42-4c09-82b1-6d466c29e82d",Barra do Ribeiro,"01a02d5b-4426-73a7-a514-3074998db7ab"
b3469317-4c98-45e5-9ce6-a301140e1490,Barra do Rio Azul,"01a02d5b-4426-7c7c-a515-22983f785e42"
d18c3f49-f9e2-45d4-afb1-de6285f4c906,Barra Funda,"01a02d5b-4849-73fa-a97b-7d68f593f9fd"
b5ad37bc-c9a5-4e95-a939-8b38a06ba7e7,Barros Cassal,"01a02d5b-484c-79ce-a732-1c9dc689faa2"
c4d811f0-d2a5-44b7-bf66-32ba9496df1a,Benjamin Constant do Sul,"01a02d5b-484c-79ce-a733-e9eced2e2f4b"
"3900396c-3c77-46c1-b6ce-76dbe3fa9cf2",Bento Gonçalves,"01a02d5b-484c-79ce-a734-f42140b8b145"
"78efd9b7-2b98-43d4-aa27-e0f220f3053e",Boa Vista das Missões,"01a02d5b-484c-79ce-a735-f7e6dd2e1c02"
d4877bcf-2095-4fc5-a33d-1319f1873f15,Boa Vista do Buricá,"01a02d5b-484d-7293-ae5f-a19be1c6afa1"
"40530df5-0566-4921-aad4-038cd60dea68",Boa Vista do Cadeado,"01a02d5b-484d-7293-ae60-f9c6d4470810"
dd85b60d-a98c-40e0-829c-c32cf10f7c3f,Boa Vista do Incra,"01a02d5b-484d-7293-ae61-15608c2f05c9"
"17149f0b-0286-4b7e-a207-04eb56a3fa77",Boa Vista do Sul,"01a02d5b-484d-7293-ae62-a826d3276194"
e145bafa-7a21-47e3-907d-8d931d5945cd,Boca do Monte,"01a02d5b-554c-73ba-a873-f3a43858c71f"
"84d939be-99d3-4c79-8253-4353a01fc85b",Bom Jesus,"01a02d5b-484d-7b42-ae63-d95b53f68c5f"
ee87fd05-bbd4-4ec9-84f4-6284196fea92,Bom Princípio,"01a02d5b-484d-7b42-ae64-d5b39d0b86e9"
"8c1308e2-bb9d-417c-928d-d4c8ac5f2947",Bom Progresso,"01a02d5b-484d-7b42-ae65-2eb31073b434"
"8f074d4c-4fb9-4e53-935b-53f3e0fd0a56",Bom Retiro do Sul,"01a02d5b-484d-7b42-ae66-0420eb383545"
"33a7ff10-00a1-40b8-a165-af5bb277f8b4",Boqueirão do Leão,"01a02d5b-484e-73d8-b7ad-d259f24b5175"
fb5cd641-392d-48a3-9351-2cf48fc6948a,Bossoroca,"01a02d5b-484e-73d8-b7ae-b377ec9701c4"
"727a2663-ab2e-43d2-8e4c-488255b7876c",Bozano,"01a02d5b-484e-73d8-b7af-fc151dfe2577"
"17d40807-874b-4a72-aa45-917b4d81acaa",Braga,"01a02d5b-484e-73d8-b7b0-94f5c82af60e"
"53fa8e27-074b-45c9-983f-646637fa5680",Brochier,"01a02d5b-484e-73d8-b7b1-8884d3b95350"
df6481dc-4b97-4951-8a47-9796df47d2a8,Butiá,"01a02d5b-484e-7c6e-b7b2-5bf807a11930"
"9d652ec4-60b0-4ed2-84b6-d5b989095119",Caçapava do Sul,"01a02d5b-484e-7c6e-b7b3-3ba541258fa1"
"1c3f10e9-243d-4ee5-9eed-1a3eca26c06f",Cacequi,"01a02d5b-484e-7c6e-b7b4-651200ef6f05"
bfafb43b-9c56-45d8-bfe6-9c4bcd20a77d,Cachoeira do Sul,"01a02d5b-484e-7c6e-b7b5-210225e7fcc7"
d264ce11-7436-4a95-9538-4d9a80d5fd9d,Cachoeirinha,"01a02d5b-484f-7497-86b6-bd72598a1a97"
"1eac495c-e090-440a-82e9-030fefd4083e",Cacique Doble,"01a02d5b-484f-7497-86b7-fc23902e42a3"
"131e46d3-e04e-4692-b6c2-8e020b5cf570",Caibaté,"01a02d5b-484f-7497-86b8-7c3e5fb1de1f"
"1da8830b-ec65-4d24-8476-63861ed1824b",Caiçara,"01a02d5b-484f-7cd4-86b9-a96bd48bed9d"
f1b321a3-0f01-49a2-9373-1b84291d949f,Camaquã,"01a02d5b-484f-7cd4-86ba-1683c7701d9c"
b4c2a4d7-b54f-4fe0-a950-ff09901b984f,Camargo,"01a02d5b-484f-7cd4-86bb-efe0448d05e0"
"7561c545-086e-4d30-a8c1-e2dec792bf20",Cambará do Sul,"01a02d5b-484f-7cd4-86bc-4b91fc563df6"
"7d429d83-8481-4fe9-b5a6-512f05e6a9ed",Campestre da Serra,"01a02d5b-4850-758c-989f-54c533e98bb2"
"18e3fbe7-551c-48c7-ba68-0624bc5100c1",Campina das Missões,"01a02d5b-4850-758c-98a0-e101f96d7a87"
"054bb4a2-9970-4d76-824f-41190e76b613",Campinas do Sul,"01a02d5b-4850-7e7a-98a1-be95d1d5f4e8"
a15f0202-097b-4013-ac08-9e674b9347ca,Campo Bom,"01a02d5b-4850-7e7a-98a2-d904a6a76541"
"5f75d507-26ca-4a18-bfa4-4d6aee5ad9a9",Campo Novo,"01a02d5b-4851-7722-839d-4e9237c68cc3"
b8b7645d-cc30-430c-9dca-45b5a399ab9d,Campos Borges,"01a02d5b-4851-7722-839e-5745007f4da8"
"56844a9e-0e48-48dd-b842-5dca1dfe7371",Candelária,"01a02d5b-4851-7722-839f-e75e14a3055e"
ac1068c4-3dc4-4eb2-8e00-a84efffa7ebc,Cândido Godói,"01a02d5b-4851-7fd0-83a0-10ee22f1c31c"
"7fc8165f-caa1-40a4-b296-c0cdcbcadbd2",Candiota,"01a02d5b-4851-7fd0-83a1-5154eeafe0ae"
"9006b0ea-2ab7-43bd-9709-a3b00afa87b5",Canela,"01a02d5b-4852-7848-aa79-67ff14d4f6db"
ef9f9fab-9ae4-4011-90a1-b7a383f6a5ab,Canguçu,"01a02d5b-4852-7848-aa7a-7e0aea96381b"
"38456da4-b4e0-4873-b361-bbc06042a90c",Canoas,"01a02d5b-4853-70f9-99de-b056a314ee4e"
"0aa39a21-ad6e-49ab-b846-fb8f08970264",Canudos do Vale,"01a02d5b-4853-70f9-99df-db7c7e3601ad"
"7cd8f87c-539a-426e-8b7c-a7517d0457ec",Capão Bonito do Sul,"01a02d5b-4853-799c-99e0-48974bf5a562"
"3e5c164e-3c1f-40c6-911c-0f1c2e3c4025",Capão da Canoa,"01a02d5b-4853-799c-99e1-7a6eba95709d"
b45df51d-1934-440e-83a0-1a5f87a7d1b5,Capão do Cipó,"01a02d5b-4853-799c-99e2-915dc575339e"
a6f712c7-c73c-4080-a7dc-4218767e4d6e,Capão do Leão,"01a02d5b-4853-799c-99e3-6571791a2794"
"443a0034-5ca5-48ec-94a9-fc91679dc1ce",Capela de Santana,"01a02d5b-4854-724d-8906-a25e226212f2"
f0733863-faf1-453a-9861-370b7dcd7af7,Capitão,"01a02d5b-4854-724d-8907-742f5b78de91"
dbf6c238-cb8a-448a-a351-659303f6b099,Capivari do Sul,"01a02d5b-4854-724d-8908-4c9380a3d10b"
"05504503-c776-4a0c-b4ce-f08ac3bf13af",Caraá,"01a02d5b-4854-7ad3-8909-58c87e6888a0"
"8e36b38e-b7d0-4351-9921-d5de7db20161",Carazinho,"01a02d5b-4854-7ad3-890a-de91466650ed"
bf84ecaf-3074-4192-8104-11530833fcfd,Carlos Barbosa,"01a02d5b-4854-7ad3-890b-83aefbca1614"
da8c28c4-5b4e-4e51-b8a1-977647faee42,Carlos Gomes,"01a02d5b-4854-7ad3-890c-4a10212f7a30"
"60777c87-960c-4d60-9028-f9d452e2136d",Casca,"01a02d5b-4855-7388-bc52-15402ad28874"
ae8ad417-24cb-4e64-9975-12a5f5488b31,Caseiros,"01a02d5b-4855-7388-bc53-2aa40a60db13"
bfb8c09d-0949-485c-b230-02560bd5dcc9,Catuípe,"01a02d5b-4855-7388-bc54-7fbf6fb23620"
cb357801-1997-4995-a2a2-2f7728650201,Caxias do Sul,"01a02d5b-4855-7c01-bc55-f0608fec61d1"
"4fc83a53-9e84-498b-8ae6-5c0206d0eea0",Centenário,"01a02d5b-4855-7c01-bc56-8aedde9053c2"
"94b57826-35a2-4f4a-9358-6bd278c20a82",Cerrito,"01a02d5b-4855-7c01-bc57-829851cbc432"
d628c618-7e84-472e-915b-aa558d29f00a,Cerro Alegre Baixo (Santa Cruz do Sul),"01a02d5b-554b-7965-b249-335c60cdef30"
"6abdd0c9-1e8d-4f76-b8b3-938d48164c3e",Cerro Branco,"01a02d5b-4855-7c01-bc58-79e75d60e557"
"6e446081-688b-48c7-ad30-73de1877ec90",Cerro Grande,"01a02d5b-4855-7c01-bc59-3873574d5eae"
e782dfc5-9b2b-42d3-a385-753636941a3c,Cerro Grande do Sul,"01a02d5b-4855-7c01-bc5a-b0d15250e620"
"14e4cef3-6bf2-4498-aa1d-42f7038a89dd",Cerro Largo,"01a02d5b-4855-7c01-bc5b-2bcb19f8451f"
d8af10cc-5cca-47d3-af50-6ec0d0809954,Chapada,"01a02d5b-4856-7c2d-a085-2ef5559bf935"
e211389b-84bc-4bca-a6a6-4d4328b40f77,Charqueadas,"01a02d5b-4856-7c2d-a086-81984e7850f4"
"3ef904d0-6014-4acb-b655-1bb44dbb3a26",Charrua,"01a02d5b-4856-7c2d-a087-2d2ef3fd7484"
"198edc77-dfe2-4bfe-995b-c82ce17b972c",Chiapetta,"01a02d5b-4856-7c2d-a088-6aa9a1bbdce5"
"547c6ab7-7bc5-4136-922b-83e753ee43b3",Chuí,"01a02d5b-4856-7c2d-a089-ec82cda29092"
b99154fb-70c4-46d0-97e0-14e36744e3a0,Chuvisca,"01a02d5b-4856-7c2d-a08a-0cbc9f5afae5"
"8b255989-6448-4f4a-a2ad-8c6a54659019",Cidreira,"01a02d5b-4856-7c2d-a08b-9ef68fc936c7"
b2b55f45-2f20-4e57-9c41-1c4ba9b2c904,Ciríaco,"01a02d5b-4856-7c2d-a08c-7eaebccd0b41"
"202bd3c9-357b-4fd6-8b5e-57c193ae1b27",Colinas,"01a02d5b-4857-7c2a-85c3-9177aa5e8900"
"58bf7d87-96de-4eb2-861c-03fcd2a315e7",Colorado,"01a02d5b-4857-7c2a-85c4-b4c410432e07"
"94b1710e-bca1-4deb-bd67-f31b3a5f945a",Condor,"01a02d5b-4857-7c2a-85c5-88a51be98cfd"
ea16f29f-e6af-4024-ae45-347d76187354,Constantina,"01a02d5b-4857-7c2a-85c6-c49095ff0354"
"17cf72a2-2421-42bb-b05f-7ba4752df9b3",Coqueiro Baixo,"01a02d5b-4857-7c2a-85c7-73f6134164fd"
"8d8bd165-4d83-4e90-9b71-156f7bc2f5e9",Coqueiros do Sul,"01a02d5b-4857-7c2a-85c8-9437aaf9a46a"
f0bd395f-91a0-40fe-b15c-0679205ddd41,Coronel Barros,"01a02d5b-4857-7c2a-85c9-d7e87461d9ed"
ed0da5bb-daa7-4dc8-b1a7-89458223c146,Coronel Bicaco,"01a02d5b-4858-7c29-9186-0ed44edce449"
ec230228-c886-4011-8427-eddf6c6452c3,Coronel Pilar,"01a02d5b-4858-7c29-9187-96074d3a2946"
"71fed659-d16a-43f4-a3d2-9aef555b97b1",Cotiporã,"01a02d5b-4858-7c29-9188-b08cdf68ba4c"
"2eec95a5-3015-4bc8-9abd-beae788ca217",Coxilha,"01a02d5b-4858-7c29-9189-5d6a1d4977d9"
cf65072a-2896-429e-94ad-1c0c15147dca,Crissiumal,"01a02d5b-4858-7c29-918a-6f5816fd1826"
"6203b5d3-b63b-4bd2-9700-2fd7ef2dabac",Cristal,"01a02d5b-4859-7c40-8778-4869fb179d51"
c0509c5d-7d6c-44ce-b0eb-08a3cf95e773,Cristal do Sul,"01a02d5b-4859-7c40-8779-23f01119584e"
"862d4624-6275-490b-9588-dfed0e40de33",Cruz Alta,"01a02d5b-4859-7c40-877a-32566071f70e"
"2df57150-927a-49b2-a941-9cb568f33dac",Cruzaltense,"01a02d5b-4859-7c40-877b-6591a36938d6"
a53ca8b8-00a7-4611-b964-a3e434215050,Cruzeiro do Sul,"01a02d5b-485a-7c3d-82bf-fb3ecdbcf1c0"
d4d38426-f685-487f-8370-eb957bf17387,David Canabarro,"01a02d5b-485a-7c3d-82c0-8b5556400e49"
a19eef32-4805-4d96-9b0b-38162546e828,Derrubadas,"01a02d5b-485a-7c3d-82c1-3f2285625f05"
d9f73430-97e2-442c-a607-ad98f17f86c0,Dezesseis de Novembro,"01a02d5b-485a-7c3d-82c2-280d72955d4d"
"4ef70bc0-4ee3-4096-a122-71b54c56ed87",Dilermando de Aguiar,"01a02d5b-485b-7c3f-aa8b-4b06a96abb75"
c791c008-ac7b-44e1-adc3-148a53f22d67,Dois Irmãos,"01a02d5b-485b-7c3f-aa8c-794fd66f7b72"
"2f5edac3-0f65-43fa-93f7-323b069045f1",Dois Irmãos das Missões,"01a02d5b-485b-7c3f-aa8d-3fd995e0a57e"
"01758c77-156f-44c1-b9f9-b2fa96b93b33",Dois Lajeados,"01a02d5b-485b-7c3f-aa8e-47a1a5cf7e1b"
ebe54b50-9ec6-44fa-badb-16137d4d9303,Dom Feliciano,"01a02d5b-485c-7c49-b909-903e4587a047"
"55e9156b-c00c-4a48-9485-ad1316508c45",Dom Pedrito,"01a02d5b-485c-7c49-b90a-d4da533f4e53"
f62dcdf4-abfa-4b79-a35e-fd36e61d07ce,Dom Pedro de Alcântara,"01a02d5b-485c-7c49-b90b-5094496ca8bb"
"87b9c055-5791-45ca-ba23-491894a490d3",Dona Francisca,"01a02d5b-485c-7c49-b90c-a896eb56f5e7"
"987f2f89-c271-4092-b398-ae4790a9f07f",Doutor Maurício Cardoso,"01a02d5b-4c80-718d-a0b7-5e59f94711f4"
f01bb00b-be8e-4db2-bbe6-330aef2cfcb9,Doutor Ricardo,"01a02d5b-4c82-7dbd-b154-8c5a3c6cc4d4"
"953f3559-9a4c-4575-97b4-6e037575cb89",Eldorado do Sul,"01a02d5b-4c82-7dbd-b155-d0a1d43698d4"
"69a02e0a-5984-4f5e-9bd5-a1470b7984b8",Encantado,"01a02d5b-4c83-7651-9f5a-e23f035eebff"
fb6b582f-c83e-4435-83f9-beaa14eb5763,Encruzilhada do Sul,"01a02d5b-4c83-7651-9f5b-eccebd19dbbc"
b1592be9-a022-492c-bd7d-db6474780b5f,Engenho Velho,"01a02d5b-4c83-7651-9f5c-21ede15ab287"
"8620591e-a0a2-4f5d-aca7-e245cacb1109",Entre-Ijuís,"01a02d5b-4c83-7f0b-9f5e-0c3d3fd6c920"
e7aabcc8-4dd2-4960-bd20-e74092b7cbae,Entre Rios do Sul,"01a02d5b-4c83-7f0b-9f5d-91306bfcfb5d"
"7c0e13ce-0de4-4c00-9f06-43184cea63b6",Erebango,"01a02d5b-4c83-7f0b-9f5f-04c21cbea2c7"
f9b60550-bb69-47ac-86ba-dcaddc171f74,Erechim,"01a02d5b-4c84-77ab-9872-e11c9d173e00"
"6d8422bb-7649-42e5-b5ff-df074264eee6",Ernestina,"01a02d5b-4c84-77ab-9873-e10c5154f60a"
eed9e2a6-dbc3-4ee9-95a2-c3d07c2c9019,Erval Grande,"01a02d5b-4c84-77ab-9874-62d25d6316f7"
e8eb60c3-2574-486a-8967-80c48499e921,Erval Seco,"01a02d5b-4c84-77ab-9875-980690d3997c"
"38cbf73c-c5a5-43a6-8380-9c337310f5ff",Esmeralda,"01a02d5b-4c85-719a-bbcc-6e4d3eab1c52"
fd3cf9d8-dd1d-41f9-93ca-3ab47f1ee5d7,Esperança do Sul,"01a02d5b-4c85-719a-bbcd-be3dd93f5783"
"083a4594-d2a6-4249-9874-a29b09c30dd9",Espigão,"01a02d5b-5970-7926-9848-a7629a2263a4"
"675e332d-a6a2-4da2-a7d8-b7d080f7004d",Espumoso,"01a02d5b-4c85-719a-bbce-ca95fc8d20df"
d42022be-1f5c-4701-94b5-468abd1460b3,Estação,"01a02d5b-4c85-7a60-bbcf-da11fad6bdc2"
"4b20d0c1-f5e2-45f3-a4c4-c013c2232784",Estância Velha,"01a02d5b-4c85-7a60-bbd0-37b6af838803"
"85585adb-002f-4334-9751-74786f42f12a",Esteio,"01a02d5b-4c85-7a60-bbd1-608514538471"
a0c027b7-974d-43ae-9265-21815b393b9c,Estrela,"01a02d5b-4c85-7a60-bbd2-c8bb72878349"
fd084e9d-2af0-46d4-a2b3-808db7cee516,Estrela Velha,"01a02d5b-4c86-7355-938f-fd00397123e6"
ca337d39-4a57-4c53-b92e-2e73b129c392,Eugênio de Castro,"01a02d5b-4c86-7355-9390-28bb9ac7698d"
"7654ac18-7608-4259-8fb6-b5c1d4883920",Fagundes Varela,"01a02d5b-4c86-7355-9391-7edd640fc7ec"
"92ee3600-e78c-4bd6-b50e-37aa18507eaa",Farroupilha,"01a02d5b-4c86-7355-9392-ca708cecd426"
d195181a-680f-4669-98b4-b3b93399acc7,Faxinal do Soturno,"01a02d5b-4c86-7355-9393-99166864b117"
ce05b4ca-07c8-4819-a97f-7d8915569f6b,Faxinalzinho,"01a02d5b-4c86-7355-9394-310135544f42"
bd40b62e-09b0-4251-8d4f-431182c0281b,Fazenda Vilanova,"01a02d5b-4c86-7355-9395-ae44125c8f5c"
ebdf946d-8740-4e57-9b99-c1256053ae62,Feliz,"01a02d5b-4c86-7355-9396-13446ef6c16a"
"97aaec07-a654-4ee0-9faa-cd7f2c8f1d8a",Flores da Cunha,"01a02d5b-4c87-736d-9fc4-a55259ebbb3c"
"7b679f1c-9e9c-48f1-a45a-ac64e37693d0",Floriano Peixoto,"01a02d5b-4c87-736d-9fc5-3c3aab21cbb7"
"6d90bc82-6394-466b-a7e6-ab1070db31e2",Fontoura Xavier,"01a02d5b-4c87-736d-9fc6-b2490011cfd0"
"59c93d61-0d21-4c5f-8c68-9122f5f67d0f",Formigueiro,"01a02d5b-4c87-736d-9fc7-e25cb4e8c34a"
"1fa4f72f-146b-43c2-8a14-f1907ea71e27",Forquetinha,"01a02d5b-4c87-736d-9fc8-e801ea38434f"
cbe7bbc0-95ea-44b8-8235-b98289ab88bf,Fortaleza dos Valos,"01a02d5b-4c87-736d-9fc9-910d706095d2"
"5ab04e9f-2a53-4273-9ba9-d5de9c7f0c6b",Frederico Westphalen,"01a02d5b-4c87-736d-9fca-7b88fc68a559"
"8d7cdfc7-323b-4f33-9e35-2c84689efc96",Garibaldi,"01a02d5b-4c87-736d-9fcb-7c912e9c877a"
"41616129-b1d4-4d19-a5ee-acc78e04dbe9",Garruchos,"01a02d5b-4c87-736d-9fcc-ba8fa54cf48e"
b640970e-498f-40e8-a782-ea1a7729fada,Gaurama,"01a02d5b-4c88-736a-ae24-738177edf2ab"
"818553ea-a3ab-48c7-ab70-db0be167166e",General Câmara,"01a02d5b-4c88-736a-ae25-198235c42ee3"
"07188cc8-82bb-4323-8e64-2dbe58c866a7",Gentil,"01a02d5b-4c88-736a-ae26-9aeb45cb03bd"
efd2cb0f-fe0b-446c-b61f-3546e313ac65,Getúlio Vargas,"01a02d5b-4c88-736a-ae27-cdec86ea78b4"
"335a1654-9b5a-4cb2-98bd-cf4dcac42af5",Giruá,"01a02d5b-4c88-736a-ae28-efa75f66f175"
"219a6235-6450-4277-be55-252e43fc33bb",Glorinha,"01a02d5b-4c88-736a-ae29-1c930b8fbf64"
"5eed40ad-1c33-41d7-8c91-755199a32666",Gramado,"01a02d5b-4c88-736a-ae2a-70830f53e866"
ce121a77-7358-4148-a922-79d3bad393c3,Gramado dos Loureiros,"01a02d5b-4c88-736a-ae2b-8ffa2ccec438"
"61994360-bbb6-408a-8657-e7a4409121b9",Gramado Xavier,"01a02d5b-4c88-736a-ae2c-a128bfe1589f"
"6a750765-8d46-4a49-9667-5b2e9760fc15",Gravataí,"01a02d5b-4c89-7369-a5b4-5cd36341af6f"
f8004404-8897-4a80-8a04-d8a3bdb4ed40,Guabiju,"01a02d5b-4c89-7369-a5b5-d535bd8bacdd"
"756a3eb5-aad4-4d06-9564-4759ab3a7fb1",Guaíba,"01a02d5b-4c89-7369-a5b6-ba3908cfcc2d"
cb46f377-4c79-430b-baf0-0002f4a7346f,Guaporé,"01a02d5b-4c89-7369-a5b7-8370c961280b"
d44c687c-63d1-4668-9c6d-aa4cc4f2408c,Guarani das Missões,"01a02d5b-4c89-7369-a5b8-a3f3463173d0"
e29346ef-a8f8-463f-bad2-b8cceab82b52,Harmonia,"01a02d5b-4c89-7369-a5b9-dfa0591d4bf9"
dfcbbc53-d182-44ee-949b-d21b0b6d4a83,Herval,"01a02d5b-4c89-7369-a5ba-429d6b496a19"
"006f06e3-0c29-41fe-94c2-72cbb5a8fb6b",Herveiras,"01a02d5b-4c89-7369-a5bb-e94c777b96ce"
dbeece84-930a-41af-ab8b-060fccff1d2a,Horizontina,"01a02d5b-4c89-7369-a5bc-b6ca6c4f1af7"
"6a982fda-9837-4c74-bd91-34ec3d999069",Hulha Negra,"01a02d5b-4c8a-7369-a45d-30e3e7ea74a2"
a6656ac0-aedc-441c-b8f5-685309f481f4,Humaitá,"01a02d5b-4c8a-7369-a45e-93c627be66cc"
"316a3aa9-b678-4101-98ee-47b28b8af7a4",Ibarama,"01a02d5b-4c8a-7369-a45f-d678424f9982"
dfb37913-1d10-4682-bc23-5b36aabb5a5b,Ibiaçá,"01a02d5b-4c8a-7369-a460-fe02dd1cb871"
bcf9da00-8b7b-4a86-b318-8a8421dafb3b,Ibiraiaras,"01a02d5b-4c8a-7369-a461-58900f4b86c3"
"24631acb-02c9-4f95-97a1-ca6604629ece",Ibirapuitã,"01a02d5b-4c8a-7369-a462-6ef80ec50f08"
b4e82cef-2bee-468e-977d-81875d3543f1,Ibirubá,"01a02d5b-4c8a-7369-a463-e506d7be0bda"
ae3d2044-e635-4ca7-8f6d-6bce5eab9b7a,Igrejinha,"01a02d5b-4c8a-7369-a464-afe9ca4f8622"
"893a1945-1b3a-473e-8c46-246ce416bcb8",Ijuí,"01a02d5b-4c8b-736a-9275-077666245723"
"08893b0d-c339-468e-9315-8712680f9ca7",Ilópolis,"01a02d5b-4c8b-736a-9276-7fc9d306ca70"
"598cd899-b259-4b99-9560-56dc5709eeb3",Imbé,"01a02d5b-4c8b-736a-9277-b7bd67535771"
"0cb39a9d-fd40-42f0-a0c3-4aae82232e2f",Imigrante,"01a02d5b-4c8b-736a-9278-17c4ee9127c6"
ef849ec0-d108-464b-b13a-52d4756ef5e4,Independência,"01a02d5b-4c8b-736a-9279-f55da5d94f81"
c37d672b-162e-4114-a708-8491f83fc37d,Inhacorá,"01a02d5b-4c8b-736a-927a-0d02f94fe150"
ddf473a5-08fe-415f-90e7-96d8ff8187fa,Ipê,"01a02d5b-4c8b-736a-927b-0685b9d181bc"
dc7f815c-6dd0-4d24-9d6e-26cc0c367ce5,Ipiranga do Sul,"01a02d5b-4c8c-7370-8980-6b6d27bdcb8a"
ce313fda-c619-4884-9ee7-0575947f5fb1,Iraí,"01a02d5b-4c8c-7370-8981-683e6a879603"
f2400c00-fa7f-4c09-98d7-212ec7a72bb8,Itaara,"01a02d5b-4c8c-7370-8982-7c8bab10abfb"
"5ba3277b-7269-4583-ad12-3cca0357e5df",Itacurubi,"01a02d5b-4c8c-7370-8983-81dd3975facc"
f4d4dacb-b3b0-425d-9184-dcd99e36f18f,Itapuca,"01a02d5b-4c8c-7370-8984-90707a58dbb0"
a453d19b-d576-438a-baac-ab1b89e59954,Itaqui,"01a02d5b-4c8c-7370-8985-ef62baa5d097"
"372676e3-1ac4-4f0d-8d5d-f1bb530cd12b",Itati,"01a02d5b-4c8c-7370-8986-e41c19b3cbaf"
e07f9bfd-8155-4852-9d2e-ece46c3cb30f,Itatiba do Sul,"01a02d5b-4c8c-7370-8987-b99e91519b15"
a634f570-d41b-45aa-8e3d-b135c542104c,Jaboticaba,"01a02d5b-4c8d-7369-bc70-3d835275d4a3"
"6f384619-40e6-4a85-bbae-fc4f46ca5d63",Jacuizinho,"01a02d5b-4c8d-7369-bc71-24fc457cf4e2"
"34b1fd3b-e5af-4123-805e-ec32ee9e348f",Jacutinga,"01a02d5b-4c8d-7369-bc72-e9344d2e46e7"
e626def6-c90e-4496-a8ef-2a80aa54c548,Jaguarão,"01a02d5b-4c8d-7369-bc73-f6ec33124958"
"9673e398-6b1e-486d-b660-2ae8dc6f5512",Jaguari,"01a02d5b-4c8d-7369-bc74-4619b19df236"
"15951def-f90b-4a0f-bdc9-5ef6f2dc2a74",Jaquirana,"01a02d5b-4c8d-7369-bc75-f19e6ffd6512"
da0bb2df-2380-47d9-b811-58b7288b4874,Jari,"01a02d5b-4c8d-7369-bc76-335098dd5266"
fc4faa7e-e816-4b3f-acc4-7ff457670522,Jóia,"01a02d5b-4c8d-7369-bc77-3fa7a1f949bc"
"75143c21-c8c2-4616-bcac-f4aaf8f2f8c7",Júlio de Castilhos,"01a02d5b-4c8e-737c-9e0c-77a328fb8589"
d1ea39fe-80ef-488f-862e-8b88e7418293,Lagoa Bonita do Sul,"01a02d5b-4c8e-737c-9e0d-9a23f0cdca43"
b9789387-94ea-4bb8-b504-163a0e06ef2f,Lagoa dos Três Cantos,"01a02d5b-4c8e-737c-9e0e-71c4f8af6345"
a8a31803-f722-429d-93d4-625eabbb575a,Lagoão,"01a02d5b-4c8e-737c-9e10-c093d30e1659"
bf7b8d75-9c39-4542-a2e8-9b9d5b5dd8d2,Lagoa Vermelha,"01a02d5b-4c8e-737c-9e0f-5e3c638f2503"
"5c76b805-c66b-4b64-afca-1913beb9d76c",Lajeado,"01a02d5b-4c8e-737c-9e11-96cd51b9e107"
"4e7edf24-8116-4bfa-aa63-07ecc54d46b8",Lajeado do Bugre,"01a02d5b-4c8e-737c-9e12-1d962457feee"
"604e13bf-8fd5-4eed-a31c-7dad9c8eb1af",Lavras do Sul,"01a02d5b-4c8e-737c-9e13-edd3f0f2b4fe"
"237b2b85-7973-4e4c-998c-616b3688adb6",Liberato Salzano,"01a02d5b-4c8e-737c-9e14-1c8137418fd3"
dd490f05-d13a-4c73-8930-883ef6a5d281,Lindolfo Collor,"01a02d5b-4c8f-736b-a374-e96dc1cff0e6"
"9ea008bf-cd99-46f1-8db6-455f47f54d3a",Linha Nova,"01a02d5b-4c8f-736b-a375-81ac25b50893"
"06885a1e-8ec4-405e-9942-0ff9d767ca53",Maçambará,"01a02d5b-4c8f-736b-a376-a0bf7b61c8bf"
"0b361181-6f2e-4497-9645-4c8f07f8d8e6",Machadinho,"01a02d5b-510a-70e7-8ea8-8d6a3bdaca96"
"20e87075-beaa-4b11-b810-d246b2066f2b",Mampituba,"01a02d5b-510c-7cfd-8d6f-c7135c2bc0e8"
f06bce88-8a86-4b5f-929c-e8c4336874d6,Manoel Viana,"01a02d5b-510d-75c6-903c-7c34f3a4bc4a"
"480357aa-f171-4cff-a87d-f249c206477d",Maquiné,"01a02d5b-510d-75c6-903d-05c8944d3834"
d187413d-e290-4857-9cc4-b9898c23d4be,Maratá,"01a02d5b-510d-75c6-903e-e80b9155f3e0"
a58002fb-6a49-4c63-95ee-b98995767f5c,Marau,"01a02d5b-510d-75c6-903f-c5e6f8e70e09"
"2b7734e3-5c7c-4a8d-b16b-1c44a3065521",Marcelino Ramos,"01a02d5b-510d-7e70-9040-ceb353fbb288"
"91ec49e8-f3cc-4505-a636-93e7a060686a",Mariana Pimentel,"01a02d5b-510d-7e70-9041-831b86e6d3fb"
ba5e99e6-5311-4a82-9f26-2f41dcc317c6,Mariano Moro,"01a02d5b-510d-7e70-9042-aaaacf6ca49c"
"0d0050f9-eadc-488c-a7cb-b820b67aed5a",Marques de Souza,"01a02d5b-510d-7e70-9043-45077dd9a051"
abdd5380-4369-4204-8562-45645d87ab61,Mata,"01a02d5b-510e-7711-9ed5-b9e0a6e8e1f3"
c24e3756-1d99-4ed0-ae10-c101dfbd2b1b,Mato Castelhano,"01a02d5b-510e-7711-9ed6-2823dbfbe18b"
"159020ca-effa-4a77-8cd9-3bbaabf62a9b",Mato Leitão,"01a02d5b-510e-7711-9ed7-9ad3ba61f1a1"
"96ee33cb-738f-4e54-9cd8-8aa864ea8fdd",Mato Queimado,"01a02d5b-510e-7711-9ed8-5280c0cb85ac"
"381b0dd0-251f-4b95-9302-c0572b877c99",Maximiliano de Almeida,"01a02d5b-510e-7faa-9ed9-e8fba7c9f779"
fac1a1d6-a0d4-49d6-9d79-51803df687d8,Minas do Leão,"01a02d5b-510e-7faa-9eda-11b5c01b2be5"
"3b8d2a93-c979-4c65-ba41-e6e694e0c063",Miraguaí,"01a02d5b-510e-7faa-9edb-a4a3f570a7a4"
"4f6fb3a6-2d64-4261-b142-4bdc7de4203c",Montauri,"01a02d5b-510e-7faa-9edc-2f205a8e3e01"
"70998380-5a01-4db7-bebf-ac42564c0c92",Monte Alegre dos Campos,"01a02d5b-510f-7840-b5e3-ac4e9997af9c"
"708df927-2500-4251-9d21-f6d2fdd23288",Monte Belo do Sul,"01a02d5b-510f-7840-b5e4-4b6b79e8e4be"
ebdd9878-aa15-49ff-9eb1-5762fb8bc029,Montenegro,"01a02d5b-510f-7840-b5e5-7dacabb368fc"
f336317d-7fac-4ca8-a4cc-fab0811b15db,Mormaço,"01a02d5b-5110-70db-ad75-16d49b9ca8b3"
"70519c1a-aca0-40a8-a576-a2d43fcae1e9",Morrinhos do Sul,"01a02d5b-5110-70db-ad76-70b1d1ff5f7a"
"2491c465-c988-42b1-b372-6327ee25fe3d",Morro Redondo,"01a02d5b-5110-79b9-ad77-1b497cb61d84"
"3fd75500-c4fd-4aad-8a11-86bac31065ec",Morro Reuter,"01a02d5b-5110-79b9-ad78-8da3232acc4e"
"4655fde9-d4e9-475a-8b0a-39d88f7440ec",Mostardas,"01a02d5b-5110-79b9-ad79-6c6003f6614f"
"53f04c8f-6bbc-4b7f-84b9-5bba30cf3bee",Muçum,"01a02d5b-5110-79b9-ad7a-27068c860ee5"
"58680712-69a0-4a4d-a8a1-009f5a70a8ef",Muitos Capões,"01a02d5b-5111-79ce-ac8a-a5b078a5d273"
"43901f23-462d-4b80-ac98-e9a4b4580b58",Muliterno,"01a02d5b-5111-79ce-ac8b-b8d74cf8d0c0"
"2d8be75a-e46f-43ff-b709-2d623e3eafee",Não-Me-Toque,"01a02d5b-5111-79ce-ac8c-37bbf1304686"
bb3dc175-457b-4244-af93-f89305eb669e,Nicolau Vergueiro,"01a02d5b-5111-79ce-ac8d-c7ff7f608418"
"1650ce95-216a-4a9a-9ba4-3f0b5d1f6b39",Nonoai,"01a02d5b-5111-79ce-ac8e-0e5e437bd555"
"1a519560-0cbf-4a70-a00f-6b74669f2ba6",Nova Alvorada,"01a02d5b-5111-79ce-ac8f-8ba0d6cdbe41"
c67f3acd-a023-4047-96d7-9e0857b3145d,Nova Araçá,"01a02d5b-5111-79ce-ac90-02028a32e32f"
"425d01ee-d2f1-4cde-bcdd-d010f5c04a9e",Nova Bassano,"01a02d5b-5113-740b-a8b8-f2c09643232c"
"905bc39e-94c7-4ff0-8590-f503bcb55ee8",Nova Boa Vista,"01a02d5b-5113-740b-a8b9-6ffa6dd5c22f"
eb6910c3-f9c3-4d9e-80f1-e78c05e6137d,Nova Bréscia,"01a02d5b-5113-740b-a8ba-4a756fd86150"
"1411b993-04b5-4213-824e-001e3d7a347a",Nova Candelária,"01a02d5b-5113-740b-a8bb-74dd846b8830"
"212bd7be-b740-468b-bb0a-1b0163e25f1c",Nova Esperança do Sul,"01a02d5b-5114-7434-88ba-1a67893ca016"
d6c4694d-ef16-436d-90e3-029b1df5a746,Nova Hartz,"01a02d5b-5114-7434-88bb-dd493e91ccc3"
"3491c2e2-3a9e-485a-951e-509f4b20c470",Nova Pádua,"01a02d5b-5114-7434-88bc-4db2d00cad49"
bdc8fca5-1cbf-4103-980e-d11e2d896d06,Nova Palma,"01a02d5b-5114-7434-88bd-ad4a35925852"
"552a722f-c5fc-44c3-a70a-b0f3e4b8ebe0",Nova Petrópolis,"01a02d5b-5115-7425-b105-fb4abc3f8899"
b93e1c63-6950-4c6d-b74c-9106372ffd32,Nova Prata,"01a02d5b-5115-7425-b106-033f879ca943"
"074df600-d450-4e27-90a0-26aa406dbb9c",Nova Ramada,"01a02d5b-5115-7425-b107-5b1c1ab679e5"
eb81ace2-9bf8-435e-8abf-c8bf00fd50e3,Nova Roma do Sul,"01a02d5b-5115-7425-b108-f0874e695e70"
"1ef6dc3d-9b27-47e0-b881-eb3f3ffadbe2",Nova Santa Rita,"01a02d5b-5115-7425-b109-fe31df1a94b8"
"22b93a90-00a4-41cc-a728-07da03b2229c",Novo Barreiro,"01a02d5b-5116-7437-9839-9a029eccc00d"
bb1425e0-0a5e-4223-939c-622356c616f2,Novo Cabrais,"01a02d5b-5116-7437-983a-379d245135c6"
"028136f6-8575-4911-a84d-0ef193cb86ae",Novo Hamburgo,"01a02d5b-5116-7437-983b-6a93ff56cb1d"
"57378d9c-5672-4483-b9c8-ed4790b4c8fd",Novo Machado,"01a02d5b-5116-7c66-983c-712357b8af06"
e4570d94-4dbd-4459-993a-826935b7b815,Novo Tiradentes,"01a02d5b-5116-7c66-983d-959fe033e7a4"
"362e736a-860b-4571-8121-b69e6d16c917",Novo Xingu,"01a02d5a-7ffd-72d0-bbc6-c725284810e1"
"50e77b55-c60e-4c62-997f-68862a8c1905",Osório,"01a02d5b-5116-7c66-983e-954348df72a1"
"0d13d743-d325-4fba-9d6c-204892c5b835",Paim Filho,"01a02d5b-5116-7c66-983f-81b613728234"
"34ce988e-4b45-497d-8507-d157a79f96a5",Pains,"01a02d5b-554c-73ba-a873-f3a43858c71f"
"5ac183c7-d085-47d6-8657-920070715ff0",Palmares do Sul,"01a02d5b-5116-7c66-9840-67a9fa964dd9"
"7cb84d84-be8f-4f1b-a4bb-af1f84d0245e",Palmeira das Missões,"01a02d5b-5116-7c66-9841-45c28131b067"
"64af1588-c7bf-4fee-a178-9c88a8c0bb97",Palmitinho,"01a02d5b-5116-7c66-9842-e19173520338"
"0ecff936-fe86-489b-bd21-f2d7c4419ace",Panambi,"01a02d5b-5116-7c66-9843-caa5a09aa2bc"
f098812b-12e9-4550-8699-a0bfd720ece9,Pantano Grande,"01a02d5b-5117-7c68-a455-cce0dd2c77e5"
"12c1dd6c-152a-4560-a958-abcc9dd4798e",Paraí,"01a02d5b-5117-7c68-a456-ce12c7449221"
b39ce23d-9720-46fc-b46f-2124dd5278c2,Paraíso do Sul,"01a02d5b-5117-7c68-a457-6c89e07379bb"
ab65abff-0cf6-4dec-a34b-938775ddd900,Pareci Novo,"01a02d5b-5117-7c68-a458-1f4fdbe9a49d"
"185fecfc-49d7-4f10-978e-2d5906f51684",Parobé,"01a02d5b-5117-7c68-a459-e30b362e3640"
c57bd5a6-4f9f-44c6-9370-afc3217fad53,Passa Sete,"01a02d5b-5117-7c68-a45a-6f6cb452c0e0"
"355d2270-0461-4f84-a50c-b81b7ebf64b2",Passo da Areia,"01a02d5b-5970-7926-9848-a7629a2263a4"
b35e5c7d-10a3-4b06-ae56-4b08121178bd,Passo do Sobrado,"01a02d5b-5117-7c68-a45b-2e63a7216ac2"
"363fe0a6-0987-4f4d-b856-64a75f4d9c0a",Passo Fundo,"01a02d5b-5117-7c68-a45c-461986b97363"
fca269cc-0bc0-4ea1-8e20-5bc384a0113a,Paulo Bento,"01a02d5b-5118-7c66-838f-942d9a7d7892"
"7c33be93-2651-418e-b191-ecfbfce238c1",Paverama,"01a02d5b-5118-7c66-8390-ec8708a82989"
e39fcbb2-9f2b-41b4-a0e4-3388e46fc550,Pedras Altas,"01a02d5b-5118-7c66-8391-3974d4950f7b"
"0d68e304-afeb-4911-adab-5b8dbb79e7d5",Pedro Osório,"01a02d5b-5118-7c66-8392-c84e484f73e8"
"6297b01e-e033-4736-966f-24d8624a9c4a",Pejuçara,"01a02d5b-5118-7c66-8393-b7f451c03c8b"
"32c96612-5317-436d-9805-c4ded7be1b5e",Pelotas,"01a02d5b-5118-7c66-8394-83c9328c8e98"
d6c56151-7565-4d7b-8027-5fa51a8f8eb9,Picada Café,"01a02d5b-5118-7c66-8395-290e9ce55dff"
bcfb69f3-5a36-4bd8-a65e-8089bcf03461,Pinhal,"01a02d5b-5119-7c66-8415-3df753c49838"
"61eb9ca3-d974-48d0-b6dd-7b2f0e9d27a6",Pinhal da Serra,"01a02d5b-5119-7c66-8416-6759090d750e"
"790b56ec-858c-45b2-8750-33737ee02440",Pinhal Grande,"01a02d5b-5119-7c66-8417-c55c205f7420"
"15ccbd29-b4ce-4901-9dd3-a798188522cf",Pinheirinho do Vale,"01a02d5b-5119-7c66-8418-4b2707a283e7"
c59a37c6-8596-4ff7-be8b-17064c2d6c0d,Pinheiro Machado,"01a02d5b-5119-7c66-8419-fad22d276a28"
"6ede6c1e-e7da-4318-b655-b05a74c5921e",Pinto Bandeira,"01a02d5b-5119-7c66-841a-f88d0150a36b"
"24818c6b-3724-4d1b-869c-b8aef5543176",Pirapó,"01a02d5b-511a-7c8a-9e34-e00cd5101c7d"
f47ec7fe-8dd8-48e8-bead-3c225ccf21ed,Piratini,"01a02d5b-511a-7c8a-9e35-6ab8fd396ba9"
"73d321ce-17b8-4683-905b-c935f4dee489",Planalto,"01a02d5b-511a-7c8a-9e36-34af35f67717"
d8313a19-0142-498f-a051-1d34f2ac4c09,Poço das Antas,"01a02d5b-511a-7c8a-9e37-8b1a152a3643"
a42dfa1b-9f38-44a4-94b1-57e751296e65,Pontão,"01a02d5b-511b-7c78-8583-b1d87f97f4dd"
df6bcfe8-611b-4b8d-a7e7-ff85533f7cd8,Ponte Preta,"01a02d5b-511b-7c78-8584-596f99ec3840"
"4237c3f2-a774-42e4-a160-9421d010fc60",Portão,"01a02d5b-511c-749c-84a9-2e2b37ebfdde"
"2819d0fb-76c9-4d8e-b26a-d124d1cc829a",Porto Alegre,"01a02d5b-511c-749c-84aa-d6dadccf93af"
"6143d456-237c-4794-9d25-f90fe51b7370",Porto Lucena,"01a02d5b-511c-749c-84ab-5219d7d13114"
"5a1a5d7c-45c1-4909-8a80-20653d073846",Porto Mauá,"01a02d5b-511c-749c-84ac-4234a73ff568"
b04b14d5-8204-4af3-b1dc-99170cb0a108,Porto Vera Cruz,"01a02d5b-511c-749c-84ad-a2dc793682b3"
d1d6ca1f-06cb-4057-8255-218e23655c87,Porto Xavier,"01a02d5b-511d-74b5-8eb5-38e4c69d88a1"
"1bd5afa5-b191-42c6-8f5a-4a6a5d39cd3d",Pouso Novo,"01a02d5b-511d-74b5-8eb6-6820e41f6b23"
"14cf86dc-6315-4d8d-9c97-1ca17665efc5",Presidente Lucena,"01a02d5b-511d-74b5-8eb7-7f367f1199a4"
"4ea9f80c-d25d-4df6-a8b4-f74e41342fc5",Progresso,"01a02d5b-511d-74b5-8eb8-3c9fc4c0fc56"
d4198157-a77f-45ba-b92c-d84f6cffb9d2,Protásio Alves,"01a02d5b-511e-74c2-9745-34d5b9c2076c"
"27fcc505-e491-4a06-8e95-3ed1873265d7",Putinga,"01a02d5b-511e-74c2-9746-2b12563c613f"
"0496b3bb-ee49-4edb-b00f-db7d0f2feb50",Quaraí,"01a02d5b-511e-74c2-9747-63ac30192b0d"
"42ed3203-1cac-43aa-95ea-2af7f930068a",Quatro Irmãos,"01a02d5b-511e-74c2-9748-7b92363bacf6"
b654d1fe-6941-4ec0-bb15-d433fe3e9c4d,Quevedos,"01a02d5b-511e-74c2-9749-7a12c4512079"
"6edb024a-6f14-432c-96a4-5fdef0bbdc0b",Quinze de Novembro,"01a02d5b-511f-74b5-9be2-eea55c2139ca"
"39209823-8e59-4b37-8b23-dcf87066722b",Redentora,"01a02d5b-5544-70c3-b6ee-aa6af66fd9a3"
e0f79c74-2cf8-40b2-8202-cdb3a3c6438d,Relvado,"01a02d5b-5546-7cb5-81e3-5ca4979c3b43"
"2eca21dc-4f8b-4dfd-b924-a01f9d808f2c",Restinga Seca,"01a02d5b-5547-75ac-9fb6-93ee6232b13f"
e0e357df-3d1a-494d-939e-de1e42a3bc56,Rio dos Índios,"01a02d5b-5547-75ac-9fb7-622782637a6a"
"6d627bbc-9724-4554-8c79-16662a8ecee9",Rio Grande,"01a02d5b-5547-7e1a-9fb8-05c22fe85f90"
"5d296545-bc42-4793-824a-0fa1f8fd47e9",Rio Pardo,"01a02d5b-5547-7e1a-9fb9-0436a6593704"
a55de487-4a52-430c-b1e1-c95ccb0ccbe4,Riozinho,"01a02d5b-5547-7e1a-9fba-70750e6208a8"
"01cf91e0-eda5-4638-9511-1e9e7cc01157",Roca Sales,"01a02d5b-5548-768c-8b69-4f3f5e803620"
"0bce5ef3-dd46-4b1c-8ce6-b05e2240aec9",Rodeio Bonito,"01a02d5b-5548-768c-8b6a-428a0b162bb6"
f1942d1d-df5a-4481-b105-e6e6c0b58c8a,Rolador,"01a02d5b-5548-768c-8b6b-22d8c426271e"
"3977a9f9-51df-417d-9b76-ec4fb4cccf92",Rolante,"01a02d5b-5548-7f03-8b6c-e6327118695e"
"5d902dd0-ee56-4a24-aae6-56022f6eb8c7",Ronda Alta,"01a02d5b-5548-7f03-8b6d-68d86a00050f"
d9697889-999c-403a-bb9c-86527d167579,Rondinha,"01a02d5b-5549-7768-a024-d76b03bc3b5b"
"6260dff9-dc6f-4d45-88d7-ae6f69b63de3",Roque Gonzales,"01a02d5b-5549-7768-a025-c1abb996bdf1"
"89de5361-a6e0-47f1-9052-494920f9f712",Rosário do Sul,"01a02d5b-554a-7005-a3a2-f9a1920baef6"
d1239894-1ce5-47fa-8c3a-7a810e650ea5,Sagrada Família,"01a02d5b-554a-7005-a3a3-9331eba09774"
b195612f-06c4-4206-8c3f-a439beace10d,Saldanha Marinho,"01a02d5b-554a-7005-a3a4-1f006a8f3b48"
c5b21e75-366b-4b86-9f26-e65565843c8a,Salto do Jacuí,"01a02d5b-554a-78a3-a3a5-91d2f9b2f2bf"
ae0912b1-b4f6-4669-ad2f-89b0408e5f69,Salvador das Missões,"01a02d5b-554a-78a3-a3a6-60a52e730a8c"
e7c1a845-25f6-4364-8d1d-1bf52ecee7d7,Salvador do Sul,"01a02d5b-554b-70d8-b244-24f1e907d564"
d7671669-d059-443c-9478-f672ca3e79ba,Sananduva,"01a02d5b-554b-70d8-b245-ddafcf849164"
"9c531ca7-cab6-47fa-8260-757b4b4f3afb",Santa Bárbara do Sul,"01a02d5b-554b-70d8-b246-d820781f8111"
e925dfff-898e-49b2-b24d-aa95bd8ccc7b,Santa Cecília do Sul,"01a02d5b-554b-7965-b247-cd722366b254"
"5d08ee1a-6978-4657-9417-e31c4f690f29",Santa Clara do Sul,"01a02d5b-554b-7965-b248-048e9984ee3d"
c553b1bb-c7e6-4630-9e21-10651c775215,Santa Cruz do Sul,"01a02d5b-554b-7965-b249-335c60cdef30"
ac7d26ba-ed3b-49af-b2ea-8460da36bed1,Santa Flora,"01a02d5b-554c-73ba-a873-f3a43858c71f"
e9516260-01b4-431c-856e-018f1eb6119f,Santa Margarida do Sul,"01a02d5b-554c-73ba-a872-a7078b4c25e4"
"0f1920c8-c855-4ed3-9145-365fb27760a1",Santa Maria,"01a02d5b-554c-73ba-a873-f3a43858c71f"
"4e08b617-6465-47c7-ab91-3bea3b50b0b0",Santa Maria do Herval,"01a02d5b-554c-73ba-a874-1bc1c932d1d3"
"48fbd757-5856-4b67-acd8-59d3b2a9479f",Santana da Boa Vista,"01a02d5b-554c-7ca4-a878-7df3ded98ee9"
ef5a9692-bb38-4fb1-a1bb-208046acb80f,Santana do Livramento,"01a02d5b-554d-7965-84da-3f630d12ab01"
"8190c60e-1740-4b45-9577-76480b240c1a",Santa Rosa,"01a02d5b-554c-73ba-a875-c2599d3a9724"
"1fc0cecd-e3ba-4144-9674-10c7a5c08f40",Santa Tereza,"01a02d5b-554c-7ca4-a876-2791ecb5ed3a"
"4f44822a-ce24-48a6-b2c6-a7b1d0d04216",Santa Vitória do Palmar,"01a02d5b-554c-7ca4-a877-ac14e2196fa7"
"57657dc4-5ce7-40d0-9777-fdad0b09bf7d",Santiago,"01a02d5b-554d-7965-84db-5dfce272ca39"
"091fe75e-ef1c-4c4b-82b5-5b5afba06807",Santo Ângelo,"01a02d5b-554e-72eb-96aa-dc6ee97f1bfe"
"4fc75346-c6d0-41c7-932c-2499d8f3bc46",Santo Antônio da Patrulha,"01a02d5b-554e-72eb-96ab-5faa07bf6009"
"16ebc041-940a-4c8f-ab6c-8415b82120e3",Santo Antônio das Missões,"01a02d5b-554e-72eb-96ac-ff5f9ea57daf"
"81e3a0d9-7e72-46d8-aa75-23fca974fc05",Santo Antônio do Palma,"01a02d5b-554e-7bca-96ad-1e6f8841ef17"
"13beaf5f-cc1b-439d-8734-46f5977c9fbc",Santo Antônio do Planalto,"01a02d5b-554e-7bca-96ae-c6fb5df6205d"
"8ae41c60-3762-40e2-b4e1-0c8432058019",Santo Augusto,"01a02d5b-554f-7455-aae2-0c441bf4b8f3"
"009c5071-4595-406b-93f8-54cb08b977c9",Santo Cristo,"01a02d5b-554f-7455-aae3-5e663829712f"
d65dcac0-0ca4-47b0-a432-f208f9cfa8c5,Santo Expedito do Sul,"01a02d5b-554f-7455-aae4-7356e92f46d0"
c8369b08-57c8-4a67-8657-c6c3d2b4b6cf,São Borja,"01a02d5b-554f-7455-aae5-4b4983afacd6"
"366c73a0-bf40-4c77-8ef0-0dbd14bab057",São Domingos do Sul,"01a02d5b-554f-7d31-aae6-a67ae0d73050"
"1bb4ecd1-2d42-4b48-b823-1b3d3f3f8c7c",São Francisco de Assis,"01a02d5b-554f-7d31-aae7-57fe9aa54e0b"
"5f404f2e-3b02-4be5-b0cf-6d40d5d819a1",São Francisco de Paula,"01a02d5b-554f-7d31-aae8-65b11c74c2ec"
"9820555f-07f6-4ce0-a399-a59c1f495526",São Gabriel,"01a02d5b-5550-75c7-a1ff-3f0323ad59ba"
a146f443-9136-4312-938c-e0f0200bf893,São Jerônimo,"01a02d5b-5550-75c7-a200-0cdd8709bb67"
ac4a9815-6ec2-4e7f-ae90-26e2a1a183bb,São João da Urtiga,"01a02d5b-5550-75c7-a201-318eedbdcb7c"
"42efabd5-af90-43c9-a5e2-6113fbe1eea6",São João do Polêsine,"01a02d5b-5550-75c7-a202-47bc1c33b00a"
d668cb4d-a27b-418a-ae0f-3a0cc475d57d,São Jorge,"01a02d5b-5550-7e57-a203-245215a1d3cf"
"00fa552f-37f7-4b18-ae98-75e83a8e1efc",São José das Missões,"01a02d5b-5550-7e57-a204-d65b5b38cd47"
e3f647ef-d754-4c7b-bb8b-ba25f856b9d3,São José do Herval,"01a02d5b-5550-7e57-a205-6b864da19c41"
c4c0f191-57e1-490f-8238-4c356aba38c9,São José do Hortêncio,"01a02d5b-5550-7e57-a206-f58ddb566730"
"3c7010b0-3e7a-4811-8f04-5d0ef9a589ce",São José do Inhacorá,"01a02d5b-5551-7848-a60e-6a23001ac12b"
"5e46755d-8866-44e3-8d2d-ebb27b3852ad",São José do Norte,"01a02d5b-5551-7848-a60f-6f2f3bdf8da2"
"4b838d9c-7047-4efd-9683-ccb0ee27440d",São José do Ouro,"01a02d5b-5551-7848-a610-8252c012d00c"
"81b24c4a-93c1-4cae-ad01-c9cb16f476c6",São José dos Ausentes,"01a02d5b-5552-7104-b4b4-70509ba3b203"
"35a4b321-51b6-43c6-ab40-d0ff43929ab3",São José do Sul,"01a02d5b-5551-7848-a611-333ef2675028"
ac0142b9-1023-4971-8ed4-be867bc1bd30,São Leopoldo,"01a02d5b-5552-7104-b4b5-7e3ae155ed31"
"39225d7d-82cd-4d7c-8296-ca40e81b9a12",São Lourenço do Sul,"01a02d5b-5552-7104-b4b6-aa8a4b09362f"
"89ff59e3-e346-4aaa-91d8-61bde2425ffe",São Luiz Gonzaga,"01a02d5b-5552-7104-b4b7-f9d1c223d32e"
a2446642-40af-4e0b-953d-dd7fab8f12f3,São Marcos,"01a02d5b-5552-7104-b4b8-3fe559b523c3"
"297e295c-7229-4bad-88f8-e6ac819c5e70",São Martinho,"01a02d5b-5552-79aa-b4b9-5b913587aac8"
"052655d6-cc2f-4a66-8ef8-6fe20e635762",São Martinho da Serra,"01a02d5b-5552-79aa-b4ba-3bb78c316c23"
f523d446-0f18-4b90-8c92-b41994fd16fb,São Miguel das Missões,"01a02d5b-5552-79aa-b4bb-d2bd500f68b1"
b137a259-1205-4869-9ab6-c43f62833ff3,São Nicolau,"01a02d5b-5552-79aa-b4bc-b3ad7787bf74"
"3fc32c79-1eae-4188-ba2e-ce62c9ccfefa",São Paulo das Missões,"01a02d5b-5553-7254-ab88-c56443d0231a"
c18d03d6-424d-4310-b112-37c96ce5366b,São Pedro da Serra,"01a02d5b-5553-7254-ab89-eaab0ea455b0"
"0dfb5944-dde9-4488-9af9-968300774ec3",São Pedro das Missões,"01a02d5b-5553-7254-ab8a-e253511cf136"
bb31170c-d515-4e65-8c51-a45993d72685,São Pedro do Butiá,"01a02d5b-5553-7254-ab8b-01c7da2e667c"
"0ea5f8e6-8b91-462b-8d84-f2d93cadb7bc",São Pedro do Sul,"01a02d5b-5553-7af6-ab8c-b563a7122680"
"719810a8-cc48-4286-9be3-665db3c88cb2",São Sebastião do Caí,"01a02d5b-5553-7af6-ab8d-36286f3f6642"
"1b856000-a820-4cf1-bee2-0b63e25a17e1",São Sepé,"01a02d5b-5553-7af6-ab8e-e662d32a0117"
a9327795-805f-412e-913c-ac59e65ca0a8,São Valentim,"01a02d5b-5553-7af6-ab8f-72da4bf57b76"
"32ccf237-3ebb-4e3f-817e-b94b58f5dbbd",São Valentim do Sul,"01a02d5b-5553-7af6-ab90-8f5672c0a037"
b16277d7-2bda-484d-85e7-29bb8a1dd1f4,São Valério do Sul,"01a02d5b-5554-7397-a999-3498d1263096"
"93865052-8bc0-4671-99ec-480be2be1ca1",São Vendelino,"01a02d5b-5554-7397-a99a-e9a6f09703d8"
d203a036-9c0f-4dda-86ba-4379489db074,São Vicente do Sul,"01a02d5b-5554-7397-a99b-df71c1eb22ef"
"069516e1-06f2-402d-94b4-ae7b3ff06942",Sapiranga,"01a02d5b-5554-7397-a99c-73f2de932b28"
"095865de-d593-4302-9689-102a929924d4",Sapucaia do Sul,"01a02d5b-5554-7c33-a99d-5c9bd6a967bc"
b7e4466c-764d-49a5-87e0-a48046ae7d10,Sarandi,"01a02d5b-5554-7c33-a99e-805eb65684f4"
"4f719c7f-4d20-4225-ac63-c3bf7ea913f7",Seberi,"01a02d5b-5554-7c33-a99f-35884a0fd372"
c94d1ab0-100a-4ba9-9fbd-4c6f55aba05c,Sede Nova,"01a02d5b-5554-7c33-a9a0-c490ac09ada8"
"2da7ba42-0b55-495e-b203-76f93014795e",Segredo,"01a02d5b-5554-7c33-a9a1-c05cb19eda43"
"4f117164-bc14-4d29-a13e-8dbb1de1fbdc",Selbach,"01a02d5b-5555-74cd-8d21-2e15183d6b93"
"3da6a9de-2e95-4d2f-b4bc-cbe5a3cc1419",Senador Salgado Filho,"01a02d5b-5555-74cd-8d22-c0b35dccc263"
"973aa0a3-7953-4bd1-b228-07d15a2267dd",Sentinela do Sul,"01a02d5b-5555-74cd-8d23-5c90eb8a5fa1"
"08fb6c40-97d9-4927-9f6f-01a0f3279931",Serafina Corrêa,"01a02d5b-5555-7d67-8d24-72d2f005f6e2"
d4219632-4630-47f7-b9cc-9dac61b50936,Sério,"01a02d5b-5555-7d67-8d25-91b8720fc671"
e58ae2e6-8ef0-4381-ba8c-1b6827b1078e,Sertão,"01a02d5b-5555-7d67-8d26-802dd86bf2ee"
"113030cb-e3f3-4348-a421-797ac5603c7c",Sertão Santana,"01a02d5b-5555-7d67-8d27-6cc289fbec3a"
a963fda2-50c5-44bd-ad0f-a89d33a7b746,Sete de Setembro,"01a02d5b-5556-75f0-bc33-0e5c35bc19a1"
"7c6a107d-884a-420d-9a00-0f720b3b8e5d",Severiano de Almeida,"01a02d5b-5556-75f0-bc34-f95a3af03f14"
"226c40e1-7d5c-488c-83cb-6963257052ed",Silveira Martins,"01a02d5b-5556-75f0-bc35-dc69a919cafc"
e8e60102-8609-44cd-a177-1a0e0fa0faf0,Sinimbu,"01a02d5b-5556-7e67-bc36-829763b842bf"
bcc3e9ac-c3b1-4811-9448-796ead558f10,Sobradinho,"01a02d5b-5556-7e67-bc37-67fd11ba6cff"
"1b72eff2-2030-4a13-bf8d-45e8ec75ced9",Soledade,"01a02d5b-5556-7e67-bc38-6d2b9bb2cfc6"
bc041ef5-ae51-4dcb-8036-29f2b81575b4,Tabaí,"01a02d5b-5557-7728-aba9-1f5daaa43063"
"9bc7e66a-4886-415f-8b12-bb6b22324a4f",Tapejara,"01a02d5b-5557-7728-abaa-cd07620d71bb"
fb56e5e0-2c4e-4bf8-b928-2290eeab56c1,Tapera,"01a02d5b-5966-71f9-860d-85758efabde9"
"77682101-da2f-4c63-8b8a-66ed89303bb7",Tapes,"01a02d5b-5969-766c-86f5-e03c72cf11c7"
ae6355d1-97fe-4264-9fac-d03f7281cc8e,Taquara,"01a02d5b-5969-766c-86f6-8dcd1592395e"
"3eac3ccd-4422-4a8a-aae9-c0d212ac4191",Taquari,"01a02d5b-5969-766c-86f7-7adef77b40db"
"397b3fcf-3888-422a-a751-2f0965d55408",Taquaruçu do Sul,"01a02d5b-5969-7f10-86f8-566a33cbd479"
cc21544c-9050-49b8-9cbc-7b054b55a423,Tavares,"01a02d5b-5969-7f10-86f9-0ebc6cf34519"
"87466099-2c1a-4983-ab79-dde0291662a3",Tenente Portela,"01a02d5b-596a-77e4-a509-04487bf7f9ba"
ee31a037-d30f-4173-a28f-6b08fc507718,Terra de Areia,"01a02d5b-596a-77e4-a50a-82b9df5f8206"
a6787348-c60c-4baa-9a06-94da0d78f3b6,Teutônia,"01a02d5b-596a-77e4-a50b-ec82f155b701"
"8b6622d5-1373-484c-9817-615cba20325c",Tio Hugo,"01a02d5b-596a-77e4-a50c-89a60056d02a"
efbe22ea-2525-4cc5-b593-b91a39293ed4,Tiradentes do Sul,"01a02d5b-596b-709a-9159-fa28d43edecf"
"077eafde-b35e-425a-b902-591d23dd36cf",Toropi,"01a02d5b-596b-709a-915a-643a1e9bd8b3"
"982db6f1-770b-4474-a7d4-46fd66de076b",Torres,"01a02d5b-596b-709a-915b-8386ea6db522"
"42091484-9d81-41c2-8b54-fd567d7071ec",Tramandaí,"01a02d5b-596b-7936-915c-be5debb8ff9a"
e1f40244-1674-49d3-a01b-a20ac59e8527,Travesseiro,"01a02d5b-596b-7936-915d-3167b7e2a217"
ca383bdf-618e-438e-96e7-ee77da2903f4,Três Arroios,"01a02d5b-596b-7936-915e-66910f6058ca"
cbfd6578-4608-483d-9d43-8c964d4c3c6f,Três Cachoeiras,"01a02d5b-596b-7936-915f-f0295eeff23c"
f0edbc97-4eb6-404d-ab4b-cda52324d15c,Três Coroas,"01a02d5b-596b-7936-9160-fd377e8f5c2d"
"7be2be69-1791-41a5-b992-df5542d519c4",Três de Maio,"01a02d5b-596c-72d1-aad4-2cc176e95a32"
fbc5818f-c588-40d1-9de3-851e6e8bafc7,Três Forquilhas,"01a02d5b-596c-72d1-aad5-fd1eb451d1ab"
"02b2b528-0fe0-40ec-8700-89e851859940",Três Palmeiras,"01a02d5b-596c-72d1-aad6-c30bb60af40e"
"1881c5d8-84e4-4ec3-823f-69d50a29713f",Três Passos,"01a02d5b-596c-7bde-aad7-1154c7822508"
d61e87d6-4c19-4354-afd3-d9ec013992c5,Trindade do Sul,"01a02d5b-596c-7bde-aad8-4016094dd06b"
"49b64a87-7780-4450-9229-b43fa3e2229d",Triunfo,"01a02d5b-596c-7bde-aad9-9dd1b2bbfafe"
"90712339-c5ee-4718-b87d-1c8249b93b0a",Tucunduva,"01a02d5b-596c-7bde-aada-a7a932ec0ad9"
"0e47e38c-8512-4d5c-a290-4a8b75616e4d",Tunas,"01a02d5b-596d-74a9-9c58-ae393b028e70"
"38f4d95c-5ae4-4a9a-aea0-b0b9f5bc9c9c",Tupanci do Sul,"01a02d5b-596d-74a9-9c59-65c8f113e4fa"
a6becae1-876f-48c3-8f32-4f64cbe76348,Tupanciretã,"01a02d5b-596d-74a9-9c5a-cc0847e8b114"
c2efb8c7-ffb8-4741-8f70-eae166ce4866,Tupandi,"01a02d5b-596d-74a9-9c5b-dbe55b9f8c34"
"6729bba8-adf0-4e89-97d4-bb112744a63b",Tuparendi,"01a02d5b-596d-7d76-9c5c-ebc980ce15da"
"4d6365c4-7972-422d-a581-7e94fecaa17a",Turuçu,"01a02d5b-596d-7d76-9c5d-7c87633d6b1e"
efe994f7-3d0e-48ba-9ff9-974b23e5be92,Ubiretama,"01a02d5b-596d-7d76-9c5e-282df890717c"
"90d6f8ae-8d1a-441a-953d-3c2286286f5a",União da Serra,"01a02d5b-596d-7d76-9c5f-8a9efc86c288"
"02a58433-ba27-4800-bc1f-b4170ec4f939",Unistalda,"01a02d5b-596e-7649-9d57-fe981117e624"
b4212b19-0cdb-4c96-8203-67d1236cd982,Uruguaiana,"01a02d5b-596e-7649-9d58-7a79c6744574"
"091ba80c-98aa-4ff6-9888-677b118d8faa",Vacaria,"01a02d5b-596e-7649-9d59-925792eacda2"
"2cab10ec-5455-45bc-8759-c8bf6fbdd2fb",Vale do Sol,"01a02d5b-596e-7649-9d5a-a363e071c4da"
"0d122b8e-186e-4fa1-9db1-ef5fb6fb880d",Vale Real,"01a02d5b-596e-7ee3-9d5b-0cf8f487362d"
"59d3f2e5-3d85-4809-bc9f-12c88ced8dfd",Vale Verde,"01a02d5b-596e-7ee3-9d5c-a79943b47b11"
"179870f8-8206-42a4-b123-874a755c1ae1",Vanini,"01a02d5b-596e-7ee3-9d5d-02591096a84d"
"67f3e213-d75c-409a-bc1b-e2914f46a134",Venâncio Aires,"01a02d5b-596f-778a-8b10-c34262425372"
e1285ba0-2cb2-4263-b2e3-fa8a8a0654c9,Vera Cruz,"01a02d5b-596f-778a-8b11-494a6c5158dc"
"762d8dee-2670-4ce0-bf8b-89b88792132f",Veranópolis,"01a02d5b-5970-701f-9845-6967f7370d91"
"4253c556-0d49-4943-bec7-b87993335a49",Vespasiano Correa,"01a02d5b-5970-701f-9846-854450d2ce28"
"6e3f3f7f-5d30-44b4-90c9-e9c1b3165530",Viadutos,"01a02d5b-5970-701f-9847-8b83e56df836"
"1e64db1f-3c58-4386-bffa-3f33344442eb",Viamão,"01a02d5b-5970-7926-9848-a7629a2263a4"
"7652c8e9-9ceb-41b8-ab54-ae26a2b554a8",Vicente Dutra,"01a02d5b-5970-7926-9849-cf04a9d4ef83"
a84aeeba-5481-4bca-9f1d-723e8eb3c053,Victor Graeff,"01a02d5b-5970-7926-984a-08bc5657b147"
"8ff4d820-740b-4df8-9776-d72b49d11c4e",Vila Flores,"01a02d5b-5971-7214-9657-896d44efc632"
"5d93fa13-9fc0-4118-8a40-77a6bda1db5e",Vila Lângaro,"01a02d5b-5971-7214-9658-0f3138c5b9cf"
"73c67b6d-03d3-4c93-876e-90b2f35cd105",Vila Maria,"01a02d5b-5971-7214-9659-b0d2bd9d492a"
c5a9c2b6-9b6b-46f8-901b-4a59b13a847e,Vila Nova do Sul,"01a02d5b-5971-7ae7-965a-146f6db4d876"
"15c47276-0d8c-4bc6-a355-e726b36ef115",Vista Alegre,"01a02d5b-5971-7ae7-965b-95ff8e8b9b19"
"91621a29-3d0e-4ad9-92b8-c8e364a838bd",Vista Alegre do Prata,"01a02d5b-5971-7ae7-965c-8fcf7da83fa0"
"71e2d1f1-6be0-467d-b698-2b8df6f8ff89",Vista Gaúcha,"01a02d5b-5971-7ae7-965d-300856841adf"
"40204514-653e-4f6e-a008-f462f62aba20",Vitória das Missões,"01a02d5b-5972-73f7-bf24-32ac86f27e69"
c7bdfdf5-3ce4-4e46-a950-f2a6b2628e36,Westfalia,"01a02d5b-5972-73f7-bf25-570364378d99"
c29a8dd8-15d9-4721-8cf6-851ad3996ccf,Xangri-Lá,"01a02d5b-5972-73f7-bf26-9187e8b539dc"
"44fb4e2e-f74e-4aac-b676-4dfd4d320c1c",Abdon Batista,"01a02d5b-3780-71cc-8ea3-108e421fc194"
"9d688643-fb83-4cfd-b0c2-eb8838fdca58",Abelardo Luz,"01a02d5b-3786-73b9-ac69-d8af0e2fdde0"
"44d36883-50bf-4cd3-92c7-675befd75011",Agrolândia,"01a02d5b-3787-73c4-a8ab-a7c27429ae54"
af1dd8ee-7b94-4842-9748-935454e22e85,Agronômica,"01a02d5b-3787-73c4-a8ac-e8f3671ac702"
"0d854338-916c-4156-94e9-9733ed2268a4",Água Doce,"01a02d5b-3787-73c4-a8ad-6e9dd01e74e3"
"371d7f1a-718f-4d26-a5d2-fdb91313a25a",Águas de Chapecó,"01a02d5b-3788-73d0-b186-e7490ccd00e1"
d322525d-3aed-4719-aa58-b7d86aeac7cd,Águas Frias,"01a02d5b-3788-73d0-b187-30bd894b8097"
b00b9260-59eb-45cc-8a35-cad3594a532d,Águas Mornas,"01a02d5b-3788-73d0-b188-e3f07da191f6"
"4726db92-f8d9-4d0c-8393-64db89908556",Alfredo Wagner,"01a02d5b-3788-73d0-b189-b7862a75ca00"
"383dfc82-138c-483e-a900-ea43b0afc6ff",Alto Bela Vista,"01a02d5b-3789-73d1-a411-6456fb6f4550"
a527daca-a285-41ad-8732-20ee88012924,Anchieta,"01a02d5b-3789-73d1-a412-8d642ed12428"
"7fbd2939-b61e-4f09-a713-29cfceaf5dde",Angelina,"01a02d5b-3789-73d1-a413-05e0b57e8e0c"
"31281483-285f-4bd1-9dcf-8df901513396",Anita Garibaldi,"01a02d5b-3789-73d1-a414-9eedb718b32c"
"872789f3-c2a1-46b9-a14f-3ee19086a2be",Anitápolis,"01a02d5b-3789-73d1-a415-198c3220b535"
"8c9cfcfc-d0ed-450b-91e2-8061913e9195",Antônio Carlos,"01a02d5b-378a-73cd-ac8f-3009035061bf"
df2e3bcf-775e-447e-bc0d-31ca2dbff471,Apiúna,"01a02d5b-378a-73cd-ac90-72b4a7a9d117"
c6d32537-9de4-4995-88c4-2248d57d566f,Arabutã,"01a02d5b-378a-73cd-ac91-293dd473c5e3"
"77e06ff5-6b34-40dc-a3c9-23ed3da51a77",Araquari,"01a02d5b-378a-73cd-ac92-c507036b2b1a"
"18883b33-b141-444d-9b11-2a3cec1fabcf",Araranguá,"01a02d5b-378b-7409-ae90-a7c559b81eba"
"79833cf9-dff3-4731-bf19-e916ea2ee7f7",Armazém,"01a02d5b-378b-7409-ae91-cc0c54871abd"
"30e971d6-b994-4b5a-bb4b-4a533b87ecad",Arroio Trinta,"01a02d5b-378b-7409-ae92-b7ac560a8280"
e7731e38-b755-48a8-b86d-36c8c1623629,Arvoredo,"01a02d5b-378b-7409-ae93-6b62cf0f008e"
f23c8c54-832e-4b91-823d-d1b556dbb5b2,Ascurra,"01a02d5b-378c-73cd-87e0-6ed1cceee4ab"
"667fe386-1062-4f55-9a4f-bcd860d6fb26",Atalanta,"01a02d5b-378c-73cd-87e1-4961a6607774"
bdc9c909-df9c-47ef-8d8f-96fd255427bb,Aterrado Torto (Pouso Redondo),"01a02d5b-3fed-7b09-b4d7-e26c30d31f82"
e1d01674-2a27-4e41-aad1-5032a655c9fe,Aurora,"01a02d5b-378c-73cd-87e2-02ff6569ac6d"
ae5639c1-6d87-45b6-ba51-5cde5af689eb,Balneário Arroio do Silva,"01a02d5b-378c-73cd-87e3-79f4af110899"
fe974855-8075-4742-a936-05415327fa50,Balneário Barra do Sul,"01a02d5b-378d-73db-9f98-7d91d688dc83"
"1b5cb6cc-7995-437f-9ba9-6b851ea6e855",Balneário Camboriú,"01a02d5b-378d-73db-9f99-7235fb30e002"
"6d79686c-d2cb-48f6-8ad2-31e1ec22c60f",Balneário Gaivota,"01a02d5b-378d-73db-9f9a-4f1a177f0374"
"0fda447e-71ac-4689-8cf3-b77e5ac527c9",Balneário Piçarras,"01a02d5b-378d-73db-9f9b-fafe221df38a"
"63d18f04-82d3-4342-842d-d535c23a0ad6",Balneário Rincão,"01a02d5b-378e-73d1-9673-d27c2e380f1e"
a0be5eb4-de7b-4dad-8ed7-198fc2b7c4d9,Bandeirante,"01a02d5b-378e-73d1-9674-1294c160c200"
"16e97c58-30f1-4308-9bbe-0e37f0acfb0c",Barra Bonita,"01a02d5b-378e-73d1-9675-e8297f17b14e"
e4414611-a89c-451e-ac91-d0d0eac77c16,Barra Velha,"01a02d5b-3ba7-78e2-b83c-f82d17f7862a"
c9fa04fc-e391-4a69-85e8-a3a09509b5a2,Bela Vista do Toldo,"01a02d5b-3baa-7e3a-b369-bd910e1b2c4b"
"5541e3fd-84f4-442d-ae3d-ff760230fded",Belmonte,"01a02d5b-3baa-7e3a-b36a-fed32a438512"
"0444f097-9a07-4ee7-b00a-da627521e6df",Benedito Novo,"01a02d5b-3bab-76bb-a491-91d87214fc52"
"02f96177-e4a0-49ac-8994-1735021cbb8c",Biguaçu,"01a02d5b-3bab-76bb-a492-c302efbce2c5"
"5c47be33-a0b4-4f4f-95a9-a86696b744fc",Blumenau,"01a02d5b-3bab-7f72-a493-24838440eac5"
"6b283356-bdb0-433a-bcb0-22f6706f252d",Bocaína do Sul,"01a02d5b-3bab-7f72-a494-1631c02d7fc1"
cb7053c7-ebda-48fb-a72f-bd5a57630b6e,Bombinhas,"01a02d5b-3bad-7063-94f5-adb59e34bd6b"
"6028c373-8d85-478c-bb49-c1a2a0c5ba5d",Bom Jardim da Serra,"01a02d5b-3bac-77ed-9492-e6ae7523ce5a"
"330a5752-0761-4092-adad-6ef8111c834b",Bom Jesus,"01a02d5b-3bac-77ed-9493-7a049e0515e0"
"1f5fb1bd-5792-428e-a646-d5306e223545",Bom Jesus do Oeste,"01a02d5b-3bac-77ed-9494-07148109086c"
"353ac575-1370-40ca-975e-f7ddd02db56d",Bom Retiro,"01a02d5b-3bad-7063-94f4-94fa355431b5"
be1805e8-4385-4876-8933-f8dcf5dc1d04,Botuverá,"01a02d5b-3bad-78d7-94f6-5ca8d3261c02"
e18b73f4-d810-4cfc-a531-d1514887d928,Braço do Norte,"01a02d5b-3bad-78d7-94f7-6f66fc4b1d18"
a825c031-95f8-4636-9b7a-8539f1bd0601,Braço do Trombudo,"01a02d5b-3bae-714a-afef-4985c2a909be"
d8148f8d-f160-4d64-8c49-0ccb99fa79b3,Brunópolis,"01a02d5b-3bae-714a-aff0-e169b2adf9ac"
"283d944e-5756-4197-b6b6-26b68500385a",Brusque,"01a02d5b-3bae-714a-aff1-1c7c3da157ce"
e6ba28af-4d34-4b9c-b7b5-e71a9f354c13,Caçador,"01a02d5b-3bae-79be-aff2-df198992c597"
"51cdc59a-3916-42d0-ae59-0717ff6808cc",Caibi,"01a02d5b-3bae-79be-aff3-ea5fe5f8d563"
e0a304f1-f2d6-468c-a341-eb3a0f2f9667,Calmon,"01a02d5b-3baf-727b-bdf0-008395a382fd"
afac9874-5787-4c2c-bfeb-0190cd377ec1,Camboriú,"01a02d5b-3baf-727b-bdf1-c39580936c64"
"083b16f5-1209-463f-8447-bbf703b27c2e",Campo Alegre,"01a02d5b-3baf-727b-bdf2-c4a7d6b4c612"
"2458a349-a955-4c5a-ab3d-16c453dc25b5",Campo Belo do Sul,"01a02d5b-3baf-7b5e-bdf3-b6f3ef85f5cc"
d6eb44b6-86da-4cea-a8ca-c4052ad9dd49,Campo Erê,"01a02d5b-3baf-7b5e-bdf4-c7b99a734557"
ce2252bc-44d2-4bde-9303-2fc117568764,Campos Novos,"01a02d5b-3baf-7b5e-bdf5-8c3383aef497"
d3b6100c-9ca9-4b88-a544-42fcd95ac081,Canelinha,"01a02d5b-3baf-7b5e-bdf6-8ca2223b9cd9"
"4da7f3ca-aaf1-4749-a189-f2587e34d095",Canoinhas,"01a02d5b-3bb0-741c-a38c-60343c387b40"
cf19c8bb-ff45-4b74-a1a2-d9a3b865502d,Capão Alto,"01a02d5b-3bb0-741c-a38d-fc09597ea083"
ec2ba426-1adf-4fd4-a015-ade8955c660e,Capinzal,"01a02d5b-3bb0-741c-a38e-7b85c312dd7b"
"5bad73a7-7cc1-4e24-9e39-1f25e522606b",Capivari de Baixo,"01a02d5b-3bb0-741c-a38f-9ef7985c77e7"
affc0c27-9832-4c62-bc6c-3220c33fa58a,Catanduvas,"01a02d5b-3bb0-741c-a390-025812068d2d"
"0a27341e-09cb-4467-a508-31483934c299",Caxambu do Sul,"01a02d5b-3bb0-7cc5-a391-fce4fd0f4356"
e070d34f-8a10-4c02-a722-895db72283b4,Celso Ramos,"01a02d5b-3bb0-7cc5-a392-e9bc0541c408"
"04e51a35-4143-47ea-9edc-290293262a69",Cerro Negro,"01a02d5b-3bb0-7cc5-a393-f6b76f32a012"
cbddc915-8a11-49bb-b795-14234b041bdf,Chapadão do Lageado,"01a02d5b-3bb0-7cc5-a394-90968c2ec9f5"
"1c1046ff-33c8-4a55-bb68-6a98a965a631",Chapecó,"01a02d5b-3bb0-7cc5-a395-14d9fa245a0f"
"0284f82f-abcc-40df-8949-cf0b930f7068",Cocal do Sul,"01a02d5b-3bb0-7cc5-a396-341338718aa9"
"25bab69b-33e3-453f-b668-36d526e78e0b",Concórdia,"01a02d5b-3bb0-7cc5-a397-a99bebf3bfaf"
"41c9e554-4390-412c-abc4-1bb04de5908c",Cordilheira Alta,"01a02d5b-3bb0-7cc5-a398-30f8d8b19925"
"4768365c-a833-44a4-b7b8-8adfcc66aef1",Coronel Freitas,"01a02d5b-3bb0-7cc5-a399-6a4c75f9024e"
"7c491ceb-184e-457c-8ad1-58b122cd13ff",Coronel Martins,"01a02d5b-3bb0-7cc5-a39a-e51ec0085f56"
b380910f-d489-4091-a375-2b4ae59c2fc5,Correia Pinto,"01a02d5b-3bb0-7cc5-a39b-d17aade9eadd"
f8a9e003-2030-4d52-8f25-79b7970a9f25,Corupá,"01a02d5b-3bb0-7cc5-a39c-0eab3b011b58"
"4ad181e3-a8cb-4655-a0d8-6afd0150c7a9",Criciúma,"01a02d5b-3bb0-7cc5-a39d-7ba1ea75b256"
"80701239-87dd-4b5e-b593-fe82b0fd9de9",Cunha Porã,"01a02d5b-3bb0-7cc5-a39e-370e0579feb4"
"181669af-8f61-4cc0-a613-36c59da46e0d",Cunhataí,"01a02d5b-3bb0-7cc5-a39f-68f21b775fc1"
"02c71690-f8a6-4b36-8324-198bd63c8ccc",Curitibanos,"01a02d5b-3bb2-74ed-90ca-51c38a6f453e"
"6f8c01dc-bbd3-4ee8-a4f8-cbf21185d6a6",Descanso,"01a02d5b-3bb2-74ed-90cb-8a903b607587"
"22063dd8-2bc4-4c06-8ffe-a69935a4d5fe",Dionísio Cerqueira,"01a02d5b-3bb2-74ed-90cc-1941b339b4bf"
"84c7465f-1f32-4e50-9c93-315d63b35b44",Dona Emma,"01a02d5b-3bb2-74ed-90cd-3f28e6d7068e"
cfc5d805-be06-484c-b240-e7255fcbc136,Doutor Pedrinho,"01a02d5b-3bb2-74ed-90ce-5c08a14df19c"
"7ed7b09c-0c54-4466-94bf-41547f9615ba",Entre Rios,"01a02d5b-3bb2-74ed-90cf-5331e16bd565"
"0a932d34-51b1-4547-8ab8-e7b7aa1fc2b8",Ermo,"01a02d5b-3bb3-7514-a71b-c68af1a5baa1"
fb21c780-3697-4dc9-9f8e-2630a3b0e296,Erval Velho,"01a02d5b-3bb3-7514-a71c-62600b1fec2c"
"69a53d89-57cf-4cce-9578-db5c7e10b4aa",Faxinal dos Guedes,"01a02d5b-3bb3-7514-a71d-16e6ac14174b"
"8627e0b2-8774-4cc2-ad1c-dbf89e9b1614",Flor do Sertão,"01a02d5b-3bb3-7514-a71e-2d4a13fa263c"
"6355b532-c298-401c-a35b-23a5caf9ccf7",Florianópolis,"01a02d5b-3bb3-7514-a71f-24a20edcebec"
"4f72cd0b-88a2-42ce-8e58-83c281c627a9",Formosa do Sul,"01a02d5b-3bb3-7514-a720-5bd8c2bb46d0"
"536ea42d-768b-4511-8ca1-fe89bf7309d4",Forquilhinha,"01a02d5b-3bb3-7514-a721-2fbf76903363"
c6658dc0-8281-47c9-916d-7349a99083a3,Fraiburgo,"01a02d5b-3bb3-7514-a722-e72059feb593"
f0de85f0-6d60-4add-a7cb-9e4faa658512,Frei Rogério,"01a02d5b-3bb3-7514-a723-668fad6e726d"
"51c0ef44-748e-40a4-92ae-fc0d493b1578",Galvão,"01a02d5b-3bb4-7503-9565-a4e7a76f4608"
d62a9184-fc7b-4107-836d-fbd8053097cc,Garopaba,"01a02d5b-3bb4-7503-9566-1ff0a65d5448"
d73b7665-19f4-4278-8567-9942fd8b023b,Garuva,"01a02d5b-3bb4-7503-9567-07f2db2af8ad"
"1390e8d7-28f5-44a7-a9b9-f196c7c425b5",Gaspar,"01a02d5b-3bb4-7503-9568-245a69e115ef"
"233d2941-f2e0-4f92-baac-25c683ffde63",Governador Celso Ramos,"01a02d5b-3bb4-7503-9569-66e3a9913463"
"6cc999ae-5fc8-498a-986c-f7a216d82679",Grão Pará,"01a02d5b-3bb4-7503-956a-24c63dc90206"
aab175e1-ccfc-475f-a664-a46b086c3ac6,Gravatal,"01a02d5b-3bb4-7503-956b-7df09c767de8"
eca4a785-35d8-4bad-8ae5-aa4f433587ed,Guabiruba,"01a02d5b-3bb4-7503-956c-08001cf41fa6"
"42c56c12-c0b7-4cb0-a7fe-0f15d6d9bfd7",Guaraciaba,"01a02d5b-3bb5-7502-aef7-f8a043325906"
"9b79b3b5-9b1f-46bc-b04e-f78ffc0e8240",Guaramirim,"01a02d5b-3bb5-7502-aef8-97b4ae117bc6"
"3e89f735-1d80-47c5-89e9-040fba319ed1",Guarujá do Sul,"01a02d5b-3bb5-7502-aef9-89449ad30bc9"
"81827e9d-12e9-4451-b3b4-5857186e5bf2",Guatambú,"01a02d5b-3bb5-7502-aefa-0154db1d60d5"
"166699a3-f043-4aa7-9116-423f854af64c",Herval D'Oeste,"01a02d5b-3bb5-7502-aefb-5a54e213daa9"
eafcaebe-4546-4677-a9bb-b24a9cc08843,Ibiam,"01a02d5b-3bb5-7502-aefc-14d0ac9f4428"
f8b5db19-a269-4544-b4e8-aaea9ccb0dee,Ibicaré,"01a02d5b-3bb5-7502-aefd-1457e3dfd585"
d9fec054-34ba-4fe8-9539-3811d83b65ca,Ibirama,"01a02d5b-3bb5-7502-aefe-f979e44207a7"
deadb02f-b881-4f4b-80dd-ffa577606759,Içara,"01a02d5b-3bb6-7502-a58c-5ae824e731fd"
bca1f15e-5f5b-45f1-bb78-19c353bc3445,Ilhota,"01a02d5b-3bb6-7502-a58d-3e4fe035a9e4"
cc16a8e8-8565-4263-8836-083b40d60c3a,Imaruí,"01a02d5b-3bb6-7502-a58e-241059d0f446"
d4db8c5f-4e58-4c08-b48a-e1bed6227a17,Imbituba,"01a02d5b-3bb6-7e24-a58f-f7e2ca703736"
"0ec21081-9e2a-4cd4-aed4-6884acf5f7cd",Imbuia,"01a02d5b-3bb6-7e24-a590-9caab17b9136"
"68550533-4e00-4238-90e3-3a98a5b84d6b",Indaial,"01a02d5b-3bb6-7e24-a591-31802ff9c224"
dbc7cefc-89cc-49d0-ab57-759b9040b3d6,Iomerê,"01a02d5b-3bb6-7e24-a592-b8d9bec231f5"
d96b78d1-ca7a-460f-be0f-bc9e75c76729,Ipira,"01a02d5b-3bb7-7e4e-942c-4ab7c88a7ef4"
"9f410bbf-0c6f-438e-b5cc-b6db711b0401",Iporã do Oeste,"01a02d5b-3bb7-7e4e-942d-09f177e174d3"
af6c3efe-985f-4a35-8c48-e9069cd0fc5f,Ipuaçu,"01a02d5b-3bb7-7e4e-942e-170174918861"
"1cf0449f-5696-4991-b934-d78173654ec1",Ipumirim,"01a02d5b-3bb7-7e4e-942f-7a7ec458f326"
"3531ae2d-0aef-41ae-921a-8904bc55a73d",Iraceminha,"01a02d5b-3bb8-7e3d-b946-9141227df3dc"
"261632de-17ac-4fae-a52a-361bfcd2e2b1",Irani,"01a02d5b-3bb8-7e3d-b947-16dd6d9200b0"
ed5c51bb-6f3f-41ce-9926-96455d11d274,Irati,"01a02d5b-3bb8-7e3d-b948-fd3784a19e08"
"680de573-396f-4beb-bd53-d57ed92de38c",Irineópolis,"01a02d5b-3bb8-7e3d-b949-ef85769c86bc"
b7c31806-dfbd-4593-ac88-b6fb5f9ab352,Itá,"01a02d5b-3bb8-7e3d-b94a-de22fd4a0c0a"
a079caf5-463e-4dfd-b097-1de0d3bd6289,Itaiópolis,"01a02d5b-3bb9-7e3c-a0a9-30a89b1545fc"
ce737d8e-7c65-4761-aece-46618db10c13,Itajaí,"01a02d5b-3bb9-7e3c-a0aa-160d0be9b707"
d7ca4d1b-c21f-4cac-8336-4bd42c4a2b0f,Itapema,"01a02d5b-3bb9-7e3c-a0ab-4e9dfa5dc915"
"0e343368-7d75-4661-b820-073ecf649fdd",Itapiranga,"01a02d5b-3bb9-7e3c-a0ac-9470129c6e4a"
b930660f-e9fe-416b-bd0c-f25b62280ed4,Itapoá,"01a02d5b-3bba-7e4e-a395-4d4fefefeec4"
"226bb894-aec5-4024-923b-fc0ee1ca0875",Ituporanga,"01a02d5b-3bba-7e4e-a396-4192d97cb3a6"
"25cf0e6a-0f12-4c11-99d6-0fd14f1ed6b1",Jaborá,"01a02d5b-3bba-7e4e-a397-85f0cd493972"
"7774dd63-5919-47fd-a7ca-af7c310645c7",Jacinto Machado,"01a02d5b-3fda-7b4b-94f9-f780dda2f4f4"
a41814dc-8850-4aed-9d57-1507db0b57cc,Jaguaruna,"01a02d5b-3fdd-77aa-8073-162fe43ee673"
ac0dc729-dd4d-4460-9474-312e348850e9,Jaraguá do Sul,"01a02d5b-3fde-70a9-a2a6-0a7fbdd32729"
d4d5e6ac-d5ff-4def-b7a1-32cff2f71961,Jardinópolis,"01a02d5b-3fde-70a9-a2a7-34f9a7b816c1"
"8b669b1a-a456-408c-8251-5dd43c7003aa",Joaçaba,"01a02d5b-3fde-79af-a2a8-f74d0ef5bf51"
"36f29e4d-e60e-4443-a9e2-4ee2865eec53",Joinville,"01a02d5b-3fde-79af-a2a9-c488c24d8e6d"
"9e2771ed-b9e7-4b65-aba7-0fa6d56fe4d5",José Boiteux,"01a02d5b-3fdf-724b-a0e9-8112b4321e45"
"57243713-d8b3-4b3e-86e3-526ad6218042",Jupiá,"01a02d5b-3fdf-724b-a0ea-7d876b2fab5a"
cc085c3a-963b-41b8-8fa3-223cc38ebbb5,Lacerdópolis,"01a02d5b-3fdf-7ae4-a0eb-17d503993384"
df1b4c84-c1c0-46fe-817a-c1ba3c1dfe03,Lages,"01a02d5b-3fdf-7ae4-a0ec-e48a1225e988"
"93193fed-9d4f-42a4-bf49-e2e90d7ee23c",Laguna,"01a02d5b-3fdf-7ae4-a0ed-801d9bcb4a86"
"07f238ee-869a-4037-a673-4cb5eba2da98",Lajeado Grande,"01a02d5b-3fdf-7ae4-a0ee-4e88135ba81f"
"81624958-fb3b-42bd-9cd1-f132c2b663f5",Laurentino,"01a02d5b-3fe0-7b1c-ab68-87c3d07bded9"
"3f696a34-a4c8-4a6f-9fec-d8166d4337d0",Lauro Müller,"01a02d5b-3fe0-7b1c-ab69-b40d4ba0df30"
"81c5d05d-14a9-4095-9d5c-441bd6ca4e7e",Lebon Régis,"01a02d5b-3fe0-7b1c-ab6a-e1198f1590f3"
"2153f384-f806-409d-8d57-f7fdfb993cd3",Leoberto Leal,"01a02d5b-3fe0-7b1c-ab6b-dded79ee4d22"
"57e559fe-14d5-4238-97fb-dc9d348a96b6",Lindóia do Sul,"01a02d5b-3fe1-7b21-b3bb-302c0911be1d"
"3e545509-0ca1-49b6-896c-8edf28131523",Lontras,"01a02d5b-3fe1-7b21-b3bc-1e8c4e8ebb18"
"3e242f48-e39a-4541-8039-ea06421e0788",Luiz Alves,"01a02d5b-3fe1-7b21-b3bd-a5b1cad2de40"
f9ec84a4-55b9-499d-85ad-7c12b24085ee,Luzerna,"01a02d5b-3fe1-7b21-b3be-59343535c988"
eab7fd8f-0208-465f-8d86-34caf49477e2,Macieira,"01a02d5b-3fe2-7b21-a62e-f889403bae43"
"286c9e93-60b4-483a-9982-7ec0bca2a97c",Mafra,"01a02d5b-3fe2-7b21-a62f-6a15898a7b4b"
d34c710c-689f-4c61-b376-33521f6fd7ce,Major Gercino,"01a02d5b-3fe2-7b21-a630-1f083daa3142"
"7dab9db4-5cb1-4931-bbd9-b08fbad129e3",Major Vieira,"01a02d5b-3fe2-7b21-a631-1452c4f1ebd1"
ce648260-4233-47f5-bfa0-96a48a493432,Maracajá,"01a02d5b-3fe3-7b1b-ab7e-076775357806"
"3aa76407-a8a0-48c0-a804-8a90a66b64c5",Maravilha,"01a02d5b-3fe3-7b1b-ab7f-943dfc7f305f"
e56a29de-21a7-4337-8170-bb3f32e11ab5,Marema,"01a02d5b-3fe3-7b1b-ab80-810a7e6308e4"
"1d3d1bf1-834e-4d50-964f-8a5ed355f813",Massaranduba,"01a02d5b-3fe3-7b1b-ab81-8f249bf37e1b"
b61496e1-e102-462b-a2dd-2cf71a928919,Matos Costa,"01a02d5b-3fe3-7b1b-ab82-c45d5c257b49"
f297dc26-ad7e-4f3c-87e8-97a5d3ad9bbf,Meleiro,"01a02d5b-3fe4-7b0a-9176-381b0ab6eef3"
"079dce96-dddc-4186-8fee-6a6c8b96efd8",Mirim Doce,"01a02d5b-3fe4-7b0a-9177-56f2a055e26c"
"5b748c04-9314-4ac2-ad13-e70f0d0f8504",Modelo,"01a02d5b-3fe4-7b0a-9178-93f364b3d528"
"95e679fd-42dc-4164-8b7c-186b1e00fb73",Mondaí,"01a02d5b-3fe4-7b0a-9179-5317c01a346c"
ed55ea17-1c6d-4e4c-b6f0-089a2d055c65,Monte Carlo,"01a02d5b-3fe4-7b0a-917a-1fc653235adf"
"33c24caf-cd86-4672-b113-bf17f0c2fe97",Monte Castelo,"01a02d5b-3fe5-7b1b-a8ac-05cad7198687"
"35ffc544-744f-442d-8b3c-bd119fb616d3",Morro da Fumaça,"01a02d5b-3fe5-7b1b-a8ad-c1d0e2c0b926"
e68b6c3a-836d-4eb8-9bae-c8fcd453b6ee,Morro Grande,"01a02d5b-3fe5-7b1b-a8ae-637ecfb87133"
"236bd816-086f-4233-9e8b-1fb75e893d01",Navegantes,"01a02d5b-3fe5-7b1b-a8af-18287798c756"
"9453feae-9f02-4394-ac20-68f5817a9af9",Nova Erechim,"01a02d5b-3fe6-7b1d-9b4f-e8ec88a0b4f6"
"9402daa9-2c96-440b-a2b8-49f587c4ca15",Nova Itaberaba,"01a02d5b-3fe6-7b1d-9b50-f6fb91d5330f"
"48a634ee-c4e3-4ef6-9be7-4bf68c0e8169",Nova Trento,"01a02d5b-3fe6-7b1d-9b51-7338822ab2e3"
bfc5f170-1b87-4f0b-bf90-d1e98deebc2c,Nova Veneza,"01a02d5b-3fe6-7b1d-9b52-074dbd73c1b9"
c0c5f464-8d5f-4f0c-aa5e-1706313f068b,Novo Horizonte,"01a02d5b-3fe6-7b1d-9b53-4940c393e58c"
fa34db22-54b5-4f83-80bb-2894e2448f97,Orleans,"01a02d5b-3fe7-7b1d-96a5-b21eaa71d284"
a9dfe19a-b87e-4b49-a6b1-c4993cc1613c,Otacílio Costa,"01a02d5b-3fe7-7b1d-96a6-e89146d2f52f"
ea7ca8c9-e98f-4795-9b6a-6c8e13759e25,Ouro,"01a02d5b-3fe7-7b1d-96a7-d49dc096121a"
be269ce3-2e75-45f0-8872-4b8511496b7a,Ouro Verde,"01a02d5b-3fe7-7b1d-96a8-54ac5773257e"
c1c14e20-37d4-42ae-9687-e48c65ac3de1,Paial,"01a02d5b-3fe8-7b1f-82d2-7380f7605898"
ad205262-1e23-402c-b077-af7ea6a12412,Painel,"01a02d5b-3fe8-7b1f-82d3-5b5e5d1dc0f3"
"36c2c158-b13a-4b94-9c6b-f69eda9a0a6a",Palhoça,"01a02d5b-3fe8-7b1f-82d4-29dc920f2784"
ea26eada-fe6a-4b3b-9c40-19dae9ec2b2c,Palma Sola,"01a02d5b-3fe8-7b1f-82d5-317aa3f8cea8"
a6d8f76c-4356-4237-a75c-7cfe8219b1b8,Palmeira,"01a02d5b-3fe9-7b1d-894c-9250dcb5bbe3"
"069d94a6-3a13-4aff-89e3-3c5ef0b6abd4",Palmitos,"01a02d5b-3fe9-7b1d-894d-01836ebb8c53"
"75dffd24-f55d-4c73-815c-01b20e0924d7",Papanduva,"01a02d5b-3fe9-7b1d-894e-c63691748462"
"69c18bfb-0a29-4b63-a180-c727a6b0cf79",Paraíso,"01a02d5b-3fe9-7b1d-894f-0dfdf22597f5"
ded717e6-168d-4e29-bb2a-24cb99326413,Passo de Torres,"01a02d5b-3fea-7b2b-9226-f08596981e98"
"0895adf9-21ef-4bdd-88e8-dbbefbd3d25d",Passos Maia,"01a02d5b-3fea-7b2b-9227-022f0a1cd6f9"
"73334a47-b2df-4ae4-ab65-5844736eb123",Paulo Lopes,"01a02d5b-3fea-7b2b-9228-b5b6cd7fa86b"
"1b35f1ac-d4e4-4bfb-b852-ab85a22be6d2",Pedras Grandes,"01a02d5b-3fea-7b2b-9229-0acf9f2c4974"
f1501be2-482a-47e0-9d09-11edde92c556,Penha,"01a02d5b-3feb-7b4f-9988-295bcf954b9e"
"3c4ab8c2-0775-4a97-a3b7-d0f963bb8a0d",Peritiba,"01a02d5b-3feb-7b4f-9989-79774fe839d9"
bf3b0572-f305-4fa1-b1e2-4263ae8e7e0b,Pescaria Brava,"01a02d5b-3feb-7b4f-998a-f982993cb42b"
a4ef4eee-14a1-452f-94f2-6830ec7cad38,Petrolândia,"01a02d5b-3feb-7b4f-998b-f7ad5304a610"
"7319fad7-67e6-4d92-90c1-9cb221c98f09",Pinhalzinho,"01a02d5b-3feb-7b4f-998c-0b862deb3d4e"
"83da988a-1a1b-4920-9fbb-9426e7372844",Pinheiro Preto,"01a02d5b-3feb-7b4f-998d-c7f620757c45"
"2a87d459-abd6-44e9-b3ed-a515496887f5",Piratuba,"01a02d5b-3feb-7b4f-998e-fbb873946d6a"
"46198e29-a4da-41b6-873a-d7be64fa1802",Planalto Alegre,"01a02d5b-3fec-7b0d-bf98-ff883656d771"
b5144835-bcd3-4ab1-8323-f2c81c6ad45f,Pomerode,"01a02d5b-3fec-7b0d-bf99-54548b261cc9"
"2a4bf6f4-4803-46bd-88f8-f3d86c570876",Ponte Alta,"01a02d5b-3fec-7b0d-bf9a-075bb6b1febb"
b9c9f91a-d6b3-44a7-aff4-40b260d3efd5,Ponte Alta do Norte,"01a02d5b-3fec-7b0d-bf9b-6416717c43c0"
"80300ac7-30c6-4609-a663-f45432ea62d9",Ponte Serrada,"01a02d5b-3fec-7b0d-bf9c-0f949d242229"
a7366ed4-97a1-4f25-84f7-8e18300a6d6a,Porto Belo,"01a02d5b-3fec-7b0d-bf9d-7ecaa3a3a0fe"
"852e8e9a-8775-4540-9a9d-a065f6b24a20",Porto União,"01a02d5b-3fec-7b0d-bf9e-d246acb9db0d"
f54c56d1-177b-4c93-9277-38c95216f665,Pouso Redondo,"01a02d5b-3fed-7b09-b4d7-e26c30d31f82"
"786e6618-3c78-4e63-bda4-43259c479200",Praia Grande,"01a02d5b-3fed-7b09-b4d8-7401320e6caa"
"2f034d1f-9df6-481e-b1c1-1168f544dc69",Presidente Castello Branco,"01a02d5b-3fed-7b09-b4d9-f3ea23a450e3"
e6bac660-835b-4ba0-b411-3e00e791b2bc,Presidente Getúlio,"01a02d5b-3fed-7b09-b4da-b96a4fd464f1"
deda3394-f655-4930-a9a1-eebd263305ce,Presidente Nereu,"01a02d5b-3fed-7b09-b4db-2971cd2c5477"
cdd2e6e4-166b-47e3-844f-381726711d2b,Princesa,"01a02d5b-3fed-7b09-b4dc-f8d3ff025da5"
bac363b0-f69a-4e03-824c-0b9ce910eeec,Quilombo,"01a02d5b-3fed-7b09-b4dd-a3cd69a34bbd"
"02ebf6f8-85c6-4687-9472-474e20584385",Rancho Queimado,"01a02d5b-3fed-7b09-b4de-1c5332d0fa89"
"5f0e61a7-63fa-464b-b088-34e84a7f60b8",Rio das Antas,"01a02d5b-3fee-7b09-a6d6-effe3d3645fe"
"08c64070-a8d4-4b99-b31d-dda50636783d",Rio do Campo,"01a02d5b-3fee-7b09-a6d7-6a79b905d2eb"
"8eeb0c9b-9338-4abc-b954-9b6f115c9f07",Rio do Oeste,"01a02d5b-3fee-7b09-a6d8-282e744f020e"
"3c8dd3aa-7506-4298-9c44-ba831b67152e",Rio dos Cedros,"01a02d5b-3fee-7b09-a6da-bdf8be206b3d"
"55b8c5f5-4b91-4451-82ce-bc5b9516ceca",Rio do Sul,"01a02d5b-3fee-7b09-a6d9-24773d21d2eb"
"635cb744-0472-4513-91e0-228c65e961fb",Rio Fortuna,"01a02d5b-3fee-7b09-a6db-9e7b9d4131dc"
"2aacf796-85ca-4000-a6a0-1aeab156fcfd",Rio Negrinho,"01a02d5b-3fee-7b09-a6dc-bf4e3dcaabd2"
"3fed9aa5-74d6-46d3-b7ea-45eb9a98e4e6",Rio Rufino,"01a02d5b-3fee-7b09-a6dd-c9b8419ea487"
"6ee77f01-f2a1-4527-8b8b-3afdd61fc274",Riqueza,"01a02d5b-3fef-7b12-aa3b-35abb47604a6"
"1fe137a9-dd0c-4b4b-8a03-2c0521fa3a07",Rodeio,"01a02d5b-3fef-7b12-aa3c-8fbb496fd51d"
"483a249d-cae2-47b5-81f9-13acc30bdba8",Romelândia,"01a02d5b-3fef-7b12-aa3d-2d00344fe868"
ae37f759-c7e2-4b22-b45e-90b103a23275,Salete,"01a02d5b-3fef-7b12-aa3e-aeac8c521013"
"6017369b-dfda-4ca0-ba27-aa0872fdf8e3",Saltinho,"01a02d5b-3fef-7b12-aa3f-bc9d03e6aa01"
de41184e-bcfa-4103-91ee-363936dec708,Salto Veloso,"01a02d5b-3fef-7b12-aa40-16e7d533258c"
"15281d3f-ef78-49a2-b6a4-32dbca78a601",Sangão,"01a02d5b-3fef-7b12-aa41-56675e26e7f5"
"2e9a0c7f-f963-4dde-96a6-9362a24aab2d",Santa Cecília,"01a02d5b-3fef-7b12-aa42-00b3cc255e01"
"3ba84a21-e249-4c97-a86c-12a7d074acd9",Santa Helena,"01a02d5b-3ff0-7b0b-8656-bd5751d0adf6"
"316796aa-add9-4eee-9ad7-8912f4f3b095",Santa Rosa de Lima,"01a02d5b-3ff0-7b0b-8657-cf2d6c65afa9"
f140503b-423c-4b0a-8031-bd7000b6daa7,Santa Rosa do Sul,"01a02d5b-3ff0-7b0b-8658-9d1c7efd2ad6"
"6661b83b-4e80-474b-a79f-b361163ecc8a",Santa Terezinha,"01a02d5b-440b-70e4-a381-943531b5298f"
"9953909d-ce7c-498b-a99c-7d7408391aa0",Santa Terezinha do Progresso,"01a02d5b-440d-7c90-a2ff-9e33e8c9f195"
"8bf8392d-e8e1-42c1-b65c-8f31b227fb08",Santiago do Sul,"01a02d5b-440e-755b-b49d-5c9e83911b6d"
e8d6124d-710c-4986-8e1f-667633649e11,Santo Amaro da Imperatriz,"01a02d5b-440e-7dd1-b49e-fed6cea229b1"
e367794a-92af-4c91-bcd2-ad7c328fe5de,São Bento do Sul,"01a02d5b-440e-7dd1-b49f-bc2aafdf1a3c"
"56d6b5d8-33a0-4778-bce4-b1e649abca17",São Bernardino,"01a02d5b-440f-7643-a3dc-3b0d631ca507"
"6709022c-d8af-4028-a6fe-83845ee72e05",São Bonifácio,"01a02d5b-440f-7643-a3dd-eac2acf72e3a"
"1cf75049-b534-422e-a934-9db2d2605a07",São Carlos,"01a02d5b-440f-7f0e-a3de-64745b1b12cd"
"8dedf660-8364-4a44-aac5-6238a5e75217",São Cristóvão do Sul,"01a02d5b-440f-7f0e-a3df-31f4c8d26320"
"2e041e7b-588f-4c1e-ae08-0d35f0fa7036",São Domingos,"01a02d5b-440f-7f0e-a3e0-2e15977e1556"
a53382b3-34e2-4911-ac73-e68ec2d9715d,São Francisco do Sul,"01a02d5b-4410-777a-b472-6c10bef70ef1"
e8a2ec4c-0b06-495f-ab0b-53a7a6d53eef,São João Batista,"01a02d5b-4410-777a-b473-7c6be994a817"
"46583d2c-fc13-4ea8-a097-d8a1bf0a3219",São João do Itaperiú,"01a02d5b-4410-7fdf-b474-ed740fc7e929"
a3404681-8708-4b61-8e81-c3d9cdd542db,São João do Oeste,"01a02d5b-4410-7fdf-b475-6fe6ff1b80d6"
"1adca5d3-6759-4e8e-9eff-68a3df2964a2",São João do Sul,"01a02d5b-4411-7851-99a5-21ac5be20669"
b3d00dde-cd18-4388-a3a7-c6392e29ddbc,São Joaquim,"01a02d5b-4411-7851-99a6-48a183769e2c"
"13d64436-3a40-4f3c-87d0-f2f7901e0755",São José,"01a02d5b-4411-7851-99a7-9e1cfe24bf48"
b60fb683-aa8b-439c-aee1-569a2495ec5f,São José do Cedro,"01a02d5b-4412-70b6-8b29-a827b361bfea"
b4ba8a62-6655-4581-b4a9-cbe4830db5b6,São José do Cerrito,"01a02d5b-4412-70b6-8b2a-b764fab32fc9"
"00b16df6-b241-488c-b573-1499632f9469",São Lourenço do Oeste,"01a02d5b-4412-7978-8b2b-dab865bcadea"
"75a3364d-2a08-45f9-8a57-0162401762e2",São Ludgero,"01a02d5b-4412-7978-8b2c-cf55cb5377ec"
c530cc6f-14c0-44ba-bdcc-0bd0321c2862,São Martinho,"01a02d5b-4413-71dd-a448-afed7a2e30ef"
a196e0ca-40f8-4991-a61f-f2356e747d54,São Miguel da Boa Vista,"01a02d5b-4413-71dd-a449-3eff8661b911"
"117b45f5-fb9a-4ce8-b5fe-5003e4f92c5e",São Miguel do Oeste,"01a02d5b-4413-71dd-a44a-aa090a6b0794"
"9a218b0a-4d79-4f74-a77f-dc5b41e43757",São Pedro de Alcântara,"01a02d5b-4413-7a8e-a44b-f55b7b05794e"
a378dafe-acb5-4424-bd52-35d120c1961a,Saudades,"01a02d5b-4413-7a8e-a44c-b9a5310f101a"
"3e6e3217-81c6-4783-a7a5-866bd767b736",Schroeder,"01a02d5b-4413-7a8e-a44d-b06123aff1ae"
"39f2613d-eee4-4cb4-87f7-7a0e69f4668f",Seara,"01a02d5b-4413-7a8e-a44e-cc02b7f770de"
"012a61aa-7c2a-4e64-a8db-7c0f73252680",Serra Alta,"01a02d5b-4414-7ab9-b700-89e0dcf924ff"
ec541471-c781-4a3c-8c58-0650c95becc2,Siderópolis,"01a02d5b-4414-7ab9-b701-02d347b019ad"
cce71bfc-4b6c-4201-b232-b4a511470b25,Sombrio,"01a02d5b-4414-7ab9-b702-c08d8e6f8cae"
"8ee005be-69b8-4c20-9e26-8b513dbb255a",Sul Brasil,"01a02d5b-4414-7ab9-b703-7e67252e9ee8"
a0c2be51-80c0-4661-a6b6-1d26e53147c6,Taió,"01a02d5b-4415-7abb-a911-28399a38a08a"
c8fa0778-f7c1-4683-9376-bb75a1f83d87,Tangará,"01a02d5b-4415-7abb-a912-21f2b1e9dfc9"
"0e94e4bc-03d6-4b76-9292-eb52858892d6",Tigrinhos,"01a02d5b-4415-7abb-a913-d420f23ea7ee"
"8a2d0dbf-20ab-47cb-b75d-1bd95fa5b6c2",Tijucas,"01a02d5b-4415-7abb-a914-9fd9bd517a99"
bcd3cf6c-e3bd-4606-a22a-0d05f772e820,Timbé do Sul,"01a02d5b-4416-7ab9-b709-f80fccfaf6b0"
a6194492-8449-4fef-9f7d-fa5d0d5eee72,Timbó,"01a02d5b-4416-7ab9-b70a-4d1c575bc246"
ba03aebe-f629-4811-aa36-556260cef5f3,Timbó Grande,"01a02d5b-4416-7ab9-b70b-79dea1e4fdb7"
b0e23a64-a80f-4f38-8a1f-30e4eed9a49a,Três Barras,"01a02d5b-4416-7ab9-b70c-f2cf49e0dd2a"
e2794742-984d-4111-834a-614b7aa5eacf,Treviso,"01a02d5b-4417-7aa6-b65e-7cfac90b0c61"
"7391c156-3877-4214-9b10-2b283bbb57b0",Treze de Maio,"01a02d5b-4417-7aa6-b65f-0aaea2af7424"
"724518e5-e7ed-4c65-8fc8-f4967f048447",Treze Tílias,"01a02d5b-4417-7aa6-b660-cc7217580f12"
bbf66a1f-d472-4504-85f8-0829316bc624,Trombudo Central,"01a02d5b-4417-7aa6-b661-e2cfd120d21d"
"9da48aa4-a85d-4b62-89b7-002bba8d1663",Tubarão,"01a02d5b-4417-7aa6-b662-19a7f63bae1b"
dd2db8af-953b-482b-9fcf-580ae64058bf,Tunápolis,"01a02d5b-4418-7aac-8e16-54b26fbad6e4"
eec83cbc-d6a7-47bf-8e7c-b8081a621a17,Turvo,"01a02d5b-4418-7aac-8e17-ad884b12fc5a"
ef90a3a9-af1d-4a4a-8396-b5ba69e88b3e,União do Oeste,"01a02d5b-4418-7aac-8e18-0bd76aa19092"
"19e54e85-3fa1-408f-b447-742c1b1aee81",Urubici,"01a02d5b-4418-7aac-8e19-447f5d134752"
"76bf2c37-7977-4d70-b76e-66a9c05e8bb7",Urupema,"01a02d5b-4418-7aac-8e1a-3926810df320"
"9351ae0d-db25-4e90-8b28-5406a7ddc511",Urussanga,"01a02d5b-4418-7aac-8e1b-0709d1a3bf80"
"3136d4f0-ceb1-4de8-bf27-5022a3a72ccc",Vargeão,"01a02d5b-4418-7aac-8e1c-f837878fada9"
"776b05af-206e-4362-a033-17c41ad8e995",Vargem,"01a02d5b-4419-7aa5-b33e-e4c4138f6c34"
"77aee87a-bbd8-4bf8-bdce-d7f1f1cbb232",Vargem Bonita,"01a02d5b-4419-7aa5-b33f-3eb5966373b0"
"4f6b393f-40f6-455b-9490-4d3cbe4f797d",Vidal Ramos,"01a02d5b-4419-7aa5-b340-b7e2916464f8"
b730ec90-e2ac-4e95-813e-c73bf1a0f593,Videira,"01a02d5b-4419-7aa5-b341-eb68be40bc1e"
"5b9c61e5-1889-4427-9128-d76be2b4f436",Vítor Meireles,"01a02d5b-4419-7aa5-b342-b4dff9c3b3cc"
ae26f91a-9c6d-4a97-be89-049d0776e5ad,Witmarsum,"01a02d5b-4419-7aa5-b343-c259765dea56"
e6ee6af4-0d7a-4bf7-a408-09c96adb3f5f,Xanxerê,"01a02d5b-4419-7aa5-b344-857feb2cc9ec"
abe8a860-9821-4094-bd96-b09f6edd4d9c,Xavantina,"01a02d5b-441a-7aa5-b5dd-99ca15176e18"
abac122b-2855-4979-9c49-1908be55005c,Xaxim,"01a02d5b-441a-7aa5-b5de-604d3478f910"
"417c7b80-5495-4c25-b8cc-3f8a84038cac",Zortéa,"01a02d5b-441a-7aa5-b5df-322bfcfb440a"
"569147b4-64ef-4a92-8f28-de15098ba882",Amparo de São Francisco,"01a02d5a-d168-754f-9872-47704fdea4c8"
edbfa01f-3121-459a-82fd-805a6c8c7d97,Aquidabã,"01a02d5a-d16b-7bcf-bb5b-a692fecf35cf"
"71df064f-d17f-4cf5-ad45-93ce4e8182a5",Aracaju,"01a02d5a-d16b-7bcf-bb5c-ab8742acd5ed"
"68b15077-1869-4c57-9957-6a40826bf6cd",Arauá,"01a02d5a-d16b-7bcf-bb5d-5d2843a1a3e9"
"521e6eea-e84e-4e18-97c6-31d4d99014bb",Areia Branca,"01a02d5a-d16c-748a-81fc-3432b84fee54"
e77cb83b-de9d-41cd-a51a-85bd2af78622,Barra dos Coqueiros,"01a02d5a-d16c-748a-81fd-b30fe1b61ba3"
"571daa0d-cddd-48c8-aa05-1a30ee792210",Boquim,"01a02d5a-d16c-748a-81fe-b8d7956574f5"
"0c9f1e52-e693-4579-b460-d02da7e18d2e",Brejo Grande,"01a02d5a-d16c-7d4f-81ff-8aa8f072707c"
f27d5243-a243-400a-a384-6a95c20e487d,Campo do Brito,"01a02d5a-d16c-7d4f-8200-dfd455ea6659"
b8e4e369-81eb-45e8-be0d-36199c21de55,Canhoba,"01a02d5a-d16c-7d4f-8201-a9529cb551e2"
cb572662-4b0e-457e-b6cc-90079792de3c,Canindé de São Francisco,"01a02d5a-d16c-7d4f-8202-4969fcdbb366"
"37fb4219-989c-4ade-b318-6db69c58f9da",Capela,"01a02d5a-d16d-7606-84a6-465023b9c0f8"
dd57e32d-3a4e-473d-9835-8ccbd9710772,Carira,"01a02d5a-d16d-7606-84a7-f1bb72e10f8d"
"3aec96b7-9c32-4820-b776-ef86a31aaa41",Carmópolis,"01a02d5a-d16d-7606-84a8-a2294f7cbd72"
"784b538c-b6c5-4614-86b7-f3bcd8108363",Cedro de São João,"01a02d5a-d16d-7606-84a9-e6ab63507f2d"
"0ac32364-0c42-4bcc-922d-8e18e497037a",Cristinápolis,"01a02d5a-d16d-7eaf-84aa-b8788f134222"
e3bf0362-2997-4953-9cb2-4645c69dd451,Cumbe,"01a02d5a-d16d-7eaf-84ab-a1b28396a89c"
acae0219-5f56-44cf-a079-4a5644a27a61,Divina Pastora,"01a02d5a-d16d-7eaf-84ac-760fafa8c629"
"4276a34c-2c68-4ba4-a78f-2c5cb9743288",Estância,"01a02d5a-d16d-7eaf-84ad-1540d29ea1f5"
"6ccf1fdb-34bf-4cac-b9c9-8e0378cb27e8",Feira Nova,"01a02d5a-d16e-7772-8b76-6a7256e23850"
e60ed079-47be-45b6-b69c-f2bc28c89457,Frei Paulo,"01a02d5a-d16e-7772-8b77-035de1ed4243"
"69d4cb35-5bf4-4332-8750-636f142345fc",Gararu,"01a02d5a-d16e-7772-8b78-067d2fcb5773"
"29457f56-ffb2-4458-9755-40bf98a9cd22",General Maynard,"01a02d5a-d16e-7772-8b79-cc80474d8987"
"7e8afcaf-46a3-4bbf-9d9d-a3325059b2a2",Graccho Cardoso,"01a02d5a-d16f-7038-81d8-c1fe100301f1"
"695f95aa-2d27-4a09-a92f-1706b61bcf68",Ilha das Flores,"01a02d5a-d16f-7038-81d9-b1fff497ad97"
"936070ab-cdf4-488b-8831-4d8597fd6ba6",Indiaroba,"01a02d5a-d16f-7038-81da-1b2e34b16fca"
"8d820d6b-d516-4628-8228-0e70dcaf08f5",Itabaiana,"01a02d5a-d16f-78fb-81db-eeb49cdd1d6d"
"29fa9cdd-b6d8-4d7b-a7cb-2961b9546ccc",Itabaianinha,"01a02d5a-d16f-78fb-81dc-a98348ea66c6"
"8f1ba015-8418-4ce9-8c88-152b7f406d19",Itabi,"01a02d5a-d170-73f1-b0a9-be6361987dc8"
"52f0881a-df3c-40ab-b948-99873eeec51d",Itaporanga D'Ajuda,"01a02d5a-d170-73f1-b0aa-f77c30749a7b"
"1ac37ac7-7adf-4119-b838-680618912bd6",Japaratuba,"01a02d5a-d170-73f1-b0ab-27ce59d9e519"
e78b2db3-8bd4-45eb-8d48-be8b74af5cd1,Japoatã,"01a02d5a-d170-7ccd-b0ac-3802a302f1e5"
"55d6f5eb-4cb3-4537-a8eb-8ae03a4b1e9b",Lagarto,"01a02d5a-d170-7ccd-b0ad-9e2bad231987"
"2f9042ec-6083-4dd0-a3cc-c29db7db8dfb",Laranjeiras,"01a02d5a-d170-7ccd-b0ae-9f8417fa5483"
fc8cef1d-939f-4d44-af72-ef02c087ab6a,Macambira,"01a02d5a-d170-7ccd-b0af-0910289956d0"
"78d7012b-54d2-42e1-b5d7-d0488196c4a2",Malhada dos Bois,"01a02d5a-d171-7542-a380-91184e67825c"
cf0f03ab-f7bb-49f8-b17b-29a40413957a,Malhador,"01a02d5a-d171-7542-a381-ea98f5be5b9a"
c295e1e0-dd75-4841-a759-224b760ce4d0,Maruim,"01a02d5a-d171-7542-a382-094e7cdde6c5"
cff19935-58ba-4238-90e0-f846c6295aee,Moita Bonita,"01a02d5a-d171-7e21-a383-d8cade741325"
a50aed8f-cd5b-4bae-8a73-583a1fc94a33,Monte Alegre de Sergipe,"01a02d5a-d171-7e21-a384-9edb2f6449de"
"2bf2de4e-8966-4ff6-bab3-33692ab1d526",Muribeca,"01a02d5a-d172-76e0-8d90-f70a7254dd69"
"08f6abe1-dbe7-444e-aca0-8f730693de9e",Neópolis,"01a02d5a-d172-76e0-8d91-a326240e81d6"
"2f67dd2e-f26f-4478-81e6-5235a446dfb5",Nossa Senhora Aparecida,"01a02d5a-d172-76e0-8d92-ead645632594"
"0fe9d23b-b305-4c62-bb68-46447fc7ff7d",Nossa Senhora da Glória,"01a02d5a-d172-7fbb-8d93-9a3e3d75a4eb"
f0dc9b0e-f962-4398-b0f3-01c522254cfd,Nossa Senhora das Dores,"01a02d5a-d173-789c-9335-888606a65ecb"
e3becf41-112d-4ae3-bcb1-b3c77841baba,Nossa Senhora de Lourdes,"01a02d5a-d173-789c-9336-ff376ca788c8"
"11ae317c-9ff1-4755-802b-73f78055710c",Nossa Senhora do Socorro,"01a02d5a-d173-789c-9337-ec7ef9d11465"
"9c309e92-d65c-49e0-85e3-c7f665828e95",Pacatuba,"01a02d5a-d174-7171-8d09-88b60372f949"
a0fa674d-9fb7-426a-808c-a59d98d856fc,Pedra Mole,"01a02d5a-d174-7171-8d0a-77249c4f39b7"
"54920c99-d8e3-44ed-9fad-3386ef84a336",Pedrinhas,"01a02d5a-d174-7a41-8d0b-c9c9e5c7cb56"
"00e0e4b4-a105-45df-ae60-81eae01f4edf",Pinhão,"01a02d5a-d174-7a41-8d0c-1db99419e21c"
"6cc16734-8cbc-426c-821f-9d6dc04caac1",Pirambu,"01a02d5a-d174-7a41-8d0d-106cf8809b32"
"080c1aaf-d0dd-4c5e-a81f-862a81c743a4",Poço Redondo,"01a02d5a-d174-7a41-8d0e-e8d832d96d61"
"76c13f8b-7e84-4c21-8ccf-1dffbed52f2a",Poço Verde,"01a02d5a-d175-72f6-ae98-a25c49a2cd98"
b081a115-f0b2-4407-905e-5aa884920670,Porto da Folha,"01a02d5a-d175-72f6-ae99-4c017db2d027"
"80a57d12-60eb-4387-8ee5-40502f621868",Propriá,"01a02d5a-d175-72f6-ae9a-b3f4a16acd94"
fb3f689a-e41b-4907-900b-69f61ab50d58,Riachão do Dantas,"01a02d5a-d175-72f6-ae9b-43433f32c0f4"
d6c1b821-c1db-41cd-8f26-71f900ad39d0,Riachuelo,"01a02d5a-d175-7bae-ae9c-e99843112109"
a25ca505-f70a-4919-8693-ee3c126f5369,Ribeirópolis,"01a02d5a-d175-7bae-ae9d-dc20947b88c2"
"5a409ef1-37ae-42e5-ac6a-e49a02b08f17",Rosário do Catete,"01a02d5a-d175-7bae-ae9e-fedce0933e62"
"06ff93f2-6b8e-4596-928c-4cd07caa79fb",Salgado,"01a02d5a-d176-745b-97c6-9de4af76976c"
"71be5a06-7027-48b5-b4b9-b45c48b17103",Santa Luzia do Itanhy,"01a02d5a-d176-745b-97c7-27b4ab8cf64f"
"9998e8a7-f7d7-40b6-8a3e-ca7ac8c4a405",Santana do São Francisco,"01a02d5a-d176-745b-97c9-a5bb191db33e"
"8c7d5550-0087-4e53-bc3a-2a4e8b3fd806",Santa Rosa de Lima,"01a02d5a-d176-745b-97c8-bd71889f581b"
e16e276b-9a87-4da5-ae88-60eba3cfae09,Santo Amaro das Brotas,"01a02d5a-d176-7d30-97ca-bec986ee0b44"
"8cf3f8c0-3dcd-4b8c-9193-aab530c1ece0",São Cristóvão,"01a02d5a-d176-7d30-97cb-0f0590e21416"
"9b0c0f30-ba31-4a77-ad31-2288b49bcc3c",São Domingos,"01a02d5a-d176-7d30-97cc-7e5a43a7b58a"
"52bed96a-0e74-41b8-8710-fe8305366d78",São Francisco,"01a02d5a-d176-7d30-97cd-8c9386b9b1af"
cafe6200-9123-41a7-ad7b-2657c68d5d1f,São Miguel do Aleixo,"01a02d5a-d176-7d30-97ce-8c886538b45d"
"0890a79e-950e-4896-9216-82bd97da5e02",Simão Dias,"01a02d5a-d176-7d30-97cf-f9e57b85d58f"
a6c0d5c7-1a24-4cb3-8d29-3c403d987a74,Siriri,"01a02d5a-d176-7d30-97d0-5fe90613c70e"
"658c13b6-d054-46aa-861d-1e0efd8b0e0f",Telha,"01a02d5a-d177-7d5f-9b7a-302768f0342e"
d9a82494-601a-4993-8dc6-d269d3e69a20,Tobias Barreto,"01a02d5a-d177-7d5f-9b7b-aed165fdd3b4"
f293c7f1-e90f-4909-b75c-607d43303634,Tomar do Geru,"01a02d5a-d177-7d5f-9b7c-2a728152d06f"
fe4690c5-77d3-45ac-8be9-7f6bd59137b6,Umbaúba,"01a02d5a-d177-7d5f-9b7d-8a01d5f14624"
"439f157b-0e35-4762-a4a1-191d7a4081ee",Adamantina,"01a02d5b-0e2e-7ec2-8998-e741feffa796"
da3cdba0-7ae5-4194-baed-6bb251facd89,Adolfo,"01a02d5b-0e31-7a06-9ab1-e18f91892cd0"
a751d62a-16d7-4e57-b7d3-e3ed9ccee8b0,Aguaí,"01a02d5b-0e32-72b9-9a47-0250d0b18db3"
da2c39b2-9ca4-4504-b989-e8c524e6e1a3,Águas da Prata,"01a02d5b-0e32-72b9-9a48-77359dd5b354"
"8fa53d77-5c64-444f-988c-90b9e582e76f",Águas de Lindóia,"01a02d5b-0e32-7b1e-9a49-3b0dcd2546c8"
a5fcedac-3ee1-4735-81a9-8b5c671cb696,Águas de Santa Bárbara,"01a02d5b-0e32-7b1e-9a4a-3678b4f4569a"
"0236820f-d44f-4205-b4ce-d5a403b88735",Águas de São Pedro,"01a02d5b-0e32-7b1e-9a4b-7a9a5e397a6a"
"3e286418-6a37-499e-b778-c399b88722d1",Agudos,"01a02d5b-0e33-73cb-a52a-a98e294f6500"
"510fba46-e8e7-41c0-8b5b-becabaff74cf",Alambari,"01a02d5b-0e33-73cb-a52b-ed88970a55c0"
e4be5351-3fc4-4d7f-8422-39b0a2237e98,Alfredo Marcondes,"01a02d5b-0e33-7d41-a52c-a96336971130"
"3f7e1ea9-5cef-49cd-8b16-bf250a9f062e",Altair,"01a02d5b-01d6-7d8c-b853-a72b652f0bf6"
c57a3194-fed6-486d-9be9-fcffb058e1e0,Altinópolis,"01a02d5b-0e33-7d41-a52d-088fea984129"
"4010435d-f575-46e1-be41-60a4f874fefc",Alto Alegre,"01a02d5b-0e34-75f5-a4e5-34fecc334b3e"
aa838cce-d3fd-4770-ab01-bdea2018147a,Alumínio,"01a02d5b-0e34-75f5-a4e6-7f1c29a69653"
a3d6a451-d117-4863-a271-ff8228f3aba5,Álvares Florence,"01a02d5b-0e34-7e61-a4e7-20814e4a5951"
a7bdf4d2-96f5-4e79-bc7d-25dac8bd2ccf,Álvares Machado,"01a02d5b-0e34-7e61-a4e8-cb94e160bada"
a309f1e1-bc22-4254-b796-816125010655,Álvaro de Carvalho,"01a02d5b-0e34-7e61-a4e9-51acd18d1ad2"
de6a75e5-fd50-4094-b4ad-9cc07274383d,Alvinlândia,"01a02d5b-0e34-7e61-a4ea-e4d4e36c173b"
"44911fb0-8a18-46a9-91d9-c3f4a7eb5c49",Americana,"01a02d5b-0e35-76c2-978b-146c8623f74e"
"82dc62e6-9e24-4a02-922e-fe2fdd9f213b",Américo Brasiliense,"01a02d5b-0e35-76c2-978c-4bc3083830f6"
"13999a3b-c33f-4a90-a95d-ab9c13faa16a",Américo de Campos,"01a02d5b-0e35-76c2-978d-eb1c2e435c83"
"2fbb1401-8109-4ba0-8f48-7eaa02390c46",Amparo,"01a02d5b-0e35-76c2-978e-6e5cceb29470"
fff4dbd1-7eb1-469f-83f5-ea511a7ec44d,Analândia,"01a02d5b-0e35-7f7d-978f-9f55829fa7ad"
"440b7dd2-bc0e-4855-ad24-dd98493b079d",Andradina,"01a02d5b-0e35-7f7d-9790-5743cc728581"
"6d315357-94c5-46d0-bcfe-e2265838d6b8",Angatuba,"01a02d5b-0e35-7f7d-9791-c538f65eda0d"
"7b581631-b379-4b52-87cc-ab5c59f656df",Anhembi,"01a02d5b-0e35-7f7d-9792-23c912e1e648"
"07bd4145-327b-457b-8605-bb16b8622be2",Anhumas,"01a02d5b-0e36-785f-a6a2-1e57def36aed"
"4cc10e2d-fefc-4e50-96f6-4121fa5711f8",Aparecida,"01a02d5b-0e36-785f-a6a3-58c4b5661cca"
"79eb359f-c64d-4440-b507-0f5b3451f26a",Aparecida D'Oeste,"01a02d5b-0e36-785f-a6a4-d2567c41ad5a"
"000bfde1-0d53-45d1-9176-9cf11f72f1c0",Apiaí,"01a02d5b-0e37-712c-a3f8-083d265c31d8"
ebf26c78-a769-4347-b3bc-5101c77366b8,Araçariguama,"01a02d5b-0e37-712c-a3f9-dffade07a36d"
d4749a62-02cb-40c7-a943-af5a3c81a9e7,Araçatuba,"01a02d5b-0e37-712c-a3fa-c93c11050ec7"
cea2c596-1f8e-4e80-a1e8-bf31310ddb2e,Araçoiaba da Serra,"01a02d5b-0e37-712c-a3fb-810fad2f14e9"
d65cd234-2943-42c5-b06f-dfd0df678c8e,Aramina,"01a02d5b-0e37-712c-a3fc-ff31abbdbd1d"
afaf36df-6457-43c3-b82d-1dedcd11cd83,Arandu,"01a02d5b-0e37-79e8-a3fd-e901586320e1"
"27a62ed0-432b-4024-95ee-1d4fd8eea1ef",Arapeí,"01a02d5b-0e37-79e8-a3fe-62accea77bd6"
a903dee1-f3f3-42eb-9f4e-20ac2e3391c8,Araraquara,"01a02d5b-0e37-79e8-a3ff-5f1cde898e9a"
"2b29ca70-8170-419e-b473-76d736457703",Araras,"01a02d5b-0e38-7263-9e35-a14e1e9f477b"
"954a1c33-bac3-4f0c-8f0b-e7776e1a9914",Arco-Íris,"01a02d5b-0e38-7263-9e36-f782d2b3f8c8"
"6f93c310-856f-4c19-b114-a77dd8f3e75d",Arealva,"01a02d5b-0e38-7263-9e37-e87f48100a4b"
c63f0109-39af-4bf1-bf96-0b4d07cd3777,Areias,"01a02d5b-0e38-7263-9e38-16c336caf124"
b1677264-c717-4dff-882c-f5e8d205d201,Areiópolis,"01a02d5b-0e38-7263-9e39-a8346d19e5c1"
"1fb0004c-0e19-4696-b7d7-b12a8ca82f2b",Ariranha,"01a02d5b-0e38-7b1c-9e3a-259120627484"
"3f364026-3c11-4b06-b0c2-f9f201188b54",Artur Nogueira,"01a02d5b-0e38-7b1c-9e3b-2aecd01381cf"
"9557a3e5-b357-4b6f-887b-56592cd751b7",Arujá,"01a02d5b-0e38-7b1c-9e3c-e57e3547a39b"
"73649f11-f397-41c8-be7f-6d94d35e2ce3",Aspásia,"01a02d5b-0e39-73d7-90ff-9711f9bff9ea"
e2524b8b-af96-49a9-986f-6fd63ced6d06,Assis,"01a02d5b-0e39-73d7-9100-97bd32dd3dad"
"85eaa834-1077-49aa-bb5a-f4d59effbf1e",Atibaia,"01a02d5b-0e39-73d7-9101-d11060011a58"
def63c9c-b190-4595-9a1a-70c4011e3c89,Auriflama,"01a02d5b-0e39-73d7-9102-9e12b5931831"
eb19f33a-b03e-4a6e-9fdb-dfd338be72f4,Avaí,"01a02d5b-0e39-73d7-9103-3d8b3dac6ba6"
ad3659cd-96d8-42cc-ba68-e64c163bdfc6,Avanhandava,"01a02d5b-0e39-7c84-9104-a68ecbc9e2d5"
b87f6d9a-27de-4d5c-b2ee-bb662b4e503e,Avaré,"01a02d5b-0e39-7c84-9105-0cb3bc8988ce"
"9005729e-ebab-459d-a267-b21e4ef90a44",Bady Bassitt,"01a02d5b-0e39-7c84-9106-e5bc4907b257"
dbdc985b-9bec-4d1e-88bb-dded88dc888d,Balbinos,"01a02d5b-0e39-7c84-9107-21d4fe00a6e0"
"76264800-5d75-4ef7-8994-003ffac0c634",Bálsamo,"01a02d5b-0e3a-74fb-86bc-f27b098400a3"
d19f1f13-ba27-48a7-a2d9-c189649f407e,Bananal,"01a02d5b-0e3a-74fb-86bd-a46e7bf33e74"
"42a0c598-f6ee-4936-a514-6b6525c2d176",Barão de Antonina,"01a02d5b-0e3a-74fb-86be-dc215ba089f0"
f288ad5a-4a82-4085-a524-b3fa4c5a270f,Barbosa,"01a02d5b-0e3a-74fb-86bf-c70fe1db006e"
cd7e40cd-df09-4a99-932e-d729f2ebf2c3,Bariri,"01a02d5b-0e3a-74fb-86c0-7f6448457ab9"
c2e8e55e-d124-45c9-bb41-41764fe3873a,Barra Bonita,"01a02d5b-0e3a-7da4-86c1-8aeda59015bb"
"42b5f8b1-a0b0-4a5f-96ed-e2d5f76eae50",Barra do Chapéu,"01a02d5b-0e3a-7da4-86c2-9cbf2d83c057"
"5e5ebaf5-a5f1-4149-93f2-65aa2d89b3df",Barra do Turvo,"01a02d5b-0e3a-7da4-86c3-9ab6d0b681fd"
d087fbe0-29a3-4223-9fe8-c0aae2608a37,Barretos,"01a02d5b-0e3a-7da4-86c4-6f840779b4a5"
"5eae13a7-c4ed-472c-908b-cbe6e5831954",Barrinha,"01a02d5b-0e3b-7657-84aa-e511dfbf8204"
"7ef18e1c-68f8-48ff-9e35-d2d0bb348a29",Barueri,"01a02d5b-0e3b-7657-84ab-e5f8378bb942"
d38abf5c-a885-4c56-bea1-b409072d1998,Bastos,"01a02d5b-0e3b-7657-84ac-f05473d75a1f"
"8c2caee0-7998-4bcf-8bb5-a7944db63f27",Batatais,"01a02d5b-0e3b-7657-84ad-4ad9bcac4137"
"23792389-d6cc-4e0b-9e7d-992e0b17b973",Bauru,"01a02d5b-0e3b-7657-84ae-05c683e6bec9"
"400d4195-788a-45af-9533-2d9d7ec54e04",Bebedouro,"01a02d5b-0e3b-7657-84af-b56d47a844c6"
"4cc13e8e-8ee9-4389-a23c-33aa0d5a277d",Bento de Abreu,"01a02d5b-0e3b-7657-84b0-5df50059dae8"
"9458c7f7-f23f-4756-80f2-8ca59486faa3",Bernardino de Campos,"01a02d5b-0e3b-7657-84b1-03f3b728ca3b"
c740f0dc-fe4f-42f0-ae25-d6a3b8fa7173,Bertioga,"01a02d5b-0e3c-7670-a233-0568b6759dd8"
bbc4e5d7-feae-43d9-9b4f-92fe63c3336b,Bilac,"01a02d5b-0e3c-7670-a234-d7640f016600"
"698a9f5b-440a-4bff-ac4d-3eef0337764c",Birigüi,"01a02d5b-0e3c-7670-a235-ef571526b851"
dda92aa8-4549-448f-bce8-1036e3462bdb,Biritiba-Mirim,"01a02d5b-0e3c-7670-a236-1f46d321796f"
"010affd3-7265-4ae5-aae8-3c44e72db0ed",Boa Esperança do Sul,"01a02d5b-0e3c-7670-a237-0792aac07906"
"505c1941-9aec-4374-acbb-95d05ae5f86b",Bocaina,"01a02d5b-1221-7962-8e22-d1edac2f83cb"
b1b8e0aa-7309-44d0-a057-f637b4233522,Bofete,"01a02d5b-1224-74e0-bdb2-e482ca2024ec"
"15b1603d-bd09-4781-991f-2d448c1ef9fd",Boituva,"01a02d5b-1224-74e0-bdb3-98aa8ddd822f"
b675cfb4-96d1-4392-bda8-7fce012b8975,Bom Jesus dos Perdões,"01a02d5b-1224-74e0-bdb4-52a887df072b"
b4fb912d-13ac-48fb-9b23-da9bf19cddfc,Bom Sucesso de Itararé,"01a02d5b-1225-7546-9dd2-00a34a337e0a"
eb4f32fb-59f2-424a-b94b-709d20191c05,Borá,"01a02d5b-1225-7546-9dd3-37a3995c3bf2"
"9f834049-7f0f-4239-a9e0-9fdf83c7bb12",Boracéia,"01a02d5b-1225-7546-9dd4-5ab65aa46fb8"
a09c06b3-2c02-44b9-90ef-84011e77b56e,Borborema,"01a02d5b-1226-74fe-b70d-c27748d51443"
"2a1393bd-e389-406f-8bc2-cb8ba386539d",Borebi,"01a02d5b-1226-74fe-b70e-bf023119c978"
"9b330f07-36f8-415f-9db3-31c01863feea",Botucatu,"01a02d5b-1226-74fe-b70f-411e01469a22"
"9eba58c0-3e7e-4d9f-8d44-bd2e8843b558",Bragança Paulista,"01a02d5b-1226-74fe-b710-8269336137b8"
"9afa0481-a27a-419c-bd60-3e6ed85dd1ca",Braúna,"01a02d5b-1227-7504-9746-e85c6618daa1"
c7407ed6-80c4-4092-9e4f-7905961b4454,Brejo Alegre,"01a02d5b-1227-7504-9747-c8fba975b1ce"
"8547363b-a8aa-45aa-b265-92d92bdff5eb",Brodowski,"01a02d5b-1227-7d2b-9748-e5b6177c9ecc"
"50d1209b-3959-4d36-9c30-c5dcfe29e5db",Brotas,"01a02d5b-1227-7d2b-9749-418fc64e65bc"
be1e6fc7-a66a-4736-a1f8-f18e6b60b529,Buri,"01a02d5b-1227-7d2b-974a-0eeb272b9d12"
"5a211805-3c34-484c-9de1-aa46bac5777f",Buritama,"01a02d5b-1227-7d2b-974b-a512758a51a7"
be2a3cda-5fc2-48f3-ab24-ba0d38dc2f9a,Buritizal,"01a02d5b-1228-7d53-ab08-09e3398f993f"
"5ebaabd9-6b01-4619-b596-255b36712606",Cabrália Paulista,"01a02d5b-1228-7d53-ab09-cfa571cbe2a8"
e7b4f60e-c807-4889-adb8-0581139a36c8,Cabreúva,"01a02d5b-1228-7d53-ab0a-2361e48d558a"
"478eb6be-c830-4d97-b5c4-ab2409ed1db2",Caçapava,"01a02d5b-1228-7d53-ab0b-606e372ba2e0"
"78e49142-5051-4423-9612-8b5c1cecc36a",Cachoeira Paulista,"01a02d5b-1229-7d44-be02-2a929ea00607"
d48b1151-aaa3-4a79-ae5d-2917e2aeb83a,Caconde,"01a02d5b-1229-7d44-be03-4a22df80f63e"
"145c7b66-b391-4841-adf6-80f0cab1217b",Cafelândia,"01a02d5b-1229-7d44-be04-fe3ecb45a48d"
"4e15b623-cb5c-47f0-98db-6c7ff5d3ed97",Caiabu,"01a02d5b-1229-7d44-be05-52016b1856df"
"9ed2857e-9a34-4783-bc24-f1f8e9493722",Caieiras,"01a02d5b-122a-7d59-ba56-49c6e7165f9b"
"1483b02e-1550-4bda-8467-bdb32ecbdc44",Caiuá,"01a02d5b-122a-7d59-ba57-40b88413fc4a"
"80e1fc73-47ba-4929-aa45-a076ecc2e0ac",Cajamar,"01a02d5b-122a-7d59-ba58-ae4645a9ac26"
"679debbf-1afa-47bf-9ab6-f2134f476c11",Cajati,"01a02d5b-122a-7d59-ba59-6bcfca539c3e"
"6a4fada5-45c6-4c05-b6ef-962e32387bdb",Cajobi,"01a02d5b-122b-7d53-9f53-b7d58600496e"
"73de8819-604c-4251-a01b-9ed9e9c9a41b",Cajuru,"01a02d5b-122b-7d53-9f54-0b0419117e0c"
b6dc77d4-edf2-44c4-a500-35247aa291a0,Campina do Monte Alegre,"01a02d5b-122b-7d53-9f55-1b679487fe8f"
"461ee81d-d5d6-44f5-918f-47efd6945321",Campinas,"01a02d5b-122b-7d53-9f56-b2a5015aca03"
"52f18d7e-69d7-4676-9e73-23b89b344a52",Campo Limpo Paulista,"01a02d5b-122c-7d44-a05f-c814d17aad9e"
f863e0d7-3e6e-4807-bac7-78d08ddb0537,Campos do Jordão,"01a02d5b-122c-7d44-a060-27973a860929"
dcfc08a5-8b50-46c2-86ac-6e4ac62f6767,Campos Novos Paulista,"01a02d5b-122c-7d44-a061-138e33df0b7a"
"9d5930d3-bbc3-4c90-9abb-50ca20534262",Cananéia,"01a02d5b-122c-7d44-a062-1c4dfd17757f"
"92178501-c5d0-4c3a-b113-9a4be712080d",Canas,"01a02d5b-122d-7d54-a449-60c1eb0522ef"
b91bef18-110b-4fb7-9f82-b51cdf899cb7,Cândido Mota,"01a02d5b-122d-7d54-a44a-5b98e6c10477"
"71f5b5b9-328c-4754-aeee-e9e809f5acb2",Cândido Rodrigues,"01a02d5b-122d-7d54-a44b-97a2aead655a"
ad270027-5f73-4a85-8993-5c7cd818fc76,Canitar,"01a02d5b-122d-7d54-a44c-0f7f063e4604"
acf5962c-2fc1-4278-8a77-e8fd949f2ae6,Capão Bonito,"01a02d5b-122e-7d50-804f-0b962f6350ca"
"48cae5d5-aedd-4cbe-91cd-2cabb8604bd2",Capela do Alto,"01a02d5b-122e-7d50-8050-4a7207885e25"
db08a194-3c43-41d6-b98f-e71dd57d1e1f,Capivari,"01a02d5b-122e-7d50-8051-50ff3282e5eb"
"20c2ee1f-cadd-4b29-9dd1-4273efb4502c",Caraguatatuba,"01a02d5b-122e-7d50-8052-e4f8a040dea5"
bdfec7b1-1875-48bc-8f0e-18e23d3a6b76,Carapicuíba,"01a02d5b-122e-7d50-8053-cf79594328b1"
f9107e26-dff4-44d8-8f19-ac8e1019916c,Cardoso,"01a02d5b-122e-7d50-8054-b66e45d9eab0"
c2f9e108-af64-4f56-b1d5-cc4e6c470abc,Casa Branca,"01a02d5b-122f-7d75-b8de-52c6359462a4"
de7e5037-645c-43a2-ab72-e1951ae08629,Cássia dos Coqueiros,"01a02d5b-122f-7d75-b8df-2810cb439b8f"
ddc7a3f5-200b-4338-bc24-b3f2b65d5351,Castilho,"01a02d5b-122f-7d75-b8e0-037c3b133654"
"55dc22ac-3c2a-49ed-929d-d6ddfdfd033f",Catanduva,"01a02d5b-122f-7d75-b8e1-ea9813b9eadc"
dd6f9d15-cc86-437b-9a72-8c0a69710a1d,Catiguá,"01a02d5b-122f-7d75-b8e2-0d21715a0029"
"49544cb2-44a6-4c37-82cb-dafa01ff9451",Cedral,"01a02d5b-122f-7d75-b8e3-2f8c364717a6"
"2ad3a5b2-692d-479d-943d-da352a66d19a",Cerqueira César,"01a02d5b-122f-7d75-b8e4-71b0cc827432"
"52edb04f-beba-4c8d-9491-f9fda8c78f62",Cerquilho,"01a02d5b-1230-7d49-a712-b07a7412a8de"
"5ebef23f-e326-4c9f-a5ca-f858b68463e4",Cesário Lange,"01a02d5b-1230-7d49-a713-86147e7347a3"
"31ee4b67-07da-4477-acb5-20e4e45a03ba",Charqueada,"01a02d5b-1230-7d49-a714-d35492b3faf1"
b4d109d1-5d68-426a-ab5c-2b244c49e3da,Chavantes,"01a02d5b-1230-7d49-a715-cc0d2530430c"
d3848a11-061e-4b59-8668-1e06843bcb6a,Clementina,"01a02d5b-1230-7d49-a716-a310d6daf196"
"84e60437-c3c5-4da5-8471-e13141b5bbc5",Colina,"01a02d5b-1230-7d49-a717-e911baabcc49"
"8842133e-0f84-4e5f-8cd1-0166a96f5067",Colômbia,"01a02d5b-1230-7d49-a718-143390000647"
"53aeeda3-9b1b-4896-be70-0db5e3c83f49",Conchal,"01a02d5b-1231-7d4b-8209-5071827b6afb"
e70ca0cb-4b9d-48a0-9526-dccdac6be941,Conchas,"01a02d5b-1231-7d4b-820a-254070826525"
"2a646cfd-b050-4170-bd16-622c57a5d0c1",Cordeirópolis,"01a02d5b-1231-7d4b-820b-7790eee2d302"
"08143053-665c-47d7-b55c-51bafc5e555a",Coroados,"01a02d5b-1231-7d4b-820c-b486265b194c"
"377b469a-4ebb-49c5-8887-8659fd7cdac5",Coronel Macedo,"01a02d5b-1231-7d4b-820d-e6aaeaaa2c95"
"2c6c46d6-8e5f-4c14-b364-73f490857740",Corumbataí,"01a02d5b-1231-7d4b-820e-4aa7b27030a0"
"4aafc2f4-b82b-47b2-9b52-1ba71f48f440",Cosmópolis,"01a02d5b-1232-7d4a-9b3e-50f9191b0bc1"
"7f39cfee-037e-4f7f-b7dd-f67c4b0a3a09",Cosmorama,"01a02d5b-1232-7d4a-9b3f-11d830d0224b"
"896d9198-af43-4eb7-a9af-128127cb7a42",Cotia,"01a02d5b-1232-7d4a-9b40-47e24479c236"
bbc989d8-765c-4fca-8f3c-b02d5dc6d279,Cravinhos,"01a02d5b-1232-7d4a-9b41-67908c7a7291"
a8a3737d-5027-49a5-867b-a05027412a55,Cristais Paulista,"01a02d5b-1232-7d4a-9b42-deca0fc2de3d"
d554d7e5-4902-4951-beb3-8276a0905383,Cruzália,"01a02d5b-1233-7d57-9df4-26f5d2ff8db5"
a8f19a7c-55d4-4b2f-b931-bb338b37ffc1,Cruzeiro,"01a02d5b-1233-7d57-9df5-15b255847e69"
"7989570a-7c86-4d8d-9724-8e811e926069",Cubatão,"01a02d5b-1233-7d57-9df6-66c15a7da7b4"
c01468c3-c1ce-4317-b1e0-4676cf309a2a,Cunha,"01a02d5b-1233-7d57-9df7-bc8d114dba62"
"20f0ad2a-3e10-4c2c-8d04-e095d8243d58",Descalvado,"01a02d5b-1234-7d48-a0a4-bac87e3ae519"
"95e8a1f9-d817-44e7-b43c-fcc3b1c0f256",Diadema,"01a02d5b-1234-7d48-a0a5-cd925cfdb127"
"8a7d5e40-0e28-45c6-b204-5d8861abbbad",Dirce Reis,"01a02d5b-1234-7d48-a0a6-34078685a290"
e9d03b84-8d91-46c7-8584-82cde604240b,Divinolândia,"01a02d5b-1234-7d48-a0a7-4a7b3e38bce9"
"69cd7780-09a8-4662-95fe-ad84eecbd856",Dobrada,"01a02d5b-1234-7d48-a0a8-9572b3308204"
"56a01698-5199-46fa-a884-d2cde56ace87",Dois Córregos,"01a02d5b-1234-7d48-a0a9-d9f958dd0037"
"41bdcc07-5343-4430-ae04-70d450c4ed2b",Dolcinópolis,"01a02d5b-1234-7d48-a0aa-eff6c0d27aa0"
f0f9d434-eeb2-427f-a39e-7d7e0f3ad35f,Dourado,"01a02d5b-1236-755f-b935-4e95b18ea544"
c07415e1-d2ca-48b3-aeda-a1eb6a33d6ca,Dracena,"01a02d5b-1236-755f-b936-6405d31f6c0b"
"60058ff3-eb00-41af-9ff5-81aa62f30581",Duartina,"01a02d5b-1237-7067-b8e4-2730e95e1d49"
"95fbdeb9-8e49-454f-9478-7eaef2c23345",Dumont,"01a02d5b-1237-7067-b8e5-e73c067ad409"
a2567c9e-a1ed-457b-b80c-6b67984089d8,Echaporã,"01a02d5b-1237-7067-b8e6-b09ac2842475"
d9c85b40-d493-46b6-850e-c8bb2a19bf1f,Eldorado,"01a02d5b-1237-7067-b8e7-e4f803315324"
de5b02fd-ef3f-45d8-addc-df15cb16d921,Elias Fausto,"01a02d5b-1238-70b9-93a9-2fb60f2cbdae"
cb025e2a-51f8-498e-8714-af994a1eb817,Elisiário,"01a02d5b-1238-70b9-93aa-56e074f9f23c"
"966c3398-a13b-4284-a136-9c9f6f1fcca6",Embaúba,"01a02d5b-1238-70b9-93ab-4e1eaaa5f6fa"
"872bc9b4-df6e-4f3a-a07f-381c6b6e545a",Embu das Artes,"01a02d5b-1238-70b9-93ac-017da98d1671"
"1f7d70bd-0801-494e-8b56-ed9f45d30c4f",Embu-Guaçu,"01a02d5b-1238-70b9-93ad-73972b0e6bf0"
"016b963c-33f2-4838-a002-9c210d4d1a49",Emilianópolis,"01a02d5b-1239-7090-be4a-0d06b4ef9229"
c6ef9783-89cc-48b6-b09b-c5718b3ff09c,Engenheiro Coelho,"01a02d5b-1239-7aeb-be4b-5be401ae80a6"
"2926fe8d-da2a-42f2-a94a-2a364ef19410",Espírito Santo do Pinhal,"01a02d5b-1239-7aeb-be4c-e412682747fe"
"5720a70f-8f18-4739-9cbd-7c88b9cfc442",Espírito Santo do Turvo,"01a02d5b-1239-7aeb-be4d-f70078a28dd4"
ed234e71-686b-4728-a19f-99806e9fcbac,Estiva Gerbi,"01a02d5b-1239-7aeb-be4e-9ca34e14f89e"
"37da85bc-c63b-485c-845e-80ffdd481fb8",Estrela D'Oeste,"01a02d5b-163b-7cba-96cc-acd88d72d5be"
"743e1ade-95cd-4510-8940-5057b4968bce",Estrela do Norte,"01a02d5b-1239-7aeb-be4f-4847ac4e8f03"
"50deed30-338e-4fa2-9e10-9b979daba8bc",Euclides da Cunha Paulista,"01a02d5b-163f-7114-9a10-6f19a1d3b34c"
"8b619bc6-5062-48df-9347-9a0dba23c6ca",Fartura,"01a02d5b-163f-7114-9a11-5180d2c4a488"
ffc7dc90-5653-420d-9b8a-4f623b6769d4,Fernandópolis,"01a02d5b-163f-79ef-9a13-8e95ab2c1da1"
"4e82545e-6b95-4148-988a-503182207ac1",Fernando Prestes,"01a02d5b-163f-79ef-9a12-1e1b09ddce46"
"42dc87cb-abc9-408d-b271-24fc685e082d",Fernão,"01a02d5b-163f-79ef-9a14-6090990dc547"
"49b18d6c-30b8-47a8-9e01-9831c39c534c",Ferraz de Vasconcelos,"01a02d5b-1640-72ae-8dcf-6fb98eb834a8"
ca4455ff-7def-4b3e-a06e-7383121014bc,Flora Rica,"01a02d5b-1640-72ae-8dd0-842bdc44ee90"
"38833713-cb33-4ca3-9454-2410a23006fd",Floreal,"01a02d5b-1640-72ae-8dd1-113896f7229c"
f79a1465-1ce8-4222-a5f6-1f0d9e0ed40a,Flórida Paulista,"01a02d5b-1640-7b67-8dd2-b47e3c8e98bf"
"7a7313d5-3a56-4ae1-897c-54c488551093",Florínea,"01a02d5b-1640-7b67-8dd3-b6e220d5eeac"
b641f6b4-a11e-4303-b619-db91c6a95209,Franca,"01a02d5b-1640-7b67-8dd4-5c5f412c20e2"
"648603e4-cd26-4ec1-ac1f-64cebcbd0e7d",Francisco Morato,"01a02d5b-1641-743f-9cc4-e878a4e9773f"
b1a0a1c8-8d48-476f-b5f5-eeb485a11b29,Franco da Rocha,"01a02d5b-1641-743f-9cc5-249f2c0fb9e6"
"2a345c49-a724-46a6-bbdc-1740581c52d7",Gabriel Monteiro,"01a02d5b-1641-743f-9cc6-7a3181fda8b6"
"0ba1e3cd-25f5-4fe9-a2e9-27b5a28fefd8",Gália,"01a02d5b-1641-7cf0-9cc7-b49569f08692"
"27fb3b51-a07c-480d-9c53-7ccb86e2ff30",Garça,"01a02d5b-1641-7cf0-9cc8-f3b57c8ebac7"
"19dd08b5-c02e-45f2-98d3-ac6e20d0457b",Gastão Vidigal,"01a02d5b-1641-7cf0-9cc9-4d21c3124370"
"6bf7b70d-97b9-476f-90f9-9bca06a19658",Gavião Peixoto,"01a02d5b-1641-7cf0-9cca-3ebdb59a92ea"
b08d944d-bad9-489a-8814-9e05dcd0d4ee,General Salgado,"01a02d5b-1641-7cf0-9ccb-f646c9cdde1b"
a6d3b336-6ee3-4b69-90ae-5f829cd7b732,Getulina,"01a02d5b-1641-7cf0-9ccc-ef34da9d362d"
"192252a7-8330-4c74-9e32-49622c84b399",Glicério,"01a02d5b-1642-7d16-ba66-7356df915fda"
"45b468a3-b86b-4b0e-aa49-6be68603d39a",Guaiçara,"01a02d5b-1642-7d16-ba67-83f8e5a3d03d"
"33f6cac3-3a78-4cdd-ad36-e5fc00181e9c",Guaimbê,"01a02d5b-1642-7d16-ba68-1e30b9b9fd56"
e9a557be-4073-4902-8f50-ea2d616cc6bf,Guaíra,"01a02d5b-1642-7d16-ba69-eee90e37d1cd"
"1ca39cbb-865b-434e-ac7c-4bd8e944de61",Guapiaçu,"01a02d5b-1642-7d16-ba6a-078ac27ab337"
ff582a7c-4e6f-4dc5-87ca-f9c8d4b87752,Guapiara,"01a02d5b-1643-7d17-aefd-da9516b1f205"
"9f4fc39b-cd7f-41f6-b8b3-2e79203ff318",Guará,"01a02d5b-1643-7d17-aefe-9c257678798b"
"655bea3d-8b54-4f5b-a8f2-3f5d7806d7be",Guaraçaí,"01a02d5b-1643-7d17-aeff-884ae5524c8c"
"45c967d5-478b-4530-8f2b-2d59b60a9b78",Guaraci,"01a02d5b-1644-7533-9f16-d58b5d1250bc"
"229b4021-8a67-4841-8b40-503aeb8323b4",Guarani D'Oeste,"01a02d5b-1644-7533-9f17-2e99e22bf8a5"
b8b2803c-9200-400e-a099-9ec548a5cac8,Guarantã,"01a02d5b-1644-7533-9f18-81c6c1e9bb25"
"46435903-8b2b-456a-a77b-a1ddc383fe89",Guararapes,"01a02d5b-1644-7533-9f19-569372b7645e"
adb974f2-f15f-4c21-98fa-da373e6758e0,Guararema,"01a02d5b-1644-7533-9f1a-1d05456cf297"
b2da0d71-e7da-4f36-a4f4-8191c0fa9dee,Guaratinguetá,"01a02d5b-1644-7533-9f1b-8c43b6de2d22"
a6d6b744-fe92-4450-b469-84e7575ee0c5,Guareí,"01a02d5b-1644-7533-9f1c-5ec0927d26a5"
"9c2e5900-54ff-48a7-9796-6cd55390144e",Guariba,"01a02d5b-1645-7559-95c7-2062bac964d4"
c3a8baba-b763-473e-8d62-b081488e968b,Guarujá,"01a02d5b-1645-7559-95c8-7afeb5e3d0b6"
bf278938-0a4b-4369-a8f3-d6635e969da3,Guarulhos,"01a02d5b-1645-7559-95c9-5b3cf77f189c"
dc1d097c-aec2-418b-bbfb-1a1c8a986f05,Guatapará,"01a02d5b-1645-7559-95ca-722bb03932fc"
b0d56b95-2598-42f8-bde8-44bb019f534b,Guzolândia,"01a02d5b-1645-7559-95cb-932ab5c19964"
bca53158-6722-4f29-8cb2-7b8578e6ac8a,Herculândia,"01a02d5b-1645-7559-95cc-d69c0b037584"
ac4ec712-32b4-465b-8c3d-1d8e90323a2a,Holambra,"01a02d5b-1646-7558-b506-894fa378cd0e"
"1338fed2-c903-4cdb-9760-3053117b28ce",Hortolândia,"01a02d5b-1646-7558-b507-a0b5bd5ff55e"
a105ecbb-4f60-4a24-be3f-7a01d637e9b4,Iacanga,"01a02d5b-1646-7558-b508-532de1277782"
b9e5e174-e38a-4573-9286-bb1361b1d5cd,Iacri,"01a02d5b-1646-7558-b509-bbcac4f0c4df"
"4c6640de-7a91-4191-b080-8b2c38ff9b44",Iaras,"01a02d5b-1646-7558-b50a-f9108b32017c"
"3cd6cdf2-b31f-4a2d-a7d4-33d31ed44969",Ibaté,"01a02d5b-1646-7558-b50b-65dbac6ed814"
a16bd539-a942-4853-a844-c34010dd17b9,Ibirá,"01a02d5b-1647-7558-b25a-6576f9aa5117"
e8c128b6-b7a3-465d-9f67-7b561a5c8159,Ibirarema,"01a02d5b-1647-7558-b25b-18562f808906"
c4002e8a-849b-4d1a-a9ff-c9229b1459db,Ibitinga,"01a02d5b-1647-7558-b25c-6de77f22916a"
"43de78ef-dd6b-4b4f-ac8a-2e4d9132e537",Ibiúna,"01a02d5b-1647-7558-b25d-059040719f9c"
e59d6169-261b-4ab7-b45d-69e5079401f3,Icém,"01a02d5b-1647-7558-b25e-510634e775e4"
"8b306c71-027d-4a0e-ac8d-5e6be9f48fa4",Iepê,"01a02d5b-1647-7558-b25f-74a16cd81a25"
"428d04e5-c85e-454c-8bfd-d67c6a73aab0",Igaraçu do Tietê,"01a02d5b-1648-759a-9bee-bfcc758bf1e5"
ba9a16d3-2454-47a8-9a25-76c9c0f83d55,Igarapava,"01a02d5b-1648-759a-9bef-e17abcca0de5"
"5156b467-e3bc-4fc0-ac62-30e487c8f842",Igaratá,"01a02d5b-1648-759a-9bf0-c3af9ff0ec8d"
b8e87887-8e78-443b-8e16-fff48d2a68e6,Iguape,"01a02d5b-1648-759a-9bf1-b65dab266728"
"1ce4ab7f-8f90-4074-9981-1e1841eb0478",Ilhabela,"01a02d5b-1649-755c-99e0-fbed53f9e715"
ac74443b-0927-47e0-87ae-8e835e9d180a,Ilha Comprida,"01a02d5b-1648-759a-9bf2-4e4e5dfb85bb"
"8e23ef15-e124-4947-aecb-5c14da7d88c4",Ilha Solteira,"01a02d5b-1648-759a-9bf3-43105292e396"
"1dea8060-a6a0-4079-b34f-ba8767b26ddc",Indaiatuba,"01a02d5b-1649-755c-99e1-60f5976b7bd9"
bcf3ef48-18a9-470f-9c23-88240824928a,Indiana,"01a02d5b-1649-755c-99e2-a9e381a355c0"
"19b9a2fa-f63a-42a3-be0e-44f8fb3c65f2",Indiaporã,"01a02d5b-1649-755c-99e3-6d536a6f88a9"
"5401f5d4-c67e-49c2-9e0c-6b5e9ee66c7a",Inúbia Paulista,"01a02d5b-1649-755c-99e4-3d4535a91c75"
"9ef8f321-4116-4102-860b-2f28d3fa3679",Ipaussu,"01a02d5b-1649-755c-99e5-cc86d082b8fa"
"4a9501ad-ddb6-46b5-9689-51f414f63641",Iperó,"01a02d5b-164a-755a-b360-95662861adae"
df50c0a7-f35b-4cc4-89b4-39b7fec8a3f2,Ipeúna,"01a02d5b-164a-755a-b361-6e151df16b67"
"12e5adec-b65b-4617-85c5-2ad68a21b16c",Ipiguá,"01a02d5b-164a-755a-b362-906c8cfeaf0d"
"01dda95f-8b97-47e5-8fe1-5cbfe8682291",Iporanga,"01a02d5b-164a-755a-b363-1bb694689197"
"9cbbe19e-f36a-4ea7-a748-6981b577b4bd",Ipuã,"01a02d5b-164a-755a-b364-ffcd1f9f4f4a"
"8b0d4129-c262-42e2-b2f0-807607569c48",Iracemápolis,"01a02d5b-164a-755a-b365-98a46aede275"
"61a36cbe-0097-4371-8df9-991cf48887db",Irapuã,"01a02d5b-164b-7559-84dd-77c6c662eb2f"
"575d5bdb-0049-4265-9334-cdb075034510",Irapuru,"01a02d5b-164b-7559-84de-f4b8b03eb4d1"
"39ffbfa1-e081-40cd-a910-4b3b85f568dc",Itaberá,"01a02d5b-164b-7559-84df-8d84219f6b54"
"9b29f179-15ca-4734-a72e-a2c1637be97c",Itaí,"01a02d5b-164b-7559-84e0-cd4c6475695c"
"0bc2f756-cab2-43d7-818b-d6b38dec76b3",Itajobi,"01a02d5b-164b-7559-84e1-03e9b3753977"
"57ba4c06-8e22-4407-9c78-84feb79f13c4",Itaju,"01a02d5b-164b-7559-84e2-97efaea50083"
"6a351d77-d455-4c28-b0c5-fd68f03e39e5",Itanhaém,"01a02d5b-164c-7558-bbd5-132725b333ec"
"07a266b1-80ab-43e8-952b-60dceaf5822c",Itaóca,"01a02d5b-164c-7558-bbd6-51a3a9b1b5e3"
e89f2fa7-91c9-4a34-98d3-a51d4dd43bca,Itapecerica da Serra,"01a02d5b-164c-7558-bbd7-9f6745fc059c"
fc6c97a6-a6d9-4af6-8bcd-f88546911bf7,Itapetininga,"01a02d5b-164c-7558-bbd8-d5bc85a374df"
"8768e850-bafe-40cd-80e4-2f369cda6b31",Itapeva,"01a02d5b-164c-7558-bbd9-5f6a29c6b332"
"4dbc134f-251c-4652-9d4d-ce2f31ed6c5e",Itapevi,"01a02d5b-164c-7558-bbda-0d2e549a367a"
f3480c4a-81fe-49f6-9b0b-93b76486d79b,Itapira,"01a02d5b-164c-7558-bbdb-f16b801b44fb"
"07449dfe-7f98-4265-848b-27bba48832b8",Itapirapuã Paulista,"01a02d5b-164c-7558-bbdc-98a830277af0"
"165d7e88-88ac-4fc6-ad9d-85774825ca74",Itápolis,"01a02d5b-164d-7571-8119-2f140e7759ef"
"35411353-77fa-4cd9-9859-3e2d586f23a6",Itaporanga,"01a02d5b-164d-7571-811a-f7bff1f218a0"
b06a0ac7-6987-44f1-9315-7c62e667cc66,Itapuí,"01a02d5b-164d-7571-811b-d035e57da1f4"
"051b3541-e3b1-4539-b3d8-08b00c6d4114",Itapura,"01a02d5b-164d-7571-811c-b2e9c0488021"
"7d0061c2-d914-4212-896b-33fdef67ab7a",Itaquaquecetuba,"01a02d5b-164d-7571-811d-3812260a3019"
d728bea8-13bd-4175-929d-1936400bffc0,Itararé,"01a02d5b-164e-7571-bc1c-b4b67c9469fa"
"8fa0e613-6d91-40e0-9578-992c24ae17a1",Itariri,"01a02d5b-164e-7571-bc1d-6b0da1552e5b"
"2a5ecba7-bee5-43dc-8822-9aa9b32875e8",Itatiba,"01a02d5b-164e-7571-bc1e-66fa0f4d5bd5"
"3e59070b-9d24-47e9-bcb7-fc280e342157",Itatinga,"01a02d5b-164e-7571-bc1f-881a3d6cf226"
ef083c33-8c50-48ae-a98c-8d58cc6d004d,Itirapina,"01a02d5b-164e-7571-bc20-11ee7f0fd161"
"4b92477c-5431-4ea9-a105-b605f2a784f2",Itirapuã,"01a02d5b-164e-7571-bc21-f04b25a305a5"
b6bc279b-10e1-470d-bf8a-e1bcada7b7e2,Itobi,"01a02d5b-164e-7571-bc22-b938ab9a767b"
"61376b69-32ca-4d29-8e2c-5a2870aaa7fd",Itu,"01a02d5b-164e-7571-bc23-47033d1bb8e4"
baaa219d-f3ff-464d-9c3e-15a527674267,Itupeva,"01a02d5b-164f-756f-86f6-c071d1ce1259"
"83b7bdc6-c455-43ea-b53d-c5bea3bbcbe1",Ituverava,"01a02d5b-1a3d-7dc3-80d8-afcb1a0c237d"
"7af8a6ae-7b14-4b75-938f-aa0d4a147aff",Jaborandi,"01a02d5b-1a40-7896-b92a-81b249302c31"
c3299425-87b7-4a7b-ac78-c286350590ee,Jaboticabal,"01a02d5b-1a41-7192-882a-6696b46e2af3"
"1b5119f8-4f0e-42bd-926b-5daab59093ae",Jacareí,"01a02d5b-1a41-7192-882b-a60b67e23df9"
bdf2cfd3-44a1-46ce-be17-804686a2db38,Jaci,"01a02d5b-1a41-7a81-882c-441cd7b5f090"
"39cb52f8-e9e7-40e0-98eb-583460362038",Jacupiranga,"01a02d5b-1a41-7a81-882d-752ce5714604"
d6771139-56ab-4de7-ba22-8fcaa8c23517,Jaguariúna,"01a02d5b-1a41-7a81-882e-9bb084be73a6"
"1a5c14cb-3dfe-4552-9355-f3582c9562c3",Jales,"01a02d5b-1a41-7a81-882f-ce3934d3fc4d"
c32ba56a-0b14-4f5c-8b35-588dab4311b6,Jambeiro,"01a02d5b-1a41-7a81-8830-a7b4d6e04d8b"
"9adf7a99-591c-46c0-b48f-c5f9625216df",Jandira,"01a02d5b-1a42-7360-b16a-c548b27f7f71"
"49286d53-5234-4a09-97c9-d6f3ec4647cc",Jardinópolis,"01a02d5b-1a42-7360-b16b-dfc70ec64b59"
"0f231734-f3a4-4529-903d-afd054de8136",Jarinu,"01a02d5b-1a42-7360-b16c-d08cf1e61fdf"
f2bc9de6-4390-4ccf-b575-093b5e80b585,Jaú,"01a02d5b-1a42-7360-b16d-78b85a15a368"
aacebfcf-280e-4552-a724-b08f97cad55b,Jeriquara,"01a02d5b-1a42-7bf2-b16e-672039e940ea"
"9fc4923e-cb46-42cc-8fe3-0ec82ba88edb",Joanópolis,"01a02d5b-1a42-7bf2-b16f-23291935a482"
"7eb6dc0a-a569-4b2b-ad96-fffe978530c7",João Ramalho,"01a02d5b-1a42-7bf2-b170-70cc59c4e3ce"
"2d06b7c4-47e4-4291-b279-ef20145c038d",José Bonifácio,"01a02d5b-1a42-7bf2-b171-a8f182d6d356"
def3cf8b-b7c7-41ba-905a-8ec36db839e2,Júlio Mesquita,"01a02d5b-1a42-7bf2-b172-28c6315c3abb"
f931f388-560a-469b-b7a3-49c83904eb09,Jumirim,"01a02d5b-1a43-747e-b460-b7d653b714ba"
e7d508ad-f7d1-45a8-a7cf-e03a5429973d,Jundiaí,"01a02d5b-1a43-747e-b461-d4737b142068"
"8c7daa5b-67f8-40e4-840d-09460da71725",Junqueirópolis,"01a02d5b-1a43-747e-b462-f26d82c832b6"
cc02f33f-1cf9-46d8-89c2-0bea32728309,Juquiá,"01a02d5b-1a43-747e-b463-a0138de18a9e"
f49210a4-6735-44e4-8125-b6fa77dd4569,Juquitiba,"01a02d5b-1a43-7d8b-b464-83d76ef4e937"
a090bb2d-6d1a-4648-b414-2629c5d25301,Lagoinha,"01a02d5b-1a43-7d8b-b465-423bfcf91c22"
d99e98c3-4919-4a1c-8edb-17d004fd4575,Laranjal Paulista,"01a02d5b-1a43-7d8b-b466-49eae2e1618e"
"61d63b35-d444-4009-82ff-3bf976f3f391",Lavínia,"01a02d5b-1a43-7d8b-b467-91125d40b6df"
af1a9907-dc04-4088-9356-076b0fb4ee58,Lavrinhas,"01a02d5b-1a44-7631-8a61-38131a04b6fc"
"1ec9b5a9-4832-4453-80b6-0b160357e9ec",Leme,"01a02d5b-1a44-7631-8a62-1e1b6ce611f4"
"91990e83-41df-4515-b1c8-00f8c9a44a22",Lençóis Paulista,"01a02d5b-1a44-7631-8a63-83416bbdee2e"
"76e41c44-9a58-4965-b941-79bad751a812",Limeira,"01a02d5b-1a44-7631-8a64-0964721f62a7"
"2bfde2ce-ba83-4b4a-b860-1be9b1292ddc",Lindóia,"01a02d5b-1a44-7f0d-8a65-56832da6e954"
d3918171-cd63-48d0-b8ca-b26578c1dada,Lins,"01a02d5b-1a44-7f0d-8a66-3cd77b769147"
"85aa15fb-762e-4a81-b8da-2f4bf83e881f",Lorena,"01a02d5b-1a44-7f0d-8a67-1d4594a2ed67"
"3a3a6c38-0f81-46c4-b3c2-da300718517c",Lourdes,"01a02d5b-1a44-7f0d-8a68-19384905a9e0"
"6ba4febd-cc1a-462c-ae03-e48d03b44283",Louveira,"01a02d5b-1a44-7f0d-8a69-b920619e1a61"
"06a152c1-1e33-45b5-895f-d65d700ef0f4",Lucélia,"01a02d5b-1a45-77a5-82e2-a57acb8334cd"
da948a4b-265f-43ab-b315-307e7a21fdc0,Lucianópolis,"01a02d5b-1a45-77a5-82e3-a4a040888e17"
"96bb80ae-05db-4956-9f6c-4c3d36d70b34",Luís Antônio,"01a02d5b-1a45-77a5-82e4-9b3bdc7ff9f0"
f8eeb58e-cc62-43a8-9f3c-6705d7cd4a74,Luiziânia,"01a02d5b-1a46-707b-ba4f-c8ebf039f8c0"
b73108de-47d8-46b3-bbed-8a56bfd95dcc,Lupércio,"01a02d5b-1a46-707b-ba50-db7590bf5b3b"
"8d039e9e-c095-409a-be1c-f386e12e5026",Lutécia,"01a02d5b-1a46-707b-ba51-476e0f418f29"
"71ef5c1e-27c4-4a4b-b4d1-eb18c8938912",Macatuba,"01a02d5b-1a46-707b-ba52-e9fc1f9898d7"
fd0c1e7a-3176-4fda-afd8-a5f2198fcc04,Macaubal,"01a02d5b-1a46-7918-ba53-40f82f9a15ad"
"0e97bc2d-5826-4d29-bf62-730d409f9e9e",Macedônia,"01a02d5b-1a46-7918-ba54-74812aa370a2"
"8623deea-b0ad-46d8-bb39-a58ec688090c",Mágda,"01a02d5b-1a46-7918-ba55-ddf7c223cc20"
ec159a6c-0f7a-4a82-ab37-cd650efd0889,Mairinque,"01a02d5b-1a46-7918-ba56-90156326d18d"
a21cb281-fe8c-48e6-9258-da3618a27abe,Mairiporã,"01a02d5b-1a47-7218-9b19-43cd156d6eb6"
c0d0af66-7e5b-4d7d-b36a-7ae08f88e331,Manduri,"01a02d5b-1a47-7218-9b1a-d72e2d5f58c1"
f75f93da-fce3-42f0-978e-78da125776e9,Marabá Paulista,"01a02d5b-1a47-7218-9b1b-e99ffd459b36"
"9647c138-ebd1-4335-833c-8e0b85ab0c27",Maracaí,"01a02d5b-1a47-7218-9b1c-cd914184010d"
"0a0cd1e5-e24e-4838-914d-894c94357724",Marapoama,"01a02d5b-1a47-7218-9b1d-b572c1e167ce"
ffe4fd74-049f-4e4f-89cb-f26f90af9bed,Mariápolis,"01a02d5b-1a47-7aae-9b1e-2acebae8bb3c"
c02f8816-c56b-4ecf-8af5-77764b24a848,Marília,"01a02d5b-1a47-7aae-9b1f-f1e3c02726b0"
"4849c7bf-cb17-4656-88ff-4d70bc57b0fe",Marinópolis,"01a02d5b-1a47-7aae-9b20-746d66a28ad4"
"4da8a777-5a8a-41dd-93a3-b445f7a068c8",Martinópolis,"01a02d5b-1a47-7aae-9b21-9b74254a28a6"
fa07b377-51ee-457f-ad9f-83bf629e8f80,Matão,"01a02d5b-1a48-733e-ba09-9a93e7a9a80c"
"482458ce-4bd1-438a-a57a-f83e84b3d885",Mauá,"01a02d5b-1a48-733e-ba0a-d5810d2b3653"
"4491871d-b3b8-42b1-9511-e259e5ed0e2d",Mendonça,"01a02d5b-1a48-733e-ba0b-b95529bda12b"
af855506-206f-445d-8e97-3102c2e95bf7,Meridiano,"01a02d5b-1a48-733e-ba0c-77e2e5a8197b"
"8acf5656-9948-415f-b9ce-72fbedb769f8",Mesópolis,"01a02d5b-1a48-733e-ba0d-26c973b000d7"
b6b98a0f-6763-4e56-8847-fbe87a627ad7,Miguelópolis,"01a02d5b-1a48-7bcb-ba0e-b01ec4a80d2d"
c6db5ca3-aa7f-4c9d-baf8-be22864da714,Mineiros do Tietê,"01a02d5b-1a48-7bcb-ba0f-01cb8f1b213c"
"2e6b4f97-fcae-4cd0-8f16-c1df75bb7332",Miracatu,"01a02d5b-1a48-7bcb-ba11-968266f4bbb1"
da44e237-1929-453a-9d7e-b0a94cce5b90,Mira Estrela,"01a02d5b-1a48-7bcb-ba10-0c0862167154"
cb5b2832-2a8c-4c67-a9e4-3b6a3eec213a,Mirandópolis,"01a02d5b-1a49-748b-9d8f-5a15bbbf41cd"
d667da2f-3dd4-4ce3-9f68-fa037d85431d,Mirante do Paranapanema,"01a02d5b-1a49-748b-9d90-5a44b8a34c82"
"8377091c-d198-4afc-a309-b5ac962017a2",Mirassol,"01a02d5b-1a49-748b-9d91-6ca1b0714c3d"
ecbcf5d4-c429-43da-80de-a821b840af55,Mirassolândia,"01a02d5b-1a49-7d31-9d92-cb3cf2c8ee43"
ed41bf09-8476-4b04-8059-99517a9b4bf4,Mococa,"01a02d5b-1a49-7d31-9d93-a36c0ced164f"
"44897582-db2b-4f5a-9b68-7a01dd7272a2",Mogi das Cruzes,"01a02d5b-1a4a-7609-9da5-963fbe038054"
"3b4f8ab5-3fcb-4406-8ed5-d940fe05cc39",Mogi Guaçu,"01a02d5b-1a4a-7609-9da6-3854ef03e424"
ee543c33-4f24-48ee-a153-8b3c7d556f01,Mogi Mirim,"01a02d5b-1a4a-7609-9da7-66df25ca7096"
"9d98ed67-7558-451e-9307-64327ed5e53a",Mombuca,"01a02d5b-1a4a-7609-9da8-fc53e727d0b3"
"0fd2620c-6e83-4caf-a3f0-59edb51c9aea",Monções,"01a02d5b-1a4b-7645-9f36-2a27b1bdd47f"
"8f212b1e-f789-40fa-8c5b-e3c19bbe405a",Mongaguá,"01a02d5b-1a4b-7645-9f37-84a9dc9c35a9"
"971a614a-345e-4404-b8f5-b1b1b19ac5cb",Monte Alegre do Sul,"01a02d5b-1a4b-7645-9f38-34441f821d51"
f90697dd-8803-47e9-8f43-cf4e605229af,Monte Alto,"01a02d5b-1a4b-7645-9f39-e002fe4af15a"
a9f8e658-18a3-4f2e-a8bd-745aaf2f74f3,Monte Aprazível,"01a02d5b-1a4c-7665-b1aa-78bfc316587d"
a9b9f85d-0e89-407a-b055-5ccbbe6fd03a,Monte Azul Paulista,"01a02d5b-1a4c-7665-b1ab-476bcd4dee1c"
"6773e0e6-8d2c-4380-b7b6-bbbe5e47b1c5",Monte Castelo,"01a02d5b-1a4c-7665-b1ac-1ddba1013cde"
"8677b89b-8d3f-4d44-a4d2-3a86282b85b6",Monteiro Lobato,"01a02d5b-1a4c-7665-b1ae-7c6872564ce1"
"313865a7-c770-46c8-91f6-6959c11cebbd",Monte Mor,"01a02d5b-1a4c-7665-b1ad-1c6c1749d51a"
"5850d6e4-6cf2-44b7-b36e-ca3e248e8e78",Morro Agudo,"01a02d5b-1a4d-7633-848a-c6cd4773af31"
"46fdab0d-ca62-43b9-a0d5-8799c6a7fc89",Morungaba,"01a02d5b-1a4d-7633-848b-7ce542c980d1"
b4d8cec7-40b0-4a27-bf86-4497858e46ec,Motuca,"01a02d5b-1a4d-7633-848c-3d5e9eedd0f4"
"659244c1-2dd3-4945-9d4e-680a07070f6f",Murutinga do Sul,"01a02d5b-1a4d-7633-848d-4a8568aa34b9"
"950daf69-29b4-4f9b-959c-acc37fc19204",Nantes,"01a02d5b-1a4e-7638-b75b-6323d0405dae"
"019e5196-6c2c-44eb-8f54-efabc2b7735f",Narandiba,"01a02d5b-1a4e-7638-b75c-a527c6bbf0b9"
d0fc4496-db82-4a0f-9f60-c2316198f249,Natividade da Serra,"01a02d5b-1a4e-7638-b75d-a83b9921ddaf"
eb4a4ea1-aa9b-49c4-959f-3aac07011d6d,Nazaré Paulista,"01a02d5b-1a4e-7638-b75e-f5a4259809a9"
"5689b7e5-0084-4625-859f-bcebfc90cbe0",Neves Paulista,"01a02d5b-1a4e-7638-b75f-d032f3e196f5"
"0b4eb30b-ac36-4475-b903-e19fc740227c",Nhandeara,"01a02d5b-1a4f-7632-9de6-d4d77b3a64dd"
"53e3a63a-9352-424c-b43f-1bf6db919273",Nipoã,"01a02d5b-1a4f-7632-9de7-534cf7c46b63"
"4c0134d4-1279-47b1-9c31-3af2b033162a",Nova Aliança,"01a02d5b-1a4f-7632-9de8-622d9d120cbc"
"8306058f-4832-4c97-aea2-4730cf522096",Nova Campina,"01a02d5b-1a4f-7632-9de9-d2726d717a61"
a869e9cc-da11-454c-b722-005eabf3b2c3,Nova Canaã Paulista,"01a02d5b-1a50-7636-983a-e1e80ce68447"
"7ca3791d-2c90-4e4c-9628-4147f4f8ffee",Nova Castilho,"01a02d5b-1a50-7636-983b-c3d374b8dfdc"
f8101cb1-8560-4260-b531-efb40fa3044c,Nova Europa,"01a02d5b-1a50-7636-983c-172ad3b76b05"
"85db571b-fe1f-4d45-9d8a-92038fc93c54",Nova Granada,"01a02d5b-1a50-7636-983d-a64a68b84461"
"0b9f62e9-700a-481c-af3d-e43779a60df1",Nova Guataporanga,"01a02d5b-1e47-7a2b-af92-5aefa434d099"
a5e19e2e-4c0d-4309-ac6c-69cf0d4c1d73,Nova Independência,"01a02d5b-1e4b-77b8-897b-2985491399de"
d7897ad1-226a-442b-908e-0289c83999ae,Novais,"01a02d5b-1e4c-703d-bdbc-f5eebf1ab0e3"
"6bed2a27-4130-4703-a358-094df046727c",Nova Luzitânia,"01a02d5b-1e4c-703d-bdba-35fe336bbd83"
"3d70bb52-13e6-4868-bcdc-3111ba1641bc",Nova Odessa,"01a02d5b-1e4c-703d-bdbb-6384e35c3342"
ee162bf2-93d1-491b-a68d-ce12234159dd,Novo Horizonte,"01a02d5b-1e4c-7937-bdbd-c67137ded781"
fe5646e2-6dd1-4585-8f53-e8f1f799a537,Nuporanga,"01a02d5b-1e4c-7937-bdbe-16c7d7425a03"
"7fc80dee-81f0-4ed7-b056-2a995fe8a42c",Ocauçu,"01a02d5b-1e4d-71a7-b06b-088a304f1f72"
"6fca08cf-e3a6-4ce5-a5c8-162d5220519f",Óleo,"01a02d5b-1e4d-71a7-b06c-a67779cfaa58"
"425f1dbc-7795-419a-9460-99c4a24de61f",Olímpia,"01a02d5b-1e4d-7a55-b06d-67d464d43790"
b5b3c13a-e866-4838-a634-027f8866c616,Onda Verde,"01a02d5b-1e4d-7a55-b06e-6765aa426a39"
"762d3dd9-0cc4-49a3-a00f-ccfe3f7bc1bb",Oriente,"01a02d5b-1e4e-72c0-aee0-d3bda500a32c"
"9bce7c09-e1ea-4c10-ad09-a80bf8d9ccd0",Orindiúva,"01a02d5b-1e4e-72c0-aee1-bcc497846969"
"9d157725-9758-44f7-a16b-d77919971344",Orlândia,"01a02d5b-1e4e-72c0-aee2-10720d30e46d"
"906e8ca3-47bb-48eb-90de-a24ccaa7663e",Osasco,"01a02d5b-1e4e-7b61-aee3-79a10830ce13"
"5054f5b2-0cea-4abf-b63f-ebf36ac3a670",Oscar Bressane,"01a02d5b-1e4e-7b61-aee4-048d76474e7a"
"95f5d160-447c-4bd0-af62-f327a22b587b",Osvaldo Cruz,"01a02d5b-1e4f-73f6-aca1-1588e43272da"
"2957d165-d752-4ed5-9717-8ddcc5d9b41d",Ourinhos,"01a02d5b-1e4f-73f6-aca2-27740f586b8e"
"09fb1836-1df2-4b7b-93e9-be161ab73e84",Ouroeste,"01a02d5b-1e4f-7c94-aca4-41e6ee730be8"
"50d869e7-fb60-4356-8402-65851c5e374d",Ouro Verde,"01a02d5b-1e4f-73f6-aca3-0bcd4eff3a89"
b77eb597-8b99-4a23-80a5-b8819e3732d9,Pacaembu,"01a02d5b-1e4f-7c94-aca5-5efedc6e1233"
"088268d4-82e3-4351-9a6a-964e40b26ef3",Palestina,"01a02d5b-1e50-7501-80ba-6df5d81daefc"
"4d21d11a-e3d4-4eba-9ae7-2fc95bab0ece",Palmares Paulista,"01a02d5b-1e50-7501-80bb-177a5040660b"
"0f219d0c-f4ed-4dc4-8a3a-5d7920c84219",Palmeira D'Oeste,"01a02d5b-1e50-7d7c-80bc-e343c03b9283"
"453dc207-a4f9-4721-86ef-9687a75140de",Palmital,"01a02d5b-1e50-7d7c-80bd-c76fece27242"
c1404eec-effa-40de-801a-f35611c3a806,Panorama,"01a02d5b-1e51-75f4-964b-c9a10bcd9f50"
"3688fa7e-23ee-4590-92e9-e546cd0ae261",Paraguaçu Paulista,"01a02d5b-1e51-75f4-964c-07b60524237d"
a01b3737-79fc-477f-bf62-044a995761ec,Paraibuna,"01a02d5b-1e51-75f4-964d-a610f550257f"
"11a7dfe5-9f49-4371-b58f-5e80de28057b",Paraíso,"01a02d5b-1e51-7fac-964e-cffc217b1190"
e0e2932e-3f94-47d0-a5f7-1c3d18895005,Paranapanema,"01a02d5b-1e51-7fac-964f-5a6de3e9c878"
a5eb2718-d732-4dd9-b8c5-2c4bff65a8f3,Paranapuã,"01a02d5b-1e51-7fac-9650-6d01fcf782aa"
ae4e20c2-cb53-47fe-a65a-6ea693a231d6,Parapuã,"01a02d5b-1e51-7fac-9651-5f793df9544c"
"6b5be884-123b-4207-800c-6c9126b9dbec",Pardinho,"01a02d5b-1e52-7866-8e0d-43e9667ce2d3"
"64d43184-e59a-4e45-b835-0f255c1f9e6d",Pariquera-Açu,"01a02d5b-1e52-7866-8e0e-04a1d6781a1a"
"9d3f2720-c22e-47ef-b6f1-f32f55824c81",Parisi,"01a02d5b-1e52-7866-8e0f-b70462c0fddd"
b5e1d1ea-8d1b-46b5-aa0f-68b98388d14a,Patrocínio Paulista,"01a02d5b-1e52-7866-8e10-8fd05b4a8802"
"31eb6d8f-7960-48e3-bcbe-c3494dd9bf51",Paulicéia,"01a02d5b-1e53-710a-91ce-ddbb402d5bce"
ed3d8e7e-ecf6-46be-8e8b-e02871be890b,Paulínia,"01a02d5b-1e53-710a-91cf-7db9f43548c1"
"56aee2c0-704c-4edf-ae3f-dc5553fc108e",Paulistânia,"01a02d5b-1e53-710a-91d0-2af7ddc4a67b"
"7337de70-a121-4869-b285-aacf4c1b55c0",Paulo de Faria,"01a02d5b-1e53-710a-91d1-72c55ff76eae"
"35ad5d28-105c-48f2-8e14-b78a719cfad5",Pederneiras,"01a02d5b-1e53-79b6-91d2-9117e456363a"
"2f333775-415e-4f06-bf67-5c84b40491f9",Pedra Bela,"01a02d5b-1e53-79b6-91d3-31fc6f8fdb29"
"26ea5dda-d52b-4670-b9c2-f006481c3cd3",Pedranópolis,"01a02d5b-1e53-79b6-91d4-e57254705313"
"8813253c-b39b-414a-acd5-11d5cd8e8958",Pedregulho,"01a02d5b-1e53-79b6-91d5-c632fb223111"
debd66e6-ca75-40ce-b736-8140abc17c64,Pedreira,"01a02d5b-1e53-79b6-91d6-e49f82e93e5c"
"0ef47230-223c-4797-a7a2-74c3d6addcf4",Pedrinhas Paulista,"01a02d5b-1e54-726b-8c48-f82e120a0949"
e3e97989-e4e9-441d-8702-589f941d4150,Pedro de Toledo,"01a02d5b-1e54-726b-8c49-e406439da32e"
"8c21472e-7878-43f7-8c5c-6bdc56eca9c3",Penápolis,"01a02d5b-1e54-726b-8c4a-c68c372d63bb"
ac15300d-0d96-4f6f-b3cc-669d37f250a8,Pereira Barreto,"01a02d5b-1e54-726b-8c4b-e985db885b25"
"2a01dc0c-20e1-42db-a434-d3518afc0b60",Pereiras,"01a02d5b-1e54-726b-8c4c-5ea447d75053"
adc17cc4-ef60-4239-b4db-dd9855375768,Peruíbe,"01a02d5b-1e54-7b06-8c4d-248ae1fadf96"
ce3f2fb3-6cf8-4cfb-89d1-d58a684144e8,Piacatu,"01a02d5b-1e54-7b06-8c4e-ea50bde375dd"
ec0e8c3a-965a-4c23-9f74-6d925f08d51e,Piedade,"01a02d5b-1e54-7b06-8c4f-f9e89ab40436"
bf320d24-09f4-49ae-9cb3-174ac1bcad3b,Pilar do Sul,"01a02d5b-1e54-7b06-8c50-128121f52906"
"7f67d21b-1d84-4abf-903c-589f025fd2bb",Pindamonhangaba,"01a02d5b-1e54-7b06-8c51-1b064314312a"
e9a021b2-67f6-43c4-91d5-41c0d1d9a603,Pindorama,"01a02d5b-1e55-73ae-9baf-0f87a4d64f3b"
"0b772875-e4b0-4a37-b904-f0ebb27bb383",Pinhalzinho,"01a02d5b-1e55-73ae-9bb0-d93e3a7c7d63"
d07bc2cb-9968-4a7f-b9a4-39657d094939,Piquerobi,"01a02d5b-1e55-73ae-9bb1-84023d60e89e"
"23465694-8b86-4de7-8227-ad2609f4e2ac",Piquete,"01a02d5b-1e55-73ae-9bb2-5afe5b41ae9f"
"2547fa48-f55d-4b10-9f10-e522efd578dc",Piracaia,"01a02d5b-1e55-73ae-9bb3-8fc2297995b4"
"69d80b5c-07fa-4200-b4e9-a57302cdb3b8",Piracicaba,"01a02d5b-1e55-7c46-9bb4-29caa8b12c3b"
"0ea122f8-6a90-4bd8-ac34-7ff4da60fab5",Piraju,"01a02d5b-1e55-7c46-9bb5-ecbf351da057"
"7889b368-085c-4993-9314-a7d5f265be72",Pirajuí,"01a02d5b-1e55-7c46-9bb6-df3a02c66420"
"1ab02ad0-e09c-497c-869d-d761e8529265",Pirangi,"01a02d5b-1e55-7c46-9bb7-559136a90763"
"3e4e89b8-12b4-4a0c-b487-30ccf2af07e1",Pirapora do Bom Jesus,"01a02d5b-1e55-7c46-9bb8-d16969bf4319"
ff828883-d49d-47ef-a536-668746db64ec,Pirapozinho,"01a02d5b-1e56-74ec-a9d8-cbb76eac87cc"
d5d55f91-149d-4517-84d8-5a38c3db58e1,Pirassununga,"01a02d5b-1e56-74ec-a9d9-644691d206e1"
c6a901ff-5271-4e58-b95b-31fa25b67b42,Piratininga,"01a02d5b-1e56-74ec-a9da-c1d63101ce32"
"25cf26f3-ce3a-4613-ab3f-ff5dc196ac5b",Pitangueiras,"01a02d5b-1e56-74ec-a9db-77ecc120a9fd"
b713b6c5-5de9-43d3-a069-37a78e789027,Planalto,"01a02d5b-1e56-74ec-a9dc-305af9050bec"
cc74e415-0b07-43a4-8d19-15321a4990d7,Platina,"01a02d5b-1e56-74ec-a9dd-5d9965e4d6a4"
ecd2976e-1102-402d-aff2-b0b1d152c7ff,Poá,"01a02d5b-1e56-74ec-a9de-bc3730f6f38e"
b9d4cac4-a794-4cc8-9444-f1f8298520d3,Poloni,"01a02d5b-1e56-74ec-a9df-6912330d20cf"
"7ee75c77-1c55-4704-8d20-30cb56bddfab",Pompéia,"01a02d5b-1e56-74ec-a9e0-259507aabb99"
"571ab60d-e9e0-4d38-ba11-bef34c5c9f47",Pongaí,"01a02d5b-1e57-750c-b08d-1a2b7b94c509"
"6a1c9b8e-94af-4990-bb59-d52b0d5ebcba",Pontal,"01a02d5b-1e57-750c-b08e-36eb057cc84f"
ea3f8ec0-4c03-40d8-a1ef-5d2f82a63bec,Pontalinda,"01a02d5b-1e57-750c-b08f-8cccb4ab2403"
b681c560-f47b-4416-b13c-14a2eaeea692,Pontes Gestal,"01a02d5b-1e57-750c-b090-1eb9862e08ef"
cb1ccc1d-2271-442f-af18-ded5c90f9603,Populina,"01a02d5b-1e57-750c-b091-3704b9be866a"
"8972b076-634a-4a49-abd4-74551f44bd1b",Porangaba,"01a02d5b-1e57-750c-b092-71cc1a2d089d"
"31004164-6684-4bff-b1d3-f52ae66a924f",Porto Feliz,"01a02d5b-1e57-750c-b093-01a96762d610"
"3bd7484a-ba58-4df6-b53e-d96b9d4c090b",Porto Ferreira,"01a02d5b-1e57-750c-b094-7b07b02da3ff"
"804d170d-e271-4c67-aec0-5a917f35d1d8",Potim,"01a02d5b-1e57-750c-b095-2de15f5cd517"
"324400ba-db84-497a-8c1a-2f6ee308b207",Potirendaba,"01a02d5b-1e58-7505-9eca-c1b9b0af43d6"
a4af3d04-7b0e-45b4-8c82-a540b05942ef,Pracinha,"01a02d5b-1e58-7505-9ecb-d6c597884407"
"3f1211b9-be19-423f-afd5-2f06b8492c10",Pradópolis,"01a02d5b-1e58-7505-9ecc-7fb886bfa1ab"
"1c6793a3-ee69-405a-8d6e-d293398be5a9",Praia Grande,"01a02d5b-1e58-7505-9ecd-17ccac7b7919"
"93bc2a63-699a-4157-8390-cc94c4ed5914",Pratânia,"01a02d5b-1e58-7505-9ece-0ea01ccc1ddc"
"8f6c8d18-15dd-479e-9330-16dbf9d9b8b1",Presidente Alves,"01a02d5b-1e58-7505-9ecf-90fc4d2346b3"
fd84045a-ed28-4069-84af-8e99240d3166,Presidente Bernardes,"01a02d5b-1e58-7505-9ed0-384404c4c4c0"
"57372afc-ddf2-4f46-be34-afa7fb317d20",Presidente Epitácio,"01a02d5b-1e58-7505-9ed1-55c0ef7477e1"
b9e3757c-fedd-49db-b8a2-8d25a88ffbbe,Presidente Prudente,"01a02d5b-1e58-7505-9ed2-3e530164b2fc"
"5f52da20-12aa-4a58-af1a-e2874d6d9880",Presidente Venceslau,"01a02d5b-1e59-7514-9f34-6d89c0352a78"
"819f85a8-4d45-4943-ad3c-b77bb4e98bb3",Promissão,"01a02d5b-1e59-7514-9f35-522b55cbbe4e"
"300c48e8-7aab-4f2f-8bf9-449215672991",Quadra,"01a02d5b-1e59-7514-9f36-863a0bb51a46"
d6277aad-5448-42b6-bb1b-ff41a8a40453,Quatá,"01a02d5b-1e59-7514-9f37-d5b95ba1ceaa"
ee8d90e6-6ef4-416d-b0f7-c1c8365daf07,Queiroz,"01a02d5b-1e59-7514-9f38-e368851bdd48"
"8167e802-8e89-46c4-9553-69981619b6bb",Queluz,"01a02d5b-1e59-7514-9f39-89a39cbef040"
"2aea82f0-0250-48aa-b852-9663562a8ac4",Quintana,"01a02d5b-1e59-7514-9f3a-212c2da95dce"
"8a0e0e9e-5b09-4c7e-ae29-cb5e58e938af",Rafard,"01a02d5b-1e5a-7516-8309-ac91f427c611"
"2946d555-2ee6-4c69-97a9-673436892fd6",Rancharia,"01a02d5b-223c-75a9-a6eb-0168d5f8b18d"
"4cd26314-fa6e-4bec-a826-b2f18539c500",Redenção da Serra,"01a02d5b-223f-7a27-9e61-4c60c92ecc8a"
e33ab5b7-6c2e-48af-8fb4-7603286bbbf1,Regente Feijó,"01a02d5b-223f-7a27-9e62-0467ce7ad970"
"6b25987a-69be-4da5-a243-5c471ff33b9b",Reginópolis,"01a02d5b-2240-72e5-b75e-76b349b5f180"
cee03342-87b2-47bc-af6f-4ee07158f2a2,Registro,"01a02d5b-2240-72e5-b75f-fa64357be3c6"
"4443358c-cdf8-45fe-9a66-c3459e21f50b",Restinga,"01a02d5b-2240-72e5-b760-26f957021ec8"
"0b858c31-142a-40fd-ae7a-c8309cfdf248",Ribeira,"01a02d5b-2240-72e5-b761-1cc5b1ed9af8"
"18b51263-f8b4-4fc0-97a4-affe7631754e",Ribeirão Bonito,"01a02d5b-2240-7b87-b762-c8f64dcb3792"
a02212b3-a135-4d8d-b102-21fdd838c25d,Ribeirão Branco,"01a02d5b-2240-7b87-b763-15c477684d78"
ae89a2b9-6995-4a4c-9b11-0f4bd91163ab,Ribeirão Corrente,"01a02d5b-2240-7b87-b764-1e6b8347511d"
cca5e271-51bc-4e79-b930-6182c79f70f2,Ribeirão dos Índios,"01a02d5b-2241-73fe-9d4d-21949794fc2c"
"72d21540-1f48-4038-8203-86e795f38323",Ribeirão do Sul,"01a02d5b-2240-7b87-b765-b25e4674b7bd"
bca30d53-9fc0-44fa-862c-1e2aa29a985b,Ribeirão Grande,"01a02d5b-2241-73fe-9d4e-7dcb4a4b3c2e"
"5e901ad3-fb98-4bf3-a6c1-6e82ec99c42b",Ribeirão Pires,"01a02d5b-2241-73fe-9d4f-4b307528ecae"
f1da93f7-7708-49d4-b7b7-3869fb2d4403,Ribeirão Preto,"01a02d5b-2241-73fe-9d50-6b9460062ac7"
cf8ec92f-d974-468c-bafe-3258605cc09b,Rifaina,"01a02d5b-1a50-7636-9839-7f572e6edc8e"
ea5114d4-f9df-4876-a179-9086ff53e981,Rincão,"01a02d5b-2241-73fe-9d51-7954b5adbcc1"
"4bc6f3aa-d5da-4229-b28e-dd439cc0376d",Rinópolis,"01a02d5b-2241-73fe-9d52-60d357f5f796"
a0c7fb4a-dfe6-4837-9fa3-d73ac003cb05,Rio Claro,"01a02d5b-2241-73fe-9d53-d1c4e5689e57"
"619ad1d7-b241-4f6b-b50e-68f254dc38d3",Rio das Pedras,"01a02d5b-2241-73fe-9d54-45e8518d4290"
"2661b6b9-ddc7-43a4-a135-6234422244b3",Rio Grande da Serra,"01a02d5b-2241-73fe-9d55-f9c6bb76f02c"
c9e52a3c-e767-4279-b1bb-ac149163cc50,Riolândia,"01a02d5b-2241-73fe-9d56-5bb5abb18667"
a24e054d-74dd-41d0-81f0-8bb37e124b14,Riversul,"01a02d5b-2242-7415-84ae-22280c4078ac"
ad33ccaa-172b-4cff-931e-22764f01ca72,Rosana,"01a02d5b-2242-7415-84af-52a17531c9bf"
a5c8aed5-d3e5-439a-a6b7-9dd8be961400,Roseira,"01a02d5b-2242-7415-84b0-d342eabbdcec"
"01a18aff-574b-4472-92c1-adef5e365213",Rubiácea,"01a02d5b-2242-7415-84b1-32f57dabbea1"
"3083ea8d-4ff1-4da9-bc11-3bd64b0a9ab1",Rubinéia,"01a02d5b-2242-7415-84b2-cb31ebe2135d"
e4db3bbd-66a4-408c-9940-18f7fde4afcb,Sabino,"01a02d5b-2242-7415-84b3-1671620225bd"
"9485c409-60e0-4577-b8bc-533532c4a15d",Sagres,"01a02d5b-2242-7415-84b4-3baab50f718d"
"4ca5673d-a0bc-43bf-9bcb-b607a37bd56f",Sales,"01a02d5b-2242-7415-84b5-4e7467d69d4e"
"07092ef9-7c4a-478e-be0c-b8271c47c6e0",Sales Oliveira,"01a02d5b-2243-7e82-803d-f14a15c24606"
"04e0dcd8-bdae-465f-80a4-368ce6a345f8",Salesópolis,"01a02d5b-2243-7e82-803e-4ec1be49de96"
"86f2da7d-8b7e-4a16-b759-74be5be8d28c",Salmourão,"01a02d5b-2243-7e82-803f-32a8434db9a8"
bab685a1-c7fd-4178-9e6f-9c2da903597c,Saltinho,"01a02d5b-2243-7e82-8040-8a9c1e8c1024"
"5da547c2-d7cb-4234-98e4-dcb8f1c3b7e2",Salto,"01a02d5b-2243-7e82-8041-0197cb652df2"
c8479981-d5d9-418f-93ab-2b95290ff8a9,Salto de Pirapora,"01a02d5b-2244-7ea8-97cf-b2cabc4e446d"
dce3ba49-edce-4444-b391-cc998849ee60,Salto Grande,"01a02d5b-2244-7ea8-97d0-bfc71bb5933f"
"78183b76-4456-4fce-9464-4b7309da1c09",Sandovalina,"01a02d5b-2244-7ea8-97d1-9f4cec1f4db0"
a3aef4cd-e273-400e-bd1b-686836398a61,Santa Adélia,"01a02d5b-2244-7ea8-97d2-e5c15ce7381f"
"93a0f5f2-b01c-43b4-9cfc-5e8df758ae7e",Santa Albertina,"01a02d5b-2245-7ea8-9735-6a2be22d67e6"
"5e3fddd3-f885-4f68-b85f-36206bdec46e",Santa Bárbara D'Oeste,"01a02d5b-2245-7ea8-9736-198ad61a459b"
"6ef7f5bb-451f-4f2d-9d00-56deec9f80ed",Santa Branca,"01a02d5b-2245-7ea8-9737-4a0c82366497"
fca6c2ee-dd4c-416f-89b0-157fcdcfa010,Santa Clara D'Oeste,"01a02d5b-2245-7ea8-9738-591bd3bff345"
b3ad2d7a-ccf5-4f84-afe8-4bc8d74e3732,Santa Cruz da Conceição,"01a02d5b-2246-7eaa-b012-79ea86d94d8d"
"970bd5ca-5fa6-4838-98c6-915ed58ab0e6",Santa Cruz da Esperança,"01a02d5b-2246-7eaa-b013-9fbc96c400fc"
"647bcd06-92c5-4a39-b3e8-e82d6e1474b7",Santa Cruz das Palmeiras,"01a02d5b-2247-76be-b442-ed85550f05fd"
"0a250828-0c79-4416-83ec-42867e3f37f2",Santa Cruz do Rio Pardo,"01a02d5b-2247-76be-b443-0d4f7ad114e7"
c3784d34-b6b0-4695-ac2c-43ca0444fc9f,Santa Ernestina,"01a02d5b-2247-76be-b444-c9848ddb1b4f"
"89cef43b-710c-42c5-ab27-acb90ed159ef",Santa Fé do Sul,"01a02d5b-2247-76be-b445-f6eec3ff5870"
"8008e38a-ee05-4fcc-88ad-7d0119ca8e2d",Santa Gertrudes,"01a02d5b-2248-76e4-8c51-62c0ecb648c0"
a264829c-14ee-4655-a574-51e65f9d70bc,Santa Isabel,"01a02d5b-2248-76e4-8c52-1e985fd85631"
"59ed7baa-7c59-445a-a482-27bc032d19a0",Santa Lúcia,"01a02d5b-2248-76e4-8c53-96bc26d685d7"
b1298e9f-1a03-4b5f-bb40-f6d3155954ac,Santa Maria da Serra,"01a02d5b-2248-76e4-8c54-db6fd13ed357"
c3ab3710-7e15-416a-9e06-a2e31c0c1bc1,Santa Mercedes,"01a02d5b-2248-76e4-8c55-24094db22701"
b52580d0-b14f-4e5c-897d-eb9ed643760e,Santana da Ponte Pensa,"01a02d5b-2249-76e5-8fd4-2d73e570874b"
ec8dcf19-dca8-474e-aec6-f53705fb3c68,Santana de Parnaíba,"01a02d5b-2249-76e5-8fd5-6c79d5ee663d"
"11587a84-3e44-4803-b609-d1e324f839cf",Santa Rita D'Oeste,"01a02d5b-2248-76e4-8c57-2e46c7841118"
"6e37cb4a-2850-42e3-a4a1-443daaeeeb1b",Santa Rita do Passa Quatro,"01a02d5b-2248-76e4-8c56-393a384a5ade"
"83df3a6d-9b60-461d-a910-13ee1f4baf22",Santa Rosa de Viterbo,"01a02d5b-2249-76e5-8fd2-bec1151b0733"
ca9e3c66-a2e9-4cf4-b1a1-65cc7e5c87ea,Santa Salete,"01a02d5b-2249-76e5-8fd3-a2878dcff428"
c9c28c71-f7fa-4642-9f8a-63d483981984,Santo Anastácio,"01a02d5b-2249-76e5-8fd6-eb4df88ba9c1"
"061db5ae-6fcd-4390-b99e-f5b8e960e13d",Santo André,"01a02d5b-224a-76ea-a2cf-e054d9aac90a"
cd7bc5c0-a8d9-4eae-89b2-107bcc01776e,Santo Antônio da Alegria,"01a02d5b-224a-76ea-a2d0-d93690380e90"
d16db3f8-f7dd-4cfc-8724-14539d7f2737,Santo Antônio de Posse,"01a02d5b-224a-76ea-a2d1-c0d09eb8f288"
"96025792-eae5-4177-99de-abcc86c5dd63",Santo Antônio do Aracanguá,"01a02d5b-224a-76ea-a2d2-c0f960c22a01"
"4765bfc8-d450-45bd-a691-d4feabe42afc",Santo Antônio do Jardim,"01a02d5b-224a-76ea-a2d3-5b826d5e1638"
b2dc12c1-f6e2-44e2-b6c3-e69567ad0ee3,Santo Antônio do Pinhal,"01a02d5b-224a-76ea-a2d4-6fe43247f4ba"
"87c36909-4183-494f-9008-2d2f9e15d205",Santo Expedito,"01a02d5b-224a-76ea-a2d5-f5495c89c7d3"
"0a87e552-6230-4ec0-afc3-616361d11aad",Santópolis do Aguapeí,"01a02d5b-224b-76d6-aa35-a52338bfc3e6"
"9a92f2f9-8e1f-48c6-9492-34b8bd459ad6",Santos,"01a02d5b-224b-76d6-aa36-99db1ddc3864"
"73cdd9c1-dc68-45ed-bdc1-dfff6ff657c7",São Bento do Sapucaí,"01a02d5b-224b-76d6-aa37-a70b2c85457a"
"81bc4d7a-d881-4b9d-b6f0-f49e44967e4b",São Bernardo do Campo,"01a02d5b-224b-76d6-aa38-f7d8e8d7f29d"
"1bdf37a0-2605-445a-b562-a47be313c9c6",São Caetano do Sul,"01a02d5b-224b-76d6-aa39-1deaae46521b"
f1e719ac-15b3-4f2e-8216-423fc15d485d,São Carlos,"01a02d5b-224b-76d6-aa3a-865eb29aeb7f"
"429cc182-63a3-4665-b9bc-7f8dd9b6a61b",São Francisco,"01a02d5b-224b-76d6-aa3b-c57919f39ce4"
d75f0f39-07aa-4472-ac8b-095373266c0d,São João da Boa Vista,"01a02d5b-224b-76d6-aa3c-dc4b59eed116"
"3202b8e6-97ca-450e-a575-7439bc5031ca",São João das Duas Pontes,"01a02d5b-224c-76e7-8306-f2b35cf87fef"
c87c3a55-ef92-47f3-9ce5-db13646ad63a,São João de Iracema,"01a02d5b-224c-76e7-8307-3fd860676c48"
d08fd3e0-f2aa-49a7-966c-64b8f9323d45,São João do Pau d'Alho,"01a02d5b-224c-76e7-8308-5f5840fbcf9c"
a45018b3-60ee-4238-95ca-1eb8a63effa1,São Joaquim da Barra,"01a02d5b-224c-76e7-8309-61484a660958"
"61acb593-c529-4010-a539-4418dd38aa4a",São José da Bela Vista,"01a02d5b-224c-76e7-830a-b2b08c5561e5"
"3792582e-1c8c-4780-9c68-aa2a4b140ccc",São José do Barreiro,"01a02d5b-224c-76e7-830b-f1fcf6f9790c"
"5d49c2c8-87e9-4347-ba2a-2374d55c1742",São José do Rio Pardo,"01a02d5b-224c-76e7-830c-8e7525146d25"
"3386b948-243f-4147-8191-46a574dfc73e",São José do Rio Preto,"01a02d5b-224c-76e7-830d-53b7f91b4c95"
"14cc4c3e-5852-47a1-8d52-aeacee5508b1",São José dos Campos,"01a02d5b-224c-76e7-830e-e9be1c8fd29d"
d59aa90b-2ef4-4e57-b0a9-6cb12c81e3ff,São Lourenço da Serra,"01a02d5b-224d-76d4-a467-ab03c6c6407a"
"1e537abd-bbeb-4057-8cc0-dcb73651b3dc",São Luiz do Paraitinga,"01a02d5b-224d-76d4-a468-6b2a348377be"
"184ab65b-d15e-420c-9837-8f1d06728ca3",São Manuel,"01a02d5b-224d-76d4-a469-990d1c63a9c9"
fc4ed588-410e-4f36-af8c-abebd773d106,São Miguel Arcanjo,"01a02d5b-224d-76d4-a46a-5e03e803eb29"
daca8042-473d-499d-a960-fe3bbb6b9c33,São Paulo,"01a02d5b-224d-76d4-a46b-5e3031c9c26b"
"01426aad-14d1-4f73-bbfc-6a2b2b4ed87c",São Pedro,"01a02d5b-224d-76d4-a46c-0dc6e040737a"
"4bcead00-8c95-4b24-9ab1-aa71b3b38457",São Pedro do Turvo,"01a02d5b-224d-76d4-a46d-f560cb53b720"
"9793829c-1e82-452f-acdf-23d9b6ee6f9f",São Roque,"01a02d5b-224d-76d4-a46e-834ae0b50fe4"
"8c961943-fcf6-4a6f-a2dd-7d77ce787cc6",São Sebastião,"01a02d5b-224d-76d4-a46f-b8f2c316e0ad"
"266dcd17-669f-432e-8b62-47986efe6aed",São Sebastião da Grama,"01a02d5b-224e-76d3-b221-dc6db61b0ec2"
"254eb157-5409-4eca-8b20-8ad526431b2b",São Simão,"01a02d5b-224e-76d3-b222-15806e201dd3"
"19301bd1-e634-4eab-8961-db3bfb444636",São Vicente,"01a02d5b-224e-76d3-b223-2281116ee95b"
d81b1bbb-b952-4f64-b96a-afbdb6a3f86d,Sarapuí,"01a02d5b-224e-76d3-b224-a524f6157f4c"
"0e2d2db8-b9ca-4a95-85c6-29517d85034a",Sarutaiá,"01a02d5b-224e-76d3-b225-7d2289bc2936"
f32d7348-a0d1-4f34-ada8-405c0a435cc3,Sebastianópolis do Sul,"01a02d5b-224e-76d3-b226-b54ccdaf8a05"
"6d9f6f58-3455-4636-9125-669cd5b7c0d3",Serra Azul,"01a02d5b-224e-76d3-b227-6be47f6d32e3"
"6480439a-e682-43ad-9228-284132243629",Serrana,"01a02d5b-2650-7885-ab73-c02644b0f8f9"
"88bf96a0-838d-4d28-9ac3-04e0c72bd2ea",Serra Negra,"01a02d5b-264d-73a5-a696-9504fa3db2ba"
"20c864f9-75a7-4659-b822-515e1be5fb93",Sertãozinho,"01a02d5b-2650-7885-ab74-552f94fccd26"
"339853f7-b905-4e12-acea-5a4214b2ac40",Sete Barras,"01a02d5b-2651-7106-a937-626503e78ff0"
"121a91c8-d40d-4abd-9eee-927856a4d7cb",Severínia,"01a02d5b-2651-7106-a938-ec6841dfaf5b"
"5e3c72e2-2614-4eeb-a30a-1872edc353e3",Silveiras,"01a02d5b-2651-7106-a939-e0d512ddb83c"
"5065b281-5730-42bc-94b9-5e1bc21697fe",Socorro,"01a02d5b-2651-7106-a93a-88f7cc6e24cb"
"9cdb4055-a42f-49c7-811c-6906a99b558e",Sorocaba,"01a02d5b-2652-711e-813e-c5efdd8d8147"
f5e03be4-2672-4403-a671-7f63216243a0,Sud Mennucci,"01a02d5b-2652-711e-813f-eb0c4bf11d56"
"752a4532-9c73-4013-9eec-ec06f2aee581",Sumaré,"01a02d5b-2652-711e-8140-8de3a6ea3de8"
"59a419d1-77f8-44cc-8509-41e8f6bc8f93",Suzanápolis,"01a02d5b-2652-711e-8141-36c1cdd5a304"
ff7d5671-16ba-4133-9eac-cff8eaed66bb,Suzano,"01a02d5a-7ff9-7e36-8235-8d5fa0f20913"
"879db203-5415-45ad-b9f1-553755b5f0ab",Tabapuã,"01a02d5b-2652-711e-8142-eed845689bd0"
"3a521791-1e48-48cc-90ea-1f16b031c3e2",Tabatinga,"01a02d5b-2652-711e-8143-e68c446900eb"
ac2acdc9-9c57-4978-b5e8-9b99d91184d2,Taboão da Serra,"01a02d5b-2652-711e-8144-0705d2bbccd6"
"4ff1a76e-2e01-4966-ae23-8381516aef90",Taciba,"01a02d5b-2652-711e-8145-039782825a07"
"457e0c21-c69a-4b0a-ae21-ecdd9e3123bf",Taguaí,"01a02d5b-2653-7d4d-afd9-61880511ee27"
"866d6038-e38a-4dfd-ac72-0ac9a3845fc8",Taiaçu,"01a02d5b-2653-7d4d-afda-6df3aa074fc9"
dbb65d8a-8cda-4954-8a32-ee074fc76fb4,Taiúva,"01a02d5b-2654-77d9-92e5-f52c326df8de"
ff31ee50-258e-4028-9f49-8d3da49fcac2,Tambaú,"01a02d5b-2654-77d9-92e6-14119667e0e7"
c37fe258-3b35-49ba-a9a1-e0fa6e1436d2,Tanabi,"01a02d5b-2654-77d9-92e7-36a1485d9351"
"00b08041-d7e8-475d-a3ff-6e26e7bcfb3c",Tapiraí,"01a02d5b-2654-77d9-92e8-d69cebb0b43c"
"859c9304-d72c-4e88-81b1-6e9e7150c689",Tapiratiba,"01a02d5b-2654-77d9-92e9-2a38fa44101d"
"532fe4fd-9870-4666-b9e3-2f3019956a3c",Taquaral,"01a02d5b-2655-781e-9b2b-9bee8c9345c7"
"8e5142c2-f5d3-471e-b697-0af34a6a41e2",Taquaritinga,"01a02d5b-2655-781e-9b2c-35342caf5b51"
f8a72831-a1f5-42fd-80a4-a4a512ba3fe0,Taquarituba,"01a02d5b-2655-781e-9b2d-d11be6c0b9f2"
"9fba2559-664c-4a1f-97bd-a5998116a14e",Taquarivaí,"01a02d5b-2655-781e-9b2e-a0507c40f17c"
ca04fea2-56d6-4cf6-affd-3eeb06755d91,Tarabai,"01a02d5b-2656-781b-bdc3-8e37deaf1927"
"3d8b2214-baeb-48c0-8e42-d6cbcb606d6f",Tarumã,"01a02d5b-2656-781b-bdc4-9153d7f5774b"
"9b146ac1-efc3-4ce5-a7d6-10bb712eef8e",Tatuí,"01a02d5b-2656-781b-bdc5-cf597b2f2c28"
beb64b6f-840e-458b-b6f4-5581fc3a8452,Taubaté,"01a02d5b-2656-781b-bdc6-1fd799f4a7fb"
fac5de89-620a-4cb2-b5aa-2e77a1be0284,Tejupá,"01a02d5b-2657-7818-92d1-54093cda3721"
d2461660-153e-4a81-a892-0158ad9be8ec,Teodoro Sampaio,"01a02d5b-2657-7818-92d2-575660f5a849"
"048228bc-d57d-4fa9-8c95-67e3f33e575d",Terra Roxa,"01a02d5b-2657-7818-92d3-06f9900f48a3"
f20b07c6-68cc-4efd-bbcd-4e783992d70a,Tietê,"01a02d5b-2657-7818-92d4-783b5bd98127"
"82d79776-9d63-4808-ab8e-f71356581cf2",Timburi,"01a02d5b-2658-7815-b10d-5f8804204fab"
"717e12ed-d325-4c52-b525-e154609478e9",Torre de Pedra,"01a02d5b-2658-7815-b10e-a92e9f75ae25"
be27c79d-620d-4e75-94b6-3ddad7a2ec5f,Torrinha,"01a02d5b-2658-7815-b10f-3e900b57ef63"
"4eb24e7c-937f-420e-94bc-9df7e335485e",Trabiju,"01a02d5b-2658-7815-b110-b190d016b192"
bd4e5ec4-d4e1-4b3e-b687-6c906408a922,Tremembé,"01a02d5b-2658-7815-b111-42fc6f5536c9"
"95c22c60-948b-4ab6-b6db-03e166282e3e",Três Fronteiras,"01a02d5b-2659-7816-8347-d3982631b508"
"383b6029-2b5b-46bb-8782-177e55848b18",Tuiuti,"01a02d5b-2659-7816-8348-fa5f0813ed14"
b2d5bacc-92fb-4c58-b1fd-6ad60d65c590,Tupã,"01a02d5b-2659-7816-8349-6eec3d4795f3"
"05d79c61-0c7f-4854-8625-f08e0e7f5623",Tupi Paulista,"01a02d5b-2659-7816-834a-332c366aff6d"
"77c4c96a-9de3-4518-a87e-f7f37dca00b4",Turiúba,"01a02d5b-2659-7816-834b-70f06ceac471"
b7a33a5f-01a9-4e41-9e5c-6702807b78b6,Turmalina,"01a02d5b-265a-7814-9f73-0499dfc5a288"
"7e7d37dc-a5d5-4fcb-a5e7-494212953f4c",Ubarana,"01a02d5b-265a-7814-9f74-c0d7ad7a39bc"
"66b39cdc-8ede-4fd6-87ee-8655aae8c8e9",Ubatuba,"01a02d5b-265a-7814-9f75-31e13f69fadf"
"06e688a7-cfe9-43b6-9611-5e9367a2d65e",Ubirajara,"01a02d5b-265a-7814-9f76-f7a1b76955ce"
"27e22038-dd06-48e8-aed7-7c8868e7a810",Uchoa,"01a02d5b-265a-7814-9f77-c0e81514dae9"
ddde9e6a-c35e-4984-bf43-35efaf0d366f,União Paulista,"01a02d5b-265b-7814-b859-c75c7e75bcfb"
b3a8c69f-e0c7-4a5d-afc9-0cb42f437925,Urânia,"01a02d5b-265b-7814-b85a-c6dca34510f8"
f1b980fa-64e1-40f5-8158-6f509945e574,Uru,"01a02d5b-265b-7814-b85b-0346e98ba61d"
"8d0656db-b8e4-4b4a-b0b3-6df29c9217a8",Urupês,"01a02d5b-265b-7814-b85c-42b658a4ff8c"
"68cf18ea-b18b-43df-8fb0-78077d69cf63",Valentim Gentil,"01a02d5b-265c-783c-96c7-f2857b1fafa2"
bc2d05a8-664f-466e-b67e-148bf6d20218,Valinhos,"01a02d5b-265c-783c-96c8-e68f4aa64b97"
"31a5e956-4115-4b97-8b31-45b5af8c050c",Valparaíso,"01a02d5b-265c-783c-96c9-ce355150158b"
db125bfd-68ff-4164-b6c0-4fbddcebf709,Vargem,"01a02d5b-265c-783c-96ca-fa57fb398e06"
"8532502b-754e-4d40-9aec-bdcebe304bad",Vargem Grande do Sul,"01a02d5b-265c-783c-96cb-d499fb8d5099"
"1e296b0d-3dbf-4853-a56a-29d6d673b373",Vargem Grande Paulista,"01a02d5b-265d-783a-86cb-4af4b816a978"
"23f045f6-9a40-46a0-af5e-ff36855621e3",Várzea Paulista,"01a02d5b-265d-783a-86cc-ce3a134e60c4"
c44f091b-f29d-45b8-a874-e9a4198361e6,Vera Cruz,"01a02d5b-265d-783a-86cd-56513dca1c9d"
"40338d39-f0d5-4292-a756-524787b27a1b",Vinhedo,"01a02d5b-265d-783a-86ce-1933d8d5ac45"
faa4453f-e251-44e4-9c15-398f31101272,Viradouro,"01a02d5b-265d-783a-86cf-b351a47bec0a"
"32f4a2d6-95a6-4f39-9a04-bba13128b9b5",Vista Alegre do Alto,"01a02d5b-265e-7839-b2fe-27bfd507f49b"
"29c52cfa-f9bb-4c4e-b8bc-789f9b6f01e9",Vitória Brasil,"01a02d5b-265e-7839-b2ff-bf62ce7c0a6e"
e815854c-13d4-431d-a2ee-434b1a21d931,Votorantim,"01a02d5b-265e-7839-b300-8b84c0860e07"
"6305501a-27a2-4294-8a73-eef23cb61ad8",Votuporanga,"01a02d5b-265e-7839-b301-17425528e8b2"
"35e31394-4489-4f3d-870f-ddbdd9f7558b",Zacarias,"01a02d5b-265e-7839-b302-5cc81ad16248"
"2c1ffb81-d217-4f69-9dc9-d334af6b5bc5",Abreulândia,"01a02d5a-91e3-7346-9543-c72b7194d00e"
"24556be2-04d5-4d0d-8646-79139e775eea",Aguiarnópolis,"01a02d5a-91e6-783f-9f8b-e49de52dc7fe"
"27ee3e39-ff16-45f1-a6c9-c8d995586aa9",Aliança do Tocantins,"01a02d5a-91e7-708a-b17d-02bb058bd858"
f62ac55a-cd4a-4cb9-8aea-8112a411048f,Almas,"01a02d5a-91e7-79bd-b17e-cf88bd83b286"
"60cfc91a-16fc-42f3-80f3-42464cce91a3",Alvorada,"01a02d5a-91e7-79bd-b17f-15a5b449f3f3"
"8b206c38-0071-49ba-833a-73f4ce990afe",Ananás,"01a02d5a-91e7-79bd-b180-23c0d14cb707"
"5ed05b6b-3709-4e26-b2a6-2ca30b958de8",Angico,"01a02d5a-91e8-727a-94a5-1a4b281eac20"
"78e16f64-8c68-40dc-b2a2-a5ddfa8bd65e",Aparecida do Rio Negro,"01a02d5a-91e8-727a-94a6-c1a4641de9f8"
db1c4621-5376-410b-ae8c-6c69d7c12f1d,Aragominas,"01a02d5a-91e8-7b12-94a7-6a796d14b76c"
"1470d6f6-6768-4686-bcd1-8ba705d6e597",Araguacema,"01a02d5a-91e8-7b12-94a8-9b91b93c25fd"
aa651a72-11bd-4bcb-97e4-b92767c9a2ac,Araguaçu,"01a02d5a-91e8-7b12-94a9-dce88085d8d2"
"758db17a-4641-4c5b-ab1e-b59f70e6eef6",Araguaína,"01a02d5a-91e8-7b12-94aa-50ed073eb6fe"
f12bdb46-7993-4e13-b77c-8ea91f2e67c7,Araguanã,"01a02d5a-91e9-73c0-998a-00af09a13a57"
c100eb78-f949-4283-a9b7-00bf6e719fa6,Araguatins,"01a02d5a-91e9-73c0-998b-62ba76f3159f"
"8bfe09f2-05bd-4063-8a94-170cf05f5f2f",Arapoema,"01a02d5a-91e9-73c0-998c-ddd9562b0af4"
"0c97fd4e-062c-4487-8071-d3f373bfe645",Arraias,"01a02d5a-91e9-73c0-998d-9b03e513b7b0"
"6bc7e1e3-66d4-4e82-9a7d-aa77730119a3",Augustinópolis,"01a02d5a-91e9-7c5a-998e-2664cb005719"
"59c725e4-cf56-46a7-92c4-4031e7e8704b",Aurora do Tocantins,"01a02d5a-91e9-7c5a-998f-94b9a948e280"
"6d202f79-4b68-4a3e-95da-1fff523b05df",Axixá do Tocantins,"01a02d5a-91e9-7c5a-9990-8348507229f4"
ebcc66f7-6c1c-46e1-ac49-8bc609da892e,Babaçulândia,"01a02d5a-91e9-7c5a-9991-86a02ffc6718"
fc7f1833-0640-45f7-82d2-ba3b4bd3d80d,Bandeirantes do Tocantins,"01a02d5a-91ea-74ee-bbee-96d0cf706964"
"58f384ae-4813-457a-ad54-37123e875053",Barra do Ouro,"01a02d5a-91ea-74ee-bbef-6dbebb608cd3"
c0b387e2-ebd4-4756-865e-212bf1e0f19d,Barrolândia,"01a02d5a-91ea-74ee-bbf0-b974c59e09e4"
"0916757d-6398-40ca-987c-9b577c84d424",Bernardo Sayão,"01a02d5a-91ea-7d5c-bbf1-9b6d538f0911"
"42727cb5-6d9f-4faa-9b65-51a049720782",Bom Jesus do Tocantins,"01a02d5a-91ea-7d5c-bbf2-cfa266ebcc18"
"91f90567-7210-43c6-9c3f-0670e3752fc0",Brasilândia do Tocantins,"01a02d5a-91ea-7d5c-bbf3-1252fa0b28c4"
"1afa20c1-938d-4d23-9978-8071d0a1cac8",Brejinho de Nazaré,"01a02d5a-91ea-7d5c-bbf4-38225c7d54aa"
"2d169cd8-8752-45d2-bb87-bdae908c1dac",Buriti do Tocantins,"01a02d5a-91eb-7606-bc9f-d42821232fd4"
"32b6f118-4fd3-414f-a894-e0420638dde3",Cachoeirinha,"01a02d5a-91eb-7606-bca0-0328f4ee9e98"
"8801bead-747a-4583-b995-3561f0afdf3d",Campos Lindos,"01a02d5a-91eb-7606-bca1-da5c90554071"
c16c26f7-a962-48bf-af71-6f31e49084d8,Cariri do Tocantins,"01a02d5a-963e-7787-a11a-ed677e0e76b2"
abc36000-7f12-4d45-97eb-e34560f1d9c0,Carmolândia,"01a02d5a-9642-792e-b054-cccfad0d6a2a"
"01c07096-5b9d-4a3e-8bb0-9592f1fd9fba",Carrasco Bonito,"01a02d5a-9643-71b4-a2c9-85576cf745f9"
"61b4cc59-410d-4589-995f-3e5dcc1a70a6",Caseara,"01a02d5a-9643-7a85-a2ca-969ae571415d"
cabd609b-6c3d-439d-95b3-b17137bf2d26,Centenário,"01a02d5a-9643-7a85-a2cb-0205cf58a534"
fd5200b3-d5c7-4f62-b5bc-e46b09359859,Chapada da Natividade,"01a02d5a-9644-7378-8190-d167d22eb6a0"
df331a91-a6df-4395-a7e5-88bcb43f1a3f,Chapada de Areia,"01a02d5a-9644-7378-8191-deb3a9b7979c"
"7bf0d376-dcb0-418c-9f56-9986ce356e7f",Colinas do Tocantins,"01a02d5a-9644-7c4f-8192-44e7e4174115"
e4663a0a-7907-415b-bde9-62bb438243c2,Colméia,"01a02d5a-9644-7c4f-8193-7598684ce40a"
d21e937c-37cc-49de-8199-97b87bfafce7,Combinado,"01a02d5a-9644-7c4f-8194-0fe1891435d8"
a278e7a0-6bf4-4c5c-8e92-67812d85c382,Conceição do Tocantins,"01a02d5a-9645-7528-bc54-c4ded70c379d"
d9af76d3-768e-4bcd-a0aa-0706cfcacf54,Couto de Magalhães,"01a02d5a-9645-7528-bc55-92068ff25822"
"0183588b-373b-41ff-9e96-d68170fa83f4",Cristalândia,"01a02d5a-9645-7e2a-bc56-e88b47240ad8"
b1b9b203-2cc3-4c87-89f8-587d673b9c58,Crixás do Tocantins,"01a02d5a-9645-7e2a-bc57-7a150f6875a9"
a21f019c-0894-42f3-94bd-790f917695fa,Darcinópolis,"01a02d5a-9645-7e2a-bc58-d765f0f92e2f"
a76fb859-13ff-4243-87be-95cf4a1df907,Dianópolis,"01a02d5a-9646-773a-816a-741bdf7cf7ef"
"99230aaa-deaa-48f2-bb3f-f5d800b4feef",Divinópolis do Tocantins,"01a02d5a-9646-773a-816b-32dee3db946a"
dbf2316b-ac16-445a-af49-662c9cc6cc96,Dois Irmãos do Tocantins,"01a02d5a-9646-773a-816c-378d71b8c169"
a43f8250-b055-4e9d-a0e7-0993ea090c67,Duerê,"01a02d5a-9647-7039-94ce-3e6134a8ebe9"
f3c5db0c-fca3-4408-a43a-71a2cb93bd61,Esperantina,"01a02d5a-9647-7039-94cf-4d105537129f"
"05cb75b2-4ad4-4ddf-b31d-06d0ad99418c",Fátima,"01a02d5a-9647-7039-94d0-b404b116bb93"
"81f117dc-5501-469f-bff8-1ad62aa69020",Figueirópolis,"01a02d5a-9647-7039-94d1-9af03998ccdb"
"3bb9903d-7a92-4ed9-b000-fd62419f9f0c",Filadélfia,"01a02d5a-9647-7946-94d2-9650617d92b1"
d25be06b-8bb4-4e1a-b00d-ba2bd5160a5f,Formoso do Araguaia,"01a02d5a-9647-7946-94d3-9a6e3c0bab4e"
"095cdded-ffde-4ff5-b181-cc1db1fb9b1a",Goianorte,"01a02d5a-9647-7946-94d4-db00b3264ea9"
d3cf9c59-8f5a-4eff-9586-99b3ffbd6355,Goiatins,"01a02d5a-9648-7241-bf75-40c77ef25960"
"74e7185e-36e7-46d9-88ff-b12232e13fa1",Guaraí,"01a02d5a-9648-7241-bf76-b6ea2b9d8797"
c768745d-70c7-462b-8867-ef63badccc52,Gurupi,"01a02d5a-9648-7afd-bf77-6f86c0cefa03"
ca7990de-5ab9-40b8-ba4b-5e7d3e4903ca,Ipueiras,"01a02d5a-9648-7afd-bf78-68cea4e1b949"
b80e8670-9268-4707-a701-ffd1828f55b8,Itacajá,"01a02d5a-9648-7afd-bf79-fefda72e86cc"
"3ecd96b6-f15a-487a-bd1e-d3edb4d7d619",Itaguatins,"01a02d5a-9649-76a7-89f6-210268691416"
c0722f9b-7fdf-4037-b85b-94a8f17de7d8,Itapiratins,"01a02d5a-9649-76a7-89f7-12f7c680e290"
ca293d3e-dd29-4d64-a760-f07e4615e0ab,Itaporã do Tocantins,"01a02d5a-9649-76a7-89f8-3958e4f33720"
"1bfd9dd0-e9d3-4730-be58-dd53afc887ee",Jaú do Tocantins,"01a02d5a-9649-76a7-89f9-86a555df18a7"
afaa3177-1711-4b81-85cb-70a5c8e675e6,Juarina,"01a02d5a-9649-7f9b-89fa-1aa739fecfe5"
d25dbb1c-1e98-4c97-8ea6-3c8e6ac9c4fc,Lagoa da Confusão,"01a02d5a-9649-7f9b-89fb-c576dd3d7250"
fc7a2a61-4f94-4db3-8798-1dddf7dce838,Lagoa do Tocantins,"01a02d5a-964a-7843-a66c-6446428692af"
"33de73f5-8149-4330-ae2f-26930f82a309",Lajeado,"01a02d5a-964a-7843-a66d-c27d0955459f"
d3c64f12-affe-4da9-a1fd-a17efec06e07,Lavandeira,"01a02d5a-964a-7843-a66e-ce33eaba27f6"
"605ac911-03c1-4ef0-80e6-a11764c65292",Lizarda,"01a02d5a-964b-72a5-98e5-b62b65870e98"
a08c80b4-11b3-482e-a5e4-2726c6a48d60,Luzinópolis,"01a02d5a-964b-72a5-98e6-f54cad748a0f"
"316e9523-932a-42aa-b3f9-3753603cece9",Marianópolis do Tocantins,"01a02d5a-964b-72a5-98e7-49525c578923"
b5e8a129-43df-4096-9f41-0d6c058170b2,Mateiros,"01a02d5a-964b-7d91-98e8-f7b8cb19c57a"
"907886c7-a687-46d8-83ca-90163ae89ad3",Maurilândia do Tocantins,"01a02d5a-964b-7d91-98e9-c60ee2b28dc5"
b1d4fba2-27ac-4a61-8187-58ec4deb3177,Miracema do Tocantins,"01a02d5a-964b-7d91-98ea-f73e3779e45d"
"652e80ac-7c4a-4b36-9987-0c4bd17abbf7",Miranorte,"01a02d5a-964c-767f-817e-5835660ffc53"
"6476a6c0-a56d-45a1-bab4-c8830f8c5a43",Monte do Carmo,"01a02d5a-964c-767f-817f-74620f3a0418"
"59194f63-36f1-46da-95f2-f7a563ebff27",Monte Santo do Tocantins,"01a02d5a-964c-767f-8180-c535127f1fe8"
ac0803eb-b0d6-43a4-9773-9b8cb834ee48,Muricilândia,"01a02d5a-964c-767f-8181-dc9ee1d1fcb4"
f68ecf83-196d-4353-87ba-24dee603b8a7,Natividade,"01a02d5a-964c-7f58-8182-0012faceaea5"
a4afd4b0-48b3-4a84-8399-432709a21666,Nazaré,"01a02d5a-964c-7f58-8183-359da5645f67"
"12ffb03d-3edb-41ce-bf96-f6224492873a",Nova Olinda,"01a02d5a-964c-7f58-8184-a9bb2734acf7"
"4d476f6f-c225-4aef-9fdf-fed9a346234f",Nova Rosalândia,"01a02d5a-964c-7f58-8185-507096c3e981"
"05651cab-efd1-4bec-a3f9-cd6114f91684",Novo Acordo,"01a02d5a-964d-77ad-ac35-bd25900d8497"
edb0d998-c834-4e34-9487-4ab4a2c5c5fc,Novo Alegre,"01a02d5a-964d-77ad-ac36-648c1e4b39c7"
ff7c2bdc-a51d-483e-a0e2-ca78e16a4441,Novo Jardim,"01a02d5a-964d-77ad-ac37-b2a980d5805a"
"8123b254-21a3-4f53-a75f-9c6176c014b5",Oliveira de Fátima,"01a02d5a-964d-77ad-ac38-25384b72e8c8"
d15f92dd-e4f8-41ff-bfa2-a6e2b31f591b,Palmas,"01a02d5a-964e-7061-8192-85fd5aed83cd"
"3d83c552-5901-488f-9ba7-937a76b982c0",Palmeirante,"01a02d5a-964e-7061-8193-ea94a16a5fb4"
fca302b4-4662-41fa-be37-31cd822b115c,Palmeiras do Tocantins,"01a02d5a-964e-7061-8194-a7e3783c941b"
b9069d42-1a67-4f88-9b51-bc77a291b855,Palmeirópolis,"01a02d5a-964e-7061-8195-9d692aa12e98"
d3742f5b-6189-4de8-91b5-dda69d3ed381,Paraíso do Tocantins,"01a02d5a-964e-7941-8196-1a7cbc6df623"
c62526a5-5733-458e-abd8-649658ea4112,Paranã,"01a02d5a-964e-7941-8197-53ceca6ee00a"
"4c5094a5-dc72-41f1-b1d5-591469f64def",Pau D'Arco,"01a02d5a-964e-7941-8198-b68f848fc7e4"
"39f60d7e-5d2a-4776-bcf0-77d48d8fef4a",Pedro Afonso,"01a02d5a-964e-7941-8199-62e4e51f02b6"
ebcd335e-39c9-430d-9a70-515000bc3b56,Peixe,"01a02d5a-964e-7941-819a-7902bcdcc065"
"81fc1f14-a662-4824-bc40-1a5d38451555",Pequizeiro,"01a02d5a-964f-721b-953c-7c8e46e543b2"
"1d1d8fe7-0916-4403-8265-a3bda8d46fe1",Pindorama do Tocantins,"01a02d5a-964f-721b-953d-5974d7f94797"
"8071a7fb-e2bf-4ee6-9a95-4c20ba60f862",Piraquê,"01a02d5a-964f-721b-953e-112b1bdf12b1"
b0c0b0ac-5aeb-47e4-a773-1f98f23d6344,Pium,"01a02d5a-964f-721b-953f-3b7c0a126c2f"
e3eb4392-2c1d-4c7f-9b11-6537cdef8f43,Ponte Alta do Bom Jesus,"01a02d5a-964f-7ad0-9540-042ca5827a30"
fa548d27-a944-4910-b790-3e06126aa5f2,Ponte Alta do Tocantins,"01a02d5a-964f-7ad0-9541-36ebf21ec664"
af4bd8f6-0540-4d28-a326-228e68e4a229,Porto Alegre do Tocantins,"01a02d5a-964f-7ad0-9542-2f09d9c98e62"
"3ce9cde7-a3ed-49f2-b72e-2b96470f8e92",Porto Nacional,"01a02d5a-964f-7ad0-9543-62cf08a163b4"
"0d6a5458-b709-4666-88fb-1e8de455f7a1",Praia Norte,"01a02d5a-964f-7ad0-9544-8427f4656309"
"5d31d3f3-ce55-4ca5-af4a-717a16dcc0db",Presidente Kennedy,"01a02d5a-964f-7ad0-9545-b7b775deabe5"
f9503ae2-fa53-42e0-9085-1c88072a0baa,Pugmil,"01a02d5a-964f-7ad0-9546-562be07e8141"
c8461607-e618-4f67-a154-bbdcce54f0dd,Recursolândia,"01a02d5a-964f-7ad0-9547-6bfa4707b923"
"470cd300-e241-47c5-a1ca-3f3593a2c76a",Riachinho,"01a02d5a-9650-7af6-9d97-419ec28476a8"
"2d43ca22-bb71-4346-8bfc-c691e613895d",Rio da Conceição,"01a02d5a-9650-7af6-9d98-fd9bff2a01a2"
ba7d00fb-1394-45ae-97f3-b1d33c3de77f,Rio dos Bois,"01a02d5a-9650-7af6-9d99-2d40a703461a"
e329c141-f3c1-488e-9be1-fc8cc62e3683,Rio Sono,"01a02d5a-9650-7af6-9d9a-f90c402cd660"
fd41680e-4988-4e29-9c5a-6450f44e5423,Sampaio,"01a02d5a-9650-7af6-9d9b-62b6e935f065"
"9df073ef-756b-4f04-b81a-18948b384f58",Sandolândia,"01a02d5a-9650-7af6-9d9c-01bc1c9a8800"
"26507ccd-ad25-45b0-b589-b722489bdb8b",Santa Fé do Araguaia,"01a02d5a-9650-7af6-9d9d-1e6f1d438395"
c1ebf027-d5a6-4b97-a5ef-117c2eea9aee,Santa Maria do Tocantins,"01a02d5a-9651-7af8-8722-3573218e2540"
"0b95dbb9-0887-4e23-82f2-05ae89760a6e",Santa Rita do Tocantins,"01a02d5a-9651-7af8-8723-82ecd90e6de5"
"560b39c2-0e88-4175-a940-d749ff550e49",Santa Rosa do Tocantins,"01a02d5a-9651-7af8-8724-4cae91005145"
"2d273cd0-43e8-45ec-b5f6-1871f40f8380",Santa Tereza do Tocantins,"01a02d5a-9651-7af8-8725-6b0dc51cea17"
"0fde773c-5bff-447a-b46e-f1016ef6f560",Santa Terezinha do Tocantins,"01a02d5a-9651-7af8-8726-cffc7c94386e"
"1babacd8-36fe-4429-b6d1-e0e7abf7e75f",São Bento do Tocantins,"01a02d5a-9651-7af8-8727-86325b844b3e"
e57c0898-19fe-4ea5-9801-441b8822fe68,São Félix do Tocantins,"01a02d5a-9651-7af8-8728-511c7ad9875c"
c5e9c5bd-f454-49d6-ae4d-dad67cecda86,São Miguel do Tocantins,"01a02d5a-9652-7b0e-9fbf-c11aa230ff5c"
dad310cf-59b0-421b-abd5-b60f8d710e18,São Salvador do Tocantins,"01a02d5a-9652-7b0e-9fc0-4b1677ef8079"
"08cdbe19-3070-4d4d-afe8-398c141ab056",São Sebastião do Tocantins,"01a02d5a-9652-7b0e-9fc1-2de2b13cec37"
"2be7fc2c-a280-47ef-a517-890e3f2fe567",São Valério da Natividade,"01a02d5a-9652-7b0e-9fc2-1cf10e19ec6d"
"27c5cab2-eced-4832-9e91-c3dfd3c8e311",Silvanópolis,"01a02d5a-9653-7b04-864b-f9ff7c809d59"
bec9a9d7-32e4-4c03-bd88-6c9d94eacb25,Sítio Novo do Tocantins,"01a02d5a-9653-7b04-864c-aaa595d23c0e"
"2d337de3-350a-46bd-a7b8-18fce33c15a1",Sucupira,"01a02d5a-9653-7b04-864d-1c861498d1b1"
"7863cc71-a31d-46b9-a219-a983e3e5e14b",Tabocão,"01a02d5a-9653-7b04-864e-27a3dd99c7c1"
fcda71dc-678e-49eb-a1fb-a52228625880,Taguatinga,"01a02d5a-9a97-7b06-9974-c655f7fa0091"
"107c2aa2-cc68-4b5e-ab53-be1a9c835831",Taipas do Tocantins,"01a02d5a-9a9b-7026-b414-21f8a33a9809"
"23f500b9-cdb0-401a-b8f3-641bd3eb59e6",Talismã,"01a02d5a-9a9b-7a81-b415-d7605b39011c"
ec37aedf-7138-4e78-a111-74958d051e8a,Tocantínia,"01a02d5a-9a9b-7a81-b416-26b2f0c53fe4"
a6e8026c-92b6-43e5-83ce-7ee33e7f6918,Tocantinópolis,"01a02d5a-9a9c-730d-a906-d8252c794fc7"
"9f82db39-48de-4b9f-9617-202c2dfe422a",Tupirama,"01a02d5a-9a9c-730d-a907-8f137f92fd52"
"97cb3b96-fc78-419b-aa9a-80bc1bb0fa00",Tupiratins,"01a02d5a-9a9c-730d-a908-ab5a5f14e24a"
"575b83e8-5851-4e51-8e86-74a1818a8c15",Wanderlândia,"01a02d5a-9a9c-730d-a909-514c84e28c2c"
"0fe8f161-1f6c-45eb-b82d-1b34fee2039b",Xambioá,"01a02d5a-9a9c-7bc0-a90a-321aee5bf370"
"015f8652-4dec-4aa5-a01a-026d81477822",Bananeiras,"01a02d5a-cd41-7680-a3e2-dd886bfd524a"
dd01d6b5-e3c1-42f3-a530-00b243ae4875,Praia do Forte,"01a02d5a-ddc2-7187-a972-681c2ca9d0ae"
d78ffa77-23ec-4ef1-9cce-9e4bfe5a267f,Trancoso,"01a02d5a-ddcb-763e-88c4-d3c1e8e0879c"
f6c08bcd-b7c1-46a2-a655-8d25d82f437c,Pecém,"01a02d5a-b393-7161-84f8-8702b1159954"
c63576f4-531f-45aa-b9c9-9b7a1111c6db,Salgado dos Machados,"01a02d5a-b393-7a2a-84fd-2d14b753c1de"
f679332a-931a-4663-abf0-3710b99548e4,Alto Caldeirão,"01a02d5b-0a02-7c81-911c-248ccb8f17e2"
"1b1847d6-c4ad-46d4-8443-33b71f460ebd",Alto Santa Maria,"01a02d5b-0a02-7c81-911c-248ccb8f17e2"
"976e8b68-c759-4929-aa55-7cba293e6fc8",São João de Petrópolis,"01a02d5b-0a02-7c81-911c-248ccb8f17e2"
"51cf3cbd-3ce0-45f9-a098-e40bf61514d6",Vinte e Cinco de Julho,"01a02d5b-0a02-7c81-911c-248ccb8f17e2"
"9ac941d6-b329-48fd-8cc7-9ba221dfbce5",São José do Barreiro,"01a02d5b-01cd-7912-b7b7-1f84517da4f8"
efff0d2c-7b95-4eed-95b9-de16f2bae7e6,Areado,"01a02d5b-5dc1-7459-9481-b1c525256710"
"6096b6c0-9c58-4305-b85d-3faa7b61faca",Boqueirão,"01a02d5b-5dbd-7f28-adce-b0caff080930"
"9497d46d-3629-4dc8-a569-d035649de5b8",Camisão,"01a02d5b-5976-7753-a63a-bcd4774b3284"
a69e4d8e-993b-4a41-90ef-fc625e985aa3,Cipolândia,"01a02d5b-5976-7753-a63a-bcd4774b3284"
cc5b098c-de40-43d9-af78-df008b3717ad,Congonhas,"01a02d5b-5977-7003-ad75-a701587078a1"
"8aacde07-cd85-4df1-8f6d-ed400940a1c5",Indaiá do Sul,"01a02d5b-5978-79e5-9947-d021d27abd1f"
b1808e89-5fa6-4561-b444-c209e0bb3bdf,Ipezal,"01a02d5b-5975-7ec7-8076-75a9046c1947"
"678aafe9-dbc1-41be-ac64-40f544c3f590",Morraria do Sul,"01a02d5b-5977-78b2-ad79-40ad03504afa"
"34e8f416-3db6-43be-83e6-536d198996fc",Palmeiras,"01a02d5b-597a-7381-89b3-71fbe62bc683"
"2f0bcfa7-07d0-4eb0-ad19-57723b937c87",Pontinha do Cocho,"01a02d5b-5978-714b-9944-f947af62a488"
b7c01534-370e-4447-8390-6b063ccac532,São Pedro,"01a02d5b-597a-7381-89b5-cae1a787a1e5"
"58857515-4309-48cf-825d-c8c8ef909fe5",Taunay,"01a02d5b-5976-7753-a63a-bcd4774b3284"
d5931d42-f09b-4312-b6a6-39da5d320081,Vila Vargas,"01a02d5b-597a-7381-89b5-cae1a787a1e5"
f034305a-6b12-4458-bf17-4cb79dc07370,Mimoso,"01a02d5a-c94b-714d-b6ed-c74ead821678"
"98866469-4499-4294-b163-cd454ccd01b8",Alexandra,"01a02d5b-3344-70d0-b72a-d029b5f1e838"
f126fe51-9fd8-4d5b-9683-099eb0db88d1,Alto Alegre,"01a02d5b-2a8e-7662-819c-9569df99baba"
c1debb22-82e3-4ea4-9154-b5b18e8a476a,Bateias,"01a02d5b-2a8b-722b-b05f-bb4ff9a8bfca"
c5067770-99a5-44ec-b085-eb6e3f3b2729,Caiva,"01a02d5b-2a8b-722b-b05f-bb4ff9a8bfca"
e5812203-2364-4a6e-b115-9e479d64e982,Herculândia,"01a02d5b-2ead-720b-b489-6b1318e89131"
"106cbc97-0b21-4889-91b9-73a75ef6b3c6",Ilha dos Valadares,"01a02d5b-3344-70d0-b72a-d029b5f1e838"
"8ae73e8d-b764-4223-a29d-251979586ec5",Itambezinho,"01a02d5b-2a8b-722b-b05f-bb4ff9a8bfca"
"10e294fe-7c68-4416-ad71-f5f693e24942",Jacutinga,"01a02d5b-2eac-776a-8922-a16e5b4f7da1"
"6c032a8c-7341-4696-9b8e-d3e7940ed907",Maravilha,"01a02d5b-2eb0-75c7-9fa1-aca88b418590"
dfeca493-d60a-4ec7-b718-7e717f2a39bf,Mirante do Piquiri,"01a02d5b-2663-7539-921e-34bc9c1c22f2"
"9d5cbfca-7342-4a3c-82a6-c532f84cf9f7",Nossa Senhora Aparecida,"01a02d5b-2664-7693-bc3f-1e20da8a9b12"
ed552b9b-88bd-4cd2-957a-1a9f5fd03d2e,Paiquerê,"01a02d5b-2eb0-75c7-9fa1-aca88b418590"
b3968f50-7b0e-4b45-bfb5-eec8a362984c,Palmeirinha,"01a02d5b-2ea7-7a84-b875-8f264305960f"
"3c93e55b-7617-4d85-a0e3-55ae610985fb",Palmital de São Silvestre,"01a02d5b-2a8b-722b-b05f-bb4ff9a8bfca"
f893ed90-3bdc-4d50-8662-1423103afd54,Paulistânia,"01a02d5b-2663-7539-921e-34bc9c1c22f2"
"88baae77-4a20-453b-be3c-c479d0803fb1",Santa Maria do Rio do Peixe,"01a02d5b-2a8e-7662-819d-a8f7157fa892"
f893967b-495d-4297-8a4f-8990660258a2,São Martinho,"01a02d5b-334d-79a0-8759-eb0a116c55f5"
ec46ba7f-cc97-44e3-af82-b4e90fa41b38,Doutor Loreti,"01a02d5b-0e29-710b-a6a3-95910b0052ad"
bb703950-8dc3-4dd0-a878-40413de09876,Nossa Senhora da Aparecida,"01a02d5b-0e2b-7bbe-a5f4-699533514f30"
"763b7891-adda-4471-a868-ace9b67f65fb",Aguapés,"01a02d5b-5116-7c66-983e-954348df72a1"
"27b3e7f8-809c-4b75-82cb-eb7cbfe1351e",Águas Claras,"01a02d5b-5970-7926-9848-a7629a2263a4"
abdc4bc2-c76a-474e-81d2-9549f48ae4f2,Barro Vermelho,"01a02d5b-4c89-7369-a5b4-5cd36341af6f"
"44b6e4f7-62ef-4345-8a42-74a2c3b74b64",Boêmios,"01a02d5b-5115-7425-b105-fb4abc3f8899"
"95281597-3815-4bcf-abf9-280ad6f4a90d",Capão da Porteira,"01a02d5b-5970-7926-9848-a7629a2263a4"
"60fa10ae-ad18-4ed2-ba6e-61f904d1ae85",Costão,"01a02d5b-4c85-7a60-bbd2-c8bb72878349"
"563d8830-f605-4fd9-a408-262156b0ebdf",Encruzilhada,"01a02d5b-4c8f-736b-a376-a0bf7b61c8bf"
"802c4391-cf87-4341-a41e-d4b6cc157a45",Itapuã,"01a02d5b-5970-7926-9848-a7629a2263a4"
"24ca0380-d40d-41fc-ae13-2e6f790a3cd9",Morungava,"01a02d5b-4c89-7369-a5b4-5cd36341af6f"
d81561cb-3684-4302-8549-d24c66e54e5e,Nova Milano,"01a02d5b-4c86-7355-9392-ca708cecd426"
e00244f2-029e-4d47-885f-f32084666bfd,Nova Sardenha,"01a02d5b-4c86-7355-9392-ca708cecd426"
a3b0d6ee-3d80-42e8-b864-80df4d7fc6db,Pinhal Alto,"01a02d5b-5115-7425-b105-fb4abc3f8899"
b665788c-a1bd-4180-9fcd-bfc4ae7a917b,Rincão Vermelho,"01a02d5b-5549-7768-a025-c1abb996bdf1"
"2424b69d-5bf1-4cdd-8bbc-7aac07d32425",São Pedro,"01a02d5b-484c-79ce-a734-f42140b8b145"
a379089c-36a4-4e70-b6f8-8c735e337f6c,Vale do Rio Caí,"01a02d5b-5115-7425-b105-fb4abc3f8899"
"8c2a8f0d-ecb4-462d-b444-b2ef38bb05ce",Vale dos Vinhedos,"01a02d5b-484c-79ce-a734-f42140b8b145"
"4b0ed3f2-a02d-436c-80af-cacfb8ec892f",Vila Fernando Ferrari,"01a02d5b-596b-7936-915f-f0295eeff23c"
"74108562-5169-4b89-ae45-8b47add3782e",Barra Clara,"01a02d5b-3789-73d1-a413-05e0b57e8e0c"
"56096796-ad98-40ea-aea4-e0acc3591141",Garcia,"01a02d5b-3789-73d1-a413-05e0b57e8e0c"
e74f3ef0-fea9-4359-a76f-93cab908c507,Sorocaba do Sul,"01a02d5b-3bab-76bb-a492-c302efbce2c5"
"16668b11-e99e-4010-ba37-0bdf1fd9502b",Bacuriti,"01a02d5b-1229-7d44-be04-fe3ecb45a48d"
b86cf3a3-fa26-44c7-9b70-3acb0a70e955,Bonfim Paulista,"01a02d5b-2241-73fe-9d50-6b9460062ac7"
"96558590-baf7-4161-9d44-47f8469db835",Gramadinho,"01a02d5b-164c-7558-bbd8-d5bc85a374df"
c1e41544-258e-4d11-b9d0-5e977cf62941,Guarapuá,"01a02d5b-1234-7d48-a0a9-d9f958dd0037"
"35d8a0be-0dd7-41e6-9872-34ed41d6e714",São Francisco Xavier,"01a02d5b-224c-76e7-830e-e9be1c8fd29d"
"0f4906b4-f0f9-4fb5-91a8-35c3a3e1b1db",São Sebastião da Serra,"01a02d5b-1227-7d2b-9749-418fc64e65bc"
"2bf92335-c487-4c8e-8763-bbb63b38a8b4",Simões,"01a02d5b-1229-7d44-be04-fe3ecb45a48d"
"9af53177-e8b8-4a09-b6ab-e9124118662b",Santo Antônio do Canaã,"01a02d5b-0a02-7c81-911c-248ccb8f17e2"
f872804d-0bb3-4721-adfd-b47ac52bcfc4,Baixa,"01a02d5b-060b-7aa0-8119-3ed71fd6ed68"
"4af3bb65-0f98-43dd-906d-71dffc36387f",Capinzal,"01a02d5b-2665-77d6-b19d-8929238d3fe8"
"7baaffef-5d57-42a0-babd-eb750cdd1b51",Espírito Santo,"01a02d5b-2eb0-75c7-9fa1-aca88b418590"
a76d667e-726d-4a9b-863e-a3aaf4803d50,Formigueiro,"01a02d5b-2665-77d6-b19d-8929238d3fe8"
"8780261b-1382-478b-8185-e8a70f6dcf89",Jandinópolis,"01a02d5b-2eaf-7d11-aa44-c76b96cb742d"
dd5dd2c5-653a-486a-83ee-aef6491880f9,Santa Cruz,"01a02d5b-2a8b-722b-b05f-bb4ff9a8bfca"
"0ee9337a-09e1-4c92-93ef-54f4b86633fd",Travessão,"01a02d5b-0a0b-7efa-ab69-f4fc6d51c1e6"
"8d005ee7-b207-4814-b0ed-8067f1435e63",Arez,"01a02d5a-b3a4-7319-acb2-1a990d113123"
"4e03f3ab-ea0f-4c51-b148-a2a318bf70e1",Ferreira,"01a02d5b-484e-7c6e-b7b5-210225e7fcc7"
a07838e0-94f1-46a6-98e9-8ed29ce8655b,Inhanduí,"01a02d5b-441f-741b-bdbc-5a5d4af24395"
"149f6c13-bf3b-4bd1-b5e8-d2bd5355c7a9",Rancho Velho,"01a02d5b-4854-724d-8908-4c9380a3d10b"
"1bba650d-d559-48b0-8af4-c4ec8587ddc9",Rio Branco,"01a02d5b-5115-7425-b106-033f879ca943"
"2369ff5d-570b-4715-b15f-bd566721ce0b",Vanglória,"01a02d5b-1e53-79b6-91d2-9117e456363a"
