"ibge_code","id_federative_unit","name","id"
2600302,PE,Agrestina,"01a02d5a-7ff0-7ee3-a5cb-63ec9458a8be"
3201159,ES,Brejetuba,"01a02d5a-7ff5-763d-80cd-a91710349b1b"
3552502,SP,Suzano,"01a02d5a-7ff9-7e36-8235-8d5fa0f20913"
4313466,RS,Novo Xingu,"01a02d5a-7ffd-72d0-bbc6-c725284810e1"
5214879,GO,Nova Iguaçu de Goiás,"01a02d5a-8000-76ee-ab07-ed02fbe5a60d"
5214903,GO,Nova Roma,"01a02d5a-8003-7ca3-a4f9-96ce8bf292a9"
5215009,GO,Nova Veneza,"01a02d5a-8004-758d-96c6-2f6c6492e3f2"
5215207,GO,Novo Brasil,"01a02d5a-8004-758d-96c7-465f7d976892"
5215231,GO,Novo Gama,"01a02d5a-8004-7e31-96c8-cd6d8c0e1551"
5215256,GO,Novo Planalto,"01a02d5a-8004-7e31-96c9-dff470f78ea4"
5215306,GO,Orizona,"01a02d5a-8005-76fc-b053-ec7a2130d135"
5215405,GO,Ouro Verde de Goiás,"01a02d5a-8006-714d-b3c9-b41ca9c56f7e"
5215504,GO,Ouvidor,"01a02d5a-8006-714d-b3ca-4df007f18090"
5215603,GO,Padre Bernardo,"01a02d5a-8006-7a41-b3cb-2b96b5d01e50"
5215652,GO,Palestina de Goiás,"01a02d5a-8006-7a41-b3cc-e0eccb28b40f"
5215702,GO,Palmeiras de Goiás,"01a02d5a-8006-7a41-b3cd-f837e13d9ee4"
5215801,GO,Palmelo,"01a02d5a-8006-7a41-b3ce-79776d93147e"
5215900,GO,Palminópolis,"01a02d5a-8007-7a86-a2b2-9a963279ff0e"
5216007,GO,Panamá,"01a02d5a-8007-7a86-a2b3-13b23841f612"
5216304,GO,Paranaiguara,"01a02d5a-8007-7a86-a2b4-2f94a5cf4f25"
5216403,GO,Paraúna,"01a02d5a-8007-7a86-a2b5-552c2fe251d6"
5216452,GO,Perolândia,"01a02d5a-8007-7a86-a2b6-a54077c0a12c"
5216809,GO,Petrolina de Goiás,"01a02d5a-8007-7a86-a2b7-94b23f8eb18e"
5216908,GO,Pilar de Goiás,"01a02d5a-8007-7a86-a2b8-7a735a18ea92"
5217104,GO,Piracanjuba,"01a02d5a-8009-72bd-8bb3-f9c9cb846cc9"
5217203,GO,Piranhas,"01a02d5a-8009-72bd-8bb4-f943601ebb44"
5217302,GO,Pirenópolis,"01a02d5a-8009-72bd-8bb5-aa5965070ce2"
5217401,GO,Pires do Rio,"01a02d5a-8009-72bd-8bb6-766bc39b76c0"
5217609,GO,Planaltina,"01a02d5a-8009-72bd-8bb7-3271b1048e88"
5217708,GO,Pontalina,"01a02d5a-8009-72bd-8bb8-f95cd7a8ccc7"
5218003,GO,Porangatu,"01a02d5a-800a-72e9-aa90-0ce7a4243252"
5218052,GO,Porteirão,"01a02d5a-800a-72e9-aa91-1d22ff145026"
5218102,GO,Portelândia,"01a02d5a-800a-72e9-aa92-ccd54fe90179"
5218300,GO,Posse,"01a02d5a-800a-72e9-aa93-5ee66ab81c46"
5218391,GO,Professor Jamil,"01a02d5a-800b-7304-a61c-b840a8e3a7a2"
5218508,GO,Quirinópolis,"01a02d5a-800b-7304-a61d-7b00d9086228"
5218607,GO,Rialma,"01a02d5a-800b-7304-a61e-39fd9d19d784"
5218706,GO,Rianápolis,"01a02d5a-800b-7304-a61f-2ee6e40c0825"
5218789,GO,Rio Quente,"01a02d5a-800b-7304-a620-7d144b571594"
5218805,GO,Rio Verde,"01a02d5a-800c-72fa-9633-e6c4b94f436d"
5218904,GO,Rubiataba,"01a02d5a-800c-72fa-9634-e6521069cbae"
5219001,GO,Sanclerlândia,"01a02d5a-800c-72fa-9635-9c0e6f48eca3"
5219100,GO,Santa Bárbara de Goiás,"01a02d5a-800c-72fa-9636-735877dc29d9"
5219209,GO,Santa Cruz de Goiás,"01a02d5a-800c-72fa-9637-0b2f92e99718"
5219258,GO,Santa Fé de Goiás,"01a02d5a-800f-72eb-ad94-abdf4c1f0c0e"
5219308,GO,Santa Helena de Goiás,"01a02d5a-8010-72eb-a1de-e062e07bfc52"
5219357,GO,Santa Isabel,"01a02d5a-8010-72eb-a1df-a4ea5e622f12"
5219407,GO,Santa Rita do Araguaia,"01a02d5a-8010-72eb-a1e0-209502912f64"
5219456,GO,Santa Rita do Novo Destino,"01a02d5a-8011-7304-9773-ad26adac9dd5"
5219506,GO,Santa Rosa de Goiás,"01a02d5a-8011-7304-9774-4558553998e0"
5219605,GO,Santa Tereza de Goiás,"01a02d5a-8011-7304-9775-c6c6b48e3c94"
5219704,GO,Santa Terezinha de Goiás,"01a02d5a-8011-7304-9776-8be646be0956"
5219712,GO,Santo Antônio da Barra,"01a02d5a-8011-7304-9777-42d0a62aa3fd"
5219738,GO,Santo Antônio de Goiás,"01a02d5a-8012-72fe-a208-e9456119b5c7"
5219753,GO,Santo Antônio do Descoberto,"01a02d5a-8012-72fe-a209-48f229975b69"
5219803,GO,São Domingos,"01a02d5a-8012-72fe-a20a-0b05c339ff7d"
5219902,GO,São Francisco de Goiás,"01a02d5a-8012-72fe-a20b-f3240219bdb0"
5220058,GO,São João da Paraúna,"01a02d5a-8012-72fe-a20c-a9433bb80d27"
5220009,GO,São João d'Aliança,"01a02d5a-8013-72fd-84be-a96a2822fa2d"
1100015,RO,Alta Floresta D'Oeste,"01a02d5a-8013-72fd-84bf-da7c61d75d51"
1100379,RO,Alto Alegre dos Parecis,"01a02d5a-8016-79d4-981a-a738644cf854"
1100403,RO,Alto Paraíso,"01a02d5a-8017-728f-ac99-0f79798e1ece"
1100346,RO,Alvorada D'Oeste,"01a02d5a-8017-7b16-ac9a-b940d25be358"
1100023,RO,Ariquemes,"01a02d5a-8017-7b16-ac9b-c839a7ba566e"
1100452,RO,Buritis,"01a02d5a-8018-73d3-818a-aebd4ab3411a"
1100031,RO,Cabixi,"01a02d5a-8018-7ca5-818b-96a44859e5a9"
1100601,RO,Cacaulândia,"01a02d5a-8018-7ca5-818c-5101d0402e5a"
1100049,RO,Cacoal,"01a02d5a-8019-75b1-89f2-6e1bb3a45332"
1100700,RO,Campo Novo de Rondônia,"01a02d5a-8019-7e2f-89f3-ef3f6c3d82cf"
1100809,RO,Candeias do Jamari,"01a02d5a-8019-7e2f-89f4-0daa0041d906"
1100908,RO,Castanheiras,"01a02d5a-801a-76df-a821-c7b25540c3ae"
1100056,RO,Cerejeiras,"01a02d5a-801a-7f5c-a822-b4a05238679f"
1100924,RO,Chupinguaia,"01a02d5a-801a-7f5c-a823-6a9fa585764d"
1100064,RO,Colorado do Oeste,"01a02d5a-801b-77d6-8373-0512bba11553"
1100072,RO,Corumbiara,"01a02d5a-801c-7058-929f-ad1e5867d202"
1100080,RO,Costa Marques,"01a02d5a-801c-7058-92a0-4c900f027418"
1100940,RO,Cujubim,"01a02d5a-801c-7955-92a1-1841af3d1b90"
1100098,RO,Espigão D'Oeste,"01a02d5a-801c-7955-92a2-51136ff29f7e"
1101005,RO,Governador Jorge Teixeira,"01a02d5a-801d-7195-a062-31c32272c120"
1100106,RO,Guajará-Mirim,"01a02d5a-801d-7a0a-a063-79f40d5a8fa1"
1101104,RO,Itapuã do Oeste,"01a02d5a-801d-7a0a-a064-b26f8b579645"
1100114,RO,Jaru,"01a02d5a-801e-728c-948c-28f8afe185e4"
1100122,RO,Ji-Paraná,"01a02d5a-801e-728c-948d-83114327efb1"
1100130,RO,Machadinho D'Oeste,"01a02d5a-801e-7b26-948e-e75b95e41c49"
1101203,RO,Ministro Andreazza,"01a02d5a-801f-73a6-a242-5b64430805d9"
1101302,RO,Mirante da Serra,"01a02d5a-801f-73a6-a243-78b8a0754061"
1101401,RO,Monte Negro,"01a02d5a-801f-7c6c-a244-8ec114d81b19"
1100148,RO,Nova Brasilândia D'Oeste,"01a02d5a-801f-7c6c-a245-fd8aa5057e28"
1100338,RO,Nova Mamoré,"01a02d5a-8020-7501-a13e-774d8ba9d37f"
1101435,RO,Nova União,"01a02d5a-8020-7d9e-a13f-2a064201c55f"
1301001,AM,Carauari,"01a02d5a-8020-7d9e-a140-e3f713c0ac4a"
1100502,RO,Novo Horizonte do Oeste,"01a02d5a-8024-74fa-aa90-0862cd15a154"
1100155,RO,Ouro Preto do Oeste,"01a02d5a-8024-7fea-aa91-2a52bbaf8463"
1101450,RO,Parecis,"01a02d5a-8024-7fea-aa92-651566317e9a"
1100189,RO,Pimenta Bueno,"01a02d5a-8024-7fea-aa93-dfcaf73dc4db"
1101468,RO,Pimenteiras do Oeste,"01a02d5a-8025-78e1-875d-79dceb26c13d"
1100205,RO,Porto Velho,"01a02d5a-8025-78e1-875e-6f78b8547f1b"
1100254,RO,Presidente Médici,"01a02d5a-8026-71ac-bca4-07858b03c17c"
1101476,RO,Primavera de Rondônia,"01a02d5a-8026-7a4e-bca5-1ecd92911d89"
1100262,RO,Rio Crespo,"01a02d5a-8026-7a4e-bca6-77fcb096b0a9"
1100288,RO,Rolim de Moura,"01a02d5a-899b-7c05-b32d-ad3823658238"
1100296,RO,Santa Luzia D'Oeste,"01a02d5a-899f-7dec-b1e4-2afa3405646e"
1101484,RO,São Felipe D'Oeste,"01a02d5a-89a0-76a4-9f73-0561494de763"
1101492,RO,São Francisco do Guaporé,"01a02d5a-89a0-7f99-9f74-4ec1aba45cdc"
1100320,RO,São Miguel do Guaporé,"01a02d5a-89a0-7f99-9f75-cfaadcaa6044"
1101500,RO,Seringueiras,"01a02d5a-89a0-7f99-9f76-b6a377c31f13"
1101559,RO,Teixeirópolis,"01a02d5a-89a1-7865-a218-1f490bfcc587"
1101609,RO,Theobroma,"01a02d5a-89a1-7865-a219-1bb96537287f"
1101708,RO,Urupá,"01a02d5a-89a2-7138-b1f3-776316cc974b"
1101757,RO,Vale do Anari,"01a02d5a-89a2-7138-b1f4-fc3a81466bf9"
1101807,RO,Vale do Paraíso,"01a02d5a-89a2-7138-b1f5-d62155ec3d92"
1100304,RO,Vilhena,"01a02d5a-89a2-7a3f-b1f6-35645d789add"
1200013,AC,Acrelândia,"01a02d5a-89a2-7a3f-b1f7-84508c04eae8"
1200054,AC,Assis Brasil,"01a02d5a-89a5-7f5b-8593-ddf212530928"
1200104,AC,Brasiléia,"01a02d5a-89a6-7828-99f5-108e7ee20589"
1200138,AC,Bujari,"01a02d5a-89a6-7828-99f6-8a8651dc053a"
1200179,AC,Capixaba,"01a02d5a-89a7-70f5-8901-1d3953d14316"
1200203,AC,Cruzeiro do Sul,"01a02d5a-89a7-70f5-8902-c6bcde6f07c8"
1200252,AC,Epitaciolândia,"01a02d5a-89a7-70f5-8903-11d4a3e01886"
1200302,AC,Feijó,"01a02d5a-89a7-79a3-8904-42e020522223"
1200328,AC,Jordão,"01a02d5a-89a7-79a3-8905-c78270ab330a"
1200336,AC,Mâncio Lima,"01a02d5a-89a7-79a3-8906-6139b10ebda6"
1200344,AC,Manoel Urbano,"01a02d5a-89a8-721a-b366-09db6639984f"
1200351,AC,Marechal Thaumaturgo,"01a02d5a-89a8-721a-b367-9f35bc874c4e"
1200385,AC,Plácido de Castro,"01a02d5a-89a8-721a-b368-e412c3845f34"
1200807,AC,Porto Acre,"01a02d5a-89a8-7abf-b369-33947a372dd4"
1200393,AC,Porto Walter,"01a02d5a-89a8-7abf-b36a-da2ba89365ff"
1200401,AC,Rio Branco,"01a02d5a-89a9-735b-ab42-2dbd9d31eb00"
1200427,AC,Rodrigues Alves,"01a02d5a-89a9-735b-ab43-5af2299ce469"
1200435,AC,Santa Rosa do Purus,"01a02d5a-89a9-7c23-ab44-51037017da8c"
1200500,AC,Sena Madureira,"01a02d5a-89a9-7c23-ab45-fd655e7ff06a"
1200450,AC,Senador Guiomard,"01a02d5a-89aa-74fe-a638-1c8e121b3863"
1200609,AC,Tarauacá,"01a02d5a-89aa-74fe-a639-511e69b902b0"
1200708,AC,Xapuri,"01a02d5a-89aa-7e18-a63a-a466f2f1da35"
1300029,AM,Alvarães,"01a02d5a-89aa-7e18-a63b-0ae875027eef"
1300060,AM,Amaturá,"01a02d5a-89ae-7d0d-aa61-fcaa6514740f"
1300086,AM,Anamã,"01a02d5a-89af-754c-85ea-00ea2e051472"
1300102,AM,Anori,"01a02d5a-89af-754c-85eb-2a1d90beb620"
1300144,AM,Apuí,"01a02d5a-89af-754c-85ec-f35aca91cac7"
1300201,AM,Atalaia do Norte,"01a02d5a-89af-7df6-85ed-dd8ef7b8d986"
1300300,AM,Autazes,"01a02d5a-89af-7df6-85ee-d114642ddb09"
1300409,AM,Barcelos,"01a02d5a-89b0-7698-8e73-8e8ad85bce96"
1300508,AM,Barreirinha,"01a02d5a-89b0-7698-8e74-05c6838c5ce2"
1300607,AM,Benjamin Constant,"01a02d5a-89b0-7f50-8e75-03491e1c7a60"
1300631,AM,Beruri,"01a02d5a-89b0-7f50-8e76-25c5e2138fa8"
1300680,AM,Boa Vista do Ramos,"01a02d5a-89b1-77d4-ba9b-94b9f34b8b8c"
1300706,AM,Boca do Acre,"01a02d5a-89b1-77d4-ba9c-999b78a189ed"
1300805,AM,Borba,"01a02d5a-89b2-70a2-8e88-891cde1d02af"
1300839,AM,Caapiranga,"01a02d5a-89b2-7938-8e89-3d3da487e176"
1300904,AM,Canutama,"01a02d5a-89b2-7938-8e8a-95099e1c0dc8"
1301100,AM,Careiro,"01a02d5a-89b3-7202-be6a-7f5a5c19c22a"
1301159,AM,Careiro da Várzea,"01a02d5a-89b3-7abc-be6b-25758029a351"
1301209,AM,Coari,"01a02d5a-89b3-7abc-be6c-e37e4617578f"
1301308,AM,Codajás,"01a02d5a-89b4-7375-bd0c-8f8c4077888e"
1301407,AM,Eirunepé,"01a02d5a-89b4-7375-bd0d-ef30151b2659"
1301506,AM,Envira,"01a02d5a-89b4-7c20-bd0e-0aaedbff55c1"
1301605,AM,Fonte Boa,"01a02d5a-89b5-7579-8202-ac39db3ba504"
1301654,AM,Guajará,"01a02d5a-89b5-7579-8203-0d832c890187"
1301704,AM,Humaitá,"01a02d5a-89b5-7deb-8204-66d9b6ae2de2"
1301803,AM,Ipixuna,"01a02d5a-89b5-7deb-8205-3bbb0283ad05"
1301852,AM,Iranduba,"01a02d5a-89b6-7661-80d0-d8749a3423bf"
1301902,AM,Itacoatiara,"01a02d5a-89b6-7661-80d1-8ed360a46515"
1301951,AM,Itamarati,"01a02d5a-89b6-7ed8-80d2-ce3847e86d8c"
1302009,AM,Itapiranga,"01a02d5a-89b6-7ed8-80d3-25833e1e106c"
1302108,AM,Japurá,"01a02d5a-89b7-774e-955d-f03e41de0e9b"
1302207,AM,Juruá,"01a02d5a-89b7-774e-955e-671dd014a7bb"
1302306,AM,Jutaí,"01a02d5a-89b8-7004-993a-ea249466b7f7"
1302405,AM,Lábrea,"01a02d5a-89b8-7004-993b-5f5b24c4928d"
1302504,AM,Manacapuru,"01a02d5a-89b8-7004-993c-3afe673b6aa0"
1302553,AM,Manaquiri,"01a02d5a-89b8-7004-993d-2b0c0ca96ddf"
1302603,AM,Manaus,"01a02d5a-89b9-783a-aa1f-0758849fa5b8"
1302702,AM,Manicoré,"01a02d5a-89b9-783a-aa20-0c0da8820a4a"
1302801,AM,Maraã,"01a02d5a-89b9-783a-aa21-04f175f43a9c"
1302900,AM,Maués,"01a02d5a-89ba-786e-9d68-27ec6c6ed3d0"
1303007,AM,Nhamundá,"01a02d5a-89ba-786e-9d69-9750fa261e24"
1303106,AM,Nova Olinda do Norte,"01a02d5a-89bb-7864-9c20-0603122173f1"
1303205,AM,Novo Airão,"01a02d5a-89bb-7864-9c21-98ae88b20726"
1303304,AM,Novo Aripuanã,"01a02d5a-89bb-7864-9c22-9de4c51bb71e"
1303403,AM,Parintins,"01a02d5a-89bb-7864-9c23-6708b2fde6c5"
1303502,AM,Pauini,"01a02d5a-89bc-785a-be85-6382b2d1068b"
1303536,AM,Presidente Figueiredo,"01a02d5a-89bc-785a-be86-c139f6629cba"
1303569,AM,Rio Preto da Eva,"01a02d5a-89bc-785a-be87-2279304dc059"
1303601,AM,Santa Isabel do Rio Negro,"01a02d5a-89bc-785a-be88-1d0deae0f69a"
1303700,AM,Santo Antônio do Içá,"01a02d5a-89bd-7865-937b-ab8fb2ad9d30"
1303809,AM,São Gabriel da Cachoeira,"01a02d5a-89bd-7865-937c-b5413df66f05"
1303908,AM,São Paulo de Olivença,"01a02d5a-89bd-7865-937d-09fe7e6a64f6"
1303957,AM,São Sebastião do Uatumã,"01a02d5a-89bd-7865-937e-38bfe12fa3ac"
1304005,AM,Silves,"01a02d5a-89bd-7865-937f-e5a72af72a3b"
1304062,AM,Tabatinga,"01a02d5a-89bd-7865-9380-61d1f5f4585c"
1304104,AM,Tapauá,"01a02d5a-89be-7855-ba45-bca893919e00"
1304203,AM,Tefé,"01a02d5a-89be-7855-ba46-92eca9c79b6a"
1304237,AM,Tonantins,"01a02d5a-89be-7855-ba47-6764adfe25aa"
1304260,AM,Uarini,"01a02d5a-89be-7855-ba48-60d0f74b37eb"
1304302,AM,Urucará,"01a02d5a-89be-7855-ba49-ccaac2853938"
1304401,AM,Urucurituba,"01a02d5a-89be-7855-ba4a-ede835a9ff7d"
1400050,RR,Alto Alegre,"01a02d5a-89bf-7854-9b74-3ef3c5f2b0b2"
1400027,RR,Amajari,"01a02d5a-89c2-7be4-ba7e-250da473002f"
1400100,RR,Boa Vista,"01a02d5a-89c3-7433-82b8-a15ab67b4590"
1400159,RR,Bonfim,"01a02d5a-89c3-7433-82b9-004b133eb598"
1400175,RR,Cantá,"01a02d5a-89c3-7433-82ba-69aa2d3d212d"
1400209,RR,Caracaraí,"01a02d5a-8dcb-7843-9d06-7b568cc98274"
1400233,RR,Caroebe,"01a02d5a-8dce-74a8-bde9-0f043b9e759b"
1400282,RR,Iracema,"01a02d5a-8dce-7d67-bdea-8648299315ce"
1400308,RR,Mucajaí,"01a02d5a-8dce-7d67-bdeb-08294701d020"
1400407,RR,Normandia,"01a02d5a-8dce-7d67-bdec-4595a0926316"
1400456,RR,Pacaraima,"01a02d5a-8dcf-7636-8748-66907b7e628b"
1400472,RR,Rorainópolis,"01a02d5a-8dcf-7636-8749-820db95e9ff2"
1400506,RR,São João da Baliza,"01a02d5a-8dcf-7ef5-874a-9b741cf5dd2d"
1400605,RR,São Luiz,"01a02d5a-8dcf-7ef5-874b-eced276c0a87"
1400704,RR,Uiramutã,"01a02d5a-8dcf-7ef5-874c-ae36096007ac"
1500107,PA,Abaetetuba,"01a02d5a-8dd0-79d7-bfb4-b913c817c385"
1500131,PA,Abel Figueiredo,"01a02d5a-8dd3-7513-816b-45123ed27de6"
1500206,PA,Acará,"01a02d5a-8dd3-7dfb-816c-6e4c459614f1"
1500305,PA,Afuá,"01a02d5a-8dd3-7dfb-816d-d86b90e9b9ea"
1500347,PA,Água Azul do Norte,"01a02d5a-8dd4-76d1-a03e-d6b0110668dc"
1500404,PA,Alenquer,"01a02d5a-8dd4-76d1-a03f-4b954fc71a4b"
1500503,PA,Almeirim,"01a02d5a-8dd4-76d1-a040-4afb4e6277e0"
1500602,PA,Altamira,"01a02d5a-8dd5-76ff-9e5c-2c9c9e31463d"
1500701,PA,Anajás,"01a02d5a-8dd5-76ff-9e5d-6b54b6a31c19"
1500800,PA,Ananindeua,"01a02d5a-8dd5-76ff-9e5e-fa16972bdc50"
1500859,PA,Anapu,"01a02d5a-8dd5-76ff-9e5f-38c6637976a1"
1500909,PA,Augusto Corrêa,"01a02d5a-8dd6-7700-ae5b-c9003c337a52"
1500958,PA,Aurora do Pará,"01a02d5a-8dd6-7700-ae5c-4646db47ab8a"
1501006,PA,Aveiro,"01a02d5a-8dd6-7700-ae5d-28616eb08d5f"
1501105,PA,Bagre,"01a02d5a-8dd7-76ff-a870-ae06899301b0"
1501204,PA,Baião,"01a02d5a-8dd7-76ff-a871-44516d0cbe56"
1501253,PA,Bannach,"01a02d5a-8dd7-76ff-a872-9a4ec4cb2474"
1501303,PA,Barcarena,"01a02d5a-8dd7-76ff-a873-5d2b320e0eb4"
1501402,PA,Belém,"01a02d5a-8dd8-7700-9a06-a31e288d1e67"
1501451,PA,Belterra,"01a02d5a-8dd8-7700-9a07-a9e54b453155"
1501501,PA,Benevides,"01a02d5a-8dd8-7700-9a08-e289d236e032"
1501576,PA,Bom Jesus do Tocantins,"01a02d5a-8dd9-7704-934c-09d21a4db030"
1501600,PA,Bonito,"01a02d5a-8dd9-7704-934d-12d1754d7337"
1501709,PA,Bragança,"01a02d5a-8dd9-7704-934e-bf9d381c470f"
1501725,PA,Brasil Novo,"01a02d5a-8dd9-7704-934f-d25b41378f59"
1501758,PA,Brejo Grande do Araguaia,"01a02d5a-8dda-7703-85ff-ee7a50bdf516"
1501782,PA,Breu Branco,"01a02d5a-8dda-7703-8600-fcfdc21a1a31"
1501808,PA,Breves,"01a02d5a-8dda-7703-8601-50d6f3580223"
1501907,PA,Bujaru,"01a02d5a-8ddb-7700-8199-aa12bb460d05"
1502004,PA,Cachoeira do Arari,"01a02d5a-8ddb-7700-819a-16c9ffad9d01"
1501956,PA,Cachoeira do Piriá,"01a02d5a-8ddb-7700-819b-f348280b223a"
1502103,PA,Cametá,"01a02d5a-8ddb-7700-819c-e2bb92911af2"
1502152,PA,Canaã dos Carajás,"01a02d5a-8ddc-7702-9ed4-fcd3e40b4f1d"
1502202,PA,Capanema,"01a02d5a-8ddc-7702-9ed5-84a3c1a90468"
1502301,PA,Capitão Poço,"01a02d5a-8ddc-7702-9ed6-29b9027af7b9"
1502400,PA,Castanhal,"01a02d5a-8ddc-7702-9ed7-c2bf424c1920"
1502509,PA,Chaves,"01a02d5a-8ddd-7700-91c8-1a04afc2fb57"
1502608,PA,Colares,"01a02d5a-8ddd-7700-91c9-c30988a13569"
1502707,PA,Conceição do Araguaia,"01a02d5a-8ddd-7ffd-91ca-23f1e8158936"
1502756,PA,Concórdia do Pará,"01a02d5a-8dde-7824-b2f2-4d4dda3a52d7"
1502764,PA,Cumaru do Norte,"01a02d5a-8dde-7824-b2f3-60ff97527d88"
1502772,PA,Curionópolis,"01a02d5a-8ddf-70fc-b35d-ede5f75b4adc"
1502806,PA,Curralinho,"01a02d5a-8ddf-70fc-b35e-68fc7d81dd3f"
1502855,PA,Curuá,"01a02d5a-8ddf-70fc-b35f-af054ea63b98"
1502905,PA,Curuçá,"01a02d5a-8ddf-7c7f-b360-89729207dbdc"
1502939,PA,Dom Eliseu,"01a02d5a-8ddf-7c7f-b361-fe922ac5780b"
1502954,PA,Eldorado do Carajás,"01a02d5a-8de0-755c-86ee-47f97c992a1d"
1503002,PA,Faro,"01a02d5a-8de0-755c-86ef-54766aa59fc7"
1503044,PA,Floresta do Araguaia,"01a02d5a-8de0-7e54-86f0-ee99dedc870d"
1503077,PA,Garrafão do Norte,"01a02d5a-8de0-7e54-86f1-93d2b08f9e59"
1503093,PA,Goianésia do Pará,"01a02d5a-8de1-774f-b235-1fe62ef37430"
1503101,PA,Gurupá,"01a02d5a-8de1-774f-b236-29c34ec6e057"
1503200,PA,Igarapé-Açu,"01a02d5a-8de1-774f-b237-7ad804ef3f04"
1503309,PA,Igarapé-Miri,"01a02d5a-8de1-774f-b238-dcaa7f9b0811"
1503408,PA,Inhangapi,"01a02d5a-8de2-7013-b941-9a5c56271756"
1503457,PA,Ipixuna do Pará,"01a02d5a-8de2-7013-b942-f103d6e368ca"
1503507,PA,Irituia,"01a02d5a-8de2-78b8-b943-b1f974df5b80"
1503606,PA,Itaituba,"01a02d5a-8de2-78b8-b944-d9da589dca8e"
1503705,PA,Itupiranga,"01a02d5a-8de3-7191-8d8d-2662cc33be2c"
1503754,PA,Jacareacanga,"01a02d5a-8de3-7191-8d8e-fc66906c6e2f"
1503804,PA,Jacundá,"01a02d5a-8de3-7191-8d8f-29d3a496a740"
1503903,PA,Juruti,"01a02d5a-8de3-7a7e-8d90-c6d9bd1c178d"
1504000,PA,Limoeiro do Ajuru,"01a02d5a-8de3-7a7e-8d91-52612aa9d76a"
1504059,PA,Mãe do Rio,"01a02d5a-8de3-7a7e-8d92-28dcc5f169d3"
1504109,PA,Magalhães Barata,"01a02d5a-8de3-7a7e-8d93-e70ebc877165"
1504208,PA,Marabá,"01a02d5a-8de4-733e-b80c-26f573582350"
1504307,PA,Maracanã,"01a02d5a-8de4-7be5-b80d-84039add5abd"
1504406,PA,Marapanim,"01a02d5a-8de4-7be5-b80e-5fca7491f408"
1504422,PA,Marituba,"01a02d5a-8de5-74c5-866e-54bdc49edef6"
1504455,PA,Medicilândia,"01a02d5a-8de5-7dd4-866f-a85a46aa4ab2"
1504505,PA,Melgaço,"01a02d5a-8de5-7dd4-8670-58e3b392947a"
1504604,PA,Mocajuba,"01a02d5a-8de6-77be-84d5-9ac9ca37abe0"
1504703,PA,Moju,"01a02d5a-8de6-77be-84d6-f74e6898f124"
1504752,PA,Mojuí dos Campos,"01a02d5a-8de6-77be-84d7-1c81f5088b1c"
1504802,PA,Monte Alegre,"01a02d5a-8de6-77be-84d8-9dfb66cc4887"
1504901,PA,Muaná,"01a02d5a-8de7-781c-95d8-76a78f0bf00b"
1504950,PA,Nova Esperança do Piriá,"01a02d5a-8de7-781c-95d9-466dce8a78cb"
1504976,PA,Nova Ipixuna,"01a02d5a-8de8-7136-adba-142050982f53"
1505007,PA,Nova Timboteua,"01a02d5a-8de8-7a21-adbb-504bde6cbe94"
1505031,PA,Novo Progresso,"01a02d5a-8de8-7a21-adbc-dfd00b2b5c68"
1505064,PA,Novo Repartimento,"01a02d5a-8de9-730e-ba96-9c595dfc8663"
1505106,PA,Óbidos,"01a02d5a-8de9-730e-ba97-8eb43ad59014"
1505205,PA,Oeiras do Pará,"01a02d5a-8de9-730e-ba98-87aac9d928a0"
1505304,PA,Oriximiná,"01a02d5a-8de9-7be6-ba99-7a6ae1ed1332"
1505403,PA,Ourém,"01a02d5a-8de9-7be6-ba9a-9243c5bd48cf"
1505437,PA,Ourilândia do Norte,"01a02d5a-8de9-7be6-ba9b-a1eec648dd7c"
1505486,PA,Pacajá,"01a02d5a-8dea-7c19-bbcb-e1d5affd6a1e"
1505494,PA,Palestina do Pará,"01a02d5a-8dea-7c19-bbcc-016ec8263646"
1505502,PA,Paragominas,"01a02d5a-8dea-7c19-bbcd-1d0e8036a4be"
1505536,PA,Parauapebas,"01a02d5a-8deb-7c1a-977e-265ff64f26bb"
1505551,PA,Pau D'Arco,"01a02d5a-91cb-7007-bea6-c6efe67586a0"
1505601,PA,Peixe-Boi,"01a02d5a-91cf-7594-a1e8-64a98a44fa5e"
1505635,PA,Piçarra,"01a02d5a-91cf-7e8c-a1e9-a260b00a1dd0"
1505650,PA,Placas,"01a02d5a-91cf-7e8c-a1ea-2e4affb186f8"
1505700,PA,Ponta de Pedras,"01a02d5a-91d0-7777-beb2-b603c1f7ff8e"
1505809,PA,Portel,"01a02d5a-91d0-7777-beb3-1d0b8d617fc5"
1505908,PA,Porto de Moz,"01a02d5a-91d0-7777-beb4-1450b2fe2c89"
1506005,PA,Prainha,"01a02d5a-91d1-7096-ac32-a01f5f897268"
1506104,PA,Primavera,"01a02d5a-91d1-7096-ac33-57f42e418056"
1506112,PA,Quatipuru,"01a02d5a-91d1-7921-ac34-baec94178cd1"
1506138,PA,Redenção,"01a02d5a-91d1-7921-ac35-9a36fae12b5a"
1506161,PA,Rio Maria,"01a02d5a-91d1-7921-ac36-a9f613f8bced"
1506187,PA,Rondon do Pará,"01a02d5a-91d2-71ae-b39c-c64eccd03218"
1506195,PA,Rurópolis,"01a02d5a-91d2-71ae-b39d-25f840b59975"
1506203,PA,Salinópolis,"01a02d5a-91d2-71ae-b39e-d012f666bc9b"
1506302,PA,Salvaterra,"01a02d5a-91d2-7a68-b39f-0c3465a08fb5"
1506351,PA,Santa Bárbara do Pará,"01a02d5a-91d2-7a68-b3a0-7ba2fdba8228"
1506401,PA,Santa Cruz do Arari,"01a02d5a-91d2-7a68-b3a1-206afa1725fb"
1506500,PA,Santa Izabel do Pará,"01a02d5a-91d2-7a68-b3a2-820d2f80c048"
1506559,PA,Santa Luzia do Pará,"01a02d5a-91d3-72ec-8625-cf3dcd705083"
1506583,PA,Santa Maria das Barreiras,"01a02d5a-91d3-72ec-8626-f04396d97dfc"
1506609,PA,Santa Maria do Pará,"01a02d5a-91d3-72ec-8627-0839e1411e15"
1506708,PA,Santana do Araguaia,"01a02d5a-91d3-7bb1-8628-bd8598c472cf"
1506807,PA,Santarém,"01a02d5a-91d3-7bb1-8629-0769465bf64b"
1506906,PA,Santarém Novo,"01a02d5a-91d4-7444-b7d2-b4f0831088c2"
1507003,PA,Santo Antônio do Tauá,"01a02d5a-91d4-7444-b7d3-f50c2c7b7d39"
1507102,PA,São Caetano de Odivelas,"01a02d5a-91d4-7d36-b7d4-57bab87f8f7f"
1507151,PA,São Domingos do Araguaia,"01a02d5a-91d4-7d36-b7d5-b4e07e06cbf7"
1507201,PA,São Domingos do Capim,"01a02d5a-91d4-7d36-b7d6-e1757f465651"
1507300,PA,São Félix do Xingu,"01a02d5a-91d4-7d36-b7d7-0e004605783e"
1507409,PA,São Francisco do Pará,"01a02d5a-91d5-7d63-8854-5816a605af13"
1507458,PA,São Geraldo do Araguaia,"01a02d5a-91d5-7d63-8855-d06f233729dd"
1507466,PA,São João da Ponta,"01a02d5a-91d5-7d63-8856-308ca9f37622"
1507474,PA,São João de Pirabas,"01a02d5a-91d5-7d63-8857-1f3f7a4f6224"
1507508,PA,São João do Araguaia,"01a02d5a-91d6-7d5b-808e-f99719be8343"
1507607,PA,São Miguel do Guamá,"01a02d5a-91d6-7d5b-808f-92a10f68ee80"
1507706,PA,São Sebastião da Boa Vista,"01a02d5a-91d6-7d5b-8090-5c36ba695468"
1507755,PA,Sapucaia,"01a02d5a-91d6-7d5b-8091-934d4c4dda8a"
1507805,PA,Senador José Porfírio,"01a02d5a-91d7-7da3-a050-4a4f4e38733a"
1507904,PA,Soure,"01a02d5a-91d7-7da3-a051-ebe30deb4091"
1507953,PA,Tailândia,"01a02d5a-91d7-7da3-a052-63a224017cbc"
1507961,PA,Terra Alta,"01a02d5a-91d7-7da3-a053-dbb62b96378f"
1507979,PA,Terra Santa,"01a02d5a-91d7-7da3-a054-878c19d1f0b8"
1508001,PA,Tomé-Açu,"01a02d5a-91d7-7da3-a055-84f13c698262"
1508035,PA,Tracuateua,"01a02d5a-91d9-75c9-8755-d74fa7373ef2"
1508050,PA,Trairão,"01a02d5a-91d9-75c9-8756-e067a752e03d"
1508084,PA,Tucumã,"01a02d5a-91d9-75c9-8757-8769158dd749"
1508100,PA,Tucuruí,"01a02d5a-91d9-75c9-8758-6fd9c2846566"
1508126,PA,Ulianópolis,"01a02d5a-91da-7616-8748-3e4eb906767e"
1508159,PA,Uruará,"01a02d5a-91da-7616-8749-22e3af3c3049"
1508209,PA,Vigia,"01a02d5a-91da-7616-874a-c6bb04d4bec2"
1508308,PA,Viseu,"01a02d5a-91da-7616-874b-e85cb156d6cb"
1508357,PA,Vitória do Xingu,"01a02d5a-91db-75e4-afc1-a9b2bbc3bb1a"
1508407,PA,Xinguara,"01a02d5a-91db-75e4-afc2-9595861e0960"
1600105,AP,Amapá,"01a02d5a-91db-75e4-afc3-cd77b48f19d8"
1600204,AP,Calçoene,"01a02d5a-91df-75b0-9f5f-e51a2f01728e"
1600212,AP,Cutias,"01a02d5a-91df-7eb2-9f60-75c57231f97e"
1600238,AP,Ferreira Gomes,"01a02d5a-91df-7eb2-9f61-39b1e2e6c42c"
1600253,AP,Itaubal,"01a02d5a-91e0-7846-ba91-18aa4731e594"
1600279,AP,Laranjal do Jari,"01a02d5a-91e0-7846-ba92-a4a111c2f00c"
1600303,AP,Macapá,"01a02d5a-91e1-7124-93c4-c059c52d7a94"
1600402,AP,Mazagão,"01a02d5a-91e1-7124-93c5-e14e6e6636c3"
1600501,AP,Oiapoque,"01a02d5a-91e1-7124-93c6-bb6eb7596cb0"
1600154,AP,Pedra Branca do Amapari,"01a02d5a-91e1-79c5-93c7-627688c4ac00"
1600535,AP,Porto Grande,"01a02d5a-91e1-79c5-93c8-4553bd236bba"
1600550,AP,Pracuúba,"01a02d5a-91e2-7283-b734-60967a1e0599"
1600600,AP,Santana,"01a02d5a-91e2-7283-b735-07ae83664eb6"
1600055,AP,Serra do Navio,"01a02d5a-91e2-7afe-b736-87f119ffdf96"
1600709,AP,Tartarugalzinho,"01a02d5a-91e2-7afe-b737-39e37dddcc40"
1600808,AP,Vitória do Jari,"01a02d5a-91e2-7afe-b738-d26ab85fdad2"
1700251,TO,Abreulândia,"01a02d5a-91e3-7346-9543-c72b7194d00e"
1700301,TO,Aguiarnópolis,"01a02d5a-91e6-783f-9f8b-e49de52dc7fe"
1700350,TO,Aliança do Tocantins,"01a02d5a-91e7-708a-b17d-02bb058bd858"
1700400,TO,Almas,"01a02d5a-91e7-79bd-b17e-cf88bd83b286"
1700707,TO,Alvorada,"01a02d5a-91e7-79bd-b17f-15a5b449f3f3"
1701002,TO,Ananás,"01a02d5a-91e7-79bd-b180-23c0d14cb707"
1701051,TO,Angico,"01a02d5a-91e8-727a-94a5-1a4b281eac20"
1701101,TO,Aparecida do Rio Negro,"01a02d5a-91e8-727a-94a6-c1a4641de9f8"
1701309,TO,Aragominas,"01a02d5a-91e8-7b12-94a7-6a796d14b76c"
1701903,TO,Araguacema,"01a02d5a-91e8-7b12-94a8-9b91b93c25fd"
1702000,TO,Araguaçu,"01a02d5a-91e8-7b12-94a9-dce88085d8d2"
1702109,TO,Araguaína,"01a02d5a-91e8-7b12-94aa-50ed073eb6fe"
1702158,TO,Araguanã,"01a02d5a-91e9-73c0-998a-00af09a13a57"
1702208,TO,Araguatins,"01a02d5a-91e9-73c0-998b-62ba76f3159f"
1702307,TO,Arapoema,"01a02d5a-91e9-73c0-998c-ddd9562b0af4"
1702406,TO,Arraias,"01a02d5a-91e9-73c0-998d-9b03e513b7b0"
1702554,TO,Augustinópolis,"01a02d5a-91e9-7c5a-998e-2664cb005719"
1702703,TO,Aurora do Tocantins,"01a02d5a-91e9-7c5a-998f-94b9a948e280"
1702901,TO,Axixá do Tocantins,"01a02d5a-91e9-7c5a-9990-8348507229f4"
1703008,TO,Babaçulândia,"01a02d5a-91e9-7c5a-9991-86a02ffc6718"
1703057,TO,Bandeirantes do Tocantins,"01a02d5a-91ea-74ee-bbee-96d0cf706964"
1703073,TO,Barra do Ouro,"01a02d5a-91ea-74ee-bbef-6dbebb608cd3"
1703107,TO,Barrolândia,"01a02d5a-91ea-74ee-bbf0-b974c59e09e4"
1703206,TO,Bernardo Sayão,"01a02d5a-91ea-7d5c-bbf1-9b6d538f0911"
1703305,TO,Bom Jesus do Tocantins,"01a02d5a-91ea-7d5c-bbf2-cfa266ebcc18"
1703602,TO,Brasilândia do Tocantins,"01a02d5a-91ea-7d5c-bbf3-1252fa0b28c4"
1703701,TO,Brejinho de Nazaré,"01a02d5a-91ea-7d5c-bbf4-38225c7d54aa"
1703800,TO,Buriti do Tocantins,"01a02d5a-91eb-7606-bc9f-d42821232fd4"
1703826,TO,Cachoeirinha,"01a02d5a-91eb-7606-bca0-0328f4ee9e98"
1703842,TO,Campos Lindos,"01a02d5a-91eb-7606-bca1-da5c90554071"
1703867,TO,Cariri do Tocantins,"01a02d5a-963e-7787-a11a-ed677e0e76b2"
1703883,TO,Carmolândia,"01a02d5a-9642-792e-b054-cccfad0d6a2a"
1703891,TO,Carrasco Bonito,"01a02d5a-9643-71b4-a2c9-85576cf745f9"
1703909,TO,Caseara,"01a02d5a-9643-7a85-a2ca-969ae571415d"
1704105,TO,Centenário,"01a02d5a-9643-7a85-a2cb-0205cf58a534"
1705102,TO,Chapada da Natividade,"01a02d5a-9644-7378-8190-d167d22eb6a0"
1704600,TO,Chapada de Areia,"01a02d5a-9644-7378-8191-deb3a9b7979c"
1705508,TO,Colinas do Tocantins,"01a02d5a-9644-7c4f-8192-44e7e4174115"
1716703,TO,Colméia,"01a02d5a-9644-7c4f-8193-7598684ce40a"
1705557,TO,Combinado,"01a02d5a-9644-7c4f-8194-0fe1891435d8"
1705607,TO,Conceição do Tocantins,"01a02d5a-9645-7528-bc54-c4ded70c379d"
1706001,TO,Couto Magalhães,"01a02d5a-9645-7528-bc55-92068ff25822"
1706100,TO,Cristalândia,"01a02d5a-9645-7e2a-bc56-e88b47240ad8"
1706258,TO,Crixás do Tocantins,"01a02d5a-9645-7e2a-bc57-7a150f6875a9"
1706506,TO,Darcinópolis,"01a02d5a-9645-7e2a-bc58-d765f0f92e2f"
1707009,TO,Dianópolis,"01a02d5a-9646-773a-816a-741bdf7cf7ef"
1707108,TO,Divinópolis do Tocantins,"01a02d5a-9646-773a-816b-32dee3db946a"
1707207,TO,Dois Irmãos do Tocantins,"01a02d5a-9646-773a-816c-378d71b8c169"
1707306,TO,Dueré,"01a02d5a-9647-7039-94ce-3e6134a8ebe9"
1707405,TO,Esperantina,"01a02d5a-9647-7039-94cf-4d105537129f"
1707553,TO,Fátima,"01a02d5a-9647-7039-94d0-b404b116bb93"
1707652,TO,Figueirópolis,"01a02d5a-9647-7039-94d1-9af03998ccdb"
1707702,TO,Filadélfia,"01a02d5a-9647-7946-94d2-9650617d92b1"
1708205,TO,Formoso do Araguaia,"01a02d5a-9647-7946-94d3-9a6e3c0bab4e"
1708304,TO,Goianorte,"01a02d5a-9647-7946-94d4-db00b3264ea9"
1709005,TO,Goiatins,"01a02d5a-9648-7241-bf75-40c77ef25960"
1709302,TO,Guaraí,"01a02d5a-9648-7241-bf76-b6ea2b9d8797"
1709500,TO,Gurupi,"01a02d5a-9648-7afd-bf77-6f86c0cefa03"
1709807,TO,Ipueiras,"01a02d5a-9648-7afd-bf78-68cea4e1b949"
1710508,TO,Itacajá,"01a02d5a-9648-7afd-bf79-fefda72e86cc"
1710706,TO,Itaguatins,"01a02d5a-9649-76a7-89f6-210268691416"
1710904,TO,Itapiratins,"01a02d5a-9649-76a7-89f7-12f7c680e290"
1711100,TO,Itaporã do Tocantins,"01a02d5a-9649-76a7-89f8-3958e4f33720"
1711506,TO,Jaú do Tocantins,"01a02d5a-9649-76a7-89f9-86a555df18a7"
1711803,TO,Juarina,"01a02d5a-9649-7f9b-89fa-1aa739fecfe5"
1711902,TO,Lagoa da Confusão,"01a02d5a-9649-7f9b-89fb-c576dd3d7250"
1711951,TO,Lagoa do Tocantins,"01a02d5a-964a-7843-a66c-6446428692af"
1712009,TO,Lajeado,"01a02d5a-964a-7843-a66d-c27d0955459f"
1712157,TO,Lavandeira,"01a02d5a-964a-7843-a66e-ce33eaba27f6"
1712405,TO,Lizarda,"01a02d5a-964b-72a5-98e5-b62b65870e98"
1712454,TO,Luzinópolis,"01a02d5a-964b-72a5-98e6-f54cad748a0f"
1712504,TO,Marianópolis do Tocantins,"01a02d5a-964b-72a5-98e7-49525c578923"
1712702,TO,Mateiros,"01a02d5a-964b-7d91-98e8-f7b8cb19c57a"
1712801,TO,Maurilândia do Tocantins,"01a02d5a-964b-7d91-98e9-c60ee2b28dc5"
1713205,TO,Miracema do Tocantins,"01a02d5a-964b-7d91-98ea-f73e3779e45d"
1713304,TO,Miranorte,"01a02d5a-964c-767f-817e-5835660ffc53"
1713601,TO,Monte do Carmo,"01a02d5a-964c-767f-817f-74620f3a0418"
1713700,TO,Monte Santo do Tocantins,"01a02d5a-964c-767f-8180-c535127f1fe8"
1713957,TO,Muricilândia,"01a02d5a-964c-767f-8181-dc9ee1d1fcb4"
1714203,TO,Natividade,"01a02d5a-964c-7f58-8182-0012faceaea5"
1714302,TO,Nazaré,"01a02d5a-964c-7f58-8183-359da5645f67"
1714880,TO,Nova Olinda,"01a02d5a-964c-7f58-8184-a9bb2734acf7"
1715002,TO,Nova Rosalândia,"01a02d5a-964c-7f58-8185-507096c3e981"
1715101,TO,Novo Acordo,"01a02d5a-964d-77ad-ac35-bd25900d8497"
1715150,TO,Novo Alegre,"01a02d5a-964d-77ad-ac36-648c1e4b39c7"
1715259,TO,Novo Jardim,"01a02d5a-964d-77ad-ac37-b2a980d5805a"
1715507,TO,Oliveira de Fátima,"01a02d5a-964d-77ad-ac38-25384b72e8c8"
1721000,TO,Palmas,"01a02d5a-964e-7061-8192-85fd5aed83cd"
1715705,TO,Palmeirante,"01a02d5a-964e-7061-8193-ea94a16a5fb4"
1713809,TO,Palmeiras do Tocantins,"01a02d5a-964e-7061-8194-a7e3783c941b"
1715754,TO,Palmeirópolis,"01a02d5a-964e-7061-8195-9d692aa12e98"
1716109,TO,Paraíso do Tocantins,"01a02d5a-964e-7941-8196-1a7cbc6df623"
1716208,TO,Paranã,"01a02d5a-964e-7941-8197-53ceca6ee00a"
1716307,TO,Pau D'Arco,"01a02d5a-964e-7941-8198-b68f848fc7e4"
1716505,TO,Pedro Afonso,"01a02d5a-964e-7941-8199-62e4e51f02b6"
1716604,TO,Peixe,"01a02d5a-964e-7941-819a-7902bcdcc065"
1716653,TO,Pequizeiro,"01a02d5a-964f-721b-953c-7c8e46e543b2"
1717008,TO,Pindorama do Tocantins,"01a02d5a-964f-721b-953d-5974d7f94797"
1717206,TO,Piraquê,"01a02d5a-964f-721b-953e-112b1bdf12b1"
1717503,TO,Pium,"01a02d5a-964f-721b-953f-3b7c0a126c2f"
1717800,TO,Ponte Alta do Bom Jesus,"01a02d5a-964f-7ad0-9540-042ca5827a30"
1717909,TO,Ponte Alta do Tocantins,"01a02d5a-964f-7ad0-9541-36ebf21ec664"
1718006,TO,Porto Alegre do Tocantins,"01a02d5a-964f-7ad0-9542-2f09d9c98e62"
1718204,TO,Porto Nacional,"01a02d5a-964f-7ad0-9543-62cf08a163b4"
1718303,TO,Praia Norte,"01a02d5a-964f-7ad0-9544-8427f4656309"
1718402,TO,Presidente Kennedy,"01a02d5a-964f-7ad0-9545-b7b775deabe5"
1718451,TO,Pugmil,"01a02d5a-964f-7ad0-9546-562be07e8141"
1718501,TO,Recursolândia,"01a02d5a-964f-7ad0-9547-6bfa4707b923"
1718550,TO,Riachinho,"01a02d5a-9650-7af6-9d97-419ec28476a8"
1718659,TO,Rio da Conceição,"01a02d5a-9650-7af6-9d98-fd9bff2a01a2"
1718709,TO,Rio dos Bois,"01a02d5a-9650-7af6-9d99-2d40a703461a"
1718758,TO,Rio Sono,"01a02d5a-9650-7af6-9d9a-f90c402cd660"
1718808,TO,Sampaio,"01a02d5a-9650-7af6-9d9b-62b6e935f065"
1718840,TO,Sandolândia,"01a02d5a-9650-7af6-9d9c-01bc1c9a8800"
1718865,TO,Santa Fé do Araguaia,"01a02d5a-9650-7af6-9d9d-1e6f1d438395"
1718881,TO,Santa Maria do Tocantins,"01a02d5a-9651-7af8-8722-3573218e2540"
1718899,TO,Santa Rita do Tocantins,"01a02d5a-9651-7af8-8723-82ecd90e6de5"
1718907,TO,Santa Rosa do Tocantins,"01a02d5a-9651-7af8-8724-4cae91005145"
1719004,TO,Santa Tereza do Tocantins,"01a02d5a-9651-7af8-8725-6b0dc51cea17"
1720002,TO,Santa Terezinha do Tocantins,"01a02d5a-9651-7af8-8726-cffc7c94386e"
1720101,TO,São Bento do Tocantins,"01a02d5a-9651-7af8-8727-86325b844b3e"
1720150,TO,São Félix do Tocantins,"01a02d5a-9651-7af8-8728-511c7ad9875c"
1720200,TO,São Miguel do Tocantins,"01a02d5a-9652-7b0e-9fbf-c11aa230ff5c"
1720259,TO,São Salvador do Tocantins,"01a02d5a-9652-7b0e-9fc0-4b1677ef8079"
1720309,TO,São Sebastião do Tocantins,"01a02d5a-9652-7b0e-9fc1-2de2b13cec37"
1720499,TO,São Valério,"01a02d5a-9652-7b0e-9fc2-1cf10e19ec6d"
1720655,TO,Silvanópolis,"01a02d5a-9653-7b04-864b-f9ff7c809d59"
1720804,TO,Sítio Novo do Tocantins,"01a02d5a-9653-7b04-864c-aaa595d23c0e"
1720853,TO,Sucupira,"01a02d5a-9653-7b04-864d-1c861498d1b1"
1708254,TO,Tabocão,"01a02d5a-9653-7b04-864e-27a3dd99c7c1"
1720903,TO,Taguatinga,"01a02d5a-9a97-7b06-9974-c655f7fa0091"
1720937,TO,Taipas do Tocantins,"01a02d5a-9a9b-7026-b414-21f8a33a9809"
1720978,TO,Talismã,"01a02d5a-9a9b-7a81-b415-d7605b39011c"
1721109,TO,Tocantínia,"01a02d5a-9a9b-7a81-b416-26b2f0c53fe4"
1721208,TO,Tocantinópolis,"01a02d5a-9a9c-730d-a906-d8252c794fc7"
1721257,TO,Tupirama,"01a02d5a-9a9c-730d-a907-8f137f92fd52"
1721307,TO,Tupiratins,"01a02d5a-9a9c-730d-a908-ab5a5f14e24a"
1722081,TO,Wanderlândia,"01a02d5a-9a9c-730d-a909-514c84e28c2c"
1722107,TO,Xambioá,"01a02d5a-9a9c-7bc0-a90a-321aee5bf370"
2100055,MA,Açailândia,"01a02d5a-9a9c-7bc0-a90b-90463092de5d"
2100105,MA,Afonso Cunha,"01a02d5a-9a9f-77ba-bbac-ce6367203a8a"
2100154,MA,Água Doce do Maranhão,"01a02d5a-9aa0-70f2-9b4d-91929b9f1f53"
2100204,MA,Alcântara,"01a02d5a-9aa0-79ca-9b4e-2b969425c7cd"
2100303,MA,Aldeias Altas,"01a02d5a-9aa0-79ca-9b4f-481234bbfd7d"
2100402,MA,Altamira do Maranhão,"01a02d5a-9aa0-79ca-9b50-4277267365e0"
2100436,MA,Alto Alegre do Maranhão,"01a02d5a-9aa0-79ca-9b51-2550125e2c44"
2100477,MA,Alto Alegre do Pindaré,"01a02d5a-9aa1-79e8-8e83-dc026a098071"
2100501,MA,Alto Parnaíba,"01a02d5a-9aa1-79e8-8e84-0518617940a0"
2100550,MA,Amapá do Maranhão,"01a02d5a-9aa1-79e8-8e85-225f4cb097e8"
2100600,MA,Amarante do Maranhão,"01a02d5a-9aa1-79e8-8e86-1dda7bba5415"
2100709,MA,Anajatuba,"01a02d5a-9aa1-79e8-8e87-0f8e158e25eb"
2100808,MA,Anapurus,"01a02d5a-9aa1-79e8-8e88-7d1a4da31fab"
2100832,MA,Apicum-Açu,"01a02d5a-9aa3-71ff-b3f7-9996a77ddc32"
2100873,MA,Araguanã,"01a02d5a-9aa3-71ff-b3f8-f33df7c2d43e"
2100907,MA,Araioses,"01a02d5a-9aa3-71ff-b3f9-228e8579da89"
2100956,MA,Arame,"01a02d5a-9aa3-71ff-b3fa-801c07e21ced"
2101004,MA,Arari,"01a02d5a-9aa3-71ff-b3fb-d93f52ef4c0f"
2101103,MA,Axixá,"01a02d5a-9aa3-71ff-b3fc-5a74e7d453c8"
2101202,MA,Bacabal,"01a02d5a-9aa4-7227-9008-e1b18925c218"
2101251,MA,Bacabeira,"01a02d5a-9aa4-7227-9009-1827d10b6cfb"
2101301,MA,Bacuri,"01a02d5a-9aa4-7227-900a-a69ee572d08c"
2101350,MA,Bacurituba,"01a02d5a-9aa4-7227-900b-4260da8d3a21"
2101400,MA,Balsas,"01a02d5a-9aa5-7229-bfd8-f39df55b5e2b"
2101509,MA,Barão de Grajaú,"01a02d5a-9aa5-7229-bfd9-d03f4c2b9d07"
2101608,MA,Barra do Corda,"01a02d5a-9aa5-7229-bfda-77cacdd12f52"
2101707,MA,Barreirinhas,"01a02d5a-9aa5-7229-bfdb-0eb0eb4cd1fe"
2101772,MA,Bela Vista do Maranhão,"01a02d5a-9aa6-7228-852a-67b59bf98f36"
2101731,MA,Belágua,"01a02d5a-9aa6-7228-852b-f80e45b47322"
2101806,MA,Benedito Leite,"01a02d5a-9aa6-7228-852c-1bbf64a9f35d"
2101905,MA,Bequimão,"01a02d5a-9aa6-7228-852d-c925e4471a55"
2101939,MA,Bernardo do Mearim,"01a02d5a-9aa7-7219-a4a0-79f512db7470"
2101970,MA,Boa Vista do Gurupi,"01a02d5a-9aa7-7219-a4a1-a726d6924e49"
2102002,MA,Bom Jardim,"01a02d5a-9aa7-7219-a4a2-1a0e6da4ee39"
2102036,MA,Bom Jesus das Selvas,"01a02d5a-9aa7-7219-a4a3-8fa78dbf00ab"
2102077,MA,Bom Lugar,"01a02d5a-9aa8-7218-a2ec-3f7e95d9fa54"
2102101,MA,Brejo,"01a02d5a-9aa8-7218-a2ed-d2c46c5e4804"
2102150,MA,Brejo de Areia,"01a02d5a-9aa8-7218-a2ee-a37c1bc2afcb"
2102200,MA,Buriti,"01a02d5a-9aa8-7218-a2ef-cb050b84d1c5"
2102309,MA,Buriti Bravo,"01a02d5a-9aa9-7215-9796-a2155a5d9296"
2102325,MA,Buriticupu,"01a02d5a-9aa9-7215-9797-ac65e93addaf"
2102358,MA,Buritirana,"01a02d5a-9aa9-7215-9798-7e6b81199037"
2102374,MA,Cachoeira Grande,"01a02d5a-9aa9-7215-9799-a05809ee6a5e"
2102408,MA,Cajapió,"01a02d5a-9aa9-7215-979a-689295766faf"
2102507,MA,Cajari,"01a02d5a-9aaa-7214-949b-1c0daf804e30"
2102556,MA,Campestre do Maranhão,"01a02d5a-9aaa-7214-949c-d22e229e267d"
2102606,MA,Cândido Mendes,"01a02d5a-9aaa-7214-949d-e8b4c1fe7e6d"
2102705,MA,Cantanhede,"01a02d5a-9aaa-7214-949e-aa97f3c1f231"
2102754,MA,Capinzal do Norte,"01a02d5a-9aab-7226-9155-fbbb309e257a"
2102804,MA,Carolina,"01a02d5a-9aab-7a48-9156-00c6fcc45843"
2102903,MA,Carutapera,"01a02d5a-9aab-7a48-9157-b9f42ee857d2"
2103000,MA,Caxias,"01a02d5a-9aab-7a48-9158-c1b3f43a604e"
2103109,MA,Cedral,"01a02d5a-9aab-7a48-9159-22cc669f5608"
2103125,MA,Central do Maranhão,"01a02d5a-9aab-7a48-915a-960518a15c8d"
2103158,MA,Centro do Guilherme,"01a02d5a-9aab-7a48-915b-6d5e09fc14ae"
2103174,MA,Centro Novo do Maranhão,"01a02d5a-9aad-72b9-86cf-98a95d6bfeb3"
2103208,MA,Chapadinha,"01a02d5a-9aad-72b9-86d0-3df51675b0f5"
2103257,MA,Cidelândia,"01a02d5a-9aad-72b9-86d1-32ca9f2292a2"
2103307,MA,Codó,"01a02d5a-9aad-72b9-86d2-f0a1ebbc7851"
2103406,MA,Coelho Neto,"01a02d5a-9aad-72b9-86d3-325128041b31"
2103505,MA,Colinas,"01a02d5a-9aae-72e7-9565-066a7a88968f"
2103554,MA,Conceição do Lago-Açu,"01a02d5a-9aae-72e7-9566-ab5e6bbe5d9a"
2103604,MA,Coroatá,"01a02d5a-9aae-72e7-9567-a7010e7e1c4f"
2103703,MA,Cururupu,"01a02d5a-9aae-72e7-9568-acc84a1b88bb"
2103752,MA,Davinópolis,"01a02d5a-9aaf-72e7-8efd-c0528580cd13"
2103802,MA,Dom Pedro,"01a02d5a-9aaf-72e7-8efe-90f2e0990ed0"
2103901,MA,Duque Bacelar,"01a02d5a-9aaf-72e7-8eff-099b1048837a"
2104008,MA,Esperantinópolis,"01a02d5a-9aaf-72e7-8f00-75dc1127c969"
2104057,MA,Estreito,"01a02d5a-9ab0-72d8-b23b-0a3bd5e77a29"
2104073,MA,Feira Nova do Maranhão,"01a02d5a-9ab0-72d8-b23c-b047259ad614"
2104081,MA,Fernando Falcão,"01a02d5a-9ab0-72d8-b23d-eb3116871311"
2104099,MA,Formosa da Serra Negra,"01a02d5a-9ab0-72d8-b23e-56edff88cc19"
2104107,MA,Fortaleza dos Nogueiras,"01a02d5a-9ab1-72e3-9264-1006094785e9"
2104206,MA,Fortuna,"01a02d5a-9ab1-72e3-9265-97e4d5957e85"
2104305,MA,Godofredo Viana,"01a02d5a-9ab1-72e3-9266-1b9eb47f2058"
2104404,MA,Gonçalves Dias,"01a02d5a-9ab1-72e3-9267-96f29fd7a6d9"
2104503,MA,Governador Archer,"01a02d5a-9ab1-72e3-9268-41936a558483"
2104552,MA,Governador Edison Lobão,"01a02d5a-9ab2-72d4-aa01-a67df2a95bf6"
2104602,MA,Governador Eugênio Barros,"01a02d5a-9ab2-72d4-aa02-4233daabd446"
2104628,MA,Governador Luiz Rocha,"01a02d5a-9ab2-72d4-aa03-ccfe22e6a53e"
2104651,MA,Governador Newton Bello,"01a02d5a-9ab2-72d4-aa04-266c7b6f86cd"
2104677,MA,Governador Nunes Freire,"01a02d5a-9ab3-72d3-b00e-a0244e865897"
2104701,MA,Graça Aranha,"01a02d5a-9ab3-72d3-b00f-0d0cb60e23cd"
2104800,MA,Grajaú,"01a02d5a-9ab3-72d3-b010-7f62b6c839f9"
2104909,MA,Guimarães,"01a02d5a-9ab3-72d3-b011-650de3a2b102"
2105005,MA,Humberto de Campos,"01a02d5a-9ab4-72d3-8b34-078bd6dc5521"
2105104,MA,Icatu,"01a02d5a-9ab4-72d3-8b35-2336b2fbc3cf"
2105153,MA,Igarapé do Meio,"01a02d5a-9ab4-72d3-8b36-58e3eaeb7364"
2105203,MA,Igarapé Grande,"01a02d5a-9ab4-72d3-8b37-d2a3c90ec07f"
2105302,MA,Imperatriz,"01a02d5a-9ab4-72d3-8b38-b6ace350fb01"
2105351,MA,Itaipava do Grajaú,"01a02d5a-9ab5-72d3-bfde-833d121ae3be"
2105401,MA,Itapecuru Mirim,"01a02d5a-9e79-7d1d-8e43-5386bf2d5a77"
2105427,MA,Itinga do Maranhão,"01a02d5a-9e7d-777c-90f8-cadb2685f065"
2105450,MA,Jatobá,"01a02d5a-9e7e-702a-ad52-57d535e20ef4"
2105476,MA,Jenipapo dos Vieiras,"01a02d5a-9e7e-702a-ad53-f3f43a2e9a90"
2105500,MA,João Lisboa,"01a02d5a-9e7e-78d7-ad54-176c1b6dd7bc"
2105609,MA,Joselândia,"01a02d5a-9e7f-7166-af58-a339eb0427ce"
2105658,MA,Junco do Maranhão,"01a02d5a-9e7f-7166-af59-5c51e1e66c26"
2105708,MA,Lago da Pedra,"01a02d5a-9e7f-7166-af5a-6543d9704eaf"
2105807,MA,Lago do Junco,"01a02d5a-9e7f-7c7c-af5b-fde0f8cf7f86"
2105948,MA,Lago dos Rodrigues,"01a02d5a-9e80-7170-a184-75f3220c1117"
2105906,MA,Lago Verde,"01a02d5a-9e80-7170-a185-62d9b8a019af"
2105922,MA,Lagoa do Mato,"01a02d5a-9e80-7994-a186-ecac9c9fe59f"
2105963,MA,Lagoa Grande do Maranhão,"01a02d5a-9e80-7994-a187-a81514810747"
2105989,MA,Lajeado Novo,"01a02d5a-9e80-7994-a188-d1908f9b4d3b"
2106003,MA,Lima Campos,"01a02d5a-9e81-72df-860e-4ed2458e5f1f"
2106102,MA,Loreto,"01a02d5a-9e81-72df-860f-f1cf97678085"
2106201,MA,Luís Domingues,"01a02d5a-9e81-7bb3-8610-12b04f46302a"
2106300,MA,Magalhães de Almeida,"01a02d5a-9e81-7bb3-8611-eb96c1b6e497"
2106326,MA,Maracaçumé,"01a02d5a-9e82-7480-836f-04b669990f95"
2106359,MA,Marajá do Sena,"01a02d5a-9e82-7480-8370-a316c498fb6f"
2106375,MA,Maranhãozinho,"01a02d5a-9e82-7d4e-8371-18006d489a76"
2106409,MA,Mata Roma,"01a02d5a-9e82-7d4e-8372-8b787aab2877"
2106508,MA,Matinha,"01a02d5a-9e83-7602-bc2f-b52c71fd79b8"
2106607,MA,Matões,"01a02d5a-9e83-7602-bc30-f382457b0730"
2106631,MA,Matões do Norte,"01a02d5a-9e83-7e9d-bc31-a486ce8f3ab6"
2106672,MA,Milagres do Maranhão,"01a02d5a-9e83-7e9d-bc32-165e6ce67a60"
2106706,MA,Mirador,"01a02d5a-9e83-7e9d-bc33-d68eea2c0678"
2106755,MA,Miranda do Norte,"01a02d5a-9e84-7763-8bbd-25436eb3c1d8"
2106805,MA,Mirinzal,"01a02d5a-9e84-7763-8bbe-ae48d3569241"
2106904,MA,Monção,"01a02d5a-9e85-7019-8d55-ead109430a79"
2107001,MA,Montes Altos,"01a02d5a-9e85-7019-8d56-dbab0c64b7bd"
2107100,MA,Morros,"01a02d5a-9e85-7019-8d57-2a52e4caa857"
2107209,MA,Nina Rodrigues,"01a02d5a-9e85-78cb-8d58-3bbc0d6a9dc0"
2107258,MA,Nova Colinas,"01a02d5a-9e85-78cb-8d59-a0be08942378"
2107308,MA,Nova Iorque,"01a02d5a-9e86-7165-89bf-40ea5ad2ae85"
2107357,MA,Nova Olinda do Maranhão,"01a02d5a-9e86-7165-89c0-fcc5198da589"
2107407,MA,Olho d'Água das Cunhãs,"01a02d5a-9e86-79db-89c1-dafd539a8f09"
2107456,MA,Olinda Nova do Maranhão,"01a02d5a-9e86-79db-89c2-7b113ef33e2a"
2107506,MA,Paço do Lumiar,"01a02d5a-9e86-79db-89c3-c7740640763a"
2107605,MA,Palmeirândia,"01a02d5a-9e87-72a2-91ec-502687e23e51"
2107704,MA,Paraibano,"01a02d5a-9e87-72a2-91ed-53351af73ae3"
2107803,MA,Parnarama,"01a02d5a-9e87-7b65-91ee-54fae5950b13"
2107902,MA,Passagem Franca,"01a02d5a-9e87-7b65-91ef-50d4f54977c9"
2108009,MA,Pastos Bons,"01a02d5a-9e88-7400-bec8-690ec8a1c79e"
2108058,MA,Paulino Neves,"01a02d5a-9e88-7400-bec9-bb9fc4c696ee"
2108108,MA,Paulo Ramos,"01a02d5a-9e88-7400-beca-1c612c2e3752"
2108207,MA,Pedreiras,"01a02d5a-9e89-741d-8125-218c030979a4"
2108256,MA,Pedro do Rosário,"01a02d5a-9e89-741d-8126-bd85bf974e8f"
2108306,MA,Penalva,"01a02d5a-9e89-741d-8127-52d2deb514c9"
2108405,MA,Peri Mirim,"01a02d5a-9e89-741d-8128-c598bc20734b"
2108454,MA,Peritoró,"01a02d5a-9e89-741d-8129-f058fbdab121"
2108504,MA,Pindaré-Mirim,"01a02d5a-9e8a-741f-9fa5-5036ee3cbfa9"
2108603,MA,Pinheiro,"01a02d5a-9e8a-741f-9fa6-ec56c935a8ab"
2108702,MA,Pio XII,"01a02d5a-9e8a-741f-9fa7-1b950fb84928"
2108801,MA,Pirapemas,"01a02d5a-9e8a-741f-9fa8-183d5f4b31fa"
2108900,MA,Poção de Pedras,"01a02d5a-9e8b-741a-927c-6952018cc776"
2109007,MA,Porto Franco,"01a02d5a-9e8b-741a-927d-7816eac44e36"
2109056,MA,Porto Rico do Maranhão,"01a02d5a-9e8b-7c33-927e-1edd1edbe817"
2109106,MA,Presidente Dutra,"01a02d5a-9e8b-7c33-927f-bb241754f51c"
2109205,MA,Presidente Juscelino,"01a02d5a-9e8b-7c33-9280-64d6e22fac5f"
2109239,MA,Presidente Médici,"01a02d5a-9e8b-7c33-9281-6af6a6faac5b"
2109270,MA,Presidente Sarney,"01a02d5a-9e8b-7c33-9282-0538efddd522"
2109304,MA,Presidente Vargas,"01a02d5a-9e8c-7c52-bc41-52341430a26b"
2109403,MA,Primeira Cruz,"01a02d5a-9e8c-7c52-bc42-689d5b25297d"
2109452,MA,Raposa,"01a02d5a-9e8c-7c52-bc43-dc29cfee94d9"
2109502,MA,Riachão,"01a02d5a-9e8c-7c52-bc44-92547394fa35"
2109551,MA,Ribamar Fiquene,"01a02d5a-9e8c-7c52-bc45-c2f30b6b4007"
2109601,MA,Rosário,"01a02d5a-9e8c-7c52-bc46-fba0d923c53c"
2109700,MA,Sambaíba,"01a02d5a-9e8d-7c3c-b4e5-2c0c6a3ab0fd"
2109759,MA,Santa Filomena do Maranhão,"01a02d5a-9e8d-7c3c-b4e6-d6e81dc5257c"
2109809,MA,Santa Helena,"01a02d5a-9e8d-7c3c-b4e7-f06114f302f9"
2109908,MA,Santa Inês,"01a02d5a-9e8d-7c3c-b4e8-c037d9c22dbe"
2110005,MA,Santa Luzia,"01a02d5a-9e8d-7c3c-b4e9-bd39899f4183"
2110039,MA,Santa Luzia do Paruá,"01a02d5a-9e8d-7c3c-b4ea-d502b374370c"
2110104,MA,Santa Quitéria do Maranhão,"01a02d5a-9e8d-7c3c-b4eb-01af9f330a3b"
2110203,MA,Santa Rita,"01a02d5a-9e8d-7c3c-b4ec-39a38b4512fb"
2110237,MA,Santana do Maranhão,"01a02d5a-9e8d-7c3c-b4ed-228a6fbfa6b2"
2110278,MA,Santo Amaro do Maranhão,"01a02d5a-9e8e-7c4a-82e7-91c8a19827e5"
2110302,MA,Santo Antônio dos Lopes,"01a02d5a-9e8e-7c4a-82e8-46d616afc664"
2304657,CE,Graça,"01a02d5a-af0b-7917-93da-73886541cff0"
2110401,MA,São Benedito do Rio Preto,"01a02d5a-9e8e-7c4a-82e9-9ec9f62762e0"
2110500,MA,São Bento,"01a02d5a-9e8e-7c4a-82ea-603493d83301"
2110609,MA,São Bernardo,"01a02d5a-9e8e-7c4a-82eb-4a4628e59cb4"
2110658,MA,São Domingos do Azeitão,"01a02d5a-9e8f-7c60-b084-42d0d7a20ac3"
2110708,MA,São Domingos do Maranhão,"01a02d5a-9e8f-7c60-b085-8c26e6196859"
2110807,MA,São Félix de Balsas,"01a02d5a-9e8f-7c60-b086-ecfcae5e9f1c"
2110856,MA,São Francisco do Brejão,"01a02d5a-9e8f-7c60-b087-9366fd8ef14c"
2110906,MA,São Francisco do Maranhão,"01a02d5a-9e8f-7c60-b088-5921d0f3a52f"
2111003,MA,São João Batista,"01a02d5a-9e90-7c61-8af5-9abe17ffb4e0"
2111029,MA,São João do Carú,"01a02d5a-9e90-7c61-8af6-dd5a13931095"
2111052,MA,São João do Paraíso,"01a02d5a-9e90-7c61-8af7-0740aea203bf"
2111078,MA,São João do Soter,"01a02d5a-9e90-7c61-8af8-476ed7c90edb"
2111102,MA,São João dos Patos,"01a02d5a-9e90-7c61-8af9-24b0a024eb56"
2111201,MA,São José de Ribamar,"01a02d5a-9e90-7c61-8afa-422aef16b3e1"
2111250,MA,São José dos Basílios,"01a02d5a-9e90-7c61-8afb-c1b1eb2a8c4a"
2111300,MA,São Luís,"01a02d5a-9e90-7c61-8afc-08da8870bc40"
2111409,MA,São Luís Gonzaga do Maranhão,"01a02d5a-9e90-7c61-8afd-fa864859c5bb"
2111508,MA,São Mateus do Maranhão,"01a02d5a-9e91-7c5b-8600-68fd1fdc10ae"
2111532,MA,São Pedro da Água Branca,"01a02d5a-9e91-7c5b-8601-12962da4b999"
2111573,MA,São Pedro dos Crentes,"01a02d5a-9e91-7c5b-8602-b090df70f521"
2111607,MA,São Raimundo das Mangabeiras,"01a02d5a-9e91-7c5b-8603-06e70d700fa2"
2111631,MA,São Raimundo do Doca Bezerra,"01a02d5a-a277-7542-9222-26bb468e6273"
2111672,MA,São Roberto,"01a02d5a-a27a-7a1c-96e9-222cb54f36b8"
2111706,MA,São Vicente Ferrer,"01a02d5a-a27b-72c4-81c5-ffda16d42586"
2111722,MA,Satubinha,"01a02d5a-a27b-72c4-81c6-0568142b3f98"
2111748,MA,Senador Alexandre Costa,"01a02d5a-a27b-72c4-81c7-49d67e0f44ec"
2111763,MA,Senador La Rocque,"01a02d5a-a27b-7be0-81c8-0468b2578ac0"
2111789,MA,Serrano do Maranhão,"01a02d5a-a27b-7be0-81c9-e7c223a49f7c"
2111805,MA,Sítio Novo,"01a02d5a-a27b-7be0-81ca-3ce8c45afd10"
2111904,MA,Sucupira do Norte,"01a02d5a-a27c-7487-b654-89ec734e589c"
2111953,MA,Sucupira do Riachão,"01a02d5a-a27c-7487-b655-0c05dbc661cd"
2112001,MA,Tasso Fragoso,"01a02d5a-a27c-7487-b656-4121dbd71e99"
2112100,MA,Timbiras,"01a02d5a-a27c-7d26-b657-0e185b547a94"
2112209,MA,Timon,"01a02d5a-a27c-7d26-b658-3edb9dcdef3c"
2112233,MA,Trizidela do Vale,"01a02d5a-a27c-7d26-b659-4516fa58859b"
2112274,MA,Tufilândia,"01a02d5a-a27d-7585-885f-cf781626b056"
2112308,MA,Tuntum,"01a02d5a-a27d-7585-8860-64816b1712f6"
2112407,MA,Turiaçu,"01a02d5a-a27d-7585-8861-4f2eedf646a8"
2112456,MA,Turilândia,"01a02d5a-a27d-7e39-8862-cfad8fb9a26d"
2112506,MA,Tutóia,"01a02d5a-a27d-7e39-8863-adc2d4194072"
2112605,MA,Urbano Santos,"01a02d5a-a27d-7e39-8864-dcbd1b80e01a"
2112704,MA,Vargem Grande,"01a02d5a-a27e-76d6-a794-c34524bb2124"
2112803,MA,Viana,"01a02d5a-a27e-76d6-a795-64bb1816a78d"
2112852,MA,Vila Nova dos Martírios,"01a02d5a-a27e-7f79-a796-3a5e16c2e87d"
2112902,MA,Vitória do Mearim,"01a02d5a-a27e-7f79-a797-1c3f8f571b66"
2113009,MA,Vitorino Freire,"01a02d5a-a27e-7f79-a798-1de0ccd9d5f6"
2114007,MA,Zé Doca,"01a02d5a-a27f-784b-8faf-08fa5f30c6d9"
2200053,PI,Acauã,"01a02d5a-a27f-784b-8fb0-c02d7618c97f"
2200103,PI,Agricolândia,"01a02d5a-a282-775c-abd8-f13b36c7918c"
2200202,PI,Água Branca,"01a02d5a-a283-7030-90e2-c2ba4a6320b2"
2200251,PI,Alagoinha do Piauí,"01a02d5a-a283-7030-90e3-ca9f7ba69eea"
2200277,PI,Alegrete do Piauí,"01a02d5a-a283-791d-90e4-37bb36854dad"
2200301,PI,Alto Longá,"01a02d5a-a283-791d-90e5-14215b108384"
2200400,PI,Altos,"01a02d5a-a284-71d4-96c2-bb2370fb011e"
2200459,PI,Alvorada do Gurguéia,"01a02d5a-a284-71d4-96c3-47940a8d4418"
2200509,PI,Amarante,"01a02d5a-a284-71d4-96c4-9e7ffc1b2398"
2200608,PI,Angical do Piauí,"01a02d5a-a284-7aea-96c5-369845625159"
2200707,PI,Anísio de Abreu,"01a02d5a-a284-7aea-96c6-8a060de27f6d"
2200806,PI,Antônio Almeida,"01a02d5a-a284-7aea-96c7-5901aa3931c2"
2200905,PI,Aroazes,"01a02d5a-a285-7388-a5e6-85d7ad97f00d"
2200954,PI,Aroeiras do Itaim,"01a02d5a-a285-7388-a5e7-8672ecc76a82"
2201002,PI,Arraial,"01a02d5a-a285-7388-a5e8-b7f5c7aeaaf3"
2201051,PI,Assunção do Piauí,"01a02d5a-a285-7c4f-a5e9-cd7c20f8cc7c"
2201101,PI,Avelino Lopes,"01a02d5a-a285-7c4f-a5ea-84b15829bb6b"
2201150,PI,Baixa Grande do Ribeiro,"01a02d5a-a285-7c4f-a5eb-595d5765f7cb"
2201176,PI,Barra D'Alcântara,"01a02d5a-a286-773a-b11f-4c5f685c7956"
2201200,PI,Barras,"01a02d5a-a286-773a-b120-00f61568c862"
2201309,PI,Barreiras do Piauí,"01a02d5a-a286-773a-b121-f0021c7e08af"
2201408,PI,Barro Duro,"01a02d5a-a287-71ac-9e3f-01640b86b5a3"
2201507,PI,Batalha,"01a02d5a-a287-71ac-9e40-df3d5abc470d"
2201556,PI,Bela Vista do Piauí,"01a02d5a-a287-7a86-9e41-f2b464f8a63f"
2201572,PI,Belém do Piauí,"01a02d5a-a287-7a86-9e42-665902e56fe0"
2201606,PI,Beneditinos,"01a02d5a-a287-7a86-9e43-b91a109565a7"
2201705,PI,Bertolínia,"01a02d5a-a288-7381-a1bb-350f587ddb66"
2201739,PI,Betânia do Piauí,"01a02d5a-a288-7381-a1bc-222f9b990507"
2201770,PI,Boa Hora,"01a02d5a-a288-7381-a1bd-59b03075e38e"
2201804,PI,Bocaina,"01a02d5a-a288-7c59-a1be-9c469fdece6f"
2201903,PI,Bom Jesus,"01a02d5a-a288-7c59-a1bf-32e23c7d776a"
2201919,PI,Bom Princípio do Piauí,"01a02d5a-a289-756b-ac0a-57d7a389e332"
2201929,PI,Bonfim do Piauí,"01a02d5a-a289-756b-ac0b-cf4127b07aac"
2201945,PI,Boqueirão do Piauí,"01a02d5a-a289-756b-ac0c-55a9c64288a9"
2201960,PI,Brasileira,"01a02d5a-a289-7e0f-ac0d-1bae01ad7250"
2201988,PI,Brejo do Piauí,"01a02d5a-a289-7e0f-ac0e-762d9f5e9b05"
2202000,PI,Buriti dos Lopes,"01a02d5a-a289-7e0f-ac0f-d5426604d093"
2202026,PI,Buriti dos Montes,"01a02d5a-a28a-7702-813f-09df3ca7ea28"
2202059,PI,Cabeceiras do Piauí,"01a02d5a-a28a-7702-8140-dc05d42b3a45"
2202075,PI,Cajazeiras do Piauí,"01a02d5a-a28a-7702-8141-52c862ce410a"
2202083,PI,Cajueiro da Praia,"01a02d5a-a28a-7fa3-8142-3c8663f8497a"
2202091,PI,Caldeirão Grande do Piauí,"01a02d5a-a28a-7fa3-8143-9d82b91b99f3"
2202109,PI,Campinas do Piauí,"01a02d5a-a28a-7fa3-8144-b928fd8e8f83"
2202117,PI,Campo Alegre do Fidalgo,"01a02d5a-a28b-7843-bf63-5054fd5feb09"
2202133,PI,Campo Grande do Piauí,"01a02d5a-a28b-7843-bf64-4db46712765f"
2202174,PI,Campo Largo do Piauí,"01a02d5a-a28b-7843-bf65-e4419ea3b6a6"
2202208,PI,Campo Maior,"01a02d5a-a28c-70e1-b47e-bc010ed024e8"
2202251,PI,Canavieira,"01a02d5a-a28c-70e1-b47f-c68f05a733dd"
2202307,PI,Canto do Buriti,"01a02d5a-a28c-70e1-b480-f9cce327688c"
2202406,PI,Capitão de Campos,"01a02d5a-a28c-70e1-b481-90f62ff6ca63"
2202455,PI,Capitão Gervásio Oliveira,"01a02d5a-a28c-798d-b482-14e413851fc1"
2202505,PI,Caracol,"01a02d5a-a28c-798d-b483-f65702361fe8"
2202539,PI,Caraúbas do Piauí,"01a02d5a-a28c-798d-b484-93d5753a1eb0"
2202554,PI,Caridade do Piauí,"01a02d5a-a28d-720c-aa05-5b42ce6b0e53"
2202604,PI,Castelo do Piauí,"01a02d5a-a28d-720c-aa06-4d8e78ac5d87"
2202653,PI,Caxingó,"01a02d5a-a28d-720c-aa07-63571ce1da35"
2202703,PI,Cocal,"01a02d5a-a28d-720c-aa08-1ab8f2572fbe"
2202711,PI,Cocal de Telha,"01a02d5a-a28d-7ac3-aa09-3751cfb8b3d2"
2202729,PI,Cocal dos Alves,"01a02d5a-a28d-7ac3-aa0a-167fc32c6252"
2202737,PI,Coivaras,"01a02d5a-a28d-7ac3-aa0b-4dc6284f1de9"
2202752,PI,Colônia do Gurguéia,"01a02d5a-a28d-7ac3-aa0c-3ab0262f5752"
2202778,PI,Colônia do Piauí,"01a02d5a-a28d-7ac3-aa0d-5558b536170a"
2304707,CE,Granja,"01a02d5a-af0b-7917-93db-d96b8d2ecc1f"
2202802,PI,Conceição do Canindé,"01a02d5a-a28d-7ac3-aa0e-dafa11e3c709"
2202851,PI,Coronel José Dias,"01a02d5a-a28e-7adb-bbbf-72033e80f9c6"
2202901,PI,Corrente,"01a02d5a-a28e-7adb-bbc0-4388346ff2a6"
2203008,PI,Cristalândia do Piauí,"01a02d5a-a28e-7adb-bbc1-3608f900f7f7"
2203107,PI,Cristino Castro,"01a02d5a-a28e-7adb-bbc2-d61045cd2ea8"
2203206,PI,Curimatá,"01a02d5a-a28e-7adb-bbc3-c5e59b437afb"
2203230,PI,Currais,"01a02d5a-a28e-7adb-bbc4-841ff4acc084"
2203271,PI,Curral Novo do Piauí,"01a02d5a-a28f-7adb-bae3-6dd4da8d12f8"
2203255,PI,Curralinhos,"01a02d5a-a28f-7adb-bae4-a4bc3aae4e87"
2203305,PI,Demerval Lobão,"01a02d5a-a28f-7adb-bae5-18b4eccc36be"
2203354,PI,Dirceu Arcoverde,"01a02d5a-a28f-7adb-bae6-3c3a37a088b6"
2203404,PI,Dom Expedito Lopes,"01a02d5a-a28f-7adb-bae7-b59b6127e56a"
2203453,PI,Dom Inocêncio,"01a02d5a-a69a-762a-acd3-c9f6bb935d0a"
2203420,PI,Domingos Mourão,"01a02d5a-a69d-7c75-b3ca-398fbd487606"
2203503,PI,Elesbão Veloso,"01a02d5a-a69d-7c75-b3cb-f17c94ab48e9"
2203602,PI,Eliseu Martins,"01a02d5a-a69e-751f-b729-c22dea191a58"
2203701,PI,Esperantina,"01a02d5a-a69e-751f-b72a-c3dd113ff31c"
2203750,PI,Fartura do Piauí,"01a02d5a-a69e-7e60-b72b-f7dad44b93b7"
2203800,PI,Flores do Piauí,"01a02d5a-a69e-7e60-b72c-74e3f7352465"
2203859,PI,Floresta do Piauí,"01a02d5a-a69e-7e60-b72d-d25b1ec15081"
2203909,PI,Floriano,"01a02d5a-a69f-7715-a661-af8a67223378"
2204006,PI,Francinópolis,"01a02d5a-a69f-7715-a662-e7ff9b6ada49"
2204105,PI,Francisco Ayres,"01a02d5a-a69f-7ff5-a663-21c4ec4a0583"
2204154,PI,Francisco Macedo,"01a02d5a-a69f-7ff5-a664-1dd7c6809c83"
2204204,PI,Francisco Santos,"01a02d5a-a69f-7ff5-a665-0023dbf7028a"
2204303,PI,Fronteiras,"01a02d5a-a6a0-78a8-9100-0537db954740"
2204352,PI,Geminiano,"01a02d5a-a6a0-78a8-9101-7c1441cacc8a"
2204402,PI,Gilbués,"01a02d5a-a6a0-78a8-9102-2a3214011c83"
2204501,PI,Guadalupe,"01a02d5a-a6a1-70f3-9169-760adc829d6f"
2204550,PI,Guaribas,"01a02d5a-a6a1-70f3-916a-866be879c6d3"
2204600,PI,Hugo Napoleão,"01a02d5a-a6a1-70f3-916b-d468a7862075"
2204659,PI,Ilha Grande,"01a02d5a-a6a1-70f3-916c-7a69217d2b96"
2204709,PI,Inhuma,"01a02d5a-a6a1-79e6-916d-170b67042630"
2204808,PI,Ipiranga do Piauí,"01a02d5a-a6a1-79e6-916e-2a3e35fbdac4"
2204907,PI,Isaías Coelho,"01a02d5a-a6a1-79e6-916f-08fc4a3df701"
2205003,PI,Itainópolis,"01a02d5a-a6a2-72b3-bed1-c10188afbff1"
2205102,PI,Itaueira,"01a02d5a-a6a2-72b3-bed2-47cb55547f62"
2205151,PI,Jacobina do Piauí,"01a02d5a-a6a2-7bcf-bed3-a5dfbdd45251"
2205201,PI,Jaicós,"01a02d5a-a6a2-7bcf-bed4-31684afdc727"
2205250,PI,Jardim do Mulato,"01a02d5a-a6a2-7bcf-bed5-5c826eeb1e39"
2205276,PI,Jatobá do Piauí,"01a02d5a-a6a3-74b4-acf0-3cb7e4bd9615"
2205300,PI,Jerumenha,"01a02d5a-a6a3-74b4-acf1-b30ea747a7ee"
2205359,PI,João Costa,"01a02d5a-a6a3-74b4-acf2-5daeb709b380"
2205409,PI,Joaquim Pires,"01a02d5a-a6a3-7d9a-acf3-5cecfcf828f0"
2205458,PI,Joca Marques,"01a02d5a-a6a3-7d9a-acf4-5f94c7b91e83"
2205508,PI,José de Freitas,"01a02d5a-a6a3-7d9a-acf5-1ba0fadcd088"
2205516,PI,Juazeiro do Piauí,"01a02d5a-a6a4-766d-95dd-54e9d0147b68"
2205524,PI,Júlio Borges,"01a02d5a-a6a4-766d-95de-505520314d5c"
2205532,PI,Jurema,"01a02d5a-a6a4-766d-95df-097aa67185f7"
2205557,PI,Lagoa Alegre,"01a02d5a-a6a4-766d-95e0-63dc95035924"
2205573,PI,Lagoa de São Francisco,"01a02d5a-a6a4-7f03-95e1-955841d5a3db"
2205565,PI,Lagoa do Barro do Piauí,"01a02d5a-a6a4-7f03-95e2-87bc494f52c6"
2205581,PI,Lagoa do Piauí,"01a02d5a-a6a4-7f03-95e3-aae256064614"
2205599,PI,Lagoa do Sítio,"01a02d5a-a6a5-779e-ae53-547a9a7277c0"
2205540,PI,Lagoinha do Piauí,"01a02d5a-a6a5-779e-ae54-b8a4cd0a6ac7"
2205607,PI,Landri Sales,"01a02d5a-a6a5-779e-ae55-1ec95dec2e2e"
2205706,PI,Luís Correia,"01a02d5a-a6a5-779e-ae56-e1391022ebce"
2205805,PI,Luzilândia,"01a02d5a-a6a6-7058-bc4c-ae183fe94e58"
2205854,PI,Madeiro,"01a02d5a-a6a6-7058-bc4d-1882861cbc84"
2205904,PI,Manoel Emídio,"01a02d5a-a6a6-7058-bc4e-b8e44f9fc2d2"
2205953,PI,Marcolândia,"01a02d5a-a6a6-7924-bc4f-65a67173ba80"
2206001,PI,Marcos Parente,"01a02d5a-a6a6-7924-bc50-1c97a24aec4d"
2206050,PI,Massapê do Piauí,"01a02d5a-a6a6-7924-bc51-05800a5b665d"
2301307,CE,Araripe,"01a02d5a-a6a7-71e8-aaeb-b4ac334c4893"
2206100,PI,Matias Olímpio,"01a02d5a-a6aa-77dc-972f-dadee63963e9"
2206209,PI,Miguel Alves,"01a02d5a-a6aa-77dc-9730-fcb1dba8995e"
2206308,PI,Miguel Leão,"01a02d5a-a6ab-725b-b6bb-9dde3c094369"
2206357,PI,Milton Brandão,"01a02d5a-a6ab-725b-b6bc-fc3c4dc73a29"
2206407,PI,Monsenhor Gil,"01a02d5a-a6ab-725b-b6bd-5e6a5d8d986f"
2206506,PI,Monsenhor Hipólito,"01a02d5a-a6ab-7b3f-b6be-b3dc6f18707b"
2206605,PI,Monte Alegre do Piauí,"01a02d5a-a6ab-7b3f-b6bf-31fa523362e0"
2206654,PI,Morro Cabeça no Tempo,"01a02d5a-a6ab-7b3f-b6c0-58cb6106e1ba"
2206670,PI,Morro do Chapéu do Piauí,"01a02d5a-a6ab-7b3f-b6c1-b3c9148261f3"
2206696,PI,Murici dos Portelas,"01a02d5a-a6ac-7420-934b-c5465b6b9961"
2206704,PI,Nazaré do Piauí,"01a02d5a-a6ac-7420-934c-3228241f1f26"
2206720,PI,Nazária,"01a02d5a-a6ac-7d02-934d-91ba7fe3242c"
2206753,PI,Nossa Senhora de Nazaré,"01a02d5a-a6ac-7d02-934e-929e22f45db5"
2206803,PI,Nossa Senhora dos Remédios,"01a02d5a-a6ad-7677-8531-d6d4f8b22721"
2207959,PI,Nova Santa Rita,"01a02d5a-a6ad-7677-8532-6f9ead958e55"
2206902,PI,Novo Oriente do Piauí,"01a02d5a-a6ad-7677-8533-cf7d387f9823"
2206951,PI,Novo Santo Antônio,"01a02d5a-a6ad-7ff2-8534-080b26f19067"
2207009,PI,Oeiras,"01a02d5a-a6ad-7ff2-8535-c20d2d5c7c91"
2207108,PI,Olho D'Água do Piauí,"01a02d5a-a6ae-78b2-8a3f-0b363144cc08"
2207207,PI,Padre Marcos,"01a02d5a-a6ae-78b2-8a40-609202d28258"
2207306,PI,Paes Landim,"01a02d5a-a6af-7177-8fd3-70192d730a54"
2207355,PI,Pajeú do Piauí,"01a02d5a-a6af-7177-8fd4-2648c56ea020"
2207405,PI,Palmeira do Piauí,"01a02d5a-a6af-7177-8fd5-21ec7e2d39fc"
2207504,PI,Palmeirais,"01a02d5a-a6af-7a05-8fd6-f6c8be472cf5"
2207553,PI,Paquetá,"01a02d5a-a6af-7a05-8fd7-0c92bb1ab05c"
2207603,PI,Parnaguá,"01a02d5a-a6af-7a05-8fd8-891a2978b2cd"
2207702,PI,Parnaíba,"01a02d5a-a6b0-72ae-a795-dde659808273"
2207751,PI,Passagem Franca do Piauí,"01a02d5a-a6b0-72ae-a796-9d4c863bda87"
2207777,PI,Patos do Piauí,"01a02d5a-a6b0-72ae-a797-c6385e0e3159"
2207793,PI,Pau D'Arco do Piauí,"01a02d5a-a6b0-7b96-a798-620ae28a764a"
2207801,PI,Paulistana,"01a02d5a-a6b0-7b96-a799-96933a417e12"
2207850,PI,Pavussu,"01a02d5a-a6b0-7b96-a79a-85d416857182"
2207900,PI,Pedro II,"01a02d5a-a6b0-7b96-a79b-1befc7ce4bf3"
2207934,PI,Pedro Laurentino,"01a02d5a-a6b1-745f-bfe8-5d12055a2f3d"
2208007,PI,Picos,"01a02d5a-a6b1-745f-bfe9-0d0ea01064f8"
2208106,PI,Pimenteiras,"01a02d5a-a6b1-745f-bfea-bb04ac5c2497"
2208205,PI,Pio IX,"01a02d5a-a6b1-7d03-bfeb-a66800fc8b34"
2208304,PI,Piracuruca,"01a02d5a-a6b1-7d03-bfec-76298d18338f"
2208403,PI,Piripiri,"01a02d5a-a6b1-7d03-bfed-c6f548ff683f"
2208502,PI,Porto,"01a02d5a-a6b1-7d03-bfee-3d6f535ac425"
2208551,PI,Porto Alegre do Piauí,"01a02d5a-a6b2-75cc-aaa1-27dd43d137f7"
2208601,PI,Prata do Piauí,"01a02d5a-a6b2-75cc-aaa2-fa045e246405"
2208650,PI,Queimada Nova,"01a02d5a-a6b2-7eb7-aaa3-e69cc7fd7ea0"
2208700,PI,Redenção do Gurguéia,"01a02d5a-a6b2-7eb7-aaa4-d5c8e0729531"
2208809,PI,Regeneração,"01a02d5a-a6b3-7773-b66a-6bb3e6d8e6a5"
2208858,PI,Riacho Frio,"01a02d5a-a6b3-7773-b66b-876af298efc6"
2208874,PI,Ribeira do Piauí,"01a02d5a-a6b3-7773-b66c-6a1721895208"
2208908,PI,Ribeiro Gonçalves,"01a02d5a-a6b4-701d-8b77-948d22da2ba0"
2209005,PI,Rio Grande do Piauí,"01a02d5a-aad6-7eef-9501-2c9cd25812ff"
2209104,PI,Santa Cruz do Piauí,"01a02d5a-aada-72e4-8f17-f75455f797d8"
2209153,PI,Santa Cruz dos Milagres,"01a02d5a-aada-72e4-8f18-48fe0a95b218"
2209203,PI,Santa Filomena,"01a02d5a-aada-72e4-8f19-fccf3bdc2b2c"
2209302,PI,Santa Luz,"01a02d5a-aada-7bfa-8f1a-9ef695a9a46f"
2209377,PI,Santa Rosa do Piauí,"01a02d5a-aada-7bfa-8f1b-96ac8f6ed5f7"
2209351,PI,Santana do Piauí,"01a02d5a-aada-7bfa-8f1c-b102a9fa44b8"
2209401,PI,Santo Antônio de Lisboa,"01a02d5a-aada-7bfa-8f1d-764dbce8ce69"
2209450,PI,Santo Antônio dos Milagres,"01a02d5a-aada-7bfa-8f1e-41208227a0b5"
2301406,CE,Aratuba,"01a02d5a-aadb-749f-afa8-2996f832955f"
2209500,PI,Santo Inácio do Piauí,"01a02d5a-aade-75d0-941e-f49f010ba2ca"
2209559,PI,São Braz do Piauí,"01a02d5a-aade-7efd-941f-1be06ecd3566"
2209609,PI,São Félix do Piauí,"01a02d5a-aadf-77c1-b74c-a3413a4a2baa"
2209658,PI,São Francisco de Assis do Piauí,"01a02d5a-aadf-77c1-b74d-aa59448aea5f"
2209708,PI,São Francisco do Piauí,"01a02d5a-aae0-7092-a922-a01978660ffb"
2209757,PI,São Gonçalo do Gurguéia,"01a02d5a-aae0-7092-a923-1af695f9e1a1"
2209807,PI,São Gonçalo do Piauí,"01a02d5a-aae0-7947-a924-09751aac4ce5"
2209856,PI,São João da Canabrava,"01a02d5a-aae0-7947-a925-fea3ecef39a6"
2209872,PI,São João da Fronteira,"01a02d5a-aae1-71e7-b2a9-2903248317aa"
2209906,PI,São João da Serra,"01a02d5a-aae1-71e7-b2aa-a163952e283c"
2209955,PI,São João da Varjota,"01a02d5a-aae1-71e7-b2ab-3586d2262e78"
2209971,PI,São João do Arraial,"01a02d5a-aae1-7a9c-b2ac-0ec1d6e3aade"
2210003,PI,São João do Piauí,"01a02d5a-aae1-7a9c-b2ad-3e3e78c7cadf"
2210052,PI,São José do Divino,"01a02d5a-aae2-7344-8406-9cf711d27e9d"
2210102,PI,São José do Peixe,"01a02d5a-aae2-7344-8407-5eb5cf3490f9"
2210201,PI,São José do Piauí,"01a02d5a-aae2-7be2-8408-2170535fa7ce"
2210300,PI,São Julião,"01a02d5a-aae2-7be2-8409-aec91af09bf5"
2210359,PI,São Lourenço do Piauí,"01a02d5a-aae3-740d-b3c2-1ab8d4730a76"
2210375,PI,São Luis do Piauí,"01a02d5a-aae3-740d-b3c3-6f328564bdaf"
2210383,PI,São Miguel da Baixa Grande,"01a02d5a-aae3-740d-b3c4-df27a535b397"
2210391,PI,São Miguel do Fidalgo,"01a02d5a-aae3-7cbf-b3c5-c7cbfb492d2b"
2210409,PI,São Miguel do Tapuio,"01a02d5a-aae3-7cbf-b3c6-540221c090cd"
2210508,PI,São Pedro do Piauí,"01a02d5a-aae4-7566-80a9-31d2992e2233"
2210607,PI,São Raimundo Nonato,"01a02d5a-aae4-7566-80aa-87348d48ab58"
2210623,PI,Sebastião Barros,"01a02d5a-aae4-7e25-80ab-0014a543ab4d"
2210631,PI,Sebastião Leal,"01a02d5a-aae4-7e25-80ac-89fcbb8edcac"
2210656,PI,Sigefredo Pacheco,"01a02d5a-aae5-76eb-a44c-f2f612be6e8d"
2210706,PI,Simões,"01a02d5a-aae5-76eb-a44d-0017edf6a0c3"
2210805,PI,Simplício Mendes,"01a02d5a-aae5-7fd4-a44e-394cf12d17c3"
2210904,PI,Socorro do Piauí,"01a02d5a-aae5-7fd4-a44f-e8f2f0217059"
2210938,PI,Sussuapara,"01a02d5a-aae6-7890-b810-a44380b9c62e"
2210953,PI,Tamboril do Piauí,"01a02d5a-aae6-7890-b811-8c1421abac21"
2210979,PI,Tanque do Piauí,"01a02d5a-aae7-7171-866b-7f1db7a124d5"
2211001,PI,Teresina,"01a02d5a-aae7-7171-866c-429b4c5c02f0"
2211100,PI,União,"01a02d5a-aae7-7a5a-866d-e30118905746"
2211209,PI,Uruçuí,"01a02d5a-aae7-7a5a-866e-d77899909206"
2211308,PI,Valença do Piauí,"01a02d5a-aae7-7a5a-866f-aa05970c8cde"
2211357,PI,Várzea Branca,"01a02d5a-aae8-731c-aabb-a835c8099869"
2211407,PI,Várzea Grande,"01a02d5a-aae8-731c-aabc-17a79abec093"
2211506,PI,Vera Mendes,"01a02d5a-aae8-7b90-aabd-39fd3e6bda8b"
2211605,PI,Vila Nova do Piauí,"01a02d5a-aae8-7b90-aabe-05b156ee6907"
2211704,PI,Wall Ferraz,"01a02d5a-aae9-73df-9d9e-7f7e7abf9d62"
2300101,CE,Abaiara,"01a02d5a-aae9-73df-9d9f-c0070107be55"
2300150,CE,Acarape,"01a02d5a-aae9-7dcd-9da0-119f7be145d3"
2300200,CE,Acaraú,"01a02d5a-aae9-7dcd-9da1-a66375ed7bf2"
2300309,CE,Acopiara,"01a02d5a-aae9-7dcd-9da2-fbec834a4d2f"
2300408,CE,Aiuaba,"01a02d5a-aaea-765a-a816-c0c84ae07d8b"
2300507,CE,Alcântaras,"01a02d5a-aaea-765a-a817-e7ed45f2ee82"
2300606,CE,Altaneira,"01a02d5a-aaea-7edf-a818-151dee991248"
2300705,CE,Alto Santo,"01a02d5a-aaea-7edf-a819-f2ab86d8e4b4"
2300754,CE,Amontada,"01a02d5a-aaea-7edf-a81a-61a9355b0f6d"
2300804,CE,Antonina do Norte,"01a02d5a-aaeb-7784-823d-178a04c49c48"
2300903,CE,Apuiarés,"01a02d5a-aaeb-7784-823e-e3955141e302"
2301000,CE,Aquiraz,"01a02d5a-aaeb-7784-823f-a19ab3e38a25"
2301109,CE,Aracati,"01a02d5a-aaec-7000-9624-ceb327c4d6b4"
2301208,CE,Aracoiaba,"01a02d5a-aaec-7000-9625-3da40fbcd4b6"
2301257,CE,Ararendá,"01a02d5a-aaec-7000-9626-1bbdea6366b5"
2301505,CE,Arneiroz,"01a02d5a-aaec-7a0f-9627-49cf8ec3d457"
2301604,CE,Assaré,"01a02d5a-aaec-7a0f-9628-a0d09dfff04e"
2301703,CE,Aurora,"01a02d5a-aaec-7a0f-9629-501205b96d8c"
2301802,CE,Baixio,"01a02d5a-aaec-7a0f-962a-958ce644c9b9"
2301851,CE,Banabuiú,"01a02d5a-aaed-7273-8f31-d13add0c65ab"
2301901,CE,Barbalha,"01a02d5a-aaed-7273-8f32-e03715f9eedd"
2301950,CE,Barreira,"01a02d5a-aaed-7273-8f33-636be56d8977"
2302008,CE,Barro,"01a02d5a-aaed-7b36-8f34-4d87724e63e8"
2302057,CE,Barroquinha,"01a02d5a-aaed-7b36-8f35-56d405248668"
2302107,CE,Baturité,"01a02d5a-aaed-7b36-8f36-4241a5a1b673"
2302206,CE,Beberibe,"01a02d5a-aaee-73bd-889d-bbf18b33f6dc"
2302305,CE,Bela Cruz,"01a02d5a-aaee-73bd-889e-4ba6eced4b5e"
2302404,CE,Boa Viagem,"01a02d5a-aaee-73bd-889f-09fe957959c5"
2302503,CE,Brejo Santo,"01a02d5a-aaee-7c86-88a0-7587d2aac4eb"
2302602,CE,Camocim,"01a02d5a-aaee-7c86-88a1-92c841709efd"
2302701,CE,Campos Sales,"01a02d5a-aaee-7c86-88a2-cb1ffe2eccef"
2302800,CE,Canindé,"01a02d5a-aaee-7c86-88a3-7302165f1f56"
2302909,CE,Capistrano,"01a02d5a-aaef-754d-a8e6-424198fe0340"
2303006,CE,Caridade,"01a02d5a-aaef-754d-a8e7-48a254f031c3"
2303105,CE,Cariré,"01a02d5a-aaef-754d-a8e8-616e73f38cbe"
2303204,CE,Caririaçu,"01a02d5a-aaef-754d-a8e9-95aaf84fb866"
2303303,CE,Cariús,"01a02d5a-aaef-7e2d-a8ea-f4ed7e8349d0"
2303402,CE,Carnaubal,"01a02d5a-aaef-7e2d-a8eb-c3c4cef792fc"
2303501,CE,Cascavel,"01a02d5a-aaef-7e2d-a8ec-282bcdbb15c6"
2303600,CE,Catarina,"01a02d5a-aaef-7e2d-a8ed-af2a613cc6d1"
2303659,CE,Catunda,"01a02d5a-aaf0-76d3-8852-b7b8257247f8"
2303709,CE,Caucaia,"01a02d5a-aaf0-76d3-8853-c29f84986e99"
2303808,CE,Cedro,"01a02d5a-aaf0-76d3-8854-fdbafb827060"
2303907,CE,Chaval,"01a02d5a-aaf0-76d3-8855-78cd561945fc"
2303931,CE,Choró,"01a02d5a-aaf0-7f6f-8856-5f3683a646fa"
2303956,CE,Chorozinho,"01a02d5a-aaf0-7f6f-8857-38ee9dde8cd2"
2304004,CE,Coreaú,"01a02d5a-aaf0-7f6f-8858-eb43312a9a98"
2304103,CE,Crateús,"01a02d5a-aaf0-7f6f-8859-28edd242eac3"
2304202,CE,Crato,"01a02d5a-af05-78d0-bb04-3fc93c89208b"
2304236,CE,Croatá,"01a02d5a-af09-7645-bc54-2cfe99c6bab4"
2304251,CE,Cruz,"01a02d5a-af09-7645-bc55-987972dd4868"
2304269,CE,Deputado Irapuan Pinheiro,"01a02d5a-af09-7ef9-bc56-9aebdcf380ca"
2304277,CE,Ereré,"01a02d5a-af09-7ef9-bc57-ede6e050d7a7"
2304285,CE,Eusébio,"01a02d5a-af09-7ef9-bc58-90721c7935f7"
2304301,CE,Farias Brito,"01a02d5a-af09-7ef9-bc59-6a7638bf590d"
2304350,CE,Forquilha,"01a02d5a-af0a-77c5-b171-f479c4adbab0"
2304400,CE,Fortaleza,"01a02d5a-af0a-77c5-b172-b4f4e360a602"
2304459,CE,Fortim,"01a02d5a-af0a-77c5-b173-31518e39f488"
2304509,CE,Frecheirinha,"01a02d5a-af0b-7078-93d8-26581849e3ee"
2304608,CE,General Sampaio,"01a02d5a-af0b-7078-93d9-183395a384ec"
2304806,CE,Granjeiro,"01a02d5a-af0c-7190-95cd-9d7ffe4f9ecc"
2304905,CE,Groaíras,"01a02d5a-af0c-7190-95ce-2c8a841ef78a"
2304954,CE,Guaiúba,"01a02d5a-af0c-7190-95cf-53c1cab54779"
2305001,CE,Guaraciaba do Norte,"01a02d5a-af0c-7a11-95d0-e55d064e7906"
2305100,CE,Guaramiranga,"01a02d5a-af0c-7a11-95d1-8ac931339d15"
2305209,CE,Hidrolândia,"01a02d5a-af0d-72e0-a82d-f8bf2d245e5a"
2305233,CE,Horizonte,"01a02d5a-af0d-72e0-a82e-13439b8e41b2"
2305266,CE,Ibaretama,"01a02d5a-af0d-72e0-a82f-a71532b35fb1"
2305308,CE,Ibiapina,"01a02d5a-af0d-7b8c-a830-86b802bc1e23"
2305332,CE,Ibicuitinga,"01a02d5a-af0d-7b8c-a831-e981640eeb26"
2305357,CE,Icapuí,"01a02d5a-af0e-7426-9cef-8557cb192f7d"
2305407,CE,Icó,"01a02d5a-af0e-7426-9cf0-178c4a91ff30"
2305506,CE,Iguatu,"01a02d5a-af0e-7cbd-9cf1-ff962dd1d972"
2305605,CE,Independência,"01a02d5a-af0e-7cbd-9cf2-e54516d1b570"
2305654,CE,Ipaporanga,"01a02d5a-af0e-7cbd-9cf3-5baef09104cb"
2305704,CE,Ipaumirim,"01a02d5a-af0f-7559-8312-7ba832c3cc2c"
2305803,CE,Ipu,"01a02d5a-af0f-7559-8313-ef1aaf880b64"
2305902,CE,Ipueiras,"01a02d5a-af0f-7559-8314-d79a214b9e8a"
2306009,CE,Iracema,"01a02d5a-af0f-7df4-8315-6c27350bd510"
2306108,CE,Irauçuba,"01a02d5a-af0f-7df4-8316-473dac762662"
2306207,CE,Itaiçaba,"01a02d5a-af0f-7df4-8317-8ad6f4c37dd9"
2306256,CE,Itaitinga,"01a02d5a-af10-76a0-82f7-7b00d5cc0770"
2306306,CE,Itapajé,"01a02d5a-af10-76a0-82f8-113275c47ce4"
2306405,CE,Itapipoca,"01a02d5a-af10-76a0-82f9-58f5fd60c75c"
2306504,CE,Itapiúna,"01a02d5a-af10-76a0-82fa-242d62856b92"
2306553,CE,Itarema,"01a02d5a-af11-76d6-81ab-7b8aaf44d162"
2306603,CE,Itatira,"01a02d5a-af11-76d6-81ac-35d940a0f2fd"
2306702,CE,Jaguaretama,"01a02d5a-af11-7f9d-81ad-9f5df9548345"
2306801,CE,Jaguaribara,"01a02d5a-af11-7f9d-81ae-639fd5db6620"
2306900,CE,Jaguaribe,"01a02d5a-af11-7f9d-81af-4d55d892aaff"
2307007,CE,Jaguaruana,"01a02d5a-af12-7856-871c-33bd348645e2"
2307106,CE,Jardim,"01a02d5a-af12-7856-871d-baee389c75da"
2307205,CE,Jati,"01a02d5a-af13-711b-a309-cfaeecac455c"
2307254,CE,Jijoca de Jericoacoara,"01a02d5a-af13-711b-a30a-bb33f00a25a8"
2307304,CE,Juazeiro do Norte,"01a02d5a-af13-711b-a30b-560ff1e86d1b"
2307403,CE,Jucás,"01a02d5a-af13-79b6-a30c-6a6a9174e7b4"
2307502,CE,Lavras da Mangabeira,"01a02d5a-af13-79b6-a30d-7c8a9c8a832f"
2307601,CE,Limoeiro do Norte,"01a02d5a-af13-79b6-a30e-e29b3e9e5ab0"
2307635,CE,Madalena,"01a02d5a-af14-725c-849c-67736d96114f"
2307650,CE,Maracanaú,"01a02d5a-af14-725c-849d-666e15e82e2d"
2307700,CE,Maranguape,"01a02d5a-af14-725c-849e-37ac0051f408"
2307809,CE,Marco,"01a02d5a-af14-7afd-849f-27d0ce2a889f"
2307908,CE,Martinópole,"01a02d5a-af14-7afd-84a0-404c6309871a"
2308005,CE,Massapê,"01a02d5a-af14-7afd-84a1-312e4ae65867"
2308104,CE,Mauriti,"01a02d5a-af15-739c-a646-63d803f2603a"
2308203,CE,Meruoca,"01a02d5a-af15-739c-a647-d3113cfbc9db"
2308302,CE,Milagres,"01a02d5a-af15-739c-a648-2c5da5e23d90"
2308351,CE,Milhã,"01a02d5a-af15-7c36-a649-421e1b68d3fe"
2308377,CE,Miraíma,"01a02d5a-af15-7c36-a64a-b8a03d0188ba"
2308401,CE,Missão Velha,"01a02d5a-af15-7c36-a64b-62967488392a"
2308500,CE,Mombaça,"01a02d5a-af16-74df-a00e-ce8dd671777f"
2308609,CE,Monsenhor Tabosa,"01a02d5a-af16-74df-a00f-4d867d7aad80"
2308708,CE,Morada Nova,"01a02d5a-af16-74df-a010-8e43527e544c"
2308807,CE,Moraújo,"01a02d5a-af16-74df-a011-cd63f1debd0a"
2308906,CE,Morrinhos,"01a02d5a-af16-7d81-a012-ec96da74589e"
2309003,CE,Mucambo,"01a02d5a-af16-7d81-a013-1256c2cc941d"
2309102,CE,Mulungu,"01a02d5a-af16-7d81-a014-53039a05f85e"
2309201,CE,Nova Olinda,"01a02d5a-af17-7628-9ca7-2d048e927053"
2309300,CE,Nova Russas,"01a02d5a-af17-7628-9ca8-65b9a2dddd8f"
2309409,CE,Novo Oriente,"01a02d5a-af17-7628-9ca9-6037163cb3ff"
2309458,CE,Ocara,"01a02d5a-af18-7027-b53e-51ffb1e66042"
2309508,CE,Orós,"01a02d5a-af18-7027-b53f-dc029c4c8058"
2309607,CE,Pacajus,"01a02d5a-af18-7845-b540-6002a10285a1"
2309706,CE,Pacatuba,"01a02d5a-af18-7845-b541-46ef627f6a4d"
2309805,CE,Pacoti,"01a02d5a-af19-7175-a06d-ca397b8b8b74"
2309904,CE,Pacujá,"01a02d5a-af19-7175-a06e-94cd8545a3ff"
2310001,CE,Palhano,"01a02d5a-af19-7175-a06f-9ee3e6fb2393"
2310100,CE,Palmácia,"01a02d5a-af19-7a54-a070-e4ca3b7516ec"
2310209,CE,Paracuru,"01a02d5a-af19-7a54-a071-fdc105a4e36b"
2310258,CE,Paraipaba,"01a02d5a-af19-7a54-a072-de577b55a9db"
2310308,CE,Parambu,"01a02d5a-af1a-7331-b3e4-ff7fcec16481"
2310407,CE,Paramoti,"01a02d5a-af1a-7331-b3e5-2ae16a49973f"
2310506,CE,Pedra Branca,"01a02d5a-af1a-7331-b3e6-f69a31c90539"
2310605,CE,Penaforte,"01a02d5a-af1a-7bf8-b3e7-6c897dcd4a5e"
2310704,CE,Pentecoste,"01a02d5a-af1a-7bf8-b3e8-acbb16c8dbc8"
2310803,CE,Pereiro,"01a02d5a-af1a-7bf8-b3e9-67f60d13cbcb"
2310852,CE,Pindoretama,"01a02d5a-af1a-7bf8-b3ea-89674a568541"
2310902,CE,Piquet Carneiro,"01a02d5a-af1b-744f-930a-09474fc33602"
2310951,CE,Pires Ferreira,"01a02d5a-af1b-744f-930b-88d6687122e5"
2311009,CE,Poranga,"01a02d5a-af1b-744f-930c-89d64f410d33"
2311108,CE,Porteiras,"01a02d5a-af1b-744f-930d-c4bd692ccb6f"
2311207,CE,Potengi,"01a02d5a-af1b-7d5c-930e-1e8503397b0d"
2311231,CE,Potiretama,"01a02d5a-af1b-7d5c-930f-fd07a47e8d7a"
2311264,CE,Quiterianópolis,"01a02d5a-af1b-7d5c-9310-5418d3a60fe3"
2311306,CE,Quixadá,"01a02d5a-af1b-7d5c-9311-8ad8a67a4376"
2311355,CE,Quixelô,"01a02d5a-af1c-7624-a9a9-edaaf158fa38"
2311405,CE,Quixeramobim,"01a02d5a-b38d-70d0-ab03-077ca4386071"
2311504,CE,Quixeré,"01a02d5a-b390-7e29-a8aa-1747513de034"
2311603,CE,Redenção,"01a02d5a-b391-7701-bc02-3bbc55c62308"
2311702,CE,Reriutaba,"01a02d5a-b391-7701-bc03-f7beba461f48"
2311801,CE,Russas,"01a02d5a-b391-7701-bc04-ae32cc065f0c"
2311900,CE,Saboeiro,"01a02d5a-b391-7701-bc05-c8a9f21227e1"
2311959,CE,Salitre,"01a02d5a-b391-7fc5-bc06-faadf71dc02f"
2312205,CE,Santa Quitéria,"01a02d5a-b391-7fc5-bc07-4053edb5faeb"
2312007,CE,Santana do Acaraú,"01a02d5a-b391-7fc5-bc08-a77932ca1916"
2312106,CE,Santana do Cariri,"01a02d5a-b392-789e-b7e4-7d07e1cec7dd"
2312304,CE,São Benedito,"01a02d5a-b392-789e-b7e5-f48c0b5a4407"
2312403,CE,São Gonçalo do Amarante,"01a02d5a-b393-7161-84f8-8702b1159954"
2312502,CE,São João do Jaguaribe,"01a02d5a-b393-7161-84f9-a6bfc00ffedf"
2312601,CE,São Luís do Curu,"01a02d5a-b393-7a2a-84fa-3bd48a6ec093"
2312700,CE,Senador Pompeu,"01a02d5a-b393-7a2a-84fb-024d1cd68989"
2312809,CE,Senador Sá,"01a02d5a-b393-7a2a-84fc-54809bd99468"
2312908,CE,Sobral,"01a02d5a-b393-7a2a-84fd-2d14b753c1de"
2313005,CE,Solonópole,"01a02d5a-b394-745d-8814-b1f2b64b4feb"
2313104,CE,Tabuleiro do Norte,"01a02d5a-b394-745d-8815-8d84ea10cadf"
2313203,CE,Tamboril,"01a02d5a-b394-745d-8816-4ce2eb0f94b6"
2313252,CE,Tarrafas,"01a02d5a-b394-7d3b-8817-aeeaa5d352c9"
2313302,CE,Tauá,"01a02d5a-b394-7d3b-8818-3080dce1e598"
2313351,CE,Tejuçuoca,"01a02d5a-b394-7d3b-8819-d9c765bf2372"
2313401,CE,Tianguá,"01a02d5a-b394-7d3b-881a-b436109e548a"
2313500,CE,Trairi,"01a02d5a-b395-7600-971a-abd14ee8955e"
2313559,CE,Tururu,"01a02d5a-b395-7600-971b-f8acac462381"
2313609,CE,Ubajara,"01a02d5a-b395-7600-971c-cefa68a8232e"
2313708,CE,Umari,"01a02d5a-b395-7ebc-971d-97b5744bb631"
2313757,CE,Umirim,"01a02d5a-b395-7ebc-971e-910d5d1dd066"
2313807,CE,Uruburetama,"01a02d5a-b395-7ebc-971f-cffc296d1522"
2313906,CE,Uruoca,"01a02d5a-b396-7779-8c6c-a4213990054c"
2313955,CE,Varjota,"01a02d5a-b396-7779-8c6d-3703e11545eb"
2314003,CE,Várzea Alegre,"01a02d5a-b396-7779-8c6e-e3889fdb744b"
2314102,CE,Viçosa do Ceará,"01a02d5a-b397-707a-ba4f-bfdbe747c0df"
2400109,RN,Acari,"01a02d5a-b397-707a-ba50-0ad041d2c669"
2400208,RN,Açu,"01a02d5a-b39a-7e0b-a27e-7861fa2f56ee"
2400307,RN,Afonso Bezerra,"01a02d5a-b39b-76fb-b871-cf6779412727"
2400406,RN,Água Nova,"01a02d5a-b39b-76fb-b872-2ee585cf22c5"
2400505,RN,Alexandria,"01a02d5a-b39b-76fb-b873-5f061563fb29"
2400604,RN,Almino Afonso,"01a02d5a-b39b-7fa6-b874-b28eb5f51be7"
2400703,RN,Alto do Rodrigues,"01a02d5a-b39b-7fa6-b875-dca6f2614c36"
2400802,RN,Angicos,"01a02d5a-b39c-7813-aeed-68ce0db67c2e"
2400901,RN,Antônio Martins,"01a02d5a-b39c-7813-aeee-86deef41f4c9"
2401008,RN,Apodi,"01a02d5a-b39c-7813-aeef-e5afe640ce8d"
2401107,RN,Areia Branca,"01a02d5a-b39c-7813-aef0-fb9f71cd0855"
2401206,RN,Arês,"01a02d5a-b39d-70c5-a74c-491614a7a675"
2401404,RN,Baía Formosa,"01a02d5a-b39d-70c5-a74d-b28aa49b8356"
2401453,RN,Baraúna,"01a02d5a-b39d-70c5-a74e-690f4c2f73f6"
2401503,RN,Barcelona,"01a02d5a-b39d-7966-a74f-1f4a49104d5e"
2401602,RN,Bento Fernandes,"01a02d5a-b39d-7966-a750-7b824dccac90"
2401651,RN,Bodó,"01a02d5a-b39e-7204-9eff-4e0f9abcc8a8"
2401701,RN,Bom Jesus,"01a02d5a-b39e-7204-9f00-0cdb44158d61"
2401800,RN,Brejinho,"01a02d5a-b39e-7204-9f01-c614148789cf"
2401859,RN,Caiçara do Norte,"01a02d5a-b39e-7aae-9f02-080d300704f1"
2401909,RN,Caiçara do Rio do Vento,"01a02d5a-b39e-7aae-9f03-0bea6095b0b1"
2402006,RN,Caicó,"01a02d5a-b39f-738a-b752-d49cd2f3d557"
2401305,RN,Campo Grande,"01a02d5a-b39f-738a-b753-e55df341bd55"
2402105,RN,Campo Redondo,"01a02d5a-b39f-738a-b754-b8af2f81719c"
2402204,RN,Canguaretama,"01a02d5a-b39f-7c42-b755-1343cfa7cd8d"
2402303,RN,Caraúbas,"01a02d5a-b39f-7c42-b756-a32a533e1a7d"
2402402,RN,Carnaúba dos Dantas,"01a02d5a-b3a0-7541-a063-58db26db7467"
2402501,RN,Carnaubais,"01a02d5a-b3a0-7541-a064-de48761cb09e"
2402600,RN,Ceará-Mirim,"01a02d5a-b3a0-7de4-a065-85feb7396f62"
2402709,RN,Cerro Corá,"01a02d5a-b3a0-7de4-a066-cee8efe30f2b"
2402808,RN,Coronel Ezequiel,"01a02d5a-b3a0-7de4-a067-68591e9e9975"
2402907,RN,Coronel João Pessoa,"01a02d5a-b3a1-76c2-ba34-d44ecde3ce65"
2403004,RN,Cruzeta,"01a02d5a-b3a1-76c2-ba35-feac41578cef"
2403103,RN,Currais Novos,"01a02d5a-b3a1-7f88-ba36-8d185880b32e"
2403202,RN,Doutor Severiano,"01a02d5a-b3a1-7f88-ba37-9299ac823843"
2403301,RN,Encanto,"01a02d5a-b3a1-7f88-ba38-851a6ceb9c63"
2403400,RN,Equador,"01a02d5a-b3a2-7864-963b-1d2542163459"
2403509,RN,Espírito Santo,"01a02d5a-b3a2-7864-963c-4d16da2dfc63"
2403608,RN,Extremoz,"01a02d5a-b3a2-7864-963d-9928f5c88cf4"
2403707,RN,Felipe Guerra,"01a02d5a-b3a3-70b1-b123-b96f8b093f95"
2403756,RN,Fernando Pedroza,"01a02d5a-b3a3-70b1-b124-73057619eb4a"
2403806,RN,Florânia,"01a02d5a-b3a3-7a25-b125-150dc2c1d10a"
2403905,RN,Francisco Dantas,"01a02d5a-b3a3-7a25-b126-104c18b0202a"
2404002,RN,Frutuoso Gomes,"01a02d5a-b3a3-7a25-b127-a8356a0cf47b"
2404101,RN,Galinhos,"01a02d5a-b3a4-7319-acb1-969f29a72a73"
2404200,RN,Goianinha,"01a02d5a-b3a4-7319-acb2-1a990d113123"
2404309,RN,Governador Dix-Sept Rosado,"01a02d5a-b3a4-7bde-acb3-9f1e3c3e4a84"
2404408,RN,Grossos,"01a02d5a-b3a4-7bde-acb4-9780dc0a97f1"
2404507,RN,Guamaré,"01a02d5a-b3a5-74b7-b653-3ece573f844a"
2404606,RN,Ielmo Marinho,"01a02d5a-b3a5-74b7-b654-aa23475fa4fe"
2404705,RN,Ipanguaçu,"01a02d5a-b3a5-74b7-b655-bc359dc0b5a8"
2404804,RN,Ipueira,"01a02d5a-b3a5-7dbd-b656-913ca9d01ad0"
2404853,RN,Itajá,"01a02d5a-b3a5-7dbd-b657-98a510adf936"
2404903,RN,Itaú,"01a02d5a-b3a6-76bd-b69b-4e9aaafba71e"
2405009,RN,Jaçanã,"01a02d5a-b3a6-76bd-b69c-9c027f7eca6a"
2405108,RN,Jandaíra,"01a02d5a-b3a6-76bd-b69d-d453a87bbe1d"
2405207,RN,Janduís,"01a02d5a-b3a6-7f67-b69e-913c66e9c612"
2405306,RN,Januário Cicco,"01a02d5a-b3a6-7f67-b69f-5cbbdd6c7d81"
2405405,RN,Japi,"01a02d5a-b3a7-7858-aacb-7568a1066674"
2405504,RN,Jardim de Angicos,"01a02d5a-b3a7-7858-aacc-fff1b69a76ed"
2405603,RN,Jardim de Piranhas,"01a02d5a-b3a7-7858-aacd-db23b8161417"
2405702,RN,Jardim do Seridó,"01a02d5a-b3a8-735a-a12a-f167534b1b29"
2405801,RN,João Câmara,"01a02d5a-b3a8-735a-a12b-b64d9a7662fe"
2405900,RN,João Dias,"01a02d5a-b3a8-7c02-a12c-999d1fafa416"
2406007,RN,José da Penha,"01a02d5a-b3a8-7c02-a12d-473dbc90045c"
2406106,RN,Jucurutu,"01a02d5a-b3a8-7c02-a12e-a833857ad19a"
2406155,RN,Jundiá,"01a02d5a-b80d-7699-ab66-7c379bb3d768"
2406205,RN,Lagoa d'Anta,"01a02d5a-b810-7d36-9a11-0c4f4b7e72d8"
2406304,RN,Lagoa de Pedras,"01a02d5a-b811-75c2-a00c-a8564a902824"
2406403,RN,Lagoa de Velhos,"01a02d5a-b811-75c2-a00d-de9e294eacce"
2406502,RN,Lagoa Nova,"01a02d5a-b811-75c2-a00e-fbc292463715"
2406601,RN,Lagoa Salgada,"01a02d5a-b811-7e79-a00f-f346bac60b98"
2406700,RN,Lajes,"01a02d5a-b811-7e79-a010-a516094f1066"
2406809,RN,Lajes Pintadas,"01a02d5a-b811-7e79-a011-5f1def79c7c4"
2406908,RN,Lucrécia,"01a02d5a-b811-7e79-a012-39cc47b7f66f"
2407005,RN,Luís Gomes,"01a02d5a-b812-772f-aed4-229d9cf32d51"
2407104,RN,Macaíba,"01a02d5a-b812-772f-aed5-d40ba2622d15"
2407203,RN,Macau,"01a02d5a-b812-772f-aed6-678c1a3e1506"
2407252,RN,Major Sales,"01a02d5a-b812-7fac-aed7-c51610911e41"
2407302,RN,Marcelino Vieira,"01a02d5a-b812-7fac-aed8-556bcaffe623"
2407401,RN,Martins,"01a02d5a-b812-7fac-aed9-2678588261b0"
2407500,RN,Maxaranguape,"01a02d5a-b813-782d-a8a3-b18ede4c93f5"
2407609,RN,Messias Targino,"01a02d5a-b813-782d-a8a4-fcdc9283294e"
2407708,RN,Montanhas,"01a02d5a-b813-782d-a8a5-f6631f152cd8"
2407807,RN,Monte Alegre,"01a02d5a-b814-7106-99e5-2196860900da"
2407906,RN,Monte das Gameleiras,"01a02d5a-b814-7106-99e6-c889264236f1"
2408003,RN,Mossoró,"01a02d5a-b814-79b0-99e7-1e583a97962d"
2408102,RN,Natal,"01a02d5a-b814-79b0-99e8-b202a586de5a"
2408201,RN,Nísia Floresta,"01a02d5a-b814-79b0-99e9-7417fdc3bb02"
2408300,RN,Nova Cruz,"01a02d5a-b815-7291-982b-b0e86dab9b0d"
2408409,RN,Olho d'Água do Borges,"01a02d5a-b815-7291-982c-6565fd6e007a"
2408508,RN,Ouro Branco,"01a02d5a-b815-7b55-982d-2b8c6f4475d4"
2408607,RN,Paraná,"01a02d5a-b815-7b55-982e-74c1a4ac93f5"
2408706,RN,Paraú,"01a02d5a-b816-742a-ab7e-51edc50d0439"
2408805,RN,Parazinho,"01a02d5a-b816-742a-ab7f-45f887376097"
2408904,RN,Parelhas,"01a02d5a-b816-7cb9-ab80-b7877b49f3ef"
2403251,RN,Parnamirim,"01a02d5a-b816-7cb9-ab81-6ea9e7e7345b"
2409100,RN,Passa e Fica,"01a02d5a-b816-7cb9-ab82-88c960cb6c37"
2409209,RN,Passagem,"01a02d5a-b817-74fc-9f04-4735aa5e83cf"
2409308,RN,Patu,"01a02d5a-b817-74fc-9f05-3f19527815a2"
2409407,RN,Pau dos Ferros,"01a02d5a-b817-7f08-9f06-8fb3c1388fa4"
2409506,RN,Pedra Grande,"01a02d5a-b817-7f08-9f07-a044e357746c"
2409605,RN,Pedra Preta,"01a02d5a-b818-77e2-881e-a247829186c3"
2409704,RN,Pedro Avelino,"01a02d5a-b818-77e2-881f-c280f432b429"
2409803,RN,Pedro Velho,"01a02d5a-b819-709a-9d8d-c6b1cced04b3"
2409902,RN,Pendências,"01a02d5a-b819-709a-9d8e-14d294fdc1a8"
2410009,RN,Pilões,"01a02d5a-b819-709a-9d8f-839b1d358d4d"
2410108,RN,Poço Branco,"01a02d5a-b819-7956-9d90-c5dfb5176592"
2410207,RN,Portalegre,"01a02d5a-b819-7956-9d91-98b87ba946ab"
2410256,RN,Porto do Mangue,"01a02d5a-b81a-71f0-8a71-585e242a321c"
2410405,RN,Pureza,"01a02d5a-b81a-71f0-8a72-95dbf56db50a"
2410504,RN,Rafael Fernandes,"01a02d5a-b81a-7ab6-8a73-fe6c2dec3c0e"
2410603,RN,Rafael Godeiro,"01a02d5a-b81a-7ab6-8a74-af70441c839c"
2410702,RN,Riacho da Cruz,"01a02d5a-b81a-7ab6-8a75-d1068b0eb79c"
2410801,RN,Riacho de Santana,"01a02d5a-b81b-735e-87b8-513ee1b4e3c5"
2410900,RN,Riachuelo,"01a02d5a-b81b-735e-87b9-d959f7b7c9dd"
2408953,RN,Rio do Fogo,"01a02d5a-b81b-7bf5-87ba-4afe0fe2ee76"
2411007,RN,Rodolfo Fernandes,"01a02d5a-b81b-7bf5-87bb-e144f38b0e27"
2411106,RN,Ruy Barbosa,"01a02d5a-b81b-7bf5-87bc-8e0db74f7667"
2411205,RN,Santa Cruz,"01a02d5a-b81b-7bf5-87bd-aeae6e568b20"
2409332,RN,Santa Maria,"01a02d5a-b81c-7c1c-8279-36e13997ed08"
2411403,RN,Santana do Matos,"01a02d5a-b81c-7c1c-827a-57cf2bffd8d0"
2411429,RN,Santana do Seridó,"01a02d5a-b81c-7c1c-827b-a06da5699fac"
2411502,RN,Santo Antônio,"01a02d5a-b81c-7c1c-827c-f54798b51d9b"
2411601,RN,São Bento do Norte,"01a02d5a-b81d-7c1a-a3e8-e2a450351232"
2411700,RN,São Bento do Trairí,"01a02d5a-b81d-7c1a-a3e9-63936011295c"
2411809,RN,São Fernando,"01a02d5a-b81d-7c1a-a3ea-34489f3e9983"
2411908,RN,São Francisco do Oeste,"01a02d5a-b81d-7c1a-a3eb-f69961677a3a"
2412005,RN,São Gonçalo do Amarante,"01a02d5a-b81e-7c17-84b1-d24d97b76fbf"
2412104,RN,São João do Sabugi,"01a02d5a-b81e-7c17-84b2-673fbc7f9934"
2412203,RN,São José de Mipibu,"01a02d5a-b81e-7c17-84b3-270cd4ca47db"
2506608,PB,Ibiara,"01a02d5a-b81e-7c17-84b4-a46d1316e8ba"
2412302,RN,São José do Campestre,"01a02d5a-b822-78d1-a917-478463a29f56"
2412401,RN,São José do Seridó,"01a02d5a-b822-78d1-a918-ec58021c59ee"
2412500,RN,São Miguel,"01a02d5a-b822-78d1-a919-6fadff56eb38"
2412559,RN,São Miguel do Gostoso,"01a02d5a-b823-7210-909a-d55a7dd9500e"
2412609,RN,São Paulo do Potengi,"01a02d5a-b823-7210-909b-b1ac7eba4d87"
2412708,RN,São Pedro,"01a02d5a-b823-7210-909c-9673c62c8d2f"
2412807,RN,São Rafael,"01a02d5a-b823-7ad9-909d-18572058ee89"
2412906,RN,São Tomé,"01a02d5a-b823-7ad9-909e-8f17e28110f8"
2413003,RN,São Vicente,"01a02d5a-b823-7ad9-909f-9ee170acf6f7"
2413102,RN,Senador Elói de Souza,"01a02d5a-b823-7ad9-90a0-83d1cd06664b"
2413201,RN,Senador Georgino Avelino,"01a02d5a-b824-73d2-accb-f4245d022665"
2410306,RN,Serra Caiada,"01a02d5a-b824-73d2-accc-085bd31f8f8f"
2413300,RN,Serra de São Bento,"01a02d5a-b824-73d2-accd-0c6d2182d809"
2413359,RN,Serra do Mel,"01a02d5a-b824-73d2-acce-596e4a73eb95"
2413409,RN,Serra Negra do Norte,"01a02d5a-b824-7c87-accf-c17a1ee31bdd"
2413508,RN,Serrinha,"01a02d5a-b824-7c87-acd0-51cc4136126c"
2413557,RN,Serrinha dos Pintos,"01a02d5a-b825-757a-85c2-e412c8736a15"
2413607,RN,Severiano Melo,"01a02d5a-b825-757a-85c3-865669622700"
2413706,RN,Sítio Novo,"01a02d5a-b825-757a-85c4-85288a877187"
2413805,RN,Taboleiro Grande,"01a02d5a-b825-757a-85c5-ead6988d7d91"
2413904,RN,Taipu,"01a02d5a-b825-7e34-85c6-df49edb956dc"
2414001,RN,Tangará,"01a02d5a-b825-7e34-85c7-7086a396fa2b"
2414100,RN,Tenente Ananias,"01a02d5a-b825-7e34-85c8-bcaf5ed12736"
2414159,RN,Tenente Laurentino Cruz,"01a02d5a-b826-76eb-8fef-3c8b5e10a610"
2411056,RN,Tibau,"01a02d5a-b826-76eb-8ff0-59f5ed4b4b8c"
2414209,RN,Tibau do Sul,"01a02d5a-b826-76eb-8ff1-2a898eb9e670"
2414308,RN,Timbaúba dos Batistas,"01a02d5a-b827-7000-abd0-5f338d99fb02"
2414407,RN,Touros,"01a02d5a-b827-7000-abd1-72f90ca831b6"
2414456,RN,Triunfo Potiguar,"01a02d5a-b827-7000-abd2-9dc5cfda9b17"
2414506,RN,Umarizal,"01a02d5a-b827-78a6-abd3-d94a23b386e1"
2414605,RN,Upanema,"01a02d5a-b827-78a6-abd4-2fb3f3f9d5a2"
2414704,RN,Várzea,"01a02d5a-b827-78a6-abd5-79e93c0fc74d"
2414753,RN,Venha-Ver,"01a02d5a-b828-7165-8b94-452a520356db"
2414803,RN,Vera Cruz,"01a02d5a-b828-7165-8b95-a640d63c0a3f"
2414902,RN,Viçosa,"01a02d5a-bc84-70de-bdb8-97ccb4fe5256"
2415008,RN,Vila Flor,"01a02d5a-bc88-77fb-95e7-1df214115521"
2500106,PB,Água Branca,"01a02d5a-bc89-72c2-8185-c5d700580453"
2500205,PB,Aguiar,"01a02d5a-bc8c-7f68-b3e2-1e26e2fd482c"
2500304,PB,Alagoa Grande,"01a02d5a-bc8d-7891-ba72-2a24e0044833"
2500403,PB,Alagoa Nova,"01a02d5a-bc8d-7891-ba73-de91fcd5ae1f"
2500502,PB,Alagoinha,"01a02d5a-bc8e-711e-89ff-4ead6c36c9a4"
2500536,PB,Alcantil,"01a02d5a-bc8e-711e-8a00-59dfa6e56bb1"
2500577,PB,Algodão de Jandaíra,"01a02d5a-bc8e-711e-8a01-7caf1bf2a30e"
2500601,PB,Alhandra,"01a02d5a-bc8e-711e-8a02-6688f31a9297"
2500734,PB,Amparo,"01a02d5a-bc8e-79fb-8a03-2596cd07a553"
2500775,PB,Aparecida,"01a02d5a-bc8e-79fb-8a04-8b8af815c59a"
2500809,PB,Araçagi,"01a02d5a-bc8e-79fb-8a05-899f15abd15e"
2500908,PB,Arara,"01a02d5a-bc8f-7275-9908-94b9bfd878ae"
2501005,PB,Araruna,"01a02d5a-bc8f-7275-9909-bcf62abd8d99"
2501104,PB,Areia,"01a02d5a-bc8f-7275-990a-7f074d1162a1"
2501153,PB,Areia de Baraúnas,"01a02d5a-bc8f-7275-990b-35ba53c940e4"
2501203,PB,Areial,"01a02d5a-bc8f-7b41-990c-e8ee5d9be204"
2501302,PB,Aroeiras,"01a02d5a-bc8f-7b41-990d-ead373c04205"
2501351,PB,Assunção,"01a02d5a-bc90-73be-9a6f-7e8397390416"
2501401,PB,Baía da Traição,"01a02d5a-bc90-73be-9a70-fc20f844a250"
2501500,PB,Bananeiras,"01a02d5a-bc90-73be-9a71-20342bc036df"
2501534,PB,Baraúna,"01a02d5a-bc90-7d18-9a72-8c6b3094d234"
2501609,PB,Barra de Santa Rosa,"01a02d5a-bc91-75a0-bbfa-40202c7e4c34"
2501575,PB,Barra de Santana,"01a02d5a-bc91-75a0-bbfb-bf41441586f1"
2501708,PB,Barra de São Miguel,"01a02d5a-bc91-75a0-bbfc-38d3ba5e188c"
2501807,PB,Bayeux,"01a02d5a-bc91-7e79-bbfd-17c5ed8ea359"
2501906,PB,Belém,"01a02d5a-bc91-7e79-bbfe-e78376daedfc"
2502003,PB,Belém do Brejo do Cruz,"01a02d5a-bc92-76fc-9027-336aa184f6aa"
2502052,PB,Bernardino Batista,"01a02d5a-bc92-76fc-9028-33a3591e8d4f"
2502102,PB,Boa Ventura,"01a02d5a-bc92-76fc-9029-a4ed69d7c4bb"
2502151,PB,Boa Vista,"01a02d5a-bc93-7068-9db4-ef3722830b32"
2502201,PB,Bom Jesus,"01a02d5a-bc93-7068-9db5-fd23a533b034"
2502300,PB,Bom Sucesso,"01a02d5a-bc93-7068-9db6-57bf06bab99e"
2502409,PB,Bonito de Santa Fé,"01a02d5a-bc93-7068-9db7-63d9417b4a75"
2502508,PB,Boqueirão,"01a02d5a-bc93-78f1-9db8-13a05330c838"
2502706,PB,Borborema,"01a02d5a-bc93-78f1-9db9-67e8a945f1a3"
2502805,PB,Brejo do Cruz,"01a02d5a-bc93-78f1-9dba-57a0adff68b3"
2502904,PB,Brejo dos Santos,"01a02d5a-bc93-78f1-9dbb-db4c5d25e039"
2503001,PB,Caaporã,"01a02d5a-bc94-71fd-93f4-1fae2c45f0c3"
2503100,PB,Cabaceiras,"01a02d5a-bc94-71fd-93f5-45e5129c8e4c"
2503209,PB,Cabedelo,"01a02d5a-bc94-71fd-93f6-38d3c0db1969"
2503308,PB,Cachoeira dos Índios,"01a02d5a-bc94-71fd-93f7-09357fa5fe5f"
2503407,PB,Cacimba de Areia,"01a02d5a-bc94-7a9a-93f8-e9ae58689408"
2503506,PB,Cacimba de Dentro,"01a02d5a-bc94-7a9a-93f9-180e716efc47"
2503555,PB,Cacimbas,"01a02d5a-bc95-7416-8106-3b755d984f2b"
2503605,PB,Caiçara,"01a02d5a-bc95-7c99-8107-54fbda79c59d"
2503704,PB,Cajazeiras,"01a02d5a-bc95-7c99-8108-926904a4c534"
2503753,PB,Cajazeirinhas,"01a02d5a-bc96-7568-a11b-4777f0b55e8e"
2503803,PB,Caldas Brandão,"01a02d5a-bc96-7568-a11c-59fe1ef12159"
2503902,PB,Camalaú,"01a02d5a-bc96-7e24-a11d-fd6c71ffc389"
2504009,PB,Campina Grande,"01a02d5a-bc96-7e24-a11e-f35150b8e160"
2504033,PB,Capim,"01a02d5a-bc97-7735-8971-b1fad310920c"
2504074,PB,Caraúbas,"01a02d5a-bc97-7735-8972-947ecd86942f"
2504108,PB,Carrapateira,"01a02d5a-bc97-7fe9-8973-7deba32fee7d"
2504157,PB,Casserengue,"01a02d5a-bc97-7fe9-8974-8118b2968115"
2504207,PB,Catingueira,"01a02d5a-bc97-7fe9-8975-36e673f6325b"
2504306,PB,Catolé do Rocha,"01a02d5a-bc97-7fe9-8976-890a3a14611e"
2504355,PB,Caturité,"01a02d5a-bc99-700f-9382-1e1450912822"
2504405,PB,Conceição,"01a02d5a-bc99-700f-9383-aca5a68d9be6"
2504504,PB,Condado,"01a02d5a-bc99-700f-9384-f0bf905541d0"
2504603,PB,Conde,"01a02d5a-bc99-700f-9385-fe3f1db3a289"
2504702,PB,Congo,"01a02d5a-bc99-700f-9386-2e449039ff91"
2504801,PB,Coremas,"01a02d5a-bc9a-702b-b6c2-2e030dc56939"
2504850,PB,Coxixola,"01a02d5a-bc9a-702b-b6c3-9e52bdbdc612"
2504900,PB,Cruz do Espírito Santo,"01a02d5a-bc9a-702b-b6c4-e08d80c8f4da"
2505006,PB,Cubati,"01a02d5a-bc9a-702b-b6c5-382690eb09c4"
2505105,PB,Cuité,"01a02d5a-bc9b-701b-84fb-7e09381692c3"
2505238,PB,Cuité de Mamanguape,"01a02d5a-bc9b-701b-84fc-207196cbce06"
2505204,PB,Cuitegi,"01a02d5a-bc9b-701b-84fd-11c788dbc387"
2505279,PB,Curral de Cima,"01a02d5a-bc9b-701b-84fe-1b3f8b90cf47"
2505303,PB,Curral Velho,"01a02d5a-bc9b-701b-84ff-523f274f48f6"
2505352,PB,Damião,"01a02d5a-bc9c-702d-b2e0-9d91c5146ae4"
2505402,PB,Desterro,"01a02d5a-bc9c-702d-b2e1-a53358f26f85"
2505600,PB,Diamante,"01a02d5a-bc9c-702d-b2e2-ab493c597d51"
2505709,PB,Dona Inês,"01a02d5a-bc9c-702d-b2e3-566f9ffaa346"
2505808,PB,Duas Estradas,"01a02d5a-bc9d-7036-bb27-ba4a5fe1f8e1"
2505907,PB,Emas,"01a02d5a-bc9d-7036-bb28-3831e33e7b1a"
2506004,PB,Esperança,"01a02d5a-bc9d-7036-bb29-4a3d784c1501"
2506103,PB,Fagundes,"01a02d5a-bc9d-7036-bb2a-2cd538024b65"
2506202,PB,Frei Martinho,"01a02d5a-bc9d-7036-bb2b-13eb3b40ef5a"
2506251,PB,Gado Bravo,"01a02d5a-bc9d-7036-bb2c-9af98c4bc32b"
2506301,PB,Guarabira,"01a02d5a-bc9e-7035-853e-15dfbee671db"
2506400,PB,Gurinhém,"01a02d5a-bc9e-7035-853f-1e257c33788c"
2506509,PB,Gurjão,"01a02d5a-bc9e-7035-8540-ac21576206c0"
2502607,PB,Igaracy,"01a02d5a-bc9e-7035-8541-eb8add1da5b9"
2506707,PB,Imaculada,"01a02d5a-bc9e-7035-8542-7421b83afb4a"
2506806,PB,Ingá,"01a02d5a-bc9e-7035-8543-db5015139c0a"
2506905,PB,Itabaiana,"01a02d5a-bc9e-7035-8544-9a6d78c075b0"
2507002,PB,Itaporanga,"01a02d5a-bc9e-7035-8545-69bf78283288"
2507101,PB,Itapororoca,"01a02d5a-bc9f-7035-89f5-645233806533"
2507200,PB,Itatuba,"01a02d5a-bc9f-7035-89f6-3815ec3876d1"
2507309,PB,Jacaraú,"01a02d5a-bc9f-7035-89f7-7bd652cae71f"
2507408,PB,Jericó,"01a02d5a-bc9f-7035-89f8-a574dc70d7e1"
2507507,PB,João Pessoa,"01a02d5a-bc9f-7879-89f9-cdd534a4fa1e"
2513653,PB,Joca Claudino,"01a02d5a-bc9f-7879-89fa-2d59cb54736d"
2507606,PB,Juarez Távora,"01a02d5a-bc9f-7879-89fb-d52488c5cb1f"
2507705,PB,Juazeirinho,"01a02d5a-bc9f-7879-89fc-09053717da65"
2507804,PB,Junco do Seridó,"01a02d5a-bc9f-7879-89fd-5d165dc7174c"
2507903,PB,Juripiranga,"01a02d5a-bc9f-7879-89fe-5fa4c6f8959a"
2508000,PB,Juru,"01a02d5a-c104-7c0f-8993-10c1bbb2d159"
2508109,PB,Lagoa,"01a02d5a-c107-7b24-ac7f-1339ce718e7e"
2508208,PB,Lagoa de Dentro,"01a02d5a-c108-73b2-ab92-b90893433607"
2508307,PB,Lagoa Seca,"01a02d5a-c108-73b2-ab93-86bb8123e658"
2508406,PB,Lastro,"01a02d5a-c108-73b2-ab94-e4b6e45e6258"
2508505,PB,Livramento,"01a02d5a-c108-73b2-ab95-923b96cdf9c5"
2508554,PB,Logradouro,"01a02d5a-c108-73b2-ab96-00d015a3e58c"
2508604,PB,Lucena,"01a02d5a-c108-7c62-ab97-5201573d0e2c"
2508703,PB,Mãe d'Água,"01a02d5a-c108-7c62-ab98-db4e2de8ec21"
2508802,PB,Malta,"01a02d5a-c108-7c62-ab99-d176efd058db"
2508901,PB,Mamanguape,"01a02d5a-c108-7c62-ab9a-9695c03fd5df"
2509008,PB,Manaíra,"01a02d5a-c109-74ac-b658-66e635bc6314"
2509057,PB,Marcação,"01a02d5a-c109-74ac-b659-ff97187cfc15"
2509107,PB,Mari,"01a02d5a-c109-74ac-b65a-fb39085b782c"
2509156,PB,Marizópolis,"01a02d5a-c109-74ac-b65b-13278ec87a36"
2509206,PB,Massaranduba,"01a02d5a-c109-7d5c-b65c-88e36d63d8b1"
2509305,PB,Mataraca,"01a02d5a-c109-7d5c-b65d-9527e6b8ab10"
2509339,PB,Matinhas,"01a02d5a-c109-7d5c-b65e-1c0527e2913e"
2509370,PB,Mato Grosso,"01a02d5a-c10a-7631-9286-c63e797f70b5"
2509396,PB,Maturéia,"01a02d5a-c10a-7631-9287-156882487f5e"
2509404,PB,Mogeiro,"01a02d5a-c10a-7631-9288-bab21069146f"
2509503,PB,Montadas,"01a02d5a-c10a-7631-9289-639f371f200e"
2509602,PB,Monte Horebe,"01a02d5a-c10a-7ef8-928a-6adf2218fb2d"
2509701,PB,Monteiro,"01a02d5a-c10a-7ef8-928b-9df44024882e"
2509800,PB,Mulungu,"01a02d5a-c10b-77c7-a3d8-68865c72a97e"
2509909,PB,Natuba,"01a02d5a-c10b-77c7-a3d9-6b6d33475e61"
2510006,PB,Nazarezinho,"01a02d5a-c10b-77c7-a3da-69a412441e82"
2510105,PB,Nova Floresta,"01a02d5a-c10c-702b-a1d7-a46febd520f5"
2510204,PB,Nova Olinda,"01a02d5a-c10c-702b-a1d8-60f92b54a079"
2510303,PB,Nova Palmeira,"01a02d5a-c10c-702b-a1d9-9aa0340d9aca"
2510402,PB,Olho d'Água,"01a02d5a-c10c-702b-a1da-ff99e203d813"
2510501,PB,Olivedos,"01a02d5a-c10c-7979-a1db-e8c2e0ba5587"
2510600,PB,Ouro Velho,"01a02d5a-c10c-7979-a1dc-f282abf74021"
2510659,PB,Parari,"01a02d5a-c10d-71f4-a043-8ec0c707034f"
2510709,PB,Passagem,"01a02d5a-c10d-71f4-a044-34a8f6b3d05d"
2510808,PB,Patos,"01a02d5a-c10d-71f4-a045-a69a4d51f09d"
2510907,PB,Paulista,"01a02d5a-c10d-7a70-a046-319558b9867f"
2511004,PB,Pedra Branca,"01a02d5a-c10d-7a70-a047-777564bff254"
2511103,PB,Pedra Lavrada,"01a02d5a-c10d-7a70-a048-ad9983586267"
2511202,PB,Pedras de Fogo,"01a02d5a-c10d-7a70-a049-0b80b289d28a"
2512721,PB,Pedro Régis,"01a02d5a-c10e-72e8-b353-3817c871ae72"
2511301,PB,Piancó,"01a02d5a-c10e-72e8-b354-9c61d6622680"
2511400,PB,Picuí,"01a02d5a-c10e-72e8-b355-b7caebbebea0"
2511509,PB,Pilar,"01a02d5a-c10e-7bcb-b356-21b495b402ce"
2511608,PB,Pilões,"01a02d5a-c10e-7bcb-b357-14919d4cf61b"
2511707,PB,Pilõezinhos,"01a02d5a-c10e-7bcb-b358-3e5913e8ae35"
2511806,PB,Pirpirituba,"01a02d5a-c10f-7445-a660-35a80a710adb"
2511905,PB,Pitimbu,"01a02d5a-c10f-7445-a661-647af5c46dd7"
2512002,PB,Pocinhos,"01a02d5a-c10f-7445-a662-ad443346eec0"
2512036,PB,Poço Dantas,"01a02d5a-c10f-7cc2-a663-4cf75be12613"
2512077,PB,Poço de José de Moura,"01a02d5a-c10f-7cc2-a664-8261443c396c"
2512101,PB,Pombal,"01a02d5a-c10f-7cc2-a665-ced859274513"
2512200,PB,Prata,"01a02d5a-c110-753d-941c-8bbcadd2d704"
2512309,PB,Princesa Isabel,"01a02d5a-c110-753d-941d-298b812d8f29"
2512408,PB,Puxinanã,"01a02d5a-c110-753d-941e-e645d8d525c0"
2512507,PB,Queimadas,"01a02d5a-c110-7e0c-941f-aa324c47ca04"
2512606,PB,Quixaba,"01a02d5a-c110-7e0c-9420-28a92d562486"
2512705,PB,Remígio,"01a02d5a-c110-7e0c-9421-4c35a03a9cfc"
2512747,PB,Riachão,"01a02d5a-c111-76b2-80fb-40018b4c18da"
2512754,PB,Riachão do Bacamarte,"01a02d5a-c111-76b2-80fc-09a7e1f98603"
2512762,PB,Riachão do Poço,"01a02d5a-c111-7f47-80fd-3f79b72e77d1"
2512788,PB,Riacho de Santo Antônio,"01a02d5a-c111-7f47-80fe-2b4833f7a2b2"
2512804,PB,Riacho dos Cavalos,"01a02d5a-c111-7f47-80ff-90ddf61819f2"
2512903,PB,Rio Tinto,"01a02d5a-c112-77f0-9e67-72b15eccd640"
2513000,PB,Salgadinho,"01a02d5a-c112-77f0-9e68-c0d1792063d8"
2513109,PB,Salgado de São Félix,"01a02d5a-c112-77f0-9e69-63a17356b456"
2513158,PB,Santa Cecília,"01a02d5a-c113-7041-b924-af179282410c"
2513208,PB,Santa Cruz,"01a02d5a-c113-7041-b925-7bab616f6b2d"
2513307,PB,Santa Helena,"01a02d5a-c113-7041-b926-2a19aa12e3ec"
2513356,PB,Santa Inês,"01a02d5a-c113-7041-b927-81170ce2c327"
2513406,PB,Santa Luzia,"01a02d5a-c113-7041-b928-680de140f982"
2513703,PB,Santa Rita,"01a02d5a-c113-7041-b929-9df1022ce1b4"
2513802,PB,Santa Teresinha,"01a02d5a-c114-7072-a4b9-4ca69283e2fd"
2513505,PB,Santana de Mangueira,"01a02d5a-c114-7072-a4ba-4d0d52a71214"
2513604,PB,Santana dos Garrotes,"01a02d5a-c114-7072-a4bb-22bd2db1a9f6"
2513851,PB,Santo André,"01a02d5a-c114-7072-a4bc-34d9bf974e26"
2513927,PB,São Bentinho,"01a02d5a-c114-7072-a4bd-99ebaa2eb624"
2513901,PB,São Bento,"01a02d5a-c114-7072-a4be-8b77f6d0ea97"
2513968,PB,São Domingos,"01a02d5a-c115-7069-96fa-74c7805e3270"
2513943,PB,São Domingos do Cariri,"01a02d5a-c115-7069-96fb-a89abfee720c"
2513984,PB,São Francisco,"01a02d5a-c115-7069-96fc-655e2b791585"
2514008,PB,São João do Cariri,"01a02d5a-c115-7069-96fd-3e9e8bb79a97"
2500700,PB,São João do Rio do Peixe,"01a02d5a-c115-7069-96fe-6c5c7cdc9914"
2514107,PB,São João do Tigre,"01a02d5a-c116-7064-a5e6-3bf34f0525ae"
2514206,PB,São José da Lagoa Tapada,"01a02d5a-c116-7064-a5e7-23217161886b"
2514305,PB,São José de Caiana,"01a02d5a-c116-7064-a5e8-323e0b981316"
2514404,PB,São José de Espinharas,"01a02d5a-c116-7064-a5e9-85a7bb053bc1"
2514503,PB,São José de Piranhas,"01a02d5a-c116-7064-a5ea-3118b59a6086"
2514552,PB,São José de Princesa,"01a02d5a-c116-7064-a5eb-c8e11f5b308d"
2514602,PB,São José do Bonfim,"01a02d5a-c117-7067-a78c-5232c2f4e6e5"
2514651,PB,São José do Brejo do Cruz,"01a02d5a-c117-7067-a78d-db03bb7b9464"
2514701,PB,São José do Sabugi,"01a02d5a-c117-7067-a78e-6a85f5a314f4"
2514800,PB,São José dos Cordeiros,"01a02d5a-c117-7067-a78f-cb4fef4b9be8"
2514453,PB,São José dos Ramos,"01a02d5a-c118-7069-aaec-eb198edc06ea"
2514909,PB,São Mamede,"01a02d5a-c118-7069-aaed-bb03d2e5bdf5"
2515005,PB,São Miguel de Taipu,"01a02d5a-c118-7069-aaee-966f75013d9b"
2515104,PB,São Sebastião de Lagoa de Roça,"01a02d5a-c118-7069-aaef-3afc4386602f"
2515203,PB,São Sebastião do Umbuzeiro,"01a02d5a-c118-7069-aaf0-94b61cf8be3f"
2515401,PB,São Vicente do Seridó,"01a02d5a-c118-7069-aaf1-734503b89331"
2515302,PB,Sapé,"01a02d5a-c119-7068-9f76-60937c6975c8"
2515500,PB,Serra Branca,"01a02d5a-c515-759c-8338-8727a6ab7134"
2515609,PB,Serra da Raiz,"01a02d5a-c518-7a65-9b88-bd7700be711d"
2515708,PB,Serra Grande,"01a02d5a-c518-7a65-9b89-c784bc9377e2"
2515807,PB,Serra Redonda,"01a02d5a-c519-72ce-98c4-63af2aa37ee3"
2515906,PB,Serraria,"01a02d5a-c519-72ce-98c5-b9383a3dc1d5"
2515930,PB,Sertãozinho,"01a02d5a-c519-7b93-98c6-a11771919359"
2515971,PB,Sobrado,"01a02d5a-c519-7b93-98c7-7ee87939caa8"
2516003,PB,Solânea,"01a02d5a-c51a-7488-9caf-2281766bd4c7"
2516102,PB,Soledade,"01a02d5a-c51a-7488-9cb0-446d91f181b8"
2516151,PB,Sossêgo,"01a02d5a-c51a-7d3b-9cb1-e7f12967e284"
2516201,PB,Sousa,"01a02d5a-c51a-7d3b-9cb2-17c879da83aa"
2516300,PB,Sumé,"01a02d5a-c51b-763a-afca-6d29364493aa"
2516409,PB,Tacima,"01a02d5a-c51b-763a-afcb-d29765351032"
2516508,PB,Taperoá,"01a02d5a-c51b-763a-afcc-e11b41ab4722"
2516607,PB,Tavares,"01a02d5a-c51b-7f1e-afcd-5292de11b452"
2516706,PB,Teixeira,"01a02d5a-c51b-7f1e-afce-8760751c7c51"
2516755,PB,Tenório,"01a02d5a-c51c-780a-85c0-4ad97e48ed9e"
2516805,PB,Triunfo,"01a02d5a-c51c-7ddc-85c1-6450008c933b"
2516904,PB,Uiraúna,"01a02d5a-c51c-7ddc-85c2-18159ca1da85"
2517001,PB,Umbuzeiro,"01a02d5a-c51c-7ddc-85c3-8894ac2d331b"
2517100,PB,Várzea,"01a02d5a-c51d-7617-b822-30a42fab0537"
2517209,PB,Vieirópolis,"01a02d5a-c51d-7617-b823-dc124dbc4446"
2505501,PB,Vista Serrana,"01a02d5a-c51d-7617-b824-6ff5401a0f31"
2517407,PB,Zabelê,"01a02d5a-c51d-7617-b825-056f97b8761b"
2600054,PE,Abreu e Lima,"01a02d5a-c51d-7617-b826-bb0b8fe53b9a"
2600104,PE,Afogados da Ingazeira,"01a02d5a-c521-741a-b47c-312e95b6bb65"
2600203,PE,Afrânio,"01a02d5a-c521-7cdb-b47d-f4aa85184c7d"
2600401,PE,Água Preta,"01a02d5a-c521-7cdb-b47e-a813f331d260"
2600500,PE,Águas Belas,"01a02d5a-c522-75f2-8b81-962d58830f06"
2600609,PE,Alagoinha,"01a02d5a-c522-75f2-8b82-194b6c565c83"
2600708,PE,Aliança,"01a02d5a-c522-75f2-8b83-3bf0ff897c05"
2600807,PE,Altinho,"01a02d5a-c522-7eb9-8b84-763928fa3787"
2600906,PE,Amaraji,"01a02d5a-c522-7eb9-8b85-1d1204f7103c"
2601003,PE,Angelim,"01a02d5a-c522-7eb9-8b86-9fe4fe268c9c"
2601052,PE,Araçoiaba,"01a02d5a-c523-7714-8834-385a9b383a62"
2601102,PE,Araripina,"01a02d5a-c523-7714-8835-60ff085de37b"
2601201,PE,Arcoverde,"01a02d5a-c523-7714-8836-57e68a9920a9"
2601300,PE,Barra de Guabiraba,"01a02d5a-c524-700d-b2a0-e20c5d8835f9"
2601409,PE,Barreiros,"01a02d5a-c524-700d-b2a1-fbe8ff9298a4"
2601508,PE,Belém de Maria,"01a02d5a-c524-700d-b2a2-cc213b11a086"
2601607,PE,Belém do São Francisco,"01a02d5a-c524-78e9-b2a3-9d83a3f5787e"
2601706,PE,Belo Jardim,"01a02d5a-c524-78e9-b2a4-e92d86c7fefe"
2601805,PE,Betânia,"01a02d5a-c524-78e9-b2a5-a5ac8a752529"
2601904,PE,Bezerros,"01a02d5a-c525-7197-bb48-ef97c42f77bc"
2602001,PE,Bodocó,"01a02d5a-c525-7197-bb49-1f729b5c0c2e"
2602100,PE,Bom Conselho,"01a02d5a-c525-7197-bb4a-c4f4a22dba27"
2602209,PE,Bom Jardim,"01a02d5a-c525-7a73-bb4b-629214cb7763"
2602308,PE,Bonito,"01a02d5a-c525-7a73-bb4c-9bcd4c59b8cc"
2602407,PE,Brejão,"01a02d5a-c525-7a73-bb4d-8c3dbfd87ded"
2602506,PE,Brejinho,"01a02d5a-c526-7340-8cb5-4c8633e8f686"
2602605,PE,Brejo da Madre de Deus,"01a02d5a-c526-7340-8cb6-da0a8d217e18"
2602704,PE,Buenos Aires,"01a02d5a-c526-7340-8cb7-4c1396f47521"
2602803,PE,Buíque,"01a02d5a-c526-7c73-8cb8-33f90f744b99"
2602902,PE,Cabo de Santo Agostinho,"01a02d5a-c526-7c73-8cb9-bfcc8b8a56e6"
2603009,PE,Cabrobó,"01a02d5a-c526-7c73-8cba-818e21827af1"
2603108,PE,Cachoeirinha,"01a02d5a-c527-7529-b88d-eecad23907de"
2603207,PE,Caetés,"01a02d5a-c527-7529-b88e-da1de3a21aab"
2603306,PE,Calçado,"01a02d5a-c527-7529-b88f-820eabc0c14f"
2603405,PE,Calumbi,"01a02d5a-c527-7529-b890-bc4b5db305b4"
2603454,PE,Camaragibe,"01a02d5a-c527-7df8-b891-e5c81c0b5b4f"
2603504,PE,Camocim de São Félix,"01a02d5a-c527-7df8-b892-ec81b24f8b17"
2603603,PE,Camutanga,"01a02d5a-c527-7df8-b893-948a8e1b3103"
2603702,PE,Canhotinho,"01a02d5a-c528-7671-9b5c-b64f2afc5b85"
2603801,PE,Capoeiras,"01a02d5a-c528-7671-9b5d-04b089a02744"
2603900,PE,Carnaíba,"01a02d5a-c528-7671-9b5e-cf2412805dfb"
2603926,PE,Carnaubeira da Penha,"01a02d5a-c528-7f50-9b5f-34f41bb95ca0"
2604007,PE,Carpina,"01a02d5a-c528-7f50-9b60-06a87c05c2a6"
2604106,PE,Caruaru,"01a02d5a-c528-7f50-9b61-ecf89c00b4c5"
2604155,PE,Casinhas,"01a02d5a-c529-77c7-a78a-79fd676dda2e"
2604205,PE,Catende,"01a02d5a-c529-77c7-a78b-0183d8aa6fbc"
2604304,PE,Cedro,"01a02d5a-c529-77c7-a78c-09c91e7785eb"
2604403,PE,Chã de Alegria,"01a02d5a-c529-77c7-a78d-19e7b2946e79"
2604502,PE,Chã Grande,"01a02d5a-c52a-703c-bed9-ca98e097f19e"
2604601,PE,Condado,"01a02d5a-c52a-703c-beda-6401074b633c"
2604700,PE,Correntes,"01a02d5a-c52a-703c-bedb-40f28abce330"
2604809,PE,Cortês,"01a02d5a-c52a-78c2-bedc-e35324909d0d"
2604908,PE,Cumaru,"01a02d5a-c52a-78c2-bedd-9dc442d334e7"
2605004,PE,Cupira,"01a02d5a-c52a-78c2-bede-bf24312d4dd1"
2605103,PE,Custódia,"01a02d5a-c52b-7181-a4d4-036f17703aa7"
2605152,PE,Dormentes,"01a02d5a-c52b-7181-a4d5-54049da1c38f"
2605202,PE,Escada,"01a02d5a-c52b-7181-a4d6-abbc4598eb67"
2605301,PE,Exu,"01a02d5a-c52b-7a06-a4d7-91f62d5d4c63"
2605400,PE,Feira Nova,"01a02d5a-c52b-7a06-a4d8-56d659b2f67b"
2605459,PE,Fernando de Noronha,"01a02d5a-c52b-7a06-a4d9-b5a764a31ec0"
2605509,PE,Ferreiros,"01a02d5a-c52c-72d5-a463-786082ef9caf"
2605608,PE,Flores,"01a02d5a-c52c-72d5-a464-495bb26562ec"
2605707,PE,Floresta,"01a02d5a-c52c-72d5-a465-6c87954b5299"
2605806,PE,Frei Miguelinho,"01a02d5a-c52c-72d5-a466-ce33f015ca26"
2605905,PE,Gameleira,"01a02d5a-c52d-72fb-bece-95ebbbcd4c18"
2606002,PE,Garanhuns,"01a02d5a-c52d-72fb-becf-80527c4fa95b"
2606101,PE,Glória do Goitá,"01a02d5a-c52d-72fb-bed0-7684ce866f32"
2606200,PE,Goiana,"01a02d5a-c52d-72fb-bed1-505bb33fdc3a"
2606309,PE,Granito,"01a02d5a-c52e-78a9-bcae-2cb40118a824"
2606408,PE,Gravatá,"01a02d5a-c52e-78a9-bcaf-a992c9e1c478"
2606507,PE,Iati,"01a02d5a-c52e-78a9-bcb0-79f4b807508f"
2606606,PE,Ibimirim,"01a02d5a-c52e-78a9-bcb1-ca621bc67750"
2606705,PE,Ibirajuba,"01a02d5a-c52e-78a9-bcb2-a1cf65f1a461"
2606804,PE,Igarassu,"01a02d5a-c52f-78be-8479-5e703888b979"
2606903,PE,Iguaracy,"01a02d5a-c52f-78be-847a-22dd680f06f0"
2607604,PE,Ilha de Itamaracá,"01a02d5a-c52f-78be-847b-bb5e52ab7746"
2607000,PE,Inajá,"01a02d5a-c93e-7fbb-8e9f-44e21b4bd583"
2607109,PE,Ingazeira,"01a02d5a-c941-7caf-98d9-2caef8573b3b"
2607208,PE,Ipojuca,"01a02d5a-c942-7664-a5c5-20114329e90a"
2607307,PE,Ipubi,"01a02d5a-c942-7664-a5c6-318495858066"
2607406,PE,Itacuruba,"01a02d5a-c942-7664-a5c7-734ee93ec8e4"
2607505,PE,Itaíba,"01a02d5a-c942-7f24-a5c8-5aea1ad49402"
2607653,PE,Itambé,"01a02d5a-c942-7f24-a5c9-e811a20f6d41"
2607703,PE,Itapetim,"01a02d5a-c942-7f24-a5ca-f2d7119c60d7"
2607752,PE,Itapissuma,"01a02d5a-c942-7f24-a5cb-c14c224acb73"
2607802,PE,Itaquitinga,"01a02d5a-c943-77c7-b74d-a861d968382a"
2607901,PE,Jaboatão dos Guararapes,"01a02d5a-c943-77c7-b74e-3ed2324a6a26"
2607950,PE,Jaqueira,"01a02d5a-c943-77c7-b74f-b03c2b80df81"
2608008,PE,Jataúba,"01a02d5a-c943-77c7-b750-7675bf32695c"
2608057,PE,Jatobá,"01a02d5a-c943-77c7-b751-2ffe6da39c07"
2608107,PE,João Alfredo,"01a02d5a-c944-7060-bf7f-76af7e1df652"
2608206,PE,Joaquim Nabuco,"01a02d5a-c944-7060-bf80-06b780078697"
2608255,PE,Jucati,"01a02d5a-c944-79b2-bf81-713e397bdf82"
2608305,PE,Jupi,"01a02d5a-c944-79b2-bf82-d9d91a88f132"
2608404,PE,Jurema,"01a02d5a-c945-7251-baf8-5575d73d9ebd"
2608503,PE,Lagoa de Itaenga,"01a02d5a-c945-7251-baf9-33bcf529dc36"
2608453,PE,Lagoa do Carro,"01a02d5a-c945-7251-bafa-3251513e8d14"
2608602,PE,Lagoa do Ouro,"01a02d5a-c945-7aeb-bafb-69862cb9b4a5"
2608701,PE,Lagoa dos Gatos,"01a02d5a-c945-7aeb-bafc-193c5cae6987"
2608750,PE,Lagoa Grande,"01a02d5a-c946-7385-8726-8769f7560d3e"
2608800,PE,Lajedo,"01a02d5a-c946-7385-8727-cf3364b593da"
2608909,PE,Limoeiro,"01a02d5a-c946-7c16-8728-f9eaf58b62b8"
2609006,PE,Macaparana,"01a02d5a-c946-7c16-8729-6ef42272453d"
2609105,PE,Machados,"01a02d5a-c946-7c16-872a-e7a766043c52"
2609154,PE,Manari,"01a02d5a-c947-7459-95eb-272da065d629"
2609204,PE,Maraial,"01a02d5a-c947-7459-95ec-0407cf7607c1"
2609303,PE,Mirandiba,"01a02d5a-c947-7d20-95ed-e790d832d3d2"
2614303,PE,Moreilândia,"01a02d5a-c947-7d20-95ee-3c1e224eeb0c"
2609402,PE,Moreno,"01a02d5a-c948-75b7-b835-06cc40c0b79c"
2609501,PE,Nazaré da Mata,"01a02d5a-c948-75b7-b836-dc190934b371"
2609600,PE,Olinda,"01a02d5a-c948-7e4d-b837-1e0452bac4e0"
2609709,PE,Orobó,"01a02d5a-c948-7e4d-b838-3f8fcc3e94cf"
2609808,PE,Orocó,"01a02d5a-c948-7e4d-b839-d4a08946343a"
2609907,PE,Ouricuri,"01a02d5a-c949-76ec-9382-76656806fe14"
2610004,PE,Palmares,"01a02d5a-c949-76ec-9383-09847ce2311c"
2610103,PE,Palmeirina,"01a02d5a-c949-7f8d-9384-78dc7855ad85"
2610202,PE,Panelas,"01a02d5a-c949-7f8d-9385-df1c45079873"
2610301,PE,Paranatama,"01a02d5a-c94a-784b-a587-aa1a5611a6a0"
2610400,PE,Parnamirim,"01a02d5a-c94a-784b-a588-5f6b4ff30afc"
2610509,PE,Passira,"01a02d5a-c94a-784b-a589-fa5a3ffe7ce8"
2610608,PE,Paudalho,"01a02d5a-c94a-784b-a58a-66cf012028cc"
2610707,PE,Paulista,"01a02d5a-c94b-714d-b6eb-55763f05d1e6"
2610806,PE,Pedra,"01a02d5a-c94b-714d-b6ec-d0226f8d5485"
2610905,PE,Pesqueira,"01a02d5a-c94b-714d-b6ed-c74ead821678"
2611002,PE,Petrolândia,"01a02d5a-c94b-714d-b6ee-c60afa5df64f"
2611101,PE,Petrolina,"01a02d5a-c94b-7a14-b6ef-a82719b9a9a7"
2611200,PE,Poção,"01a02d5a-c94b-7a14-b6f0-3299292b2530"
2611309,PE,Pombos,"01a02d5a-c94b-7a14-b6f1-b7dcd58223ac"
2611408,PE,Primavera,"01a02d5a-c94b-7a14-b6f2-52d7c6a1bb3b"
2611507,PE,Quipapá,"01a02d5a-c94b-7a14-b6f3-55ba5eb764fd"
2611533,PE,Quixaba,"01a02d5a-c94b-7a14-b6f4-cc1a4e330265"
2611606,PE,Recife,"01a02d5a-c94b-7a14-b6f5-b2668f0ce89d"
2611705,PE,Riacho das Almas,"01a02d5a-c94b-7a14-b6f6-e60ddc8e9991"
2611804,PE,Ribeirão,"01a02d5a-c94c-7a47-8e5c-106c7dd64043"
2611903,PE,Rio Formoso,"01a02d5a-c94c-7a47-8e5d-67d6ba990469"
2612000,PE,Sairé,"01a02d5a-c94c-7a47-8e5e-f4a67c937689"
2612109,PE,Salgadinho,"01a02d5a-c94d-7a45-bf78-2ea1547cec1c"
2612208,PE,Salgueiro,"01a02d5a-c94d-7a45-bf79-1413fba64d33"
2612307,PE,Saloá,"01a02d5a-c94d-7a45-bf7a-7d515f2e1f26"
2612406,PE,Sanharó,"01a02d5a-c94d-7a45-bf7b-ae39c8e4e5ca"
2612455,PE,Santa Cruz,"01a02d5a-c94e-7a3a-b884-2946cdcd6abf"
2612471,PE,Santa Cruz da Baixa Verde,"01a02d5a-c94e-7a3a-b885-63e359292149"
2612505,PE,Santa Cruz do Capibaribe,"01a02d5a-c94e-7a3a-b886-21d88e5c4c5e"
2612554,PE,Santa Filomena,"01a02d5a-c94e-7a3a-b887-f7ef60e33164"
2612604,PE,Santa Maria da Boa Vista,"01a02d5a-c94f-7a3a-8baf-0a62a8533ae0"
2612703,PE,Santa Maria do Cambucá,"01a02d5a-c94f-7a3a-8bb0-e2728c937ea1"
2612802,PE,Santa Terezinha,"01a02d5a-c94f-7a3a-8bb1-4925adad373b"
2612901,PE,São Benedito do Sul,"01a02d5a-c94f-7a3a-8bb2-54bfc34b0289"
2613008,PE,São Bento do Una,"01a02d5a-c94f-7a3a-8bb3-4e035c3257b4"
2613107,PE,São Caitano,"01a02d5a-c94f-7a3a-8bb4-c5f601760946"
2613206,PE,São João,"01a02d5a-c94f-7a3a-8bb5-79b572450b56"
2613305,PE,São Joaquim do Monte,"01a02d5a-c951-725f-b63b-0ef2f763b200"
2613404,PE,São José da Coroa Grande,"01a02d5a-c951-725f-b63c-d21b0693a8d0"
2613503,PE,São José do Belmonte,"01a02d5a-c951-725f-b63d-c54ca92ae552"
2613602,PE,São José do Egito,"01a02d5a-c952-7283-96a5-40b0490f701e"
2613701,PE,São Lourenço da Mata,"01a02d5a-c952-7283-96a6-ab881c969a24"
2613800,PE,São Vicente Férrer,"01a02d5a-c952-7283-96a7-8b6be54a1a05"
2613909,PE,Serra Talhada,"01a02d5a-c952-7283-96a8-684e5b51e4a8"
2614006,PE,Serrita,"01a02d5a-c953-7286-8105-a3bfb4c058a6"
2614105,PE,Sertânia,"01a02d5a-c953-7286-8106-d463fc6c14e2"
2614204,PE,Sirinhaém,"01a02d5a-c953-7286-8107-c26e5c29e864"
2614402,PE,Solidão,"01a02d5a-c953-7286-8108-c575ac1e1ad2"
2614501,PE,Surubim,"01a02d5a-c953-7286-8109-7e2e3fd05df9"
2614600,PE,Tabira,"01a02d5a-c954-7277-b62f-da4a141a05b8"
2614709,PE,Tacaimbó,"01a02d5a-c954-7277-b630-373564372dd2"
2614808,PE,Tacaratu,"01a02d5a-c954-7277-b631-01c9b55732c7"
2614857,PE,Tamandaré,"01a02d5a-c954-7277-b632-32270bffc47f"
2615003,PE,Taquaritinga do Norte,"01a02d5a-c955-7285-b68b-31a8f589a6ec"
2615102,PE,Terezinha,"01a02d5a-c955-7285-b68c-f6abf04ef642"
2615201,PE,Terra Nova,"01a02d5a-c955-7285-b68d-8064e197f29a"
2615300,PE,Timbaúba,"01a02d5a-c955-7285-b68e-4371c3a1f8f4"
2615409,PE,Toritama,"01a02d5a-c955-7285-b68f-23152358cd30"
2615508,PE,Tracunhaém,"01a02d5a-c956-72c9-aa08-cd7c31795a35"
2615607,PE,Trindade,"01a02d5a-c956-72c9-aa09-fd1d69411a5c"
2615706,PE,Triunfo,"01a02d5a-c956-72c9-aa0a-522a83ecb9a7"
2615805,PE,Tupanatinga,"01a02d5a-c956-72c9-aa0b-2cd95f566faa"
2615904,PE,Tuparetama,"01a02d5a-cd39-7428-9371-191b1c6d3f21"
2616001,PE,Venturosa,"01a02d5a-cd3d-7028-bef2-65f7be924c05"
2616100,PE,Verdejante,"01a02d5a-cd3d-7028-bef3-dd44020a2e99"
2616183,PE,Vertente do Lério,"01a02d5a-cd3d-78e2-bef4-a3f99e02db17"
2616209,PE,Vertentes,"01a02d5a-cd3d-78e2-bef5-583cc95bcfd1"
2616308,PE,Vicência,"01a02d5a-cd3d-78e2-bef6-9c6efb5d4ebc"
2616407,PE,Vitória de Santo Antão,"01a02d5a-cd3e-719f-9602-0dcd44b284f9"
2616506,PE,Xexéu,"01a02d5a-cd3e-719f-9603-662b3105aaf2"
2700102,AL,Água Branca,"01a02d5a-cd3e-719f-9604-52ade0d21875"
2700201,AL,Anadia,"01a02d5a-cd40-7d74-bcd7-3f8876a2e2a5"
2700300,AL,Arapiraca,"01a02d5a-cd41-7680-a3e2-dd886bfd524a"
2700409,AL,Atalaia,"01a02d5a-cd41-7680-a3e3-e4ceb3bb5355"
2700508,AL,Barra de Santo Antônio,"01a02d5a-cd41-7680-a3e4-e9e1dca46abc"
2700607,AL,Barra de São Miguel,"01a02d5a-cd41-7efd-a3e5-7cc385d6bf75"
2700706,AL,Batalha,"01a02d5a-cd41-7efd-a3e6-89e29932a579"
2700805,AL,Belém,"01a02d5a-cd41-7efd-a3e7-8efe5c648d30"
2700904,AL,Belo Monte,"01a02d5a-cd42-77ae-ae87-5067f4c2e6e1"
2701001,AL,Boca da Mata,"01a02d5a-cd42-77ae-ae88-c970f3387674"
2701100,AL,Branquinha,"01a02d5a-cd42-77ae-ae89-10f4e2396dea"
2701209,AL,Cacimbinhas,"01a02d5a-cd42-77ae-ae8a-2936a66446a1"
2701308,AL,Cajueiro,"01a02d5a-cd42-7fd9-ae8b-4d711614ed36"
2701357,AL,Campestre,"01a02d5a-cd42-7fd9-ae8c-91b41cb6a431"
2701407,AL,Campo Alegre,"01a02d5a-cd43-7883-890a-f4b33c8c0d0f"
2701506,AL,Campo Grande,"01a02d5a-cd43-7883-890b-9591f09b9a18"
2701605,AL,Canapi,"01a02d5a-cd44-70f2-a2b5-b4f8a1f23051"
2701704,AL,Capela,"01a02d5a-cd44-70f2-a2b6-9293bdcde098"
2701803,AL,Carneiros,"01a02d5a-cd44-70f2-a2b7-4cd7a3a89b3e"
2701902,AL,Chã Preta,"01a02d5a-cd44-79af-a2b8-0dee8e8ce054"
2702009,AL,Coité do Nóia,"01a02d5a-cd44-79af-a2b9-96661db2000b"
2702108,AL,Colônia Leopoldina,"01a02d5a-cd45-7233-9c43-aa88cc7a6ac7"
2702207,AL,Coqueiro Seco,"01a02d5a-cd45-7233-9c44-898b1833d906"
2702306,AL,Coruripe,"01a02d5a-cd45-7a89-9c45-7cd89a2805b5"
2702355,AL,Craíbas,"01a02d5a-cd45-7a89-9c46-e54188c4fa39"
2702405,AL,Delmiro Gouveia,"01a02d5a-cd46-734c-bde7-0ad6e88cd3ce"
2702504,AL,Dois Riachos,"01a02d5a-cd46-734c-bde8-1fabbf538e3e"
2702553,AL,Estrela de Alagoas,"01a02d5a-cd46-734c-bde9-641770489d8e"
2702603,AL,Feira Grande,"01a02d5a-cd46-7c32-bdea-f55c1d1e1bbd"
2702702,AL,Feliz Deserto,"01a02d5a-cd46-7c32-bdeb-6bc054ee8ad9"
2702801,AL,Flexeiras,"01a02d5a-cd47-74ab-b123-568a29045ad4"
2702900,AL,Girau do Ponciano,"01a02d5a-cd47-74ab-b124-4785071c2684"
2703007,AL,Ibateguara,"01a02d5a-cd47-7d56-b125-c4bc9d6cc66f"
2703106,AL,Igaci,"01a02d5a-cd47-7d56-b126-96cda91b9e6f"
2703205,AL,Igreja Nova,"01a02d5a-cd47-7d56-b127-048f88e14d9d"
2703304,AL,Inhapi,"01a02d5a-cd48-75f4-916d-3131dbc938dc"
2703403,AL,Jacaré dos Homens,"01a02d5a-cd48-75f4-916e-c8d4a9ccd800"
2703502,AL,Jacuípe,"01a02d5a-cd48-7e9f-916f-ceb37e609eaa"
2703601,AL,Japaratinga,"01a02d5a-cd48-7e9f-9170-1b33faa7273f"
2703700,AL,Jaramataia,"01a02d5a-cd48-7e9f-9171-3ab57c876bea"
2703759,AL,Jequiá da Praia,"01a02d5a-cd49-78cc-9f67-e4b5bd94ac0e"
2703809,AL,Joaquim Gomes,"01a02d5a-cd49-78cc-9f68-728252165a34"
2703908,AL,Jundiá,"01a02d5a-cd49-78cc-9f69-f34cae55d304"
2704005,AL,Junqueiro,"01a02d5a-cd4a-7196-82c5-eafc59a0ef6a"
2704104,AL,Lagoa da Canoa,"01a02d5a-cd4a-7196-82c6-01d0e4db71a4"
2704203,AL,Limoeiro de Anadia,"01a02d5a-cd4a-7a02-82c7-4dace7786c90"
2704302,AL,Maceió,"01a02d5a-cd4a-7a02-82c8-f26f4a9a9c96"
2704401,AL,Major Isidoro,"01a02d5a-cd4b-72ba-ba54-b90785cc9f75"
2704906,AL,Mar Vermelho,"01a02d5a-cd4b-72ba-ba55-d78845f2ab51"
2704500,AL,Maragogi,"01a02d5a-cd4b-72ba-ba56-1f9430302e73"
2704609,AL,Maravilha,"01a02d5a-cd4b-7b5c-ba57-106937f1d253"
2704708,AL,Marechal Deodoro,"01a02d5a-cd4b-7b5c-ba58-17b191667574"
2704807,AL,Maribondo,"01a02d5a-cd4c-7404-ad29-6b644a9e45bd"
2705002,AL,Mata Grande,"01a02d5a-cd4c-7404-ad2a-9da627e728b8"
2705101,AL,Matriz de Camaragibe,"01a02d5a-cd4c-7404-ad2b-7b64ec650707"
2705200,AL,Messias,"01a02d5a-cd4c-7404-ad2c-fdec358ab38b"
2705309,AL,Minador do Negrão,"01a02d5a-cd4c-7404-ad2d-3c3b59d91d82"
2705408,AL,Monteirópolis,"01a02d5a-cd4d-741c-a7ea-4a466f2222dc"
2705507,AL,Murici,"01a02d5a-cd4d-741c-a7eb-838a4763906d"
2705606,AL,Novo Lino,"01a02d5a-cd4d-741c-a7ec-96657f067dbd"
2705705,AL,Olho d'Água das Flores,"01a02d5a-cd4d-741c-a7ed-f8f2c04e7917"
2705804,AL,Olho d'Água do Casado,"01a02d5a-cd4d-741c-a7ee-e5930abf4838"
2705903,AL,Olho d'Água Grande,"01a02d5a-cd4d-741c-a7ef-36d7a5a6c680"
2706000,AL,Olivença,"01a02d5a-cd4e-7b7d-b630-0bb14262e821"
2706109,AL,Ouro Branco,"01a02d5a-cd4e-7b7d-b631-c957802fc670"
2706208,AL,Palestina,"01a02d5a-cd4e-7b7d-b632-da2af731cf20"
2706307,AL,Palmeira dos Índios,"01a02d5a-cd4e-7b7d-b633-1315647a110b"
2706406,AL,Pão de Açúcar,"01a02d5a-cd4f-7b4b-992c-52e097816c66"
2706422,AL,Pariconha,"01a02d5a-cd4f-7b4b-992d-4b16fd70164d"
2706448,AL,Paripueira,"01a02d5a-cd4f-7b4b-992e-55b4099b6d81"
2706505,AL,Passo de Camaragibe,"01a02d5a-cd4f-7b4b-992f-046474582121"
2706604,AL,Paulo Jacinto,"01a02d5a-cd50-7b4d-8dc8-ca836ab808f1"
2706703,AL,Penedo,"01a02d5a-cd50-7b4d-8dc9-90d932e652ef"
2706802,AL,Piaçabuçu,"01a02d5a-cd50-7b4d-8dca-4faf618abc98"
2706901,AL,Pilar,"01a02d5a-cd50-7b4d-8dcb-da9ce9eb40eb"
2707008,AL,Pindoba,"01a02d5a-cd51-7b3c-a151-62b8b61eb9a7"
2707107,AL,Piranhas,"01a02d5a-cd51-7b3c-a152-3e64e378d36c"
2707206,AL,Poço das Trincheiras,"01a02d5a-cd51-7b3c-a153-3fc45be95089"
2707305,AL,Porto Calvo,"01a02d5a-cd51-7b3c-a154-28eb8a1e1da6"
2707404,AL,Porto de Pedras,"01a02d5a-cd51-7b3c-a155-c64e77c6cc3f"
2707503,AL,Porto Real do Colégio,"01a02d5a-cd52-7b3b-acf2-645abd53946f"
2707602,AL,Quebrangulo,"01a02d5a-cd52-7b3b-acf3-31f714f9e3f7"
2707701,AL,Rio Largo,"01a02d5a-cd52-7b3b-acf4-f48e427db873"
2707800,AL,Roteiro,"01a02d5a-cd52-7b3b-acf5-02b769bd9e47"
2707909,AL,Santa Luzia do Norte,"01a02d5a-cd53-7b3b-8220-940328fabc65"
2708006,AL,Santana do Ipanema,"01a02d5a-cd53-7b3b-8221-09a4f3bcda74"
2708105,AL,Santana do Mundaú,"01a02d5a-cd53-7b3b-8222-7eeaf3409d76"
2708204,AL,São Brás,"01a02d5a-cd53-7b3b-8223-5ee93d243c51"
2708303,AL,São José da Laje,"01a02d5a-cd54-7b4c-9e70-9dfbe4d01a95"
2708402,AL,São José da Tapera,"01a02d5a-cd54-7b4c-9e71-0f71d578f9d3"
2708501,AL,São Luís do Quitunde,"01a02d5a-cd54-7b4c-9e72-38e2d0a88d49"
2708600,AL,São Miguel dos Campos,"01a02d5a-cd54-7b4c-9e73-a849fdfff8cc"
2708709,AL,São Miguel dos Milagres,"01a02d5a-d162-7e2a-bde4-2f9cb450586e"
2708808,AL,São Sebastião,"01a02d5a-d166-72d7-b726-c7af641ce821"
2708907,AL,Satuba,"01a02d5a-d166-7b67-b727-90927bf854cd"
2708956,AL,Senador Rui Palmeira,"01a02d5a-d166-7b67-b728-7c5d43bbd595"
2709004,AL,Tanque d'Arca,"01a02d5a-d166-7b67-b729-23fc4522a254"
2709103,AL,Taquarana,"01a02d5a-d167-7401-8683-72ac7f6be344"
2709152,AL,Teotônio Vilela,"01a02d5a-d167-7401-8684-eb07fdab0d01"
2709202,AL,Traipu,"01a02d5a-d167-7cb6-8685-ca834b8fe0f5"
2709301,AL,União dos Palmares,"01a02d5a-d167-7cb6-8686-0c00a57be3df"
2709400,AL,Viçosa,"01a02d5a-d168-754f-9871-9b37879d9ba0"
2800100,SE,Amparo do São Francisco,"01a02d5a-d168-754f-9872-47704fdea4c8"
2800209,SE,Aquidabã,"01a02d5a-d16b-7bcf-bb5b-a692fecf35cf"
2800308,SE,Aracaju,"01a02d5a-d16b-7bcf-bb5c-ab8742acd5ed"
2800407,SE,Arauá,"01a02d5a-d16b-7bcf-bb5d-5d2843a1a3e9"
2800506,SE,Areia Branca,"01a02d5a-d16c-748a-81fc-3432b84fee54"
2800605,SE,Barra dos Coqueiros,"01a02d5a-d16c-748a-81fd-b30fe1b61ba3"
2800670,SE,Boquim,"01a02d5a-d16c-748a-81fe-b8d7956574f5"
2800704,SE,Brejo Grande,"01a02d5a-d16c-7d4f-81ff-8aa8f072707c"
2801009,SE,Campo do Brito,"01a02d5a-d16c-7d4f-8200-dfd455ea6659"
2801108,SE,Canhoba,"01a02d5a-d16c-7d4f-8201-a9529cb551e2"
2801207,SE,Canindé de São Francisco,"01a02d5a-d16c-7d4f-8202-4969fcdbb366"
2801306,SE,Capela,"01a02d5a-d16d-7606-84a6-465023b9c0f8"
2801405,SE,Carira,"01a02d5a-d16d-7606-84a7-f1bb72e10f8d"
2801504,SE,Carmópolis,"01a02d5a-d16d-7606-84a8-a2294f7cbd72"
2801603,SE,Cedro de São João,"01a02d5a-d16d-7606-84a9-e6ab63507f2d"
2801702,SE,Cristinápolis,"01a02d5a-d16d-7eaf-84aa-b8788f134222"
2801900,SE,Cumbe,"01a02d5a-d16d-7eaf-84ab-a1b28396a89c"
2802007,SE,Divina Pastora,"01a02d5a-d16d-7eaf-84ac-760fafa8c629"
2802106,SE,Estância,"01a02d5a-d16d-7eaf-84ad-1540d29ea1f5"
2802205,SE,Feira Nova,"01a02d5a-d16e-7772-8b76-6a7256e23850"
2802304,SE,Frei Paulo,"01a02d5a-d16e-7772-8b77-035de1ed4243"
2802403,SE,Gararu,"01a02d5a-d16e-7772-8b78-067d2fcb5773"
2802502,SE,General Maynard,"01a02d5a-d16e-7772-8b79-cc80474d8987"
2802601,SE,Gracho Cardoso,"01a02d5a-d16f-7038-81d8-c1fe100301f1"
2802700,SE,Ilha das Flores,"01a02d5a-d16f-7038-81d9-b1fff497ad97"
2802809,SE,Indiaroba,"01a02d5a-d16f-7038-81da-1b2e34b16fca"
2802908,SE,Itabaiana,"01a02d5a-d16f-78fb-81db-eeb49cdd1d6d"
2803005,SE,Itabaianinha,"01a02d5a-d16f-78fb-81dc-a98348ea66c6"
2803104,SE,Itabi,"01a02d5a-d170-73f1-b0a9-be6361987dc8"
2803203,SE,Itaporanga d'Ajuda,"01a02d5a-d170-73f1-b0aa-f77c30749a7b"
2803302,SE,Japaratuba,"01a02d5a-d170-73f1-b0ab-27ce59d9e519"
2803401,SE,Japoatã,"01a02d5a-d170-7ccd-b0ac-3802a302f1e5"
2803500,SE,Lagarto,"01a02d5a-d170-7ccd-b0ad-9e2bad231987"
2803609,SE,Laranjeiras,"01a02d5a-d170-7ccd-b0ae-9f8417fa5483"
2803708,SE,Macambira,"01a02d5a-d170-7ccd-b0af-0910289956d0"
2803807,SE,Malhada dos Bois,"01a02d5a-d171-7542-a380-91184e67825c"
2803906,SE,Malhador,"01a02d5a-d171-7542-a381-ea98f5be5b9a"
2804003,SE,Maruim,"01a02d5a-d171-7542-a382-094e7cdde6c5"
2804102,SE,Moita Bonita,"01a02d5a-d171-7e21-a383-d8cade741325"
2804201,SE,Monte Alegre de Sergipe,"01a02d5a-d171-7e21-a384-9edb2f6449de"
2804300,SE,Muribeca,"01a02d5a-d172-76e0-8d90-f70a7254dd69"
2804409,SE,Neópolis,"01a02d5a-d172-76e0-8d91-a326240e81d6"
2804458,SE,Nossa Senhora Aparecida,"01a02d5a-d172-76e0-8d92-ead645632594"
2804508,SE,Nossa Senhora da Glória,"01a02d5a-d172-7fbb-8d93-9a3e3d75a4eb"
2804607,SE,Nossa Senhora das Dores,"01a02d5a-d173-789c-9335-888606a65ecb"
2804706,SE,Nossa Senhora de Lourdes,"01a02d5a-d173-789c-9336-ff376ca788c8"
2804805,SE,Nossa Senhora do Socorro,"01a02d5a-d173-789c-9337-ec7ef9d11465"
2804904,SE,Pacatuba,"01a02d5a-d174-7171-8d09-88b60372f949"
2805000,SE,Pedra Mole,"01a02d5a-d174-7171-8d0a-77249c4f39b7"
2805109,SE,Pedrinhas,"01a02d5a-d174-7a41-8d0b-c9c9e5c7cb56"
2805208,SE,Pinhão,"01a02d5a-d174-7a41-8d0c-1db99419e21c"
2805307,SE,Pirambu,"01a02d5a-d174-7a41-8d0d-106cf8809b32"
2805406,SE,Poço Redondo,"01a02d5a-d174-7a41-8d0e-e8d832d96d61"
2805505,SE,Poço Verde,"01a02d5a-d175-72f6-ae98-a25c49a2cd98"
2805604,SE,Porto da Folha,"01a02d5a-d175-72f6-ae99-4c017db2d027"
2805703,SE,Propriá,"01a02d5a-d175-72f6-ae9a-b3f4a16acd94"
2805802,SE,Riachão do Dantas,"01a02d5a-d175-72f6-ae9b-43433f32c0f4"
2805901,SE,Riachuelo,"01a02d5a-d175-7bae-ae9c-e99843112109"
2806008,SE,Ribeirópolis,"01a02d5a-d175-7bae-ae9d-dc20947b88c2"
2806107,SE,Rosário do Catete,"01a02d5a-d175-7bae-ae9e-fedce0933e62"
2806206,SE,Salgado,"01a02d5a-d176-745b-97c6-9de4af76976c"
2806305,SE,Santa Luzia do Itanhy,"01a02d5a-d176-745b-97c7-27b4ab8cf64f"
2806503,SE,Santa Rosa de Lima,"01a02d5a-d176-745b-97c8-bd71889f581b"
2806404,SE,Santana do São Francisco,"01a02d5a-d176-745b-97c9-a5bb191db33e"
2806602,SE,Santo Amaro das Brotas,"01a02d5a-d176-7d30-97ca-bec986ee0b44"
2806701,SE,São Cristóvão,"01a02d5a-d176-7d30-97cb-0f0590e21416"
2806800,SE,São Domingos,"01a02d5a-d176-7d30-97cc-7e5a43a7b58a"
2806909,SE,São Francisco,"01a02d5a-d176-7d30-97cd-8c9386b9b1af"
2807006,SE,São Miguel do Aleixo,"01a02d5a-d176-7d30-97ce-8c886538b45d"
2807105,SE,Simão Dias,"01a02d5a-d176-7d30-97cf-f9e57b85d58f"
2807204,SE,Siriri,"01a02d5a-d176-7d30-97d0-5fe90613c70e"
2807303,SE,Telha,"01a02d5a-d177-7d5f-9b7a-302768f0342e"
2807402,SE,Tobias Barreto,"01a02d5a-d177-7d5f-9b7b-aed165fdd3b4"
2807501,SE,Tomar do Geru,"01a02d5a-d177-7d5f-9b7c-2a728152d06f"
2807600,SE,Umbaúba,"01a02d5a-d177-7d5f-9b7d-8a01d5f14624"
2900108,BA,Abaíra,"01a02d5a-d177-7d5f-9b7e-41d10817d90f"
2900207,BA,Abaré,"01a02d5a-d17b-7ca7-a60c-65b493bffecd"
2900306,BA,Acajutiba,"01a02d5a-d17b-7ca7-a60d-d968abd96e63"
2900355,BA,Adustina,"01a02d5a-d17c-7564-961a-563c59f507e4"
2900405,BA,Água Fria,"01a02d5a-d17c-7564-961b-2c3c8e6a197f"
2900603,BA,Aiquara,"01a02d5a-d17c-7564-961c-3c4dde24fd00"
2900702,BA,Alagoinhas,"01a02d5a-d17c-7e40-961d-7276a314975e"
2900801,BA,Alcobaça,"01a02d5a-d17c-7e40-961e-bc8e2a03cc10"
2900900,BA,Almadina,"01a02d5a-d17d-7776-a16f-0fccd275c499"
2901007,BA,Amargosa,"01a02d5a-d17d-7776-a170-71eebb39cb68"
2901106,BA,Amélia Rodrigues,"01a02d5a-d17e-704d-82c3-d7c2479c80a4"
2901155,BA,América Dourada,"01a02d5a-d17e-704d-82c4-f5baf1f1bb2f"
2901205,BA,Anagé,"01a02d5a-d17e-704d-82c5-dbf6f46941f2"
2901304,BA,Andaraí,"01a02d5a-d17e-7941-82c6-d7f84a8987f3"
2901353,BA,Andorinha,"01a02d5a-d17e-7941-82c7-f0d32535ce18"
2901403,BA,Angical,"01a02d5a-d55e-7a4d-aa40-2dad0f579838"
2901502,BA,Anguera,"01a02d5a-d561-7ffa-8ca9-9a6b23752501"
2901601,BA,Antas,"01a02d5a-d562-78b5-87fd-e26d0c5fba07"
2901700,BA,Antônio Cardoso,"01a02d5a-d562-78b5-87fe-21570ecd3f7b"
2901809,BA,Antônio Gonçalves,"01a02d5a-d563-70e1-ae97-39b551e35b44"
2901908,BA,Aporá,"01a02d5a-d563-70e1-ae98-df3bd7b627d2"
2901957,BA,Apuarema,"01a02d5a-d563-70e1-ae99-a1f026a72586"
2902054,BA,Araçás,"01a02d5a-d563-7988-ae9a-adecae8f6a9e"
2902005,BA,Aracatu,"01a02d5a-d563-7988-ae9b-00c380d5bb1a"
2902104,BA,Araci,"01a02d5a-d564-7234-b30b-7a2bc0926034"
2902203,BA,Aramari,"01a02d5a-d564-7234-b30c-ecdc43261baf"
2902252,BA,Arataca,"01a02d5a-d564-7234-b30d-ab99783c4c8c"
2902302,BA,Aratuípe,"01a02d5a-d564-7ce2-b30e-d44e3d26658a"
2902401,BA,Aurelino Leal,"01a02d5a-d564-7ce2-b30f-861c4a22c03a"
2902500,BA,Baianópolis,"01a02d5a-d564-7ce2-b310-cfe31553a0ea"
2902609,BA,Baixa Grande,"01a02d5a-d565-759c-a8a3-d0aa2f1f7976"
2902658,BA,Banzaê,"01a02d5a-d565-759c-a8a4-13c126ccb50b"
2902708,BA,Barra,"01a02d5a-d565-759c-a8a5-844ef2e17bda"
2902807,BA,Barra da Estiva,"01a02d5a-d565-7e5c-a8a6-c6dae8b0765e"
2902906,BA,Barra do Choça,"01a02d5a-d565-7e5c-a8a7-829b434b1947"
2903003,BA,Barra do Mendes,"01a02d5a-d565-7e5c-a8a8-28903f44a56c"
2903102,BA,Barra do Rocha,"01a02d5a-d565-7e5c-a8a9-23fffb4f5009"
2903201,BA,Barreiras,"01a02d5a-d566-770a-9293-43f6691f6660"
2903235,BA,Barro Alto,"01a02d5a-d566-770a-9294-749d9250ad46"
2903300,BA,Barro Preto,"01a02d5a-d566-7f8a-9295-ec40a8c4054c"
2903276,BA,Barrocas,"01a02d5a-d566-7f8a-9296-8aa080baec2e"
2903409,BA,Belmonte,"01a02d5a-d567-7818-b2af-c5dc488109df"
2903508,BA,Belo Campo,"01a02d5a-d567-7818-b2b0-42c9f6f840c3"
2903607,BA,Biritinga,"01a02d5a-d567-7818-b2b1-f5fac0e33f27"
2903706,BA,Boa Nova,"01a02d5a-d568-70cf-8c08-967198f603d0"
2903805,BA,Boa Vista do Tupim,"01a02d5a-d568-70cf-8c09-9e8bb20247dd"
2903904,BA,Bom Jesus da Lapa,"01a02d5a-d568-794b-8c0a-63857413b18c"
2903953,BA,Bom Jesus da Serra,"01a02d5a-d568-794b-8c0b-8321abf935e7"
2904001,BA,Boninal,"01a02d5a-d569-721a-90af-0d904bc1c309"
2904050,BA,Bonito,"01a02d5a-d569-721a-90b0-3827a67cedfa"
2904100,BA,Boquira,"01a02d5a-d569-7ad8-90b1-205bc5d7f6a9"
2904209,BA,Botuporã,"01a02d5a-d569-7ad8-90b2-38c906264a5b"
2904308,BA,Brejões,"01a02d5a-d56a-736e-9f75-13059dce3ab1"
2904407,BA,Brejolândia,"01a02d5a-d56a-736e-9f76-00b866185f89"
2904506,BA,Brotas de Macaúbas,"01a02d5a-d56a-736e-9f77-19327663e661"
2904605,BA,Brumado,"01a02d5a-d56a-7c08-9f78-784f6cac35be"
2904704,BA,Buerarema,"01a02d5a-d56a-7c08-9f79-8825273112f2"
2904753,BA,Buritirama,"01a02d5a-d56b-74a0-b1a4-8b1f5381452c"
2904803,BA,Caatiba,"01a02d5a-d56b-74a0-b1a5-df16117ff528"
2904852,BA,Cabaceiras do Paraguaçu,"01a02d5a-d56b-7d36-b1a6-930b0bc93ed0"
2904902,BA,Cachoeira,"01a02d5a-d56b-7d36-b1a7-8727d3bd9bff"
2905008,BA,Caculé,"01a02d5a-d56b-7d36-b1a8-a6be9bb44231"
2905107,BA,Caém,"01a02d5a-d56c-75cb-ad27-57b32c265375"
2905156,BA,Caetanos,"01a02d5a-d56c-75cb-ad28-77ed9f119281"
2905206,BA,Caetité,"01a02d5a-d56c-7e68-ad29-f226b31c3139"
2905305,BA,Cafarnaum,"01a02d5a-d56c-7e68-ad2a-6f98d8011588"
2905404,BA,Cairu,"01a02d5a-d56d-7690-975f-f9e6d8aed1ed"
2905503,BA,Caldeirão Grande,"01a02d5a-d56d-7690-9760-82237b333be2"
2905602,BA,Camacan,"01a02d5a-d56d-7690-9761-8d2b1c17744e"
2905701,BA,Camaçari,"01a02d5a-d56d-7690-9762-c802e938e31e"
2905800,BA,Camamu,"01a02d5a-d56d-7690-9763-f6a9de31f8ba"
2905909,BA,Campo Alegre de Lourdes,"01a02d5a-d56e-76b8-bcc7-422490f90d41"
2906006,BA,Campo Formoso,"01a02d5a-d56e-76b8-bcc8-8fb39a0ca780"
2906105,BA,Canápolis,"01a02d5a-d56e-76b8-bcc9-bf9df00ca1f9"
2906204,BA,Canarana,"01a02d5a-d56e-76b8-bcca-2f7ee2b32cf4"
2906303,BA,Canavieiras,"01a02d5a-d56f-76a5-b179-82192b4cbdf8"
2906402,BA,Candeal,"01a02d5a-d56f-76a5-b17a-6e4b136ee0ef"
2906501,BA,Candeias,"01a02d5a-d56f-76a5-b17b-995895614e22"
2906600,BA,Candiba,"01a02d5a-d56f-76a5-b17c-008437658f88"
2906709,BA,Cândido Sales,"01a02d5a-d570-76b6-bdc8-bfc13e491d4c"
2906808,BA,Cansanção,"01a02d5a-d570-76b6-bdc9-c7ebd4ce8880"
2906824,BA,Canudos,"01a02d5a-d570-76b6-bdca-f4c079435cf5"
2906857,BA,Capela do Alto Alegre,"01a02d5a-d570-76b6-bdcb-74e410560deb"
2906873,BA,Capim Grosso,"01a02d5a-d571-76a7-a125-999fa64c7870"
2906899,BA,Caraíbas,"01a02d5a-d571-76a7-a126-ccede134adc9"
2906907,BA,Caravelas,"01a02d5a-d571-76a7-a127-594d1593a3fd"
2907004,BA,Cardeal da Silva,"01a02d5a-d571-76a7-a128-83636769d842"
2907103,BA,Carinhanha,"01a02d5a-d572-76a5-9a81-8410e59a6ad0"
2907202,BA,Casa Nova,"01a02d5a-d572-76a5-9a82-7e1167225444"
2907301,BA,Castro Alves,"01a02d5a-d572-76a5-9a83-5952ed82c9ca"
2907400,BA,Catolândia,"01a02d5a-d572-76a5-9a84-48bdbd771843"
2907509,BA,Catu,"01a02d5a-d572-76a5-9a85-a3f3e8235578"
2907558,BA,Caturama,"01a02d5a-d573-76a6-9add-1a6cb0a32f3f"
2907608,BA,Central,"01a02d5a-d573-76a6-9ade-840f4854244c"
2907707,BA,Chorrochó,"01a02d5a-d573-76a6-9adf-0b205606d2c1"
2907806,BA,Cícero Dantas,"01a02d5a-d574-76ef-9a91-13e4ffad1d84"
2907905,BA,Cipó,"01a02d5a-d574-76ef-9a92-a4ec3f590e16"
2908002,BA,Coaraci,"01a02d5a-d574-76ef-9a93-6208436c8dad"
2908101,BA,Cocos,"01a02d5a-d574-76ef-9a94-e3778fecae49"
2908200,BA,Conceição da Feira,"01a02d5a-d575-76a6-b9dd-adc84aad0dc5"
2908309,BA,Conceição do Almeida,"01a02d5a-d575-76a6-b9de-8d0dc1e6b3b3"
2908408,BA,Conceição do Coité,"01a02d5a-d575-76a6-b9df-875eeadf6104"
2908507,BA,Conceição do Jacuípe,"01a02d5a-d575-76a6-b9e0-c26599dbd076"
2908606,BA,Conde,"01a02d5a-d575-76a6-b9e1-8e2b317bcd63"
2908705,BA,Condeúba,"01a02d5a-d576-76a5-92d0-c333ed22b87c"
2908804,BA,Contendas do Sincorá,"01a02d5a-d576-76a5-92d1-83449f9df423"
2908903,BA,Coração de Maria,"01a02d5a-d576-76a5-92d2-2328703096f4"
2909000,BA,Cordeiros,"01a02d5a-d576-76a5-92d3-e3c6aef77a4d"
2909109,BA,Coribe,"01a02d5a-d577-76a5-ab0c-3b3987cfd5c7"
2909208,BA,Coronel João Sá,"01a02d5a-d577-76a5-ab0d-fcb0cb1ee674"
2909307,BA,Correntina,"01a02d5a-d577-7ebf-ab0e-2e29624a104d"
2909406,BA,Cotegipe,"01a02d5a-d577-7ebf-ab0f-840124269937"
2909505,BA,Cravolândia,"01a02d5a-d577-7ebf-ab10-b82a0a97b313"
2909604,BA,Crisópolis,"01a02d5a-d577-7ebf-ab11-c9b9b473595b"
2909703,BA,Cristópolis,"01a02d5a-d578-7ed9-87c4-25faccdd9f8e"
2909802,BA,Cruz das Almas,"01a02d5a-d96d-7961-8c8a-3ff044e341bb"
2909901,BA,Curaçá,"01a02d5a-d970-783d-a8d8-a8a170c5bdd4"
2910008,BA,Dário Meira,"01a02d5a-d971-7064-8619-aa4d488d5d04"
2910057,BA,Dias d'Ávila,"01a02d5a-d971-7064-861a-b43989fc90b1"
2910107,BA,Dom Basílio,"01a02d5a-d971-78e5-861b-fb6d2892d64b"
2910206,BA,Dom Macedo Costa,"01a02d5a-d971-78e5-861c-5b0ffdb8074f"
2910305,BA,Elísio Medrado,"01a02d5a-d972-71c0-bb6f-fc24b8811321"
2910404,BA,Encruzilhada,"01a02d5a-d972-71c0-bb70-856c3c24003b"
2910503,BA,Entre Rios,"01a02d5a-d972-71c0-bb71-c4da1bb0fcb9"
2900504,BA,Érico Cardoso,"01a02d5a-d972-7a88-bb72-d5a6731ee759"
2910602,BA,Esplanada,"01a02d5a-d972-7a88-bb73-7da855e94e43"
2910701,BA,Euclides da Cunha,"01a02d5a-d972-7a88-bb74-e2515cfcec47"
2910727,BA,Eunápolis,"01a02d5a-d972-7a88-bb75-1e425b55b317"
2910750,BA,Fátima,"01a02d5a-d973-72b7-bce2-2b4aa159ad42"
2910776,BA,Feira da Mata,"01a02d5a-d973-72b7-bce3-3fa81f404487"
2910800,BA,Feira de Santana,"01a02d5a-d973-72b7-bce4-1b28c15249c5"
2910859,BA,Filadélfia,"01a02d5a-d973-72b7-bce5-dfc41fe8a542"
2910909,BA,Firmino Alves,"01a02d5a-d973-72b7-bce6-9151193e6549"
2911006,BA,Floresta Azul,"01a02d5a-d973-7b5c-bce7-b5046531ecd6"
2911105,BA,Formosa do Rio Preto,"01a02d5a-d973-7b5c-bce8-abb0916cf96f"
2911204,BA,Gandu,"01a02d5a-d973-7b5c-bce9-05e5be6dafa2"
2911253,BA,Gavião,"01a02d5a-d973-7b5c-bcea-ff1ffc1777a1"
2911303,BA,Gentio do Ouro,"01a02d5a-d973-7b5c-bceb-051f1b2efd56"
2911402,BA,Glória,"01a02d5a-d974-740b-b476-a0ba2cd4f133"
2911501,BA,Gongogi,"01a02d5a-d974-740b-b477-682c302186d7"
2911600,BA,Governador Mangabeira,"01a02d5a-d974-740b-b478-31c559a03c94"
2911659,BA,Guajeru,"01a02d5a-d974-740b-b479-b61db96a335f"
2911709,BA,Guanambi,"01a02d5a-d974-7cec-b47a-83fba11c5d8a"
2911808,BA,Guaratinga,"01a02d5a-d974-7cec-b47b-7f419d22db0d"
2911857,BA,Heliópolis,"01a02d5a-d974-7cec-b47c-feed1f4c7237"
2911907,BA,Iaçu,"01a02d5a-d974-7cec-b47d-1ebc3c0d6c86"
2912004,BA,Ibiassucê,"01a02d5a-d974-7cec-b47e-a5e55fb6b089"
2912103,BA,Ibicaraí,"01a02d5a-d975-7579-a80d-3cbedc870b11"
2912202,BA,Ibicoara,"01a02d5a-d975-7579-a80e-8dc1b2134cd1"
2912301,BA,Ibicuí,"01a02d5a-d975-7579-a80f-4e80ecc37a99"
2912400,BA,Ibipeba,"01a02d5a-d975-7579-a810-b6c855bf11f3"
2912509,BA,Ibipitanga,"01a02d5a-d975-7579-a811-957c3e1b9a51"
2912608,BA,Ibiquera,"01a02d5a-d975-7e22-a812-659ec73cc2fa"
2912707,BA,Ibirapitanga,"01a02d5a-d975-7e22-a813-50b6905bdfbd"
2912806,BA,Ibirapuã,"01a02d5a-d975-7e22-a814-fca68e405a24"
2912905,BA,Ibirataia,"01a02d5a-d975-7e22-a815-ce6442069ebc"
2913002,BA,Ibitiara,"01a02d5a-d976-76c0-aca3-bb18ef80d3ea"
2913101,BA,Ibititá,"01a02d5a-d976-76c0-aca4-48a5f86fd3e2"
2913200,BA,Ibotirama,"01a02d5a-d976-76c0-aca5-72ef184a1b6a"
2913309,BA,Ichu,"01a02d5a-d976-76c0-aca6-ac8993fba7eb"
2913408,BA,Igaporã,"01a02d5a-d976-76c0-aca7-a5b34503c17e"
2913457,BA,Igrapiúna,"01a02d5a-d976-7f3c-aca8-ca52caf311ea"
2913507,BA,Iguaí,"01a02d5a-d976-7f3c-aca9-7ae1d2696878"
2913606,BA,Ilhéus,"01a02d5a-d976-7f3c-acaa-e161b63547ca"
2913705,BA,Inhambupe,"01a02d5a-d976-7f3c-acab-b3607333524b"
2913804,BA,Ipecaetá,"01a02d5a-d976-7f3c-acac-a55ce574d053"
2913903,BA,Ipiaú,"01a02d5a-d977-77e7-8e3b-40e9237a0daf"
2914000,BA,Ipirá,"01a02d5a-d977-77e7-8e3c-0836ebcc3710"
2914109,BA,Ipupiara,"01a02d5a-d977-77e7-8e3d-881c50f185cd"
2914208,BA,Irajuba,"01a02d5a-d977-77e7-8e3e-142c2457b748"
2914307,BA,Iramaia,"01a02d5a-d977-77e7-8e3f-d76a290b1728"
2914406,BA,Iraquara,"01a02d5a-d978-7082-a6c7-2f9e6f307289"
2914505,BA,Irará,"01a02d5a-d978-7082-a6c8-d33db72560ce"
2914604,BA,Irecê,"01a02d5a-d978-7082-a6c9-e3edb56335b5"
2914653,BA,Itabela,"01a02d5a-d978-7082-a6ca-9aefe2de7633"
2914703,BA,Itaberaba,"01a02d5a-d978-7a24-a6cb-c719cc7f5d09"
2914802,BA,Itabuna,"01a02d5a-d978-7a24-a6cc-35ed19394df7"
2914901,BA,Itacaré,"01a02d5a-d978-7a24-a6cd-4612b3fa118e"
2915007,BA,Itaeté,"01a02d5a-d979-72e2-ae1d-30d09dfa39e5"
2915106,BA,Itagi,"01a02d5a-d979-72e2-ae1e-f6c5f8b8670f"
2915205,BA,Itagibá,"01a02d5a-d979-72e2-ae1f-7fe76512ba15"
2915304,BA,Itagimirim,"01a02d5a-d979-72e2-ae20-d9102171ec7b"
2915353,BA,Itaguaçu da Bahia,"01a02d5a-d979-72e2-ae21-0452ca2240e0"
2915403,BA,Itaju do Colônia,"01a02d5a-d979-72e2-ae22-5d66edad034c"
2915502,BA,Itajuípe,"01a02d5a-d979-7b8c-ae23-43e88b86bd99"
2915601,BA,Itamaraju,"01a02d5a-d979-7b8c-ae24-ea8d72fbabc4"
2915700,BA,Itamari,"01a02d5a-d979-7b8c-ae25-78004a688bd3"
2915809,BA,Itambé,"01a02d5a-d97a-7436-96c5-88ad1a66f4c6"
2915908,BA,Itanagra,"01a02d5a-d97a-7436-96c6-7d769bb6a16d"
2916005,BA,Itanhém,"01a02d5a-d97a-7436-96c7-6cb5486631a8"
2916104,BA,Itaparica,"01a02d5a-d97a-7436-96c8-562d58054a70"
2916203,BA,Itapé,"01a02d5a-d97a-7cde-96c9-4dda84bdee91"
2916302,BA,Itapebi,"01a02d5a-d97a-7cde-96ca-9de76afada93"
2916401,BA,Itapetinga,"01a02d5a-d97a-7cde-96cb-50525ca18666"
2916500,BA,Itapicuru,"01a02d5a-d97a-7cde-96cc-93f53cdbb277"
2916609,BA,Itapitanga,"01a02d5a-d97a-7cde-96cd-25752f34a17f"
2916708,BA,Itaquara,"01a02d5a-d97b-7592-94ff-3da53b62a844"
2916807,BA,Itarantim,"01a02d5a-d97b-7592-9500-09816a3b6e67"
2916856,BA,Itatim,"01a02d5a-d97b-7592-9501-b9b55995d5e4"
2916906,BA,Itiruçu,"01a02d5a-d97b-7e2d-9502-6387cc453829"
2917003,BA,Itiúba,"01a02d5a-d97b-7e2d-9503-9240df2126c7"
2917102,BA,Itororó,"01a02d5a-d97b-7e2d-9504-00c3f875a2a1"
2917201,BA,Ituaçu,"01a02d5a-d97b-7e2d-9505-1a190edcf67b"
2917300,BA,Ituberá,"01a02d5a-d97b-7e2d-9506-a80c0a8accd7"
2917334,BA,Iuiu,"01a02d5a-d97b-7e2d-9507-a59dbd3cb8ec"
2917359,BA,Jaborandi,"01a02d5a-d97b-7e2d-9508-572a6fa4bb2f"
2917409,BA,Jacaraci,"01a02d5a-d97d-7661-b303-a322baaa7b22"
2917508,BA,Jacobina,"01a02d5a-d97d-7661-b304-916b74e77047"
2917607,BA,Jaguaquara,"01a02d5a-d97d-7661-b305-005f79d0ae29"
2917706,BA,Jaguarari,"01a02d5a-d97d-7661-b306-f9c758b2b098"
2917805,BA,Jaguaripe,"01a02d5a-d97d-7661-b307-ee83eb80607c"
2917904,BA,Jandaíra,"01a02d5a-d97e-768b-a2dc-8c12d159babf"
2918001,BA,Jequié,"01a02d5a-d97e-768b-a2dd-288acde6c8c4"
2918100,BA,Jeremoabo,"01a02d5a-d97e-768b-a2de-4655530ee6e8"
2918209,BA,Jiquiriçá,"01a02d5a-d97e-768b-a2df-31a32ac69349"
2918308,BA,Jitaúna,"01a02d5a-ddb6-7ab5-a3b9-7412c0928600"
2918357,BA,João Dourado,"01a02d5a-ddba-70be-b064-acdaa9950626"
2918407,BA,Juazeiro,"01a02d5a-ddbb-700c-a95c-e64e1edddb7c"
2918456,BA,Jucuruçu,"01a02d5a-ddbb-700c-a95d-2ee099a5f147"
2918506,BA,Jussara,"01a02d5a-ddbb-700c-a95e-cbb0c17fcd40"
2918555,BA,Jussari,"01a02d5a-ddbb-782a-a95f-9b122bf1065f"
2918605,BA,Jussiape,"01a02d5a-ddbb-782a-a960-57cedb8b7d5d"
2918704,BA,Lafaiete Coutinho,"01a02d5a-ddbb-782a-a961-09c6acebbc5e"
2918753,BA,Lagoa Real,"01a02d5a-ddbc-70f8-9d17-fa82eeb68b60"
2918803,BA,Laje,"01a02d5a-ddbc-70f8-9d18-13337126fe7f"
2918902,BA,Lajedão,"01a02d5a-ddbc-70f8-9d19-368b70e0d83d"
2919009,BA,Lajedinho,"01a02d5a-ddbc-79d9-9d1a-0b1c6cfa933b"
2919058,BA,Lajedo do Tabocal,"01a02d5a-ddbc-79d9-9d1b-79f48183f1c4"
2919108,BA,Lamarão,"01a02d5a-ddbc-79d9-9d1c-6c475ca4cc98"
2919157,BA,Lapão,"01a02d5a-ddbc-79d9-9d1d-bee861dcb443"
2919207,BA,Lauro de Freitas,"01a02d5a-ddbd-729e-b687-9fc5fa9b485a"
2919306,BA,Lençóis,"01a02d5a-ddbd-729e-b688-1e2e048d6f8a"
2919405,BA,Licínio de Almeida,"01a02d5a-ddbd-729e-b689-a332dd2a466a"
2919504,BA,Livramento de Nossa Senhora,"01a02d5a-ddbd-7ba4-b68a-3137e94c7059"
2919553,BA,Luís Eduardo Magalhães,"01a02d5a-ddbd-7ba4-b68b-7e55168f9676"
2919603,BA,Macajuba,"01a02d5a-ddbd-7ba4-b68c-17a44184922c"
2919702,BA,Macarani,"01a02d5a-ddbe-7479-b669-b25f7607fb9c"
2919801,BA,Macaúbas,"01a02d5a-ddbe-7479-b66a-28e7ebbfe279"
2919900,BA,Macururé,"01a02d5a-ddbe-7d7c-b66b-efd0bc186f80"
2919926,BA,Madre de Deus,"01a02d5a-ddbe-7d7c-b66c-a1f31f18834e"
2919959,BA,Maetinga,"01a02d5a-ddbf-7623-8b28-6142dfe807a3"
2920007,BA,Maiquinique,"01a02d5a-ddbf-7623-8b29-559c1dc0c5c2"
2920106,BA,Mairi,"01a02d5a-ddbf-7623-8b2a-ede912f3a626"
2920205,BA,Malhada,"01a02d5a-ddbf-7edd-8b2b-f58fc4211fde"
2920304,BA,Malhada de Pedras,"01a02d5a-ddbf-7edd-8b2c-071b4ba2e75a"
2920403,BA,Manoel Vitorino,"01a02d5a-ddc0-7788-ac31-7a615f70186c"
2920452,BA,Mansidão,"01a02d5a-ddc0-7788-ac32-06cb14977f76"
2920502,BA,Maracás,"01a02d5a-ddc1-7039-96e2-222c68c96c1b"
2920601,BA,Maragogipe,"01a02d5a-ddc1-7039-96e3-7fafbd64c036"
2920700,BA,Maraú,"01a02d5a-ddc1-7039-96e4-0bff0753b698"
2920809,BA,Marcionílio Souza,"01a02d5a-ddc1-78e2-96e5-351c91be5aa4"
2920908,BA,Mascote,"01a02d5a-ddc1-78e2-96e6-db22c738e9e6"
2921005,BA,Mata de São João,"01a02d5a-ddc2-7187-a972-681c2ca9d0ae"
2921054,BA,Matina,"01a02d5a-ddc2-7187-a973-c3296be2f37d"
2921104,BA,Medeiros Neto,"01a02d5a-ddc2-7187-a974-8fc2973686ed"
2921203,BA,Miguel Calmon,"01a02d5a-ddc2-7a4d-a975-550e39e0d312"
2921302,BA,Milagres,"01a02d5a-ddc2-7a4d-a976-e9f91287971f"
2921401,BA,Mirangaba,"01a02d5a-ddc3-72fc-aa36-b8c2ddb1653b"
2921450,BA,Mirante,"01a02d5a-ddc3-72fc-aa37-9fb006ea5e91"
2921500,BA,Monte Santo,"01a02d5a-ddc3-72fc-aa38-83d7036ba394"
2921609,BA,Morpará,"01a02d5a-ddc3-7bbe-aa39-678a9ef77649"
2921708,BA,Morro do Chapéu,"01a02d5a-ddc3-7bbe-aa3a-80e5b8d0d5d4"
2921807,BA,Mortugaba,"01a02d5a-ddc3-7bbe-aa3b-34cf4bd70cf5"
2921906,BA,Mucugê,"01a02d5a-ddc4-74d8-8a11-86f9b615237d"
2922003,BA,Mucuri,"01a02d5a-ddc4-74d8-8a12-ecc2fb76efec"
2922052,BA,Mulungu do Morro,"01a02d5a-ddc4-74d8-8a13-51b17f3f9fe4"
2922102,BA,Mundo Novo,"01a02d5a-ddc4-7f63-8a14-f0f4c59d1b12"
2922201,BA,Muniz Ferreira,"01a02d5a-ddc4-7f63-8a15-cc69a562de94"
2922250,BA,Muquém do São Francisco,"01a02d5a-ddc4-7f63-8a16-8e196f611203"
2922300,BA,Muritiba,"01a02d5a-ddc4-7f63-8a17-49887d097efc"
2922409,BA,Mutuípe,"01a02d5a-ddc4-7f63-8a18-4741446ee7c6"
2922508,BA,Nazaré,"01a02d5a-ddc4-7f63-8a19-d8a40723adb1"
2922607,BA,Nilo Peçanha,"01a02d5a-ddc5-7f8b-8b18-7e602348e487"
2922656,BA,Nordestina,"01a02d5a-ddc5-7f8b-8b19-8f63b0d670ba"
2922706,BA,Nova Canaã,"01a02d5a-ddc5-7f8b-8b1a-121ee1504dd4"
2922730,BA,Nova Fátima,"01a02d5a-ddc5-7f8b-8b1b-5abc3686ce38"
2922755,BA,Nova Ibiá,"01a02d5a-ddc5-7f8b-8b1c-78b0964f9f7a"
2922805,BA,Nova Itarana,"01a02d5a-ddc5-7f8b-8b1d-4a04c3e18a83"
2922854,BA,Nova Redenção,"01a02d5a-ddc5-7f8b-8b1e-83d6012f6cde"
2922904,BA,Nova Soure,"01a02d5a-ddc5-7f8b-8b1f-5ecd06fa30f3"
2923001,BA,Nova Viçosa,"01a02d5a-ddc5-7f8b-8b20-76d2522acd0e"
2923035,BA,Novo Horizonte,"01a02d5a-ddc5-7f8b-8b21-95b4675e8f5d"
2923050,BA,Novo Triunfo,"01a02d5a-ddc7-7758-81de-758830bef314"
2923100,BA,Olindina,"01a02d5a-ddc7-7758-81df-d5e06db17c21"
2923209,BA,Oliveira dos Brejinhos,"01a02d5a-ddc7-7758-81e0-b4c70b54396a"
2923308,BA,Ouriçangas,"01a02d5a-ddc7-7758-81e1-81fe2a21a69d"
2923357,BA,Ourolândia,"01a02d5a-ddc7-7758-81e2-3925cc28211f"
2923407,BA,Palmas de Monte Alto,"01a02d5a-ddc7-7758-81e3-fe6bc5705c4c"
2923506,BA,Palmeiras,"01a02d5a-ddc7-7758-81e4-093df0a155a0"
2923605,BA,Paramirim,"01a02d5a-ddc8-7756-9ad3-d15f88f93d42"
2923704,BA,Paratinga,"01a02d5a-ddc8-7756-9ad4-067626fcc40c"
2923803,BA,Paripiranga,"01a02d5a-ddc8-7756-9ad5-4e0d36aa43ce"
2923902,BA,Pau Brasil,"01a02d5a-ddc8-7756-9ad6-577ec7b83879"
2924009,BA,Paulo Afonso,"01a02d5a-ddc8-7756-9ad7-110ba67c1f09"
2924058,BA,Pé de Serra,"01a02d5a-ddc8-7756-9ad8-31b9b1d8e1a7"
2924108,BA,Pedrão,"01a02d5a-ddc8-7756-9ad9-535933c92849"
2924207,BA,Pedro Alexandre,"01a02d5a-ddc8-7756-9ada-67b3156a992c"
2924306,BA,Piatã,"01a02d5a-ddc8-7756-9adb-344fbef77044"
2924405,BA,Pilão Arcado,"01a02d5a-ddc9-7753-bdf2-02d7f08bbdac"
2924504,BA,Pindaí,"01a02d5a-ddc9-7753-bdf3-3c8e3e6e1f5e"
2924603,BA,Pindobaçu,"01a02d5a-ddc9-7753-bdf4-f4f1acf6552d"
2924652,BA,Pintadas,"01a02d5a-ddc9-7753-bdf5-f307a5da47c1"
2924678,BA,Piraí do Norte,"01a02d5a-ddc9-7753-bdf6-58e2279cc8fc"
2924702,BA,Piripá,"01a02d5a-ddc9-7753-bdf7-2818dcaf9db8"
2924801,BA,Piritiba,"01a02d5a-ddc9-7753-bdf8-39cc8b05ce94"
2924900,BA,Planaltino,"01a02d5a-ddc9-7753-bdf9-08a70f5d546e"
2925006,BA,Planalto,"01a02d5a-ddc9-7753-bdfa-d25716c6bb30"
2925105,BA,Poções,"01a02d5a-ddca-7b3a-a726-e56c120ae7a5"
2925204,BA,Pojuca,"01a02d5a-ddca-7b3a-a727-01530a107e9e"
2925253,BA,Ponto Novo,"01a02d5a-ddca-7b3a-a728-f4dac2d56738"
2925303,BA,Porto Seguro,"01a02d5a-ddcb-763e-88c4-d3c1e8e0879c"
2925402,BA,Potiraguá,"01a02d5a-ddcb-763e-88c5-a7c66f245672"
2925501,BA,Prado,"01a02d5a-ddcb-763e-88c6-dd8db77b2d41"
2925600,BA,Presidente Dutra,"01a02d5a-ddcb-763e-88c7-3393bac78e67"
2925709,BA,Presidente Jânio Quadros,"01a02d5a-ddcc-767c-8530-58a16fedfefb"
2925758,BA,Presidente Tancredo Neves,"01a02d5a-e1a5-7bcc-9911-0527b74f8b68"
2925808,BA,Queimadas,"01a02d5a-e1a8-7f82-91b3-d9a288707c22"
2925907,BA,Quijingue,"01a02d5a-e1a8-7f82-91b4-021f1bd02644"
2925931,BA,Quixabeira,"01a02d5a-e1a9-787c-85f3-9865b4697297"
2925956,BA,Rafael Jambeiro,"01a02d5a-e1a9-787c-85f4-40c4a3fe742e"
2926004,BA,Remanso,"01a02d5a-e1aa-721c-b2c3-67f7f9a4ebce"
2926103,BA,Retirolândia,"01a02d5a-e1aa-721c-b2c4-fe54b921f19b"
2926202,BA,Riachão das Neves,"01a02d5a-e1aa-7aae-b2c5-b9d56af4a0b1"
2926301,BA,Riachão do Jacuípe,"01a02d5a-e1aa-7aae-b2c6-99312652d817"
2926400,BA,Riacho de Santana,"01a02d5a-e1ab-735c-9032-e6b6b5618cff"
2926509,BA,Ribeira do Amparo,"01a02d5a-e1ab-735c-9033-31ed60d7c8a6"
2926608,BA,Ribeira do Pombal,"01a02d5a-e1ab-735c-9034-7d2e29f59545"
2926657,BA,Ribeirão do Largo,"01a02d5a-e1ab-7bd5-9035-2e90ec4ae1bd"
2926707,BA,Rio de Contas,"01a02d5a-e1ab-7bd5-9036-9bd407e9d114"
2926806,BA,Rio do Antônio,"01a02d5a-e1ab-7bd5-9037-843716486fa9"
2926905,BA,Rio do Pires,"01a02d5a-e1ab-7bd5-9038-d891fe481b3e"
2927002,BA,Rio Real,"01a02d5a-e1ac-748b-b8af-4ac2ac7bd34f"
2927101,BA,Rodelas,"01a02d5a-e1ac-748b-b8b0-77ecd967bc96"
2927200,BA,Ruy Barbosa,"01a02d5a-e1ac-748b-b8b1-03476fedd1b7"
2927309,BA,Salinas da Margarida,"01a02d5a-e1ac-7d58-b8b2-d00c5b0c837e"
2927408,BA,Salvador,"01a02d5a-e1ac-7d58-b8b3-7738953a09ed"
2927507,BA,Santa Bárbara,"01a02d5a-e1ac-7d58-b8b4-af33312e94c1"
2927606,BA,Santa Brígida,"01a02d5a-e1ac-7d58-b8b5-b33143e5e7d1"
2927705,BA,Santa Cruz Cabrália,"01a02d5a-e1ad-75d2-9f53-d6c14ad34dc0"
2927804,BA,Santa Cruz da Vitória,"01a02d5a-e1ad-75d2-9f54-b9cc1f64e42f"
2927903,BA,Santa Inês,"01a02d5a-e1ad-75d2-9f55-6a0143fc724a"
2928059,BA,Santa Luzia,"01a02d5a-e1ad-7e8a-9f56-c7a059870706"
2928109,BA,Santa Maria da Vitória,"01a02d5a-e1ad-7e8a-9f57-c167c4413b9a"
2928406,BA,Santa Rita de Cássia,"01a02d5a-e1ad-7e8a-9f58-6c06dc7327d4"
2928505,BA,Santa Terezinha,"01a02d5a-e1ae-7787-89f1-952581a9ee6b"
2928000,BA,Santaluz,"01a02d5a-e1ae-7787-89f2-a6e5b71089cc"
2928208,BA,Santana,"01a02d5a-e1ae-7787-89f3-aa32956a2c9b"
2928307,BA,Santanópolis,"01a02d5a-e1ae-7787-89f4-b1aa0b6ff108"
2928604,BA,Santo Amaro,"01a02d5a-e1af-7046-a643-32f7e21c6018"
2928703,BA,Santo Antônio de Jesus,"01a02d5a-e1af-7046-a644-793cf7d2c21a"
2928802,BA,Santo Estêvão,"01a02d5a-e1af-7046-a645-af37842ae3f5"
2928901,BA,São Desidério,"01a02d5a-e1af-7889-a646-9469f98ba637"
2928950,BA,São Domingos,"01a02d5a-e1af-7889-a647-7e21837ead4b"
2929107,BA,São Felipe,"01a02d5a-e1af-7889-a648-db74fadfc312"
2929008,BA,São Félix,"01a02d5a-e1af-7889-a649-3cf33d5f001a"
2929057,BA,São Félix do Coribe,"01a02d5a-e1b0-70de-ac86-696aab579089"
2929206,BA,São Francisco do Conde,"01a02d5a-e1b0-70de-ac87-a538e364b6fc"
2929255,BA,São Gabriel,"01a02d5a-e1b0-70de-ac88-ef9ca280d5a0"
2929305,BA,São Gonçalo dos Campos,"01a02d5a-e1b0-70de-ac89-e15058310b04"
2929354,BA,São José da Vitória,"01a02d5a-e1b0-7959-ac8a-a18bdeb5ef2d"
2929370,BA,São José do Jacuípe,"01a02d5a-e1b0-7959-ac8b-0d3ce4cdcb6d"
2929404,BA,São Miguel das Matas,"01a02d5a-e1b0-7959-ac8c-e59a0375d2ab"
2929503,BA,São Sebastião do Passé,"01a02d5a-e1b0-7959-ac8d-b481425e13d4"
2929602,BA,Sapeaçu,"01a02d5a-e1b1-718f-a860-a425ad7d949c"
2929701,BA,Sátiro Dias,"01a02d5a-e1b1-718f-a861-88a876fafef9"
2929750,BA,Saubara,"01a02d5a-e1b1-718f-a862-e81be1b8e9b9"
2929800,BA,Saúde,"01a02d5a-e1b1-718f-a863-7f8b177facab"
2929909,BA,Seabra,"01a02d5a-e1b1-7a36-a864-41293abe77ef"
2930006,BA,Sebastião Laranjeiras,"01a02d5a-e1b1-7a36-a865-171e64a0262e"
2930105,BA,Senhor do Bonfim,"01a02d5a-e1b1-7a36-a866-56500b77f9fb"
2930204,BA,Sento Sé,"01a02d5a-e1b1-7a36-a867-ddc8b9375ff3"
2930154,BA,Serra do Ramalho,"01a02d5a-e1b2-72a1-80a9-bd08618d177d"
2930303,BA,Serra Dourada,"01a02d5a-e1b2-72a1-80aa-2a98a2e8f00b"
2930402,BA,Serra Preta,"01a02d5a-e1b2-72a1-80ab-5b9f43222fe5"
2930501,BA,Serrinha,"01a02d5a-e1b2-7d4f-80ac-51e2ae623ccf"
2930600,BA,Serrolândia,"01a02d5a-e1b2-7d4f-80ad-d9dd492a2c98"
2930709,BA,Simões Filho,"01a02d5a-e1b2-7d4f-80ae-4fb5ca5e4983"
2930758,BA,Sítio do Mato,"01a02d5a-e1b2-7d4f-80af-1a1d7f853b21"
2930766,BA,Sítio do Quinto,"01a02d5a-e1b3-7d78-bdb9-b9968fdf5c9a"
2930774,BA,Sobradinho,"01a02d5a-e1b3-7d78-bdba-1f9f6694661a"
2930808,BA,Souto Soares,"01a02d5a-e1b3-7d78-bdbb-a8fe902738e5"
2930907,BA,Tabocas do Brejo Velho,"01a02d5a-e1b3-7d78-bdbc-b2b6806b484b"
2931004,BA,Tanhaçu,"01a02d5a-e1b4-7d77-9526-02ade63d1240"
2931053,BA,Tanque Novo,"01a02d5a-e1b4-7d77-9527-b3cffc19572d"
2931103,BA,Tanquinho,"01a02d5a-e1b4-7d77-9528-469d9b250803"
2931202,BA,Taperoá,"01a02d5a-e1b4-7d77-9529-41ed70419035"
2931301,BA,Tapiramutá,"01a02d5a-e1b5-7d78-a9e5-aeb249ec139f"
2931350,BA,Teixeira de Freitas,"01a02d5a-e1b5-7d78-a9e6-c87062780f4b"
2931400,BA,Teodoro Sampaio,"01a02d5a-e1b5-7d78-a9e7-4e881860201a"
2931509,BA,Teofilândia,"01a02d5a-e1b5-7d78-a9e8-93500253e621"
2931608,BA,Teolândia,"01a02d5a-e1b6-7d7e-8ab5-56257efbf46f"
2931707,BA,Terra Nova,"01a02d5a-e1b6-7d7e-8ab6-d146041563d3"
2931806,BA,Tremedal,"01a02d5a-e1b6-7d7e-8ab7-2ef27aa9929e"
2931905,BA,Tucano,"01a02d5a-e1b6-7d7e-8ab8-fdef94f9b111"
2932002,BA,Uauá,"01a02d5a-e1b7-7d68-a20a-a0accb2e7c84"
2932101,BA,Ubaíra,"01a02d5a-e1b7-7d68-a20b-a27df29c4f1d"
2932200,BA,Ubaitaba,"01a02d5a-e1b7-7d68-a20c-a81d9387cace"
2932309,BA,Ubatã,"01a02d5a-e1b7-7d68-a20d-6e0df8283276"
2932408,BA,Uibaí,"01a02d5a-e1b7-7d68-a20e-aafeb0145ad9"
2932457,BA,Umburanas,"01a02d5a-e1b8-7d66-8bda-6e40c034ba3c"
2932507,BA,Una,"01a02d5a-e1b8-7d66-8bdb-49b0a37339a4"
2932606,BA,Urandi,"01a02d5a-e1b8-7d66-8bdc-0dd8e828c25b"
2932705,BA,Uruçuca,"01a02d5a-e1b8-7d66-8bdd-7e35602cadd5"
2932804,BA,Utinga,"01a02d5a-e1b9-7d67-8654-59eda5fc30e4"
2932903,BA,Valença,"01a02d5a-e1b9-7d67-8655-e09ebbb85234"
2933000,BA,Valente,"01a02d5a-e1b9-7d67-8656-1dce86acc29c"
2933059,BA,Várzea da Roça,"01a02d5a-e1b9-7d67-8657-b2a828c71309"
2933109,BA,Várzea do Poço,"01a02d5a-e1b9-7d67-8658-76f67ebf29f6"
2933158,BA,Várzea Nova,"01a02d5a-e1b9-7d67-8659-f1b6aaea68c5"
2933174,BA,Varzedo,"01a02d5a-e1b9-7d67-865a-7f1c31a31528"
2933208,BA,Vera Cruz,"01a02d5a-e1bb-758c-9f8b-a65981cc2214"
2933257,BA,Vereda,"01a02d5a-e1bb-758c-9f8c-bcdd409939b7"
2933307,BA,Vitória da Conquista,"01a02d5a-e1bb-758c-9f8d-2d4ac67a2d3c"
2933406,BA,Wagner,"01a02d5a-e1bb-758c-9f8e-0a13f0c238af"
2933455,BA,Wanderley,"01a02d5a-e1bc-75b7-a058-87d153b8dd54"
2933505,BA,Wenceslau Guimarães,"01a02d5a-e598-710a-bdea-6bbd560eed0f"
2933604,BA,Xique-Xique,"01a02d5a-e59b-7605-b575-fb3427b0c3b7"
3100104,MG,Abadia dos Dourados,"01a02d5a-e59b-7e2c-b576-ab1a01b3ca5b"
3100203,MG,Abaeté,"01a02d5a-e59e-79db-afab-73870779a124"
3100302,MG,Abre Campo,"01a02d5a-e59e-79db-afac-1070c37aa7d9"
3100401,MG,Acaiaca,"01a02d5a-e59e-79db-afad-e79cf1316360"
3100500,MG,Açucena,"01a02d5a-e59f-72a3-b3f2-4ce198f2d2b2"
3100609,MG,Água Boa,"01a02d5a-e59f-72a3-b3f3-29bba85ff106"
3100708,MG,Água Comprida,"01a02d5a-e59f-7b38-b3f4-e8cee2110694"
3100807,MG,Aguanil,"01a02d5a-e59f-7b38-b3f5-eba4f21e1908"
3100906,MG,Águas Formosas,"01a02d5a-e59f-7b38-b3f6-dabda788ff1b"
3101003,MG,Águas Vermelhas,"01a02d5a-e5a0-741d-b95d-6ff1b3c8f727"
3101102,MG,Aimorés,"01a02d5a-e5a0-741d-b95e-62f6681a6f9c"
3101201,MG,Aiuruoca,"01a02d5a-e5a0-7cfc-b95f-f5b5ba0e1a42"
3101300,MG,Alagoa,"01a02d5a-e5a0-7cfc-b960-952e5776aa08"
3101409,MG,Albertina,"01a02d5a-e5a1-75bb-95a2-4fe8c22a41f6"
3101508,MG,Além Paraíba,"01a02d5a-e5a1-75bb-95a3-61689123bb9b"
3101607,MG,Alfenas,"01a02d5a-e5a1-75bb-95a4-c8bcfa8fe9a3"
3101631,MG,Alfredo Vasconcelos,"01a02d5a-e5a1-7e8a-95a5-ebaf58a3d8ac"
3101706,MG,Almenara,"01a02d5a-e5a1-7e8a-95a6-f4db64d0009a"
3101805,MG,Alpercata,"01a02d5a-e5a2-7733-8941-7429484e7016"
3101904,MG,Alpinópolis,"01a02d5a-e5a3-7412-834d-03642460c6d2"
3102001,MG,Alterosa,"01a02d5a-e5a3-7412-834e-0b4a43af2291"
3102050,MG,Alto Caparaó,"01a02d5a-e5a3-7412-834f-7add0671c30c"
3153509,MG,Alto Jequitibá,"01a02d5a-e5a3-7d65-8350-aebc08d01e9a"
3102100,MG,Alto Rio Doce,"01a02d5a-e5a3-7d65-8351-21229ef01564"
3102209,MG,Alvarenga,"01a02d5a-e5a3-7d65-8352-f66b98328c48"
3102308,MG,Alvinópolis,"01a02d5a-e5a4-7648-9d54-99b080d20c09"
3102407,MG,Alvorada de Minas,"01a02d5a-e5a4-7648-9d55-3b2e8e26cc7e"
3102506,MG,Amparo do Serra,"01a02d5a-e5a4-7f2d-9d56-743acc2a8be9"
3102605,MG,Andradas,"01a02d5a-e5a4-7f2d-9d57-77b92f1cfb78"
3102803,MG,Andrelândia,"01a02d5a-e5a4-7f2d-9d58-350fd2e7bfa6"
3102852,MG,Angelândia,"01a02d5a-e5a5-7812-b085-f6bf0f2774f1"
3102902,MG,Antônio Carlos,"01a02d5a-e5a5-7812-b086-0c1ee736368a"
3103009,MG,Antônio Dias,"01a02d5a-e5a6-70dd-833d-07ed334ef7de"
3103108,MG,Antônio Prado de Minas,"01a02d5a-e5a6-70dd-833e-124d4e4cef4c"
3103207,MG,Araçaí,"01a02d5a-e5a6-70dd-833f-65131566e14c"
3103306,MG,Aracitaba,"01a02d5a-e5a6-7a14-8340-d445e25ca456"
3103405,MG,Araçuaí,"01a02d5a-e5a6-7a14-8341-3c21c983cff4"
3103504,MG,Araguari,"01a02d5a-e5a7-7305-897e-f7242430b4df"
3103603,MG,Arantina,"01a02d5a-e5a7-7305-897f-cd8d1cf27011"
3103702,MG,Araponga,"01a02d5a-e5a7-7305-8980-9bf6df77db7a"
3103751,MG,Araporã,"01a02d5a-e5a7-7c20-8981-86edae66a683"
3103801,MG,Arapuá,"01a02d5a-e5a7-7c20-8982-29943ccf3fb2"
3103900,MG,Araújos,"01a02d5a-e5a8-74fe-9250-3f8f44e257ed"
3104007,MG,Araxá,"01a02d5a-e5a8-74fe-9251-9e681f3e7d1d"
3104106,MG,Arceburgo,"01a02d5a-e5a8-7dce-9252-f469ec0125b4"
3104205,MG,Arcos,"01a02d5a-e5a8-7dce-9253-1fdb7c954287"
3104304,MG,Areado,"01a02d5a-e5a9-76a3-b5a9-1c4696522cac"
3104403,MG,Argirita,"01a02d5a-e5a9-76a3-b5aa-f7899b35a590"
3104452,MG,Aricanduva,"01a02d5a-e5a9-76a3-b5ab-bb93ce3c95ce"
3104502,MG,Arinos,"01a02d5a-e5a9-76a3-b5ac-a7dfc0f2a3bb"
3104601,MG,Astolfo Dutra,"01a02d5a-e5a9-76a3-b5ad-cbc1d0df3628"
3104700,MG,Ataléia,"01a02d5a-e5a9-76a3-b5ae-ef1557f620aa"
3104809,MG,Augusto de Lima,"01a02d5a-e5aa-76c6-b97c-a73994c6bbff"
3104908,MG,Baependi,"01a02d5a-e5aa-76c6-b97d-342c1cb4844e"
3105004,MG,Baldim,"01a02d5a-e5aa-76c6-b97e-7ec9b470a2fc"
3105103,MG,Bambuí,"01a02d5a-e5aa-76c6-b97f-5c27af1c00f8"
3105202,MG,Bandeira,"01a02d5a-e5aa-76c6-b980-ad00debe4366"
3105301,MG,Bandeira do Sul,"01a02d5a-e5aa-76c6-b981-310fe8792049"
3105400,MG,Barão de Cocais,"01a02d5a-e5aa-76c6-b982-4472ac50f71d"
3105509,MG,Barão de Monte Alto,"01a02d5a-e5aa-76c6-b983-a45dd9379017"
3105608,MG,Barbacena,"01a02d5a-e5aa-76c6-b984-b6a303445670"
3105707,MG,Barra Longa,"01a02d5a-e5ab-76c7-915f-5a7b2112b7a9"
3105905,MG,Barroso,"01a02d5a-e5ab-76c7-9160-c1e2d474cf5e"
3106002,MG,Bela Vista de Minas,"01a02d5a-e5ab-76c7-9161-a24652985681"
3106101,MG,Belmiro Braga,"01a02d5a-e5ab-76c7-9162-ba704aef36e8"
3106200,MG,Belo Horizonte,"01a02d5a-e5ab-76c7-9163-064461bb14b1"
3106309,MG,Belo Oriente,"01a02d5a-e5ab-76c7-9164-3ccc38a8e358"
3106408,MG,Belo Vale,"01a02d5a-e5ab-76c7-9165-19a6a785ee49"
3106507,MG,Berilo,"01a02d5a-e5ab-76c7-9166-c58e146a5ec5"
3106655,MG,Berizal,"01a02d5a-e5ab-76c7-9167-787b75f1f076"
3106606,MG,Bertópolis,"01a02d5a-e5ac-76cb-b715-92b30269fd62"
3106705,MG,Betim,"01a02d5a-e5ac-76cb-b716-1e28bb8ab1a6"
3106804,MG,Bias Fortes,"01a02d5a-e5ac-76cb-b717-ef836ccab177"
3106903,MG,Bicas,"01a02d5a-e5ac-76cb-b718-8a03685ce1fc"
3107000,MG,Biquinhas,"01a02d5a-e5ac-76cb-b719-46f36b752a77"
3107109,MG,Boa Esperança,"01a02d5a-e5ac-76cb-b71a-8104bb3ec1ea"
3107208,MG,Bocaina de Minas,"01a02d5a-e5ac-76cb-b71b-762ad3fd1224"
3107307,MG,Bocaiúva,"01a02d5a-e5ac-76cb-b71c-6ee7cad51ed6"
3107406,MG,Bom Despacho,"01a02d5a-e5ad-76ca-befb-cc4a6747198d"
3107505,MG,Bom Jardim de Minas,"01a02d5a-e5ad-76ca-befc-ab9edb555638"
3107604,MG,Bom Jesus da Penha,"01a02d5a-e5ad-76ca-befd-5de53806e28c"
3107703,MG,Bom Jesus do Amparo,"01a02d5a-e5ad-76ca-befe-d4a36d5dd7a8"
3107802,MG,Bom Jesus do Galho,"01a02d5a-e5ad-76ca-beff-2669604b8d2d"
3107901,MG,Bom Repouso,"01a02d5a-e5ad-76ca-bf00-5cfd6f11e162"
3108008,MG,Bom Sucesso,"01a02d5a-e5ad-76ca-bf01-c16867dab48f"
3108107,MG,Bonfim,"01a02d5a-e5ad-76ca-bf02-25843df1d915"
3108206,MG,Bonfinópolis de Minas,"01a02d5a-e5ae-76bc-bdd8-f430e74e6b92"
3108255,MG,Bonito de Minas,"01a02d5a-e5ae-76bc-bdd9-5a08bfa58c22"
3108305,MG,Borda da Mata,"01a02d5a-e5ae-76bc-bdda-ef5b4848af6b"
3108404,MG,Botelhos,"01a02d5a-e5ae-76bc-bddb-9535f290654b"
3108503,MG,Botumirim,"01a02d5a-e5ae-76bc-bddc-bd9790b0163a"
3108701,MG,Brás Pires,"01a02d5a-e5ae-76bc-bddd-f151da1ecd29"
3108552,MG,Brasilândia de Minas,"01a02d5a-e5ae-76bc-bdde-703fc74e7de9"
3108602,MG,Brasília de Minas,"01a02d5a-e5af-7ef4-96f9-4254a622a32e"
3108800,MG,Braúnas,"01a02d5a-e5af-7ef4-96fa-7b3b7a2ff30f"
3108909,MG,Brazópolis,"01a02d5a-e5af-7ef4-96fb-87dac821fff7"
3109006,MG,Brumadinho,"01a02d5a-e5af-7ef4-96fc-f2627b2a73a8"
3109105,MG,Bueno Brandão,"01a02d5a-e5b0-7f26-8f7b-460aae5794f2"
3109204,MG,Buenópolis,"01a02d5a-e98c-7114-858b-e8d872ace7d1"
3109253,MG,Bugre,"01a02d5a-e98e-7cd0-a1e8-9131eb4ccbfa"
3109303,MG,Buritis,"01a02d5a-e98f-75ae-8368-beb605dc4e19"
3109402,MG,Buritizeiro,"01a02d5a-e98f-7e83-8369-3b4d36ccf93a"
3109451,MG,Cabeceira Grande,"01a02d5a-e98f-7e83-836a-eede2b181a6c"
3109501,MG,Cabo Verde,"01a02d5a-e990-7768-80f7-9c0a627b68e8"
3109600,MG,Cachoeira da Prata,"01a02d5a-e990-7768-80f8-cd2a00676f36"
3109709,MG,Cachoeira de Minas,"01a02d5a-e990-7768-80f9-a51e84c1c775"
3102704,MG,Cachoeira de Pajeú,"01a02d5a-e991-7284-b5d3-9141579dbde3"
3109808,MG,Cachoeira Dourada,"01a02d5a-e991-7284-b5d4-ef7d57f30208"
3109907,MG,Caetanópolis,"01a02d5a-e991-7284-b5d5-f5633e39aff4"
3110004,MG,Caeté,"01a02d5a-e991-7b49-b5d6-045e5b86cc87"
3110103,MG,Caiana,"01a02d5a-e991-7b49-b5d7-fabc83ef8b64"
3110202,MG,Cajuri,"01a02d5a-e991-7b49-b5d8-256a5f353b2d"
3110301,MG,Caldas,"01a02d5a-e991-7b49-b5d9-2f4b7fd200f6"
3110400,MG,Camacho,"01a02d5a-e992-7440-ad18-c8576f439f25"
3110509,MG,Camanducaia,"01a02d5a-e992-7440-ad19-d47e0593023f"
3110608,MG,Cambuí,"01a02d5a-e992-7440-ad1a-ba40a9ec284c"
3110707,MG,Cambuquira,"01a02d5a-e992-7440-ad1b-0c1c44bcf4dc"
3110806,MG,Campanário,"01a02d5a-e992-7ced-ad1c-1044a10eb62f"
3110905,MG,Campanha,"01a02d5a-e992-7ced-ad1d-a801e84ebd0a"
3111002,MG,Campestre,"01a02d5a-e992-7ced-ad1e-395b18fd907f"
3111101,MG,Campina Verde,"01a02d5a-e993-7599-bca4-7528c682872d"
3111150,MG,Campo Azul,"01a02d5a-e993-7599-bca5-d8a7f1973613"
3111200,MG,Campo Belo,"01a02d5a-e993-7599-bca6-a1f4c2518930"
3111309,MG,Campo do Meio,"01a02d5a-e993-7599-bca7-a34bd4554299"
3111408,MG,Campo Florido,"01a02d5a-e993-7e48-bca8-5650e76f8651"
3111507,MG,Campos Altos,"01a02d5a-e993-7e48-bca9-0557dc84e385"
3111606,MG,Campos Gerais,"01a02d5a-e993-7e48-bcaa-a3f338de2d74"
3111903,MG,Cana Verde,"01a02d5a-e994-76f9-b6ac-e9ebeebe12d1"
3111705,MG,Canaã,"01a02d5a-e994-76f9-b6ad-be4f0f3597f9"
3111804,MG,Canápolis,"01a02d5a-e994-76f9-b6ae-c7a736772106"
3112000,MG,Candeias,"01a02d5a-e994-76f9-b6af-f49fa3150807"
3112059,MG,Cantagalo,"01a02d5a-e994-7fe4-b6b0-cab439741db8"
3112109,MG,Caparaó,"01a02d5a-e994-7fe4-b6b1-c1f8c29676d9"
3112208,MG,Capela Nova,"01a02d5a-e994-7fe4-b6b2-0fa557d4492d"
3112307,MG,Capelinha,"01a02d5a-e994-7fe4-b6b3-7838284c419a"
3112406,MG,Capetinga,"01a02d5a-e994-7fe4-b6b4-b570b68fea0b"
3112505,MG,Capim Branco,"01a02d5a-e994-7fe4-b6b5-bd29f7ed52f7"
3112604,MG,Capinópolis,"01a02d5a-e994-7fe4-b6b6-52eabae3dfae"
3112653,MG,Capitão Andrade,"01a02d5a-e996-700b-8d32-e19a3688d288"
3112703,MG,Capitão Enéas,"01a02d5a-e996-700b-8d33-16f03c72b59c"
3112802,MG,Capitólio,"01a02d5a-e996-700b-8d34-6e7b50a7f593"
3112901,MG,Caputira,"01a02d5a-e996-700b-8d35-a5fa955d2244"
3113008,MG,Caraí,"01a02d5a-e996-782d-8d36-5b759fac50b4"
3113107,MG,Caranaíba,"01a02d5a-e996-782d-8d37-307f4bf14898"
3113206,MG,Carandaí,"01a02d5a-e996-782d-8d38-35401cfcdc3f"
3113305,MG,Carangola,"01a02d5a-e996-782d-8d39-d648f0f375ae"
3113404,MG,Caratinga,"01a02d5a-e996-782d-8d3a-15e1032bde11"
3113503,MG,Carbonita,"01a02d5a-e996-782d-8d3b-aff0ba8377aa"
3113602,MG,Careaçu,"01a02d5a-e997-784d-9e6b-ee99119500d2"
3113701,MG,Carlos Chagas,"01a02d5a-e997-784d-9e6c-3ac2588518ee"
3113800,MG,Carmésia,"01a02d5a-e997-784d-9e6d-5fc59bb3155c"
3113909,MG,Carmo da Cachoeira,"01a02d5a-e997-784d-9e6e-c75ecbb0aa5e"
3114006,MG,Carmo da Mata,"01a02d5a-e997-784d-9e6f-7da0995684ba"
3114105,MG,Carmo de Minas,"01a02d5a-e997-784d-9e70-fa5d27732d72"
3114204,MG,Carmo do Cajuru,"01a02d5a-e997-784d-9e71-f552eb9adf00"
3114303,MG,Carmo do Paranaíba,"01a02d5a-e998-7876-8207-94a20c187168"
3114402,MG,Carmo do Rio Claro,"01a02d5a-e998-7876-8208-a4b810394c19"
3114501,MG,Carmópolis de Minas,"01a02d5a-e998-7876-8209-6a9f19130c81"
3114550,MG,Carneirinho,"01a02d5a-e998-7876-820a-a08206791fa1"
3114600,MG,Carrancas,"01a02d5a-e998-7876-820b-329c8bb9d220"
3114709,MG,Carvalhópolis,"01a02d5a-e998-7876-820c-8839b0179b58"
3114808,MG,Carvalhos,"01a02d5a-e998-7876-820d-a62a078dbfe9"
3114907,MG,Casa Grande,"01a02d5a-e99a-709e-9275-27cdd077fc52"
3115003,MG,Cascalho Rico,"01a02d5a-e99a-709e-9276-29aabf32b5ff"
3115102,MG,Cássia,"01a02d5a-e99a-709e-9277-91defc12121e"
3115300,MG,Cataguases,"01a02d5a-e99a-7962-9278-e7f592201c77"
3115359,MG,Catas Altas,"01a02d5a-e99a-7962-9279-26354e8cf99e"
3115409,MG,Catas Altas da Noruega,"01a02d5a-e99a-7962-927a-3c8349be296d"
3115458,MG,Catuji,"01a02d5a-e99b-7234-9a25-3e11d1f6a35e"
3115474,MG,Catuti,"01a02d5a-e99b-7234-9a26-dd8af06db493"
3115508,MG,Caxambu,"01a02d5a-e99b-7234-9a27-b8b9b23f8990"
3115607,MG,Cedro do Abaeté,"01a02d5a-e99b-7234-9a28-7dc5fe541f83"
3115706,MG,Central de Minas,"01a02d5a-e99b-7234-9a29-d5c21db4f2b8"
3115805,MG,Centralina,"01a02d5a-e99c-7287-8e2b-fee417df775b"
3115904,MG,Chácara,"01a02d5a-e99c-7287-8e2c-038227d1e016"
3116001,MG,Chalé,"01a02d5a-e99c-7287-8e2d-3cf8ffe48d76"
3116100,MG,Chapada do Norte,"01a02d5a-e99c-7287-8e2e-44350f5e8a05"
3116159,MG,Chapada Gaúcha,"01a02d5a-e99d-7261-b30a-8e173ec8f484"
3116209,MG,Chiador,"01a02d5a-e99d-7261-b30b-47dd2df344c9"
3116308,MG,Cipotânea,"01a02d5a-e99d-7261-b30c-326381159164"
3116407,MG,Claraval,"01a02d5a-e99d-7261-b30d-d1b6d414ab57"
3116506,MG,Claro dos Poções,"01a02d5a-e99d-7261-b30e-89d4931da303"
3116605,MG,Cláudio,"01a02d5a-e99e-7263-8f46-79093231c165"
3116704,MG,Coimbra,"01a02d5a-e99e-7263-8f47-b4c33cc7038e"
3116803,MG,Coluna,"01a02d5a-e99e-7263-8f48-e55dba69537c"
3116902,MG,Comendador Gomes,"01a02d5a-e99e-7263-8f49-3cf5e7a9d367"
3117009,MG,Comercinho,"01a02d5a-e99f-7263-b7b8-1a715cf7aa1c"
3117108,MG,Conceição da Aparecida,"01a02d5a-e99f-7263-b7b9-e3814574359e"
3115201,MG,Conceição da Barra de Minas,"01a02d5a-e99f-7263-b7ba-0f26df619c33"
3117306,MG,Conceição das Alagoas,"01a02d5a-e99f-7263-b7bb-82665d60c938"
3117207,MG,Conceição das Pedras,"01a02d5a-e99f-7263-b7bc-a1a358ba4373"
3117405,MG,Conceição de Ipanema,"01a02d5a-e9a0-7264-a198-751cb4828e62"
3117504,MG,Conceição do Mato Dentro,"01a02d5a-e9a0-7264-a199-b0231d7ece36"
3117603,MG,Conceição do Pará,"01a02d5a-e9a0-7264-a19a-3916a2fe9778"
3117702,MG,Conceição do Rio Verde,"01a02d5a-e9a0-7264-a19b-866f854db843"
3117801,MG,Conceição dos Ouros,"01a02d5a-e9a0-7264-a19c-ed9bb8b70d2d"
3117836,MG,Cônego Marinho,"01a02d5a-e9a1-7261-9a54-500c5dc36d6e"
3117876,MG,Confins,"01a02d5a-e9a1-7261-9a55-af70aae3b976"
3117900,MG,Congonhal,"01a02d5a-ed83-7238-9ce2-4d88e20d418f"
3118007,MG,Congonhas,"01a02d5a-ed86-775b-b9e7-220cf5d9e123"
3118106,MG,Congonhas do Norte,"01a02d5a-ed86-775b-b9e8-90a3d78a3cbc"
3118205,MG,Conquista,"01a02d5a-ed87-7023-93e4-0b77f1cbdd81"
3118304,MG,Conselheiro Lafaiete,"01a02d5a-ed87-7023-93e5-8ba38963a83d"
3118403,MG,Conselheiro Pena,"01a02d5a-ed87-78ce-93e6-52cb81da37a4"
3118502,MG,Consolação,"01a02d5a-ed87-78ce-93e7-abf502131364"
3118601,MG,Contagem,"01a02d5a-ed87-78ce-93e8-16fb6a80680e"
3118700,MG,Coqueiral,"01a02d5a-ed88-71e7-bd28-a9648aaff95f"
3118809,MG,Coração de Jesus,"01a02d5a-ed88-71e7-bd29-0cecd5503713"
3118908,MG,Cordisburgo,"01a02d5a-ed88-71e7-bd2a-5838c9e7fbe4"
3119005,MG,Cordislândia,"01a02d5a-ed88-7ac9-bd2b-6819a246839f"
3119104,MG,Corinto,"01a02d5a-ed88-7ac9-bd2c-1e334f68a430"
3119203,MG,Coroaci,"01a02d5a-ed88-7ac9-bd2d-73647ac6000c"
3119302,MG,Coromandel,"01a02d5a-ed88-7ac9-bd2e-fb22430e1c8b"
3119401,MG,Coronel Fabriciano,"01a02d5a-ed88-7ac9-bd2f-31ed64b86a00"
3119500,MG,Coronel Murta,"01a02d5a-ed88-7ac9-bd30-b78c3009927e"
3119609,MG,Coronel Pacheco,"01a02d5a-ed88-7ac9-bd31-cf50982933fc"
3119708,MG,Coronel Xavier Chaves,"01a02d5a-ed89-7af3-addb-ced984bcc47e"
3119807,MG,Córrego Danta,"01a02d5a-ed89-7af3-addc-390c5f69ac4b"
3119906,MG,Córrego do Bom Jesus,"01a02d5a-ed89-7af3-addd-8882127e080e"
3119955,MG,Córrego Fundo,"01a02d5a-ed89-7af3-adde-afaed4b9ce67"
3120003,MG,Córrego Novo,"01a02d5a-ed89-7af3-addf-aa7227689aa1"
3120102,MG,Couto de Magalhães de Minas,"01a02d5a-ed89-7af3-ade0-4e54c2a43ac9"
3120151,MG,Crisólita,"01a02d5a-ed89-7af3-ade1-ea41960dee62"
3120201,MG,Cristais,"01a02d5a-ed8a-7af0-85bb-072ffa74e6d8"
3120300,MG,Cristália,"01a02d5a-ed8a-7af0-85bc-413405faab34"
3120409,MG,Cristiano Otoni,"01a02d5a-ed8a-7af0-85bd-2e41815dda45"
3120508,MG,Cristina,"01a02d5a-ed8a-7af0-85be-7dc73bbbdbe8"
3120607,MG,Crucilândia,"01a02d5a-ed8a-7af0-85bf-ba9ef8fde99e"
3120706,MG,Cruzeiro da Fortaleza,"01a02d5a-ed8a-7af0-85c0-e0019669e920"
3120805,MG,Cruzília,"01a02d5a-ed8a-7af0-85c1-41d3a787c2b8"
3120839,MG,Cuparaque,"01a02d5a-ed8b-7ae0-b102-3ffd058f8dec"
3120870,MG,Curral de Dentro,"01a02d5a-ed8b-7ae0-b103-9431b7dd9dad"
3120904,MG,Curvelo,"01a02d5a-ed8b-7ae0-b104-be244f30249b"
3121001,MG,Datas,"01a02d5a-ed8b-7ae0-b105-d18c3b2028d1"
3121100,MG,Delfim Moreira,"01a02d5a-ed8b-7ae0-b106-f51064c68702"
3121209,MG,Delfinópolis,"01a02d5a-ed8b-7ae0-b107-77a467c474c4"
3121258,MG,Delta,"01a02d5a-ed8c-7ade-867d-414bad687214"
3121308,MG,Descoberto,"01a02d5a-ed8c-7ade-867e-32ba5bfeaa91"
3121407,MG,Desterro de Entre Rios,"01a02d5a-ed8c-7ade-867f-f22e6e0d6ff9"
3121506,MG,Desterro do Melo,"01a02d5a-ed8c-7ade-8680-fe0571b97c56"
3121605,MG,Diamantina,"01a02d5a-ed8c-7ade-8681-09d5f46b0c32"
3121704,MG,Diogo de Vasconcelos,"01a02d5a-ed8c-7ade-8682-37e8ef521352"
3121803,MG,Dionísio,"01a02d5a-ed8d-7adf-841c-8e6f733228ed"
3121902,MG,Divinésia,"01a02d5a-ed8d-7adf-841d-73a2d0b7e352"
3122009,MG,Divino,"01a02d5a-ed8d-7adf-841e-d23e692f594f"
3122108,MG,Divino das Laranjeiras,"01a02d5a-ed8d-7adf-841f-771811ffef11"
3122207,MG,Divinolândia de Minas,"01a02d5a-ed8d-7adf-8420-f73f7515db1a"
3122306,MG,Divinópolis,"01a02d5a-ed8e-7ade-aa14-5003c80d2b49"
3122355,MG,Divisa Alegre,"01a02d5a-ed8e-7ade-aa15-9a59eec0c225"
3122405,MG,Divisa Nova,"01a02d5a-ed8e-7ade-aa16-ad820cc6dd4c"
3122454,MG,Divisópolis,"01a02d5a-ed8e-7ade-aa17-42939c193a64"
3122470,MG,Dom Bosco,"01a02d5a-ed8e-7ade-aa18-10a126977d86"
3122504,MG,Dom Cavati,"01a02d5a-ed8f-7adf-a74d-d5542a508ccd"
3122603,MG,Dom Joaquim,"01a02d5a-ed8f-7adf-a74e-d02abddef339"
3122702,MG,Dom Silvério,"01a02d5a-ed8f-7adf-a74f-d0a80c40b619"
3122801,MG,Dom Viçoso,"01a02d5a-ed8f-7adf-a750-93911d74d06f"
3122900,MG,Dona Euzébia,"01a02d5a-ed8f-7adf-a751-da44cba8d22d"
3123007,MG,Dores de Campos,"01a02d5a-ed8f-7adf-a752-9b27ed59adb6"
3123106,MG,Dores de Guanhães,"01a02d5a-ed90-7aec-80b5-be1a2c988c8a"
3123205,MG,Dores do Indaiá,"01a02d5a-ed90-7aec-80b6-3f279b7af617"
3123304,MG,Dores do Turvo,"01a02d5a-ed90-7aec-80b7-aace45a432c4"
3123403,MG,Doresópolis,"01a02d5a-ed90-7aec-80b8-401d9b34fb2d"
3123502,MG,Douradoquara,"01a02d5a-ed90-7aec-80b9-459001cc0d80"
3123528,MG,Durandé,"01a02d5a-ed91-7adf-aabf-4a36b958126e"
3123601,MG,Elói Mendes,"01a02d5a-ed91-7adf-aac0-961087b144ba"
3123700,MG,Engenheiro Caldas,"01a02d5a-ed91-7adf-aac1-24e1ccf0764a"
3123809,MG,Engenheiro Navarro,"01a02d5a-ed91-7adf-aac2-c96e1a98136a"
3123858,MG,Entre Folhas,"01a02d5a-ed91-7adf-aac3-478a70ebec67"
3123908,MG,Entre Rios de Minas,"01a02d5a-ed91-7adf-aac4-42f8b56637e4"
3124005,MG,Ervália,"01a02d5a-ed92-7ade-acce-8da3c421cf3d"
3124104,MG,Esmeraldas,"01a02d5a-ed92-7ade-accf-19743225d85e"
3124203,MG,Espera Feliz,"01a02d5a-ed92-7ade-acd0-7361372301a0"
3124302,MG,Espinosa,"01a02d5a-ed92-7ade-acd1-d989af66cb7b"
3124401,MG,Espírito Santo do Dourado,"01a02d5a-ed92-7ade-acd2-5c7504104b85"
3124500,MG,Estiva,"01a02d5a-ed93-7ade-be4f-2f0997826d60"
3124609,MG,Estrela Dalva,"01a02d5a-ed93-7ade-be50-1a19025e3e8e"
3124708,MG,Estrela do Indaiá,"01a02d5a-ed93-7ade-be51-eeaf3bde9a2e"
3124807,MG,Estrela do Sul,"01a02d5a-ed93-7ade-be52-9b43b157af21"
3124906,MG,Eugenópolis,"01a02d5a-ed93-7ade-be53-afb34fb4b4a7"
3125002,MG,Ewbank da Câmara,"01a02d5a-ed93-7ade-be54-04b23443630b"
3125101,MG,Extrema,"01a02d5a-ed94-7add-8dda-c6baf1013d11"
3125200,MG,Fama,"01a02d5a-ed94-7add-8ddb-c38b5f0d9fd8"
3125309,MG,Faria Lemos,"01a02d5a-ed94-7add-8ddc-e1e39fbdc49b"
3125408,MG,Felício dos Santos,"01a02d5a-ed94-7add-8ddd-465ca17ce425"
3125606,MG,Felisburgo,"01a02d5a-ed94-7add-8dde-0db4f6566416"
3125705,MG,Felixlândia,"01a02d5a-ed94-7add-8ddf-6f942e944eea"
3125804,MG,Fernandes Tourinho,"01a02d5a-ed95-7afc-ae04-8859b8bbcb26"
3125903,MG,Ferros,"01a02d5a-ed95-7afc-ae05-782e7e75410b"
3125952,MG,Fervedouro,"01a02d5a-ed95-7afc-ae06-4c9ba4ba7343"
3126000,MG,Florestal,"01a02d5a-ed95-7afc-ae07-8f410fe36ac4"
3126109,MG,Formiga,"01a02d5a-ed95-7afc-ae08-3d66db5d3490"
3126208,MG,Formoso,"01a02d5a-ed95-7afc-ae09-15f9bc5f96bc"
3126307,MG,Fortaleza de Minas,"01a02d5a-ed96-7b27-b76d-19323ab2fc5f"
3126406,MG,Fortuna de Minas,"01a02d5a-ed96-7b27-b76e-a32fbcacedff"
3126505,MG,Francisco Badaró,"01a02d5a-ed96-7b27-b76f-9abbadc0237e"
3126604,MG,Francisco Dumont,"01a02d5a-ed96-7b27-b770-3c26fe97cc54"
3126703,MG,Francisco Sá,"01a02d5a-ed96-7b27-b771-c875d030d967"
3126752,MG,Franciscópolis,"01a02d5a-ed97-7af2-a912-e1e41c3c4f0f"
3126802,MG,Frei Gaspar,"01a02d5a-f1b8-73fa-beca-5bd9a7c9b8b8"
3126901,MG,Frei Inocêncio,"01a02d5a-f1bb-7a0d-ac68-6ab9540b24b7"
3126950,MG,Frei Lagonegro,"01a02d5a-f1bc-7319-b9c3-e42bba3f711a"
3127008,MG,Fronteira,"01a02d5a-f1bc-7319-b9c4-0c942e4c2982"
3127057,MG,Fronteira dos Vales,"01a02d5a-f1bc-7319-b9c5-d12210f23db7"
3127073,MG,Fruta de Leite,"01a02d5a-f1bc-7319-b9c6-851ea55c9fdc"
3127107,MG,Frutal,"01a02d5a-f1bc-7bb7-b9c7-6400f47b2e7e"
3127206,MG,Funilândia,"01a02d5a-f1bc-7bb7-b9c8-1c1e7a60d130"
3127305,MG,Galiléia,"01a02d5a-f1bc-7bb7-b9c9-87c1bbd8c26e"
3127339,MG,Gameleiras,"01a02d5a-f1bc-7bb7-b9ca-310ff180225c"
3127354,MG,Glaucilândia,"01a02d5a-f1bd-744d-b001-f53fd3b27cdd"
3127370,MG,Goiabeira,"01a02d5a-f1bd-744d-b002-e162b1ff1c4d"
3127388,MG,Goianá,"01a02d5a-f1bd-744d-b003-bcdd047341f0"
3127404,MG,Gonçalves,"01a02d5a-f1bd-744d-b004-951ed085b164"
3127503,MG,Gonzaga,"01a02d5a-f1bd-7cf8-b005-e54f8863e7ce"
3127602,MG,Gouveia,"01a02d5a-f1bd-7cf8-b006-51a020b4406e"
3127701,MG,Governador Valadares,"01a02d5a-f1bd-7cf8-b007-77e70ef6ee6b"
3127800,MG,Grão Mogol,"01a02d5a-f1bd-7cf8-b008-4039d3d25dab"
3127909,MG,Grupiara,"01a02d5a-f1be-758c-b111-0875db45cf7e"
3128006,MG,Guanhães,"01a02d5a-f1be-758c-b112-1a4ec954c9e0"
3128105,MG,Guapé,"01a02d5a-f1be-758c-b113-97706a2e5cef"
3128204,MG,Guaraciaba,"01a02d5a-f1be-758c-b114-9ee81c5c7fe3"
3128253,MG,Guaraciama,"01a02d5a-f1be-7e21-b115-5798288fe9e2"
3128303,MG,Guaranésia,"01a02d5a-f1be-7e21-b116-83a6f33d23dd"
3128402,MG,Guarani,"01a02d5a-f1be-7e21-b117-bd5652300f5c"
3128501,MG,Guarará,"01a02d5a-f1bf-76fe-82b1-d2bcdff79d19"
3128600,MG,Guarda-Mor,"01a02d5a-f1bf-76fe-82b2-390a9cd3a525"
3128709,MG,Guaxupé,"01a02d5a-f1bf-76fe-82b3-f979c9fd58cd"
3128808,MG,Guidoval,"01a02d5a-f1bf-76fe-82b4-047833b6a157"
3128907,MG,Guimarânia,"01a02d5a-f1bf-7f9c-82b5-3adcab9ef69b"
3129004,MG,Guiricema,"01a02d5a-f1bf-7f9c-82b6-472d86233218"
3129103,MG,Gurinhatã,"01a02d5a-f1c0-78bc-bf5d-4a03de1a7ba4"
3129202,MG,Heliodora,"01a02d5a-f1c0-78bc-bf5e-361a1fccf0ec"
3129301,MG,Iapu,"01a02d5a-f1c0-78bc-bf5f-eca221a9725a"
3129400,MG,Ibertioga,"01a02d5a-f1c0-78bc-bf60-307f05ef6ef4"
3129509,MG,Ibiá,"01a02d5a-f1c1-715f-a45a-065f89128643"
3129608,MG,Ibiaí,"01a02d5a-f1c1-715f-a45b-82846becc5b5"
3129657,MG,Ibiracatu,"01a02d5a-f1c1-715f-a45c-ce52915ac4eb"
3129707,MG,Ibiraci,"01a02d5a-f1c1-7a32-a45d-467ab183c33f"
3129806,MG,Ibirité,"01a02d5a-f1c2-72f8-a320-8b6b4279c9b6"
3129905,MG,Ibitiúra de Minas,"01a02d5a-f1c2-72f8-a321-7dd27c9b8648"
3130002,MG,Ibituruna,"01a02d5a-f1c2-72f8-a322-dcae1d1b56fb"
3130051,MG,Icaraí de Minas,"01a02d5a-f1c2-7be3-a323-b5d2b7ed8bd2"
3130101,MG,Igarapé,"01a02d5a-f1c2-7be3-a324-21fa75e24488"
3130200,MG,Igaratinga,"01a02d5a-f1c2-7be3-a325-7639f95ae0a2"
3130309,MG,Iguatama,"01a02d5a-f1c3-747d-a113-8ab4fc492c30"
3130408,MG,Ijaci,"01a02d5a-f1c3-747d-a114-6eda1fe9aa5c"
3130507,MG,Ilicínea,"01a02d5a-f1c3-747d-a115-2ac9a196a346"
3130556,MG,Imbé de Minas,"01a02d5a-f1c3-747d-a116-1d367c5c3024"
3130606,MG,Inconfidentes,"01a02d5a-f1c3-7d73-a117-e3b9e8c86965"
3130655,MG,Indaiabira,"01a02d5a-f1c3-7d73-a118-ad8a2d5950e3"
3130705,MG,Indianópolis,"01a02d5a-f1c3-7d73-a119-b1adef6422c6"
3130804,MG,Ingaí,"01a02d5a-f1c3-7d73-a11a-43d8aaa69068"
3130903,MG,Inhapim,"01a02d5a-f1c4-762e-b218-931d3a18e64d"
3131000,MG,Inhaúma,"01a02d5a-f1c4-762e-b219-53f452b71e62"
3131109,MG,Inimutaba,"01a02d5a-f1c4-762e-b21a-8146b7dfdcc8"
3131158,MG,Ipaba,"01a02d5a-f1c4-762e-b21b-99b2becc2291"
3131208,MG,Ipanema,"01a02d5a-f1c4-7ee5-b21c-9dffe236662a"
3131307,MG,Ipatinga,"01a02d5a-f1c4-7ee5-b21d-7af860f7ddda"
3131406,MG,Ipiaçu,"01a02d5a-f1c4-7ee5-b21e-547b163d0de4"
3131505,MG,Ipuiúna,"01a02d5a-f1c4-7ee5-b21f-9bda1a1b99e1"
3131604,MG,Iraí de Minas,"01a02d5a-f1c5-779a-b6aa-21548b2a5612"
3131703,MG,Itabira,"01a02d5a-f1c5-779a-b6ab-6f4f87f6cabb"
3131802,MG,Itabirinha,"01a02d5a-f1c5-779a-b6ac-6923e76948f1"
3131901,MG,Itabirito,"01a02d5a-f1c5-779a-b6ad-b05976441608"
3132008,MG,Itacambira,"01a02d5a-f1c6-704f-a2fd-6cf3940a5e30"
3132107,MG,Itacarambi,"01a02d5a-f1c6-704f-a2fe-224f1080ebb3"
3132206,MG,Itaguara,"01a02d5a-f1c6-704f-a2ff-452891b32192"
3132305,MG,Itaipé,"01a02d5a-f1c6-7924-a300-fbfa282a2237"
3132404,MG,Itajubá,"01a02d5a-f1c6-7924-a301-8f8c52a0b252"
3132503,MG,Itamarandiba,"01a02d5a-f1c6-7924-a302-43020803410d"
3132602,MG,Itamarati de Minas,"01a02d5a-f1c6-7924-a303-45c609950c8d"
3132701,MG,Itambacuri,"01a02d5a-f1c7-71e6-8b3c-6785e5e9bfeb"
3132800,MG,Itambé do Mato Dentro,"01a02d5a-f1c7-71e6-8b3d-d5ab4a766ead"
3132909,MG,Itamogi,"01a02d5a-f1c7-71e6-8b3e-98b4d1355602"
3133006,MG,Itamonte,"01a02d5a-f1c7-71e6-8b3f-a4d312e7b3f7"
3133105,MG,Itanhandu,"01a02d5a-f1c7-71e6-8b40-cdd3ed99461f"
3133204,MG,Itanhomi,"01a02d5a-f1c7-71e6-8b41-64366827c9d0"
3133303,MG,Itaobim,"01a02d5a-f1c7-71e6-8b42-78ed70007120"
3133402,MG,Itapagipe,"01a02d5a-f1c8-720c-bd1d-bdb02b036e06"
3133501,MG,Itapecerica,"01a02d5a-f1c8-720c-bd1e-3f73c08cc568"
3133600,MG,Itapeva,"01a02d5a-f1c8-720c-bd1f-6e3338cde636"
3133709,MG,Itatiaiuçu,"01a02d5a-f1c8-720c-bd20-33eacc0739e2"
3133758,MG,Itaú de Minas,"01a02d5a-f1c8-720c-bd21-1bf157ed60cf"
3133808,MG,Itaúna,"01a02d5a-f1c9-721a-b09c-c60eac2d6ede"
3133907,MG,Itaverava,"01a02d5a-f1c9-721a-b09d-a9d67ced3ee3"
3134004,MG,Itinga,"01a02d5a-f1c9-721a-b09e-3ec5ec32e05d"
3134103,MG,Itueta,"01a02d5a-f1c9-721a-b09f-83dc33d605f2"
3134202,MG,Ituiutaba,"01a02d5a-f1c9-721a-b0a0-964f64c184a0"
3134301,MG,Itumirim,"01a02d5a-f1c9-721a-b0a1-5fc8e975d77d"
3134400,MG,Iturama,"01a02d5a-f1ca-7212-8fa9-001f8d09113a"
3134509,MG,Itutinga,"01a02d5a-f1ca-7212-8faa-13f357099dd4"
3134608,MG,Jaboticatubas,"01a02d5a-f1ca-7212-8fab-f30c9cd9e4e6"
3134707,MG,Jacinto,"01a02d5a-f1ca-7212-8fac-9b59e484222e"
3134806,MG,Jacuí,"01a02d5a-f1ca-7212-8fad-6252c292f47f"
3134905,MG,Jacutinga,"01a02d5a-f1ca-7212-8fae-1b3467eec096"
3135001,MG,Jaguaraçu,"01a02d5a-f1cb-720d-bdcb-e559f4c85cef"
3135050,MG,Jaíba,"01a02d5a-f1cb-720d-bdcc-aefa848ad8f3"
3135076,MG,Jampruca,"01a02d5a-f1cb-720d-bdcd-56edb99f347b"
3135100,MG,Janaúba,"01a02d5a-f1cb-720d-bdce-5a1ac030e4d6"
3135209,MG,Januária,"01a02d5a-f5b4-73bf-9aec-44a3e3e57d66"
3135308,MG,Japaraíba,"01a02d5a-f5b6-7eb1-b9e1-e11c03a855eb"
3135357,MG,Japonvar,"01a02d5a-f5b7-77b6-9b9c-733e8a7d6836"
3135407,MG,Jeceaba,"01a02d5a-f5b7-77b6-9b9d-175f676fe2c8"
3135456,MG,Jenipapo de Minas,"01a02d5a-f5b7-77b6-9b9e-ef7861095655"
3135506,MG,Jequeri,"01a02d5a-f5b8-706c-b78a-b19fb50df29a"
3135605,MG,Jequitaí,"01a02d5a-f5b8-706c-b78b-a1bef6f3a341"
3135704,MG,Jequitibá,"01a02d5a-f5b8-706c-b78c-bdcb026b14fd"
3135803,MG,Jequitinhonha,"01a02d5a-f5b8-706c-b78d-011aacdbf22c"
3135902,MG,Jesuânia,"01a02d5a-f5b8-791d-b78e-eafcfb7dcd2a"
3136009,MG,Joaíma,"01a02d5a-f5b8-791d-b78f-845ceb8c71d0"
3136108,MG,Joanésia,"01a02d5a-f5b9-71b9-afdd-fe404c37f91c"
3136207,MG,João Monlevade,"01a02d5a-f5b9-71b9-afde-59050e7fbca7"
3136306,MG,João Pinheiro,"01a02d5a-f5b9-7a1b-afdf-eda1dc2204a9"
3136405,MG,Joaquim Felício,"01a02d5a-f5b9-7a1b-afe0-8fdf3c30fd2a"
3136504,MG,Jordânia,"01a02d5a-f5ba-7281-b794-4d6f52834832"
3136520,MG,José Gonçalves de Minas,"01a02d5a-f5ba-7281-b795-d9138230e305"
3136553,MG,José Raydan,"01a02d5a-f5ba-7281-b796-43ee741db468"
3136579,MG,Josenópolis,"01a02d5a-f5ba-7b2f-b797-97d6b07eb76b"
3136652,MG,Juatuba,"01a02d5a-f5ba-7b2f-b798-413d0c58e0ee"
3136702,MG,Juiz de Fora,"01a02d5a-f5bb-738f-aa6e-a3f08cba6579"
3136801,MG,Juramento,"01a02d5a-f5bb-738f-aa6f-26a3784d4d71"
3136900,MG,Juruaia,"01a02d5a-f5bb-7c44-aa70-922a6ee464e7"
3136959,MG,Juvenília,"01a02d5a-f5bb-7c44-aa71-0c285a665b7a"
3137007,MG,Ladainha,"01a02d5a-f5bc-74b2-9002-43d86824f580"
3137106,MG,Lagamar,"01a02d5a-f5bc-74b2-9003-f27a1f779e50"
3137205,MG,Lagoa da Prata,"01a02d5a-f5bc-74b2-9004-1cf1e5d3b322"
3137304,MG,Lagoa dos Patos,"01a02d5a-f5bc-7d7c-9005-11908bf74308"
3137403,MG,Lagoa Dourada,"01a02d5a-f5bc-7d7c-9006-8fb36f33b33d"
3137502,MG,Lagoa Formosa,"01a02d5a-f5bd-75e9-8197-0b7fec25edb8"
3137536,MG,Lagoa Grande,"01a02d5a-f5bd-75e9-8198-043b58536292"
3137601,MG,Lagoa Santa,"01a02d5a-f5bd-7ee4-8199-bf3c03d75339"
3137700,MG,Lajinha,"01a02d5a-f5bd-7ee4-819a-0e6f92bf25b9"
3137809,MG,Lambari,"01a02d5a-f5be-777d-8e8f-4612e5681f50"
3137908,MG,Lamim,"01a02d5a-f5be-777d-8e90-fa08ddc7450e"
3138005,MG,Laranjal,"01a02d5a-f5be-7fdf-8e91-d0d3186511c4"
3138104,MG,Lassance,"01a02d5a-f5be-7fdf-8e92-5dc381576e89"
3138203,MG,Lavras,"01a02d5a-f5be-7fdf-8e93-96d750c79108"
3138302,MG,Leandro Ferreira,"01a02d5a-f5be-7fdf-8e94-668375236faa"
3138351,MG,Leme do Prado,"01a02d5a-f5bf-7b05-a4b9-94918de7a35b"
3138401,MG,Leopoldina,"01a02d5a-f5bf-7b05-a4ba-aa93d8423c77"
3138500,MG,Liberdade,"01a02d5a-f5bf-7b05-a4bb-47c7e39c0c15"
3138609,MG,Lima Duarte,"01a02d5a-f5c0-7385-bb0a-4e2ee964293c"
3138625,MG,Limeira do Oeste,"01a02d5a-f5c0-7385-bb0b-5927d325b2c1"
3138658,MG,Lontra,"01a02d5a-f5c0-7385-bb0c-3d243ca02a29"
3138674,MG,Luisburgo,"01a02d5a-f5c0-7385-bb0d-d8a6b76085cf"
3138682,MG,Luislândia,"01a02d5a-f5c0-7c2f-bb0e-6da2e4aa13b8"
3138708,MG,Luminárias,"01a02d5a-f5c0-7c2f-bb0f-1ac36fddd409"
3138807,MG,Luz,"01a02d5a-f5c0-7c2f-bb10-f095a32e038b"
3138906,MG,Machacalis,"01a02d5a-f5c1-74d4-9f6e-e8158def6304"
3139003,MG,Machado,"01a02d5a-f5c1-74d4-9f6f-70e507698b83"
3139102,MG,Madre de Deus de Minas,"01a02d5a-f5c1-74d4-9f70-c49a1906b522"
3139201,MG,Malacacheta,"01a02d5a-f5c1-74d4-9f71-4c383feb8617"
3139250,MG,Mamonas,"01a02d5a-f5c1-7d7c-9f72-f6662dfe2087"
3139300,MG,Manga,"01a02d5a-f5c1-7d7c-9f73-7dc100642c52"
3139409,MG,Manhuaçu,"01a02d5a-f5c1-7d7c-9f74-e17f5efb17e6"
3139508,MG,Manhumirim,"01a02d5a-f5c1-7d7c-9f75-61428185b584"
3139607,MG,Mantena,"01a02d5a-f5c1-7d7c-9f76-f1e45a933760"
3139805,MG,Mar de Espanha,"01a02d5a-f5c1-7d7c-9f77-354d40eaa1a1"
3139706,MG,Maravilhas,"01a02d5a-f5c1-7d7c-9f78-101362d8ef09"
3139904,MG,Maria da Fé,"01a02d5a-f5c2-7d91-80eb-e6b93e8dca4b"
3140001,MG,Mariana,"01a02d5a-f5c2-7d91-80ec-2921324fa233"
3140100,MG,Marilac,"01a02d5a-f5c2-7d91-80ed-2b9ecf239479"
3140159,MG,Mário Campos,"01a02d5a-f5c2-7d91-80ee-b1efb022ac2c"
3140209,MG,Maripá de Minas,"01a02d5a-f5c2-7d91-80ef-20a2123f1ca0"
3140308,MG,Marliéria,"01a02d5a-f5c2-7d91-80f0-07aab7b10ab9"
3140407,MG,Marmelópolis,"01a02d5a-f5c3-7da3-982d-c68658289df6"
3140506,MG,Martinho Campos,"01a02d5a-f5c3-7da3-982e-5d9b9eb1d380"
3140530,MG,Martins Soares,"01a02d5a-f5c3-7da3-982f-a83239dffec8"
3140555,MG,Mata Verde,"01a02d5a-f5c3-7da3-9830-7e44e6cf9e22"
3140605,MG,Materlândia,"01a02d5a-f5c4-7da5-8520-07db7642b4f8"
3140704,MG,Mateus Leme,"01a02d5a-f5c4-7da5-8521-94ce6431dd17"
3171501,MG,Mathias Lobato,"01a02d5a-f5c4-7da5-8522-7de257139908"
3140803,MG,Matias Barbosa,"01a02d5a-f5c4-7da5-8523-dd131a2b3cb4"
3140852,MG,Matias Cardoso,"01a02d5a-f5c5-7d92-81d2-f95bf2ad08eb"
3140902,MG,Matipó,"01a02d5a-f5c5-7d92-81d3-83b598085dd3"
3141009,MG,Mato Verde,"01a02d5a-f5c5-7d92-81d4-b9ffacc86bd6"
3141108,MG,Matozinhos,"01a02d5a-f5c5-7d92-81d5-41edff6fa908"
3141207,MG,Matutina,"01a02d5a-f5c5-7d92-81d6-1f92c40ab343"
3141306,MG,Medeiros,"01a02d5a-f5c6-7d90-8c54-a2b2002c2c84"
3141405,MG,Medina,"01a02d5a-f5c6-7d90-8c55-009d0a80bba5"
3141504,MG,Mendes Pimentel,"01a02d5a-f5c6-7d90-8c56-5a1dc7d4a481"
3141603,MG,Mercês,"01a02d5a-f5c6-7d90-8c57-5911eb6fb803"
3141702,MG,Mesquita,"01a02d5a-f5c7-7d90-ba21-7dd0c1afc750"
3141801,MG,Minas Novas,"01a02d5a-f5c7-7d90-ba22-0b20dd064244"
3141900,MG,Minduri,"01a02d5a-f5c7-7d90-ba23-b6995e89d12f"
3142007,MG,Mirabela,"01a02d5a-f5c7-7d90-ba24-205e7298602b"
3142106,MG,Miradouro,"01a02d5a-f5c8-7d91-a93b-110c6a03d870"
3142205,MG,Miraí,"01a02d5a-f5c8-7d91-a93c-d8c1899ef8e2"
3142254,MG,Miravânia,"01a02d5a-f5c8-7d91-a93d-c72a0aae6b13"
3142304,MG,Moeda,"01a02d5a-f5c8-7d91-a93e-6b6150025160"
3142403,MG,Moema,"01a02d5a-f5c8-7d91-a93f-95757ed76482"
3142502,MG,Monjolos,"01a02d5a-f5c9-7d91-856b-b1ff2eeb3c27"
3142601,MG,Monsenhor Paulo,"01a02d5a-f5c9-7d91-856c-8a29c223480f"
3142700,MG,Montalvânia,"01a02d5a-f5c9-7d91-856d-05412a39d534"
3142809,MG,Monte Alegre de Minas,"01a02d5a-f5c9-7d91-856e-5d7742281eb2"
3142908,MG,Monte Azul,"01a02d5a-f5ca-7d9f-8b4b-03ac14697b43"
3143005,MG,Monte Belo,"01a02d5a-f5ca-7d9f-8b4c-edf9451a7675"
3143104,MG,Monte Carmelo,"01a02d5a-f5ca-7d9f-8b4d-fca649b18ace"
3143153,MG,Monte Formoso,"01a02d5a-f5ca-7d9f-8b4e-298c20086476"
3143203,MG,Monte Santo de Minas,"01a02d5a-f9b7-75f0-ab87-3f295413d09f"
3143401,MG,Monte Sião,"01a02d5a-f9ba-7c6d-a157-58102d9a405c"
3143302,MG,Montes Claros,"01a02d5a-f9ba-7c6d-a158-6e6d53bc5212"
3143450,MG,Montezuma,"01a02d5a-f9bb-7553-bbe9-1dede77ab0e5"
3143500,MG,Morada Nova de Minas,"01a02d5a-f9bb-7553-bbea-a2ed0cfbb345"
3143609,MG,Morro da Garça,"01a02d5a-f9bb-7553-bbeb-73701b5e76f1"
3143708,MG,Morro do Pilar,"01a02d5a-f9bb-7e53-bbec-41cacf888506"
3143807,MG,Munhoz,"01a02d5a-f9bb-7e53-bbed-e2d86dde35ce"
3143906,MG,Muriaé,"01a02d5a-f9bb-7e53-bbee-24b6aa9fcd43"
3144003,MG,Mutum,"01a02d5a-f9bc-7711-8323-0fc1e82c90ff"
3144102,MG,Muzambinho,"01a02d5a-f9bc-7711-8324-ca2d05f2f354"
3144201,MG,Nacip Raydan,"01a02d5a-f9bc-7711-8325-6c8094935128"
3144300,MG,Nanuque,"01a02d5a-f9bc-7711-8326-4662d9574c08"
3144359,MG,Naque,"01a02d5a-f9bc-7fd8-8327-2b69429ddb9a"
3144375,MG,Natalândia,"01a02d5a-f9bc-7fd8-8328-bb8d8d51d79a"
3144409,MG,Natércia,"01a02d5a-f9bc-7fd8-8329-28be5709067f"
3144508,MG,Nazareno,"01a02d5a-f9bd-789e-9e85-5c20decc9b64"
3144607,MG,Nepomuceno,"01a02d5a-f9bd-789e-9e86-b3415f29bafe"
3144656,MG,Ninheira,"01a02d5a-f9bd-789e-9e87-580813524360"
3144672,MG,Nova Belém,"01a02d5a-f9bd-789e-9e88-128e0f05d943"
3144706,MG,Nova Era,"01a02d5a-f9be-7158-9d8e-f57735b9887e"
3144805,MG,Nova Lima,"01a02d5a-f9be-7158-9d8f-a87b42ee47fe"
3144904,MG,Nova Módica,"01a02d5a-f9be-7158-9d90-e4f358447680"
3145000,MG,Nova Ponte,"01a02d5a-f9be-7158-9d91-8034e0163333"
3145059,MG,Nova Porteirinha,"01a02d5a-f9be-7a19-9d92-5ebffc028e1c"
3145109,MG,Nova Resende,"01a02d5a-f9be-7a19-9d93-2472df8687ce"
3145208,MG,Nova Serrana,"01a02d5a-f9be-7a19-9d94-58baf38759a0"
3136603,MG,Nova União,"01a02d5a-f9be-7a19-9d95-a6d17e6d1885"
3145307,MG,Novo Cruzeiro,"01a02d5a-f9bf-72ce-81f8-29ab79a6a7e2"
3145356,MG,Novo Oriente de Minas,"01a02d5a-f9bf-72ce-81f9-e551dd3bacda"
3145372,MG,Novorizonte,"01a02d5a-f9bf-72ce-81fa-6a8369b4f8de"
3145406,MG,Olaria,"01a02d5a-f9bf-72ce-81fb-55799eb67901"
3145455,MG,Olhos-d'Água,"01a02d5a-f9bf-7b78-81fc-7db846f500bb"
3145505,MG,Olímpio Noronha,"01a02d5a-f9bf-7b78-81fd-0d1767eb3c9c"
3145604,MG,Oliveira,"01a02d5a-f9bf-7b78-81fe-28eb924a6957"
3145703,MG,Oliveira Fortes,"01a02d5a-f9bf-7b78-81ff-35e2662d162d"
3145802,MG,Onça de Pitangui,"01a02d5a-f9c0-7422-a4fc-7f831cbabe5d"
3145851,MG,Oratórios,"01a02d5a-f9c0-7422-a4fd-63fd1e53b128"
3145877,MG,Orizânia,"01a02d5a-f9c0-7422-a4fe-6e1bfeeffe9c"
3145901,MG,Ouro Branco,"01a02d5a-f9c0-7422-a4ff-f2d22b80bdc7"
3146008,MG,Ouro Fino,"01a02d5a-f9c0-7ccc-a500-233582d172dc"
3146107,MG,Ouro Preto,"01a02d5a-f9c0-7ccc-a501-88f5269d5c1d"
3146206,MG,Ouro Verde de Minas,"01a02d5a-f9c0-7ccc-a502-60d6aa15ba2b"
3146255,MG,Padre Carvalho,"01a02d5a-f9c0-7ccc-a503-a420ed971963"
3146305,MG,Padre Paraíso,"01a02d5a-f9c1-7575-b422-b61cc1a346f9"
3146552,MG,Pai Pedro,"01a02d5a-f9c1-7575-b423-d901b8e6db39"
3146404,MG,Paineiras,"01a02d5a-f9c1-7575-b424-23d97699aeff"
3146503,MG,Pains,"01a02d5a-f9c1-7575-b425-f9183fb91c4f"
3146602,MG,Paiva,"01a02d5a-f9c1-7e2d-b426-b1d7d4f73ae9"
3146701,MG,Palma,"01a02d5a-f9c1-7e2d-b427-4f03c8d6797f"
3146750,MG,Palmópolis,"01a02d5a-f9c1-7e2d-b428-c8e510d84b0d"
3146909,MG,Papagaios,"01a02d5a-f9c1-7e2d-b429-b07928567aee"
3147105,MG,Pará de Minas,"01a02d5a-f9c2-76d7-b9ba-3f8dd5a2b6b1"
3147006,MG,Paracatu,"01a02d5a-f9c2-76d7-b9bb-56f22573b595"
3147204,MG,Paraguaçu,"01a02d5a-f9c2-76d7-b9bc-7fc59d0d3523"
3147303,MG,Paraisópolis,"01a02d5a-f9c2-76d7-b9bd-a69c508b2b8a"
3147402,MG,Paraopeba,"01a02d5a-f9c2-7f8b-b9be-0d9a6c768369"
3147600,MG,Passa Quatro,"01a02d5a-f9c2-7f8b-b9bf-7dbe8171d73e"
3147709,MG,Passa Tempo,"01a02d5a-f9c2-7f8b-b9c0-dc10c6fe3b4c"
3147808,MG,Passa Vinte,"01a02d5a-f9c2-7f8b-b9c1-fcc305c38119"
3147501,MG,Passabém,"01a02d5a-f9c3-7834-b762-2c7a91d97b73"
3147907,MG,Passos,"01a02d5a-f9c3-7834-b763-14b43bacc43d"
3147956,MG,Patis,"01a02d5a-f9c3-7834-b764-c3694599628d"
3148004,MG,Patos de Minas,"01a02d5a-f9c3-7834-b765-90b7d136e4e0"
3148103,MG,Patrocínio,"01a02d5a-f9c4-70dd-b165-98e6e58c7ce8"
3148202,MG,Patrocínio do Muriaé,"01a02d5a-f9c4-70dd-b166-7f019969854d"
3148301,MG,Paula Cândido,"01a02d5a-f9c4-70dd-b167-58b2d537e295"
3148400,MG,Paulistas,"01a02d5a-f9c4-7999-b168-ac3c241e0937"
3148509,MG,Pavão,"01a02d5a-f9c4-7999-b169-94eddc59d733"
3148608,MG,Peçanha,"01a02d5a-f9c4-7999-b16a-85ba357a9679"
3148707,MG,Pedra Azul,"01a02d5a-f9c4-7999-b16b-930e64096b77"
3148756,MG,Pedra Bonita,"01a02d5a-f9c4-7999-b16c-e2e20eb6a974"
3148806,MG,Pedra do Anta,"01a02d5a-f9c4-7999-b16d-c3255a4e6714"
3148905,MG,Pedra do Indaiá,"01a02d5a-f9c4-7999-b16e-3ab081ae83e0"
3149002,MG,Pedra Dourada,"01a02d5a-f9c4-7999-b16f-c655a64c7132"
3149101,MG,Pedralva,"01a02d5a-f9c5-79c5-a7b8-786e8ee77f04"
3149150,MG,Pedras de Maria da Cruz,"01a02d5a-f9c5-79c5-a7b9-ea86b02f2d35"
3149200,MG,Pedrinópolis,"01a02d5a-f9c5-79c5-a7ba-01d90188d89e"
3149309,MG,Pedro Leopoldo,"01a02d5a-f9c5-79c5-a7bb-510907193b01"
3149408,MG,Pedro Teixeira,"01a02d5a-f9c6-79c8-9fb6-c9020a3c58eb"
3149507,MG,Pequeri,"01a02d5a-f9c6-79c8-9fb7-3c2ec06158b3"
3149606,MG,Pequi,"01a02d5a-f9c6-79c8-9fb8-df20665d3e9b"
3149705,MG,Perdigão,"01a02d5a-f9c6-79c8-9fb9-163db3e2cc8b"
3149804,MG,Perdizes,"01a02d5a-f9c6-79c8-9fba-26920c72dc8e"
3149903,MG,Perdões,"01a02d5a-f9c6-79c8-9fbb-70d53a9ce9be"
3149952,MG,Periquito,"01a02d5a-f9c7-79c1-be24-1dd61e78c87b"
3150000,MG,Pescador,"01a02d5a-f9c7-79c1-be25-2525cdb71d9b"
3150109,MG,Piau,"01a02d5a-f9c7-79c1-be26-54dfbde6d2f7"
3150158,MG,Piedade de Caratinga,"01a02d5a-f9c7-79c1-be27-f509f6119cf0"
3150208,MG,Piedade de Ponte Nova,"01a02d5a-f9c7-79c1-be28-09bbb49bd664"
3150307,MG,Piedade do Rio Grande,"01a02d5a-f9c7-79c1-be29-4c41385174ef"
3150406,MG,Piedade dos Gerais,"01a02d5a-f9c7-79c1-be2a-0538e6aa7b37"
3150505,MG,Pimenta,"01a02d5a-f9c7-79c1-be2b-317dab398b32"
3150539,MG,Pingo-d'Água,"01a02d5a-f9c7-79c1-be2c-c1f1dde61ebf"
3150570,MG,Pintópolis,"01a02d5a-f9c8-79bf-a27d-00ad3603152e"
3150604,MG,Piracema,"01a02d5a-f9c8-79bf-a27e-cdf6e188b7d7"
3150703,MG,Pirajuba,"01a02d5a-f9c8-79bf-a27f-d742382caccc"
3150802,MG,Piranga,"01a02d5a-f9c8-79bf-a280-115e32149433"
3150901,MG,Piranguçu,"01a02d5a-f9c8-79bf-a281-d26ae8d6c7fc"
3151008,MG,Piranguinho,"01a02d5a-f9c8-79bf-a282-fe7b2d94442c"
3151107,MG,Pirapetinga,"01a02d5a-fdb3-765f-a778-959ea4dcb0b9"
3151206,MG,Pirapora,"01a02d5a-fdb6-71d5-9404-c11150356089"
3151305,MG,Piraúba,"01a02d5a-fdb6-7ad2-9405-6c8b1a6234e9"
3151404,MG,Pitangui,"01a02d5a-fdb7-734b-83c9-31085e4f475c"
3151503,MG,Piumhi,"01a02d5a-fdb7-734b-83ca-11bace2eb59a"
3151602,MG,Planura,"01a02d5a-fdb7-734b-83cb-e0a7b4662d11"
3151701,MG,Poço Fundo,"01a02d5a-fdb7-7bfd-83cc-0211902178b8"
3151800,MG,Poços de Caldas,"01a02d5a-fdb7-7bfd-83cd-e499461a98c8"
3151909,MG,Pocrane,"01a02d5a-fdb8-7467-ac2e-3306976ef871"
3152006,MG,Pompéu,"01a02d5a-fdb8-7467-ac2f-db4e837b8ed2"
3152105,MG,Ponte Nova,"01a02d5a-fdb8-7cde-ac30-82f756b5a8d8"
3152131,MG,Ponto Chique,"01a02d5a-fdb8-7cde-ac31-9b71a28dc5e9"
3152170,MG,Ponto dos Volantes,"01a02d5a-fdb9-7548-9d39-ad90c10081f7"
3152204,MG,Porteirinha,"01a02d5a-fdb9-7548-9d3a-8ebe1e13df81"
3152303,MG,Porto Firme,"01a02d5a-fdb9-7548-9d3b-e184684160f6"
3152402,MG,Poté,"01a02d5a-fdb9-7db2-9d3c-c95d74a729d8"
3152501,MG,Pouso Alegre,"01a02d5a-fdb9-7db2-9d3d-8a09c3f99416"
3152600,MG,Pouso Alto,"01a02d5a-fdb9-7db2-9d3e-931ebeeed37e"
3152709,MG,Prados,"01a02d5a-fdb9-7db2-9d3f-2124d2a92749"
3152808,MG,Prata,"01a02d5a-fdba-7618-9f52-661cbda6abb3"
3152907,MG,Pratápolis,"01a02d5a-fdba-7618-9f53-6da8f6730b95"
3153004,MG,Pratinha,"01a02d5a-fdba-7618-9f54-f85af6668cdd"
3153103,MG,Presidente Bernardes,"01a02d5a-fdba-7618-9f55-d5b387a6875a"
3153202,MG,Presidente Juscelino,"01a02d5a-fdba-7ee6-9f56-4c45b7227453"
3153301,MG,Presidente Kubitschek,"01a02d5a-fdba-7ee6-9f57-509fcbbe9637"
3153400,MG,Presidente Olegário,"01a02d5a-fdba-7ee6-9f58-ac7a97599c71"
3153608,MG,Prudente de Morais,"01a02d5a-fdba-7ee6-9f59-344a4c2cfd59"
3153707,MG,Quartel Geral,"01a02d5a-fdbb-7793-a908-b3fd9ba016f4"
3153806,MG,Queluzito,"01a02d5a-fdbb-7793-a909-2db228063f42"
3153905,MG,Raposos,"01a02d5a-fdbb-7793-a90a-1d8069ce7ffb"
3154002,MG,Raul Soares,"01a02d5a-fdbb-7793-a90b-b7853b3e489c"
3154101,MG,Recreio,"01a02d5a-fdbb-7793-a90c-357651d73bf8"
3154150,MG,Reduto,"01a02d5a-fdbc-7043-a4ca-e2690aa61e00"
3154200,MG,Resende Costa,"01a02d5a-fdbc-7043-a4cb-cf06fcd63e3c"
3154309,MG,Resplendor,"01a02d5a-fdbc-7043-a4cc-ca48b70bad25"
3154408,MG,Ressaquinha,"01a02d5a-fdbc-7043-a4cd-4147c2eea766"
3154457,MG,Riachinho,"01a02d5a-fdbc-7911-a4ce-cb69e33eb87d"
3154507,MG,Riacho dos Machados,"01a02d5a-fdbc-7911-a4cf-08ca2630c8ff"
3154606,MG,Ribeirão das Neves,"01a02d5a-fdbc-7911-a4d0-b25fc3cc30ce"
3154705,MG,Ribeirão Vermelho,"01a02d5a-fdbc-7911-a4d1-9451255e1413"
3154804,MG,Rio Acima,"01a02d5a-fdbd-71dc-a3d2-f20987ae91e2"
3154903,MG,Rio Casca,"01a02d5a-fdbd-71dc-a3d3-f5f24d1c29e6"
3155108,MG,Rio do Prado,"01a02d5a-fdbd-71dc-a3d4-c199cb870688"
3155009,MG,Rio Doce,"01a02d5a-fdbd-7bc8-a3d5-4f8ff910dacd"
3155207,MG,Rio Espera,"01a02d5a-fdbd-7bc8-a3d6-a941926799ac"
3155306,MG,Rio Manso,"01a02d5a-fdbd-7bc8-a3d7-2602b3c26c59"
3155405,MG,Rio Novo,"01a02d5a-fdbe-749e-aa98-3d7fcd7893a1"
3155504,MG,Rio Paranaíba,"01a02d5a-fdbe-749e-aa99-995696ab995b"
3155603,MG,Rio Pardo de Minas,"01a02d5a-fdbe-749e-aa9a-155f6a90e5e6"
3155702,MG,Rio Piracicaba,"01a02d5a-fdbe-749e-aa9b-dc2464c6f511"
3155801,MG,Rio Pomba,"01a02d5a-fdbe-7d4a-aa9c-95cfb5b2181e"
3155900,MG,Rio Preto,"01a02d5a-fdbe-7d4a-aa9d-2a0be84ea0f8"
3156007,MG,Rio Vermelho,"01a02d5a-fdbe-7d4a-aa9e-aecbbcf881af"
3156106,MG,Ritápolis,"01a02d5a-fdbe-7d4a-aa9f-58d726f3b33e"
3156205,MG,Rochedo de Minas,"01a02d5a-fdbf-75e4-9597-e8e71f7f7e4b"
3156304,MG,Rodeiro,"01a02d5a-fdbf-75e4-9598-f8bca5e931f1"
3156403,MG,Romaria,"01a02d5a-fdbf-75e4-9599-f30bd300691c"
3156452,MG,Rosário da Limeira,"01a02d5a-fdbf-75e4-959a-a7cf7dee43ec"
3156502,MG,Rubelita,"01a02d5a-fdbf-7ea1-959b-6bc7bdcb0b7d"
3156601,MG,Rubim,"01a02d5a-fdbf-7ea1-959c-4a3c77d22a8b"
3156700,MG,Sabará,"01a02d5a-fdbf-7ea1-959d-3ec00b8b0fc7"
3156809,MG,Sabinópolis,"01a02d5a-fdbf-7ea1-959e-3cc5134d572c"
3156908,MG,Sacramento,"01a02d5a-fdc0-7750-80ff-bff6e3139838"
3157005,MG,Salinas,"01a02d5a-fdc0-7750-8100-3c28f6d575ce"
3157104,MG,Salto da Divisa,"01a02d5a-fdc0-7750-8101-702a92c4877a"
3157203,MG,Santa Bárbara,"01a02d5a-fdc0-7750-8102-4858ef704ba1"
3157252,MG,Santa Bárbara do Leste,"01a02d5a-fdc0-7fec-8103-988f005a4643"
3157278,MG,Santa Bárbara do Monte Verde,"01a02d5a-fdc0-7fec-8104-c90439dc46e5"
3157302,MG,Santa Bárbara do Tugúrio,"01a02d5a-fdc0-7fec-8105-361e8809fc07"
3157336,MG,Santa Cruz de Minas,"01a02d5a-fdc0-7fec-8106-42b9344e9064"
3157377,MG,Santa Cruz de Salinas,"01a02d5a-fdc0-7fec-8107-5a1bc743d8e0"
3157401,MG,Santa Cruz do Escalvado,"01a02d5a-fdc1-7892-a063-e42912906d8b"
3157500,MG,Santa Efigênia de Minas,"01a02d5a-fdc1-7892-a064-eccfc371be86"
3157609,MG,Santa Fé de Minas,"01a02d5a-fdc1-7892-a065-96c2224d0c52"
3157658,MG,Santa Helena de Minas,"01a02d5a-fdc1-7892-a066-5dbff2b5b176"
3157708,MG,Santa Juliana,"01a02d5a-fdc1-7892-a067-b18b52ebea7a"
3157807,MG,Santa Luzia,"01a02d5a-fdc1-7892-a068-231b935fa8ed"
3157906,MG,Santa Margarida,"01a02d5a-fdc1-7892-a069-eb10d9af39b1"
3158003,MG,Santa Maria de Itabira,"01a02d5a-fdc1-7892-a06a-e156e42d1bc4"
3158102,MG,Santa Maria do Salto,"01a02d5a-fdc1-7892-a06b-08ea0bf61f42"
3158201,MG,Santa Maria do Suaçuí,"01a02d5a-fdc2-78a7-bf87-4533cf1aafc7"
3159209,MG,Santa Rita de Caldas,"01a02d5a-fdc2-78a7-bf88-d797e1df4ffa"
3159407,MG,Santa Rita de Ibitipoca,"01a02d5a-fdc2-78a7-bf89-a31cf28b0f1e"
3159308,MG,Santa Rita de Jacutinga,"01a02d5a-fdc2-78a7-bf8a-b84d19fa8811"
3159357,MG,Santa Rita de Minas,"01a02d5a-fdc2-78a7-bf8b-852bacaeeb75"
3159506,MG,Santa Rita do Itueto,"01a02d5a-fdc2-78a7-bf8c-804e955a5d13"
3159605,MG,Santa Rita do Sapucaí,"01a02d5a-fdc3-78bb-a810-6acc8e50ebcd"
3159704,MG,Santa Rosa da Serra,"01a02d5a-fdc3-78bb-a811-94cb546fecfe"
3159803,MG,Santa Vitória,"01a02d5a-fdc3-78bb-a812-6b259872d858"
3158300,MG,Santana da Vargem,"01a02d5a-fdc3-78bb-a813-6be1cdb82cf7"
3158409,MG,Santana de Cataguases,"01a02d5a-fdc3-78bb-a814-7363d1977f70"
3158508,MG,Santana de Pirapama,"01a02d5a-fdc3-78bb-a815-7b41255bdf9a"
3158607,MG,Santana do Deserto,"01a02d5a-fdc3-78bb-a816-54e33da15e61"
3158706,MG,Santana do Garambéu,"01a02d5a-fdc3-78bb-a817-3f9f933a8152"
3158805,MG,Santana do Jacaré,"01a02d5a-fdc3-78bb-a818-129944c1e68d"
3158904,MG,Santana do Manhuaçu,"01a02d5a-fdc4-78a7-b9f0-7db4c39b7e78"
3158953,MG,Santana do Paraíso,"01a02d5a-fdc4-78a7-b9f1-344cb25cb9ad"
3159001,MG,Santana do Riacho,"01a02d5a-fdc4-78a7-b9f2-3889ee70861e"
3159100,MG,Santana dos Montes,"01a02d5a-fdc4-78a7-b9f3-47b666fe8525"
3159902,MG,Santo Antônio do Amparo,"01a02d5a-fdc4-78a7-b9f4-dfc06c2cf6d6"
3160009,MG,Santo Antônio do Aventureiro,"01a02d5b-01be-7707-b5af-fff66b919cc8"
3160108,MG,Santo Antônio do Grama,"01a02d5b-01c1-7ba0-90b8-2b55af6b59df"
3160207,MG,Santo Antônio do Itambé,"01a02d5b-01c1-7ba0-90b9-506dd09b6903"
3160306,MG,Santo Antônio do Jacinto,"01a02d5b-01c1-7ba0-90ba-639b9dd13f21"
3160405,MG,Santo Antônio do Monte,"01a02d5b-01c2-7456-8462-eeb422c8dfa2"
3160454,MG,Santo Antônio do Retiro,"01a02d5b-01c2-7456-8463-fcc70e221b5c"
3160504,MG,Santo Antônio do Rio Abaixo,"01a02d5b-01c2-7456-8464-c95f8c8e4a4c"
3160603,MG,Santo Hipólito,"01a02d5b-01c2-7cf8-8465-b7cfc98e9588"
3160702,MG,Santos Dumont,"01a02d5b-01c2-7cf8-8466-0edaf8519b0a"
3160801,MG,São Bento Abade,"01a02d5b-01c2-7cf8-8467-af21d89d155d"
3160900,MG,São Brás do Suaçuí,"01a02d5b-01c3-7595-9f06-4f676859f545"
3160959,MG,São Domingos das Dores,"01a02d5b-01c3-7595-9f07-2cb56258919c"
3161007,MG,São Domingos do Prata,"01a02d5b-01c3-7fe8-9f08-782b1f138c4b"
3161056,MG,São Félix de Minas,"01a02d5b-01c3-7fe8-9f09-3f5c3b8cb905"
3161106,MG,São Francisco,"01a02d5b-01c3-7fe8-9f0a-54acd77c657b"
3161205,MG,São Francisco de Paula,"01a02d5b-01c4-78a8-9dfe-25c38b8e81fb"
3161304,MG,São Francisco de Sales,"01a02d5b-01c4-78a8-9dff-82d407b3172d"
3161403,MG,São Francisco do Glória,"01a02d5b-01c4-78a8-9e00-cfec70299edd"
3161502,MG,São Geraldo,"01a02d5b-01c4-78a8-9e01-b8d8b0422ac2"
3161601,MG,São Geraldo da Piedade,"01a02d5b-01c5-7176-91f0-58efc57f408f"
3161650,MG,São Geraldo do Baixio,"01a02d5b-01c5-7176-91f1-a7b09abff06e"
3161700,MG,São Gonçalo do Abaeté,"01a02d5b-01c5-7a40-91f2-269b22332bf1"
3161809,MG,São Gonçalo do Pará,"01a02d5b-01c5-7a40-91f3-33548c131546"
3161908,MG,São Gonçalo do Rio Abaixo,"01a02d5b-01c6-728e-b85c-85b09c988cf8"
3125507,MG,São Gonçalo do Rio Preto,"01a02d5b-01c6-728e-b85d-f0e345ee26c9"
3162005,MG,São Gonçalo do Sapucaí,"01a02d5b-01c6-7b73-b85e-7fdfabee37da"
3162104,MG,São Gotardo,"01a02d5b-01c6-7b73-b85f-ce5e79f141dc"
3162203,MG,São João Batista do Glória,"01a02d5b-01c7-73ca-93b7-8b971dc84085"
3162252,MG,São João da Lagoa,"01a02d5b-01c7-73ca-93b8-c4ab0a0dd476"
3162302,MG,São João da Mata,"01a02d5b-01c7-7c85-93b9-1dbee7e44b84"
3162401,MG,São João da Ponte,"01a02d5b-01c7-7c85-93ba-997d38748dd8"
3162450,MG,São João das Missões,"01a02d5b-01c7-7c85-93bb-075d12a99b2a"
3162500,MG,São João del Rei,"01a02d5b-01c8-7538-9e4d-e533b0befabe"
3162559,MG,São João do Manhuaçu,"01a02d5b-01c8-7538-9e4e-2977fccb3dd4"
3162575,MG,São João do Manteninha,"01a02d5b-01c8-7da9-9e4f-1d9bbda5bcf2"
3162609,MG,São João do Oriente,"01a02d5b-01c8-7da9-9e50-75b8c5e7bad9"
3162658,MG,São João do Pacuí,"01a02d5b-01c9-7640-b6f1-c87e29616418"
3162708,MG,São João do Paraíso,"01a02d5b-01c9-7640-b6f2-46ec7ed9ce18"
3162807,MG,São João Evangelista,"01a02d5b-01c9-7640-b6f3-c42d8d2a8abb"
3162906,MG,São João Nepomuceno,"01a02d5b-01c9-7ee1-b6f4-1b3fc3b9e8f2"
3162922,MG,São Joaquim de Bicas,"01a02d5b-01c9-7ee1-b6f5-a57ca95e236b"
3162948,MG,São José da Barra,"01a02d5b-01ca-7749-9ef4-5ec999353a2e"
3162955,MG,São José da Lapa,"01a02d5b-01ca-7749-9ef5-f60149c61389"
3163003,MG,São José da Safira,"01a02d5b-01ca-7749-9ef6-6e7bdefa19a4"
3163102,MG,São José da Varginha,"01a02d5b-01cb-707a-b9ce-a9d5b8b7808c"
3163201,MG,São José do Alegre,"01a02d5b-01cb-707a-b9cf-528dcbea5a2e"
3163300,MG,São José do Divino,"01a02d5b-01cb-78f3-b9d0-5b5c1729b16c"
3163409,MG,São José do Goiabal,"01a02d5b-01cb-78f3-b9d1-a45bca9bdad0"
3163508,MG,São José do Jacuri,"01a02d5b-01cb-78f3-b9d2-06caec7645c4"
3163607,MG,São José do Mantimento,"01a02d5b-01cb-78f3-b9d3-c3e3906b5fc9"
3163706,MG,São Lourenço,"01a02d5b-01cc-7914-b83b-720ac3c006e9"
3163805,MG,São Miguel do Anta,"01a02d5b-01cc-7914-b83c-9b01f7422764"
3163904,MG,São Pedro da União,"01a02d5b-01cc-7914-b83d-6f35c33365eb"
3164100,MG,São Pedro do Suaçuí,"01a02d5b-01cc-7914-b83e-e3f2412095bd"
3164001,MG,São Pedro dos Ferros,"01a02d5b-01cd-7912-b7b5-b5513d854194"
3164209,MG,São Romão,"01a02d5b-01cd-7912-b7b6-173c037e4c62"
3164308,MG,São Roque de Minas,"01a02d5b-01cd-7912-b7b7-1f84517da4f8"
3164407,MG,São Sebastião da Bela Vista,"01a02d5b-01cd-7912-b7b8-5fac30b1eed2"
3164431,MG,São Sebastião da Vargem Alegre,"01a02d5b-01cd-7912-b7b9-7f8d75f9451f"
3164472,MG,São Sebastião do Anta,"01a02d5b-01ce-7910-bf00-5b46140f7980"
3164506,MG,São Sebastião do Maranhão,"01a02d5b-01ce-7910-bf01-a4124e2ec731"
3164605,MG,São Sebastião do Oeste,"01a02d5b-01ce-7910-bf02-55d1b38da3fe"
3164704,MG,São Sebastião do Paraíso,"01a02d5b-01cf-792e-81bc-ac172f4c4dd9"
3164803,MG,São Sebastião do Rio Preto,"01a02d5b-01cf-792e-81bd-174af3b39a3f"
3164902,MG,São Sebastião do Rio Verde,"01a02d5b-01cf-792e-81be-24d52c04cff6"
3165008,MG,São Tiago,"01a02d5b-01cf-792e-81bf-04141dcc280b"
3165107,MG,São Tomás de Aquino,"01a02d5b-01cf-792e-81c0-3740e509dded"
3165206,MG,São Tomé das Letras,"01a02d5b-01d0-792b-8e2b-56fce58bf5d9"
3165305,MG,São Vicente de Minas,"01a02d5b-01d0-792b-8e2c-f9bd8da51afe"
3165404,MG,Sapucaí-Mirim,"01a02d5b-01d0-792b-8e2d-1c81e800be0b"
3165503,MG,Sardoá,"01a02d5b-01d0-792b-8e2e-eb26b0108c60"
3165537,MG,Sarzedo,"01a02d5b-01d0-792b-8e2f-9eb3190c977b"
3165560,MG,Sem-Peixe,"01a02d5b-01d1-792e-8300-245f4febd75e"
3165578,MG,Senador Amaral,"01a02d5b-01d1-792e-8301-e001325bd7d6"
3165602,MG,Senador Cortes,"01a02d5b-01d1-792e-8302-c34ea072cb01"
3165701,MG,Senador Firmino,"01a02d5b-01d1-792e-8303-f4bfd40811a0"
3165800,MG,Senador José Bento,"01a02d5b-01d2-792e-a2b7-6793d3dfb6a3"
3165909,MG,Senador Modestino Gonçalves,"01a02d5b-01d2-792e-a2b8-71fff197bca7"
3166006,MG,Senhora de Oliveira,"01a02d5b-01d3-71da-a7ff-f97c598fd0d5"
3166105,MG,Senhora do Porto,"01a02d5b-01d3-71da-a800-79478221adea"
3166204,MG,Senhora dos Remédios,"01a02d5b-01d3-79f6-a801-5a385e05662e"
3166303,MG,Sericita,"01a02d5b-01d3-79f6-a802-a5944651c3af"
3166402,MG,Seritinga,"01a02d5b-01d4-726a-858c-03e1477f3c82"
3166501,MG,Serra Azul de Minas,"01a02d5b-01d4-726a-858d-9c3917018fac"
3166600,MG,Serra da Saudade,"01a02d5b-01d4-7a97-858e-15ea1986f5c9"
3166808,MG,Serra do Salitre,"01a02d5b-01d4-7a97-858f-e3c9c0a3f60b"
3166709,MG,Serra dos Aimorés,"01a02d5b-01d4-7a97-8590-637513eaedd1"
3166907,MG,Serrania,"01a02d5b-01d5-735f-af5a-9baed5fb072d"
3166956,MG,Serranópolis de Minas,"01a02d5b-01d5-735f-af5b-449b79af1e24"
3167004,MG,Serranos,"01a02d5b-01d5-735f-af5c-6aeaa23e93b8"
3167103,MG,Serro,"01a02d5b-01d5-7c18-af5d-c10bbd35e507"
3167202,MG,Sete Lagoas,"01a02d5b-01d5-7c18-af5e-b7d9634d76ad"
3165552,MG,Setubinha,"01a02d5b-01d5-7c18-af5f-f25b528f8ec9"
3167301,MG,Silveirânia,"01a02d5b-01d6-74d0-b84e-a311cd49f019"
3167400,MG,Silvianópolis,"01a02d5b-01d6-74d0-b84f-369e2518faf8"
3167509,MG,Simão Pereira,"01a02d5b-01d6-74d0-b850-3a06dd1aa680"
3167608,MG,Simonésia,"01a02d5b-01d6-74d0-b851-5f28f7aa9f97"
3167707,MG,Sobrália,"01a02d5b-01d6-74d0-b852-4008782850eb"
3500907,SP,Altair,"01a02d5b-01d6-7d8c-b853-a72b652f0bf6"
3167806,MG,Soledade de Minas,"01a02d5b-01d9-7954-95d3-276c97e968c8"
3167905,MG,Tabuleiro,"01a02d5b-0603-7332-b81c-81801b294275"
3168002,MG,Taiobeiras,"01a02d5b-0605-7fdb-a76a-ca89716f3ced"
3168051,MG,Taparuba,"01a02d5b-0606-7852-bf81-76b6ee19be69"
3168101,MG,Tapira,"01a02d5b-0606-7852-bf82-2eeb26a41135"
3168200,MG,Tapiraí,"01a02d5b-0607-71ed-a017-0b85761b2305"
3168309,MG,Taquaraçu de Minas,"01a02d5b-0607-71ed-a018-17a0c61077e8"
3168408,MG,Tarumirim,"01a02d5b-0607-71ed-a019-424bb1a00503"
3168507,MG,Teixeiras,"01a02d5b-0607-71ed-a01a-1bf328bf372b"
3168606,MG,Teófilo Otoni,"01a02d5b-0608-7251-9abb-1eb6bb34b3ff"
3168705,MG,Timóteo,"01a02d5b-0608-7251-9abc-efa19a552ffc"
3168804,MG,Tiradentes,"01a02d5b-0608-7a6a-9abd-2adba21ac7d2"
3168903,MG,Tiros,"01a02d5b-0608-7a6a-9abe-9fc70bfbcd1a"
3169000,MG,Tocantins,"01a02d5b-0608-7a6a-9abf-2964d5f26834"
3169059,MG,Tocos do Moji,"01a02d5b-0608-7a6a-9ac0-36cbcc79165a"
3169109,MG,Toledo,"01a02d5b-0609-7a7b-a847-6d821145dd8b"
3169208,MG,Tombos,"01a02d5b-0609-7a7b-a848-1fc610cf811b"
3169307,MG,Três Corações,"01a02d5b-0609-7a7b-a849-6bbe347db4fd"
3169356,MG,Três Marias,"01a02d5b-0609-7a7b-a84a-a004bc9d303f"
3169406,MG,Três Pontas,"01a02d5b-060a-7aa5-a9ab-01f72e61bc19"
3169505,MG,Tumiritinga,"01a02d5b-060a-7aa5-a9ac-41edd335c11a"
3169604,MG,Tupaciguara,"01a02d5b-060a-7aa5-a9ad-1bb6213374e1"
3169703,MG,Turmalina,"01a02d5b-060a-7aa5-a9ae-e65add6df7ed"
3169802,MG,Turvolândia,"01a02d5b-060b-7aa0-8115-d56ac40277ca"
3169901,MG,Ubá,"01a02d5b-060b-7aa0-8116-6987214151ec"
3170008,MG,Ubaí,"01a02d5b-060b-7aa0-8117-d0b2fdb91a8b"
3170057,MG,Ubaporanga,"01a02d5b-060b-7aa0-8118-6c5d97c03c87"
3170107,MG,Uberaba,"01a02d5b-060b-7aa0-8119-3ed71fd6ed68"
3170206,MG,Uberlândia,"01a02d5b-060c-7a92-beba-13a402dd1f22"
3170305,MG,Umburatiba,"01a02d5b-060c-7a92-bebb-06725b089140"
3170404,MG,Unaí,"01a02d5b-060c-7a92-bebc-76b6d7b77d7b"
3170438,MG,União de Minas,"01a02d5b-060c-7a92-bebd-0ecbabb1ec02"
3170479,MG,Uruana de Minas,"01a02d5b-060c-7a92-bebe-f28a80aff8d9"
3170503,MG,Urucânia,"01a02d5b-060d-7d25-8c17-a6a42f8f69a1"
3170529,MG,Urucuia,"01a02d5b-060d-7d25-8c18-7c94a31dbd0b"
3170578,MG,Vargem Alegre,"01a02d5b-060d-7d25-8c19-fbb9278cf86e"
3170602,MG,Vargem Bonita,"01a02d5b-060d-7d25-8c1a-aeea27b4d77c"
3170651,MG,Vargem Grande do Rio Pardo,"01a02d5b-060e-7ceb-9968-478df94e3a64"
3170701,MG,Varginha,"01a02d5b-060e-7ceb-9969-bcb1b1934297"
3170750,MG,Varjão de Minas,"01a02d5b-060e-7ceb-996a-33e954dea014"
3170800,MG,Várzea da Palma,"01a02d5b-060e-7ceb-996b-926e4dec5648"
3170909,MG,Varzelândia,"01a02d5b-060f-7ce5-b2f2-c6936e6a684d"
3171006,MG,Vazante,"01a02d5b-060f-7ce5-b2f3-7248e57a6cc3"
3171030,MG,Verdelândia,"01a02d5b-060f-7ce5-b2f4-a0954d524603"
3171071,MG,Veredinha,"01a02d5b-060f-7ce5-b2f5-d228e1f10a28"
3171105,MG,Veríssimo,"01a02d5b-0610-7ce4-8a8b-8854a92ed440"
3171154,MG,Vermelho Novo,"01a02d5b-0610-7ce4-8a8c-c5a0f518ba9a"
3171204,MG,Vespasiano,"01a02d5b-0610-7ce4-8a8d-22a4880441ea"
3171303,MG,Viçosa,"01a02d5b-0610-7ce4-8a8e-2cb77e09b698"
3171402,MG,Vieiras,"01a02d5b-0610-7ce4-8a8f-39fdf489fbc7"
3171600,MG,Virgem da Lapa,"01a02d5b-0610-7ce4-8a90-0196eecc40cc"
3171709,MG,Virgínia,"01a02d5b-0610-7ce4-8a91-f95c34709e80"
3171808,MG,Virginópolis,"01a02d5b-0612-74f6-9ad2-f3883d64e9fe"
3171907,MG,Virgolândia,"01a02d5b-0612-74f6-9ad3-ff0a4c157642"
3172004,MG,Visconde do Rio Branco,"01a02d5b-0612-7dac-9ad4-151cb964d400"
3172103,MG,Volta Grande,"01a02d5b-0612-7dac-9ad5-fe531cd075e0"
3172202,MG,Wenceslau Braz,"01a02d5b-0612-7dac-9ad6-94371b2d8020"
3200102,ES,Afonso Cláudio,"01a02d5b-0612-7dac-9ad7-73b522da2564"
3200169,ES,Água Doce do Norte,"01a02d5b-0616-7323-b924-61d81dcc9377"
3200136,ES,Águia Branca,"01a02d5b-0616-7d16-b925-c986befd94d3"
3200201,ES,Alegre,"01a02d5b-0616-7d16-b926-6da13169ebd0"
3200300,ES,Alfredo Chaves,"01a02d5b-0616-7d16-b927-f5db37365267"
3200359,ES,Alto Rio Novo,"01a02d5b-0617-75eb-ac48-41539c8d9170"
3200409,ES,Anchieta,"01a02d5b-0617-75eb-ac49-a2440f26400c"
3200508,ES,Apiacá,"01a02d5b-0617-75eb-ac4a-5b1985c05013"
3200607,ES,Aracruz,"01a02d5b-0617-75eb-ac4b-6b4916335593"
3200706,ES,Atílio Vivácqua,"01a02d5b-0617-7f0b-ac4c-1a789e15f7e1"
3200805,ES,Baixo Guandu,"01a02d5b-0617-7f0b-ac4d-439f60ac92c9"
3200904,ES,Barra de São Francisco,"01a02d5b-0617-7f0b-ac4e-7f1d6c4e4e7b"
3201001,ES,Boa Esperança,"01a02d5b-0617-7f0b-ac4f-acc4fde7dd74"
3201100,ES,Bom Jesus do Norte,"01a02d5b-0618-77fc-ad56-6b6a9039ac96"
3201209,ES,Cachoeiro de Itapemirim,"01a02d5b-0618-77fc-ad57-61df3a696d90"
3201308,ES,Cariacica,"01a02d5b-0618-77fc-ad58-12d6e550d3a8"
3201407,ES,Castelo,"01a02d5b-0618-77fc-ad59-60b2a7542a1c"
3201506,ES,Colatina,"01a02d5b-0618-77fc-ad5a-438b60ae07b1"
3201605,ES,Conceição da Barra,"01a02d5b-0619-70bf-a49a-5be9aebc41a2"
3201704,ES,Conceição do Castelo,"01a02d5b-0619-70bf-a49b-bcc2902168e5"
3201803,ES,Divino de São Lourenço,"01a02d5b-0619-70bf-a49c-b3c685042ef2"
3201902,ES,Domingos Martins,"01a02d5b-0619-70bf-a49d-975b5d203a7f"
3202009,ES,Dores do Rio Preto,"01a02d5b-0619-799b-a49e-09eb02c0f7a8"
3202108,ES,Ecoporanga,"01a02d5b-0619-799b-a49f-b797bde3ea70"
3202207,ES,Fundão,"01a02d5b-0619-799b-a4a0-7a9dc26962b3"
3202256,ES,Governador Lindenberg,"01a02d5b-0619-799b-a4a1-6ed9fd68c411"
3202306,ES,Guaçuí,"01a02d5b-0619-799b-a4a2-362d22320ec5"
3202405,ES,Guarapari,"01a02d5b-061a-727e-a8d1-83e93284c5da"
3202454,ES,Ibatiba,"01a02d5b-061a-727e-a8d2-e20b4b5fb248"
3202504,ES,Ibiraçu,"01a02d5b-061a-727e-a8d3-ec510574e9bf"
3202553,ES,Ibitirama,"01a02d5b-061a-727e-a8d4-e1026931c24c"
3202603,ES,Iconha,"01a02d5b-061a-7b42-a8d5-b2abc3c2ff21"
3202652,ES,Irupi,"01a02d5b-061a-7b42-a8d6-61b296f3de02"
3202702,ES,Itaguaçu,"01a02d5b-061a-7b42-a8d7-11852f6fd821"
3202801,ES,Itapemirim,"01a02d5b-061a-7b42-a8d8-5599e19ef0e6"
3202900,ES,Itarana,"01a02d5b-061b-74d7-9c4d-fccafba9b62c"
3203007,ES,Iúna,"01a02d5b-061b-74d7-9c4e-150f07b0c01f"
3203056,ES,Jaguaré,"01a02d5b-061b-74d7-9c4f-f0f60131d2cf"
3203106,ES,Jerônimo Monteiro,"01a02d5b-061b-74d7-9c50-5a0ddbd10520"
3203130,ES,João Neiva,"01a02d5b-061b-7d9c-9c51-48acc897eb53"
3203163,ES,Laranja da Terra,"01a02d5b-061b-7d9c-9c52-a5b71a1781a4"
3203205,ES,Linhares,"01a02d5b-061b-7d9c-9c53-9e06d56eeb2f"
3203304,ES,Mantenópolis,"01a02d5b-061c-765b-96cf-d29eacab5899"
3203320,ES,Marataízes,"01a02d5b-061c-765b-96d0-5bb9f9258315"
3203346,ES,Marechal Floriano,"01a02d5b-09fb-7a8e-8192-b903a10e39c3"
3203353,ES,Marilândia,"01a02d5b-09ff-7063-8188-2b1abdadcecc"
3203403,ES,Mimoso do Sul,"01a02d5b-09ff-792a-8189-3dc487357914"
3203502,ES,Montanha,"01a02d5b-09ff-792a-818a-3b2041c4dee0"
3203601,ES,Mucurici,"01a02d5b-09ff-792a-818b-895df1a6b740"
3203700,ES,Muniz Freire,"01a02d5b-0a00-71c7-838d-ed5ebae115ef"
3203809,ES,Muqui,"01a02d5b-0a00-71c7-838e-ea07b8f72069"
3203908,ES,Nova Venécia,"01a02d5b-0a00-7a57-838f-51fa1a0a99f4"
3204005,ES,Pancas,"01a02d5b-0a00-7a57-8390-2a21e1be4d59"
3204054,ES,Pedro Canário,"01a02d5b-0a01-72e9-a32c-3a5b79910d1a"
3204104,ES,Pinheiros,"01a02d5b-0a01-72e9-a32d-9046474d22ec"
3204203,ES,Piúma,"01a02d5b-0a01-72e9-a32e-71bd0eed960b"
3204252,ES,Ponto Belo,"01a02d5b-0a01-7b7b-a32f-ac4249b38e31"
3204302,ES,Presidente Kennedy,"01a02d5b-0a01-7b7b-a330-815891f3ccf4"
3204351,ES,Rio Bananal,"01a02d5b-0a02-7406-9118-9a318fa6a136"
3204401,ES,Rio Novo do Sul,"01a02d5b-0a02-7406-9119-b49d17c5eb59"
3204500,ES,Santa Leopoldina,"01a02d5b-0a02-7c81-911a-2ddb25b140de"
3204559,ES,Santa Maria de Jetibá,"01a02d5b-0a02-7c81-911b-95d65ac07b9e"
3204609,ES,Santa Teresa,"01a02d5b-0a02-7c81-911c-248ccb8f17e2"
3204658,ES,São Domingos do Norte,"01a02d5b-0a03-757a-8645-e87549b82c0b"
3204708,ES,São Gabriel da Palha,"01a02d5b-0a03-757a-8646-c9266ac2d9b8"
3204807,ES,São José do Calçado,"01a02d5b-0a03-7e5b-8647-72c09a1fe749"
3204906,ES,São Mateus,"01a02d5b-0a03-7e5b-8648-6f2979678f86"
3204955,ES,São Roque do Canaã,"01a02d5b-0a04-7733-814b-b560ef9a017b"
3205002,ES,Serra,"01a02d5b-0a04-7733-814c-763a3d2acb32"
3205010,ES,Sooretama,"01a02d5b-0a04-7fbe-814d-138372ad5b3c"
3205036,ES,Vargem Alta,"01a02d5b-0a04-7fbe-814e-8134cf10d178"
3205069,ES,Venda Nova do Imigrante,"01a02d5b-0a04-7fbe-814f-6e2a1be07985"
3205101,ES,Viana,"01a02d5b-0a05-784c-af1a-362e14828df8"
3205150,ES,Vila Pavão,"01a02d5b-0a05-784c-af1b-a6961182098d"
3205176,ES,Vila Valério,"01a02d5b-0a06-70d7-9880-bf7736e15228"
3205200,ES,Vila Velha,"01a02d5b-0a06-70d7-9881-e1fcaa1d8a0b"
3205309,ES,Vitória,"01a02d5b-0a06-70d7-9882-5b262ffe0b5a"
3300100,RJ,Angra dos Reis,"01a02d5b-0a06-7960-9883-928b568a8b7d"
3300159,RJ,Aperibé,"01a02d5b-0a09-75f0-bfb5-54f7723eec84"
3300209,RJ,Araruama,"01a02d5b-0a09-7ed0-bfb6-98b8ff54fb8b"
3300225,RJ,Areal,"01a02d5b-0a09-7ed0-bfb7-8b2df717cf16"
3300233,RJ,Armação dos Búzios,"01a02d5b-0a09-7ed0-bfb8-fe3f49719a12"
3300258,RJ,Arraial do Cabo,"01a02d5b-0a09-7ed0-bfb9-a21ad04a9c34"
3300308,RJ,Barra do Piraí,"01a02d5b-0a0a-7f0d-b430-cd3c4dcbdb6b"
3300407,RJ,Barra Mansa,"01a02d5b-0a0a-7f0d-b431-0a00a535f6d4"
3300456,RJ,Belford Roxo,"01a02d5b-0a0a-7f0d-b432-9e5b91cbe665"
3300506,RJ,Bom Jardim,"01a02d5b-0a0a-7f0d-b433-2d6a15ffd0b7"
3300605,RJ,Bom Jesus do Itabapoana,"01a02d5b-0a0a-7f0d-b434-63541893a6f9"
3300704,RJ,Cabo Frio,"01a02d5b-0a0b-7efa-ab66-489767287633"
3300803,RJ,Cachoeiras de Macacu,"01a02d5b-0a0b-7efa-ab67-e044d19726eb"
3300902,RJ,Cambuci,"01a02d5b-0a0b-7efa-ab68-edf6ff63599e"
3301009,RJ,Campos dos Goytacazes,"01a02d5b-0a0b-7efa-ab69-f4fc6d51c1e6"
3301108,RJ,Cantagalo,"01a02d5b-0a0b-7efa-ab6a-9807f6164c05"
3300936,RJ,Carapebus,"01a02d5b-0a0c-7f19-9777-0329610b0945"
3301157,RJ,Cardoso Moreira,"01a02d5b-0a0c-7f19-9778-2b851297a882"
3301207,RJ,Carmo,"01a02d5b-0a0c-7f19-9779-22c76836e7eb"
3301306,RJ,Casimiro de Abreu,"01a02d5b-0a0c-7f19-977a-c2f99fd4fb9a"
3300951,RJ,Comendador Levy Gasparian,"01a02d5b-0a0d-7f36-be66-3dd6ae70886e"
3301405,RJ,Conceição de Macabu,"01a02d5b-0a0d-7f36-be67-1eda2f1fcbe2"
3301504,RJ,Cordeiro,"01a02d5b-0a0d-7f36-be68-2c92c6d20545"
3301603,RJ,Duas Barras,"01a02d5b-0a0d-7f36-be69-5919a915d4ef"
3301702,RJ,Duque de Caxias,"01a02d5b-0a0e-7efd-a9c6-e89435a1ec14"
3301801,RJ,Engenheiro Paulo de Frontin,"01a02d5b-0a0e-7efd-a9c7-301bf1c9361f"
3301850,RJ,Guapimirim,"01a02d5b-0a0e-7efd-a9c8-8322b541062d"
3301876,RJ,Iguaba Grande,"01a02d5b-0a0e-7efd-a9c9-10882a9b78ad"
3301900,RJ,Itaboraí,"01a02d5b-0a0e-7efd-a9ca-6070e6adb80d"
3302007,RJ,Itaguaí,"01a02d5b-0a0f-7eef-aa19-3eda0cc54783"
3302056,RJ,Italva,"01a02d5b-0a0f-7eef-aa1a-db5e087f5438"
3302106,RJ,Itaocara,"01a02d5b-0a0f-7eef-aa1b-8f8c0dc47ece"
3302205,RJ,Itaperuna,"01a02d5b-0a0f-7eef-aa1c-f59b6722fabd"
3302254,RJ,Itatiaia,"01a02d5b-0a10-7eef-a085-aae6ce2c0f81"
3302270,RJ,Japeri,"01a02d5b-0a10-7eef-a086-14d3f1958063"
3302304,RJ,Laje do Muriaé,"01a02d5b-0a10-7eef-a087-c2a9edb69717"
3302403,RJ,Macaé,"01a02d5b-0a10-7eef-a088-0e4f8a80413c"
3302452,RJ,Macuco,"01a02d5b-0a11-7eef-9585-adb84461dd38"
3302502,RJ,Magé,"01a02d5b-0a11-7eef-9586-55a8944db785"
3302601,RJ,Mangaratiba,"01a02d5b-0a11-7eef-9587-e03c9a7677de"
3302700,RJ,Maricá,"01a02d5b-0a11-7eef-9588-2594ee4e1d97"
3302809,RJ,Mendes,"01a02d5b-0a11-7eef-9589-d632e31f2d1b"
3302858,RJ,Mesquita,"01a02d5b-0a12-7eed-9bac-e916810500c0"
3302908,RJ,Miguel Pereira,"01a02d5b-0a12-7eed-9bad-4fcae44e5ce6"
3303005,RJ,Miracema,"01a02d5b-0a12-7eed-9bae-81fdbc4fee1f"
3303104,RJ,Natividade,"01a02d5b-0a12-7eed-9baf-71f92dcd67da"
3303203,RJ,Nilópolis,"01a02d5b-0a13-7ef0-80ed-17b127fbfbde"
3303302,RJ,Niterói,"01a02d5b-0a13-7ef0-80ee-222984bdcbc0"
3303401,RJ,Nova Friburgo,"01a02d5b-0a13-7ef0-80ef-f158ac260d14"
3303500,RJ,Nova Iguaçu,"01a02d5b-0a13-7ef0-80f0-d5fe5679e2d3"
3303609,RJ,Paracambi,"01a02d5b-0a14-7efe-9bc1-25e8bb9a1cd6"
3303708,RJ,Paraíba do Sul,"01a02d5b-0a14-7efe-9bc2-463ec2d0a772"
3303807,RJ,Paraty,"01a02d5b-0a14-7efe-9bc3-109c4a77a94f"
3303856,RJ,Paty do Alferes,"01a02d5b-0a14-7efe-9bc4-316ad47b33e0"
3303906,RJ,Petrópolis,"01a02d5b-0a15-7eed-8ed3-3dfaba410ef3"
3303955,RJ,Pinheiral,"01a02d5b-0a15-7eed-8ed4-0986d077e11d"
3304003,RJ,Piraí,"01a02d5b-0a15-7eed-8ed5-8fd2a0d25933"
3304102,RJ,Porciúncula,"01a02d5b-0a15-7eed-8ed6-71f36d6e3c9d"
3304110,RJ,Porto Real,"01a02d5b-0a15-7eed-8ed7-59c569ef36a7"
3304128,RJ,Quatis,"01a02d5b-0a16-7eef-969a-ede1ab8f3caf"
3304144,RJ,Queimados,"01a02d5b-0a16-7eef-969b-fc6c8d6d4c6f"
3304151,RJ,Quissamã,"01a02d5b-0a16-7eef-969c-83e0468bd7b9"
3304201,RJ,Resende,"01a02d5b-0a16-7eef-969d-2e376cc91517"
3304300,RJ,Rio Bonito,"01a02d5b-0a17-7efd-9a94-5da0291739cc"
3304409,RJ,Rio Claro,"01a02d5b-0a17-7efd-9a95-c37b4e54540d"
3304508,RJ,Rio das Flores,"01a02d5b-0a17-7efd-9a96-a3b77f232367"
3304524,RJ,Rio das Ostras,"01a02d5b-0a17-7efd-9a97-6a61c9779a4d"
3304557,RJ,Rio de Janeiro,"01a02d5b-0e25-779d-80f4-a3780af7ff0f"
3304607,RJ,Santa Maria Madalena,"01a02d5b-0e29-710b-a6a3-95910b0052ad"
3304706,RJ,Santo Antônio de Pádua,"01a02d5b-0e29-710b-a6a4-27212a0bf3d1"
3304805,RJ,São Fidélis,"01a02d5b-0e29-7978-a6a5-5d004c20709f"
3304755,RJ,São Francisco de Itabapoana,"01a02d5b-0e29-7978-a6a6-3e50b4da4d28"
3304904,RJ,São Gonçalo,"01a02d5b-0e2a-7226-95ac-d3d556344c45"
3305000,RJ,São João da Barra,"01a02d5b-0e2a-7226-95ad-3860f231376a"
3305109,RJ,São João de Meriti,"01a02d5b-0e2a-7aeb-95ae-c78dc8c274f4"
3305133,RJ,São José de Ubá,"01a02d5b-0e2a-7aeb-95af-bbd73e41032d"
3305158,RJ,São José do Vale do Rio Preto,"01a02d5b-0e2a-7aeb-95b0-6a7226e60031"
3305208,RJ,São Pedro da Aldeia,"01a02d5b-0e2b-7355-a5f2-a37b55c28e0a"
3305307,RJ,São Sebastião do Alto,"01a02d5b-0e2b-7355-a5f3-22ff2439cce5"
3305406,RJ,Sapucaia,"01a02d5b-0e2b-7bbe-a5f4-699533514f30"
3305505,RJ,Saquarema,"01a02d5b-0e2b-7bbe-a5f5-668355b3742f"
3305554,RJ,Seropédica,"01a02d5b-0e2c-741a-868e-86873eb104dc"
3305604,RJ,Silva Jardim,"01a02d5b-0e2c-741a-868f-7cf8978cc407"
3305703,RJ,Sumidouro,"01a02d5b-0e2c-7cb4-8690-26ff51db4b8d"
3305752,RJ,Tanguá,"01a02d5b-0e2c-7cb4-8691-6fc31e4467e8"
3305802,RJ,Teresópolis,"01a02d5b-0e2d-756f-8260-abb7209a134a"
3305901,RJ,Trajano de Moraes,"01a02d5b-0e2d-756f-8261-151b4dee948d"
3306008,RJ,Três Rios,"01a02d5b-0e2d-756f-8262-37b5ba42971c"
3306107,RJ,Valença,"01a02d5b-0e2d-7ddc-8263-5c43759b8c16"
3306156,RJ,Varre-Sai,"01a02d5b-0e2d-7ddc-8264-3210129f42cb"
3306206,RJ,Vassouras,"01a02d5b-0e2e-7654-8996-965bd72ebb7d"
3306305,RJ,Volta Redonda,"01a02d5b-0e2e-7654-8997-24981eee6e64"
3500105,SP,Adamantina,"01a02d5b-0e2e-7ec2-8998-e741feffa796"
3500204,SP,Adolfo,"01a02d5b-0e31-7a06-9ab1-e18f91892cd0"
3500303,SP,Aguaí,"01a02d5b-0e32-72b9-9a47-0250d0b18db3"
3500402,SP,Águas da Prata,"01a02d5b-0e32-72b9-9a48-77359dd5b354"
3500501,SP,Águas de Lindóia,"01a02d5b-0e32-7b1e-9a49-3b0dcd2546c8"
3500550,SP,Águas de Santa Bárbara,"01a02d5b-0e32-7b1e-9a4a-3678b4f4569a"
3500600,SP,Águas de São Pedro,"01a02d5b-0e32-7b1e-9a4b-7a9a5e397a6a"
3500709,SP,Agudos,"01a02d5b-0e33-73cb-a52a-a98e294f6500"
3500758,SP,Alambari,"01a02d5b-0e33-73cb-a52b-ed88970a55c0"
3500808,SP,Alfredo Marcondes,"01a02d5b-0e33-7d41-a52c-a96336971130"
3501004,SP,Altinópolis,"01a02d5b-0e33-7d41-a52d-088fea984129"
3501103,SP,Alto Alegre,"01a02d5b-0e34-75f5-a4e5-34fecc334b3e"
3501152,SP,Alumínio,"01a02d5b-0e34-75f5-a4e6-7f1c29a69653"
3501202,SP,Álvares Florence,"01a02d5b-0e34-7e61-a4e7-20814e4a5951"
3501301,SP,Álvares Machado,"01a02d5b-0e34-7e61-a4e8-cb94e160bada"
3501400,SP,Álvaro de Carvalho,"01a02d5b-0e34-7e61-a4e9-51acd18d1ad2"
3501509,SP,Alvinlândia,"01a02d5b-0e34-7e61-a4ea-e4d4e36c173b"
3501608,SP,Americana,"01a02d5b-0e35-76c2-978b-146c8623f74e"
3501707,SP,Américo Brasiliense,"01a02d5b-0e35-76c2-978c-4bc3083830f6"
3501806,SP,Américo de Campos,"01a02d5b-0e35-76c2-978d-eb1c2e435c83"
3501905,SP,Amparo,"01a02d5b-0e35-76c2-978e-6e5cceb29470"
3502002,SP,Analândia,"01a02d5b-0e35-7f7d-978f-9f55829fa7ad"
3502101,SP,Andradina,"01a02d5b-0e35-7f7d-9790-5743cc728581"
3502200,SP,Angatuba,"01a02d5b-0e35-7f7d-9791-c538f65eda0d"
3502309,SP,Anhembi,"01a02d5b-0e35-7f7d-9792-23c912e1e648"
3502408,SP,Anhumas,"01a02d5b-0e36-785f-a6a2-1e57def36aed"
3502507,SP,Aparecida,"01a02d5b-0e36-785f-a6a3-58c4b5661cca"
3502606,SP,Aparecida d'Oeste,"01a02d5b-0e36-785f-a6a4-d2567c41ad5a"
3502705,SP,Apiaí,"01a02d5b-0e37-712c-a3f8-083d265c31d8"
3502754,SP,Araçariguama,"01a02d5b-0e37-712c-a3f9-dffade07a36d"
3502804,SP,Araçatuba,"01a02d5b-0e37-712c-a3fa-c93c11050ec7"
3502903,SP,Araçoiaba da Serra,"01a02d5b-0e37-712c-a3fb-810fad2f14e9"
3503000,SP,Aramina,"01a02d5b-0e37-712c-a3fc-ff31abbdbd1d"
3503109,SP,Arandu,"01a02d5b-0e37-79e8-a3fd-e901586320e1"
3503158,SP,Arapeí,"01a02d5b-0e37-79e8-a3fe-62accea77bd6"
3503208,SP,Araraquara,"01a02d5b-0e37-79e8-a3ff-5f1cde898e9a"
3503307,SP,Araras,"01a02d5b-0e38-7263-9e35-a14e1e9f477b"
3503356,SP,Arco-Íris,"01a02d5b-0e38-7263-9e36-f782d2b3f8c8"
3503406,SP,Arealva,"01a02d5b-0e38-7263-9e37-e87f48100a4b"
3503505,SP,Areias,"01a02d5b-0e38-7263-9e38-16c336caf124"
3503604,SP,Areiópolis,"01a02d5b-0e38-7263-9e39-a8346d19e5c1"
3503703,SP,Ariranha,"01a02d5b-0e38-7b1c-9e3a-259120627484"
3503802,SP,Artur Nogueira,"01a02d5b-0e38-7b1c-9e3b-2aecd01381cf"
3503901,SP,Arujá,"01a02d5b-0e38-7b1c-9e3c-e57e3547a39b"
3503950,SP,Aspásia,"01a02d5b-0e39-73d7-90ff-9711f9bff9ea"
3504008,SP,Assis,"01a02d5b-0e39-73d7-9100-97bd32dd3dad"
3504107,SP,Atibaia,"01a02d5b-0e39-73d7-9101-d11060011a58"
3504206,SP,Auriflama,"01a02d5b-0e39-73d7-9102-9e12b5931831"
3504305,SP,Avaí,"01a02d5b-0e39-73d7-9103-3d8b3dac6ba6"
3504404,SP,Avanhandava,"01a02d5b-0e39-7c84-9104-a68ecbc9e2d5"
3504503,SP,Avaré,"01a02d5b-0e39-7c84-9105-0cb3bc8988ce"
3504602,SP,Bady Bassitt,"01a02d5b-0e39-7c84-9106-e5bc4907b257"
3504701,SP,Balbinos,"01a02d5b-0e39-7c84-9107-21d4fe00a6e0"
3504800,SP,Bálsamo,"01a02d5b-0e3a-74fb-86bc-f27b098400a3"
3504909,SP,Bananal,"01a02d5b-0e3a-74fb-86bd-a46e7bf33e74"
3505005,SP,Barão de Antonina,"01a02d5b-0e3a-74fb-86be-dc215ba089f0"
3505104,SP,Barbosa,"01a02d5b-0e3a-74fb-86bf-c70fe1db006e"
3505203,SP,Bariri,"01a02d5b-0e3a-74fb-86c0-7f6448457ab9"
3505302,SP,Barra Bonita,"01a02d5b-0e3a-7da4-86c1-8aeda59015bb"
3505351,SP,Barra do Chapéu,"01a02d5b-0e3a-7da4-86c2-9cbf2d83c057"
3505401,SP,Barra do Turvo,"01a02d5b-0e3a-7da4-86c3-9ab6d0b681fd"
3505500,SP,Barretos,"01a02d5b-0e3a-7da4-86c4-6f840779b4a5"
3505609,SP,Barrinha,"01a02d5b-0e3b-7657-84aa-e511dfbf8204"
3505708,SP,Barueri,"01a02d5b-0e3b-7657-84ab-e5f8378bb942"
3505807,SP,Bastos,"01a02d5b-0e3b-7657-84ac-f05473d75a1f"
3505906,SP,Batatais,"01a02d5b-0e3b-7657-84ad-4ad9bcac4137"
3506003,SP,Bauru,"01a02d5b-0e3b-7657-84ae-05c683e6bec9"
3506102,SP,Bebedouro,"01a02d5b-0e3b-7657-84af-b56d47a844c6"
3506201,SP,Bento de Abreu,"01a02d5b-0e3b-7657-84b0-5df50059dae8"
3506300,SP,Bernardino de Campos,"01a02d5b-0e3b-7657-84b1-03f3b728ca3b"
3506359,SP,Bertioga,"01a02d5b-0e3c-7670-a233-0568b6759dd8"
3506409,SP,Bilac,"01a02d5b-0e3c-7670-a234-d7640f016600"
3506508,SP,Birigui,"01a02d5b-0e3c-7670-a235-ef571526b851"
3506607,SP,Biritiba Mirim,"01a02d5b-0e3c-7670-a236-1f46d321796f"
3506706,SP,Boa Esperança do Sul,"01a02d5b-0e3c-7670-a237-0792aac07906"
3506805,SP,Bocaina,"01a02d5b-1221-7962-8e22-d1edac2f83cb"
3506904,SP,Bofete,"01a02d5b-1224-74e0-bdb2-e482ca2024ec"
3507001,SP,Boituva,"01a02d5b-1224-74e0-bdb3-98aa8ddd822f"
3507100,SP,Bom Jesus dos Perdões,"01a02d5b-1224-74e0-bdb4-52a887df072b"
3507159,SP,Bom Sucesso de Itararé,"01a02d5b-1225-7546-9dd2-00a34a337e0a"
3507209,SP,Borá,"01a02d5b-1225-7546-9dd3-37a3995c3bf2"
3507308,SP,Boracéia,"01a02d5b-1225-7546-9dd4-5ab65aa46fb8"
3507407,SP,Borborema,"01a02d5b-1226-74fe-b70d-c27748d51443"
3507456,SP,Borebi,"01a02d5b-1226-74fe-b70e-bf023119c978"
3507506,SP,Botucatu,"01a02d5b-1226-74fe-b70f-411e01469a22"
3507605,SP,Bragança Paulista,"01a02d5b-1226-74fe-b710-8269336137b8"
3507704,SP,Braúna,"01a02d5b-1227-7504-9746-e85c6618daa1"
3507753,SP,Brejo Alegre,"01a02d5b-1227-7504-9747-c8fba975b1ce"
3507803,SP,Brodowski,"01a02d5b-1227-7d2b-9748-e5b6177c9ecc"
3507902,SP,Brotas,"01a02d5b-1227-7d2b-9749-418fc64e65bc"
3508009,SP,Buri,"01a02d5b-1227-7d2b-974a-0eeb272b9d12"
3508108,SP,Buritama,"01a02d5b-1227-7d2b-974b-a512758a51a7"
3508207,SP,Buritizal,"01a02d5b-1228-7d53-ab08-09e3398f993f"
3508306,SP,Cabrália Paulista,"01a02d5b-1228-7d53-ab09-cfa571cbe2a8"
3508405,SP,Cabreúva,"01a02d5b-1228-7d53-ab0a-2361e48d558a"
3508504,SP,Caçapava,"01a02d5b-1228-7d53-ab0b-606e372ba2e0"
3508603,SP,Cachoeira Paulista,"01a02d5b-1229-7d44-be02-2a929ea00607"
3508702,SP,Caconde,"01a02d5b-1229-7d44-be03-4a22df80f63e"
3508801,SP,Cafelândia,"01a02d5b-1229-7d44-be04-fe3ecb45a48d"
3508900,SP,Caiabu,"01a02d5b-1229-7d44-be05-52016b1856df"
3509007,SP,Caieiras,"01a02d5b-122a-7d59-ba56-49c6e7165f9b"
3509106,SP,Caiuá,"01a02d5b-122a-7d59-ba57-40b88413fc4a"
3509205,SP,Cajamar,"01a02d5b-122a-7d59-ba58-ae4645a9ac26"
3509254,SP,Cajati,"01a02d5b-122a-7d59-ba59-6bcfca539c3e"
3509304,SP,Cajobi,"01a02d5b-122b-7d53-9f53-b7d58600496e"
3509403,SP,Cajuru,"01a02d5b-122b-7d53-9f54-0b0419117e0c"
3509452,SP,Campina do Monte Alegre,"01a02d5b-122b-7d53-9f55-1b679487fe8f"
3509502,SP,Campinas,"01a02d5b-122b-7d53-9f56-b2a5015aca03"
3509601,SP,Campo Limpo Paulista,"01a02d5b-122c-7d44-a05f-c814d17aad9e"
3519600,SP,Ibitinga,"01a02d5b-1647-7558-b25c-6de77f22916a"
3509700,SP,Campos do Jordão,"01a02d5b-122c-7d44-a060-27973a860929"
3509809,SP,Campos Novos Paulista,"01a02d5b-122c-7d44-a061-138e33df0b7a"
3509908,SP,Cananéia,"01a02d5b-122c-7d44-a062-1c4dfd17757f"
3509957,SP,Canas,"01a02d5b-122d-7d54-a449-60c1eb0522ef"
3510005,SP,Cândido Mota,"01a02d5b-122d-7d54-a44a-5b98e6c10477"
3510104,SP,Cândido Rodrigues,"01a02d5b-122d-7d54-a44b-97a2aead655a"
3510153,SP,Canitar,"01a02d5b-122d-7d54-a44c-0f7f063e4604"
3510203,SP,Capão Bonito,"01a02d5b-122e-7d50-804f-0b962f6350ca"
3510302,SP,Capela do Alto,"01a02d5b-122e-7d50-8050-4a7207885e25"
3510401,SP,Capivari,"01a02d5b-122e-7d50-8051-50ff3282e5eb"
3510500,SP,Caraguatatuba,"01a02d5b-122e-7d50-8052-e4f8a040dea5"
3510609,SP,Carapicuíba,"01a02d5b-122e-7d50-8053-cf79594328b1"
3510708,SP,Cardoso,"01a02d5b-122e-7d50-8054-b66e45d9eab0"
3510807,SP,Casa Branca,"01a02d5b-122f-7d75-b8de-52c6359462a4"
3510906,SP,Cássia dos Coqueiros,"01a02d5b-122f-7d75-b8df-2810cb439b8f"
3511003,SP,Castilho,"01a02d5b-122f-7d75-b8e0-037c3b133654"
3511102,SP,Catanduva,"01a02d5b-122f-7d75-b8e1-ea9813b9eadc"
3511201,SP,Catiguá,"01a02d5b-122f-7d75-b8e2-0d21715a0029"
3511300,SP,Cedral,"01a02d5b-122f-7d75-b8e3-2f8c364717a6"
3511409,SP,Cerqueira César,"01a02d5b-122f-7d75-b8e4-71b0cc827432"
3511508,SP,Cerquilho,"01a02d5b-1230-7d49-a712-b07a7412a8de"
3511607,SP,Cesário Lange,"01a02d5b-1230-7d49-a713-86147e7347a3"
3511706,SP,Charqueada,"01a02d5b-1230-7d49-a714-d35492b3faf1"
3557204,SP,Chavantes,"01a02d5b-1230-7d49-a715-cc0d2530430c"
3511904,SP,Clementina,"01a02d5b-1230-7d49-a716-a310d6daf196"
3512001,SP,Colina,"01a02d5b-1230-7d49-a717-e911baabcc49"
3512100,SP,Colômbia,"01a02d5b-1230-7d49-a718-143390000647"
3512209,SP,Conchal,"01a02d5b-1231-7d4b-8209-5071827b6afb"
3512308,SP,Conchas,"01a02d5b-1231-7d4b-820a-254070826525"
3512407,SP,Cordeirópolis,"01a02d5b-1231-7d4b-820b-7790eee2d302"
3512506,SP,Coroados,"01a02d5b-1231-7d4b-820c-b486265b194c"
3512605,SP,Coronel Macedo,"01a02d5b-1231-7d4b-820d-e6aaeaaa2c95"
3512704,SP,Corumbataí,"01a02d5b-1231-7d4b-820e-4aa7b27030a0"
3512803,SP,Cosmópolis,"01a02d5b-1232-7d4a-9b3e-50f9191b0bc1"
3512902,SP,Cosmorama,"01a02d5b-1232-7d4a-9b3f-11d830d0224b"
3513009,SP,Cotia,"01a02d5b-1232-7d4a-9b40-47e24479c236"
3513108,SP,Cravinhos,"01a02d5b-1232-7d4a-9b41-67908c7a7291"
3513207,SP,Cristais Paulista,"01a02d5b-1232-7d4a-9b42-deca0fc2de3d"
3513306,SP,Cruzália,"01a02d5b-1233-7d57-9df4-26f5d2ff8db5"
3513405,SP,Cruzeiro,"01a02d5b-1233-7d57-9df5-15b255847e69"
3513504,SP,Cubatão,"01a02d5b-1233-7d57-9df6-66c15a7da7b4"
3513603,SP,Cunha,"01a02d5b-1233-7d57-9df7-bc8d114dba62"
3513702,SP,Descalvado,"01a02d5b-1234-7d48-a0a4-bac87e3ae519"
3513801,SP,Diadema,"01a02d5b-1234-7d48-a0a5-cd925cfdb127"
3513850,SP,Dirce Reis,"01a02d5b-1234-7d48-a0a6-34078685a290"
3513900,SP,Divinolândia,"01a02d5b-1234-7d48-a0a7-4a7b3e38bce9"
3514007,SP,Dobrada,"01a02d5b-1234-7d48-a0a8-9572b3308204"
3514106,SP,Dois Córregos,"01a02d5b-1234-7d48-a0a9-d9f958dd0037"
3514205,SP,Dolcinópolis,"01a02d5b-1234-7d48-a0aa-eff6c0d27aa0"
3514304,SP,Dourado,"01a02d5b-1236-755f-b935-4e95b18ea544"
3514403,SP,Dracena,"01a02d5b-1236-755f-b936-6405d31f6c0b"
3514502,SP,Duartina,"01a02d5b-1237-7067-b8e4-2730e95e1d49"
3514601,SP,Dumont,"01a02d5b-1237-7067-b8e5-e73c067ad409"
3514700,SP,Echaporã,"01a02d5b-1237-7067-b8e6-b09ac2842475"
3514809,SP,Eldorado,"01a02d5b-1237-7067-b8e7-e4f803315324"
3514908,SP,Elias Fausto,"01a02d5b-1238-70b9-93a9-2fb60f2cbdae"
3514924,SP,Elisiário,"01a02d5b-1238-70b9-93aa-56e074f9f23c"
3514957,SP,Embaúba,"01a02d5b-1238-70b9-93ab-4e1eaaa5f6fa"
3515004,SP,Embu das Artes,"01a02d5b-1238-70b9-93ac-017da98d1671"
3515103,SP,Embu-Guaçu,"01a02d5b-1238-70b9-93ad-73972b0e6bf0"
3515129,SP,Emilianópolis,"01a02d5b-1239-7090-be4a-0d06b4ef9229"
3515152,SP,Engenheiro Coelho,"01a02d5b-1239-7aeb-be4b-5be401ae80a6"
3515186,SP,Espírito Santo do Pinhal,"01a02d5b-1239-7aeb-be4c-e412682747fe"
3515194,SP,Espírito Santo do Turvo,"01a02d5b-1239-7aeb-be4d-f70078a28dd4"
3557303,SP,Estiva Gerbi,"01a02d5b-1239-7aeb-be4e-9ca34e14f89e"
3515301,SP,Estrela do Norte,"01a02d5b-1239-7aeb-be4f-4847ac4e8f03"
3515202,SP,Estrela d'Oeste,"01a02d5b-163b-7cba-96cc-acd88d72d5be"
3515350,SP,Euclides da Cunha Paulista,"01a02d5b-163f-7114-9a10-6f19a1d3b34c"
3515400,SP,Fartura,"01a02d5b-163f-7114-9a11-5180d2c4a488"
3515608,SP,Fernando Prestes,"01a02d5b-163f-79ef-9a12-1e1b09ddce46"
3515509,SP,Fernandópolis,"01a02d5b-163f-79ef-9a13-8e95ab2c1da1"
3515657,SP,Fernão,"01a02d5b-163f-79ef-9a14-6090990dc547"
3515707,SP,Ferraz de Vasconcelos,"01a02d5b-1640-72ae-8dcf-6fb98eb834a8"
3515806,SP,Flora Rica,"01a02d5b-1640-72ae-8dd0-842bdc44ee90"
3515905,SP,Floreal,"01a02d5b-1640-72ae-8dd1-113896f7229c"
3516002,SP,Flórida Paulista,"01a02d5b-1640-7b67-8dd2-b47e3c8e98bf"
3516101,SP,Florínea,"01a02d5b-1640-7b67-8dd3-b6e220d5eeac"
3516200,SP,Franca,"01a02d5b-1640-7b67-8dd4-5c5f412c20e2"
3516309,SP,Francisco Morato,"01a02d5b-1641-743f-9cc4-e878a4e9773f"
3516408,SP,Franco da Rocha,"01a02d5b-1641-743f-9cc5-249f2c0fb9e6"
3516507,SP,Gabriel Monteiro,"01a02d5b-1641-743f-9cc6-7a3181fda8b6"
3516606,SP,Gália,"01a02d5b-1641-7cf0-9cc7-b49569f08692"
3516705,SP,Garça,"01a02d5b-1641-7cf0-9cc8-f3b57c8ebac7"
3516804,SP,Gastão Vidigal,"01a02d5b-1641-7cf0-9cc9-4d21c3124370"
3516853,SP,Gavião Peixoto,"01a02d5b-1641-7cf0-9cca-3ebdb59a92ea"
3516903,SP,General Salgado,"01a02d5b-1641-7cf0-9ccb-f646c9cdde1b"
3517000,SP,Getulina,"01a02d5b-1641-7cf0-9ccc-ef34da9d362d"
3517109,SP,Glicério,"01a02d5b-1642-7d16-ba66-7356df915fda"
3517208,SP,Guaiçara,"01a02d5b-1642-7d16-ba67-83f8e5a3d03d"
3517307,SP,Guaimbê,"01a02d5b-1642-7d16-ba68-1e30b9b9fd56"
3517406,SP,Guaíra,"01a02d5b-1642-7d16-ba69-eee90e37d1cd"
3517505,SP,Guapiaçu,"01a02d5b-1642-7d16-ba6a-078ac27ab337"
3517604,SP,Guapiara,"01a02d5b-1643-7d17-aefd-da9516b1f205"
3517703,SP,Guará,"01a02d5b-1643-7d17-aefe-9c257678798b"
3517802,SP,Guaraçaí,"01a02d5b-1643-7d17-aeff-884ae5524c8c"
3517901,SP,Guaraci,"01a02d5b-1644-7533-9f16-d58b5d1250bc"
3518008,SP,Guarani d'Oeste,"01a02d5b-1644-7533-9f17-2e99e22bf8a5"
3518107,SP,Guarantã,"01a02d5b-1644-7533-9f18-81c6c1e9bb25"
3518206,SP,Guararapes,"01a02d5b-1644-7533-9f19-569372b7645e"
3518305,SP,Guararema,"01a02d5b-1644-7533-9f1a-1d05456cf297"
3518404,SP,Guaratinguetá,"01a02d5b-1644-7533-9f1b-8c43b6de2d22"
3518503,SP,Guareí,"01a02d5b-1644-7533-9f1c-5ec0927d26a5"
3518602,SP,Guariba,"01a02d5b-1645-7559-95c7-2062bac964d4"
3518701,SP,Guarujá,"01a02d5b-1645-7559-95c8-7afeb5e3d0b6"
3518800,SP,Guarulhos,"01a02d5b-1645-7559-95c9-5b3cf77f189c"
3518859,SP,Guatapará,"01a02d5b-1645-7559-95ca-722bb03932fc"
3518909,SP,Guzolândia,"01a02d5b-1645-7559-95cb-932ab5c19964"
3519006,SP,Herculândia,"01a02d5b-1645-7559-95cc-d69c0b037584"
3519055,SP,Holambra,"01a02d5b-1646-7558-b506-894fa378cd0e"
3519071,SP,Hortolândia,"01a02d5b-1646-7558-b507-a0b5bd5ff55e"
3519105,SP,Iacanga,"01a02d5b-1646-7558-b508-532de1277782"
3519204,SP,Iacri,"01a02d5b-1646-7558-b509-bbcac4f0c4df"
3519253,SP,Iaras,"01a02d5b-1646-7558-b50a-f9108b32017c"
3519303,SP,Ibaté,"01a02d5b-1646-7558-b50b-65dbac6ed814"
3519402,SP,Ibirá,"01a02d5b-1647-7558-b25a-6576f9aa5117"
3519501,SP,Ibirarema,"01a02d5b-1647-7558-b25b-18562f808906"
3519709,SP,Ibiúna,"01a02d5b-1647-7558-b25d-059040719f9c"
3519808,SP,Icém,"01a02d5b-1647-7558-b25e-510634e775e4"
3519907,SP,Iepê,"01a02d5b-1647-7558-b25f-74a16cd81a25"
3520004,SP,Igaraçu do Tietê,"01a02d5b-1648-759a-9bee-bfcc758bf1e5"
3520103,SP,Igarapava,"01a02d5b-1648-759a-9bef-e17abcca0de5"
3520202,SP,Igaratá,"01a02d5b-1648-759a-9bf0-c3af9ff0ec8d"
3520301,SP,Iguape,"01a02d5b-1648-759a-9bf1-b65dab266728"
3520426,SP,Ilha Comprida,"01a02d5b-1648-759a-9bf2-4e4e5dfb85bb"
3520442,SP,Ilha Solteira,"01a02d5b-1648-759a-9bf3-43105292e396"
3520400,SP,Ilhabela,"01a02d5b-1649-755c-99e0-fbed53f9e715"
3520509,SP,Indaiatuba,"01a02d5b-1649-755c-99e1-60f5976b7bd9"
3520608,SP,Indiana,"01a02d5b-1649-755c-99e2-a9e381a355c0"
3520707,SP,Indiaporã,"01a02d5b-1649-755c-99e3-6d536a6f88a9"
3520806,SP,Inúbia Paulista,"01a02d5b-1649-755c-99e4-3d4535a91c75"
3520905,SP,Ipaussu,"01a02d5b-1649-755c-99e5-cc86d082b8fa"
3521002,SP,Iperó,"01a02d5b-164a-755a-b360-95662861adae"
3521101,SP,Ipeúna,"01a02d5b-164a-755a-b361-6e151df16b67"
3521150,SP,Ipiguá,"01a02d5b-164a-755a-b362-906c8cfeaf0d"
3521200,SP,Iporanga,"01a02d5b-164a-755a-b363-1bb694689197"
3521309,SP,Ipuã,"01a02d5b-164a-755a-b364-ffcd1f9f4f4a"
3521408,SP,Iracemápolis,"01a02d5b-164a-755a-b365-98a46aede275"
3521507,SP,Irapuã,"01a02d5b-164b-7559-84dd-77c6c662eb2f"
3521606,SP,Irapuru,"01a02d5b-164b-7559-84de-f4b8b03eb4d1"
3521705,SP,Itaberá,"01a02d5b-164b-7559-84df-8d84219f6b54"
3521804,SP,Itaí,"01a02d5b-164b-7559-84e0-cd4c6475695c"
3521903,SP,Itajobi,"01a02d5b-164b-7559-84e1-03e9b3753977"
3522000,SP,Itaju,"01a02d5b-164b-7559-84e2-97efaea50083"
3522109,SP,Itanhaém,"01a02d5b-164c-7558-bbd5-132725b333ec"
3522158,SP,Itaoca,"01a02d5b-164c-7558-bbd6-51a3a9b1b5e3"
3522208,SP,Itapecerica da Serra,"01a02d5b-164c-7558-bbd7-9f6745fc059c"
3522307,SP,Itapetininga,"01a02d5b-164c-7558-bbd8-d5bc85a374df"
3522406,SP,Itapeva,"01a02d5b-164c-7558-bbd9-5f6a29c6b332"
3522505,SP,Itapevi,"01a02d5b-164c-7558-bbda-0d2e549a367a"
3522604,SP,Itapira,"01a02d5b-164c-7558-bbdb-f16b801b44fb"
3522653,SP,Itapirapuã Paulista,"01a02d5b-164c-7558-bbdc-98a830277af0"
3522703,SP,Itápolis,"01a02d5b-164d-7571-8119-2f140e7759ef"
3522802,SP,Itaporanga,"01a02d5b-164d-7571-811a-f7bff1f218a0"
3522901,SP,Itapuí,"01a02d5b-164d-7571-811b-d035e57da1f4"
3523008,SP,Itapura,"01a02d5b-164d-7571-811c-b2e9c0488021"
3523107,SP,Itaquaquecetuba,"01a02d5b-164d-7571-811d-3812260a3019"
3523206,SP,Itararé,"01a02d5b-164e-7571-bc1c-b4b67c9469fa"
3523305,SP,Itariri,"01a02d5b-164e-7571-bc1d-6b0da1552e5b"
3523404,SP,Itatiba,"01a02d5b-164e-7571-bc1e-66fa0f4d5bd5"
3523503,SP,Itatinga,"01a02d5b-164e-7571-bc1f-881a3d6cf226"
3523602,SP,Itirapina,"01a02d5b-164e-7571-bc20-11ee7f0fd161"
3523701,SP,Itirapuã,"01a02d5b-164e-7571-bc21-f04b25a305a5"
3523800,SP,Itobi,"01a02d5b-164e-7571-bc22-b938ab9a767b"
3523909,SP,Itu,"01a02d5b-164e-7571-bc23-47033d1bb8e4"
3524006,SP,Itupeva,"01a02d5b-164f-756f-86f6-c071d1ce1259"
3524105,SP,Ituverava,"01a02d5b-1a3d-7dc3-80d8-afcb1a0c237d"
3524204,SP,Jaborandi,"01a02d5b-1a40-7896-b92a-81b249302c31"
3524303,SP,Jaboticabal,"01a02d5b-1a41-7192-882a-6696b46e2af3"
3524402,SP,Jacareí,"01a02d5b-1a41-7192-882b-a60b67e23df9"
3524501,SP,Jaci,"01a02d5b-1a41-7a81-882c-441cd7b5f090"
3524600,SP,Jacupiranga,"01a02d5b-1a41-7a81-882d-752ce5714604"
3524709,SP,Jaguariúna,"01a02d5b-1a41-7a81-882e-9bb084be73a6"
3524808,SP,Jales,"01a02d5b-1a41-7a81-882f-ce3934d3fc4d"
3524907,SP,Jambeiro,"01a02d5b-1a41-7a81-8830-a7b4d6e04d8b"
3525003,SP,Jandira,"01a02d5b-1a42-7360-b16a-c548b27f7f71"
3525102,SP,Jardinópolis,"01a02d5b-1a42-7360-b16b-dfc70ec64b59"
3525201,SP,Jarinu,"01a02d5b-1a42-7360-b16c-d08cf1e61fdf"
3525300,SP,Jaú,"01a02d5b-1a42-7360-b16d-78b85a15a368"
3525409,SP,Jeriquara,"01a02d5b-1a42-7bf2-b16e-672039e940ea"
3525508,SP,Joanópolis,"01a02d5b-1a42-7bf2-b16f-23291935a482"
3525607,SP,João Ramalho,"01a02d5b-1a42-7bf2-b170-70cc59c4e3ce"
3525706,SP,José Bonifácio,"01a02d5b-1a42-7bf2-b171-a8f182d6d356"
3525805,SP,Júlio Mesquita,"01a02d5b-1a42-7bf2-b172-28c6315c3abb"
3525854,SP,Jumirim,"01a02d5b-1a43-747e-b460-b7d653b714ba"
3525904,SP,Jundiaí,"01a02d5b-1a43-747e-b461-d4737b142068"
3526001,SP,Junqueirópolis,"01a02d5b-1a43-747e-b462-f26d82c832b6"
3526100,SP,Juquiá,"01a02d5b-1a43-747e-b463-a0138de18a9e"
3526209,SP,Juquitiba,"01a02d5b-1a43-7d8b-b464-83d76ef4e937"
3526308,SP,Lagoinha,"01a02d5b-1a43-7d8b-b465-423bfcf91c22"
3526407,SP,Laranjal Paulista,"01a02d5b-1a43-7d8b-b466-49eae2e1618e"
3526506,SP,Lavínia,"01a02d5b-1a43-7d8b-b467-91125d40b6df"
3526605,SP,Lavrinhas,"01a02d5b-1a44-7631-8a61-38131a04b6fc"
3526704,SP,Leme,"01a02d5b-1a44-7631-8a62-1e1b6ce611f4"
3526803,SP,Lençóis Paulista,"01a02d5b-1a44-7631-8a63-83416bbdee2e"
3526902,SP,Limeira,"01a02d5b-1a44-7631-8a64-0964721f62a7"
3527009,SP,Lindóia,"01a02d5b-1a44-7f0d-8a65-56832da6e954"
3527108,SP,Lins,"01a02d5b-1a44-7f0d-8a66-3cd77b769147"
3527207,SP,Lorena,"01a02d5b-1a44-7f0d-8a67-1d4594a2ed67"
3527256,SP,Lourdes,"01a02d5b-1a44-7f0d-8a68-19384905a9e0"
3527306,SP,Louveira,"01a02d5b-1a44-7f0d-8a69-b920619e1a61"
3527405,SP,Lucélia,"01a02d5b-1a45-77a5-82e2-a57acb8334cd"
3527504,SP,Lucianópolis,"01a02d5b-1a45-77a5-82e3-a4a040888e17"
3527603,SP,Luís Antônio,"01a02d5b-1a45-77a5-82e4-9b3bdc7ff9f0"
3527702,SP,Luiziânia,"01a02d5b-1a46-707b-ba4f-c8ebf039f8c0"
3527801,SP,Lupércio,"01a02d5b-1a46-707b-ba50-db7590bf5b3b"
3527900,SP,Lutécia,"01a02d5b-1a46-707b-ba51-476e0f418f29"
3528007,SP,Macatuba,"01a02d5b-1a46-707b-ba52-e9fc1f9898d7"
3528106,SP,Macaubal,"01a02d5b-1a46-7918-ba53-40f82f9a15ad"
3528205,SP,Macedônia,"01a02d5b-1a46-7918-ba54-74812aa370a2"
3528304,SP,Magda,"01a02d5b-1a46-7918-ba55-ddf7c223cc20"
3528403,SP,Mairinque,"01a02d5b-1a46-7918-ba56-90156326d18d"
3528502,SP,Mairiporã,"01a02d5b-1a47-7218-9b19-43cd156d6eb6"
3528601,SP,Manduri,"01a02d5b-1a47-7218-9b1a-d72e2d5f58c1"
3528700,SP,Marabá Paulista,"01a02d5b-1a47-7218-9b1b-e99ffd459b36"
3528809,SP,Maracaí,"01a02d5b-1a47-7218-9b1c-cd914184010d"
3528858,SP,Marapoama,"01a02d5b-1a47-7218-9b1d-b572c1e167ce"
3528908,SP,Mariápolis,"01a02d5b-1a47-7aae-9b1e-2acebae8bb3c"
3529005,SP,Marília,"01a02d5b-1a47-7aae-9b1f-f1e3c02726b0"
3529104,SP,Marinópolis,"01a02d5b-1a47-7aae-9b20-746d66a28ad4"
3529203,SP,Martinópolis,"01a02d5b-1a47-7aae-9b21-9b74254a28a6"
3529302,SP,Matão,"01a02d5b-1a48-733e-ba09-9a93e7a9a80c"
3529401,SP,Mauá,"01a02d5b-1a48-733e-ba0a-d5810d2b3653"
3529500,SP,Mendonça,"01a02d5b-1a48-733e-ba0b-b95529bda12b"
3529609,SP,Meridiano,"01a02d5b-1a48-733e-ba0c-77e2e5a8197b"
3529658,SP,Mesópolis,"01a02d5b-1a48-733e-ba0d-26c973b000d7"
3529708,SP,Miguelópolis,"01a02d5b-1a48-7bcb-ba0e-b01ec4a80d2d"
3529807,SP,Mineiros do Tietê,"01a02d5b-1a48-7bcb-ba0f-01cb8f1b213c"
3530003,SP,Mira Estrela,"01a02d5b-1a48-7bcb-ba10-0c0862167154"
3529906,SP,Miracatu,"01a02d5b-1a48-7bcb-ba11-968266f4bbb1"
3530102,SP,Mirandópolis,"01a02d5b-1a49-748b-9d8f-5a15bbbf41cd"
3530201,SP,Mirante do Paranapanema,"01a02d5b-1a49-748b-9d90-5a44b8a34c82"
3530300,SP,Mirassol,"01a02d5b-1a49-748b-9d91-6ca1b0714c3d"
3530409,SP,Mirassolândia,"01a02d5b-1a49-7d31-9d92-cb3cf2c8ee43"
3530508,SP,Mococa,"01a02d5b-1a49-7d31-9d93-a36c0ced164f"
3530607,SP,Mogi das Cruzes,"01a02d5b-1a4a-7609-9da5-963fbe038054"
3530706,SP,Mogi Guaçu,"01a02d5b-1a4a-7609-9da6-3854ef03e424"
3530805,SP,Mogi Mirim,"01a02d5b-1a4a-7609-9da7-66df25ca7096"
3530904,SP,Mombuca,"01a02d5b-1a4a-7609-9da8-fc53e727d0b3"
3531001,SP,Monções,"01a02d5b-1a4b-7645-9f36-2a27b1bdd47f"
3531100,SP,Mongaguá,"01a02d5b-1a4b-7645-9f37-84a9dc9c35a9"
3531209,SP,Monte Alegre do Sul,"01a02d5b-1a4b-7645-9f38-34441f821d51"
3531308,SP,Monte Alto,"01a02d5b-1a4b-7645-9f39-e002fe4af15a"
3531407,SP,Monte Aprazível,"01a02d5b-1a4c-7665-b1aa-78bfc316587d"
3531506,SP,Monte Azul Paulista,"01a02d5b-1a4c-7665-b1ab-476bcd4dee1c"
3531605,SP,Monte Castelo,"01a02d5b-1a4c-7665-b1ac-1ddba1013cde"
3531803,SP,Monte Mor,"01a02d5b-1a4c-7665-b1ad-1c6c1749d51a"
3531704,SP,Monteiro Lobato,"01a02d5b-1a4c-7665-b1ae-7c6872564ce1"
3531902,SP,Morro Agudo,"01a02d5b-1a4d-7633-848a-c6cd4773af31"
3532009,SP,Morungaba,"01a02d5b-1a4d-7633-848b-7ce542c980d1"
3532058,SP,Motuca,"01a02d5b-1a4d-7633-848c-3d5e9eedd0f4"
3532108,SP,Murutinga do Sul,"01a02d5b-1a4d-7633-848d-4a8568aa34b9"
3532157,SP,Nantes,"01a02d5b-1a4e-7638-b75b-6323d0405dae"
3532207,SP,Narandiba,"01a02d5b-1a4e-7638-b75c-a527c6bbf0b9"
3532306,SP,Natividade da Serra,"01a02d5b-1a4e-7638-b75d-a83b9921ddaf"
3532405,SP,Nazaré Paulista,"01a02d5b-1a4e-7638-b75e-f5a4259809a9"
3532504,SP,Neves Paulista,"01a02d5b-1a4e-7638-b75f-d032f3e196f5"
3532603,SP,Nhandeara,"01a02d5b-1a4f-7632-9de6-d4d77b3a64dd"
3532702,SP,Nipoã,"01a02d5b-1a4f-7632-9de7-534cf7c46b63"
3532801,SP,Nova Aliança,"01a02d5b-1a4f-7632-9de8-622d9d120cbc"
3532827,SP,Nova Campina,"01a02d5b-1a4f-7632-9de9-d2726d717a61"
3543600,SP,Rifaina,"01a02d5b-1a50-7636-9839-7f572e6edc8e"
3532843,SP,Nova Canaã Paulista,"01a02d5b-1a50-7636-983a-e1e80ce68447"
3532868,SP,Nova Castilho,"01a02d5b-1a50-7636-983b-c3d374b8dfdc"
3532900,SP,Nova Europa,"01a02d5b-1a50-7636-983c-172ad3b76b05"
3533007,SP,Nova Granada,"01a02d5b-1a50-7636-983d-a64a68b84461"
3533106,SP,Nova Guataporanga,"01a02d5b-1e47-7a2b-af92-5aefa434d099"
3533205,SP,Nova Independência,"01a02d5b-1e4b-77b8-897b-2985491399de"
3533304,SP,Nova Luzitânia,"01a02d5b-1e4c-703d-bdba-35fe336bbd83"
3533403,SP,Nova Odessa,"01a02d5b-1e4c-703d-bdbb-6384e35c3342"
3533254,SP,Novais,"01a02d5b-1e4c-703d-bdbc-f5eebf1ab0e3"
3533502,SP,Novo Horizonte,"01a02d5b-1e4c-7937-bdbd-c67137ded781"
3533601,SP,Nuporanga,"01a02d5b-1e4c-7937-bdbe-16c7d7425a03"
3533700,SP,Ocauçu,"01a02d5b-1e4d-71a7-b06b-088a304f1f72"
3533809,SP,Óleo,"01a02d5b-1e4d-71a7-b06c-a67779cfaa58"
3533908,SP,Olímpia,"01a02d5b-1e4d-7a55-b06d-67d464d43790"
3534005,SP,Onda Verde,"01a02d5b-1e4d-7a55-b06e-6765aa426a39"
3534104,SP,Oriente,"01a02d5b-1e4e-72c0-aee0-d3bda500a32c"
3534203,SP,Orindiúva,"01a02d5b-1e4e-72c0-aee1-bcc497846969"
3534302,SP,Orlândia,"01a02d5b-1e4e-72c0-aee2-10720d30e46d"
3534401,SP,Osasco,"01a02d5b-1e4e-7b61-aee3-79a10830ce13"
3534500,SP,Oscar Bressane,"01a02d5b-1e4e-7b61-aee4-048d76474e7a"
3534609,SP,Osvaldo Cruz,"01a02d5b-1e4f-73f6-aca1-1588e43272da"
3534708,SP,Ourinhos,"01a02d5b-1e4f-73f6-aca2-27740f586b8e"
3534807,SP,Ouro Verde,"01a02d5b-1e4f-73f6-aca3-0bcd4eff3a89"
3534757,SP,Ouroeste,"01a02d5b-1e4f-7c94-aca4-41e6ee730be8"
3534906,SP,Pacaembu,"01a02d5b-1e4f-7c94-aca5-5efedc6e1233"
3535002,SP,Palestina,"01a02d5b-1e50-7501-80ba-6df5d81daefc"
3535101,SP,Palmares Paulista,"01a02d5b-1e50-7501-80bb-177a5040660b"
3535200,SP,Palmeira d'Oeste,"01a02d5b-1e50-7d7c-80bc-e343c03b9283"
3535309,SP,Palmital,"01a02d5b-1e50-7d7c-80bd-c76fece27242"
3535408,SP,Panorama,"01a02d5b-1e51-75f4-964b-c9a10bcd9f50"
3535507,SP,Paraguaçu Paulista,"01a02d5b-1e51-75f4-964c-07b60524237d"
3535606,SP,Paraibuna,"01a02d5b-1e51-75f4-964d-a610f550257f"
3535705,SP,Paraíso,"01a02d5b-1e51-7fac-964e-cffc217b1190"
3535804,SP,Paranapanema,"01a02d5b-1e51-7fac-964f-5a6de3e9c878"
3535903,SP,Paranapuã,"01a02d5b-1e51-7fac-9650-6d01fcf782aa"
3536000,SP,Parapuã,"01a02d5b-1e51-7fac-9651-5f793df9544c"
3536109,SP,Pardinho,"01a02d5b-1e52-7866-8e0d-43e9667ce2d3"
3536208,SP,Pariquera-Açu,"01a02d5b-1e52-7866-8e0e-04a1d6781a1a"
3536257,SP,Parisi,"01a02d5b-1e52-7866-8e0f-b70462c0fddd"
3536307,SP,Patrocínio Paulista,"01a02d5b-1e52-7866-8e10-8fd05b4a8802"
3536406,SP,Paulicéia,"01a02d5b-1e53-710a-91ce-ddbb402d5bce"
3536505,SP,Paulínia,"01a02d5b-1e53-710a-91cf-7db9f43548c1"
3536570,SP,Paulistânia,"01a02d5b-1e53-710a-91d0-2af7ddc4a67b"
3536604,SP,Paulo de Faria,"01a02d5b-1e53-710a-91d1-72c55ff76eae"
3536703,SP,Pederneiras,"01a02d5b-1e53-79b6-91d2-9117e456363a"
3536802,SP,Pedra Bela,"01a02d5b-1e53-79b6-91d3-31fc6f8fdb29"
3536901,SP,Pedranópolis,"01a02d5b-1e53-79b6-91d4-e57254705313"
3537008,SP,Pedregulho,"01a02d5b-1e53-79b6-91d5-c632fb223111"
3537107,SP,Pedreira,"01a02d5b-1e53-79b6-91d6-e49f82e93e5c"
3537156,SP,Pedrinhas Paulista,"01a02d5b-1e54-726b-8c48-f82e120a0949"
3537206,SP,Pedro de Toledo,"01a02d5b-1e54-726b-8c49-e406439da32e"
3537305,SP,Penápolis,"01a02d5b-1e54-726b-8c4a-c68c372d63bb"
3537404,SP,Pereira Barreto,"01a02d5b-1e54-726b-8c4b-e985db885b25"
3537503,SP,Pereiras,"01a02d5b-1e54-726b-8c4c-5ea447d75053"
3537602,SP,Peruíbe,"01a02d5b-1e54-7b06-8c4d-248ae1fadf96"
3537701,SP,Piacatu,"01a02d5b-1e54-7b06-8c4e-ea50bde375dd"
3537800,SP,Piedade,"01a02d5b-1e54-7b06-8c4f-f9e89ab40436"
3537909,SP,Pilar do Sul,"01a02d5b-1e54-7b06-8c50-128121f52906"
3538006,SP,Pindamonhangaba,"01a02d5b-1e54-7b06-8c51-1b064314312a"
3538105,SP,Pindorama,"01a02d5b-1e55-73ae-9baf-0f87a4d64f3b"
3538204,SP,Pinhalzinho,"01a02d5b-1e55-73ae-9bb0-d93e3a7c7d63"
3538303,SP,Piquerobi,"01a02d5b-1e55-73ae-9bb1-84023d60e89e"
3538501,SP,Piquete,"01a02d5b-1e55-73ae-9bb2-5afe5b41ae9f"
3538600,SP,Piracaia,"01a02d5b-1e55-73ae-9bb3-8fc2297995b4"
3538709,SP,Piracicaba,"01a02d5b-1e55-7c46-9bb4-29caa8b12c3b"
3538808,SP,Piraju,"01a02d5b-1e55-7c46-9bb5-ecbf351da057"
3538907,SP,Pirajuí,"01a02d5b-1e55-7c46-9bb6-df3a02c66420"
3539004,SP,Pirangi,"01a02d5b-1e55-7c46-9bb7-559136a90763"
3539103,SP,Pirapora do Bom Jesus,"01a02d5b-1e55-7c46-9bb8-d16969bf4319"
3539202,SP,Pirapozinho,"01a02d5b-1e56-74ec-a9d8-cbb76eac87cc"
3539301,SP,Pirassununga,"01a02d5b-1e56-74ec-a9d9-644691d206e1"
3539400,SP,Piratininga,"01a02d5b-1e56-74ec-a9da-c1d63101ce32"
3539509,SP,Pitangueiras,"01a02d5b-1e56-74ec-a9db-77ecc120a9fd"
3539608,SP,Planalto,"01a02d5b-1e56-74ec-a9dc-305af9050bec"
3539707,SP,Platina,"01a02d5b-1e56-74ec-a9dd-5d9965e4d6a4"
3539806,SP,Poá,"01a02d5b-1e56-74ec-a9de-bc3730f6f38e"
3539905,SP,Poloni,"01a02d5b-1e56-74ec-a9df-6912330d20cf"
3540002,SP,Pompéia,"01a02d5b-1e56-74ec-a9e0-259507aabb99"
3540101,SP,Pongaí,"01a02d5b-1e57-750c-b08d-1a2b7b94c509"
3540200,SP,Pontal,"01a02d5b-1e57-750c-b08e-36eb057cc84f"
3540259,SP,Pontalinda,"01a02d5b-1e57-750c-b08f-8cccb4ab2403"
3540309,SP,Pontes Gestal,"01a02d5b-1e57-750c-b090-1eb9862e08ef"
3540408,SP,Populina,"01a02d5b-1e57-750c-b091-3704b9be866a"
3540507,SP,Porangaba,"01a02d5b-1e57-750c-b092-71cc1a2d089d"
3540606,SP,Porto Feliz,"01a02d5b-1e57-750c-b093-01a96762d610"
3540705,SP,Porto Ferreira,"01a02d5b-1e57-750c-b094-7b07b02da3ff"
3540754,SP,Potim,"01a02d5b-1e57-750c-b095-2de15f5cd517"
3540804,SP,Potirendaba,"01a02d5b-1e58-7505-9eca-c1b9b0af43d6"
3540853,SP,Pracinha,"01a02d5b-1e58-7505-9ecb-d6c597884407"
3540903,SP,Pradópolis,"01a02d5b-1e58-7505-9ecc-7fb886bfa1ab"
3541000,SP,Praia Grande,"01a02d5b-1e58-7505-9ecd-17ccac7b7919"
3541059,SP,Pratânia,"01a02d5b-1e58-7505-9ece-0ea01ccc1ddc"
3541109,SP,Presidente Alves,"01a02d5b-1e58-7505-9ecf-90fc4d2346b3"
3541208,SP,Presidente Bernardes,"01a02d5b-1e58-7505-9ed0-384404c4c4c0"
3541307,SP,Presidente Epitácio,"01a02d5b-1e58-7505-9ed1-55c0ef7477e1"
3541406,SP,Presidente Prudente,"01a02d5b-1e58-7505-9ed2-3e530164b2fc"
3541505,SP,Presidente Venceslau,"01a02d5b-1e59-7514-9f34-6d89c0352a78"
3541604,SP,Promissão,"01a02d5b-1e59-7514-9f35-522b55cbbe4e"
3541653,SP,Quadra,"01a02d5b-1e59-7514-9f36-863a0bb51a46"
3541703,SP,Quatá,"01a02d5b-1e59-7514-9f37-d5b95ba1ceaa"
3541802,SP,Queiroz,"01a02d5b-1e59-7514-9f38-e368851bdd48"
3541901,SP,Queluz,"01a02d5b-1e59-7514-9f39-89a39cbef040"
3542008,SP,Quintana,"01a02d5b-1e59-7514-9f3a-212c2da95dce"
3542107,SP,Rafard,"01a02d5b-1e5a-7516-8309-ac91f427c611"
3542206,SP,Rancharia,"01a02d5b-223c-75a9-a6eb-0168d5f8b18d"
3542305,SP,Redenção da Serra,"01a02d5b-223f-7a27-9e61-4c60c92ecc8a"
3542404,SP,Regente Feijó,"01a02d5b-223f-7a27-9e62-0467ce7ad970"
3542503,SP,Reginópolis,"01a02d5b-2240-72e5-b75e-76b349b5f180"
3542602,SP,Registro,"01a02d5b-2240-72e5-b75f-fa64357be3c6"
3542701,SP,Restinga,"01a02d5b-2240-72e5-b760-26f957021ec8"
3542800,SP,Ribeira,"01a02d5b-2240-72e5-b761-1cc5b1ed9af8"
3542909,SP,Ribeirão Bonito,"01a02d5b-2240-7b87-b762-c8f64dcb3792"
3543006,SP,Ribeirão Branco,"01a02d5b-2240-7b87-b763-15c477684d78"
3543105,SP,Ribeirão Corrente,"01a02d5b-2240-7b87-b764-1e6b8347511d"
3543204,SP,Ribeirão do Sul,"01a02d5b-2240-7b87-b765-b25e4674b7bd"
3543238,SP,Ribeirão dos Índios,"01a02d5b-2241-73fe-9d4d-21949794fc2c"
3543253,SP,Ribeirão Grande,"01a02d5b-2241-73fe-9d4e-7dcb4a4b3c2e"
3543303,SP,Ribeirão Pires,"01a02d5b-2241-73fe-9d4f-4b307528ecae"
3543402,SP,Ribeirão Preto,"01a02d5b-2241-73fe-9d50-6b9460062ac7"
3543709,SP,Rincão,"01a02d5b-2241-73fe-9d51-7954b5adbcc1"
3543808,SP,Rinópolis,"01a02d5b-2241-73fe-9d52-60d357f5f796"
3543907,SP,Rio Claro,"01a02d5b-2241-73fe-9d53-d1c4e5689e57"
3544004,SP,Rio das Pedras,"01a02d5b-2241-73fe-9d54-45e8518d4290"
3544103,SP,Rio Grande da Serra,"01a02d5b-2241-73fe-9d55-f9c6bb76f02c"
3544202,SP,Riolândia,"01a02d5b-2241-73fe-9d56-5bb5abb18667"
3543501,SP,Riversul,"01a02d5b-2242-7415-84ae-22280c4078ac"
3544251,SP,Rosana,"01a02d5b-2242-7415-84af-52a17531c9bf"
3544301,SP,Roseira,"01a02d5b-2242-7415-84b0-d342eabbdcec"
3544400,SP,Rubiácea,"01a02d5b-2242-7415-84b1-32f57dabbea1"
3544509,SP,Rubinéia,"01a02d5b-2242-7415-84b2-cb31ebe2135d"
3544608,SP,Sabino,"01a02d5b-2242-7415-84b3-1671620225bd"
3544707,SP,Sagres,"01a02d5b-2242-7415-84b4-3baab50f718d"
3544806,SP,Sales,"01a02d5b-2242-7415-84b5-4e7467d69d4e"
3544905,SP,Sales Oliveira,"01a02d5b-2243-7e82-803d-f14a15c24606"
3545001,SP,Salesópolis,"01a02d5b-2243-7e82-803e-4ec1be49de96"
3545100,SP,Salmourão,"01a02d5b-2243-7e82-803f-32a8434db9a8"
3545159,SP,Saltinho,"01a02d5b-2243-7e82-8040-8a9c1e8c1024"
3545209,SP,Salto,"01a02d5b-2243-7e82-8041-0197cb652df2"
3545308,SP,Salto de Pirapora,"01a02d5b-2244-7ea8-97cf-b2cabc4e446d"
3545407,SP,Salto Grande,"01a02d5b-2244-7ea8-97d0-bfc71bb5933f"
3545506,SP,Sandovalina,"01a02d5b-2244-7ea8-97d1-9f4cec1f4db0"
3545605,SP,Santa Adélia,"01a02d5b-2244-7ea8-97d2-e5c15ce7381f"
3545704,SP,Santa Albertina,"01a02d5b-2245-7ea8-9735-6a2be22d67e6"
3545803,SP,Santa Bárbara d'Oeste,"01a02d5b-2245-7ea8-9736-198ad61a459b"
3546009,SP,Santa Branca,"01a02d5b-2245-7ea8-9737-4a0c82366497"
3546108,SP,Santa Clara d'Oeste,"01a02d5b-2245-7ea8-9738-591bd3bff345"
3546207,SP,Santa Cruz da Conceição,"01a02d5b-2246-7eaa-b012-79ea86d94d8d"
3546256,SP,Santa Cruz da Esperança,"01a02d5b-2246-7eaa-b013-9fbc96c400fc"
3546306,SP,Santa Cruz das Palmeiras,"01a02d5b-2247-76be-b442-ed85550f05fd"
3546405,SP,Santa Cruz do Rio Pardo,"01a02d5b-2247-76be-b443-0d4f7ad114e7"
3546504,SP,Santa Ernestina,"01a02d5b-2247-76be-b444-c9848ddb1b4f"
3546603,SP,Santa Fé do Sul,"01a02d5b-2247-76be-b445-f6eec3ff5870"
3546702,SP,Santa Gertrudes,"01a02d5b-2248-76e4-8c51-62c0ecb648c0"
3546801,SP,Santa Isabel,"01a02d5b-2248-76e4-8c52-1e985fd85631"
3546900,SP,Santa Lúcia,"01a02d5b-2248-76e4-8c53-96bc26d685d7"
3547007,SP,Santa Maria da Serra,"01a02d5b-2248-76e4-8c54-db6fd13ed357"
3547106,SP,Santa Mercedes,"01a02d5b-2248-76e4-8c55-24094db22701"
3547502,SP,Santa Rita do Passa Quatro,"01a02d5b-2248-76e4-8c56-393a384a5ade"
3547403,SP,Santa Rita d'Oeste,"01a02d5b-2248-76e4-8c57-2e46c7841118"
3547601,SP,Santa Rosa de Viterbo,"01a02d5b-2249-76e5-8fd2-bec1151b0733"
3547650,SP,Santa Salete,"01a02d5b-2249-76e5-8fd3-a2878dcff428"
3547205,SP,Santana da Ponte Pensa,"01a02d5b-2249-76e5-8fd4-2d73e570874b"
3547304,SP,Santana de Parnaíba,"01a02d5b-2249-76e5-8fd5-6c79d5ee663d"
3547700,SP,Santo Anastácio,"01a02d5b-2249-76e5-8fd6-eb4df88ba9c1"
3547809,SP,Santo André,"01a02d5b-224a-76ea-a2cf-e054d9aac90a"
3547908,SP,Santo Antônio da Alegria,"01a02d5b-224a-76ea-a2d0-d93690380e90"
3548005,SP,Santo Antônio de Posse,"01a02d5b-224a-76ea-a2d1-c0d09eb8f288"
3548054,SP,Santo Antônio do Aracanguá,"01a02d5b-224a-76ea-a2d2-c0f960c22a01"
3548104,SP,Santo Antônio do Jardim,"01a02d5b-224a-76ea-a2d3-5b826d5e1638"
3548203,SP,Santo Antônio do Pinhal,"01a02d5b-224a-76ea-a2d4-6fe43247f4ba"
3548302,SP,Santo Expedito,"01a02d5b-224a-76ea-a2d5-f5495c89c7d3"
3548401,SP,Santópolis do Aguapeí,"01a02d5b-224b-76d6-aa35-a52338bfc3e6"
3548500,SP,Santos,"01a02d5b-224b-76d6-aa36-99db1ddc3864"
3548609,SP,São Bento do Sapucaí,"01a02d5b-224b-76d6-aa37-a70b2c85457a"
3548708,SP,São Bernardo do Campo,"01a02d5b-224b-76d6-aa38-f7d8e8d7f29d"
3548807,SP,São Caetano do Sul,"01a02d5b-224b-76d6-aa39-1deaae46521b"
3548906,SP,São Carlos,"01a02d5b-224b-76d6-aa3a-865eb29aeb7f"
3549003,SP,São Francisco,"01a02d5b-224b-76d6-aa3b-c57919f39ce4"
3549102,SP,São João da Boa Vista,"01a02d5b-224b-76d6-aa3c-dc4b59eed116"
3549201,SP,São João das Duas Pontes,"01a02d5b-224c-76e7-8306-f2b35cf87fef"
3549250,SP,São João de Iracema,"01a02d5b-224c-76e7-8307-3fd860676c48"
3549300,SP,São João do Pau d'Alho,"01a02d5b-224c-76e7-8308-5f5840fbcf9c"
3549409,SP,São Joaquim da Barra,"01a02d5b-224c-76e7-8309-61484a660958"
3549508,SP,São José da Bela Vista,"01a02d5b-224c-76e7-830a-b2b08c5561e5"
3549607,SP,São José do Barreiro,"01a02d5b-224c-76e7-830b-f1fcf6f9790c"
3549706,SP,São José do Rio Pardo,"01a02d5b-224c-76e7-830c-8e7525146d25"
3549805,SP,São José do Rio Preto,"01a02d5b-224c-76e7-830d-53b7f91b4c95"
3549904,SP,São José dos Campos,"01a02d5b-224c-76e7-830e-e9be1c8fd29d"
3549953,SP,São Lourenço da Serra,"01a02d5b-224d-76d4-a467-ab03c6c6407a"
3550001,SP,São Luiz do Paraitinga,"01a02d5b-224d-76d4-a468-6b2a348377be"
3550100,SP,São Manuel,"01a02d5b-224d-76d4-a469-990d1c63a9c9"
3550209,SP,São Miguel Arcanjo,"01a02d5b-224d-76d4-a46a-5e03e803eb29"
3550308,SP,São Paulo,"01a02d5b-224d-76d4-a46b-5e3031c9c26b"
3550407,SP,São Pedro,"01a02d5b-224d-76d4-a46c-0dc6e040737a"
3550506,SP,São Pedro do Turvo,"01a02d5b-224d-76d4-a46d-f560cb53b720"
3550605,SP,São Roque,"01a02d5b-224d-76d4-a46e-834ae0b50fe4"
3550704,SP,São Sebastião,"01a02d5b-224d-76d4-a46f-b8f2c316e0ad"
3550803,SP,São Sebastião da Grama,"01a02d5b-224e-76d3-b221-dc6db61b0ec2"
3550902,SP,São Simão,"01a02d5b-224e-76d3-b222-15806e201dd3"
3551009,SP,São Vicente,"01a02d5b-224e-76d3-b223-2281116ee95b"
3551108,SP,Sarapuí,"01a02d5b-224e-76d3-b224-a524f6157f4c"
3551207,SP,Sarutaiá,"01a02d5b-224e-76d3-b225-7d2289bc2936"
3551306,SP,Sebastianópolis do Sul,"01a02d5b-224e-76d3-b226-b54ccdaf8a05"
3551405,SP,Serra Azul,"01a02d5b-224e-76d3-b227-6be47f6d32e3"
3551603,SP,Serra Negra,"01a02d5b-264d-73a5-a696-9504fa3db2ba"
3551504,SP,Serrana,"01a02d5b-2650-7885-ab73-c02644b0f8f9"
3551702,SP,Sertãozinho,"01a02d5b-2650-7885-ab74-552f94fccd26"
3551801,SP,Sete Barras,"01a02d5b-2651-7106-a937-626503e78ff0"
3551900,SP,Severínia,"01a02d5b-2651-7106-a938-ec6841dfaf5b"
3552007,SP,Silveiras,"01a02d5b-2651-7106-a939-e0d512ddb83c"
3552106,SP,Socorro,"01a02d5b-2651-7106-a93a-88f7cc6e24cb"
3552205,SP,Sorocaba,"01a02d5b-2652-711e-813e-c5efdd8d8147"
3552304,SP,Sud Mennucci,"01a02d5b-2652-711e-813f-eb0c4bf11d56"
3552403,SP,Sumaré,"01a02d5b-2652-711e-8140-8de3a6ea3de8"
3552551,SP,Suzanápolis,"01a02d5b-2652-711e-8141-36c1cdd5a304"
3552601,SP,Tabapuã,"01a02d5b-2652-711e-8142-eed845689bd0"
3552700,SP,Tabatinga,"01a02d5b-2652-711e-8143-e68c446900eb"
3552809,SP,Taboão da Serra,"01a02d5b-2652-711e-8144-0705d2bbccd6"
3552908,SP,Taciba,"01a02d5b-2652-711e-8145-039782825a07"
3553005,SP,Taguaí,"01a02d5b-2653-7d4d-afd9-61880511ee27"
3553104,SP,Taiaçu,"01a02d5b-2653-7d4d-afda-6df3aa074fc9"
3553203,SP,Taiúva,"01a02d5b-2654-77d9-92e5-f52c326df8de"
3553302,SP,Tambaú,"01a02d5b-2654-77d9-92e6-14119667e0e7"
3553401,SP,Tanabi,"01a02d5b-2654-77d9-92e7-36a1485d9351"
3553500,SP,Tapiraí,"01a02d5b-2654-77d9-92e8-d69cebb0b43c"
3553609,SP,Tapiratiba,"01a02d5b-2654-77d9-92e9-2a38fa44101d"
3553658,SP,Taquaral,"01a02d5b-2655-781e-9b2b-9bee8c9345c7"
3553708,SP,Taquaritinga,"01a02d5b-2655-781e-9b2c-35342caf5b51"
3553807,SP,Taquarituba,"01a02d5b-2655-781e-9b2d-d11be6c0b9f2"
3553856,SP,Taquarivaí,"01a02d5b-2655-781e-9b2e-a0507c40f17c"
3553906,SP,Tarabai,"01a02d5b-2656-781b-bdc3-8e37deaf1927"
3553955,SP,Tarumã,"01a02d5b-2656-781b-bdc4-9153d7f5774b"
3554003,SP,Tatuí,"01a02d5b-2656-781b-bdc5-cf597b2f2c28"
3554102,SP,Taubaté,"01a02d5b-2656-781b-bdc6-1fd799f4a7fb"
3554201,SP,Tejupá,"01a02d5b-2657-7818-92d1-54093cda3721"
3554300,SP,Teodoro Sampaio,"01a02d5b-2657-7818-92d2-575660f5a849"
3554409,SP,Terra Roxa,"01a02d5b-2657-7818-92d3-06f9900f48a3"
3554508,SP,Tietê,"01a02d5b-2657-7818-92d4-783b5bd98127"
3554607,SP,Timburi,"01a02d5b-2658-7815-b10d-5f8804204fab"
3554656,SP,Torre de Pedra,"01a02d5b-2658-7815-b10e-a92e9f75ae25"
3554706,SP,Torrinha,"01a02d5b-2658-7815-b10f-3e900b57ef63"
3554755,SP,Trabiju,"01a02d5b-2658-7815-b110-b190d016b192"
3554805,SP,Tremembé,"01a02d5b-2658-7815-b111-42fc6f5536c9"
3554904,SP,Três Fronteiras,"01a02d5b-2659-7816-8347-d3982631b508"
3554953,SP,Tuiuti,"01a02d5b-2659-7816-8348-fa5f0813ed14"
3555000,SP,Tupã,"01a02d5b-2659-7816-8349-6eec3d4795f3"
3555109,SP,Tupi Paulista,"01a02d5b-2659-7816-834a-332c366aff6d"
3555208,SP,Turiúba,"01a02d5b-2659-7816-834b-70f06ceac471"
3555307,SP,Turmalina,"01a02d5b-265a-7814-9f73-0499dfc5a288"
3555356,SP,Ubarana,"01a02d5b-265a-7814-9f74-c0d7ad7a39bc"
3555406,SP,Ubatuba,"01a02d5b-265a-7814-9f75-31e13f69fadf"
3555505,SP,Ubirajara,"01a02d5b-265a-7814-9f76-f7a1b76955ce"
3555604,SP,Uchoa,"01a02d5b-265a-7814-9f77-c0e81514dae9"
3555703,SP,União Paulista,"01a02d5b-265b-7814-b859-c75c7e75bcfb"
3555802,SP,Urânia,"01a02d5b-265b-7814-b85a-c6dca34510f8"
3555901,SP,Uru,"01a02d5b-265b-7814-b85b-0346e98ba61d"
3556008,SP,Urupês,"01a02d5b-265b-7814-b85c-42b658a4ff8c"
3556107,SP,Valentim Gentil,"01a02d5b-265c-783c-96c7-f2857b1fafa2"
3556206,SP,Valinhos,"01a02d5b-265c-783c-96c8-e68f4aa64b97"
3556305,SP,Valparaíso,"01a02d5b-265c-783c-96c9-ce355150158b"
3556354,SP,Vargem,"01a02d5b-265c-783c-96ca-fa57fb398e06"
3556404,SP,Vargem Grande do Sul,"01a02d5b-265c-783c-96cb-d499fb8d5099"
3556453,SP,Vargem Grande Paulista,"01a02d5b-265d-783a-86cb-4af4b816a978"
3556503,SP,Várzea Paulista,"01a02d5b-265d-783a-86cc-ce3a134e60c4"
3556602,SP,Vera Cruz,"01a02d5b-265d-783a-86cd-56513dca1c9d"
3556701,SP,Vinhedo,"01a02d5b-265d-783a-86ce-1933d8d5ac45"
3556800,SP,Viradouro,"01a02d5b-265d-783a-86cf-b351a47bec0a"
3556909,SP,Vista Alegre do Alto,"01a02d5b-265e-7839-b2fe-27bfd507f49b"
3556958,SP,Vitória Brasil,"01a02d5b-265e-7839-b2ff-bf62ce7c0a6e"
3557006,SP,Votorantim,"01a02d5b-265e-7839-b300-8b84c0860e07"
3557105,SP,Votuporanga,"01a02d5b-265e-7839-b301-17425528e8b2"
3557154,SP,Zacarias,"01a02d5b-265e-7839-b302-5cc81ad16248"
4100103,PR,Abatiá,"01a02d5b-265f-783d-ae1e-ccb51a318414"
4100202,PR,Adrianópolis,"01a02d5b-2662-72d1-ac97-6fbdd61e3d81"
4100301,PR,Agudos do Sul,"01a02d5b-2662-7ba7-ac98-db6cc7b5b10f"
4100400,PR,Almirante Tamandaré,"01a02d5b-2662-7ba7-ac99-88103a802e69"
4100459,PR,Altamira do Paraná,"01a02d5b-2663-7539-921b-39baddb851be"
4128625,PR,Alto Paraíso,"01a02d5b-2663-7539-921c-786597309536"
4100608,PR,Alto Paraná,"01a02d5b-2663-7539-921d-0962061ccbaa"
4100707,PR,Alto Piquiri,"01a02d5b-2663-7539-921e-34bc9c1c22f2"
4100509,PR,Altônia,"01a02d5b-2663-7539-921f-6c122a0c8d02"
4100806,PR,Alvorada do Sul,"01a02d5b-2663-7df5-9220-7480d8ca8aed"
4100905,PR,Amaporã,"01a02d5b-2663-7df5-9221-ac42b7910938"
4101002,PR,Ampére,"01a02d5b-2663-7df5-9222-2ee61cdf574d"
4101051,PR,Anahy,"01a02d5b-2663-7df5-9223-bfedab9320ea"
4101101,PR,Andirá,"01a02d5b-2664-7693-bc3f-1e20da8a9b12"
4101150,PR,Ângulo,"01a02d5b-2664-7693-bc40-e129947b09ed"
4101200,PR,Antonina,"01a02d5b-2664-7693-bc41-c7d0f63886a1"
4101309,PR,Antônio Olinto,"01a02d5b-2664-7693-bc42-49c43d74ca2d"
4101408,PR,Apucarana,"01a02d5b-2664-7693-bc43-6f437c65ad40"
4101507,PR,Arapongas,"01a02d5b-2664-7f28-bc44-4412bc101697"
4101606,PR,Arapoti,"01a02d5b-2664-7f28-bc45-f7b60be5f53a"
4101655,PR,Arapuã,"01a02d5b-2664-7f28-bc46-3c3b71f78cb6"
4101705,PR,Araruna,"01a02d5b-2664-7f28-bc47-b7e8effde8e6"
4101804,PR,Araucária,"01a02d5b-2665-77d6-b19d-8929238d3fe8"
4101853,PR,Ariranha do Ivaí,"01a02d5b-2665-77d6-b19e-4a31ea40976b"
4101903,PR,Assaí,"01a02d5b-2666-70a1-a08c-28d51a2081f7"
4102000,PR,Assis Chateaubriand,"01a02d5b-2666-70a1-a08d-37a0a1519c06"
4102109,PR,Astorga,"01a02d5b-2666-70a1-a08e-ece180af4ecd"
4102208,PR,Atalaia,"01a02d5b-2666-7c65-a08f-3ec76813b9da"
4102307,PR,Balsa Nova,"01a02d5b-2666-7c65-a090-02bf0abebc3f"
4102406,PR,Bandeirantes,"01a02d5b-2666-7c65-a091-82b9392bba90"
4102505,PR,Barbosa Ferraz,"01a02d5b-2667-74eb-a16f-bb5cf0362691"
4102703,PR,Barra do Jacaré,"01a02d5b-2667-74eb-a170-8efc52611a04"
4102604,PR,Barracão,"01a02d5b-2a83-7775-bd25-ed698b920b61"
4102752,PR,Bela Vista da Caroba,"01a02d5b-2a86-7b21-9a98-6511afa0ded4"
4102802,PR,Bela Vista do Paraíso,"01a02d5b-2a86-7b21-9a99-3cd45b732879"
4102901,PR,Bituruna,"01a02d5b-2a86-7b21-9a9a-01dbb06da857"
4103008,PR,Boa Esperança,"01a02d5b-2a87-7408-972b-bb6640ea05cf"
4103024,PR,Boa Esperança do Iguaçu,"01a02d5b-2a87-7408-972c-bde0e22b557c"
4103040,PR,Boa Ventura de São Roque,"01a02d5b-2a87-7cba-972d-722f1192134e"
4103057,PR,Boa Vista da Aparecida,"01a02d5b-2a87-7cba-972e-76ce444b0a62"
4103107,PR,Bocaiúva do Sul,"01a02d5b-2a87-7cba-972f-35a853a6ce8f"
4103156,PR,Bom Jesus do Sul,"01a02d5b-2a88-7684-969f-9e657e608b4f"
4103206,PR,Bom Sucesso,"01a02d5b-2a88-7684-96a0-fae7d04a2936"
4103222,PR,Bom Sucesso do Sul,"01a02d5b-2a88-7684-96a1-8b6756ac2d4d"
4103305,PR,Borrazópolis,"01a02d5b-2a88-7f56-96a2-4cf0ddbd7105"
4103354,PR,Braganey,"01a02d5b-2a88-7f56-96a3-243fb350acf2"
4103370,PR,Brasilândia do Sul,"01a02d5b-2a88-7f56-96a4-d939161a331d"
4103404,PR,Cafeara,"01a02d5b-2a88-7f56-96a5-0f4e1243a09a"
4103453,PR,Cafelândia,"01a02d5b-2a89-77f6-b797-20d217e6c90b"
4103479,PR,Cafezal do Sul,"01a02d5b-2a89-77f6-b798-c676079c1d83"
4103503,PR,Califórnia,"01a02d5b-2a89-77f6-b799-7ea27e4ef690"
4103602,PR,Cambará,"01a02d5b-2a89-77f6-b79a-5e7ef50b5209"
4103701,PR,Cambé,"01a02d5b-2a8a-70b9-98b3-0c741b1319ea"
4103800,PR,Cambira,"01a02d5b-2a8a-70b9-98b4-f03794b177e7"
4103909,PR,Campina da Lagoa,"01a02d5b-2a8a-70b9-98b5-be87979b1167"
4103958,PR,Campina do Simão,"01a02d5b-2a8a-797a-98b6-f942f90f5bd4"
4104006,PR,Campina Grande do Sul,"01a02d5b-2a8a-797a-98b7-6b0f65032c65"
4104055,PR,Campo Bonito,"01a02d5b-2a8a-797a-98b8-14fe4a08017a"
4104105,PR,Campo do Tenente,"01a02d5b-2a8a-797a-98b9-725347114fea"
4104204,PR,Campo Largo,"01a02d5b-2a8b-722b-b05f-bb4ff9a8bfca"
4104253,PR,Campo Magro,"01a02d5b-2a8b-722b-b060-5b03953c5a2b"
4104303,PR,Campo Mourão,"01a02d5b-2a8b-722b-b061-fc102bd82141"
4104402,PR,Cândido de Abreu,"01a02d5b-2a8b-7ad9-b062-297fb676238a"
4104428,PR,Candói,"01a02d5b-2a8b-7ad9-b063-8f91fee33fef"
4104451,PR,Cantagalo,"01a02d5b-2a8b-7ad9-b064-f5314f312d2e"
4104501,PR,Capanema,"01a02d5b-2a8b-7ad9-b065-2c6905ad5ae2"
4104600,PR,Capitão Leônidas Marques,"01a02d5b-2a8c-7387-b468-b114d176aeec"
4104659,PR,Carambeí,"01a02d5b-2a8c-7387-b469-959c6535ffe4"
4104709,PR,Carlópolis,"01a02d5b-2a8c-7387-b46a-961de826d977"
4104808,PR,Cascavel,"01a02d5b-2a8c-7387-b46b-68d55135ef42"
4104907,PR,Castro,"01a02d5b-2a8c-7c3d-b46c-b3ef4008c13c"
4105003,PR,Catanduvas,"01a02d5b-2a8c-7c3d-b46d-1931a1f090ed"
4105102,PR,Centenário do Sul,"01a02d5b-2a8c-7c3d-b46e-0db321cc6349"
4105201,PR,Cerro Azul,"01a02d5b-2a8c-7c3d-b46f-7204c0bf9873"
4105300,PR,Céu Azul,"01a02d5b-2a8d-7517-bb5d-f859b0b1f8c0"
4105409,PR,Chopinzinho,"01a02d5b-2a8d-7517-bb5e-48a85191d41c"
4105508,PR,Cianorte,"01a02d5b-2a8d-7d9d-bb5f-fede5ab85f4f"
4105607,PR,Cidade Gaúcha,"01a02d5b-2a8d-7d9d-bb60-114776b1afe7"
4105706,PR,Clevelândia,"01a02d5b-2a8d-7d9d-bb61-437f50cf23ba"
4105805,PR,Colombo,"01a02d5b-2a8d-7d9d-bb62-4b9fb0c4edd7"
4105904,PR,Colorado,"01a02d5b-2a8e-7662-819c-9569df99baba"
4106001,PR,Congonhinhas,"01a02d5b-2a8e-7662-819d-a8f7157fa892"
4106100,PR,Conselheiro Mairinck,"01a02d5b-2a8e-7662-819e-829af6945d13"
4106209,PR,Contenda,"01a02d5b-2a8e-7ee4-819f-41b8b24c68fa"
4106308,PR,Corbélia,"01a02d5b-2a8e-7ee4-81a0-769778ed89f5"
4106407,PR,Cornélio Procópio,"01a02d5b-2a8e-7ee4-81a1-42e5c5a5e5f7"
4106456,PR,Coronel Domingos Soares,"01a02d5b-2a8f-7791-812d-27e3f28aa62c"
4106506,PR,Coronel Vivida,"01a02d5b-2a8f-7791-812e-0731f904a054"
4106555,PR,Corumbataí do Sul,"01a02d5b-2a90-7056-8e8d-241e39284d1e"
4106803,PR,Cruz Machado,"01a02d5b-2a90-7056-8e8e-b20922642b79"
4106571,PR,Cruzeiro do Iguaçu,"01a02d5b-2a90-7056-8e8f-ffc2da0a8c5e"
4106605,PR,Cruzeiro do Oeste,"01a02d5b-2a90-7056-8e90-632ae25456e4"
4106704,PR,Cruzeiro do Sul,"01a02d5b-2a90-792f-8e91-439711b0a7bd"
4106852,PR,Cruzmaltina,"01a02d5b-2a90-792f-8e92-249e65821680"
4106902,PR,Curitiba,"01a02d5b-2a90-792f-8e93-2eff14ec3b9c"
4107009,PR,Curiúva,"01a02d5b-2a91-71eb-a342-52e307afe5fd"
4107108,PR,Diamante do Norte,"01a02d5b-2a91-71eb-a343-a64a17eedfb0"
4107124,PR,Diamante do Sul,"01a02d5b-2a91-71eb-a344-3ca16102f00e"
4107157,PR,Diamante D'Oeste,"01a02d5b-2a91-71eb-a345-a6f91b14d7b2"
4107207,PR,Dois Vizinhos,"01a02d5b-2a91-7a55-a346-ea4fe091f4ed"
4107256,PR,Douradina,"01a02d5b-2a91-7a55-a347-9fdb9a9c06c3"
4107306,PR,Doutor Camargo,"01a02d5b-2a91-7a55-a348-08873867368b"
4128633,PR,Doutor Ulysses,"01a02d5b-2a92-729c-80b5-93b552658542"
4107405,PR,Enéas Marques,"01a02d5b-2a92-729c-80b6-685d6f1bfba9"
4107504,PR,Engenheiro Beltrão,"01a02d5b-2a92-729c-80b7-14a40d4f98fa"
4107538,PR,Entre Rios do Oeste,"01a02d5b-2a92-729c-80b8-5630fa076749"
4107520,PR,Esperança Nova,"01a02d5b-2a92-729c-80b9-5b2b1aaa6a11"
4107546,PR,Espigão Alto do Iguaçu,"01a02d5b-2a92-729c-80ba-86622c7bbffe"
4107553,PR,Farol,"01a02d5b-2a92-729c-80bb-cade6713c8e8"
4107603,PR,Faxinal,"01a02d5b-2a93-72c3-83cf-78053977f4ec"
4107652,PR,Fazenda Rio Grande,"01a02d5b-2a93-72c3-83d0-23829556ccea"
4107702,PR,Fênix,"01a02d5b-2a93-72c3-83d1-460725c08868"
4107736,PR,Fernandes Pinheiro,"01a02d5b-2a93-72c3-83d2-bf2e03d6bc5c"
4107751,PR,Figueira,"01a02d5b-2a93-72c3-83d3-b9699fa8b372"
4107850,PR,Flor da Serra do Sul,"01a02d5b-2a93-72c3-83d4-a680139a69f4"
4107801,PR,Floraí,"01a02d5b-2a93-72c3-83d5-bf97186fb102"
4107900,PR,Floresta,"01a02d5b-2a94-72b4-9e25-87d93eefed79"
4108007,PR,Florestópolis,"01a02d5b-2a94-72b4-9e26-274af10691ac"
4108106,PR,Flórida,"01a02d5b-2a94-72b4-9e27-5862ba2c8d1a"
4108205,PR,Formosa do Oeste,"01a02d5b-2a94-72b4-9e28-1e025757ee0a"
4108304,PR,Foz do Iguaçu,"01a02d5b-2a94-72b4-9e29-1d71b7b4f7da"
4108452,PR,Foz do Jordão,"01a02d5b-2a94-72b4-9e2a-9b66f9d1df0e"
4108320,PR,Francisco Alves,"01a02d5b-2a94-72b4-9e2b-0aeb9a5a52ac"
4108403,PR,Francisco Beltrão,"01a02d5b-2a95-72b4-9415-9f7cc93c544c"
4108502,PR,General Carneiro,"01a02d5b-2a95-72b4-9416-f0dc2a087c7a"
4108551,PR,Godoy Moreira,"01a02d5b-2a95-72b4-9417-57c3177acada"
4108601,PR,Goioerê,"01a02d5b-2a95-72b4-9418-1136b82439e0"
4108650,PR,Goioxim,"01a02d5b-2a95-72b4-9419-b7dc7c22c10d"
4108700,PR,Grandes Rios,"01a02d5b-2a95-72b4-941a-ee5d8f5029a9"
4108809,PR,Guaíra,"01a02d5b-2a95-72b4-941b-0e78c1376527"
4108908,PR,Guairaçá,"01a02d5b-2a96-72b4-9404-85165c1c017e"
4108957,PR,Guamiranga,"01a02d5b-2a96-72b4-9405-6487ff3e8cb2"
4109005,PR,Guapirama,"01a02d5b-2ea3-73c7-9cd0-6f0fdfb70ec0"
4109104,PR,Guaporema,"01a02d5b-2ea6-78a7-ab8f-532ef7930946"
4109203,PR,Guaraci,"01a02d5b-2ea7-7184-b873-586a8524f42a"
4109302,PR,Guaraniaçu,"01a02d5b-2ea7-7184-b874-612187946036"
4109401,PR,Guarapuava,"01a02d5b-2ea7-7a84-b875-8f264305960f"
4109500,PR,Guaraqueçaba,"01a02d5b-2ea7-7a84-b876-04492933871b"
4109609,PR,Guaratuba,"01a02d5b-2ea8-72f6-8bd6-cb5b55edeadd"
4109658,PR,Honório Serpa,"01a02d5b-2ea8-72f6-8bd7-3f55748f2ba9"
4109708,PR,Ibaiti,"01a02d5b-2ea8-7b66-8bd8-3ef5dcebf8ce"
4109757,PR,Ibema,"01a02d5b-2ea8-7b66-8bd9-ed1c159a53ae"
4109807,PR,Ibiporã,"01a02d5b-2ea9-7414-aa04-d6e457ce0327"
4109906,PR,Icaraíma,"01a02d5b-2ea9-7414-aa05-6030096d94ac"
4110003,PR,Iguaraçu,"01a02d5b-2ea9-7414-aa06-c8b035c2bbdf"
4110052,PR,Iguatu,"01a02d5b-2ea9-7cb6-aa07-c6fc48bdf56d"
4110078,PR,Imbaú,"01a02d5b-2ea9-7cb6-aa08-0da8b83a399b"
4110102,PR,Imbituva,"01a02d5b-2eaa-7512-a844-c4365a6cfd8b"
4110201,PR,Inácio Martins,"01a02d5b-2eaa-7512-a845-0d3eb3a9a340"
4110300,PR,Inajá,"01a02d5b-2eaa-7512-a846-a00a39c833cc"
4110409,PR,Indianópolis,"01a02d5b-2eaa-7512-a847-295bcdd24a86"
4110508,PR,Ipiranga,"01a02d5b-2eaa-7dd7-a848-e8f60732d59a"
4110607,PR,Iporã,"01a02d5b-2eaa-7dd7-a849-7094f82d974e"
4110656,PR,Iracema do Oeste,"01a02d5b-2eaa-7dd7-a84a-318d401143b0"
4110706,PR,Irati,"01a02d5b-2eab-764d-a9a4-8dac9985db88"
4110805,PR,Iretama,"01a02d5b-2eab-764d-a9a5-9202817b0ac2"
4110904,PR,Itaguajé,"01a02d5b-2eab-764d-a9a6-ab00bcb625f4"
4110953,PR,Itaipulândia,"01a02d5b-2eab-764d-a9a7-3ac30eaf4e0e"
4111001,PR,Itambaracá,"01a02d5b-2eab-7ec4-a9a8-52b9976f4ce7"
4111100,PR,Itambé,"01a02d5b-2eab-7ec4-a9a9-59d3b2fa65fd"
4111209,PR,Itapejara d'Oeste,"01a02d5b-2eab-7ec4-a9aa-22c2061c5e8d"
4111258,PR,Itaperuçu,"01a02d5b-2eac-776a-891f-b7dcd994b806"
4111308,PR,Itaúna do Sul,"01a02d5b-2eac-776a-8920-182db8b02579"
4111407,PR,Ivaí,"01a02d5b-2eac-776a-8921-0604aa5bf08b"
4111506,PR,Ivaiporã,"01a02d5b-2eac-776a-8922-a16e5b4f7da1"
4111555,PR,Ivaté,"01a02d5b-2ead-720b-b489-6b1318e89131"
4111605,PR,Ivatuba,"01a02d5b-2ead-720b-b48a-0a8958cf4b94"
4111704,PR,Jaboti,"01a02d5b-2ead-720b-b48b-fedd27bb6536"
4111803,PR,Jacarezinho,"01a02d5b-2ead-720b-b48c-995c8f07b2b1"
4111902,PR,Jaguapitã,"01a02d5b-2ead-7ac6-b48d-dd03b67b01a5"
4112009,PR,Jaguariaíva,"01a02d5b-2ead-7ac6-b48e-2bf684af3b12"
4112108,PR,Jandaia do Sul,"01a02d5b-2ead-7ac6-b48f-bc8777b51a84"
4112207,PR,Janiópolis,"01a02d5b-2ead-7ac6-b490-90adc4ec4cb9"
4112306,PR,Japira,"01a02d5b-2eae-736d-948d-ab9918ab43f9"
4112405,PR,Japurá,"01a02d5b-2eae-736d-948e-6f42e961f6f3"
4112504,PR,Jardim Alegre,"01a02d5b-2eae-736d-948f-5df3b384a84c"
4112603,PR,Jardim Olinda,"01a02d5b-2eae-736d-9490-0ad82b37f66b"
4112702,PR,Jataizinho,"01a02d5b-2eae-7c0f-9491-9f120d1d6b15"
4112751,PR,Jesuítas,"01a02d5b-2eae-7c0f-9492-6253cb6854c6"
4112801,PR,Joaquim Távora,"01a02d5b-2eae-7c0f-9493-a1c83e0ad05f"
4112900,PR,Jundiaí do Sul,"01a02d5b-2eae-7c0f-9494-099d21f6c20a"
4112959,PR,Juranda,"01a02d5b-2eaf-74a6-aa3e-672b9bb4d1b9"
4113007,PR,Jussara,"01a02d5b-2eaf-74a6-aa3f-98e75f1730db"
4113106,PR,Kaloré,"01a02d5b-2eaf-74a6-aa40-bd91cd885b50"
4113205,PR,Lapa,"01a02d5b-2eaf-74a6-aa41-ee50f3f5ddb5"
4113254,PR,Laranjal,"01a02d5b-2eaf-7d11-aa42-55576af91b26"
4113304,PR,Laranjeiras do Sul,"01a02d5b-2eaf-7d11-aa43-5cdcea8f29a6"
4113403,PR,Leópolis,"01a02d5b-2eaf-7d11-aa44-c76b96cb742d"
4113429,PR,Lidianópolis,"01a02d5b-2eaf-7d11-aa45-66571e0bd292"
4113452,PR,Lindoeste,"01a02d5b-2eb0-75c7-9f9e-bae2c765500d"
4113502,PR,Loanda,"01a02d5b-2eb0-75c7-9f9f-c84ebe1d2a98"
4113601,PR,Lobato,"01a02d5b-2eb0-75c7-9fa0-4993fc2aa65e"
4113700,PR,Londrina,"01a02d5b-2eb0-75c7-9fa1-aca88b418590"
4113734,PR,Luiziana,"01a02d5b-2eb0-7e63-9fa2-5fb3d2f3168b"
4113759,PR,Lunardelli,"01a02d5b-2eb0-7e63-9fa3-f45db00aaa80"
4113809,PR,Lupionópolis,"01a02d5b-2eb0-7e63-9fa4-a98b65c54d9c"
4113908,PR,Mallet,"01a02d5b-2eb1-76d0-81d0-5233e48ea524"
4114005,PR,Mamborê,"01a02d5b-2eb1-76d0-81d1-a93af615d0c6"
4114104,PR,Mandaguaçu,"01a02d5b-2eb1-76d0-81d2-995c1ffd3e15"
4114203,PR,Mandaguari,"01a02d5b-2eb1-76d0-81d3-d1a4810ab8a2"
4114302,PR,Mandirituba,"01a02d5b-2eb2-76eb-9cab-dd91d325c603"
4114351,PR,Manfrinópolis,"01a02d5b-2eb2-76eb-9cac-591538a62c33"
4114401,PR,Mangueirinha,"01a02d5b-2eb2-76eb-9cad-ef983bf9715a"
4114500,PR,Manoel Ribas,"01a02d5b-2eb2-76eb-9cae-025a5f3d8ee4"
4114609,PR,Marechal Cândido Rondon,"01a02d5b-2eb2-76eb-9caf-8660416e8883"
4114708,PR,Maria Helena,"01a02d5b-2eb3-76fa-b1cf-9cedbdd7582d"
4114807,PR,Marialva,"01a02d5b-2eb3-76fa-b1d0-4a547107b4cf"
4114906,PR,Marilândia do Sul,"01a02d5b-2eb3-76fa-b1d1-f5e11b54db2f"
4115002,PR,Marilena,"01a02d5b-2eb3-76fa-b1d2-4ec5e4986065"
4115101,PR,Mariluz,"01a02d5b-2eb3-76fa-b1d3-6230fe832cb2"
4115200,PR,Maringá,"01a02d5b-2eb4-76e8-82c1-22baf6f111e6"
4115309,PR,Mariópolis,"01a02d5b-2eb4-76e8-82c2-3f792d896f44"
4115358,PR,Maripá,"01a02d5b-2eb4-76e8-82c3-5cc180949352"
4115408,PR,Marmeleiro,"01a02d5b-2eb4-76e8-82c4-07757e7d26de"
4115457,PR,Marquinho,"01a02d5b-2eb5-76e7-8a8c-b6799108341a"
4115507,PR,Marumbi,"01a02d5b-2eb5-76e7-8a8d-d082fc69aa00"
4115606,PR,Matelândia,"01a02d5b-2eb5-76e7-8a8e-dfe1ae6b23c8"
4115705,PR,Matinhos,"01a02d5b-2eb5-76e7-8a8f-f8ba7563fd70"
4115739,PR,Mato Rico,"01a02d5b-2eb5-76e7-8a90-671e4ca39142"
4115754,PR,Mauá da Serra,"01a02d5b-2eb6-76e6-b3c4-efe0aca5c7c7"
4115804,PR,Medianeira,"01a02d5b-2eb6-76e6-b3c5-60f63c12a5da"
4115853,PR,Mercedes,"01a02d5b-2eb6-76e6-b3c6-3b7f739d0cfc"
4115903,PR,Mirador,"01a02d5b-2eb6-76e6-b3c7-b166691d3b46"
4116000,PR,Miraselva,"01a02d5b-2eb7-76e7-ae25-c3f1197c8347"
4116059,PR,Missal,"01a02d5b-2eb7-76e7-ae26-e3c68ce307cc"
4116109,PR,Moreira Sales,"01a02d5b-2eb7-76e7-ae27-cb8914d64a2f"
4116208,PR,Morretes,"01a02d5b-2eb7-76e7-ae28-761d6e539018"
4116307,PR,Munhoz de Melo,"01a02d5b-2eb7-76e7-ae29-b22d3aedf541"
4116406,PR,Nossa Senhora das Graças,"01a02d5b-2eb8-76e8-94c1-13c4497f91fa"
4116505,PR,Nova Aliança do Ivaí,"01a02d5b-2eb8-76e8-94c2-67adeb276447"
4116604,PR,Nova América da Colina,"01a02d5b-2eb8-76e8-94c3-5fcd62a511ca"
4116703,PR,Nova Aurora,"01a02d5b-2eb8-76e8-94c4-330ca6f017a3"
4116802,PR,Nova Cantu,"01a02d5b-333c-775d-9304-1ebf0df3d92d"
4116901,PR,Nova Esperança,"01a02d5b-333f-7c60-af60-136280cb87b8"
4116950,PR,Nova Esperança do Sudoeste,"01a02d5b-3340-750a-b729-6b3633e28d04"
4117008,PR,Nova Fátima,"01a02d5b-3340-750a-b72a-2d380f537b1b"
4117057,PR,Nova Laranjeiras,"01a02d5b-3340-750a-b72b-e371de09eed3"
4117107,PR,Nova Londrina,"01a02d5b-3340-750a-b72c-1b7b554a7f4b"
4117206,PR,Nova Olímpia,"01a02d5b-3340-7da0-b72d-ac70762e16ed"
4117255,PR,Nova Prata do Iguaçu,"01a02d5b-3340-7da0-b72e-33a504cbf8f2"
4117214,PR,Nova Santa Bárbara,"01a02d5b-3340-7da0-b72f-eccd370375dd"
4117222,PR,Nova Santa Rosa,"01a02d5b-3341-7606-9cb4-eeea94422cd7"
4117271,PR,Nova Tebas,"01a02d5b-3341-7606-9cb5-a93471068c39"
4117297,PR,Novo Itacolomi,"01a02d5b-3341-7606-9cb6-a5232047b21a"
4117305,PR,Ortigueira,"01a02d5b-3341-7606-9cb7-f4e605c46b22"
4117404,PR,Ourizona,"01a02d5b-3341-7ebc-9cb8-79e80559434a"
4117453,PR,Ouro Verde do Oeste,"01a02d5b-3341-7ebc-9cb9-a53aaf5da9f9"
4117503,PR,Paiçandu,"01a02d5b-3342-7762-acd7-7de928247349"
4117602,PR,Palmas,"01a02d5b-3342-7762-acd8-3c2ac6751acf"
4117701,PR,Palmeira,"01a02d5b-3342-7762-acd9-722bef3ff1f4"
4117800,PR,Palmital,"01a02d5b-3342-7ffc-acda-1f234c7718e5"
4117909,PR,Palotina,"01a02d5b-3342-7ffc-acdb-8431236c2fb0"
4118006,PR,Paraíso do Norte,"01a02d5b-3343-785f-a14e-1697d72713ff"
4118105,PR,Paranacity,"01a02d5b-3343-785f-a14f-88dbddebd516"
4118204,PR,Paranaguá,"01a02d5b-3344-70d0-b72a-d029b5f1e838"
4118303,PR,Paranapoema,"01a02d5b-3344-70d0-b72b-2c7c2c2fefc9"
4118402,PR,Paranavaí,"01a02d5b-3344-798b-b72c-fd6238c36c61"
4118451,PR,Pato Bragado,"01a02d5b-3344-798b-b72d-b0aa9b688edf"
4118501,PR,Pato Branco,"01a02d5b-3344-798b-b72e-6ab309dbc998"
4118600,PR,Paula Freitas,"01a02d5b-3344-798b-b72f-b65f965b0d23"
4118709,PR,Paulo Frontin,"01a02d5b-3345-79b0-beaa-0d58cb1c7427"
4118808,PR,Peabiru,"01a02d5b-3345-79b0-beab-c2f916c49782"
4118857,PR,Perobal,"01a02d5b-3345-79b0-beac-8bdee9f9e874"
4118907,PR,Pérola,"01a02d5b-3345-79b0-bead-1b8229a7623b"
4119004,PR,Pérola d'Oeste,"01a02d5b-3345-79b0-beae-101ec8825d11"
4119103,PR,Piên,"01a02d5b-3346-79a1-9db1-e5c403d1918c"
4119152,PR,Pinhais,"01a02d5b-3346-79a1-9db2-270f27350596"
4119251,PR,Pinhal de São Bento,"01a02d5b-3346-79a1-9db3-f690bec9cea8"
4119202,PR,Pinhalão,"01a02d5b-3346-79a1-9db4-1dbbbf61f928"
4119301,PR,Pinhão,"01a02d5b-3346-79a1-9db5-d1d4dafec888"
4119400,PR,Piraí do Sul,"01a02d5b-3347-79ae-a99c-64a52b069a43"
4119509,PR,Piraquara,"01a02d5b-3347-79ae-a99d-1488f1739d5f"
4119608,PR,Pitanga,"01a02d5b-3347-79ae-a99e-6422d74ddc6c"
4119657,PR,Pitangueiras,"01a02d5b-3347-79ae-a99f-b4781b53a411"
4119707,PR,Planaltina do Paraná,"01a02d5b-3347-79ae-a9a0-869f8333428f"
4119806,PR,Planalto,"01a02d5b-3347-79ae-a9a1-d8d0b5180d12"
4119905,PR,Ponta Grossa,"01a02d5b-3348-79ae-b62b-0d91b09ca9a6"
4119954,PR,Pontal do Paraná,"01a02d5b-3348-79ae-b62c-b25debc93821"
4120002,PR,Porecatu,"01a02d5b-3348-79ae-b62d-6de5b2ba9655"
4120101,PR,Porto Amazonas,"01a02d5b-3348-79ae-b62e-4a72df276dce"
4120150,PR,Porto Barreiro,"01a02d5b-3348-79ae-b62f-eab76dc582d5"
4120200,PR,Porto Rico,"01a02d5b-3348-79ae-b630-7cc39c905997"
4120309,PR,Porto Vitória,"01a02d5b-3348-79ae-b631-9550b38709ca"
4120333,PR,Prado Ferreira,"01a02d5b-3349-79a2-9b5e-7c4da5e095ea"
4120358,PR,Pranchita,"01a02d5b-3349-79a2-9b5f-2f6bddcee56b"
4120408,PR,Presidente Castelo Branco,"01a02d5b-3349-79a2-9b60-25fc64aeec89"
4120507,PR,Primeiro de Maio,"01a02d5b-3349-79a2-9b61-bb39510a9073"
4120606,PR,Prudentópolis,"01a02d5b-3349-79a2-9b62-fc27b388f8d7"
4120655,PR,Quarto Centenário,"01a02d5b-3349-79a2-9b63-92a49f06624a"
4120705,PR,Quatiguá,"01a02d5b-334a-79a9-8afe-d8b697fd7583"
4120804,PR,Quatro Barras,"01a02d5b-334a-79a9-8aff-284b7e73263d"
4120853,PR,Quatro Pontes,"01a02d5b-334a-79a9-8b00-4537f53abad8"
4120903,PR,Quedas do Iguaçu,"01a02d5b-334a-79a9-8b01-99dea126e372"
4121000,PR,Querência do Norte,"01a02d5b-334a-79a9-8b02-fffe542ea573"
4121109,PR,Quinta do Sol,"01a02d5b-334a-79a9-8b03-12d434c87df6"
4121208,PR,Quitandinha,"01a02d5b-334a-79a9-8b04-6703412d47da"
4121257,PR,Ramilândia,"01a02d5b-334b-79b0-b667-307425587fb9"
4121307,PR,Rancho Alegre,"01a02d5b-334b-79b0-b668-7a22a6647dd4"
4121356,PR,Rancho Alegre D'Oeste,"01a02d5b-334b-79b0-b669-9983c77c68ea"
4121406,PR,Realeza,"01a02d5b-334b-79b0-b66a-171bd375060f"
4121505,PR,Rebouças,"01a02d5b-334b-79b0-b66b-2d22891c0c51"
4121604,PR,Renascença,"01a02d5b-334b-79b0-b66c-f48ed24f952a"
4121703,PR,Reserva,"01a02d5b-334b-79b0-b66d-9437fd3dc81d"
4121752,PR,Reserva do Iguaçu,"01a02d5b-334b-79b0-b66e-3b8df83c58cd"
4121802,PR,Ribeirão Claro,"01a02d5b-334c-79af-a3a3-242b992521b9"
4121901,PR,Ribeirão do Pinhal,"01a02d5b-334c-79af-a3a4-623329e2698c"
4122008,PR,Rio Azul,"01a02d5b-334c-79af-a3a5-a5684ec0e07a"
4122107,PR,Rio Bom,"01a02d5b-334c-79af-a3a6-a402d9f94988"
4122156,PR,Rio Bonito do Iguaçu,"01a02d5b-334c-79af-a3a7-31579c673fd2"
4122172,PR,Rio Branco do Ivaí,"01a02d5b-334c-79af-a3a8-21787553316c"
4122206,PR,Rio Branco do Sul,"01a02d5b-334c-79af-a3a9-0449ac62cf0a"
4122305,PR,Rio Negro,"01a02d5b-334d-79a0-8758-ceb61735abbf"
4122404,PR,Rolândia,"01a02d5b-334d-79a0-8759-eb0a116c55f5"
4122503,PR,Roncador,"01a02d5b-334d-79a0-875a-d787b8daea47"
4122602,PR,Rondon,"01a02d5b-334d-79a0-875b-9389fb3b9a98"
4122651,PR,Rosário do Ivaí,"01a02d5b-334e-79be-9b23-b349b7634f62"
4122701,PR,Sabáudia,"01a02d5b-334e-79be-9b24-d8f306a65de0"
4122800,PR,Salgado Filho,"01a02d5b-334e-79be-9b25-ef556ccda739"
4122909,PR,Salto do Itararé,"01a02d5b-334e-79be-9b26-6bc26cda5ebe"
4123006,PR,Salto do Lontra,"01a02d5b-334f-79a1-94b6-4398b7fa1d74"
4123105,PR,Santa Amélia,"01a02d5b-334f-79a1-94b7-2269050cae36"
4123204,PR,Santa Cecília do Pavão,"01a02d5b-334f-79a1-94b8-8fe2ef18f603"
4123303,PR,Santa Cruz de Monte Castelo,"01a02d5b-334f-79a1-94b9-b91e4b5a01e8"
4123402,PR,Santa Fé,"01a02d5b-3350-799f-a257-71b0bb70e4ff"
4123501,PR,Santa Helena,"01a02d5b-3350-799f-a258-c155cf11d4b9"
4123600,PR,Santa Inês,"01a02d5b-3350-799f-a259-f0574cfaea9d"
4123709,PR,Santa Isabel do Ivaí,"01a02d5b-3350-799f-a25a-a724a10aa592"
4123808,PR,Santa Izabel do Oeste,"01a02d5b-3351-79a3-ad3f-58868a7be625"
4123824,PR,Santa Lúcia,"01a02d5b-3351-79a3-ad40-1234b682d043"
4123857,PR,Santa Maria do Oeste,"01a02d5b-3351-79a3-ad41-e982a6a1ff4f"
4123907,PR,Santa Mariana,"01a02d5b-3351-79a3-ad42-a491cfd3bd4d"
4123956,PR,Santa Mônica,"01a02d5b-3352-79b4-af29-ea347b32abd6"
4124020,PR,Santa Tereza do Oeste,"01a02d5b-3770-7297-b329-eb0bebdbc517"
4124053,PR,Santa Terezinha de Itaipu,"01a02d5b-3773-7838-ae97-1799038e3a7e"
4124004,PR,Santana do Itararé,"01a02d5b-3774-7201-acde-5e9019178635"
4124103,PR,Santo Antônio da Platina,"01a02d5b-3774-7ace-acdf-0c73477190ac"
4124202,PR,Santo Antônio do Caiuá,"01a02d5b-3774-7ace-ace0-3bee9e314af5"
4124301,PR,Santo Antônio do Paraíso,"01a02d5b-3774-7ace-ace1-40030f9501c5"
4124400,PR,Santo Antônio do Sudoeste,"01a02d5b-3775-7365-9184-9d05491ce056"
4124509,PR,Santo Inácio,"01a02d5b-3775-7365-9185-cdf7af241385"
4124608,PR,São Carlos do Ivaí,"01a02d5b-3775-7c51-9186-3e12de61867c"
4124707,PR,São Jerônimo da Serra,"01a02d5b-3775-7c51-9187-3ad8098ce47a"
4124806,PR,São João,"01a02d5b-3776-7516-b96b-29242afd23f5"
4124905,PR,São João do Caiuá,"01a02d5b-3776-7516-b96c-f5297e2d90fc"
4125001,PR,São João do Ivaí,"01a02d5b-3776-7da4-b96d-af14be2b1496"
4125100,PR,São João do Triunfo,"01a02d5b-3776-7da4-b96e-f2b56959eb10"
4125308,PR,São Jorge do Ivaí,"01a02d5b-3776-7da4-b96f-6302de0b850e"
4125357,PR,São Jorge do Patrocínio,"01a02d5b-3777-768e-8a1c-8302a3dd918e"
4125209,PR,São Jorge d'Oeste,"01a02d5b-3777-768e-8a1d-699632ac191c"
4125407,PR,São José da Boa Vista,"01a02d5b-3777-7f34-8a1e-dddd18877287"
4125456,PR,São José das Palmeiras,"01a02d5b-3777-7f34-8a1f-08b2a2d2edd9"
4125506,PR,São José dos Pinhais,"01a02d5b-3778-77d7-be40-e91ee3dd7b9e"
4125555,PR,São Manoel do Paraná,"01a02d5b-3778-77d7-be41-9a4493fdc344"
4125605,PR,São Mateus do Sul,"01a02d5b-3779-7078-bf91-3e95917452ae"
4125704,PR,São Miguel do Iguaçu,"01a02d5b-3779-7078-bf92-f3a1008538d3"
4125753,PR,São Pedro do Iguaçu,"01a02d5b-3779-78fc-bf93-8702e1efacec"
4125803,PR,São Pedro do Ivaí,"01a02d5b-3779-78fc-bf94-878e40528b7f"
4125902,PR,São Pedro do Paraná,"01a02d5b-3779-78fc-bf95-f5c593c2b962"
4126009,PR,São Sebastião da Amoreira,"01a02d5b-377a-71e0-a294-f42575b338d4"
4126108,PR,São Tomé,"01a02d5b-377a-71e0-a295-9cedebd36dbd"
4126207,PR,Sapopema,"01a02d5b-377a-71e0-a296-07a847ca50b4"
4126256,PR,Sarandi,"01a02d5b-377a-7a75-a297-31cc5ab613b0"
4126272,PR,Saudade do Iguaçu,"01a02d5b-377a-7a75-a298-ce049b12dae5"
4126306,PR,Sengés,"01a02d5b-377b-7304-972f-1643a1e34c91"
4126355,PR,Serranópolis do Iguaçu,"01a02d5b-377b-7304-9730-1f3b511c6bc7"
4126405,PR,Sertaneja,"01a02d5b-377b-7bd4-9731-af90a92991b6"
4126504,PR,Sertanópolis,"01a02d5b-377b-7bd4-9732-d6fb58c6043a"
4126603,PR,Siqueira Campos,"01a02d5b-377b-7bd4-9733-4d48db677cff"
4126652,PR,Sulina,"01a02d5b-377c-749c-8b62-9fba02b88f66"
4126678,PR,Tamarana,"01a02d5b-377c-749c-8b63-a301292869d3"
4126702,PR,Tamboara,"01a02d5b-377c-749c-8b64-4d69c0d862d3"
4126801,PR,Tapejara,"01a02d5b-377c-7d53-8b65-62225ed3a399"
4126900,PR,Tapira,"01a02d5b-377c-7d53-8b66-6a3b08844140"
4127007,PR,Teixeira Soares,"01a02d5b-377c-7d53-8b67-4186ae9d9adf"
4127106,PR,Telêmaco Borba,"01a02d5b-377d-764f-b2d9-6a0d88932092"
4127205,PR,Terra Boa,"01a02d5b-377d-764f-b2da-35ee5ff8e9a4"
4127304,PR,Terra Rica,"01a02d5b-377d-764f-b2db-49feee2dc56d"
4127403,PR,Terra Roxa,"01a02d5b-377d-764f-b2dc-46549ae0450c"
4127502,PR,Tibagi,"01a02d5b-377d-7ef2-b2dd-01c6c2fb42d5"
4127601,PR,Tijucas do Sul,"01a02d5b-377d-7ef2-b2de-1d949d79ee96"
4127700,PR,Toledo,"01a02d5b-377d-7ef2-b2df-d35abf4eeefb"
4127809,PR,Tomazina,"01a02d5b-377e-77eb-bc2e-312cf9d9ac77"
4127858,PR,Três Barras do Paraná,"01a02d5b-377e-77eb-bc2f-5c4503541b84"
4127882,PR,Tunas do Paraná,"01a02d5b-377e-77eb-bc30-da0b4247f117"
4127908,PR,Tuneiras do Oeste,"01a02d5b-377e-77eb-bc31-df4e420415d9"
4127957,PR,Tupãssi,"01a02d5b-377e-77eb-bc32-34bda9b56523"
4127965,PR,Turvo,"01a02d5b-377f-708a-aac6-bed985a10957"
4128005,PR,Ubiratã,"01a02d5b-377f-708a-aac7-37a13193e3a7"
4128104,PR,Umuarama,"01a02d5b-377f-708a-aac8-d5e58a32dd53"
4128203,PR,União da Vitória,"01a02d5b-377f-708a-aac9-3304b038d5bd"
4128302,PR,Uniflor,"01a02d5b-377f-708a-aaca-24ae8b43df9c"
4128401,PR,Uraí,"01a02d5b-377f-7936-aacb-261df2adbbe6"
4128534,PR,Ventania,"01a02d5b-377f-7936-aacc-911ebfa05bc5"
4128559,PR,Vera Cruz do Oeste,"01a02d5b-377f-7936-aacd-07539c11a30c"
4128609,PR,Verê,"01a02d5b-377f-7936-aace-23e4e2b10c52"
4128658,PR,Virmond,"01a02d5b-377f-7936-aacf-87498196c75f"
4128708,PR,Vitorino,"01a02d5b-3780-71cc-8ea0-762bcb8135b9"
4128500,PR,Wenceslau Braz,"01a02d5b-3780-71cc-8ea1-4a0e3d04760c"
4128807,PR,Xambrê,"01a02d5b-3780-71cc-8ea2-1671d59539e3"
4200051,SC,Abdon Batista,"01a02d5b-3780-71cc-8ea3-108e421fc194"
4200101,SC,Abelardo Luz,"01a02d5b-3786-73b9-ac69-d8af0e2fdde0"
4200200,SC,Agrolândia,"01a02d5b-3787-73c4-a8ab-a7c27429ae54"
4200309,SC,Agronômica,"01a02d5b-3787-73c4-a8ac-e8f3671ac702"
4200408,SC,Água Doce,"01a02d5b-3787-73c4-a8ad-6e9dd01e74e3"
4200507,SC,Águas de Chapecó,"01a02d5b-3788-73d0-b186-e7490ccd00e1"
4200556,SC,Águas Frias,"01a02d5b-3788-73d0-b187-30bd894b8097"
4200606,SC,Águas Mornas,"01a02d5b-3788-73d0-b188-e3f07da191f6"
4200705,SC,Alfredo Wagner,"01a02d5b-3788-73d0-b189-b7862a75ca00"
4200754,SC,Alto Bela Vista,"01a02d5b-3789-73d1-a411-6456fb6f4550"
4200804,SC,Anchieta,"01a02d5b-3789-73d1-a412-8d642ed12428"
4200903,SC,Angelina,"01a02d5b-3789-73d1-a413-05e0b57e8e0c"
4201000,SC,Anita Garibaldi,"01a02d5b-3789-73d1-a414-9eedb718b32c"
4201109,SC,Anitápolis,"01a02d5b-3789-73d1-a415-198c3220b535"
4201208,SC,Antônio Carlos,"01a02d5b-378a-73cd-ac8f-3009035061bf"
4201257,SC,Apiúna,"01a02d5b-378a-73cd-ac90-72b4a7a9d117"
4201273,SC,Arabutã,"01a02d5b-378a-73cd-ac91-293dd473c5e3"
4201307,SC,Araquari,"01a02d5b-378a-73cd-ac92-c507036b2b1a"
4201406,SC,Araranguá,"01a02d5b-378b-7409-ae90-a7c559b81eba"
4201505,SC,Armazém,"01a02d5b-378b-7409-ae91-cc0c54871abd"
4201604,SC,Arroio Trinta,"01a02d5b-378b-7409-ae92-b7ac560a8280"
4201653,SC,Arvoredo,"01a02d5b-378b-7409-ae93-6b62cf0f008e"
4201703,SC,Ascurra,"01a02d5b-378c-73cd-87e0-6ed1cceee4ab"
4201802,SC,Atalanta,"01a02d5b-378c-73cd-87e1-4961a6607774"
4201901,SC,Aurora,"01a02d5b-378c-73cd-87e2-02ff6569ac6d"
4201950,SC,Balneário Arroio do Silva,"01a02d5b-378c-73cd-87e3-79f4af110899"
4202057,SC,Balneário Barra do Sul,"01a02d5b-378d-73db-9f98-7d91d688dc83"
4202008,SC,Balneário Camboriú,"01a02d5b-378d-73db-9f99-7235fb30e002"
4202073,SC,Balneário Gaivota,"01a02d5b-378d-73db-9f9a-4f1a177f0374"
4212809,SC,Balneário Piçarras,"01a02d5b-378d-73db-9f9b-fafe221df38a"
4220000,SC,Balneário Rincão,"01a02d5b-378e-73d1-9673-d27c2e380f1e"
4202081,SC,Bandeirante,"01a02d5b-378e-73d1-9674-1294c160c200"
4202099,SC,Barra Bonita,"01a02d5b-378e-73d1-9675-e8297f17b14e"
4202107,SC,Barra Velha,"01a02d5b-3ba7-78e2-b83c-f82d17f7862a"
4202131,SC,Bela Vista do Toldo,"01a02d5b-3baa-7e3a-b369-bd910e1b2c4b"
4202156,SC,Belmonte,"01a02d5b-3baa-7e3a-b36a-fed32a438512"
4202206,SC,Benedito Novo,"01a02d5b-3bab-76bb-a491-91d87214fc52"
4202305,SC,Biguaçu,"01a02d5b-3bab-76bb-a492-c302efbce2c5"
4202404,SC,Blumenau,"01a02d5b-3bab-7f72-a493-24838440eac5"
4202438,SC,Bocaina do Sul,"01a02d5b-3bab-7f72-a494-1631c02d7fc1"
4202503,SC,Bom Jardim da Serra,"01a02d5b-3bac-77ed-9492-e6ae7523ce5a"
4202537,SC,Bom Jesus,"01a02d5b-3bac-77ed-9493-7a049e0515e0"
4202578,SC,Bom Jesus do Oeste,"01a02d5b-3bac-77ed-9494-07148109086c"
4202602,SC,Bom Retiro,"01a02d5b-3bad-7063-94f4-94fa355431b5"
4202453,SC,Bombinhas,"01a02d5b-3bad-7063-94f5-adb59e34bd6b"
4202701,SC,Botuverá,"01a02d5b-3bad-78d7-94f6-5ca8d3261c02"
4202800,SC,Braço do Norte,"01a02d5b-3bad-78d7-94f7-6f66fc4b1d18"
4202859,SC,Braço do Trombudo,"01a02d5b-3bae-714a-afef-4985c2a909be"
4202875,SC,Brunópolis,"01a02d5b-3bae-714a-aff0-e169b2adf9ac"
4202909,SC,Brusque,"01a02d5b-3bae-714a-aff1-1c7c3da157ce"
4203006,SC,Caçador,"01a02d5b-3bae-79be-aff2-df198992c597"
4203105,SC,Caibi,"01a02d5b-3bae-79be-aff3-ea5fe5f8d563"
4203154,SC,Calmon,"01a02d5b-3baf-727b-bdf0-008395a382fd"
4203204,SC,Camboriú,"01a02d5b-3baf-727b-bdf1-c39580936c64"
4203303,SC,Campo Alegre,"01a02d5b-3baf-727b-bdf2-c4a7d6b4c612"
4203402,SC,Campo Belo do Sul,"01a02d5b-3baf-7b5e-bdf3-b6f3ef85f5cc"
4203501,SC,Campo Erê,"01a02d5b-3baf-7b5e-bdf4-c7b99a734557"
4203600,SC,Campos Novos,"01a02d5b-3baf-7b5e-bdf5-8c3383aef497"
4203709,SC,Canelinha,"01a02d5b-3baf-7b5e-bdf6-8ca2223b9cd9"
4203808,SC,Canoinhas,"01a02d5b-3bb0-741c-a38c-60343c387b40"
4203253,SC,Capão Alto,"01a02d5b-3bb0-741c-a38d-fc09597ea083"
4203907,SC,Capinzal,"01a02d5b-3bb0-741c-a38e-7b85c312dd7b"
4203956,SC,Capivari de Baixo,"01a02d5b-3bb0-741c-a38f-9ef7985c77e7"
4204004,SC,Catanduvas,"01a02d5b-3bb0-741c-a390-025812068d2d"
4204103,SC,Caxambu do Sul,"01a02d5b-3bb0-7cc5-a391-fce4fd0f4356"
4204152,SC,Celso Ramos,"01a02d5b-3bb0-7cc5-a392-e9bc0541c408"
4204178,SC,Cerro Negro,"01a02d5b-3bb0-7cc5-a393-f6b76f32a012"
4204194,SC,Chapadão do Lageado,"01a02d5b-3bb0-7cc5-a394-90968c2ec9f5"
4204202,SC,Chapecó,"01a02d5b-3bb0-7cc5-a395-14d9fa245a0f"
4204251,SC,Cocal do Sul,"01a02d5b-3bb0-7cc5-a396-341338718aa9"
4204301,SC,Concórdia,"01a02d5b-3bb0-7cc5-a397-a99bebf3bfaf"
4204350,SC,Cordilheira Alta,"01a02d5b-3bb0-7cc5-a398-30f8d8b19925"
4204400,SC,Coronel Freitas,"01a02d5b-3bb0-7cc5-a399-6a4c75f9024e"
4204459,SC,Coronel Martins,"01a02d5b-3bb0-7cc5-a39a-e51ec0085f56"
4204558,SC,Correia Pinto,"01a02d5b-3bb0-7cc5-a39b-d17aade9eadd"
4204509,SC,Corupá,"01a02d5b-3bb0-7cc5-a39c-0eab3b011b58"
4204608,SC,Criciúma,"01a02d5b-3bb0-7cc5-a39d-7ba1ea75b256"
4204707,SC,Cunha Porã,"01a02d5b-3bb0-7cc5-a39e-370e0579feb4"
4204756,SC,Cunhataí,"01a02d5b-3bb0-7cc5-a39f-68f21b775fc1"
4204806,SC,Curitibanos,"01a02d5b-3bb2-74ed-90ca-51c38a6f453e"
4204905,SC,Descanso,"01a02d5b-3bb2-74ed-90cb-8a903b607587"
4205001,SC,Dionísio Cerqueira,"01a02d5b-3bb2-74ed-90cc-1941b339b4bf"
4205100,SC,Dona Emma,"01a02d5b-3bb2-74ed-90cd-3f28e6d7068e"
4205159,SC,Doutor Pedrinho,"01a02d5b-3bb2-74ed-90ce-5c08a14df19c"
4205175,SC,Entre Rios,"01a02d5b-3bb2-74ed-90cf-5331e16bd565"
4205191,SC,Ermo,"01a02d5b-3bb3-7514-a71b-c68af1a5baa1"
4205209,SC,Erval Velho,"01a02d5b-3bb3-7514-a71c-62600b1fec2c"
4205308,SC,Faxinal dos Guedes,"01a02d5b-3bb3-7514-a71d-16e6ac14174b"
4205357,SC,Flor do Sertão,"01a02d5b-3bb3-7514-a71e-2d4a13fa263c"
4205407,SC,Florianópolis,"01a02d5b-3bb3-7514-a71f-24a20edcebec"
4205431,SC,Formosa do Sul,"01a02d5b-3bb3-7514-a720-5bd8c2bb46d0"
4205456,SC,Forquilhinha,"01a02d5b-3bb3-7514-a721-2fbf76903363"
4205506,SC,Fraiburgo,"01a02d5b-3bb3-7514-a722-e72059feb593"
4205555,SC,Frei Rogério,"01a02d5b-3bb3-7514-a723-668fad6e726d"
4205605,SC,Galvão,"01a02d5b-3bb4-7503-9565-a4e7a76f4608"
4205704,SC,Garopaba,"01a02d5b-3bb4-7503-9566-1ff0a65d5448"
4205803,SC,Garuva,"01a02d5b-3bb4-7503-9567-07f2db2af8ad"
4205902,SC,Gaspar,"01a02d5b-3bb4-7503-9568-245a69e115ef"
4206009,SC,Governador Celso Ramos,"01a02d5b-3bb4-7503-9569-66e3a9913463"
4206108,SC,Grão-Pará,"01a02d5b-3bb4-7503-956a-24c63dc90206"
4206207,SC,Gravatal,"01a02d5b-3bb4-7503-956b-7df09c767de8"
4206306,SC,Guabiruba,"01a02d5b-3bb4-7503-956c-08001cf41fa6"
4206405,SC,Guaraciaba,"01a02d5b-3bb5-7502-aef7-f8a043325906"
4206504,SC,Guaramirim,"01a02d5b-3bb5-7502-aef8-97b4ae117bc6"
4206603,SC,Guarujá do Sul,"01a02d5b-3bb5-7502-aef9-89449ad30bc9"
4206652,SC,Guatambú,"01a02d5b-3bb5-7502-aefa-0154db1d60d5"
4206702,SC,Herval d'Oeste,"01a02d5b-3bb5-7502-aefb-5a54e213daa9"
4206751,SC,Ibiam,"01a02d5b-3bb5-7502-aefc-14d0ac9f4428"
4206801,SC,Ibicaré,"01a02d5b-3bb5-7502-aefd-1457e3dfd585"
4206900,SC,Ibirama,"01a02d5b-3bb5-7502-aefe-f979e44207a7"
4207007,SC,Içara,"01a02d5b-3bb6-7502-a58c-5ae824e731fd"
4207106,SC,Ilhota,"01a02d5b-3bb6-7502-a58d-3e4fe035a9e4"
4207205,SC,Imaruí,"01a02d5b-3bb6-7502-a58e-241059d0f446"
4207304,SC,Imbituba,"01a02d5b-3bb6-7e24-a58f-f7e2ca703736"
4207403,SC,Imbuia,"01a02d5b-3bb6-7e24-a590-9caab17b9136"
4207502,SC,Indaial,"01a02d5b-3bb6-7e24-a591-31802ff9c224"
4207577,SC,Iomerê,"01a02d5b-3bb6-7e24-a592-b8d9bec231f5"
4207601,SC,Ipira,"01a02d5b-3bb7-7e4e-942c-4ab7c88a7ef4"
4207650,SC,Iporã do Oeste,"01a02d5b-3bb7-7e4e-942d-09f177e174d3"
4207684,SC,Ipuaçu,"01a02d5b-3bb7-7e4e-942e-170174918861"
4207700,SC,Ipumirim,"01a02d5b-3bb7-7e4e-942f-7a7ec458f326"
4207759,SC,Iraceminha,"01a02d5b-3bb8-7e3d-b946-9141227df3dc"
4207809,SC,Irani,"01a02d5b-3bb8-7e3d-b947-16dd6d9200b0"
4207858,SC,Irati,"01a02d5b-3bb8-7e3d-b948-fd3784a19e08"
4207908,SC,Irineópolis,"01a02d5b-3bb8-7e3d-b949-ef85769c86bc"
4208005,SC,Itá,"01a02d5b-3bb8-7e3d-b94a-de22fd4a0c0a"
4208104,SC,Itaiópolis,"01a02d5b-3bb9-7e3c-a0a9-30a89b1545fc"
4208203,SC,Itajaí,"01a02d5b-3bb9-7e3c-a0aa-160d0be9b707"
4208302,SC,Itapema,"01a02d5b-3bb9-7e3c-a0ab-4e9dfa5dc915"
4208401,SC,Itapiranga,"01a02d5b-3bb9-7e3c-a0ac-9470129c6e4a"
4208450,SC,Itapoá,"01a02d5b-3bba-7e4e-a395-4d4fefefeec4"
4208500,SC,Ituporanga,"01a02d5b-3bba-7e4e-a396-4192d97cb3a6"
4208609,SC,Jaborá,"01a02d5b-3bba-7e4e-a397-85f0cd493972"
4208708,SC,Jacinto Machado,"01a02d5b-3fda-7b4b-94f9-f780dda2f4f4"
4208807,SC,Jaguaruna,"01a02d5b-3fdd-77aa-8073-162fe43ee673"
4208906,SC,Jaraguá do Sul,"01a02d5b-3fde-70a9-a2a6-0a7fbdd32729"
4208955,SC,Jardinópolis,"01a02d5b-3fde-70a9-a2a7-34f9a7b816c1"
4209003,SC,Joaçaba,"01a02d5b-3fde-79af-a2a8-f74d0ef5bf51"
4209102,SC,Joinville,"01a02d5b-3fde-79af-a2a9-c488c24d8e6d"
4209151,SC,José Boiteux,"01a02d5b-3fdf-724b-a0e9-8112b4321e45"
4209177,SC,Jupiá,"01a02d5b-3fdf-724b-a0ea-7d876b2fab5a"
4209201,SC,Lacerdópolis,"01a02d5b-3fdf-7ae4-a0eb-17d503993384"
4209300,SC,Lages,"01a02d5b-3fdf-7ae4-a0ec-e48a1225e988"
4209409,SC,Laguna,"01a02d5b-3fdf-7ae4-a0ed-801d9bcb4a86"
4209458,SC,Lajeado Grande,"01a02d5b-3fdf-7ae4-a0ee-4e88135ba81f"
4209508,SC,Laurentino,"01a02d5b-3fe0-7b1c-ab68-87c3d07bded9"
4209607,SC,Lauro Müller,"01a02d5b-3fe0-7b1c-ab69-b40d4ba0df30"
4209706,SC,Lebon Régis,"01a02d5b-3fe0-7b1c-ab6a-e1198f1590f3"
4209805,SC,Leoberto Leal,"01a02d5b-3fe0-7b1c-ab6b-dded79ee4d22"
4209854,SC,Lindóia do Sul,"01a02d5b-3fe1-7b21-b3bb-302c0911be1d"
4209904,SC,Lontras,"01a02d5b-3fe1-7b21-b3bc-1e8c4e8ebb18"
4210001,SC,Luiz Alves,"01a02d5b-3fe1-7b21-b3bd-a5b1cad2de40"
4210035,SC,Luzerna,"01a02d5b-3fe1-7b21-b3be-59343535c988"
4210050,SC,Macieira,"01a02d5b-3fe2-7b21-a62e-f889403bae43"
4210100,SC,Mafra,"01a02d5b-3fe2-7b21-a62f-6a15898a7b4b"
4210209,SC,Major Gercino,"01a02d5b-3fe2-7b21-a630-1f083daa3142"
4210308,SC,Major Vieira,"01a02d5b-3fe2-7b21-a631-1452c4f1ebd1"
4210407,SC,Maracajá,"01a02d5b-3fe3-7b1b-ab7e-076775357806"
4210506,SC,Maravilha,"01a02d5b-3fe3-7b1b-ab7f-943dfc7f305f"
4210555,SC,Marema,"01a02d5b-3fe3-7b1b-ab80-810a7e6308e4"
4210605,SC,Massaranduba,"01a02d5b-3fe3-7b1b-ab81-8f249bf37e1b"
4210704,SC,Matos Costa,"01a02d5b-3fe3-7b1b-ab82-c45d5c257b49"
4210803,SC,Meleiro,"01a02d5b-3fe4-7b0a-9176-381b0ab6eef3"
4210852,SC,Mirim Doce,"01a02d5b-3fe4-7b0a-9177-56f2a055e26c"
4210902,SC,Modelo,"01a02d5b-3fe4-7b0a-9178-93f364b3d528"
4211009,SC,Mondaí,"01a02d5b-3fe4-7b0a-9179-5317c01a346c"
4211058,SC,Monte Carlo,"01a02d5b-3fe4-7b0a-917a-1fc653235adf"
4211108,SC,Monte Castelo,"01a02d5b-3fe5-7b1b-a8ac-05cad7198687"
4211207,SC,Morro da Fumaça,"01a02d5b-3fe5-7b1b-a8ad-c1d0e2c0b926"
4211256,SC,Morro Grande,"01a02d5b-3fe5-7b1b-a8ae-637ecfb87133"
4211306,SC,Navegantes,"01a02d5b-3fe5-7b1b-a8af-18287798c756"
4211405,SC,Nova Erechim,"01a02d5b-3fe6-7b1d-9b4f-e8ec88a0b4f6"
4211454,SC,Nova Itaberaba,"01a02d5b-3fe6-7b1d-9b50-f6fb91d5330f"
4211504,SC,Nova Trento,"01a02d5b-3fe6-7b1d-9b51-7338822ab2e3"
4211603,SC,Nova Veneza,"01a02d5b-3fe6-7b1d-9b52-074dbd73c1b9"
4211652,SC,Novo Horizonte,"01a02d5b-3fe6-7b1d-9b53-4940c393e58c"
4211702,SC,Orleans,"01a02d5b-3fe7-7b1d-96a5-b21eaa71d284"
4211751,SC,Otacílio Costa,"01a02d5b-3fe7-7b1d-96a6-e89146d2f52f"
4211801,SC,Ouro,"01a02d5b-3fe7-7b1d-96a7-d49dc096121a"
4211850,SC,Ouro Verde,"01a02d5b-3fe7-7b1d-96a8-54ac5773257e"
4211876,SC,Paial,"01a02d5b-3fe8-7b1f-82d2-7380f7605898"
4211892,SC,Painel,"01a02d5b-3fe8-7b1f-82d3-5b5e5d1dc0f3"
4211900,SC,Palhoça,"01a02d5b-3fe8-7b1f-82d4-29dc920f2784"
4212007,SC,Palma Sola,"01a02d5b-3fe8-7b1f-82d5-317aa3f8cea8"
4212056,SC,Palmeira,"01a02d5b-3fe9-7b1d-894c-9250dcb5bbe3"
4212106,SC,Palmitos,"01a02d5b-3fe9-7b1d-894d-01836ebb8c53"
4212205,SC,Papanduva,"01a02d5b-3fe9-7b1d-894e-c63691748462"
4212239,SC,Paraíso,"01a02d5b-3fe9-7b1d-894f-0dfdf22597f5"
4212254,SC,Passo de Torres,"01a02d5b-3fea-7b2b-9226-f08596981e98"
4212270,SC,Passos Maia,"01a02d5b-3fea-7b2b-9227-022f0a1cd6f9"
4212304,SC,Paulo Lopes,"01a02d5b-3fea-7b2b-9228-b5b6cd7fa86b"
4212403,SC,Pedras Grandes,"01a02d5b-3fea-7b2b-9229-0acf9f2c4974"
4212502,SC,Penha,"01a02d5b-3feb-7b4f-9988-295bcf954b9e"
4212601,SC,Peritiba,"01a02d5b-3feb-7b4f-9989-79774fe839d9"
4212650,SC,Pescaria Brava,"01a02d5b-3feb-7b4f-998a-f982993cb42b"
4212700,SC,Petrolândia,"01a02d5b-3feb-7b4f-998b-f7ad5304a610"
4212908,SC,Pinhalzinho,"01a02d5b-3feb-7b4f-998c-0b862deb3d4e"
4213005,SC,Pinheiro Preto,"01a02d5b-3feb-7b4f-998d-c7f620757c45"
4213104,SC,Piratuba,"01a02d5b-3feb-7b4f-998e-fbb873946d6a"
4213153,SC,Planalto Alegre,"01a02d5b-3fec-7b0d-bf98-ff883656d771"
4213203,SC,Pomerode,"01a02d5b-3fec-7b0d-bf99-54548b261cc9"
4213302,SC,Ponte Alta,"01a02d5b-3fec-7b0d-bf9a-075bb6b1febb"
4213351,SC,Ponte Alta do Norte,"01a02d5b-3fec-7b0d-bf9b-6416717c43c0"
4213401,SC,Ponte Serrada,"01a02d5b-3fec-7b0d-bf9c-0f949d242229"
4213500,SC,Porto Belo,"01a02d5b-3fec-7b0d-bf9d-7ecaa3a3a0fe"
4213609,SC,Porto União,"01a02d5b-3fec-7b0d-bf9e-d246acb9db0d"
4213708,SC,Pouso Redondo,"01a02d5b-3fed-7b09-b4d7-e26c30d31f82"
4213807,SC,Praia Grande,"01a02d5b-3fed-7b09-b4d8-7401320e6caa"
4213906,SC,Presidente Castello Branco,"01a02d5b-3fed-7b09-b4d9-f3ea23a450e3"
4214003,SC,Presidente Getúlio,"01a02d5b-3fed-7b09-b4da-b96a4fd464f1"
4214102,SC,Presidente Nereu,"01a02d5b-3fed-7b09-b4db-2971cd2c5477"
4214151,SC,Princesa,"01a02d5b-3fed-7b09-b4dc-f8d3ff025da5"
4214201,SC,Quilombo,"01a02d5b-3fed-7b09-b4dd-a3cd69a34bbd"
4214300,SC,Rancho Queimado,"01a02d5b-3fed-7b09-b4de-1c5332d0fa89"
4214409,SC,Rio das Antas,"01a02d5b-3fee-7b09-a6d6-effe3d3645fe"
4214508,SC,Rio do Campo,"01a02d5b-3fee-7b09-a6d7-6a79b905d2eb"
4214607,SC,Rio do Oeste,"01a02d5b-3fee-7b09-a6d8-282e744f020e"
4214805,SC,Rio do Sul,"01a02d5b-3fee-7b09-a6d9-24773d21d2eb"
4214706,SC,Rio dos Cedros,"01a02d5b-3fee-7b09-a6da-bdf8be206b3d"
4214904,SC,Rio Fortuna,"01a02d5b-3fee-7b09-a6db-9e7b9d4131dc"
4215000,SC,Rio Negrinho,"01a02d5b-3fee-7b09-a6dc-bf4e3dcaabd2"
4215059,SC,Rio Rufino,"01a02d5b-3fee-7b09-a6dd-c9b8419ea487"
4215075,SC,Riqueza,"01a02d5b-3fef-7b12-aa3b-35abb47604a6"
4215109,SC,Rodeio,"01a02d5b-3fef-7b12-aa3c-8fbb496fd51d"
4215208,SC,Romelândia,"01a02d5b-3fef-7b12-aa3d-2d00344fe868"
4215307,SC,Salete,"01a02d5b-3fef-7b12-aa3e-aeac8c521013"
4215356,SC,Saltinho,"01a02d5b-3fef-7b12-aa3f-bc9d03e6aa01"
4215406,SC,Salto Veloso,"01a02d5b-3fef-7b12-aa40-16e7d533258c"
4215455,SC,Sangão,"01a02d5b-3fef-7b12-aa41-56675e26e7f5"
4215505,SC,Santa Cecília,"01a02d5b-3fef-7b12-aa42-00b3cc255e01"
4215554,SC,Santa Helena,"01a02d5b-3ff0-7b0b-8656-bd5751d0adf6"
4215604,SC,Santa Rosa de Lima,"01a02d5b-3ff0-7b0b-8657-cf2d6c65afa9"
4215653,SC,Santa Rosa do Sul,"01a02d5b-3ff0-7b0b-8658-9d1c7efd2ad6"
4215679,SC,Santa Terezinha,"01a02d5b-440b-70e4-a381-943531b5298f"
4215687,SC,Santa Terezinha do Progresso,"01a02d5b-440d-7c90-a2ff-9e33e8c9f195"
4215695,SC,Santiago do Sul,"01a02d5b-440e-755b-b49d-5c9e83911b6d"
4215703,SC,Santo Amaro da Imperatriz,"01a02d5b-440e-7dd1-b49e-fed6cea229b1"
4215802,SC,São Bento do Sul,"01a02d5b-440e-7dd1-b49f-bc2aafdf1a3c"
4215752,SC,São Bernardino,"01a02d5b-440f-7643-a3dc-3b0d631ca507"
4215901,SC,São Bonifácio,"01a02d5b-440f-7643-a3dd-eac2acf72e3a"
4216008,SC,São Carlos,"01a02d5b-440f-7f0e-a3de-64745b1b12cd"
4216057,SC,São Cristóvão do Sul,"01a02d5b-440f-7f0e-a3df-31f4c8d26320"
4216107,SC,São Domingos,"01a02d5b-440f-7f0e-a3e0-2e15977e1556"
4216206,SC,São Francisco do Sul,"01a02d5b-4410-777a-b472-6c10bef70ef1"
4216305,SC,São João Batista,"01a02d5b-4410-777a-b473-7c6be994a817"
4216354,SC,São João do Itaperiú,"01a02d5b-4410-7fdf-b474-ed740fc7e929"
4216255,SC,São João do Oeste,"01a02d5b-4410-7fdf-b475-6fe6ff1b80d6"
4216404,SC,São João do Sul,"01a02d5b-4411-7851-99a5-21ac5be20669"
4216503,SC,São Joaquim,"01a02d5b-4411-7851-99a6-48a183769e2c"
4216602,SC,São José,"01a02d5b-4411-7851-99a7-9e1cfe24bf48"
4216701,SC,São José do Cedro,"01a02d5b-4412-70b6-8b29-a827b361bfea"
4216800,SC,São José do Cerrito,"01a02d5b-4412-70b6-8b2a-b764fab32fc9"
4216909,SC,São Lourenço do Oeste,"01a02d5b-4412-7978-8b2b-dab865bcadea"
4217006,SC,São Ludgero,"01a02d5b-4412-7978-8b2c-cf55cb5377ec"
4217105,SC,São Martinho,"01a02d5b-4413-71dd-a448-afed7a2e30ef"
4217154,SC,São Miguel da Boa Vista,"01a02d5b-4413-71dd-a449-3eff8661b911"
4217204,SC,São Miguel do Oeste,"01a02d5b-4413-71dd-a44a-aa090a6b0794"
4217253,SC,São Pedro de Alcântara,"01a02d5b-4413-7a8e-a44b-f55b7b05794e"
4217303,SC,Saudades,"01a02d5b-4413-7a8e-a44c-b9a5310f101a"
4217402,SC,Schroeder,"01a02d5b-4413-7a8e-a44d-b06123aff1ae"
4217501,SC,Seara,"01a02d5b-4413-7a8e-a44e-cc02b7f770de"
4217550,SC,Serra Alta,"01a02d5b-4414-7ab9-b700-89e0dcf924ff"
4217600,SC,Siderópolis,"01a02d5b-4414-7ab9-b701-02d347b019ad"
4217709,SC,Sombrio,"01a02d5b-4414-7ab9-b702-c08d8e6f8cae"
4217758,SC,Sul Brasil,"01a02d5b-4414-7ab9-b703-7e67252e9ee8"
4217808,SC,Taió,"01a02d5b-4415-7abb-a911-28399a38a08a"
4217907,SC,Tangará,"01a02d5b-4415-7abb-a912-21f2b1e9dfc9"
4217956,SC,Tigrinhos,"01a02d5b-4415-7abb-a913-d420f23ea7ee"
4218004,SC,Tijucas,"01a02d5b-4415-7abb-a914-9fd9bd517a99"
4218103,SC,Timbé do Sul,"01a02d5b-4416-7ab9-b709-f80fccfaf6b0"
4218202,SC,Timbó,"01a02d5b-4416-7ab9-b70a-4d1c575bc246"
4218251,SC,Timbó Grande,"01a02d5b-4416-7ab9-b70b-79dea1e4fdb7"
4218301,SC,Três Barras,"01a02d5b-4416-7ab9-b70c-f2cf49e0dd2a"
4218350,SC,Treviso,"01a02d5b-4417-7aa6-b65e-7cfac90b0c61"
4218400,SC,Treze de Maio,"01a02d5b-4417-7aa6-b65f-0aaea2af7424"
4218509,SC,Treze Tílias,"01a02d5b-4417-7aa6-b660-cc7217580f12"
4218608,SC,Trombudo Central,"01a02d5b-4417-7aa6-b661-e2cfd120d21d"
4218707,SC,Tubarão,"01a02d5b-4417-7aa6-b662-19a7f63bae1b"
4218756,SC,Tunápolis,"01a02d5b-4418-7aac-8e16-54b26fbad6e4"
4218806,SC,Turvo,"01a02d5b-4418-7aac-8e17-ad884b12fc5a"
4218855,SC,União do Oeste,"01a02d5b-4418-7aac-8e18-0bd76aa19092"
4218905,SC,Urubici,"01a02d5b-4418-7aac-8e19-447f5d134752"
4218954,SC,Urupema,"01a02d5b-4418-7aac-8e1a-3926810df320"
4219002,SC,Urussanga,"01a02d5b-4418-7aac-8e1b-0709d1a3bf80"
4219101,SC,Vargeão,"01a02d5b-4418-7aac-8e1c-f837878fada9"
4219150,SC,Vargem,"01a02d5b-4419-7aa5-b33e-e4c4138f6c34"
4219176,SC,Vargem Bonita,"01a02d5b-4419-7aa5-b33f-3eb5966373b0"
4219200,SC,Vidal Ramos,"01a02d5b-4419-7aa5-b340-b7e2916464f8"
4219309,SC,Videira,"01a02d5b-4419-7aa5-b341-eb68be40bc1e"
4219358,SC,Vitor Meireles,"01a02d5b-4419-7aa5-b342-b4dff9c3b3cc"
4219408,SC,Witmarsum,"01a02d5b-4419-7aa5-b343-c259765dea56"
4219507,SC,Xanxerê,"01a02d5b-4419-7aa5-b344-857feb2cc9ec"
4219606,SC,Xavantina,"01a02d5b-441a-7aa5-b5dd-99ca15176e18"
4219705,SC,Xaxim,"01a02d5b-441a-7aa5-b5de-604d3478f910"
4219853,SC,Zortéa,"01a02d5b-441a-7aa5-b5df-322bfcfb440a"
4300034,RS,Aceguá,"01a02d5b-441a-7aa5-b5e0-b02cfbe2c3d2"
4300059,RS,Água Santa,"01a02d5b-441e-72f2-8b18-429dace61545"
4300109,RS,Agudo,"01a02d5b-441e-7b98-8b19-d225179b2356"
4300208,RS,Ajuricaba,"01a02d5b-441e-7b98-8b1a-10ccf1129ece"
4300307,RS,Alecrim,"01a02d5b-441f-741b-bdbb-b229fa6c40a8"
4300406,RS,Alegrete,"01a02d5b-441f-741b-bdbc-5a5d4af24395"
4300455,RS,Alegria,"01a02d5b-441f-7c88-bdbd-cd23823b27fe"
4300471,RS,Almirante Tamandaré do Sul,"01a02d5b-441f-7c88-bdbe-d9bfce64e37c"
4300505,RS,Alpestre,"01a02d5b-4420-74f3-a499-e656c086d74f"
4300554,RS,Alto Alegre,"01a02d5b-4420-74f3-a49a-f6b48cadbd86"
4300570,RS,Alto Feliz,"01a02d5b-4420-74f3-a49b-82954abf772e"
4300604,RS,Alvorada,"01a02d5b-4420-7da7-a49c-4255a63318a5"
4300638,RS,Amaral Ferrador,"01a02d5b-4420-7da7-a49d-0091f42edad8"
4300646,RS,Ametista do Sul,"01a02d5b-4421-760a-a34e-2bb255d2bd8d"
4300661,RS,André da Rocha,"01a02d5b-4421-760a-a34f-57e6ea4a691c"
4300703,RS,Anta Gorda,"01a02d5b-4421-7e72-a350-f00a6424559e"
4300802,RS,Antônio Prado,"01a02d5b-4421-7e72-a351-c38a77f94ea0"
4300851,RS,Arambaré,"01a02d5b-4421-7e72-a352-c462eb9e88df"
4300877,RS,Araricá,"01a02d5b-4422-7717-9d1f-4cea28534119"
4300901,RS,Aratiba,"01a02d5b-4422-7717-9d20-8f34d1af6682"
4301008,RS,Arroio do Meio,"01a02d5b-4422-7f78-9d21-a4b60a183df7"
4301073,RS,Arroio do Padre,"01a02d5b-4422-7f78-9d22-5ed9f33a0723"
4301057,RS,Arroio do Sal,"01a02d5b-4423-7843-98fb-3597a84278fd"
4301206,RS,Arroio do Tigre,"01a02d5b-4423-7843-98fc-e30d2aa83676"
4301107,RS,Arroio dos Ratos,"01a02d5b-4424-70b8-91ed-d6892dcdc689"
4301305,RS,Arroio Grande,"01a02d5b-4424-70b8-91ee-c7110f4e777b"
4301404,RS,Arvorezinha,"01a02d5b-4424-70b8-91ef-5b505940b21e"
4301503,RS,Augusto Pestana,"01a02d5b-4424-79cc-91f0-29c584ae94bc"
4301552,RS,Áurea,"01a02d5b-4424-79cc-91f1-2dcb65a55397"
4301602,RS,Bagé,"01a02d5b-4424-79cc-91f2-d12a329e25da"
4301636,RS,Balneário Pinhal,"01a02d5b-4425-723c-af3e-e8bbbf5eefe5"
4301651,RS,Barão,"01a02d5b-4425-723c-af3f-058360b9e721"
4301701,RS,Barão de Cotegipe,"01a02d5b-4425-7aa5-af40-69ce1366faa5"
4301750,RS,Barão do Triunfo,"01a02d5b-4425-7aa5-af41-3f23590ffcb9"
4301859,RS,Barra do Guarita,"01a02d5b-4426-73a7-a512-f8dcadfa1727"
4301875,RS,Barra do Quaraí,"01a02d5b-4426-73a7-a513-c01128eea100"
4301909,RS,Barra do Ribeiro,"01a02d5b-4426-73a7-a514-3074998db7ab"
4301925,RS,Barra do Rio Azul,"01a02d5b-4426-7c7c-a515-22983f785e42"
4301958,RS,Barra Funda,"01a02d5b-4849-73fa-a97b-7d68f593f9fd"
4301800,RS,Barracão,"01a02d5b-484b-7f9f-bae6-ff38779b04df"
4302006,RS,Barros Cassal,"01a02d5b-484c-79ce-a732-1c9dc689faa2"
4302055,RS,Benjamin Constant do Sul,"01a02d5b-484c-79ce-a733-e9eced2e2f4b"
4302105,RS,Bento Gonçalves,"01a02d5b-484c-79ce-a734-f42140b8b145"
4302154,RS,Boa Vista das Missões,"01a02d5b-484c-79ce-a735-f7e6dd2e1c02"
4302204,RS,Boa Vista do Buricá,"01a02d5b-484d-7293-ae5f-a19be1c6afa1"
4302220,RS,Boa Vista do Cadeado,"01a02d5b-484d-7293-ae60-f9c6d4470810"
4302238,RS,Boa Vista do Incra,"01a02d5b-484d-7293-ae61-15608c2f05c9"
4302253,RS,Boa Vista do Sul,"01a02d5b-484d-7293-ae62-a826d3276194"
4302303,RS,Bom Jesus,"01a02d5b-484d-7b42-ae63-d95b53f68c5f"
4302352,RS,Bom Princípio,"01a02d5b-484d-7b42-ae64-d5b39d0b86e9"
4302378,RS,Bom Progresso,"01a02d5b-484d-7b42-ae65-2eb31073b434"
4302402,RS,Bom Retiro do Sul,"01a02d5b-484d-7b42-ae66-0420eb383545"
4302451,RS,Boqueirão do Leão,"01a02d5b-484e-73d8-b7ad-d259f24b5175"
4302501,RS,Bossoroca,"01a02d5b-484e-73d8-b7ae-b377ec9701c4"
4302584,RS,Bozano,"01a02d5b-484e-73d8-b7af-fc151dfe2577"
4302600,RS,Braga,"01a02d5b-484e-73d8-b7b0-94f5c82af60e"
4302659,RS,Brochier,"01a02d5b-484e-73d8-b7b1-8884d3b95350"
4302709,RS,Butiá,"01a02d5b-484e-7c6e-b7b2-5bf807a11930"
4302808,RS,Caçapava do Sul,"01a02d5b-484e-7c6e-b7b3-3ba541258fa1"
4302907,RS,Cacequi,"01a02d5b-484e-7c6e-b7b4-651200ef6f05"
4303004,RS,Cachoeira do Sul,"01a02d5b-484e-7c6e-b7b5-210225e7fcc7"
4303103,RS,Cachoeirinha,"01a02d5b-484f-7497-86b6-bd72598a1a97"
4303202,RS,Cacique Doble,"01a02d5b-484f-7497-86b7-fc23902e42a3"
4303301,RS,Caibaté,"01a02d5b-484f-7497-86b8-7c3e5fb1de1f"
4303400,RS,Caiçara,"01a02d5b-484f-7cd4-86b9-a96bd48bed9d"
4303509,RS,Camaquã,"01a02d5b-484f-7cd4-86ba-1683c7701d9c"
4303558,RS,Camargo,"01a02d5b-484f-7cd4-86bb-efe0448d05e0"
4303608,RS,Cambará do Sul,"01a02d5b-484f-7cd4-86bc-4b91fc563df6"
4303673,RS,Campestre da Serra,"01a02d5b-4850-758c-989f-54c533e98bb2"
4303707,RS,Campina das Missões,"01a02d5b-4850-758c-98a0-e101f96d7a87"
4303806,RS,Campinas do Sul,"01a02d5b-4850-7e7a-98a1-be95d1d5f4e8"
4303905,RS,Campo Bom,"01a02d5b-4850-7e7a-98a2-d904a6a76541"
4304002,RS,Campo Novo,"01a02d5b-4851-7722-839d-4e9237c68cc3"
4304101,RS,Campos Borges,"01a02d5b-4851-7722-839e-5745007f4da8"
4304200,RS,Candelária,"01a02d5b-4851-7722-839f-e75e14a3055e"
4304309,RS,Cândido Godói,"01a02d5b-4851-7fd0-83a0-10ee22f1c31c"
4304358,RS,Candiota,"01a02d5b-4851-7fd0-83a1-5154eeafe0ae"
4304408,RS,Canela,"01a02d5b-4852-7848-aa79-67ff14d4f6db"
4304507,RS,Canguçu,"01a02d5b-4852-7848-aa7a-7e0aea96381b"
4304606,RS,Canoas,"01a02d5b-4853-70f9-99de-b056a314ee4e"
4304614,RS,Canudos do Vale,"01a02d5b-4853-70f9-99df-db7c7e3601ad"
4304622,RS,Capão Bonito do Sul,"01a02d5b-4853-799c-99e0-48974bf5a562"
4304630,RS,Capão da Canoa,"01a02d5b-4853-799c-99e1-7a6eba95709d"
4304655,RS,Capão do Cipó,"01a02d5b-4853-799c-99e2-915dc575339e"
4304663,RS,Capão do Leão,"01a02d5b-4853-799c-99e3-6571791a2794"
4304689,RS,Capela de Santana,"01a02d5b-4854-724d-8906-a25e226212f2"
4304697,RS,Capitão,"01a02d5b-4854-724d-8907-742f5b78de91"
4304671,RS,Capivari do Sul,"01a02d5b-4854-724d-8908-4c9380a3d10b"
4304713,RS,Caraá,"01a02d5b-4854-7ad3-8909-58c87e6888a0"
4304705,RS,Carazinho,"01a02d5b-4854-7ad3-890a-de91466650ed"
4304804,RS,Carlos Barbosa,"01a02d5b-4854-7ad3-890b-83aefbca1614"
4304853,RS,Carlos Gomes,"01a02d5b-4854-7ad3-890c-4a10212f7a30"
4304903,RS,Casca,"01a02d5b-4855-7388-bc52-15402ad28874"
4304952,RS,Caseiros,"01a02d5b-4855-7388-bc53-2aa40a60db13"
4305009,RS,Catuípe,"01a02d5b-4855-7388-bc54-7fbf6fb23620"
4305108,RS,Caxias do Sul,"01a02d5b-4855-7c01-bc55-f0608fec61d1"
4305116,RS,Centenário,"01a02d5b-4855-7c01-bc56-8aedde9053c2"
4305124,RS,Cerrito,"01a02d5b-4855-7c01-bc57-829851cbc432"
4305132,RS,Cerro Branco,"01a02d5b-4855-7c01-bc58-79e75d60e557"
4305157,RS,Cerro Grande,"01a02d5b-4855-7c01-bc59-3873574d5eae"
4305173,RS,Cerro Grande do Sul,"01a02d5b-4855-7c01-bc5a-b0d15250e620"
4305207,RS,Cerro Largo,"01a02d5b-4855-7c01-bc5b-2bcb19f8451f"
4305306,RS,Chapada,"01a02d5b-4856-7c2d-a085-2ef5559bf935"
4305355,RS,Charqueadas,"01a02d5b-4856-7c2d-a086-81984e7850f4"
4305371,RS,Charrua,"01a02d5b-4856-7c2d-a087-2d2ef3fd7484"
4305405,RS,Chiapetta,"01a02d5b-4856-7c2d-a088-6aa9a1bbdce5"
4305439,RS,Chuí,"01a02d5b-4856-7c2d-a089-ec82cda29092"
4305447,RS,Chuvisca,"01a02d5b-4856-7c2d-a08a-0cbc9f5afae5"
4305454,RS,Cidreira,"01a02d5b-4856-7c2d-a08b-9ef68fc936c7"
4305504,RS,Ciríaco,"01a02d5b-4856-7c2d-a08c-7eaebccd0b41"
4305587,RS,Colinas,"01a02d5b-4857-7c2a-85c3-9177aa5e8900"
4305603,RS,Colorado,"01a02d5b-4857-7c2a-85c4-b4c410432e07"
4305702,RS,Condor,"01a02d5b-4857-7c2a-85c5-88a51be98cfd"
4305801,RS,Constantina,"01a02d5b-4857-7c2a-85c6-c49095ff0354"
4305835,RS,Coqueiro Baixo,"01a02d5b-4857-7c2a-85c7-73f6134164fd"
4305850,RS,Coqueiros do Sul,"01a02d5b-4857-7c2a-85c8-9437aaf9a46a"
4305871,RS,Coronel Barros,"01a02d5b-4857-7c2a-85c9-d7e87461d9ed"
4305900,RS,Coronel Bicaco,"01a02d5b-4858-7c29-9186-0ed44edce449"
4305934,RS,Coronel Pilar,"01a02d5b-4858-7c29-9187-96074d3a2946"
4305959,RS,Cotiporã,"01a02d5b-4858-7c29-9188-b08cdf68ba4c"
4305975,RS,Coxilha,"01a02d5b-4858-7c29-9189-5d6a1d4977d9"
4306007,RS,Crissiumal,"01a02d5b-4858-7c29-918a-6f5816fd1826"
4306056,RS,Cristal,"01a02d5b-4859-7c40-8778-4869fb179d51"
4306072,RS,Cristal do Sul,"01a02d5b-4859-7c40-8779-23f01119584e"
4306106,RS,Cruz Alta,"01a02d5b-4859-7c40-877a-32566071f70e"
4306130,RS,Cruzaltense,"01a02d5b-4859-7c40-877b-6591a36938d6"
4306205,RS,Cruzeiro do Sul,"01a02d5b-485a-7c3d-82bf-fb3ecdbcf1c0"
4306304,RS,David Canabarro,"01a02d5b-485a-7c3d-82c0-8b5556400e49"
4306320,RS,Derrubadas,"01a02d5b-485a-7c3d-82c1-3f2285625f05"
4306353,RS,Dezesseis de Novembro,"01a02d5b-485a-7c3d-82c2-280d72955d4d"
4306379,RS,Dilermando de Aguiar,"01a02d5b-485b-7c3f-aa8b-4b06a96abb75"
4306403,RS,Dois Irmãos,"01a02d5b-485b-7c3f-aa8c-794fd66f7b72"
4306429,RS,Dois Irmãos das Missões,"01a02d5b-485b-7c3f-aa8d-3fd995e0a57e"
4306452,RS,Dois Lajeados,"01a02d5b-485b-7c3f-aa8e-47a1a5cf7e1b"
4306502,RS,Dom Feliciano,"01a02d5b-485c-7c49-b909-903e4587a047"
4306601,RS,Dom Pedrito,"01a02d5b-485c-7c49-b90a-d4da533f4e53"
4306551,RS,Dom Pedro de Alcântara,"01a02d5b-485c-7c49-b90b-5094496ca8bb"
4306700,RS,Dona Francisca,"01a02d5b-485c-7c49-b90c-a896eb56f5e7"
4306734,RS,Doutor Maurício Cardoso,"01a02d5b-4c80-718d-a0b7-5e59f94711f4"
4306759,RS,Doutor Ricardo,"01a02d5b-4c82-7dbd-b154-8c5a3c6cc4d4"
4306767,RS,Eldorado do Sul,"01a02d5b-4c82-7dbd-b155-d0a1d43698d4"
4306809,RS,Encantado,"01a02d5b-4c83-7651-9f5a-e23f035eebff"
4306908,RS,Encruzilhada do Sul,"01a02d5b-4c83-7651-9f5b-eccebd19dbbc"
4306924,RS,Engenho Velho,"01a02d5b-4c83-7651-9f5c-21ede15ab287"
4306957,RS,Entre Rios do Sul,"01a02d5b-4c83-7f0b-9f5d-91306bfcfb5d"
4306932,RS,Entre-Ijuís,"01a02d5b-4c83-7f0b-9f5e-0c3d3fd6c920"
4306973,RS,Erebango,"01a02d5b-4c83-7f0b-9f5f-04c21cbea2c7"
4307005,RS,Erechim,"01a02d5b-4c84-77ab-9872-e11c9d173e00"
4307054,RS,Ernestina,"01a02d5b-4c84-77ab-9873-e10c5154f60a"
4307203,RS,Erval Grande,"01a02d5b-4c84-77ab-9874-62d25d6316f7"
4307302,RS,Erval Seco,"01a02d5b-4c84-77ab-9875-980690d3997c"
4307401,RS,Esmeralda,"01a02d5b-4c85-719a-bbcc-6e4d3eab1c52"
4307450,RS,Esperança do Sul,"01a02d5b-4c85-719a-bbcd-be3dd93f5783"
4307500,RS,Espumoso,"01a02d5b-4c85-719a-bbce-ca95fc8d20df"
4307559,RS,Estação,"01a02d5b-4c85-7a60-bbcf-da11fad6bdc2"
4307609,RS,Estância Velha,"01a02d5b-4c85-7a60-bbd0-37b6af838803"
4307708,RS,Esteio,"01a02d5b-4c85-7a60-bbd1-608514538471"
4307807,RS,Estrela,"01a02d5b-4c85-7a60-bbd2-c8bb72878349"
4307815,RS,Estrela Velha,"01a02d5b-4c86-7355-938f-fd00397123e6"
4307831,RS,Eugênio de Castro,"01a02d5b-4c86-7355-9390-28bb9ac7698d"
4307864,RS,Fagundes Varela,"01a02d5b-4c86-7355-9391-7edd640fc7ec"
4307906,RS,Farroupilha,"01a02d5b-4c86-7355-9392-ca708cecd426"
4308003,RS,Faxinal do Soturno,"01a02d5b-4c86-7355-9393-99166864b117"
4308052,RS,Faxinalzinho,"01a02d5b-4c86-7355-9394-310135544f42"
4308078,RS,Fazenda Vilanova,"01a02d5b-4c86-7355-9395-ae44125c8f5c"
4308102,RS,Feliz,"01a02d5b-4c86-7355-9396-13446ef6c16a"
4308201,RS,Flores da Cunha,"01a02d5b-4c87-736d-9fc4-a55259ebbb3c"
4308250,RS,Floriano Peixoto,"01a02d5b-4c87-736d-9fc5-3c3aab21cbb7"
4308300,RS,Fontoura Xavier,"01a02d5b-4c87-736d-9fc6-b2490011cfd0"
4308409,RS,Formigueiro,"01a02d5b-4c87-736d-9fc7-e25cb4e8c34a"
4308433,RS,Forquetinha,"01a02d5b-4c87-736d-9fc8-e801ea38434f"
4308458,RS,Fortaleza dos Valos,"01a02d5b-4c87-736d-9fc9-910d706095d2"
4308508,RS,Frederico Westphalen,"01a02d5b-4c87-736d-9fca-7b88fc68a559"
4308607,RS,Garibaldi,"01a02d5b-4c87-736d-9fcb-7c912e9c877a"
4308656,RS,Garruchos,"01a02d5b-4c87-736d-9fcc-ba8fa54cf48e"
4308706,RS,Gaurama,"01a02d5b-4c88-736a-ae24-738177edf2ab"
4308805,RS,General Câmara,"01a02d5b-4c88-736a-ae25-198235c42ee3"
4308854,RS,Gentil,"01a02d5b-4c88-736a-ae26-9aeb45cb03bd"
4308904,RS,Getúlio Vargas,"01a02d5b-4c88-736a-ae27-cdec86ea78b4"
4309001,RS,Giruá,"01a02d5b-4c88-736a-ae28-efa75f66f175"
4309050,RS,Glorinha,"01a02d5b-4c88-736a-ae29-1c930b8fbf64"
4309100,RS,Gramado,"01a02d5b-4c88-736a-ae2a-70830f53e866"
4309126,RS,Gramado dos Loureiros,"01a02d5b-4c88-736a-ae2b-8ffa2ccec438"
4309159,RS,Gramado Xavier,"01a02d5b-4c88-736a-ae2c-a128bfe1589f"
4309209,RS,Gravataí,"01a02d5b-4c89-7369-a5b4-5cd36341af6f"
4309258,RS,Guabiju,"01a02d5b-4c89-7369-a5b5-d535bd8bacdd"
4309308,RS,Guaíba,"01a02d5b-4c89-7369-a5b6-ba3908cfcc2d"
4309407,RS,Guaporé,"01a02d5b-4c89-7369-a5b7-8370c961280b"
4309506,RS,Guarani das Missões,"01a02d5b-4c89-7369-a5b8-a3f3463173d0"
4309555,RS,Harmonia,"01a02d5b-4c89-7369-a5b9-dfa0591d4bf9"
4307104,RS,Herval,"01a02d5b-4c89-7369-a5ba-429d6b496a19"
4309571,RS,Herveiras,"01a02d5b-4c89-7369-a5bb-e94c777b96ce"
4309605,RS,Horizontina,"01a02d5b-4c89-7369-a5bc-b6ca6c4f1af7"
4309654,RS,Hulha Negra,"01a02d5b-4c8a-7369-a45d-30e3e7ea74a2"
4309704,RS,Humaitá,"01a02d5b-4c8a-7369-a45e-93c627be66cc"
4309753,RS,Ibarama,"01a02d5b-4c8a-7369-a45f-d678424f9982"
4309803,RS,Ibiaçá,"01a02d5b-4c8a-7369-a460-fe02dd1cb871"
4309902,RS,Ibiraiaras,"01a02d5b-4c8a-7369-a461-58900f4b86c3"
4309951,RS,Ibirapuitã,"01a02d5b-4c8a-7369-a462-6ef80ec50f08"
4310009,RS,Ibirubá,"01a02d5b-4c8a-7369-a463-e506d7be0bda"
4310108,RS,Igrejinha,"01a02d5b-4c8a-7369-a464-afe9ca4f8622"
4310207,RS,Ijuí,"01a02d5b-4c8b-736a-9275-077666245723"
4310306,RS,Ilópolis,"01a02d5b-4c8b-736a-9276-7fc9d306ca70"
4310330,RS,Imbé,"01a02d5b-4c8b-736a-9277-b7bd67535771"
4310363,RS,Imigrante,"01a02d5b-4c8b-736a-9278-17c4ee9127c6"
4310405,RS,Independência,"01a02d5b-4c8b-736a-9279-f55da5d94f81"
4310413,RS,Inhacorá,"01a02d5b-4c8b-736a-927a-0d02f94fe150"
4310439,RS,Ipê,"01a02d5b-4c8b-736a-927b-0685b9d181bc"
4310462,RS,Ipiranga do Sul,"01a02d5b-4c8c-7370-8980-6b6d27bdcb8a"
4310504,RS,Iraí,"01a02d5b-4c8c-7370-8981-683e6a879603"
4310538,RS,Itaara,"01a02d5b-4c8c-7370-8982-7c8bab10abfb"
4310553,RS,Itacurubi,"01a02d5b-4c8c-7370-8983-81dd3975facc"
4310579,RS,Itapuca,"01a02d5b-4c8c-7370-8984-90707a58dbb0"
4310603,RS,Itaqui,"01a02d5b-4c8c-7370-8985-ef62baa5d097"
4310652,RS,Itati,"01a02d5b-4c8c-7370-8986-e41c19b3cbaf"
4310702,RS,Itatiba do Sul,"01a02d5b-4c8c-7370-8987-b99e91519b15"
4310751,RS,Ivorá,"01a02d5b-4c8c-7370-8988-fd4bc2a0135f"
4310801,RS,Ivoti,"01a02d5b-4c8d-7369-bc6f-7739082b74a5"
4310850,RS,Jaboticaba,"01a02d5b-4c8d-7369-bc70-3d835275d4a3"
4310876,RS,Jacuizinho,"01a02d5b-4c8d-7369-bc71-24fc457cf4e2"
4310900,RS,Jacutinga,"01a02d5b-4c8d-7369-bc72-e9344d2e46e7"
4311007,RS,Jaguarão,"01a02d5b-4c8d-7369-bc73-f6ec33124958"
4311106,RS,Jaguari,"01a02d5b-4c8d-7369-bc74-4619b19df236"
4311122,RS,Jaquirana,"01a02d5b-4c8d-7369-bc75-f19e6ffd6512"
4311130,RS,Jari,"01a02d5b-4c8d-7369-bc76-335098dd5266"
4311155,RS,Jóia,"01a02d5b-4c8d-7369-bc77-3fa7a1f949bc"
4311205,RS,Júlio de Castilhos,"01a02d5b-4c8e-737c-9e0c-77a328fb8589"
4311239,RS,Lagoa Bonita do Sul,"01a02d5b-4c8e-737c-9e0d-9a23f0cdca43"
4311270,RS,Lagoa dos Três Cantos,"01a02d5b-4c8e-737c-9e0e-71c4f8af6345"
4311304,RS,Lagoa Vermelha,"01a02d5b-4c8e-737c-9e0f-5e3c638f2503"
4311254,RS,Lagoão,"01a02d5b-4c8e-737c-9e10-c093d30e1659"
4311403,RS,Lajeado,"01a02d5b-4c8e-737c-9e11-96cd51b9e107"
4311429,RS,Lajeado do Bugre,"01a02d5b-4c8e-737c-9e12-1d962457feee"
4311502,RS,Lavras do Sul,"01a02d5b-4c8e-737c-9e13-edd3f0f2b4fe"
4311601,RS,Liberato Salzano,"01a02d5b-4c8e-737c-9e14-1c8137418fd3"
4311627,RS,Lindolfo Collor,"01a02d5b-4c8f-736b-a374-e96dc1cff0e6"
4311643,RS,Linha Nova,"01a02d5b-4c8f-736b-a375-81ac25b50893"
4311718,RS,Maçambará,"01a02d5b-4c8f-736b-a376-a0bf7b61c8bf"
4311700,RS,Machadinho,"01a02d5b-510a-70e7-8ea8-8d6a3bdaca96"
4311734,RS,Mampituba,"01a02d5b-510c-7cfd-8d6f-c7135c2bc0e8"
4311759,RS,Manoel Viana,"01a02d5b-510d-75c6-903c-7c34f3a4bc4a"
4311775,RS,Maquiné,"01a02d5b-510d-75c6-903d-05c8944d3834"
4311791,RS,Maratá,"01a02d5b-510d-75c6-903e-e80b9155f3e0"
4311809,RS,Marau,"01a02d5b-510d-75c6-903f-c5e6f8e70e09"
4311908,RS,Marcelino Ramos,"01a02d5b-510d-7e70-9040-ceb353fbb288"
4311981,RS,Mariana Pimentel,"01a02d5b-510d-7e70-9041-831b86e6d3fb"
4312005,RS,Mariano Moro,"01a02d5b-510d-7e70-9042-aaaacf6ca49c"
4312054,RS,Marques de Souza,"01a02d5b-510d-7e70-9043-45077dd9a051"
4312104,RS,Mata,"01a02d5b-510e-7711-9ed5-b9e0a6e8e1f3"
4312138,RS,Mato Castelhano,"01a02d5b-510e-7711-9ed6-2823dbfbe18b"
4312153,RS,Mato Leitão,"01a02d5b-510e-7711-9ed7-9ad3ba61f1a1"
4312179,RS,Mato Queimado,"01a02d5b-510e-7711-9ed8-5280c0cb85ac"
4312203,RS,Maximiliano de Almeida,"01a02d5b-510e-7faa-9ed9-e8fba7c9f779"
4312252,RS,Minas do Leão,"01a02d5b-510e-7faa-9eda-11b5c01b2be5"
4312302,RS,Miraguaí,"01a02d5b-510e-7faa-9edb-a4a3f570a7a4"
4312351,RS,Montauri,"01a02d5b-510e-7faa-9edc-2f205a8e3e01"
4312377,RS,Monte Alegre dos Campos,"01a02d5b-510f-7840-b5e3-ac4e9997af9c"
4312385,RS,Monte Belo do Sul,"01a02d5b-510f-7840-b5e4-4b6b79e8e4be"
4312401,RS,Montenegro,"01a02d5b-510f-7840-b5e5-7dacabb368fc"
4312427,RS,Mormaço,"01a02d5b-5110-70db-ad75-16d49b9ca8b3"
4312443,RS,Morrinhos do Sul,"01a02d5b-5110-70db-ad76-70b1d1ff5f7a"
4312450,RS,Morro Redondo,"01a02d5b-5110-79b9-ad77-1b497cb61d84"
4312476,RS,Morro Reuter,"01a02d5b-5110-79b9-ad78-8da3232acc4e"
4312500,RS,Mostardas,"01a02d5b-5110-79b9-ad79-6c6003f6614f"
4312609,RS,Muçum,"01a02d5b-5110-79b9-ad7a-27068c860ee5"
4312617,RS,Muitos Capões,"01a02d5b-5111-79ce-ac8a-a5b078a5d273"
4312625,RS,Muliterno,"01a02d5b-5111-79ce-ac8b-b8d74cf8d0c0"
4312658,RS,Não-Me-Toque,"01a02d5b-5111-79ce-ac8c-37bbf1304686"
4312674,RS,Nicolau Vergueiro,"01a02d5b-5111-79ce-ac8d-c7ff7f608418"
4312708,RS,Nonoai,"01a02d5b-5111-79ce-ac8e-0e5e437bd555"
4312757,RS,Nova Alvorada,"01a02d5b-5111-79ce-ac8f-8ba0d6cdbe41"
4312807,RS,Nova Araçá,"01a02d5b-5111-79ce-ac90-02028a32e32f"
4312906,RS,Nova Bassano,"01a02d5b-5113-740b-a8b8-f2c09643232c"
4312955,RS,Nova Boa Vista,"01a02d5b-5113-740b-a8b9-6ffa6dd5c22f"
4313003,RS,Nova Bréscia,"01a02d5b-5113-740b-a8ba-4a756fd86150"
4313011,RS,Nova Candelária,"01a02d5b-5113-740b-a8bb-74dd846b8830"
4313037,RS,Nova Esperança do Sul,"01a02d5b-5114-7434-88ba-1a67893ca016"
4313060,RS,Nova Hartz,"01a02d5b-5114-7434-88bb-dd493e91ccc3"
4313086,RS,Nova Pádua,"01a02d5b-5114-7434-88bc-4db2d00cad49"
4313102,RS,Nova Palma,"01a02d5b-5114-7434-88bd-ad4a35925852"
4313201,RS,Nova Petrópolis,"01a02d5b-5115-7425-b105-fb4abc3f8899"
4313300,RS,Nova Prata,"01a02d5b-5115-7425-b106-033f879ca943"
4313334,RS,Nova Ramada,"01a02d5b-5115-7425-b107-5b1c1ab679e5"
4313359,RS,Nova Roma do Sul,"01a02d5b-5115-7425-b108-f0874e695e70"
4313375,RS,Nova Santa Rita,"01a02d5b-5115-7425-b109-fe31df1a94b8"
4313490,RS,Novo Barreiro,"01a02d5b-5116-7437-9839-9a029eccc00d"
4313391,RS,Novo Cabrais,"01a02d5b-5116-7437-983a-379d245135c6"
4313409,RS,Novo Hamburgo,"01a02d5b-5116-7437-983b-6a93ff56cb1d"
4313425,RS,Novo Machado,"01a02d5b-5116-7c66-983c-712357b8af06"
4313441,RS,Novo Tiradentes,"01a02d5b-5116-7c66-983d-959fe033e7a4"
4313508,RS,Osório,"01a02d5b-5116-7c66-983e-954348df72a1"
4313607,RS,Paim Filho,"01a02d5b-5116-7c66-983f-81b613728234"
4313656,RS,Palmares do Sul,"01a02d5b-5116-7c66-9840-67a9fa964dd9"
4313706,RS,Palmeira das Missões,"01a02d5b-5116-7c66-9841-45c28131b067"
4313805,RS,Palmitinho,"01a02d5b-5116-7c66-9842-e19173520338"
4313904,RS,Panambi,"01a02d5b-5116-7c66-9843-caa5a09aa2bc"
4313953,RS,Pantano Grande,"01a02d5b-5117-7c68-a455-cce0dd2c77e5"
4314001,RS,Paraí,"01a02d5b-5117-7c68-a456-ce12c7449221"
4314027,RS,Paraíso do Sul,"01a02d5b-5117-7c68-a457-6c89e07379bb"
4314035,RS,Pareci Novo,"01a02d5b-5117-7c68-a458-1f4fdbe9a49d"
4314050,RS,Parobé,"01a02d5b-5117-7c68-a459-e30b362e3640"
4314068,RS,Passa Sete,"01a02d5b-5117-7c68-a45a-6f6cb452c0e0"
4314076,RS,Passo do Sobrado,"01a02d5b-5117-7c68-a45b-2e63a7216ac2"
4314100,RS,Passo Fundo,"01a02d5b-5117-7c68-a45c-461986b97363"
4314134,RS,Paulo Bento,"01a02d5b-5118-7c66-838f-942d9a7d7892"
4314159,RS,Paverama,"01a02d5b-5118-7c66-8390-ec8708a82989"
4314175,RS,Pedras Altas,"01a02d5b-5118-7c66-8391-3974d4950f7b"
4314209,RS,Pedro Osório,"01a02d5b-5118-7c66-8392-c84e484f73e8"
4314308,RS,Pejuçara,"01a02d5b-5118-7c66-8393-b7f451c03c8b"
4314407,RS,Pelotas,"01a02d5b-5118-7c66-8394-83c9328c8e98"
4314423,RS,Picada Café,"01a02d5b-5118-7c66-8395-290e9ce55dff"
4314456,RS,Pinhal,"01a02d5b-5119-7c66-8415-3df753c49838"
4314464,RS,Pinhal da Serra,"01a02d5b-5119-7c66-8416-6759090d750e"
4314472,RS,Pinhal Grande,"01a02d5b-5119-7c66-8417-c55c205f7420"
4314498,RS,Pinheirinho do Vale,"01a02d5b-5119-7c66-8418-4b2707a283e7"
4314506,RS,Pinheiro Machado,"01a02d5b-5119-7c66-8419-fad22d276a28"
4314548,RS,Pinto Bandeira,"01a02d5b-5119-7c66-841a-f88d0150a36b"
4314555,RS,Pirapó,"01a02d5b-511a-7c8a-9e34-e00cd5101c7d"
4314605,RS,Piratini,"01a02d5b-511a-7c8a-9e35-6ab8fd396ba9"
4314704,RS,Planalto,"01a02d5b-511a-7c8a-9e36-34af35f67717"
4314753,RS,Poço das Antas,"01a02d5b-511a-7c8a-9e37-8b1a152a3643"
4314779,RS,Pontão,"01a02d5b-511b-7c78-8583-b1d87f97f4dd"
4314787,RS,Ponte Preta,"01a02d5b-511b-7c78-8584-596f99ec3840"
4314803,RS,Portão,"01a02d5b-511c-749c-84a9-2e2b37ebfdde"
4314902,RS,Porto Alegre,"01a02d5b-511c-749c-84aa-d6dadccf93af"
4315008,RS,Porto Lucena,"01a02d5b-511c-749c-84ab-5219d7d13114"
4315057,RS,Porto Mauá,"01a02d5b-511c-749c-84ac-4234a73ff568"
4315073,RS,Porto Vera Cruz,"01a02d5b-511c-749c-84ad-a2dc793682b3"
4315107,RS,Porto Xavier,"01a02d5b-511d-74b5-8eb5-38e4c69d88a1"
4315131,RS,Pouso Novo,"01a02d5b-511d-74b5-8eb6-6820e41f6b23"
4315149,RS,Presidente Lucena,"01a02d5b-511d-74b5-8eb7-7f367f1199a4"
4315156,RS,Progresso,"01a02d5b-511d-74b5-8eb8-3c9fc4c0fc56"
4315172,RS,Protásio Alves,"01a02d5b-511e-74c2-9745-34d5b9c2076c"
4315206,RS,Putinga,"01a02d5b-511e-74c2-9746-2b12563c613f"
4315305,RS,Quaraí,"01a02d5b-511e-74c2-9747-63ac30192b0d"
4315313,RS,Quatro Irmãos,"01a02d5b-511e-74c2-9748-7b92363bacf6"
4315321,RS,Quevedos,"01a02d5b-511e-74c2-9749-7a12c4512079"
4315354,RS,Quinze de Novembro,"01a02d5b-511f-74b5-9be2-eea55c2139ca"
4315404,RS,Redentora,"01a02d5b-5544-70c3-b6ee-aa6af66fd9a3"
4315453,RS,Relvado,"01a02d5b-5546-7cb5-81e3-5ca4979c3b43"
4315503,RS,Restinga Sêca,"01a02d5b-5547-75ac-9fb6-93ee6232b13f"
4315552,RS,Rio dos Índios,"01a02d5b-5547-75ac-9fb7-622782637a6a"
4315602,RS,Rio Grande,"01a02d5b-5547-7e1a-9fb8-05c22fe85f90"
4315701,RS,Rio Pardo,"01a02d5b-5547-7e1a-9fb9-0436a6593704"
4315750,RS,Riozinho,"01a02d5b-5547-7e1a-9fba-70750e6208a8"
4315800,RS,Roca Sales,"01a02d5b-5548-768c-8b69-4f3f5e803620"
4315909,RS,Rodeio Bonito,"01a02d5b-5548-768c-8b6a-428a0b162bb6"
4315958,RS,Rolador,"01a02d5b-5548-768c-8b6b-22d8c426271e"
4316006,RS,Rolante,"01a02d5b-5548-7f03-8b6c-e6327118695e"
4316105,RS,Ronda Alta,"01a02d5b-5548-7f03-8b6d-68d86a00050f"
4316204,RS,Rondinha,"01a02d5b-5549-7768-a024-d76b03bc3b5b"
4316303,RS,Roque Gonzales,"01a02d5b-5549-7768-a025-c1abb996bdf1"
4316402,RS,Rosário do Sul,"01a02d5b-554a-7005-a3a2-f9a1920baef6"
4316428,RS,Sagrada Família,"01a02d5b-554a-7005-a3a3-9331eba09774"
4316436,RS,Saldanha Marinho,"01a02d5b-554a-7005-a3a4-1f006a8f3b48"
4316451,RS,Salto do Jacuí,"01a02d5b-554a-78a3-a3a5-91d2f9b2f2bf"
4316477,RS,Salvador das Missões,"01a02d5b-554a-78a3-a3a6-60a52e730a8c"
4316501,RS,Salvador do Sul,"01a02d5b-554b-70d8-b244-24f1e907d564"
4316600,RS,Sananduva,"01a02d5b-554b-70d8-b245-ddafcf849164"
4316709,RS,Santa Bárbara do Sul,"01a02d5b-554b-70d8-b246-d820781f8111"
4316733,RS,Santa Cecília do Sul,"01a02d5b-554b-7965-b247-cd722366b254"
4316758,RS,Santa Clara do Sul,"01a02d5b-554b-7965-b248-048e9984ee3d"
4316808,RS,Santa Cruz do Sul,"01a02d5b-554b-7965-b249-335c60cdef30"
4316972,RS,Santa Margarida do Sul,"01a02d5b-554c-73ba-a872-a7078b4c25e4"
4316907,RS,Santa Maria,"01a02d5b-554c-73ba-a873-f3a43858c71f"
4316956,RS,Santa Maria do Herval,"01a02d5b-554c-73ba-a874-1bc1c932d1d3"
4317202,RS,Santa Rosa,"01a02d5b-554c-73ba-a875-c2599d3a9724"
4317251,RS,Santa Tereza,"01a02d5b-554c-7ca4-a876-2791ecb5ed3a"
4317301,RS,Santa Vitória do Palmar,"01a02d5b-554c-7ca4-a877-ac14e2196fa7"
4317004,RS,Santana da Boa Vista,"01a02d5b-554c-7ca4-a878-7df3ded98ee9"
4317103,RS,Sant'Ana do Livramento,"01a02d5b-554d-7965-84da-3f630d12ab01"
4317400,RS,Santiago,"01a02d5b-554d-7965-84db-5dfce272ca39"
4317509,RS,Santo Ângelo,"01a02d5b-554e-72eb-96aa-dc6ee97f1bfe"
4317608,RS,Santo Antônio da Patrulha,"01a02d5b-554e-72eb-96ab-5faa07bf6009"
4317707,RS,Santo Antônio das Missões,"01a02d5b-554e-72eb-96ac-ff5f9ea57daf"
4317558,RS,Santo Antônio do Palma,"01a02d5b-554e-7bca-96ad-1e6f8841ef17"
4317756,RS,Santo Antônio do Planalto,"01a02d5b-554e-7bca-96ae-c6fb5df6205d"
4317806,RS,Santo Augusto,"01a02d5b-554f-7455-aae2-0c441bf4b8f3"
4317905,RS,Santo Cristo,"01a02d5b-554f-7455-aae3-5e663829712f"
4317954,RS,Santo Expedito do Sul,"01a02d5b-554f-7455-aae4-7356e92f46d0"
4318002,RS,São Borja,"01a02d5b-554f-7455-aae5-4b4983afacd6"
4318051,RS,São Domingos do Sul,"01a02d5b-554f-7d31-aae6-a67ae0d73050"
4318101,RS,São Francisco de Assis,"01a02d5b-554f-7d31-aae7-57fe9aa54e0b"
4318200,RS,São Francisco de Paula,"01a02d5b-554f-7d31-aae8-65b11c74c2ec"
4318309,RS,São Gabriel,"01a02d5b-5550-75c7-a1ff-3f0323ad59ba"
4318408,RS,São Jerônimo,"01a02d5b-5550-75c7-a200-0cdd8709bb67"
4318424,RS,São João da Urtiga,"01a02d5b-5550-75c7-a201-318eedbdcb7c"
4318432,RS,São João do Polêsine,"01a02d5b-5550-75c7-a202-47bc1c33b00a"
4318440,RS,São Jorge,"01a02d5b-5550-7e57-a203-245215a1d3cf"
4318457,RS,São José das Missões,"01a02d5b-5550-7e57-a204-d65b5b38cd47"
4318465,RS,São José do Herval,"01a02d5b-5550-7e57-a205-6b864da19c41"
4318481,RS,São José do Hortêncio,"01a02d5b-5550-7e57-a206-f58ddb566730"
4318499,RS,São José do Inhacorá,"01a02d5b-5551-7848-a60e-6a23001ac12b"
4318507,RS,São José do Norte,"01a02d5b-5551-7848-a60f-6f2f3bdf8da2"
4318606,RS,São José do Ouro,"01a02d5b-5551-7848-a610-8252c012d00c"
4318614,RS,São José do Sul,"01a02d5b-5551-7848-a611-333ef2675028"
4318622,RS,São José dos Ausentes,"01a02d5b-5552-7104-b4b4-70509ba3b203"
4318705,RS,São Leopoldo,"01a02d5b-5552-7104-b4b5-7e3ae155ed31"
4318804,RS,São Lourenço do Sul,"01a02d5b-5552-7104-b4b6-aa8a4b09362f"
4318903,RS,São Luiz Gonzaga,"01a02d5b-5552-7104-b4b7-f9d1c223d32e"
4319000,RS,São Marcos,"01a02d5b-5552-7104-b4b8-3fe559b523c3"
4319109,RS,São Martinho,"01a02d5b-5552-79aa-b4b9-5b913587aac8"
4319125,RS,São Martinho da Serra,"01a02d5b-5552-79aa-b4ba-3bb78c316c23"
4319158,RS,São Miguel das Missões,"01a02d5b-5552-79aa-b4bb-d2bd500f68b1"
4319208,RS,São Nicolau,"01a02d5b-5552-79aa-b4bc-b3ad7787bf74"
4319307,RS,São Paulo das Missões,"01a02d5b-5553-7254-ab88-c56443d0231a"
4319356,RS,São Pedro da Serra,"01a02d5b-5553-7254-ab89-eaab0ea455b0"
4319364,RS,São Pedro das Missões,"01a02d5b-5553-7254-ab8a-e253511cf136"
4319372,RS,São Pedro do Butiá,"01a02d5b-5553-7254-ab8b-01c7da2e667c"
4319406,RS,São Pedro do Sul,"01a02d5b-5553-7af6-ab8c-b563a7122680"
4319505,RS,São Sebastião do Caí,"01a02d5b-5553-7af6-ab8d-36286f3f6642"
4319604,RS,São Sepé,"01a02d5b-5553-7af6-ab8e-e662d32a0117"
4319703,RS,São Valentim,"01a02d5b-5553-7af6-ab8f-72da4bf57b76"
4319711,RS,São Valentim do Sul,"01a02d5b-5553-7af6-ab90-8f5672c0a037"
4319737,RS,São Valério do Sul,"01a02d5b-5554-7397-a999-3498d1263096"
4319752,RS,São Vendelino,"01a02d5b-5554-7397-a99a-e9a6f09703d8"
4319802,RS,São Vicente do Sul,"01a02d5b-5554-7397-a99b-df71c1eb22ef"
4319901,RS,Sapiranga,"01a02d5b-5554-7397-a99c-73f2de932b28"
4320008,RS,Sapucaia do Sul,"01a02d5b-5554-7c33-a99d-5c9bd6a967bc"
4320107,RS,Sarandi,"01a02d5b-5554-7c33-a99e-805eb65684f4"
4320206,RS,Seberi,"01a02d5b-5554-7c33-a99f-35884a0fd372"
4320230,RS,Sede Nova,"01a02d5b-5554-7c33-a9a0-c490ac09ada8"
4320263,RS,Segredo,"01a02d5b-5554-7c33-a9a1-c05cb19eda43"
4320305,RS,Selbach,"01a02d5b-5555-74cd-8d21-2e15183d6b93"
4320321,RS,Senador Salgado Filho,"01a02d5b-5555-74cd-8d22-c0b35dccc263"
4320354,RS,Sentinela do Sul,"01a02d5b-5555-74cd-8d23-5c90eb8a5fa1"
4320404,RS,Serafina Corrêa,"01a02d5b-5555-7d67-8d24-72d2f005f6e2"
4320453,RS,Sério,"01a02d5b-5555-7d67-8d25-91b8720fc671"
4320503,RS,Sertão,"01a02d5b-5555-7d67-8d26-802dd86bf2ee"
4320552,RS,Sertão Santana,"01a02d5b-5555-7d67-8d27-6cc289fbec3a"
4320578,RS,Sete de Setembro,"01a02d5b-5556-75f0-bc33-0e5c35bc19a1"
4320602,RS,Severiano de Almeida,"01a02d5b-5556-75f0-bc34-f95a3af03f14"
4320651,RS,Silveira Martins,"01a02d5b-5556-75f0-bc35-dc69a919cafc"
4320677,RS,Sinimbu,"01a02d5b-5556-7e67-bc36-829763b842bf"
4320701,RS,Sobradinho,"01a02d5b-5556-7e67-bc37-67fd11ba6cff"
4320800,RS,Soledade,"01a02d5b-5556-7e67-bc38-6d2b9bb2cfc6"
4320859,RS,Tabaí,"01a02d5b-5557-7728-aba9-1f5daaa43063"
4320909,RS,Tapejara,"01a02d5b-5557-7728-abaa-cd07620d71bb"
4321006,RS,Tapera,"01a02d5b-5966-71f9-860d-85758efabde9"
4321105,RS,Tapes,"01a02d5b-5969-766c-86f5-e03c72cf11c7"
4321204,RS,Taquara,"01a02d5b-5969-766c-86f6-8dcd1592395e"
4321303,RS,Taquari,"01a02d5b-5969-766c-86f7-7adef77b40db"
4321329,RS,Taquaruçu do Sul,"01a02d5b-5969-7f10-86f8-566a33cbd479"
4321352,RS,Tavares,"01a02d5b-5969-7f10-86f9-0ebc6cf34519"
4321402,RS,Tenente Portela,"01a02d5b-596a-77e4-a509-04487bf7f9ba"
4321436,RS,Terra de Areia,"01a02d5b-596a-77e4-a50a-82b9df5f8206"
4321451,RS,Teutônia,"01a02d5b-596a-77e4-a50b-ec82f155b701"
4321469,RS,Tio Hugo,"01a02d5b-596a-77e4-a50c-89a60056d02a"
4321477,RS,Tiradentes do Sul,"01a02d5b-596b-709a-9159-fa28d43edecf"
4321493,RS,Toropi,"01a02d5b-596b-709a-915a-643a1e9bd8b3"
4321501,RS,Torres,"01a02d5b-596b-709a-915b-8386ea6db522"
4321600,RS,Tramandaí,"01a02d5b-596b-7936-915c-be5debb8ff9a"
4321626,RS,Travesseiro,"01a02d5b-596b-7936-915d-3167b7e2a217"
4321634,RS,Três Arroios,"01a02d5b-596b-7936-915e-66910f6058ca"
4321667,RS,Três Cachoeiras,"01a02d5b-596b-7936-915f-f0295eeff23c"
4321709,RS,Três Coroas,"01a02d5b-596b-7936-9160-fd377e8f5c2d"
4321808,RS,Três de Maio,"01a02d5b-596c-72d1-aad4-2cc176e95a32"
4321832,RS,Três Forquilhas,"01a02d5b-596c-72d1-aad5-fd1eb451d1ab"
4321857,RS,Três Palmeiras,"01a02d5b-596c-72d1-aad6-c30bb60af40e"
4321907,RS,Três Passos,"01a02d5b-596c-7bde-aad7-1154c7822508"
4321956,RS,Trindade do Sul,"01a02d5b-596c-7bde-aad8-4016094dd06b"
4322004,RS,Triunfo,"01a02d5b-596c-7bde-aad9-9dd1b2bbfafe"
4322103,RS,Tucunduva,"01a02d5b-596c-7bde-aada-a7a932ec0ad9"
4322152,RS,Tunas,"01a02d5b-596d-74a9-9c58-ae393b028e70"
4322186,RS,Tupanci do Sul,"01a02d5b-596d-74a9-9c59-65c8f113e4fa"
4322202,RS,Tupanciretã,"01a02d5b-596d-74a9-9c5a-cc0847e8b114"
4322251,RS,Tupandi,"01a02d5b-596d-74a9-9c5b-dbe55b9f8c34"
4322301,RS,Tuparendi,"01a02d5b-596d-7d76-9c5c-ebc980ce15da"
4322327,RS,Turuçu,"01a02d5b-596d-7d76-9c5d-7c87633d6b1e"
4322343,RS,Ubiretama,"01a02d5b-596d-7d76-9c5e-282df890717c"
4322350,RS,União da Serra,"01a02d5b-596d-7d76-9c5f-8a9efc86c288"
4322376,RS,Unistalda,"01a02d5b-596e-7649-9d57-fe981117e624"
4322400,RS,Uruguaiana,"01a02d5b-596e-7649-9d58-7a79c6744574"
4322509,RS,Vacaria,"01a02d5b-596e-7649-9d59-925792eacda2"
4322533,RS,Vale do Sol,"01a02d5b-596e-7649-9d5a-a363e071c4da"
4322541,RS,Vale Real,"01a02d5b-596e-7ee3-9d5b-0cf8f487362d"
4322525,RS,Vale Verde,"01a02d5b-596e-7ee3-9d5c-a79943b47b11"
4322558,RS,Vanini,"01a02d5b-596e-7ee3-9d5d-02591096a84d"
4322608,RS,Venâncio Aires,"01a02d5b-596f-778a-8b10-c34262425372"
4322707,RS,Vera Cruz,"01a02d5b-596f-778a-8b11-494a6c5158dc"
4322806,RS,Veranópolis,"01a02d5b-5970-701f-9845-6967f7370d91"
4322855,RS,Vespasiano Corrêa,"01a02d5b-5970-701f-9846-854450d2ce28"
4322905,RS,Viadutos,"01a02d5b-5970-701f-9847-8b83e56df836"
4323002,RS,Viamão,"01a02d5b-5970-7926-9848-a7629a2263a4"
4323101,RS,Vicente Dutra,"01a02d5b-5970-7926-9849-cf04a9d4ef83"
4323200,RS,Victor Graeff,"01a02d5b-5970-7926-984a-08bc5657b147"
4323309,RS,Vila Flores,"01a02d5b-5971-7214-9657-896d44efc632"
4323358,RS,Vila Lângaro,"01a02d5b-5971-7214-9658-0f3138c5b9cf"
4323408,RS,Vila Maria,"01a02d5b-5971-7214-9659-b0d2bd9d492a"
4323457,RS,Vila Nova do Sul,"01a02d5b-5971-7ae7-965a-146f6db4d876"
4323507,RS,Vista Alegre,"01a02d5b-5971-7ae7-965b-95ff8e8b9b19"
4323606,RS,Vista Alegre do Prata,"01a02d5b-5971-7ae7-965c-8fcf7da83fa0"
4323705,RS,Vista Gaúcha,"01a02d5b-5971-7ae7-965d-300856841adf"
4323754,RS,Vitória das Missões,"01a02d5b-5972-73f7-bf24-32ac86f27e69"
4323770,RS,Westfália,"01a02d5b-5972-73f7-bf25-570364378d99"
4323804,RS,Xangri-lá,"01a02d5b-5972-73f7-bf26-9187e8b539dc"
5000203,MS,Água Clara,"01a02d5b-5972-7cb8-bf27-c543529e281e"
5000252,MS,Alcinópolis,"01a02d5b-5975-76ab-8072-29dabccd2ba0"
5000609,MS,Amambai,"01a02d5b-5975-7ec7-8073-05904f7af1ec"
5000708,MS,Anastácio,"01a02d5b-5975-7ec7-8074-49a48fdd4750"
5000807,MS,Anaurilândia,"01a02d5b-5975-7ec7-8075-4d2886061126"
5000856,MS,Angélica,"01a02d5b-5975-7ec7-8076-75a9046c1947"
5000906,MS,Antônio João,"01a02d5b-5976-7753-a638-b9ce2411adb4"
5001003,MS,Aparecida do Taboado,"01a02d5b-5976-7753-a639-c7ba4365cf1a"
5001102,MS,Aquidauana,"01a02d5b-5976-7753-a63a-bcd4774b3284"
5001243,MS,Aral Moreira,"01a02d5b-5976-7753-a63b-83449a6d475c"
5001508,MS,Bandeirantes,"01a02d5b-5977-7003-ad75-a701587078a1"
5001904,MS,Bataguassu,"01a02d5b-5977-7003-ad76-02cb91f907bc"
5002001,MS,Batayporã,"01a02d5b-5977-7003-ad77-cb8efbe23b7b"
5002100,MS,Bela Vista,"01a02d5b-5977-78b2-ad78-961ef6f87cc2"
5002159,MS,Bodoquena,"01a02d5b-5977-78b2-ad79-40ad03504afa"
5002209,MS,Bonito,"01a02d5b-5977-78b2-ad7a-262bec893953"
5002308,MS,Brasilândia,"01a02d5b-5978-714b-9942-34aa8c09a401"
5002407,MS,Caarapó,"01a02d5b-5978-714b-9943-98948e726a96"
5002605,MS,Camapuã,"01a02d5b-5978-714b-9944-f947af62a488"
5002704,MS,Campo Grande,"01a02d5b-5978-79e5-9945-a047342d000e"
5002803,MS,Caracol,"01a02d5b-5978-79e5-9946-2239225178d8"
5002902,MS,Cassilândia,"01a02d5b-5978-79e5-9947-d021d27abd1f"
5002951,MS,Chapadão do Sul,"01a02d5b-5979-721f-8087-ae0d4a2d6cc3"
5003108,MS,Corguinho,"01a02d5b-5979-721f-8088-903ce54fde7a"
5003157,MS,Coronel Sapucaia,"01a02d5b-5979-721f-8089-ad715bd2e2e2"
5003207,MS,Corumbá,"01a02d5b-5979-721f-808a-66a7aff98eae"
5003256,MS,Costa Rica,"01a02d5b-5979-7aa2-808b-058ea22390c9"
5003306,MS,Coxim,"01a02d5b-5979-7aa2-808c-e9b8c78e943c"
5003454,MS,Deodápolis,"01a02d5b-5979-7aa2-808d-c177cba60d33"
5003488,MS,Dois Irmãos do Buriti,"01a02d5b-597a-7381-89b3-71fbe62bc683"
5003504,MS,Douradina,"01a02d5b-597a-7381-89b4-a221a945ad41"
5003702,MS,Dourados,"01a02d5b-597a-7381-89b5-cae1a787a1e5"
5003751,MS,Eldorado,"01a02d5b-597a-7381-89b6-593f0b0b7163"
5003801,MS,Fátima do Sul,"01a02d5b-597a-7c28-89b7-87bfb2c520d2"
5003900,MS,Figueirão,"01a02d5b-597a-7c28-89b8-dab867eb6c4c"
5004007,MS,Glória de Dourados,"01a02d5b-597a-7c28-89b9-ae199ca12cb4"
5004106,MS,Guia Lopes da Laguna,"01a02d5b-597a-7c28-89ba-4bab0a74d0ba"
5004304,MS,Iguatemi,"01a02d5b-597b-749f-8270-ec275c82d9f3"
5004403,MS,Inocência,"01a02d5b-597b-749f-8271-094ecbe39fe5"
5004502,MS,Itaporã,"01a02d5b-597b-749f-8272-c7ed55381088"
5004601,MS,Itaquiraí,"01a02d5b-597b-749f-8273-881c7cba46cc"
5004700,MS,Ivinhema,"01a02d5b-597b-7d47-8274-581f4559b6bd"
5004809,MS,Japorã,"01a02d5b-5dba-7194-a769-6c0bdeda5885"
5004908,MS,Jaraguari,"01a02d5b-5dbd-762d-adcd-8af8f5198f03"
5005004,MS,Jardim,"01a02d5b-5dbd-7f28-adce-b0caff080930"
5005103,MS,Jateí,"01a02d5b-5dbd-7f28-adcf-1230edafaf87"
5005152,MS,Juti,"01a02d5b-5dbd-7f28-add0-fdc181288892"
5005202,MS,Ladário,"01a02d5b-5dbe-7802-b016-24ba7e39a283"
5005251,MS,Laguna Carapã,"01a02d5b-5dbe-7802-b017-826711ef8136"
5005400,MS,Maracaju,"01a02d5b-5dbe-7802-b018-5c8a0e00974a"
5005608,MS,Miranda,"01a02d5b-5dbf-70d4-bb75-befa3c161101"
5005681,MS,Mundo Novo,"01a02d5b-5dbf-70d4-bb76-06e8bab0966c"
5005707,MS,Naviraí,"01a02d5b-5dbf-70d4-bb77-71e848471545"
5005806,MS,Nioaque,"01a02d5b-5dbf-70d4-bb78-2651f11e170b"
5006002,MS,Nova Alvorada do Sul,"01a02d5b-5dbf-79a6-bb79-e724d0d9c848"
5006200,MS,Nova Andradina,"01a02d5b-5dbf-79a6-bb7a-23906fc5305a"
5006259,MS,Novo Horizonte do Sul,"01a02d5b-5dbf-79a6-bb7b-a0a69f3d6420"
5006275,MS,Paraíso das Águas,"01a02d5b-5dbf-79a6-bb7c-13b50c365349"
5006309,MS,Paranaíba,"01a02d5b-5dc0-725a-b0a9-a3658117185e"
5006358,MS,Paranhos,"01a02d5b-5dc0-725a-b0aa-cb54eb46550c"
5006408,MS,Pedro Gomes,"01a02d5b-5dc0-725a-b0ab-bf1177c28f55"
5006606,MS,Ponta Porã,"01a02d5b-5dc0-7ba9-b0ac-3a928079068a"
5006903,MS,Porto Murtinho,"01a02d5b-5dc0-7ba9-b0ad-e5598d2742ca"
5007109,MS,Ribas do Rio Pardo,"01a02d5b-5dc0-7ba9-b0ae-f37678cb670c"
5007208,MS,Rio Brilhante,"01a02d5b-5dc1-7459-947c-e5bd07a86aa9"
5007307,MS,Rio Negro,"01a02d5b-5dc1-7459-947d-b738c601e3de"
5007406,MS,Rio Verde de Mato Grosso,"01a02d5b-5dc1-7459-947e-3dbb72870730"
5007505,MS,Rochedo,"01a02d5b-5dc1-7459-947f-f3c3ea644857"
5007554,MS,Santa Rita do Pardo,"01a02d5b-5dc1-7459-9480-49561376f6b9"
5007695,MS,São Gabriel do Oeste,"01a02d5b-5dc1-7459-9481-b1c525256710"
5007802,MS,Selvíria,"01a02d5b-5dc1-7459-9482-13ee812e3451"
5007703,MS,Sete Quedas,"01a02d5b-5dc2-746f-a8ef-0727b3c623eb"
5007901,MS,Sidrolândia,"01a02d5b-5dc2-746f-a8f0-7a579e1ccfc5"
5007935,MS,Sonora,"01a02d5b-5dc2-746f-a8f1-6362b79530c4"
5007950,MS,Tacuru,"01a02d5b-5dc2-746f-a8f2-b8d3f5ed83ef"
5007976,MS,Taquarussu,"01a02d5b-5dc2-746f-a8f3-dc7461fe1643"
5008008,MS,Terenos,"01a02d5b-5dc2-746f-a8f4-ad3a91420f34"
5008305,MS,Três Lagoas,"01a02d5b-5dc3-747d-9cd9-df3cbecbcbb6"
5008404,MS,Vicentina,"01a02d5b-5dc3-747d-9cda-a1777b3c32fd"
5100102,MT,Acorizal,"01a02d5b-5dc3-747d-9cdb-e2e7db3a8148"
5100201,MT,Água Boa,"01a02d5b-5dc6-795a-9eaa-625473f188ae"
5100250,MT,Alta Floresta,"01a02d5b-5dc6-795a-9eab-3570a1c9ea61"
5100300,MT,Alto Araguaia,"01a02d5b-5dc7-7238-b0a3-b0f64acd907b"
5100359,MT,Alto Boa Vista,"01a02d5b-5dc7-7238-b0a4-037ece3318c2"
5100409,MT,Alto Garças,"01a02d5b-5dc7-7af8-b0a5-94b6a25f1398"
5100508,MT,Alto Paraguai,"01a02d5b-5dc7-7af8-b0a6-04bdea55939c"
5100607,MT,Alto Taquari,"01a02d5b-5dc8-739b-aff7-55f9eae93caa"
5100805,MT,Apiacás,"01a02d5b-5dc8-739b-aff8-60796d258c75"
5101001,MT,Araguaiana,"01a02d5b-5dc8-7c3d-aff9-3ef3acbc2f11"
5101209,MT,Araguainha,"01a02d5b-5dc8-7c3d-affa-15c66f15db3a"
5101258,MT,Araputanga,"01a02d5b-5dc8-7c3d-affb-d5a7c6a5b7a1"
5101308,MT,Arenápolis,"01a02d5b-5dc9-74e2-a626-aa2f2bf8eb5f"
5101407,MT,Aripuanã,"01a02d5b-5dc9-74e2-a627-3dab6e6e00a9"
5101605,MT,Barão de Melgaço,"01a02d5b-5dc9-7d87-a628-14d6f33776b1"
5101704,MT,Barra do Bugres,"01a02d5b-5dc9-7d87-a629-0f7d92b6ced1"
5101803,MT,Barra do Garças,"01a02d5b-5dca-762d-a838-eaf59b9518d6"
5101852,MT,Bom Jesus do Araguaia,"01a02d5b-5dca-762d-a839-48e7a43d7b6a"
5101902,MT,Brasnorte,"01a02d5b-5dca-762d-a83a-b5a0f1e92e19"
5102504,MT,Cáceres,"01a02d5b-5dca-7ed3-a83b-3d2acad41f71"
5102603,MT,Campinápolis,"01a02d5b-5dca-7ed3-a83c-f29612aa0e11"
5102637,MT,Campo Novo do Parecis,"01a02d5b-5dcb-77b5-a0e3-2c41dfa0b2b5"
5102678,MT,Campo Verde,"01a02d5b-5dcb-77b5-a0e4-a7ed5e21f57e"
5102686,MT,Campos de Júlio,"01a02d5b-5dcc-7065-9c55-bf2592cc07f6"
5102694,MT,Canabrava do Norte,"01a02d5b-5dcc-7065-9c56-4f3f9fe5714d"
5102702,MT,Canarana,"01a02d5b-5dcc-7988-9c57-9d099b23a385"
5102793,MT,Carlinda,"01a02d5b-5dcc-7988-9c58-e0547ce2901a"
5102850,MT,Castanheira,"01a02d5b-5dcc-7988-9c59-9242377c210f"
5103007,MT,Chapada dos Guimarães,"01a02d5b-5dcd-726d-a632-5f9ca63d4b21"
5103056,MT,Cláudia,"01a02d5b-5dcd-726d-a633-ba42d8e6ef30"
5103106,MT,Cocalinho,"01a02d5b-5dcd-7b4b-a634-45a729a0441d"
5103205,MT,Colíder,"01a02d5b-5dcd-7b4b-a635-de696eabe122"
5103254,MT,Colniza,"01a02d5b-5dce-742c-bdb5-ebf445e30a8c"
5103304,MT,Comodoro,"01a02d5b-5dce-742c-bdb6-7252394fd35d"
5103353,MT,Confresa,"01a02d5b-5dce-742c-bdb7-19b35133ecd3"
5103361,MT,Conquista D'Oeste,"01a02d5b-5dce-7d02-bdb8-d28891a4a13e"
5103379,MT,Cotriguaçu,"01a02d5b-5dce-7d02-bdb9-c2fae2893f1f"
5103403,MT,Cuiabá,"01a02d5b-5dcf-75b9-9643-065a6ea8cef6"
5103437,MT,Curvelândia,"01a02d5b-5dcf-75b9-9644-2827b42e8ea5"
5103452,MT,Denise,"01a02d5b-5dcf-7ff0-9645-d0ac86afbeda"
5103502,MT,Diamantino,"01a02d5b-5dcf-7ff0-9646-11137f3d32e5"
5103601,MT,Dom Aquino,"01a02d5b-5dcf-7ff0-9647-c82270411ee7"
5103700,MT,Feliz Natal,"01a02d5b-5dd0-78ca-99ca-3d6a01981797"
5103809,MT,Figueirópolis D'Oeste,"01a02d5b-5dd0-78ca-99cb-a16f905722e1"
5103858,MT,Gaúcha do Norte,"01a02d5b-5dd1-716e-92da-7071e1d9e9c4"
5103908,MT,General Carneiro,"01a02d5b-5dd1-716e-92db-97e662bf1fd5"
5103957,MT,Glória D'Oeste,"01a02d5b-5dd1-716e-92dc-b09c1db283e0"
5104104,MT,Guarantã do Norte,"01a02d5b-5dd1-716e-92dd-ab862cf597a4"
5104203,MT,Guiratinga,"01a02d5b-5dd1-7a19-92de-8daf9ce553f4"
5104500,MT,Indiavaí,"01a02d5b-5dd1-7a19-92df-141f8a4f0225"
5104526,MT,Ipiranga do Norte,"01a02d5b-5dd1-7a19-92e0-c5b775e2d508"
5104542,MT,Itanhangá,"01a02d5b-5dd1-7a19-92e1-607bc3236639"
5104559,MT,Itaúba,"01a02d5b-5dd1-7a19-92e2-b1e86621c4bc"
5104609,MT,Itiquira,"01a02d5b-5dd1-7a19-92e3-8d4f7dd49ce1"
5104807,MT,Jaciara,"01a02d5b-5dd1-7a19-92e4-70fda8550f12"
5104906,MT,Jangada,"01a02d5b-5dd1-7a19-92e5-c4d9cc918bba"
5105002,MT,Jauru,"01a02d5b-5dd2-7a56-9078-1bd1d4ea6cde"
5105101,MT,Juara,"01a02d5b-5dd2-7a56-9079-6a9bb5be7702"
5105150,MT,Juína,"01a02d5b-5dd2-7a56-907a-8e36ec4c8e28"
5105176,MT,Juruena,"01a02d5b-5dd2-7a56-907b-497a459bf415"
5105200,MT,Juscimeira,"01a02d5b-5dd2-7a56-907c-a980bda902f9"
5105234,MT,Lambari D'Oeste,"01a02d5b-5dd2-7a56-907d-0ed1c277cf47"
5105259,MT,Lucas do Rio Verde,"01a02d5b-5dd2-7a56-907e-ba23ea03eedc"
5105309,MT,Luciara,"01a02d5b-62bf-7e8f-af6b-b09bb3c1f2f7"
5105580,MT,Marcelândia,"01a02d5b-62c3-7c8c-bb47-e7a728fcd9df"
5105606,MT,Matupá,"01a02d5b-62c3-7c8c-bb48-d5efea4f18c2"
5105622,MT,Mirassol d'Oeste,"01a02d5b-62c4-754a-a073-6cca70050e9a"
5105903,MT,Nobres,"01a02d5b-62c4-754a-a074-d67665291d57"
5106000,MT,Nortelândia,"01a02d5b-62c4-7e1c-a075-1d6bb594653e"
5106109,MT,Nossa Senhora do Livramento,"01a02d5b-62c4-7e1c-a076-1d22464b2499"
5106158,MT,Nova Bandeirantes,"01a02d5b-62c5-76ed-ba6e-be150f03c31e"
5106208,MT,Nova Brasilândia,"01a02d5b-62c5-76ed-ba6f-23ac712d881e"
5106216,MT,Nova Canaã do Norte,"01a02d5b-62c5-76ed-ba70-30c381b55fd8"
5108808,MT,Nova Guarita,"01a02d5b-62c5-7faa-ba71-6d3e3688fd2f"
5106182,MT,Nova Lacerda,"01a02d5b-62c5-7faa-ba72-126b7916a2c4"
5108857,MT,Nova Marilândia,"01a02d5b-62c6-7842-8d57-551234ed0fcb"
5108907,MT,Nova Maringá,"01a02d5b-62c6-7842-8d58-75be15b4566f"
5108956,MT,Nova Monte Verde,"01a02d5b-62c7-710f-8307-00d11a930c30"
5106224,MT,Nova Mutum,"01a02d5b-62c7-710f-8308-d77f92b4bfd5"
5106174,MT,Nova Nazaré,"01a02d5b-62c7-710f-8309-456820296a80"
5106232,MT,Nova Olímpia,"01a02d5b-62c7-79be-830a-861ea91d93b4"
5106190,MT,Nova Santa Helena,"01a02d5b-62c7-79be-830b-908e0de8bd42"
5106240,MT,Nova Ubiratã,"01a02d5b-62c7-79be-830c-da39e76a674c"
5106257,MT,Nova Xavantina,"01a02d5b-62c8-729f-853d-b16805715ddc"
5106273,MT,Novo Horizonte do Norte,"01a02d5b-62c8-729f-853e-d03e65dacd2c"
5106265,MT,Novo Mundo,"01a02d5b-62c8-729f-853f-5fc03682e09d"
5106315,MT,Novo Santo Antônio,"01a02d5b-62c8-7ba6-8540-7776160ede00"
5106281,MT,Novo São Joaquim,"01a02d5b-62c8-7ba6-8541-17807a485005"
5106299,MT,Paranaíta,"01a02d5b-62c8-7ba6-8542-dcacaf46c9d9"
5106307,MT,Paranatinga,"01a02d5b-62c8-7ba6-8543-8779580751af"
5106372,MT,Pedra Preta,"01a02d5b-62c9-746f-b5e7-f158cac65293"
5106422,MT,Peixoto de Azevedo,"01a02d5b-62c9-746f-b5e8-347801e771ac"
5106455,MT,Planalto da Serra,"01a02d5b-62c9-746f-b5e9-d19aa0ccd108"
5106505,MT,Poconé,"01a02d5b-62c9-746f-b5ea-c4b440851361"
5106653,MT,Pontal do Araguaia,"01a02d5b-62c9-7d24-b5eb-10f811db1e10"
5106703,MT,Ponte Branca,"01a02d5b-62c9-7d24-b5ec-9236c917ede9"
5106752,MT,Pontes e Lacerda,"01a02d5b-62c9-7d24-b5ed-50fcf78d0d20"
5106778,MT,Porto Alegre do Norte,"01a02d5b-62ca-75dc-9f21-916fcef00ef1"
5106802,MT,Porto dos Gaúchos,"01a02d5b-62ca-75dc-9f22-a5629831823c"
5106828,MT,Porto Esperidião,"01a02d5b-62ca-75dc-9f23-188d18161885"
5106851,MT,Porto Estrela,"01a02d5b-62ca-75dc-9f24-50335ed3aac2"
5107008,MT,Poxoréu,"01a02d5b-62ca-7e99-9f25-c10458b4a2f4"
5107040,MT,Primavera do Leste,"01a02d5b-62ca-7e99-9f26-13874edac69d"
5107065,MT,Querência,"01a02d5b-62ca-7e99-9f27-fb31df2dc608"
5107156,MT,Reserva do Cabaçal,"01a02d5b-62ca-7e99-9f28-b16109862e53"
5107180,MT,Ribeirão Cascalheira,"01a02d5b-62cb-774e-9f8f-e83dbb59190b"
5107198,MT,Ribeirãozinho,"01a02d5b-62cb-774e-9f90-9913c5355138"
5107206,MT,Rio Branco,"01a02d5b-62cb-774e-9f91-6edfb8daaf1e"
5107578,MT,Rondolândia,"01a02d5b-62cb-774e-9f92-c203ec709e0e"
5107602,MT,Rondonópolis,"01a02d5b-62cc-7010-ac8d-f5438e2755ba"
5107701,MT,Rosário Oeste,"01a02d5b-62cc-7010-ac8e-c7cef61358b8"
5107750,MT,Salto do Céu,"01a02d5b-62cc-7010-ac8f-5dcebda035ce"
5107248,MT,Santa Carmem,"01a02d5b-62cc-7a1d-ac90-0cce6d233c3c"
5107743,MT,Santa Cruz do Xingu,"01a02d5b-62cc-7a1d-ac91-3d46d3e5445d"
5107768,MT,Santa Rita do Trivelato,"01a02d5b-62cd-72d9-bc8f-713c5c28c814"
5107776,MT,Santa Terezinha,"01a02d5b-62cd-72d9-bc90-c3249f7184ce"
5107263,MT,Santo Afonso,"01a02d5b-62cd-7b8e-bc91-4070476ba2c8"
5107800,MT,Santo Antônio de Leverger,"01a02d5b-62cd-7b8e-bc92-254be5ea28e6"
5107792,MT,Santo Antônio do Leste,"01a02d5b-62cd-7b8e-bc93-a5a7a547511c"
5107859,MT,São Félix do Araguaia,"01a02d5b-62cd-7b8e-bc94-0eec83ea6d83"
5107297,MT,São José do Povo,"01a02d5b-62ce-7453-b74e-b05474ff40b0"
5107305,MT,São José do Rio Claro,"01a02d5b-62ce-7453-b74f-cbea4bfbf290"
5107354,MT,São José do Xingu,"01a02d5b-62ce-7453-b750-3699e5104407"
5107107,MT,São José dos Quatro Marcos,"01a02d5b-62ce-7d53-b751-5077527ebc24"
5107404,MT,São Pedro da Cipa,"01a02d5b-62ce-7d53-b752-e9f912aa07ad"
5107875,MT,Sapezal,"01a02d5b-62ce-7d53-b753-63d1dd116591"
5107883,MT,Serra Nova Dourada,"01a02d5b-62ce-7d53-b754-a4aa861ccfe9"
5107909,MT,Sinop,"01a02d5b-62ce-7d53-b755-148550060f99"
5107925,MT,Sorriso,"01a02d5b-62cf-7d83-8943-5f910a7ffbb9"
5107941,MT,Tabaporã,"01a02d5b-62cf-7d83-8944-ea09bd49a4a3"
5107958,MT,Tangará da Serra,"01a02d5b-62cf-7d83-8945-57f12a1600b4"
5108006,MT,Tapurah,"01a02d5b-62cf-7d83-8946-186a52c34f65"
5108055,MT,Terra Nova do Norte,"01a02d5b-62d0-7d7b-a22a-931d27d0242e"
5108105,MT,Tesouro,"01a02d5b-62d0-7d7b-a22b-9a977da5be78"
5108204,MT,Torixoréu,"01a02d5b-62d0-7d7b-a22c-6fd393f0d47d"
5108303,MT,União do Sul,"01a02d5b-62d0-7d7b-a22d-364b3308c941"
5108352,MT,Vale de São Domingos,"01a02d5b-62d0-7d7b-a22e-5e54e152c3a1"
5108402,MT,Várzea Grande,"01a02d5b-62d1-7d93-979b-6b062105653d"
5108501,MT,Vera,"01a02d5b-62d1-7d93-979c-266d32390693"
5105507,MT,Vila Bela da Santíssima Trindade,"01a02d5b-62d1-7d93-979d-bd3ca2e7fad9"
5108600,MT,Vila Rica,"01a02d5b-62d1-7d93-979e-97d7becc8394"
5200050,GO,Abadia de Goiás,"01a02d5b-62d2-7d92-934a-d7c702c34d95"
5200100,GO,Abadiânia,"01a02d5b-62d6-71be-bf4c-55293b3448a0"
5200134,GO,Acreúna,"01a02d5b-62d6-7a8a-bf4d-68c293f53a34"
5200159,GO,Adelândia,"01a02d5b-62d6-7a8a-bf4e-90f3614c9d6c"
5200175,GO,Água Fria de Goiás,"01a02d5b-62d7-734f-a9ab-9fbc6667dc2a"
5200209,GO,Água Limpa,"01a02d5b-62d7-734f-a9ac-58d66248a277"
5200258,GO,Águas Lindas de Goiás,"01a02d5b-62d7-7c6e-a9ad-2cc42fdefec3"
5200308,GO,Alexânia,"01a02d5b-62d7-7c6e-a9ae-9d934e2daa49"
5200506,GO,Aloândia,"01a02d5b-62d8-752d-90d1-03c33794e045"
5200555,GO,Alto Horizonte,"01a02d5b-62d8-752d-90d2-70ba41e5f69c"
5200605,GO,Alto Paraíso de Goiás,"01a02d5b-62d8-752d-90d3-bd54feec9a89"
5200803,GO,Alvorada do Norte,"01a02d5b-62d8-7e05-90d4-feb5244828a1"
5200829,GO,Amaralina,"01a02d5b-62d8-7e05-90d5-9c5a7b1664ba"
5200852,GO,Americano do Brasil,"01a02d5b-62d9-76da-8a96-3f4a9c03f32f"
5200902,GO,Amorinópolis,"01a02d5b-62d9-76da-8a97-e4389efb9667"
5201108,GO,Anápolis,"01a02d5b-62d9-7fb1-8a98-21cf02982e67"
5201207,GO,Anhanguera,"01a02d5b-62d9-7fb1-8a99-3f289fc0da1a"
5201306,GO,Anicuns,"01a02d5b-62da-78c6-8484-4bae47cae8fb"
5201405,GO,Aparecida de Goiânia,"01a02d5b-62da-78c6-8485-ead71a966db7"
5201454,GO,Aparecida do Rio Doce,"01a02d5b-62da-78c6-8486-ec99fa31e76a"
5201504,GO,Aporé,"01a02d5b-62db-71de-b27b-96ff09c9ae3b"
5201603,GO,Araçu,"01a02d5b-62db-71de-b27c-b35f012b4972"
5201702,GO,Aragarças,"01a02d5b-6762-7d56-b2c8-2abdcfcf48fb"
5201801,GO,Aragoiânia,"01a02d5b-6765-78a3-8a7f-9756141480b4"
5202155,GO,Araguapaz,"01a02d5b-6766-716d-8641-25e617af69a9"
5202353,GO,Arenópolis,"01a02d5b-6766-716d-8642-6d80a8e24097"
5202502,GO,Aruanã,"01a02d5b-6766-7a44-8643-de5cca3c47bc"
5202601,GO,Aurilândia,"01a02d5b-6766-7a44-8644-fc8c6bcf1a38"
5202809,GO,Avelinópolis,"01a02d5b-6766-7a44-8645-6e72de39361c"
5203104,GO,Baliza,"01a02d5b-6767-730c-b968-34685e401b5e"
5203203,GO,Barro Alto,"01a02d5b-6767-730c-b969-645a846dd1c0"
5203302,GO,Bela Vista de Goiás,"01a02d5b-6767-730c-b96a-ae3f8caca53f"
5203401,GO,Bom Jardim de Goiás,"01a02d5b-6767-730c-b96b-73900cd85603"
5203500,GO,Bom Jesus de Goiás,"01a02d5b-6767-730c-b96c-b3f2432abfab"
5203559,GO,Bonfinópolis,"01a02d5b-6767-730c-b96d-2ccbe6c4a604"
5203575,GO,Bonópolis,"01a02d5b-6767-730c-b96e-fd418c7e7c3b"
5203609,GO,Brazabrantes,"01a02d5b-6767-730c-b96f-03756c83a3a9"
5203807,GO,Britânia,"01a02d5b-6768-7325-b75b-98484654e85f"
5203906,GO,Buriti Alegre,"01a02d5b-6768-7325-b75c-958889f29786"
5203939,GO,Buriti de Goiás,"01a02d5b-6768-7325-b75d-74b4b4a34e1d"
5203962,GO,Buritinópolis,"01a02d5b-6768-7325-b75e-ac1c1057e643"
5204003,GO,Cabeceiras,"01a02d5b-6768-7325-b75f-450a93353959"
5204102,GO,Cachoeira Alta,"01a02d5b-6768-7325-b760-4375982a47d8"
5204201,GO,Cachoeira de Goiás,"01a02d5b-6768-7325-b761-a7db9e15f9a6"
5204250,GO,Cachoeira Dourada,"01a02d5b-6768-7325-b762-b83d9e2cc732"
5204300,GO,Caçu,"01a02d5b-6769-7334-b459-fd2fda795f74"
5204409,GO,Caiapônia,"01a02d5b-6769-7334-b45a-7d8a0c9bbf28"
5204508,GO,Caldas Novas,"01a02d5b-6769-7334-b45b-b31b487a75c7"
5204557,GO,Caldazinha,"01a02d5b-6769-7334-b45c-5eb8704b0999"
5204607,GO,Campestre de Goiás,"01a02d5b-6769-7334-b45d-53153bec7114"
5204656,GO,Campinaçu,"01a02d5b-6769-7334-b45e-4e3a1130b3c8"
5204706,GO,Campinorte,"01a02d5b-6769-7334-b45f-cf3250f13394"
5204805,GO,Campo Alegre de Goiás,"01a02d5b-6769-7334-b460-d04ab6157eb1"
5204854,GO,Campo Limpo de Goiás,"01a02d5b-676a-7331-9e7e-96d160a159d8"
5204904,GO,Campos Belos,"01a02d5b-676a-7331-9e7f-45b8ca8bae04"
5204953,GO,Campos Verdes,"01a02d5b-676a-7331-9e80-2125fc794f8a"
5205000,GO,Carmo do Rio Verde,"01a02d5b-676a-7331-9e81-4f37f0b50173"
5205059,GO,Castelândia,"01a02d5b-676a-7331-9e82-e2843bf17166"
5205109,GO,Catalão,"01a02d5b-676a-7331-9e83-36ad5e805b95"
5205208,GO,Caturaí,"01a02d5b-676a-7331-9e84-077bc51cbb75"
5205307,GO,Cavalcante,"01a02d5b-676a-7331-9e85-330353b6e171"
5205406,GO,Ceres,"01a02d5b-676a-7331-9e86-d0172a70990b"
5205455,GO,Cezarina,"01a02d5b-676b-7336-a4ef-b824c22fd3b9"
5205471,GO,Chapadão do Céu,"01a02d5b-676b-7336-a4f0-b0df06006225"
5205497,GO,Cidade Ocidental,"01a02d5b-676b-7336-a4f1-a41f87f05e33"
5205513,GO,Cocalzinho de Goiás,"01a02d5b-676c-732f-8994-edc63813c220"
5205521,GO,Colinas do Sul,"01a02d5b-676c-732f-8995-edd0516a0141"
5205703,GO,Córrego do Ouro,"01a02d5b-676c-732f-8996-3eee23a5ce6a"
5205802,GO,Corumbá de Goiás,"01a02d5b-676c-732f-8997-bc0cdb21d9b6"
5205901,GO,Corumbaíba,"01a02d5b-676c-732f-8998-17598d15820a"
5206206,GO,Cristalina,"01a02d5b-676d-7324-9fe6-16288860a9b8"
5206305,GO,Cristianópolis,"01a02d5b-676d-7324-9fe7-b899c90c2b0f"
5206404,GO,Crixás,"01a02d5b-676d-7324-9fe8-43430146616a"
5206503,GO,Cromínia,"01a02d5b-676d-7324-9fe9-7d01ac0ddf31"
5206602,GO,Cumari,"01a02d5b-676e-7324-928d-5b922f053a29"
5206701,GO,Damianópolis,"01a02d5b-676e-7324-928e-45f66b82efd0"
5206800,GO,Damolândia,"01a02d5b-676e-7324-928f-8a236a3db9e4"
5206909,GO,Davinópolis,"01a02d5b-676e-7324-9290-df1e9a4f9e96"
5207105,GO,Diorama,"01a02d5b-676f-7357-8561-7e5535e7a9c5"
5208301,GO,Divinópolis de Goiás,"01a02d5b-676f-7357-8562-8a2e78800cae"
5207253,GO,Doverlândia,"01a02d5b-676f-7357-8563-284a03aba6c4"
5207352,GO,Edealina,"01a02d5b-676f-7357-8564-3bdf057b1bb2"
5207402,GO,Edéia,"01a02d5b-676f-7357-8565-fcfe3b0360e0"
5207501,GO,Estrela do Norte,"01a02d5b-676f-7357-8566-1cd982a1254e"
5207535,GO,Faina,"01a02d5b-676f-7357-8567-67012760e9a5"
5207600,GO,Fazenda Nova,"01a02d5b-676f-7357-8568-7e348ac148f7"
5207808,GO,Firminópolis,"01a02d5b-6770-7323-97f9-d84ff7d58dd2"
5207907,GO,Flores de Goiás,"01a02d5b-6770-7323-97fa-fe6a45bcc832"
5208004,GO,Formosa,"01a02d5b-6770-7323-97fb-09e89ae21b92"
5208103,GO,Formoso,"01a02d5b-6770-7323-97fc-5a9c546ac65b"
5208152,GO,Gameleira de Goiás,"01a02d5b-6770-7323-97fd-9b27f6c7e4ca"
5208400,GO,Goianápolis,"01a02d5b-6770-7323-97fe-7b0aee4d362a"
5208509,GO,Goiandira,"01a02d5b-6770-7323-97ff-23f6a4073935"
5208608,GO,Goianésia,"01a02d5b-6770-7323-9800-af38888a7d6c"
5208707,GO,Goiânia,"01a02d5b-6770-7323-9801-01943348c9a9"
5208806,GO,Goianira,"01a02d5b-6770-7323-9802-cc3d29d00141"
5208905,GO,Goiás,"01a02d5b-6771-7322-b7ba-b40c141948f6"
5209101,GO,Goiatuba,"01a02d5b-6771-7322-b7bb-5a34a9a7e5ec"
5209150,GO,Gouvelândia,"01a02d5b-6771-7322-b7bc-8f2beeaa9eeb"
5209200,GO,Guapó,"01a02d5b-6771-7322-b7bd-a659d5cc11aa"
5209291,GO,Guaraíta,"01a02d5b-6771-7322-b7be-b5985b58309f"
5209408,GO,Guarani de Goiás,"01a02d5b-6771-7322-b7bf-8fcaaa777486"
5209457,GO,Guarinos,"01a02d5b-6771-7322-b7c0-6af06b663048"
5209606,GO,Heitoraí,"01a02d5b-6771-7322-b7c1-22c49adc65f1"
5209705,GO,Hidrolândia,"01a02d5b-6771-7322-b7c2-8a74a4e474a0"
5209804,GO,Hidrolina,"01a02d5b-6771-7322-b7c3-7c6ff3c63544"
5209903,GO,Iaciara,"01a02d5b-6772-7322-8475-12e7e01af43b"
5209937,GO,Inaciolândia,"01a02d5b-6772-7322-8476-321c55649cb5"
5209952,GO,Indiara,"01a02d5b-6772-7322-8477-b8d8febdf025"
5210000,GO,Inhumas,"01a02d5b-6772-7322-8478-428a57020ba5"
5210109,GO,Ipameri,"01a02d5b-6772-7322-8479-196a1a0550f4"
5210158,GO,Ipiranga de Goiás,"01a02d5b-6772-7322-847a-810bf9e6e491"
5210208,GO,Iporá,"01a02d5b-6772-7322-847b-3a3b82a44a49"
5210307,GO,Israelândia,"01a02d5b-6772-7322-847c-e69031fa2afc"
5210406,GO,Itaberaí,"01a02d5b-6773-7332-92f5-1935c9e5319e"
5210562,GO,Itaguari,"01a02d5b-6773-7332-92f6-7a74b84e7346"
5210604,GO,Itaguaru,"01a02d5b-6773-7332-92f7-ed99c71bd1bc"
5210802,GO,Itajá,"01a02d5b-6773-7332-92f8-60df95720287"
5210901,GO,Itapaci,"01a02d5b-6773-7332-92f9-49403e5e87ae"
5211008,GO,Itapirapuã,"01a02d5b-6773-7332-92fa-105b393ccd69"
5211206,GO,Itapuranga,"01a02d5b-6773-7332-92fb-91dc8b83b2c5"
5211305,GO,Itarumã,"01a02d5b-6773-7332-92fc-564bc9aae6d6"
5211404,GO,Itauçu,"01a02d5b-6bad-7b6a-aa55-d195111d19c3"
5211503,GO,Itumbiara,"01a02d5b-6bb1-7991-b8a5-a7b9275ff7c8"
5211602,GO,Ivolândia,"01a02d5b-6bb1-7991-b8a6-e7140abbe636"
5211701,GO,Jandaia,"01a02d5b-6bb2-724d-acd3-786a9697d4bf"
5211800,GO,Jaraguá,"01a02d5b-6bb2-724d-acd4-9ea247361ae9"
5211909,GO,Jataí,"01a02d5b-6bb2-7b04-acd5-feef38f23924"
5212006,GO,Jaupaci,"01a02d5b-6bb2-7b04-acd6-eb60c88650f6"
5212055,GO,Jesúpolis,"01a02d5b-6bb3-73bb-a1c9-c6174ef54d5f"
5212105,GO,Joviânia,"01a02d5b-6bb3-73bb-a1ca-13482eec0085"
5212204,GO,Jussara,"01a02d5b-6bb3-7c9e-a1cb-eefe973d119d"
5212253,GO,Lagoa Santa,"01a02d5b-6bb3-7c9e-a1cc-0dc55a2ea6be"
5212303,GO,Leopoldo de Bulhões,"01a02d5b-6bb3-7c9e-a1cd-ff9852d11889"
5212501,GO,Luziânia,"01a02d5b-6bb4-75c4-b807-092ab34a93b4"
5212600,GO,Mairipotaba,"01a02d5b-6bb4-75c4-b808-089eaec6aec0"
5212709,GO,Mambaí,"01a02d5b-6bb4-7e8a-b809-49d077e7515d"
5212808,GO,Mara Rosa,"01a02d5b-6bb4-7e8a-b80a-a69e669b8731"
5212907,GO,Marzagão,"01a02d5b-6bb5-7735-b0d3-8696df56b7af"
5212956,GO,Matrinchã,"01a02d5b-6bb5-7735-b0d4-f548060613c3"
5213004,GO,Maurilândia,"01a02d5b-6bb5-7735-b0d5-aac4c5ffa998"
5213053,GO,Mimoso de Goiás,"01a02d5b-6bb5-7fee-b0d6-0fe8c759a104"
5213087,GO,Minaçu,"01a02d5b-6bb5-7fee-b0d7-fb49ce2c5ac3"
5213103,GO,Mineiros,"01a02d5b-6bb5-7fee-b0d8-b00cedd11ba5"
5213400,GO,Moiporá,"01a02d5b-6bb6-7887-822b-0276a2880faa"
5213509,GO,Monte Alegre de Goiás,"01a02d5b-6bb6-7887-822c-3ff82ab8d095"
5213707,GO,Montes Claros de Goiás,"01a02d5b-6bb7-70fd-bf20-88efa17b51dc"
5213756,GO,Montividiu,"01a02d5b-6bb7-70fd-bf21-2125074876b4"
5213772,GO,Montividiu do Norte,"01a02d5b-6bb7-79ab-bf22-93c907f68fd8"
5213806,GO,Morrinhos,"01a02d5b-6bb7-79ab-bf23-d1ce7084fdce"
5213855,GO,Morro Agudo de Goiás,"01a02d5b-6bb8-721e-a1b6-70392cc9bae8"
5213905,GO,Mossâmedes,"01a02d5b-6bb8-721e-a1b7-5eb697bab42a"
5214002,GO,Mozarlândia,"01a02d5b-6bb8-721e-a1b8-eb243d05a51a"
5214051,GO,Mundo Novo,"01a02d5b-6bb8-7acd-a1b9-19dac898a5fa"
5214101,GO,Mutunópolis,"01a02d5b-6bb8-7acd-a1ba-b5291e4b13c8"
5214408,GO,Nazário,"01a02d5b-6bb9-738a-9a93-cdd8e3dc4976"
5214507,GO,Nerópolis,"01a02d5b-6bb9-738a-9a94-5996e7994cc8"
5214606,GO,Niquelândia,"01a02d5b-6bb9-738a-9a95-1637b45188e7"
5214705,GO,Nova América,"01a02d5b-6bb9-7c24-9a96-6907f6a1849b"
5214804,GO,Nova Aurora,"01a02d5b-6bb9-7c24-9a97-af5b7a1eeb61"
5214838,GO,Nova Crixás,"01a02d5b-6bba-749c-ae70-179f8882fa30"
5214861,GO,Nova Glória,"01a02d5b-6bba-749c-ae71-a22a69d1f866"
5220108,GO,São Luís de Montes Belos,"01a02d5b-6bba-749c-ae72-17bc10ad5abf"
5220157,GO,São Luiz do Norte,"01a02d5b-6bba-7d8a-ae73-b8b2f3a620ad"
5220207,GO,São Miguel do Araguaia,"01a02d5b-6bba-7d8a-ae74-35d5f8fc07e2"
5220264,GO,São Miguel do Passa Quatro,"01a02d5b-6bbb-7640-890d-d4244a0f2d98"
5220280,GO,São Patrício,"01a02d5b-6bbb-7640-890e-0cb252749745"
5220405,GO,São Simão,"01a02d5b-6bbb-7efb-890f-b7a34330fe80"
5220454,GO,Senador Canedo,"01a02d5b-6bbb-7efb-8910-3748e2133aaa"
5220504,GO,Serranópolis,"01a02d5b-6bbb-7efb-8911-c217b08b9879"
5220603,GO,Silvânia,"01a02d5b-6bbc-77b4-94db-15c0f4400ff1"
5220686,GO,Simolândia,"01a02d5b-6bbc-77b4-94dc-f37c5144415e"
5220702,GO,Sítio d'Abadia,"01a02d5b-6bbc-77b4-94dd-072a0c7fbe82"
5221007,GO,Taquaral de Goiás,"01a02d5b-6bbc-77b4-94de-1edbf4b79ab2"
5221080,GO,Teresina de Goiás,"01a02d5b-6bbd-77c9-885e-ecf26cf613b1"
5221197,GO,Terezópolis de Goiás,"01a02d5b-6bbd-77c9-885f-287c5282d839"
5221304,GO,Três Ranchos,"01a02d5b-6bbd-77c9-8860-5e2b07e81589"
5221403,GO,Trindade,"01a02d5b-6bbd-77c9-8861-63b1ad2f7913"
5221452,GO,Trombas,"01a02d5b-6bbd-77c9-8862-073025248954"
5221502,GO,Turvânia,"01a02d5b-6bbe-77c8-bb51-d6c29460a635"
5221551,GO,Turvelândia,"01a02d5b-6bbe-77c8-bb52-ab759bcc0eef"
5221577,GO,Uirapuru,"01a02d5b-6bbe-77c8-bb53-d46c361859ed"
5221601,GO,Uruaçu,"01a02d5b-6bbe-77c8-bb54-a6f19358a82f"
5221700,GO,Uruana,"01a02d5b-6bbf-77da-bdf1-7a5bde8701a6"
5221809,GO,Urutaí,"01a02d5b-6bbf-77da-bdf2-7e12d9521e49"
5221858,GO,Valparaíso de Goiás,"01a02d5b-6bbf-77da-bdf3-661e0d941a00"
5221908,GO,Varjão,"01a02d5b-6bbf-77da-bdf4-ee29571af468"
5222005,GO,Vianópolis,"01a02d5b-6bc0-77ca-b2dd-29e6fbe4ea27"
5222054,GO,Vicentinópolis,"01a02d5b-6bc0-77ca-b2de-e7b55b0f23e8"
5222203,GO,Vila Boa,"01a02d5b-6bc0-77ca-b2df-7fce093308eb"
5222302,GO,Vila Propício,"01a02d5b-6bc0-77ca-b2e0-d8812b9d5d30"
5300108,DF,Brasília,"01a02d5b-6bc0-77ca-b2e1-e97a37f33a74"
